# UyDosh table7 catalog variant (imported from Desktop/3D)
mtllib table7.mtl
g table7
# UyDosh table7 catalog variant (imported from Desktop/3D)
v 43.629864 70.402309 -25.732903
v 43.085899 70.187107 40.126500
v 43.085899 70.187107 39.141899
v 84.249199 71.887104 39.141899
v 43.085899 71.887104 39.141899
v 84.249199 70.187107 39.141899
v 84.033997 71.671902 39.141899
v 43.301003 70.402210 39.141899
v 83.751900 70.402203 39.141899
v 43.583199 70.402203 39.141899
v 43.583199 70.402203 38.945000
v 83.751900 70.402302 38.945000
v 84.033997 71.671902 -25.732903
v 43.301102 71.671902 -25.732903
v 43.583199 70.402203 -25.536003
v 83.751900 70.402302 -25.536003
v 83.751900 70.402203 -25.732903
v 84.249199 71.887104 40.126500
v 84.249199 70.187107 40.126500
v 84.033997 70.402203 39.141899
v 43.301003 71.671902 39.141899
v 84.033997 70.402241 38.945003
v 84.033997 70.402203 -25.536003
v 43.301102 70.402210 -25.732903
v 84.033997 70.402203 -25.732903
v 83.798744 70.402210 -25.732903
v 43.085899 71.887104 40.126500
v 83.892403 70.402302 38.945000
v 83.892403 70.402203 -25.536003
v 43.442699 70.402203 -25.536003
v 43.356239 70.402210 -25.732903
v 63.854996 71.224514 40.141602
v 63.667503 71.302212 40.141602
v 63.855000 71.224506 40.384201
v 63.667500 71.302204 40.384201
v 63.872200 71.241703 41.249298
v 63.667500 71.326504 41.249298
v 63.934299 71.303806 41.860599
v 63.667500 71.414303 41.860599
v 64.129700 71.499203 42.027901
v 63.667500 71.690601 42.027901
v 64.197800 71.567402 42.061298
v 63.667500 71.787006 42.061298
v 64.211502 71.581005 42.395901
v 63.667500 71.806301 42.395901
v 64.166000 71.535603 42.947899
v 63.667500 71.742001 42.947899
v 64.079697 71.449207 42.947899
v 63.667500 71.620007 42.948002
v 64.058098 71.427601 42.743000
v 63.667500 71.589306 42.743000
v 64.047897 71.417400 42.646801
v 63.667500 71.575001 42.646801
v 64.026497 71.396008 42.766998
v 63.667500 71.544704 42.766998
v 63.952499 71.322002 43.182202
v 63.667500 71.440006 43.182202
v 63.667500 71.037106 43.500000
v 64.070503 71.037106 43.182202
v 63.932598 71.037106 40.141602
v 63.855007 70.849613 40.141602
v 63.932598 71.037106 40.384201
v 63.957001 71.037106 41.249298
v 64.044800 71.037106 41.860599
v 64.321098 71.037106 42.027901
v 64.417503 71.037106 42.061298
v 64.436798 71.037106 42.395901
v 64.372498 71.037106 42.948002
v 64.250397 71.037106 42.948002
v 64.219803 71.037106 42.743000
v 64.205498 71.037106 42.646901
v 64.175201 71.037106 42.766998
v 63.855000 70.849606 40.384201
v 63.872200 70.832401 41.249298
v 63.934299 70.770306 41.860599
v 64.129700 70.574902 42.027901
v 64.197800 70.506802 42.061298
v 64.211502 70.493107 42.395901
v 64.166000 70.538601 42.948002
v 64.079697 70.624905 42.948002
v 64.058098 70.646603 42.743000
v 64.047897 70.656704 42.646901
v 64.026497 70.678104 42.766998
v 63.952499 70.752102 43.182202
v 63.667500 70.634106 43.182202
v 63.667500 70.772007 40.141602
v 63.667500 70.772007 40.384201
v 63.667500 70.747601 41.249298
v 63.667500 70.659801 41.860599
v 63.667500 70.383503 42.027901
v 63.667500 70.287106 42.061298
v 63.667500 70.267803 42.395901
v 63.667500 70.332104 42.947899
v 63.667500 70.454205 42.948002
v 63.667500 70.484806 42.743000
v 63.667500 70.499203 42.646901
v 63.667500 70.529408 42.766998
v 63.480099 70.849606 40.141602
v 63.480099 70.849606 40.384201
v 63.462898 70.832401 41.249298
v 63.400799 70.770306 41.860599
v 63.205399 70.574902 42.027901
v 63.137199 70.506802 42.061298
v 63.123600 70.493107 42.395901
v 63.168999 70.538601 42.948002
v 63.255402 70.624905 42.948002
v 63.277000 70.646603 42.743000
v 63.287201 70.656704 42.646901
v 63.308601 70.678104 42.766998
v 63.382599 70.752102 43.182202
v 63.264599 71.037106 43.182202
v 63.402401 71.037106 40.141602
v 63.402401 71.037106 40.384201
v 63.378101 71.037106 41.249298
v 63.290298 71.037106 41.860599
v 63.014000 71.037106 42.027901
v 62.917599 71.037106 42.061298
v 62.898300 71.037106 42.395901
v 62.962601 71.037106 42.948002
v 63.084599 71.037106 42.948002
v 63.115299 71.037106 42.743000
v 63.129601 71.037106 42.646801
v 63.159901 71.037106 42.766998
v 63.480099 71.224506 40.141602
v 63.480099 71.224506 40.384201
v 63.462898 71.241703 41.249298
v 63.400799 71.303806 41.860599
v 63.205399 71.499203 42.027901
v 63.137199 71.567402 42.061298
v 63.123600 71.581005 42.395901
v 63.168999 71.535603 42.948002
v 63.255402 71.449207 42.948002
v 63.277000 71.427601 42.743000
v 63.287201 71.417400 42.646901
v 63.308601 71.396008 42.766998
v 63.382599 71.322002 43.182202
v 83.007004 12.228701 -25.080193
v 44.343700 12.228701 -25.080193
v 83.507004 21.728701 -25.572494
v 83.507004 11.728701 -25.572494
v 43.843700 11.728701 -25.572494
v 83.007004 12.228708 38.641709
v 83.007004 21.728701 -25.080193
v 44.343700 21.728701 -25.080193
v 43.843700 11.728708 38.641709
v 83.507004 11.728708 38.641709
v 44.343700 12.228708 38.641709
v 44.343700 21.728710 38.641709
v 83.007004 21.728710 38.641709
v 83.507004 21.728710 38.641709
v 43.843700 21.728710 38.641709
v 43.843700 21.728701 -25.572494
v 64.170998 25.327911 40.141610
v 63.675404 25.533209 40.141606
v 64.170998 25.327909 40.384205
v 63.675400 25.533209 40.384205
v 64.216499 25.373310 41.249302
v 63.675400 25.597509 41.249302
v 64.380798 25.537609 41.860604
v 63.675400 25.829809 41.860604
v 64.897400 26.054209 42.027905
v 63.675400 26.560410 42.027905
v 65.077599 26.234409 42.061303
v 63.675400 26.815310 42.061303
v 65.113602 26.270510 42.395905
v 63.675400 26.866209 42.395905
v 64.993500 26.150309 42.948006
v 63.675400 26.696310 42.948006
v 64.765198 25.922110 42.948006
v 63.675400 26.373510 42.948006
v 64.707901 25.864809 42.743004
v 63.675400 26.292509 42.743004
v 64.681099 25.838009 42.646904
v 63.675400 26.254610 42.646904
v 64.624496 25.781309 42.767001
v 63.675400 26.174509 42.767001
v 64.428802 25.585709 43.182206
v 63.675400 25.897709 43.182206
v 63.675400 24.832209 43.500008
v 64.740898 24.832209 43.182209
v 64.376404 24.832209 40.141610
v 64.376404 24.832209 40.384208
v 64.440598 24.832209 41.249306
v 64.672897 24.832209 41.860608
v 65.403503 24.832209 42.027909
v 65.658401 24.832209 42.061306
v 65.709396 24.832209 42.395909
v 65.539497 24.832209 42.948010
v 65.216599 24.832209 42.948010
v 65.135696 24.832209 42.743008
v 65.097702 24.832209 42.646908
v 65.017601 24.832209 42.767006
v 64.170998 24.336510 40.141610
v 63.675404 24.131212 40.141610
v 64.170998 24.336510 40.384208
v 64.216499 24.291109 41.249306
v 64.380699 24.126810 41.860608
v 64.897400 23.610210 42.027909
v 65.077599 23.430010 42.061306
v 65.113602 23.393909 42.395909
v 64.993500 23.514109 42.948010
v 64.765198 23.742310 42.948010
v 64.707901 23.799610 42.743008
v 64.681099 23.826410 42.646908
v 64.624496 23.883110 42.767006
v 64.428802 24.078709 43.182209
v 63.675400 23.766710 43.182209
v 63.675400 24.131210 40.384208
v 63.675400 24.066910 41.249306
v 63.675400 23.834610 41.860608
v 63.675400 23.104010 42.027909
v 63.675400 22.849110 42.061408
v 63.675400 22.798210 42.395909
v 63.675400 22.968109 42.948010
v 63.675400 23.290909 42.948010
v 63.675400 23.371910 42.743008
v 63.675400 23.409809 42.646908
v 63.675400 23.489910 42.767006
v 63.179699 24.336510 40.141610
v 63.179699 24.336510 40.384208
v 63.134201 24.291109 41.249306
v 62.970001 24.126810 41.860608
v 62.453300 23.610210 42.027909
v 62.273102 23.430010 42.061306
v 62.237099 23.393909 42.395909
v 62.357201 23.514109 42.948010
v 62.585499 23.742310 42.948010
v 62.642700 23.799610 42.743008
v 62.669601 23.826509 42.646908
v 62.726200 23.883110 42.767006
v 62.921902 24.078810 43.182209
v 62.609798 24.832209 43.182209
v 62.974300 24.832211 40.141610
v 62.974300 24.832209 40.384208
v 62.910099 24.832209 41.249306
v 62.677799 24.832209 41.860608
v 61.947201 24.832209 42.027909
v 61.692299 24.832209 42.061306
v 61.641300 24.832209 42.395909
v 61.811199 24.832209 42.948010
v 62.134102 24.832209 42.948010
v 62.215000 24.832209 42.743008
v 62.252998 24.832209 42.646908
v 62.333099 24.832209 42.767006
v 63.179699 25.327908 40.141610
v 63.179699 25.327909 40.384205
v 63.134201 25.373310 41.249302
v 62.970001 25.537609 41.860604
v 62.453300 26.054209 42.027905
v 62.273102 26.234409 42.061405
v 62.237099 26.270510 42.395905
v 62.357201 26.150309 42.948006
v 62.585499 25.922110 42.948006
v 62.642700 25.864809 42.743004
v 62.669601 25.838009 42.646904
v 62.726200 25.781309 42.767001
v 62.921902 25.585709 43.182206
v 43.093700 10.960510 38.642609
v 84.257004 38.703907 40.119412
v 43.093700 10.960510 40.119388
v 83.857010 11.360508 40.414811
v 43.193699 11.192808 40.414807
v 43.193699 11.060509 40.414708
v 43.493698 11.360508 40.414708
v 43.323002 38.603909 40.414704
v 43.193699 38.603905 40.414807
v 43.493698 38.303917 40.414708
v 43.623001 38.303909 40.414704
v 84.157005 38.603909 40.414803
v 83.857002 38.303913 40.414803
v 43.864235 11.360510 40.414708
v 83.757011 11.460508 40.119408
v 83.757004 38.203911 40.119404
v 79.556999 15.660507 40.710106
v 47.793701 15.660507 40.710106
v 47.793701 34.003906 40.710102
v 79.556999 34.003906 40.710102
v 48.493698 33.303909 40.119404
v 78.857002 33.303909 40.119404
v 79.857002 34.303909 40.119404
v 78.857002 16.360510 40.119408
v 79.156998 33.603909 40.710102
v 48.193699 33.603912 40.710102
v 47.558201 24.832758 40.246406
v 43.258682 10.960510 40.119439
v 43.929199 10.960508 40.119408
v 43.323002 11.060509 40.414807
v 83.323502 38.603909 40.414803
v 44.025101 38.603909 40.414704
v 44.312698 38.303909 40.414803
v 83.035896 38.303909 40.414803
v 43.593700 11.460508 40.119408
v 44.025101 11.060509 40.414708
v 43.093700 38.703907 40.119404
v 84.156998 11.060509 40.414811
v 84.257004 10.960510 40.119416
v 43.593704 38.203911 40.119404
v 43.493702 11.403332 40.414708
v 79.857010 15.360508 40.119408
v 79.156998 16.060511 40.710106
v 48.193699 16.060511 40.710106
v 48.493698 16.360510 40.119408
v 84.257004 10.960510 38.642609
v 43.093700 38.703907 38.642609
v 84.257004 38.703907 38.642609
v 47.493694 15.360508 40.119408
v 47.493698 34.303909 40.119404
v 44.343700 41.596508 -25.080200
v 43.843700 41.096500 -25.572502
v 83.507004 51.096497 -25.572502
v 44.343700 51.096508 -25.080200
v 44.343700 41.596508 38.641709
v 43.843700 41.096508 38.641705
v 83.007004 51.096508 -25.080200
v 43.843700 51.096500 -25.572502
v 43.843700 51.096512 38.641700
v 83.507004 41.096508 38.641709
v 44.343700 51.096512 38.641700
v 83.007004 51.096512 38.641700
v 83.007004 41.596508 -25.080200
v 43.843700 51.096500 -25.266777
v 83.507004 51.096504 -24.142197
v 83.007004 41.596508 38.641709
v 83.278801 41.096508 37.982304
v 83.507004 41.096508 37.982304
v 83.507004 51.096512 38.641700
v 83.507004 41.096500 -25.572502
v 84.257004 40.277706 38.642609
v 43.093700 55.764908 38.642502
v 43.093700 40.277706 38.642505
v 84.257004 55.764908 38.749298
v 84.125603 55.764908 38.749298
v 43.093700 55.764908 40.119400
v 43.214561 55.764908 38.642502
v 84.257004 40.277706 40.119408
v 84.257004 55.764908 38.642601
v 84.157005 40.377708 40.414803
v 83.857002 40.677708 40.414803
v 43.193699 40.377708 40.414704
v 43.493698 40.677708 40.414704
v 43.193699 55.664909 40.414704
v 43.493702 55.364906 40.414704
v 83.857002 55.364910 40.414799
v 83.757004 40.777706 40.119404
v 83.757004 55.264912 40.119400
v 43.593704 55.264912 40.119400
v 43.593700 40.777706 40.119404
v 43.093700 40.277706 40.119397
v 43.218472 40.277706 38.642505
v 84.157005 55.664909 40.414799
v 43.915077 55.764908 38.642601
v 84.257004 55.764908 40.119412
v 43.950401 40.277706 38.642609
v 64.170998 48.517006 40.141602
v 63.675304 48.722309 40.141602
v 64.170998 48.517006 40.384201
v 63.675301 48.722309 40.384201
v 64.216499 48.562408 41.249298
v 63.675301 48.786606 41.249298
v 64.380699 48.726707 41.860599
v 63.675301 49.018909 41.860599
v 64.897400 49.243309 42.027901
v 63.675301 49.749508 42.027901
v 65.077599 49.423508 42.061298
v 63.675301 50.004307 42.061298
v 65.113602 49.459606 42.395901
v 63.675301 50.055309 42.395901
v 64.993500 49.339409 42.948002
v 63.675301 49.885406 42.948002
v 64.765198 49.111107 42.947899
v 63.675301 49.562607 42.948002
v 64.707901 49.053909 42.743000
v 63.675400 49.481609 42.743000
v 64.681099 49.027008 42.646901
v 63.675301 49.443607 42.646901
v 64.624496 48.970409 42.766998
v 63.675301 49.363609 42.766998
v 64.428802 48.774708 43.182202
v 63.675301 49.086807 43.182202
v 63.675301 48.021309 43.500000
v 64.740898 48.021309 43.182202
v 64.376404 48.021309 40.141602
v 64.376404 48.021309 40.384201
v 64.440598 48.021309 41.249298
v 64.672897 48.021309 41.860599
v 65.403503 48.021309 42.027901
v 65.658401 48.021309 42.061298
v 65.709396 48.021309 42.395901
v 65.539497 48.021309 42.948002
v 65.216599 48.021309 42.947899
v 65.135696 48.021309 42.743000
v 65.097702 48.021309 42.646901
v 65.017601 48.021309 42.766998
v 64.170998 47.525608 40.141602
v 64.170998 47.525608 40.384201
v 64.216499 47.480106 41.249298
v 64.380699 47.315907 41.860599
v 64.897400 46.799309 42.027901
v 65.077599 46.619106 42.061298
v 65.113602 46.583008 42.395901
v 64.993500 46.703209 42.948002
v 64.765198 46.931408 42.947899
v 64.707901 46.988708 42.743000
v 64.681099 47.015507 42.646901
v 64.624496 47.072109 42.766998
v 64.428802 47.267807 43.182202
v 63.675301 46.955708 43.182202
v 63.675301 47.320309 40.141602
v 63.675301 47.320309 40.384201
v 63.675301 47.256008 41.249298
v 63.675301 47.023708 41.860599
v 63.675301 46.293106 42.027901
v 63.675301 46.038208 42.061402
v 63.675301 45.987309 42.395901
v 63.675301 46.157207 42.948002
v 63.675301 46.480007 42.948002
v 63.675400 46.561008 42.743000
v 63.675400 46.598907 42.646901
v 63.675301 46.679008 42.766998
v 63.179699 47.525608 40.141602
v 63.179699 47.525608 40.384201
v 63.134201 47.480106 41.249298
v 62.970001 47.315907 41.860599
v 62.453300 46.799309 42.027901
v 62.273102 46.619106 42.061298
v 62.237099 46.583008 42.395901
v 62.357201 46.703209 42.948002
v 62.585499 46.931408 42.948002
v 62.642700 46.988708 42.743000
v 62.669601 47.015507 42.646801
v 62.726200 47.072109 42.766998
v 62.921902 47.267807 43.182202
v 62.609798 48.021309 43.182202
v 62.974300 48.021309 40.141602
v 62.974300 48.021309 40.384201
v 62.910099 48.021309 41.249298
v 62.677799 48.021309 41.860599
v 61.947201 48.021309 42.027901
v 61.692299 48.021309 42.061298
v 61.641300 48.021309 42.395901
v 61.811199 48.021309 42.947899
v 62.134102 48.021309 42.948002
v 62.215000 48.021309 42.743000
v 62.252998 48.021309 42.646901
v 62.333099 48.021309 42.766998
v 63.179695 48.517002 40.141602
v 63.179699 48.517006 40.384201
v 63.134201 48.562408 41.249298
v 62.970001 48.726707 41.860599
v 62.453300 49.243309 42.027901
v 62.273102 49.423508 42.061298
v 62.237099 49.459606 42.395901
v 62.357201 49.339409 42.947899
v 62.585499 49.111107 42.948002
v 62.642700 49.053909 42.743000
v 62.669601 49.027008 42.646801
v 62.726200 48.970409 42.766998
v 62.921902 48.774708 43.182202
v 82.778809 58.460907 -25.080200
v 83.007004 58.460808 -25.080200
v 82.778801 58.460903 -24.866700
v 44.343700 58.460804 -24.383767
v 44.343700 58.460804 -25.080200
v 83.007004 67.960903 -25.080207
v 83.507004 57.960903 -25.572502
v 43.843700 57.960869 -25.572502
v 44.176998 67.960804 -25.244301
v 44.391899 67.960804 -25.244301
v 44.225201 67.960903 -25.408402
v 44.010399 67.960903 -25.408402
v 43.843700 67.960804 38.641700
v 44.343700 58.460812 38.641700
v 44.343700 67.960804 38.641700
v 83.172325 67.960903 38.641700
v 83.007004 67.960903 38.641700
v 44.058498 67.960804 -25.572502
v 43.843700 67.960804 -25.572502
v 83.028748 67.960903 -25.326348
v 44.343700 67.960804 -25.080207
v 43.843700 57.960842 38.641700
v 83.278801 57.960808 38.641700
v 83.507004 57.960808 38.641700
v 83.173698 67.960903 38.473801
v 83.007004 67.960903 38.473801
v 83.007004 58.460907 38.641700
v 43.843700 57.960808 38.473801
v 44.058498 57.960808 38.473801
v 44.058498 57.960907 38.641700
v 83.507004 57.960907 38.473801
v 83.007004 67.960903 37.982300
v 83.173698 67.960804 37.982300
v 82.778801 58.460903 -24.142295
v 44.343700 58.460804 -24.142295
v 83.007004 67.960903 -24.142304
v 43.843700 57.960800 -25.288032
v 43.843700 67.960804 -25.359001
v 83.507004 57.960903 -24.142295
v 83.340401 67.960903 -24.142304
v 83.173698 67.960903 -24.142304
v 44.010399 67.960804 -25.194900
v 44.558498 58.460804 -24.866700
v 83.507004 67.960903 -25.572502
v 44.138206 57.960800 -25.572502
v 83.278801 57.960808 38.473801
v 83.278801 57.960907 37.982300
v 83.507004 57.960808 37.982300
v 44.058498 57.960808 37.982300
v 44.343700 58.460808 37.982300
v 83.007004 58.460907 -23.659073
v 83.507004 67.960903 38.641700
v 43.843700 57.960808 37.982300
v 83.340302 67.960903 37.982300
v 44.558498 58.460903 -24.142295
v 83.278801 57.960903 -24.142295
v 43.093700 57.210907 38.642502
v 43.093700 68.710804 40.012600
v 43.093700 68.710804 38.749298
v 84.257004 68.710903 38.642601
v 43.093700 57.210907 40.119400
v 43.223000 57.210907 40.119400
v 43.093700 68.710812 40.119397
v 84.257004 68.710903 40.119400
v 84.136978 68.710903 40.119416
v 43.093700 68.710773 38.642502
v 43.223000 68.710903 38.749298
v 43.223000 68.710804 38.642502
v 84.257004 57.210907 40.119408
v 84.072350 57.310909 40.414799
v 84.156998 57.310909 40.414803
v 83.857002 57.610909 40.414700
v 83.725601 57.610909 40.414799
v 43.193699 68.610813 40.414704
v 43.193699 57.310909 40.414700
v 43.493698 57.610909 40.414704
v 43.419426 68.610905 40.414704
v 43.493702 68.310902 40.414704
v 84.156998 68.479702 40.414799
v 84.156998 68.610806 40.414799
v 83.857002 68.310902 40.414799
v 83.857002 68.179707 40.414799
v 43.196770 68.710804 40.119416
v 84.257004 68.579700 40.119400
v 43.593700 57.710907 40.119400
v 43.579826 57.610909 40.414704
v 83.857002 57.743206 40.414700
v 83.757004 68.210903 40.119400
v 43.593704 68.210804 40.119400
v 43.804218 57.710808 40.119400
v 43.211159 57.210907 38.642502
v 43.223000 68.710804 40.012600
v 83.419403 57.210907 40.119400
v 43.929199 57.210907 40.119400
v 83.419403 68.710903 38.642601
v 43.929199 68.710903 38.642601
v 43.929199 68.710804 38.749298
v 83.419403 68.710903 38.749298
v 43.321423 57.310810 40.414704
v 83.323502 68.610905 40.414799
v 44.312698 68.310902 40.414700
v 83.035896 68.310902 40.414799
v 83.757011 57.710907 40.119400
v 83.035896 57.610909 40.414799
v 44.408600 68.210804 40.119400
v 43.914326 57.210907 38.642601
v 43.929199 68.710804 40.012600
v 84.025597 68.610905 40.414799
v 84.257004 57.210907 38.642601
v 84.156998 58.155407 40.414799
v 84.156998 67.767506 40.414700
v 83.857002 67.506207 40.414700
v 83.857002 58.416706 40.414700
v 84.257004 67.854603 40.119400
v 83.757004 67.786930 40.119400
v 64.170990 63.456516 40.141602
v 63.675301 63.661907 40.141602
v 64.170998 63.456509 40.384201
v 63.675301 63.661907 40.384201
v 64.216499 63.502007 41.249298
v 63.675301 63.726208 41.249298
v 64.380699 63.666309 41.860599
v 63.675301 63.958408 41.860599
v 64.897400 64.182903 42.027901
v 63.675400 64.689007 42.027901
v 65.077599 64.363102 42.061298
v 63.675301 64.943905 42.061298
v 65.113602 64.399105 42.395901
v 63.675301 64.994907 42.395901
v 64.993500 64.279003 42.948002
v 63.675301 64.825001 42.948002
v 64.765198 64.050701 42.947899
v 63.675301 64.502102 42.948002
v 64.707901 63.993507 42.743000
v 63.675301 64.421207 42.743000
v 64.681099 63.966606 42.646801
v 63.675400 64.383205 42.646901
v 64.624496 63.910007 42.766998
v 63.675301 64.303104 42.766998
v 64.428802 63.714306 43.182202
v 63.675301 64.026402 43.182202
v 63.675400 62.960907 43.500000
v 64.740898 62.960907 43.182202
v 64.376404 62.960907 40.141602
v 64.376404 62.960907 40.384201
v 64.440598 62.960907 41.249298
v 64.672897 62.960907 41.860599
v 65.403503 62.960907 42.027901
v 65.658401 62.960907 42.061298
v 65.709396 62.960907 42.395901
v 65.539497 62.960907 42.947899
v 65.216599 62.960907 42.947899
v 65.135696 62.960907 42.743000
v 65.097702 62.960907 42.646901
v 65.017601 62.960907 42.766998
v 64.170998 62.465206 40.141602
v 64.170998 62.465206 40.384201
v 64.216499 62.419708 41.249298
v 64.380699 62.255508 41.860599
v 64.897400 61.738808 42.027901
v 65.077599 61.558609 42.061298
v 65.113602 61.522606 42.395901
v 64.993500 61.642708 42.948002
v 64.765198 61.871006 42.947899
v 64.707901 61.928307 42.743000
v 64.681099 61.955109 42.646801
v 64.624496 62.011707 42.766998
v 64.428802 62.207409 43.182202
v 63.675301 61.895309 43.182202
v 63.675304 62.259907 40.141602
v 63.675301 62.259907 40.384201
v 63.675301 62.195606 41.249298
v 63.675301 61.963306 41.860599
v 63.675301 61.232708 42.027901
v 63.675301 60.977806 42.061298
v 63.675301 60.926807 42.395901
v 63.675301 61.096706 42.948002
v 63.675301 61.419609 42.947899
v 63.675301 61.500507 42.743000
v 63.675301 61.538509 42.646901
v 63.675301 61.618607 42.766998
v 63.179699 62.465206 40.141602
v 63.179699 62.465206 40.384201
v 63.134201 62.419708 41.249298
v 62.969898 62.255508 41.860599
v 62.453300 61.738808 42.027901
v 62.273102 61.558609 42.061298
v 62.237099 61.522606 42.395901
v 62.357201 61.642708 42.948002
v 62.585499 61.871006 42.948002
v 62.642700 61.928307 42.743000
v 62.669601 61.955109 42.646801
v 62.726200 62.011707 42.766998
v 62.921902 62.207409 43.182202
v 62.609798 62.960907 43.182202
v 62.974300 62.960907 40.141602
v 63.179699 63.456512 40.141602
v 62.974300 62.960907 40.384201
v 62.910000 62.960907 41.249298
v 62.677799 62.960907 41.860599
v 61.947201 62.960907 42.027901
v 61.692299 62.960907 42.061298
v 61.641300 62.960907 42.395901
v 61.811199 62.960907 42.948002
v 62.134102 62.960907 42.947899
v 62.215000 62.960907 42.743000
v 62.252998 62.960907 42.646901
v 62.333099 62.960907 42.766998
v 63.179699 63.456509 40.384201
v 63.134201 63.502007 41.249298
v 62.969898 63.666309 41.860599
v 62.453300 64.182903 42.027901
v 62.273102 64.363102 42.061298
v 62.237099 64.399105 42.395901
v 62.357201 64.279003 42.948002
v 62.585499 64.050701 42.948002
v 62.642700 63.993507 42.743000
v 62.669598 63.966606 42.646904
v 62.921902 63.714306 43.182202
v 41.556602 73.245304 40.119400
v 41.556602 64.301807 40.119393
v 41.330200 64.401806 40.414799
v 41.456600 64.401905 40.414799
v 41.156601 64.701870 40.414799
v 41.030201 64.701801 40.414799
v 41.156601 72.845310 40.414799
v 41.430199 64.301807 40.119400
v 41.056599 64.801807 40.119400
v 40.695770 64.801815 40.119400
v 41.056599 72.745312 40.119400
v 41.556602 64.301807 38.642601
v 41.556602 73.245304 38.642601
v -41.556602 64.301807 38.642502
v -41.556602 73.245304 40.119397
v 40.401798 64.701900 40.414799
v -40.401798 64.701801 40.414700
v -40.696800 64.401806 40.414700
v 40.696800 64.401905 40.414799
v -41.556602 64.301807 40.119393
v 40.795200 64.301807 40.119400
v -41.026543 72.845303 40.414704
v -41.018734 72.745312 40.119400
v -40.303501 64.801807 40.119400
v 41.456604 73.145306 40.414799
v -41.456604 73.145306 40.414704
v 40.140800 65.620014 -25.080207
v 40.640800 65.120014 -25.572502
v 40.640800 65.120014 38.641700
v 40.245899 65.286701 38.641700
v 40.640800 72.348408 -25.572502
v 40.140800 72.348408 -25.080207
v 40.412601 65.120007 38.641700
v 40.140800 65.620014 38.641700
v 40.140800 72.348408 38.641700
v 40.640800 72.348408 38.641700
v -40.640800 72.348408 -25.572502
v -40.640800 65.120014 -25.572502
v -40.079201 65.453304 38.641700
v -40.245899 65.286701 38.641700
v -40.064735 65.620014 38.641700
v 40.412601 65.120007 38.473801
v 40.412601 65.120007 37.982300
v -40.412540 65.120014 38.641610
v 31.027100 69.269207 40.141602
v 30.531401 69.474606 40.141602
v 31.027100 69.269207 40.384201
v 30.531401 69.474606 40.384201
v 31.072599 69.314701 41.249298
v 30.531401 69.538807 41.249298
v 31.236799 69.479000 41.860599
v 30.531401 69.771107 41.860599
v 31.753500 69.995602 42.027901
v 30.531401 70.501705 42.027901
v 31.933701 70.175800 42.061298
v 30.531401 70.756603 42.061402
v 31.969700 70.211803 42.395901
v 30.531401 70.807606 42.395901
v 31.849600 70.091702 42.948002
v 30.531401 70.637707 42.947899
v 31.621300 69.863407 42.948002
v 30.531401 70.314800 42.948002
v 31.563999 69.806202 42.743000
v 30.531401 70.233906 42.743000
v 31.537201 69.779308 42.646904
v 30.531401 70.195904 42.646901
v 30.531401 70.115803 42.766998
v 31.284901 69.527004 43.182202
v 30.531401 69.839108 43.182202
v 30.531401 68.773602 43.500000
v 31.597000 68.773602 43.182202
v 31.232401 68.773602 40.141602
v 31.232401 68.773602 40.384201
v 31.296700 68.773602 41.249298
v 31.528999 68.773502 41.860599
v 32.259602 68.773602 42.027901
v 32.514500 68.773602 42.061402
v 32.565498 68.773602 42.395901
v 32.395599 68.773602 42.948002
v 32.072701 68.773602 42.948002
v 31.991699 68.773602 42.743000
v 31.953800 68.773602 42.646801
v 31.873699 68.773602 42.766998
v 31.027096 68.277897 40.141602
v 31.027100 68.277905 40.384201
v 31.072599 68.232403 41.249298
v 31.236799 68.068203 41.860599
v 31.753500 67.551502 42.027901
v 31.933701 67.371304 42.061298
v 31.969700 67.335300 42.395901
v 31.849600 67.455402 42.948002
v 31.621300 67.683704 42.948002
v 31.563999 67.741001 42.743000
v 31.537205 67.767811 42.646908
v 31.284901 68.020107 43.182202
v 30.531401 67.708004 43.182202
v 30.531401 68.072605 40.141602
v 30.531401 68.072605 40.384201
v 30.531401 68.008305 41.249298
v 30.531401 67.776005 41.860599
v 30.531401 67.045406 42.027901
v 30.531401 66.790501 42.061298
v 30.531401 66.739506 42.395901
v 30.531401 66.909405 42.948002
v 30.531401 67.232304 42.947899
v 30.531401 67.313206 42.743000
v 30.531401 67.351200 42.646801
v 30.531401 67.431301 42.766998
v 30.035801 68.277905 40.141602
v 30.035700 68.277905 40.384201
v 29.990299 68.232403 41.249298
v 29.826000 68.068203 41.860599
v 29.309401 67.551502 42.027901
v 29.129200 67.371304 42.061402
v 29.093201 67.335300 42.395901
v 29.213301 67.455402 42.948002
v 29.441601 67.683704 42.947899
v 29.498800 67.741001 42.743000
v 29.525696 67.767803 42.646904
v 29.778000 68.020107 43.182202
v 29.465900 68.773602 43.182202
v 29.830400 68.773602 40.141602
v 29.830400 68.773602 40.384201
v 29.766100 68.773602 41.249298
v 29.533899 68.773602 41.860599
v 28.803200 68.773602 42.027901
v 28.548401 68.773602 42.061298
v 28.497400 68.773602 42.395901
v 28.667299 68.773502 42.947899
v 28.990101 68.773602 42.947899
v 29.071100 68.773602 42.743000
v 29.109100 68.773602 42.646901
v 29.189199 68.773602 42.766998
v 30.035700 69.269207 40.141602
v 30.035700 69.269207 40.384201
v 29.990299 69.314701 41.249298
v 29.826000 69.479000 41.860599
v 29.309401 69.995602 42.027901
v 29.129200 70.175800 42.061402
v 29.093201 70.211803 42.395901
v 29.213301 70.091702 42.948002
v 29.441601 69.863407 42.947899
v 29.498800 69.806202 42.743000
v 29.525700 69.779308 42.646908
v 29.778000 69.527004 43.182202
v -41.556602 73.245304 38.642502
v -41.456600 64.401806 40.414704
v -41.156601 64.701809 40.414704
v -41.156601 72.845203 40.414704
v -41.056599 64.801815 40.119400
v -41.056599 72.745304 40.119400
v -40.140800 65.620014 -25.080300
v -40.307499 65.453304 38.641602
v -40.474201 65.286701 38.641700
v -40.474201 72.348400 38.641700
v -40.474201 72.123806 38.641602
v -40.307499 72.123806 38.641602
v -40.307499 72.348400 38.641700
v -40.640800 65.120014 38.641700
v -40.640800 72.123806 38.641700
v -40.140800 65.620007 38.641700
v -40.140800 65.835407 38.641602
v -40.307499 65.668705 38.641602
v -40.140800 72.348408 38.641713
v -40.140800 65.620007 38.473801
v -40.140800 72.278851 38.641705
v -40.474201 72.348400 38.473801
v -40.140800 72.348408 -25.080300
v -40.640800 72.348408 38.641671
v -40.474201 65.502102 38.641700
v -40.140800 65.620007 37.982201
v -40.474201 72.348400 37.982300
v -31.027100 69.269207 40.141602
v -30.531523 69.474590 40.141602
v -30.531500 68.072605 40.141602
v -31.027100 69.269207 40.384201
v -30.531500 69.474506 40.384201
v -31.072599 69.314701 41.249298
v -30.531500 69.538807 41.249298
v -31.236799 69.479000 41.860599
v -30.531500 69.771107 41.860599
v -31.753500 69.995602 42.027901
v -30.531401 70.501705 42.027901
v -31.933701 70.175800 42.061298
v -30.531500 70.756603 42.061298
v -31.969700 70.211803 42.395901
v -30.531500 70.807606 42.395901
v -31.849600 70.091702 42.947899
v -30.531500 70.637707 42.947899
v -31.621300 69.863407 42.947899
v -30.531500 70.314800 42.947899
v -31.563999 69.806202 42.743000
v -30.531500 70.233906 42.742901
v -31.537201 69.779301 42.646801
v -30.531500 70.195904 42.646801
v -31.480600 69.722706 42.766998
v -30.531500 70.115803 42.766998
v -31.284901 69.527004 43.182099
v -30.531500 69.839108 43.182202
v -31.597000 68.773602 43.182099
v -30.531401 68.773602 43.500000
v -31.232401 68.773602 40.141602
v -31.232500 68.773502 40.384201
v -31.296700 68.773602 41.249298
v -31.528999 68.773602 41.860599
v -32.259602 68.773602 42.027901
v -32.514500 68.773602 42.061298
v -32.565498 68.773602 42.395901
v -32.395599 68.773602 42.947899
v -32.072800 68.773602 42.947899
v -31.991800 68.773602 42.743000
v -31.953800 68.773602 42.646801
v -31.873699 68.773602 42.766998
v -31.027100 68.277905 40.141602
v -31.027100 68.277905 40.384201
v -31.072599 68.232403 41.249298
v -31.236900 68.068203 41.860599
v -31.753500 67.551502 42.027901
v -31.933701 67.371304 42.061298
v -31.969700 67.335300 42.395901
v -31.849600 67.455402 42.947899
v -31.621300 67.683704 42.947899
v -31.564100 67.741001 42.742901
v -31.537201 67.767803 42.646801
v -31.480600 67.824406 42.766998
v -31.284901 68.020107 43.182099
v -30.531500 67.708004 43.182202
v -30.531500 68.072605 40.384201
v -30.531500 68.008305 41.249298
v -30.531500 67.776005 41.860599
v -30.531401 67.045406 42.027901
v -30.531401 66.790501 42.061298
v -30.531500 66.739506 42.395901
v -30.531500 66.909405 42.947899
v -30.531500 67.232304 42.947899
v -30.531500 67.313206 42.742901
v -30.531500 67.351200 42.646801
v -30.531500 67.431301 42.766998
v -30.035801 68.277905 40.141602
v -30.035801 68.277905 40.384201
v -29.990299 68.232403 41.249298
v -29.826099 68.068203 41.860599
v -29.309401 67.551502 42.027901
v -29.129200 67.371304 42.061298
v -29.093201 67.335300 42.395901
v -29.213301 67.455402 42.947899
v -29.441601 67.683704 42.947899
v -29.498899 67.741001 42.742901
v -29.525700 67.767803 42.646801
v -29.582300 67.824406 42.766998
v -29.778000 68.020107 43.182099
v -29.465900 68.773502 43.182099
v -29.830500 68.773602 40.141602
v -29.830500 68.773602 40.384201
v -29.766199 68.773602 41.249298
v -29.533899 68.773602 41.860599
v -28.803301 68.773602 42.027901
v -28.548401 68.773602 42.061298
v -28.497400 68.773602 42.395901
v -28.667299 68.773602 42.947899
v -28.990200 68.773602 42.947899
v -29.071100 68.773602 42.743000
v -29.109100 68.773602 42.646801
v -29.189199 68.773602 42.766998
v -30.035801 69.269207 40.141602
v -30.035801 69.269207 40.384201
v -29.990299 69.314701 41.249298
v -29.826099 69.479000 41.860599
v -29.309401 69.995602 42.027901
v -29.129200 70.175800 42.061298
v -29.093201 70.211803 42.395901
v -29.213301 70.091702 42.947899
v -29.441601 69.863407 42.947899
v -29.498800 69.806202 42.743000
v -29.525700 69.779301 42.646801
v -29.582300 69.722706 42.766998
v -29.778000 69.527004 43.182099
v -83.007004 41.596508 -25.080300
v -44.343605 41.596508 -25.080200
v -44.343700 41.811905 -24.866700
v -44.343704 41.811909 -25.080200
v -43.843700 41.096500 -25.572502
v -83.507004 51.096500 -25.572502
v -43.843700 51.096508 -24.986893
v -43.843700 51.096497 -25.572502
v -44.343693 51.096508 -25.080200
v -43.843700 41.096508 38.641709
v -83.173698 41.429806 38.641705
v -83.340401 41.263107 38.641606
v -83.112099 41.263107 38.641705
v -82.945503 41.429806 38.641705
v -83.340401 50.871906 38.641602
v -83.173698 50.871906 38.641700
v -83.173698 51.096508 38.641700
v -83.007004 51.096508 -25.080300
v -44.343700 51.096504 -24.866700
v -83.507004 41.096508 38.641705
v -83.278801 41.096508 38.641705
v -83.507004 51.096512 38.641705
v -83.007004 41.596508 38.641610
v -83.007004 50.716606 38.641602
v -83.173698 41.645206 38.641705
v -83.007004 51.096508 38.641700
v -83.007004 51.096508 38.228001
v -44.343700 41.596508 38.641709
v -43.843700 51.096512 38.641700
v -83.507004 50.887119 38.641610
v -83.507004 41.096508 38.228005
v -83.231400 51.096512 38.641705
v -82.603279 41.596508 38.641709
v -44.343700 41.596508 -23.696435
v -44.343700 41.811905 -24.142295
v -63.668648 41.096504 -24.142295
v -83.507004 41.096500 -25.572502
v -44.343601 51.096504 -24.142295
v -83.507004 51.096504 -24.142295
v -83.278801 41.096508 37.982205
v -44.343601 50.871902 -25.080200
v -44.343700 50.871902 -24.866700
v -83.340401 41.478508 38.641606
v -44.343700 51.096512 38.641700
v -44.343700 50.871902 -24.142295
v -84.257004 55.764908 38.642502
v -43.093700 40.277706 40.119400
v -43.093704 55.764908 40.119408
v -84.157005 40.377613 40.414704
v -83.857002 40.677608 40.414704
v -43.193699 40.377708 40.414704
v -43.493702 40.677708 40.414704
v -43.193703 55.664909 40.414704
v -43.493698 55.364906 40.414704
v -83.857002 55.364910 40.414704
v -84.257004 40.277607 40.119404
v -43.593704 40.777706 40.119404
v -83.757011 55.264908 40.119400
v -43.593704 55.264912 40.119400
v -84.257004 40.277607 38.642505
v -43.093700 40.277706 38.642505
v -84.156998 55.664909 40.414704
v -84.257004 55.764908 40.119412
v -83.757004 40.777607 40.119404
v -43.093700 55.764908 38.642502
v -64.170998 48.517006 40.141602
v -63.675301 48.722309 40.141602
v -63.675400 47.320312 40.141602
v -64.170998 48.517006 40.384201
v -63.675400 48.722309 40.384201
v -64.216499 48.562408 41.249298
v -63.675400 48.786606 41.249298
v -64.380798 48.726707 41.860599
v -63.675400 49.018909 41.860599
v -64.897400 49.243309 42.027901
v -63.675400 49.749508 42.027901
v -65.077599 49.423508 42.061298
v -63.675400 50.004307 42.061298
v -65.113602 49.459507 42.395901
v -63.675400 50.055309 42.395901
v -64.993500 49.339409 42.947899
v -63.675400 49.885406 42.947899
v -64.765198 49.111107 42.947899
v -63.675400 49.562607 42.947899
v -64.708000 49.053909 42.742901
v -63.675400 49.481609 42.742901
v -64.681099 49.027008 42.646801
v -63.675400 49.443607 42.646801
v -64.624496 48.970409 42.766998
v -63.675400 49.363609 42.766998
v -64.428802 48.774708 43.182099
v -63.675400 49.086807 43.182099
v -64.740898 48.021309 43.182202
v -63.675400 48.021309 43.500000
v -64.376404 48.021309 40.141602
v -64.376404 48.021309 40.384201
v -64.440697 48.021309 41.249298
v -64.672897 48.021309 41.860599
v -65.403603 48.021309 42.027901
v -65.658401 48.021309 42.061298
v -65.709396 48.021309 42.395901
v -65.539497 48.021309 42.947899
v -65.216698 48.021309 42.947899
v -65.135696 48.021309 42.742901
v -65.097702 48.021309 42.646801
v -65.017601 48.021309 42.766998
v -64.170998 47.525608 40.141602
v -64.170998 47.525608 40.384201
v -64.216499 47.480106 41.249298
v -64.380798 47.315907 41.860599
v -64.897400 46.799309 42.027901
v -65.077599 46.619007 42.061298
v -65.113602 46.583008 42.395901
v -64.993500 46.703106 42.947899
v -64.765198 46.931408 42.947899
v -64.708000 46.988708 42.743000
v -64.681099 47.015507 42.646801
v -64.624496 47.072109 42.766998
v -64.428802 47.267807 43.182099
v -63.675400 46.955708 43.182099
v -63.675400 47.320309 40.384201
v -63.675400 47.256008 41.249298
v -63.675400 47.023708 41.860599
v -63.675400 46.293106 42.027901
v -63.675400 46.038208 42.061298
v -63.675400 45.987209 42.395901
v -63.675400 46.157207 42.947899
v -63.675400 46.480007 42.947899
v -63.675400 46.561008 42.742901
v -63.675400 46.598907 42.646801
v -63.675400 46.679008 42.766998
v -63.179699 47.525608 40.141602
v -63.179699 47.525608 40.384201
v -63.134201 47.480106 41.249298
v -62.970001 47.315907 41.860599
v -62.453300 46.799309 42.027901
v -62.273102 46.619007 42.061298
v -62.237099 46.583008 42.395901
v -62.357201 46.703106 42.947899
v -62.585499 46.931408 42.947899
v -62.642700 46.988708 42.742901
v -62.669601 47.015507 42.646801
v -62.726200 47.072109 42.766998
v -62.921902 47.267807 43.182099
v -62.609798 48.021309 43.182099
v -62.974319 48.021351 40.141602
v -62.974400 48.021309 40.384201
v -62.910099 48.021309 41.249298
v -62.677799 48.021309 41.860599
v -61.947201 48.021309 42.027901
v -61.692299 48.021309 42.061298
v -61.641300 48.021309 42.395901
v -61.811199 48.021309 42.947899
v -62.134102 48.021309 42.947899
v -62.215000 48.021309 42.742901
v -62.252998 48.021309 42.646801
v -62.333099 48.021309 42.766998
v -63.179699 48.517006 40.141602
v -63.179699 48.517006 40.384201
v -63.134201 48.562408 41.249298
v -62.970001 48.726707 41.860599
v -62.453300 49.243309 42.027901
v -62.273102 49.423508 42.061298
v -62.237099 49.459507 42.395901
v -62.357201 49.339409 42.947899
v -62.585499 49.111107 42.947899
v -62.642700 49.053909 42.742901
v -62.669601 49.027008 42.646801
v -62.726200 48.970409 42.766998
v -62.921902 48.774708 43.182099
v -83.963501 70.409801 40.126400
v -43.085899 70.187107 40.126500
v -83.963501 71.664303 40.126400
v -83.964478 70.187000 40.126404
v -83.963501 70.187000 39.224400
v -43.085899 70.187107 39.141899
v -83.963501 71.887005 40.043900
v -43.085899 71.887104 39.141899
v -83.963501 71.887005 39.224400
v -84.249199 70.187038 39.141899
v -84.249199 71.745327 40.126404
v -84.249199 71.887012 39.770718
v -84.033997 71.671902 39.141899
v -84.249199 71.887012 39.141899
v -83.963509 70.187000 39.141899
v -84.033997 70.402210 39.141899
v -43.301003 70.402210 39.141899
v -84.033997 71.671902 -25.732903
v -43.301003 70.402210 -25.732903
v -43.300999 71.505505 -25.536003
v -84.033997 70.402210 -25.732903
v -43.300999 71.505505 -25.732903
v -83.963501 71.887005 40.126400
v -83.963501 71.790707 40.126400
v -43.085899 71.887104 40.126500
v -83.963501 70.283405 40.126400
v -84.249199 70.187000 40.126400
v -84.249199 70.367672 40.126400
v -84.249199 70.187000 39.224400
v -84.249199 71.887005 40.043900
v -43.300999 71.671902 38.945000
v -43.300999 71.599903 38.945000
v -43.301033 71.671902 -25.470475
v -43.301102 71.599903 -25.536003
v -43.300968 71.671902 -25.732903
v -43.300999 71.599903 -25.732903
v -84.249199 70.409801 40.126400
v -84.105797 70.409801 40.126400
v -84.105797 71.664303 40.126500
v -84.249199 71.664303 40.126400
v -84.105797 70.187000 39.224400
v -84.106255 70.187000 40.126503
v -84.105797 71.887104 40.043900
v -84.105797 71.887005 39.224400
v -43.301003 71.671902 39.141899
v -84.105797 70.187107 39.141899
v -84.249199 71.887005 40.126400
v -84.105797 71.790707 40.126400
v -84.105797 71.887104 40.126400
v -84.105797 70.283405 40.126500
v -63.855000 71.224506 40.141602
v -63.667503 71.302212 40.141602
v -63.855000 71.224506 40.384201
v -63.667500 71.302204 40.384201
v -63.872200 71.241703 41.249298
v -63.667500 71.326504 41.249298
v -63.934299 71.303806 41.860599
v -63.667500 71.414303 41.860599
v -64.129700 71.499203 42.027901
v -63.667500 71.690601 42.027901
v -64.197899 71.567402 42.061298
v -63.667500 71.787006 42.061298
v -64.211502 71.581005 42.395901
v -63.667500 71.806301 42.395901
v -64.166100 71.535503 42.947899
v -63.667500 71.742001 42.947899
v -64.079697 71.449207 42.947899
v -63.667500 71.619907 42.947899
v -64.058098 71.427601 42.742901
v -63.667599 71.589306 42.742901
v -64.047897 71.417400 42.646801
v -63.667500 71.575001 42.646801
v -64.026497 71.396008 42.766998
v -63.667500 71.544704 42.766998
v -63.952499 71.322002 43.182099
v -63.667500 71.440006 43.182202
v -64.070503 71.037006 43.182099
v -63.667500 71.037006 43.500000
v -63.932701 71.037014 40.141602
v -63.932701 71.037006 40.384201
v -63.957001 71.037106 41.249298
v -64.044800 71.037006 41.860599
v -64.321098 71.037106 42.027901
v -64.417503 71.037006 42.061298
v -64.436798 71.037106 42.395901
v -64.372498 71.037006 42.947899
v -64.250504 71.037006 42.947899
v -64.219803 71.037106 42.742901
v -64.205498 71.037106 42.646801
v -64.175201 71.037006 42.766998
v -63.855000 70.849606 40.141602
v -63.480087 71.224499 40.141602
v -63.855000 70.849606 40.384201
v -63.872200 70.832401 41.249298
v -63.934299 70.770306 41.860599
v -64.129700 70.574902 42.027901
v -64.197899 70.506802 42.061298
v -64.211502 70.493107 42.395901
v -64.166100 70.538601 42.947899
v -64.079697 70.624905 42.947899
v -64.058098 70.646503 42.742901
v -64.047897 70.656704 42.646801
v -64.026497 70.678104 42.766998
v -63.952499 70.752102 43.182099
v -63.667599 70.634106 43.182202
v -63.667511 70.771900 40.141602
v -63.667500 70.771900 40.384201
v -63.667500 70.747601 41.249298
v -63.667500 70.659801 41.860599
v -63.667500 70.383503 42.027901
v -63.667500 70.287106 42.061298
v -63.667500 70.267803 42.395901
v -63.667599 70.332104 42.947899
v -63.667500 70.454205 42.947899
v -63.667500 70.484806 42.743000
v -63.667500 70.499104 42.646801
v -63.667599 70.529408 42.766998
v -63.480099 70.849606 40.141602
v -63.480099 70.849606 40.384201
v -63.462898 70.832401 41.249298
v -63.400799 70.770306 41.860599
v -63.205399 70.574902 42.027901
v -63.137299 70.506802 42.061298
v -63.123600 70.493107 42.395901
v -63.169102 70.538601 42.947899
v -63.255402 70.624905 42.947899
v -63.277000 70.646503 42.742901
v -63.287201 70.656704 42.646801
v -63.308601 70.678104 42.766998
v -63.382599 70.752102 43.182099
v -63.264599 71.037106 43.182099
v -63.402401 71.037106 40.141602
v -63.402401 71.037006 40.384201
v -63.378101 71.037106 41.249298
v -63.290298 71.037006 41.860599
v -63.014000 71.037006 42.027901
v -62.917599 71.037006 42.061298
v -62.898300 71.037006 42.395901
v -62.962601 71.037006 42.947899
v -63.084702 71.037006 42.947899
v -63.115299 71.037106 42.742901
v -63.129601 71.037106 42.646801
v -63.159901 71.037006 42.766998
v -63.480099 71.224506 40.384201
v -63.462898 71.241703 41.249298
v -63.400799 71.303806 41.860599
v -63.205399 71.499203 42.027901
v -63.137199 71.567402 42.061298
v -63.123600 71.581005 42.395901
v -63.169102 71.535603 42.947899
v -63.255402 71.449207 42.947899
v -63.277000 71.427601 42.742901
v -63.287201 71.417400 42.646801
v -63.308601 71.396008 42.766998
v -63.382599 71.322002 43.182099
v 90.603897 76.891506 -36.819404
v 90.500000 77.000004 -36.777000
v 90.500000 77.000004 -36.483207
v 90.603897 76.891506 -36.525506
v 85.390099 76.891506 -41.633102
v -85.709557 76.904255 -41.621193
v -85.347000 77.000004 -41.530906
v 85.347099 77.000004 -41.530906
v 85.671616 77.000004 -41.530906
v 85.958702 76.891506 -41.392800
v 85.714600 76.891506 -41.633102
v 91.099998 76.373302 -37.021706
v 91.099998 76.373302 -36.727905
v 91.512299 76.323734 -37.189857
v 85.920097 76.373310 -42.121605
v 86.091881 76.323452 -42.529815
v -85.769501 76.322803 -42.535203
v -85.595596 76.373302 -42.121605
v 86.164200 76.373302 -41.881309
v 92.500000 74.377300 36.248803
v 92.500000 74.377300 -37.592705
v 92.500000 76.204815 -37.592712
v 92.500000 76.204815 36.248798
v 86.500008 76.204815 -43.500008
v 86.500008 74.377308 -43.500008
v 92.281799 76.204807 -37.807502
v 92.281799 74.377300 -37.807502
v 91.259346 73.535732 35.742878
v 91.264618 73.539310 -37.088813
v 91.035797 73.532101 -37.299301
v 85.985092 73.534031 -42.275993
v 90.986290 73.350605 35.631508
v 90.986298 73.350605 -36.681496
v 90.986298 73.350605 -36.975395
v 85.873009 73.350605 -42.009697
v 86.410149 73.350605 -41.480919
v -85.873009 73.350605 -42.009697
v -85.984917 73.533749 -42.275596
v 87.944351 77.000004 -39.014755
v -86.500008 74.377300 -43.500000
v -86.175499 76.204807 -43.500008
v 90.385696 76.891506 -37.034202
v 90.281799 77.000004 -36.991798
v 86.744102 76.204807 -43.259704
v 86.744102 74.377300 -43.259697
v 90.768204 73.350605 -37.190200
v 90.500000 77.000004 35.139397
v 90.604080 76.891216 35.475715
v 91.514000 76.323528 35.846741
v 87.944351 77.000004 37.670845
v 91.099998 76.373302 35.383995
v 90.500000 77.000004 35.433197
v -85.671623 77.000004 40.186996
v -85.715363 76.889614 40.290989
v 85.712952 76.895672 40.285370
v 85.347099 77.000004 40.186996
v 85.671600 77.000004 40.186996
v 85.958702 76.891506 40.048996
v 85.915604 77.000004 39.946697
v 91.099998 76.373302 35.677895
v -85.769600 76.322803 41.191197
v 86.091927 76.323429 41.186203
v 85.920105 76.373302 40.777798
v -85.920097 76.373310 40.777695
v 86.164200 76.373302 40.537495
v -90.220345 77.000004 35.708516
v 86.500008 76.204815 42.156098
v 86.500008 74.377300 42.156102
v 92.281799 76.204807 36.463597
v 92.281799 74.377300 36.463601
v 91.035797 73.532101 35.955502
v 85.965683 73.502254 40.885975
v 85.873001 73.350605 40.665894
v 86.117104 73.350605 40.425499
v 86.227997 73.532101 40.689000
v -85.548500 73.350605 40.665799
v -85.981903 73.528828 40.924534
v -86.175499 76.204807 42.156098
v -86.500008 74.377300 42.156102
v -86.410149 73.350605 40.137017
v 90.385696 76.891506 35.690297
v 90.281799 77.000004 35.647995
v 86.744102 76.204807 41.915795
v 90.881798 76.373302 35.892696
v 86.744102 74.377300 41.915799
v 90.768204 73.350605 35.846299
v 39.586700 0.000000 -33.866996
v 39.586700 7.680799 -33.866996
v 39.586700 7.680799 -37.592697
v 39.792122 0.000000 -37.794914
v 39.586700 0.000000 -37.592697
v 39.806633 7.680798 -37.809196
v 86.703651 0.000000 -43.299530
v 86.500000 0.000000 -43.499992
v 92.500000 7.680798 -37.592689
v 92.307251 0.000008 36.438668
v 92.500000 0.000008 36.248810
v 86.242798 0.200008 42.156109
v 39.586700 0.000008 42.156112
v 39.586700 2.621510 30.318106
v 0.000000 7.690100 -33.821388
v 25.752199 7.683599 -33.853492
v 25.752199 7.577499 -33.866996
v -25.752100 7.577499 -33.867089
v 86.706520 7.680801 -43.296699
v 86.500000 7.680799 -43.499992
v 92.310402 7.680807 36.435563
v 92.500000 7.680809 36.248810
v 86.500000 7.680809 42.156112
v 39.586700 7.680809 41.891507
v 25.752199 7.696600 -33.789391
v 39.679882 7.699516 -33.775215
v 39.414200 7.680799 -33.866996
v 39.679298 7.699400 -37.554893
v 39.890800 7.699400 -37.762993
v 86.461601 7.699398 -43.408691
v 86.640503 7.699398 -43.232689
v 92.407082 7.699444 -37.554817
v 92.409103 7.699047 36.211747
v 92.207802 7.699408 36.407509
v 86.460571 7.699913 42.062438
v 39.681995 7.699911 42.062451
v 39.679401 7.699409 41.800209
v 39.852798 7.734301 -33.604988
v 39.852798 7.734299 -37.484092
v 40.064201 7.734299 -37.692292
v 86.389801 7.734299 -43.237892
v 86.568604 7.734299 -43.061790
v 92.233810 7.734299 -37.484124
v 92.034302 7.734308 36.336808
v 86.389702 7.734310 41.894108
v 39.853199 7.734310 41.894108
v 39.852901 7.734310 41.629406
v 39.879478 7.905565 -33.578820
v 25.752199 7.734301 -33.604988
v -39.852802 7.734303 -33.604988
v 39.879082 7.903004 -37.473381
v 40.090199 7.901199 -37.681694
v 86.379982 7.886011 -43.214714
v 86.557899 7.901199 -43.036293
v 92.209343 7.891911 -37.474083
v 92.008400 7.901207 36.326207
v 86.377014 7.932314 41.863854
v 39.879200 7.901209 41.868507
v 39.878799 7.901209 41.603810
v 39.900303 8.039799 -33.558297
v 39.900299 8.039799 -37.464790
v 40.111698 8.039799 -37.672890
v 86.549004 8.039799 -43.015092
v 92.186401 8.039803 -37.464790
v 92.186401 8.039810 36.120902
v 91.986801 8.039808 36.317410
v 86.370087 8.039806 41.847411
v 39.900799 8.039808 41.847309
v 39.900299 8.039808 41.582608
v 40.076698 8.089399 -37.392791
v 40.288101 8.089399 -37.600991
v 86.297173 8.089333 -43.017830
v 92.007225 8.090181 -37.391663
v 92.005196 8.090763 36.047051
v 91.810501 8.089409 36.245507
v 86.297325 8.089209 41.674408
v 40.080990 8.090420 41.670163
v 40.076698 8.089409 41.409008
v -40.496899 8.207800 -32.970893
v 40.077297 8.089569 -33.384003
v 40.496899 8.207798 -32.970893
v 40.496899 8.207798 -37.221489
v 40.708302 8.207798 -37.429589
v 86.123009 8.207798 -42.603799
v 86.301804 8.207798 -42.427697
v 91.589806 8.207796 -37.221398
v 91.589806 8.207806 35.877613
v 91.390198 8.207809 36.074108
v 86.123001 8.207809 41.260006
v 81.059898 8.207809 41.260006
v 40.498402 8.207809 41.259906
v 40.496899 8.207809 40.995106
v 40.842701 8.650799 -32.630395
v 40.842701 8.650799 -33.016395
v 40.842701 8.650799 -37.080497
v 41.054100 8.650799 -37.288598
v 85.979797 8.650799 -42.263398
v 86.158600 8.650799 -42.087288
v 91.244011 8.650799 -37.080391
v 91.244011 8.650806 35.736603
v 85.979698 8.650808 40.919505
v 85.722603 8.650808 40.919505
v 40.844700 8.650707 40.919407
v 40.842701 8.650808 40.654709
v 40.914124 9.116753 -32.560066
v 40.914299 9.117899 -32.945794
v 40.914398 9.117899 -37.051194
v 41.125801 9.117899 -37.259391
v 86.128899 9.117899 -42.016693
v 91.165604 9.161589 -37.048454
v 91.166656 9.154736 35.705098
v 90.972801 9.117908 35.903809
v 85.950104 9.117908 40.849007
v 80.973450 9.117908 40.849007
v 40.916500 9.117908 40.848908
v 40.914398 9.117908 40.584107
v 40.944202 9.312099 -32.530494
v 40.944199 9.312099 -37.039093
v 41.155602 9.312099 -37.247193
v 86.116600 9.312099 -41.987389
v 91.142502 9.312099 -37.039093
v 91.142502 9.312109 35.695218
v 90.943001 9.312109 35.891709
v 85.937698 9.312109 40.819607
v 41.190914 9.312111 40.819607
v 40.946301 9.312109 40.819508
v 40.944199 9.312109 40.554707
v 41.121632 9.376122 -32.355752
v 41.122398 9.376400 -36.966392
v 41.333900 9.376400 -37.174492
v 86.042702 9.376400 -41.811790
v 90.967773 9.375113 -36.967765
v 90.973190 9.373169 35.626175
v 90.764702 9.376408 35.819008
v 85.865051 9.375378 40.646923
v 41.124901 9.376408 40.644009
v 41.122501 9.376408 40.379207
v 41.423599 9.484900 -36.843583
v 85.739113 9.484900 -41.691490
v 90.663101 9.484900 -36.843490
v 90.663101 9.484909 35.499707
v 85.739098 9.484909 40.347607
v 41.426498 9.484909 40.347508
v 41.423599 9.484909 40.065960
v 89.084099 9.484900 -36.199593
v 90.409813 9.484909 35.749173
v 85.877884 9.484909 40.211094
v 41.671162 9.484909 40.347607
v 41.423599 9.484901 -32.058495
v 43.002602 9.484901 -30.503892
v 43.002602 9.484900 -36.199593
v 43.214001 9.484900 -36.407693
v 85.085098 9.484900 -40.136788
v 85.263901 9.484900 -39.960693
v 89.084099 9.484909 34.855809
v 88.884499 9.484909 35.052208
v 85.085098 9.484909 38.793007
v 84.827904 9.484909 38.793007
v 43.007999 9.484909 38.792710
v 43.002602 9.484909 38.527710
v 43.001999 9.376400 -30.504394
v 43.001999 9.376400 -30.890388
v 43.001999 9.376499 -36.199798
v 43.213402 9.376400 -36.407998
v 85.085312 9.376717 -40.137397
v 85.264198 9.376400 -39.961296
v 89.084702 9.376400 -36.199791
v 89.084702 9.376400 -35.943397
v 89.084602 9.376017 34.856007
v 88.885101 9.376408 35.052509
v 85.085297 9.376408 38.793606
v 84.828102 9.376408 38.793606
v 43.007401 9.376408 38.793309
v 43.001999 9.376923 38.528294
v 32.642601 1.704601 -30.506791
v 33.823502 0.207787 -30.507293
v 42.826698 0.200001 -30.507293
v 42.828300 5.243801 -30.505692
v 43.001999 5.243801 -30.504097
v 43.000702 5.243801 -30.891595
v 43.000702 5.243801 -36.200393
v 43.212101 5.243801 -36.408493
v 85.085892 5.317215 -40.138664
v 85.264702 5.243797 -39.962594
v 89.085999 5.243801 -36.200294
v 89.085999 5.243801 -35.943893
v 89.085861 5.387154 34.856488
v 88.886398 5.243809 35.053009
v 85.085800 5.243809 38.794808
v 84.828697 5.243809 38.794808
v 43.006100 5.243809 38.794609
v 43.000702 5.243809 38.529606
v 42.896301 9.382202 -30.418090
v 42.901798 5.243801 -30.418991
v 41.647400 9.384901 -30.418090
v 39.586700 7.577497 -30.418090
v 39.586700 0.196045 -28.023186
v 39.586700 7.577499 -26.835891
v 39.632999 7.690100 -30.294694
v 39.632999 7.690100 -30.418090
v 39.852905 7.734301 -30.418098
v 39.900299 8.039801 -30.418090
v 40.944199 9.312101 -30.418090
v 41.423599 9.484901 -25.116340
v 41.423599 9.484901 -30.418090
v 43.002602 9.484901 -30.418098
v 43.002602 9.484901 -30.294694
v 43.002102 9.376400 -30.294694
v 43.002102 9.376400 -30.418090
v 43.000801 5.243801 -30.294694
v 43.001801 5.243801 -30.418991
v 39.586700 1.541897 32.364720
v 39.586700 7.577507 25.699608
v 39.593899 7.682306 25.699608
v 39.672199 7.698006 25.699608
v 39.852901 7.734306 25.699608
v 39.891800 7.984970 -30.418098
v 39.900299 8.039803 0.291634
v 40.078014 8.089771 -30.418098
v 40.496899 8.207800 -30.418098
v 40.842701 8.650801 -30.418098
v 40.933014 9.239204 -30.418098
v 40.944199 9.312103 0.291634
v 41.118176 9.374842 -30.418098
v 40.100800 7.734310 41.894108
v 40.126900 7.901209 41.868607
v 40.747002 8.207809 41.259906
v 41.093800 8.650707 40.919505
v 41.165699 9.117908 40.849007
v 41.374500 9.376408 40.644108
v 43.260872 9.484909 38.793007
v 43.259998 9.376408 38.793506
v 43.258701 5.243809 38.794808
v 84.612297 0.200008 42.156109
v 78.604599 3.000008 42.156112
v 40.142750 8.039808 41.847411
v 76.253998 8.650707 40.919505
v 76.253998 9.484909 38.793007
v 76.253998 9.376408 38.793506
v 86.647499 3.305332 42.010907
v 86.647499 7.680809 42.010907
v 86.537300 7.734310 41.748806
v 86.526604 7.901209 41.723309
v 86.517601 8.039808 41.702106
v 86.444603 8.089409 41.528508
v 86.270500 8.207809 41.114708
v 86.127296 8.650808 40.774308
v 86.097603 9.117908 40.703709
v 86.085297 9.312109 40.674408
v 86.011398 9.376408 40.498806
v 85.232597 9.484909 38.647709
v 85.232803 9.376408 38.648308
v 85.233398 5.243809 38.649608
v 89.084099 9.484909 34.590007
v 92.233810 7.734308 36.140313
v 92.203148 7.931856 36.127766
v 89.084099 9.484901 -26.897293
v 89.084702 9.376400 -26.897293
v 89.087097 1.704609 32.483609
v 89.087502 0.200008 33.928807
v 89.087502 0.200008 34.591408
v 92.300201 3.305325 -37.789391
v 92.207603 7.699400 -37.751595
v 92.034103 7.734299 -37.680794
v 92.008102 7.901199 -37.670189
v 91.986603 8.039799 -37.661492
v 91.389999 8.207798 -37.418090
v 91.044197 8.650799 -37.277093
v 90.972504 9.117899 -37.247886
v 90.942703 9.312099 -37.235795
v 90.764503 9.376400 -37.162986
v 88.884300 9.484900 -36.396293
v 88.884903 9.376400 -36.396493
v 88.886200 5.243801 -36.397087
v 80.945000 2.621498 -43.499992
v 45.586700 7.680799 -43.499992
v 45.625244 7.699516 -43.408119
v 45.696899 7.734299 -43.237892
v 45.707291 7.894825 -43.213372
v 45.716599 8.039799 -43.191192
v 86.370110 8.039799 -43.191192
v 45.789825 8.089550 -43.017068
v 45.963699 8.207800 -42.603799
v 46.106903 8.650799 -42.263389
v 46.136600 9.117899 -42.192788
v 46.497200 9.117899 -42.192788
v 46.148991 9.312099 -42.163498
v 46.234974 9.386993 -41.958953
v 85.866875 9.373802 -41.994988
v 46.347496 9.484900 -41.691490
v 47.001602 9.484900 -40.136788
v 47.001400 9.376400 -40.137397
v 47.000801 5.243797 -40.138694
v 47.361500 5.243797 -40.138694
v 85.950455 9.112509 -42.193611
v 85.937714 9.312099 -42.163498
v 83.144402 1.704597 -40.139694
v 84.356796 0.175507 -40.140206
v 84.830597 0.200001 -40.140190
v 45.340698 3.305325 -43.257789
v 45.461700 7.901199 -42.970193
v 45.890598 9.117899 -41.950592
v 45.902901 9.312099 -41.921287
v 46.755299 9.376400 -39.895195
v 46.754799 5.243797 -39.896493
v 40.842701 8.650799 -36.696891
v 40.914398 9.117899 -36.667695
v 40.944199 9.312099 -36.655494
v 43.000702 5.243801 -35.816795
v 33.267601 2.513527 -33.866996
v 39.414200 7.577499 -33.866996
v 40.670200 8.650799 -32.630395
v 42.829601 9.376400 -30.504394
v 49.277000 1.722607 38.795906
v 48.052071 0.214378 38.796406
v 43.257099 0.200008 38.796406
v 42.999599 1.722599 -26.799095
v 42.999199 0.190758 -28.028389
v 42.999199 0.200001 -30.294694
v 28.102800 3.000000 -33.866996
v 92.500000 0.199116 33.654567
v 92.500000 1.541897 32.364720
v 89.087097 1.541908 32.364708
v 89.087502 0.200008 33.653710
v 92.500000 2.621510 30.318106
v 89.086700 2.813808 30.380808
v 89.086800 2.621506 30.318207
v 92.500000 3.000008 28.013907
v 89.086601 3.200008 28.029707
v 89.086601 3.000008 28.013911
v 89.086601 3.200008 25.699608
v 92.500000 3.000000 -29.269692
v 89.086601 3.200001 -26.897293
v 89.086700 3.000000 -29.269692
v 89.086601 3.200001 -29.285294
v 89.086700 2.818901 -31.642593
v 89.086800 2.626301 -31.580894
v 89.087097 1.722599 -33.758491
v 89.087097 1.558800 -33.641197
v 89.087502 0.213394 -34.965507
v 84.332626 0.200294 42.156112
v 83.144402 1.704609 38.795906
v 84.720795 0.200008 38.796406
v 84.332901 0.200008 38.796406
v 83.023697 1.541908 38.796008
v 81.008598 2.813808 38.795609
v 80.945000 2.621510 38.795609
v 78.620598 3.200008 38.795510
v 78.604599 3.000008 38.795510
v 76.253998 3.200008 38.795510
v 53.836201 3.000008 42.156112
v 56.245800 3.200008 38.795406
v 56.245800 3.000008 38.795510
v 53.820400 3.200008 38.795406
v 53.836201 3.000008 38.795510
v 51.488808 2.626308 42.156112
v 51.426102 2.818909 38.795609
v 51.488800 2.626308 38.795609
v 49.396099 1.558807 38.796008
v 47.837704 0.000008 42.156112
v 39.586700 0.213997 33.640278
v 42.999599 1.704609 32.483609
v 42.999199 0.200008 33.928807
v 42.999199 0.200008 33.653710
v 42.999592 1.541912 32.364705
v 43.000000 2.813808 30.380808
v 42.999905 2.621506 30.318211
v 39.586700 3.000008 28.013905
v 43.000099 3.200008 28.029707
v 43.000000 3.000008 28.013911
v 43.000099 3.200008 25.699608
v 39.586700 3.000000 -22.310296
v 43.000099 3.200001 -19.937993
v 43.000099 3.000000 -22.310296
v 43.000099 3.200001 -22.325889
v 43.000000 2.818901 -24.683190
v 42.999901 2.626301 -24.621491
v 42.999599 1.558800 -26.681892
v 83.023697 1.541897 -43.499992
v 84.332809 0.200092 -43.499992
v 83.023697 1.541897 -40.139794
v 81.008698 2.813801 -40.139396
v 80.945000 2.621498 -40.139488
v 78.620598 3.200001 -40.139289
v 78.604599 3.000000 -40.139396
v 66.249901 3.200001 -40.139289
v 53.836304 3.000000 -40.139396
v 53.836231 3.000000 -43.499992
v 53.820400 3.200001 -40.139289
v 51.488808 2.626301 -43.499992
v 51.426102 2.818901 -40.139396
v 51.488804 2.626297 -40.139488
v 49.277000 1.722599 -40.139794
v 49.396099 1.558800 -40.139794
v 47.557854 0.200001 -40.140190
v 48.037701 0.200001 -40.140190
v 33.842304 0.188515 -33.866996
v 32.521900 1.541901 -30.506889
v 30.506800 2.813801 -30.506493
v 30.443199 2.621498 -30.506493
v 28.118799 3.200001 -30.506393
v 28.102800 3.000000 -30.506393
v 0.000050 3.200001 -30.506393
v -28.102659 3.000000 -30.506393
v 86.242798 0.000008 42.156109
v 86.500000 0.000008 42.156109
v 43.001999 0.200001 -30.503692
v 43.001999 0.000000 -30.504792
v 42.999100 0.197746 -36.200989
v 42.999100 0.000000 -36.200996
v 47.000198 0.200001 -40.140190
v 46.754200 0.200001 -39.897987
v 47.000103 0.000000 -40.140297
v 89.087502 0.200008 34.857208
v 85.086502 0.200008 38.796406
v 85.234001 0.200008 38.651108
v 85.234100 0.000008 38.651207
v 85.086540 0.000008 38.796509
v 43.004501 0.200008 38.796109
v 43.257099 0.000008 38.796406
v 43.004501 0.000008 38.796208
v 43.001400 0.200001 -30.420089
v 42.999104 0.000000 -30.294624
v 43.000198 0.000000 -30.416497
v 39.586700 0.000000 -30.418090
v 39.586700 0.000008 33.845806
v 42.999199 0.200008 38.531208
v 42.999100 0.000008 38.531308
v 47.837704 0.000008 38.796406
v 84.807404 0.000008 42.156208
v 86.647690 0.000008 42.010720
v 88.888000 0.200008 35.053607
v 89.087601 0.000008 34.857208
v 92.500000 0.000008 33.845913
v 45.586700 0.000000 -43.499992
v 43.210602 0.200001 -36.409187
v 43.210499 0.000000 -36.409187
v 42.999100 0.200001 -30.893196
v 42.999100 0.000000 -30.893966
v 34.026199 0.000000 -30.507293
v 42.999104 0.000008 33.845806
v 34.026199 0.000000 -33.866996
v 89.087601 0.000008 33.845806
v 84.528000 0.000008 42.156109
v 84.528000 0.000008 38.796509
v 42.999100 0.000000 -28.216194
v 47.837799 0.000000 -40.140297
v 92.500000 0.000000 -37.592689
v 85.086502 0.200001 -40.140190
v 85.086510 0.000000 -40.140297
v 89.087502 0.200001 -36.200996
v 88.887802 0.200001 -36.397697
v 88.887802 0.000000 -36.397697
v 89.087601 0.000000 -36.200966
v 89.087502 0.200001 -35.944496
v 85.265404 0.200001 -39.964088
v 85.257042 0.000000 -39.972419
v 84.528000 0.000000 -43.499992
v 89.087601 0.000000 -35.175491
v 84.528000 0.000000 -40.140297
v 39.793598 0.000000 -30.417991
v 42.793301 0.000000 -30.416587
v 39.586700 0.000000 -28.216194
v 39.586700 1.558800 -26.681892
v 39.586700 2.626301 -24.621491
v 48.033623 0.195930 42.156112
v 49.396095 1.558804 42.156112
v 80.945000 2.621510 42.156112
v 83.023697 1.541908 42.156112
v 89.301155 0.000008 33.845913
v 89.294403 0.200008 33.653710
v 89.293999 1.541908 32.364708
v 89.293701 2.621506 30.318207
v 92.500000 2.626301 -31.580894
v 92.500000 1.558800 -33.641197
v 92.500000 0.199821 -34.978874
v 92.500000 0.000000 -35.175499
v 78.604599 3.000000 -43.499992
v 49.396095 1.558792 -43.499992
v 48.045551 0.207848 -43.499992
v 47.837799 0.000000 -43.499992
v 42.826691 0.000000 -30.507293
v 32.521896 1.541901 -33.866996
v 30.443199 2.621498 -33.866996
v 25.752199 5.243801 -30.505692
v 25.752199 9.376400 -30.504394
v -25.752100 9.376400 -30.504494
v -25.752100 5.243801 -30.505692
v 39.586700 7.577501 -19.937993
v 39.586700 7.680809 42.156112
v 89.085999 5.243801 -26.897293
v 56.245800 5.243797 -40.138694
v 39.686699 5.243801 -30.418191
v 42.901402 0.200298 -30.419991
v 39.686699 0.200001 -30.418191
v 76.253998 5.243809 38.794808
v 43.000702 5.243805 25.699608
v 39.625801 7.688702 -19.937993
v 39.640301 7.691601 -19.937993
v 42.266098 9.484901 -19.937993
v 43.002602 9.484901 -19.937993
v 43.001999 9.376400 -19.937993
v 43.000702 5.243801 -19.937993
v 56.245800 8.089409 41.673706
v 56.245800 8.207809 41.260006
v 56.245800 8.650808 40.919505
v 56.245800 9.117908 40.849007
v 56.245800 9.376408 38.793506
v 56.245800 5.243809 38.794808
v 89.084099 9.484907 25.699608
v 89.084602 9.376408 25.699608
v 89.085899 5.243805 25.699608
v 25.752199 8.650700 -32.630395
v 25.752199 9.117901 -32.559891
v -40.944099 9.312099 -32.530494
v 41.441101 9.384901 -30.418090
v 41.034000 9.238201 -30.418191
v 40.937599 8.609802 -30.418191
v 40.555599 8.120401 -30.418191
v 39.989300 7.960899 -30.418191
v 39.941002 7.650000 -30.418191
v 39.705200 7.602600 -30.418191
v 89.201897 9.502909 34.903817
v 90.439301 9.502909 35.408409
v 90.239700 9.502909 35.604908
v 85.769333 9.502909 40.006295
v 88.016800 9.502909 37.793506
v 90.439301 9.502909 34.058709
v 90.439301 73.333805 35.408402
v 85.646400 73.333805 40.127304
v 84.369118 73.333805 39.933765
v 85.813889 73.333805 39.962426
v 88.016800 73.333805 37.793499
v 90.439301 73.333805 34.058701
v 90.242256 73.333805 34.070423
v 90.239700 9.675308 35.604908
v 85.793999 9.675308 39.982005
v 88.016800 9.675308 37.793408
v 90.439301 36.422585 35.142704
v 90.439301 9.502909 34.084885
v 84.357201 9.675308 38.909008
v 84.357201 9.502909 38.909008
v 90.439301 9.675308 34.058709
v 84.371300 73.333805 38.922798
v 84.357201 73.210407 38.908901
v 84.357201 73.210407 40.028801
v 90.339302 73.210407 34.058701
v 89.201897 73.210407 34.058701
v 89.216003 73.333805 34.072602
v 84.357201 65.368206 40.127301
v 84.357201 73.333805 40.127301
v 90.439301 68.697704 34.058701
v 85.793999 73.210407 39.981999
v 88.016800 73.210407 37.793399
v 90.437508 11.937584 34.058709
v 90.439301 11.937609 34.160508
v 90.239700 11.937609 35.604908
v 85.793999 36.988159 39.982003
v 89.201897 9.502909 34.058709
v 84.448402 9.502909 38.909008
v 90.439301 64.185001 35.408402
v 90.239700 64.185001 35.604900
v 85.793999 64.185001 39.981999
v 88.016800 64.185001 37.793399
v 84.357201 64.185001 38.900700
v 90.355148 63.111855 34.058701
v 89.201897 63.111855 34.058701
v 90.520302 65.344402 35.491298
v 90.828300 65.339603 35.794499
v 90.726799 64.261105 35.694600
v 90.520302 64.289104 35.491298
v 90.679298 73.242901 35.647801
v 90.520302 73.242901 35.491298
v 90.520302 73.342907 35.491298
v 90.679298 73.342907 35.647801
v 90.834801 73.242901 35.800801
v 90.854797 73.342907 35.820599
v 90.741592 64.158688 35.709065
v 90.520302 64.188602 35.491298
v 91.301498 64.520206 36.260399
v 91.301498 64.985302 36.260399
v 91.372200 65.045506 36.330002
v 91.372200 64.467800 36.330002
v 90.980896 65.338490 35.944657
v 90.999199 64.224201 35.962699
v 91.018204 64.121204 35.981400
v 90.909302 65.392101 35.874199
v 90.872803 65.615902 35.838200
v 90.941704 65.593700 35.906102
v 90.906998 72.360104 35.871899
v 91.138100 72.553104 36.099499
v 91.208801 72.495602 36.169102
v 90.941902 72.275402 35.906300
v 91.138100 72.978901 36.099499
v 91.208801 73.034801 36.169102
v 90.745903 72.227207 35.713402
v 90.882004 72.226101 35.847401
v 91.493301 69.472103 36.449200
v 91.562798 69.453205 36.517601
v 91.626297 70.675907 36.580201
v 91.698997 70.685604 36.651699
v 91.368599 71.696606 36.326401
v 91.426697 71.763905 36.383599
v 90.910896 72.085003 35.875801
v 90.947304 72.170704 35.911599
v 90.520302 70.676807 35.491298
v 90.520302 72.230801 35.491298
v 90.449600 72.231907 35.421700
v 90.449600 73.242901 35.421601
v 90.449600 73.342907 35.421700
v 90.449600 64.198200 35.421601
v 90.449600 64.298702 35.421700
v 90.449600 65.345501 35.421601
v 90.449600 70.676907 35.421601
v 85.751404 65.344402 40.186599
v 85.751404 64.289104 40.186599
v 85.957802 64.261105 40.389901
v 86.059303 65.339603 40.489800
v 85.910400 73.242901 40.343102
v 85.910400 73.342907 40.343102
v 85.680702 73.342915 40.117005
v 86.065804 73.242901 40.496201
v 86.085800 73.342915 40.515900
v 85.769272 64.186176 40.204190
v 85.971893 64.158787 40.403672
v 86.603203 64.467800 41.025299
v 86.603203 65.045513 41.025299
v 86.248596 65.311001 40.676102
v 86.215500 65.222607 40.643601
v 86.230202 64.224201 40.658000
v 86.249214 64.121212 40.676712
v 86.140297 65.392101 40.569499
v 86.172699 65.593700 40.601399
v 86.103798 65.615902 40.533600
v 86.138000 72.360104 40.567200
v 86.176300 72.278210 40.604950
v 86.439796 72.495602 40.864403
v 86.439796 73.034801 40.864399
v 86.369102 72.978901 40.794800
v 85.976997 72.227207 40.408698
v 86.112999 72.226101 40.542701
v 86.793800 69.453205 41.213002
v 86.724403 69.472103 41.144500
v 86.930000 70.685604 41.347000
v 86.857399 70.675907 41.275502
v 86.657700 71.763912 41.078896
v 86.141899 72.085003 40.571099
v 86.178299 72.170704 40.606900
v 85.751404 70.676807 40.186599
v 85.751404 72.230801 40.186599
v 85.680702 64.198200 40.117001
v 90.311867 73.342915 35.557372
v 85.853287 73.342915 39.946998
v 90.688202 73.342907 35.984501
v 90.353798 64.188602 35.655301
v 91.205597 65.045506 36.494000
v 91.205597 64.467800 36.494000
v 90.850998 65.311001 36.144799
v 90.851601 64.121204 36.145401
v 90.742699 65.392101 36.038201
v 90.775101 65.593700 36.070099
v 91.042198 72.495602 36.333100
v 90.775299 72.275402 36.070301
v 91.042198 73.034801 36.333100
v 90.715500 72.226101 36.011398
v 91.396202 69.453205 36.681598
v 91.532402 70.685604 36.815701
v 91.260101 71.763905 36.547600
v 90.780701 72.170704 36.075600
v 90.283096 64.198200 35.585701
v 90.283096 72.231907 35.585701
v 90.283096 73.242901 35.585701
v 90.283096 64.298702 35.585701
v 90.283096 65.345501 35.585701
v 90.283096 70.676907 35.585701
v 86.769798 64.467800 40.861302
v 86.769798 65.045506 40.861302
v 86.415199 65.311001 40.512101
v 86.306801 65.392101 40.405499
v 86.339302 65.593700 40.437401
v 86.606400 72.495602 40.700402
v 86.606400 73.034801 40.700402
v 86.279602 72.226101 40.378701
v 86.960403 69.453205 41.049000
v 87.096603 70.685604 41.182999
v 86.824303 71.763905 40.914901
v 86.344803 72.170704 40.442902
v 85.854530 64.198208 39.945778
v 89.467300 10.767708 36.365406
v 89.355202 10.767708 36.475808
v 86.566399 10.767708 39.221508
v 86.566399 11.427258 39.221508
v 86.566399 63.092709 39.221501
v 86.679001 63.092709 39.110699
v 89.467300 63.092709 36.365399
v 89.467300 62.983208 36.365399
v 89.361198 10.917709 36.469807
v 89.249100 10.917709 36.580208
v 86.672401 10.917709 39.117112
v 86.672401 62.942699 39.117103
v 86.785004 62.942608 39.006199
v 89.361206 62.942673 36.469799
v 86.425003 11.067709 38.664509
v 86.318901 10.917709 38.769009
v 86.424301 10.917709 38.665207
v 86.530296 11.067709 38.560807
v 86.318901 62.942707 38.769001
v 88.901604 62.792709 36.226101
v 89.007698 62.942608 36.121701
v 88.892601 62.942707 36.235100
v 88.786499 62.792709 36.339500
v 88.901604 11.067709 36.226208
v 89.007698 10.917709 36.121707
v 89.007698 11.066910 36.121707
v 88.901604 11.216908 36.226109
v 85.281403 9.502909 38.763707
v 87.141899 9.502909 36.932006
v 88.016800 10.767708 37.793506
v 86.671700 10.767708 39.117809
v 88.016800 63.092709 37.793399
v 89.352203 63.092709 36.478699
v 88.016800 10.917709 37.793408
v 86.777802 10.917709 39.013310
v 88.016800 62.942707 37.793399
v 89.246101 62.942707 36.583100
v 87.663300 11.067709 37.445309
v 87.663300 10.917709 37.445408
v 87.780800 11.067709 37.329708
v 87.663300 62.792709 37.445301
v 87.663300 62.942707 37.445401
v 87.547203 62.792709 37.559601
v 88.789497 11.067709 36.336609
v 88.642998 11.289707 36.480709
v 88.530899 11.289707 36.591107
v 87.663300 11.216908 37.445408
v 87.921898 11.289707 37.190708
v 87.921898 11.438908 37.190708
v 87.791801 62.792709 37.318801
v 88.041000 62.570709 37.073502
v 88.527901 62.570709 36.594101
v 88.901604 62.683208 36.226101
v 88.642998 62.570709 36.480702
v 88.642998 62.461208 36.480702
v 87.529701 11.067709 37.576808
v 87.287804 11.289707 37.815110
v 86.788902 11.289707 38.306206
v 86.425003 11.216908 38.664509
v 86.683601 11.289707 38.409909
v 86.774406 11.367708 38.320507
v 86.537498 62.792709 38.553700
v 86.683502 62.570709 38.409901
v 86.796097 62.570709 38.299098
v 87.663300 62.683208 37.445401
v 87.404701 62.570709 37.699902
v 87.404701 62.461208 37.699902
v 88.905701 62.492706 36.918305
v 88.366302 62.492706 37.449406
v 87.667397 62.492706 38.137505
v 87.127998 62.492706 38.668599
v 88.012703 11.367708 37.101311
v 88.033302 11.289707 37.081009
v 88.012703 62.492706 37.101303
v 87.921898 62.570709 37.190701
v 87.921898 62.461208 37.190701
v 88.552200 62.492706 36.570202
v 88.436996 62.492706 36.683498
v 88.552200 11.367708 36.570206
v 88.642998 11.688259 36.480709
v 86.879799 11.367708 38.216808
v 86.774406 62.492706 38.320500
v 86.683502 62.461208 38.409901
v 87.288597 62.570709 37.814202
v 87.197800 62.492706 37.903702
v 87.313797 11.367708 37.789410
v 87.404701 11.289707 37.699910
v 87.404701 11.438908 37.699910
v 86.396729 62.942707 38.692353
v 89.007706 62.085175 36.121704
v 88.895599 10.917709 36.232109
v 88.437912 11.367708 36.682671
v 88.905701 11.367708 36.918312
v 87.202797 11.367708 37.898808
v 87.667397 11.367708 38.137512
v 86.887001 62.492706 38.209702
v 89.467300 10.916908 36.365406
v 89.007698 11.937609 36.121707
v 88.901604 11.937609 36.226208
v 87.663300 11.937609 37.445408
v 87.921898 11.937609 37.190708
v 86.425003 11.937609 38.664509
v 86.683601 11.937609 38.409909
v 88.366302 11.367708 37.449414
v 87.127998 11.367708 38.668610
v 87.404701 11.937609 37.699910
v 89.467300 62.038708 36.365399
v 88.901604 62.038708 36.226199
v 88.642998 62.038708 36.480702
v 87.663300 62.038708 37.445301
v 87.313797 62.492706 37.789402
v 87.921898 62.038708 37.190701
v 86.683502 62.038708 38.409901
v 86.566399 62.510960 39.221501
v 88.552200 62.383209 36.570202
v 90.239700 62.038708 35.604900
v 90.439301 62.038708 34.160500
v 90.439301 62.038708 34.058701
v 90.439301 62.038708 35.408501
v 85.646400 9.502909 40.127308
v 84.357201 9.502909 40.127308
v 84.357201 62.038708 38.898800
v 89.467300 11.937609 36.365406
v 86.774399 11.937609 38.320507
v 84.357201 11.937609 38.928910
v 88.991623 9.502909 35.110816
v 85.133904 9.502909 38.908909
v 84.876045 9.502909 38.908909
v 84.316093 9.502899 -41.471093
v 85.860001 9.502899 -41.274589
v 90.309875 9.502899 -36.893394
v 84.289505 9.502899 -41.471093
v 85.660400 73.333805 -41.471100
v 85.830597 73.333805 -41.303459
v 89.237000 73.333805 -36.226799
v 90.453300 73.333805 -36.752305
v 90.256302 73.333805 -35.471283
v 90.312675 73.333805 -36.890649
v 88.012100 73.333805 -38.995597
v 88.082802 73.333805 -39.086098
v 84.414101 73.333805 -40.231896
v 84.289497 73.333805 -41.372596
v 85.860001 9.675299 -41.274589
v 90.453300 9.502899 -36.752296
v 90.305702 9.675299 -36.897491
v 88.082802 9.675299 -39.086098
v 89.215797 9.675299 -35.482994
v 89.215897 9.502899 -35.482994
v 84.289497 9.675299 -41.471093
v 89.229897 73.333805 -35.469102
v 89.215897 73.210407 -35.483001
v 90.353302 73.210407 -35.483001
v 84.289505 73.333805 -41.471100
v 84.289497 73.210407 -40.252800
v 84.303596 73.333805 -40.238899
v 90.453300 65.368198 -35.483001
v 90.453300 73.333805 -35.483001
v 88.082802 73.210407 -39.086098
v 84.289497 11.937599 -41.469292
v 84.392899 11.937599 -41.471093
v 85.660400 9.502899 -41.471093
v 85.860001 11.937599 -41.274589
v 90.305702 36.988148 -36.897500
v 90.453300 9.502899 -35.482994
v 89.215904 9.502899 -35.512893
v 85.859901 64.185001 -41.274605
v 90.305702 64.185001 -36.897500
v 88.082802 64.185001 -39.086098
v 89.206833 63.477390 -35.483001
v 84.289505 9.502899 -40.252792
v 85.744499 65.344402 -41.550896
v 86.052498 65.339603 -41.854104
v 85.950996 64.261105 -41.754203
v 85.749809 64.187885 -41.556121
v 85.885796 73.342915 -41.689964
v 85.726273 73.342915 -41.532952
v 86.079002 73.342915 -41.880195
v 85.946877 64.161251 -41.750129
v 86.596405 64.467800 -42.389603
v 86.525703 64.985302 -42.320000
v 86.596397 65.045506 -42.389595
v 86.208702 65.222607 -42.007896
v 86.241798 65.311001 -42.040505
v 86.242378 64.121204 -42.041085
v 86.133400 65.392101 -41.933799
v 86.096901 65.615902 -41.897895
v 86.165901 65.593700 -41.965698
v 86.131203 72.360104 -41.931603
v 86.362297 72.553104 -42.159095
v 86.432999 72.495602 -42.228699
v 86.166100 72.275402 -41.965905
v 86.432991 73.034809 -42.228699
v 85.970100 72.227207 -41.773002
v 86.106201 72.226101 -41.907006
v 86.717499 69.472103 -42.508903
v 86.787003 69.453205 -42.577301
v 86.850502 70.675907 -42.639801
v 86.923203 70.685604 -42.711296
v 86.592796 71.696606 -42.386001
v 86.650803 71.763905 -42.443199
v 86.135101 72.085003 -41.935403
v 86.171402 72.170704 -41.971200
v 85.744499 70.676807 -41.550896
v 85.744499 72.230801 -41.550896
v 85.673805 73.342915 -41.481300
v 85.673805 64.198200 -41.481300
v 90.513496 65.344402 -36.855598
v 90.720001 64.261105 -37.058900
v 90.821404 65.339504 -37.158798
v 90.672501 73.242901 -37.012100
v 90.672501 73.342907 -37.012100
v 90.827904 73.242901 -37.165199
v 90.848000 73.342907 -37.184898
v 90.521652 64.187496 -36.863624
v 90.714409 64.161449 -37.053291
v 91.365402 64.467800 -37.694305
v 91.365402 65.045498 -37.694305
v 91.010696 65.311001 -37.345100
v 90.977699 65.222607 -37.312599
v 90.992401 64.224201 -37.327003
v 91.011398 64.121204 -37.345695
v 90.902397 65.392101 -37.238503
v 90.934898 65.593700 -37.270401
v 90.865898 65.615803 -37.202599
v 90.900101 72.360104 -37.236198
v 90.935097 72.275402 -37.270599
v 91.202003 72.495609 -37.533402
v 91.202003 73.034801 -37.533402
v 91.131302 72.978901 -37.463799
v 90.739098 72.227207 -37.077706
v 90.875198 72.226101 -37.211700
v 91.556000 69.453205 -37.881996
v 91.486504 69.472103 -37.813598
v 91.692101 70.685604 -38.015999
v 91.619499 70.675907 -37.944496
v 91.419800 71.763927 -37.747894
v 90.903999 72.085003 -37.240104
v 90.940399 72.170704 -37.275901
v 90.513496 70.676807 -36.855598
v 90.513496 72.230801 -36.855598
v 90.442802 73.342915 -36.786003
v 90.442802 64.198200 -36.786003
v 90.501762 73.342915 -36.844047
v 86.763000 65.045506 -42.225602
v 86.763000 64.467800 -42.225602
v 86.408302 65.311001 -41.876503
v 86.408897 64.121204 -41.877098
v 86.300003 65.392101 -41.769799
v 86.332497 65.593700 -41.801797
v 86.599602 72.495602 -42.064705
v 86.332603 72.275402 -41.801903
v 86.599602 73.034801 -42.064705
v 86.272797 72.226101 -41.743003
v 86.953598 69.453205 -42.413300
v 87.089699 70.685604 -42.547294
v 86.817398 71.763905 -42.279198
v 86.337997 72.170704 -41.807197
v 85.812935 64.198200 -41.344338
v 85.813980 73.342915 -41.343315
v 85.840401 65.345501 -41.317299
v 90.681396 73.342907 -37.348899
v 91.198799 64.467800 -37.858299
v 91.198799 65.045506 -37.858299
v 90.844200 65.311001 -37.509101
v 90.844803 64.121204 -37.509697
v 90.735901 65.392101 -37.402504
v 90.768303 65.593700 -37.434395
v 90.768501 72.275402 -37.434600
v 91.035400 72.495602 -37.697395
v 91.035400 73.034801 -37.697395
v 90.708603 72.226101 -37.375702
v 91.389397 69.453205 -38.045997
v 91.525597 70.685604 -38.180000
v 91.253304 71.763905 -37.911904
v 90.773804 72.170704 -37.439903
v 90.265007 73.342915 -36.961021
v 90.267502 64.198200 -36.958565
v 86.632401 10.767700 -40.514091
v 86.744499 10.767700 -40.403694
v 89.533302 10.767700 -37.657998
v 89.533302 11.427250 -37.657998
v 89.533302 63.092701 -37.657998
v 89.420700 63.092701 -37.768798
v 86.632401 63.092701 -40.514099
v 86.632401 62.510952 -40.514099
v 86.738403 10.917698 -40.409691
v 86.850601 10.917698 -40.299293
v 89.427200 10.917698 -37.762397
v 89.427200 11.502249 -37.762397
v 89.427200 62.942699 -37.762397
v 89.314598 62.942600 -37.873298
v 86.738403 62.942703 -40.409698
v 88.967598 11.067699 -37.518791
v 89.073700 10.917700 -37.414299
v 88.968300 10.917698 -37.518089
v 88.862198 11.067699 -37.622490
v 88.967598 62.792702 -37.518798
v 89.073700 62.942600 -37.414299
v 89.073700 62.435947 -37.414299
v 88.967598 62.683201 -37.518798
v 86.490997 62.792702 -39.957199
v 86.384903 62.942703 -40.061608
v 86.500000 62.942699 -39.948295
v 86.606003 62.792702 -39.843895
v 86.490997 11.067699 -39.957192
v 86.384903 10.917700 -40.061592
v 86.490997 11.216900 -39.957192
v 89.137802 9.502899 -36.324470
v 87.207802 9.502899 -38.224595
v 88.082802 10.767700 -39.086098
v 89.427902 10.767700 -37.761695
v 88.082802 63.092701 -39.086098
v 86.747498 63.092701 -40.400795
v 88.082802 10.917698 -39.086098
v 89.321899 10.917698 -37.866188
v 88.082802 62.942600 -39.086098
v 86.853500 62.942699 -40.296394
v 87.729301 11.067699 -38.737991
v 87.729301 10.917698 -38.737991
v 87.611801 11.067699 -38.853692
v 87.729301 62.792702 -38.737999
v 87.729301 62.942699 -38.737999
v 87.845299 62.792702 -38.623696
v 86.603104 11.067699 -39.846794
v 86.749496 11.289700 -39.702592
v 86.861702 11.289700 -39.592194
v 87.729301 11.216900 -38.737991
v 87.470703 11.289700 -38.992591
v 87.470703 11.688250 -38.992591
v 87.600700 62.792702 -38.864494
v 87.351601 62.570702 -39.109794
v 86.864601 62.570702 -39.589195
v 86.490997 62.683201 -39.957199
v 86.749496 62.570702 -39.702599
v 86.749496 62.461201 -39.702599
v 87.862801 11.067699 -38.606491
v 88.104797 11.289700 -38.368294
v 88.603600 11.289700 -37.877098
v 88.967598 11.216900 -37.518791
v 88.709000 11.289700 -37.773391
v 88.709000 11.438900 -37.773391
v 88.855003 62.792702 -37.629601
v 88.709000 62.570702 -37.773400
v 88.596397 62.570702 -37.884201
v 87.729301 62.683201 -38.737999
v 87.987900 62.570599 -38.483398
v 87.987900 62.249950 -38.483398
v 87.193909 62.492702 -39.961205
v 87.733398 62.492702 -39.430107
v 88.432297 62.492599 -38.741996
v 88.971703 62.492699 -38.210900
v 88.971703 62.210949 -38.210900
v 88.432297 62.210949 -38.741996
v 87.379799 11.367699 -39.081994
v 87.359200 11.289700 -39.102287
v 87.104813 11.367699 -39.352775
v 87.379799 62.492702 -39.082000
v 87.470703 62.570702 -38.992600
v 87.470703 62.461201 -38.992600
v 86.840408 62.492702 -39.613105
v 86.840401 11.367699 -39.613090
v 86.749496 11.438900 -39.702592
v 86.840401 11.516899 -39.613090
v 88.618202 11.367699 -37.862794
v 88.512802 11.367699 -37.966591
v 88.618103 62.492699 -37.862800
v 88.709000 62.461201 -37.773400
v 88.618103 62.383202 -37.862800
v 88.078697 62.492699 -38.393898
v 88.103897 62.570702 -38.369103
v 88.194801 62.492699 -38.279594
v 88.078697 11.367699 -38.393898
v 87.987900 11.289700 -38.483390
v 87.987900 11.438900 -38.483390
v 88.961098 62.942699 -37.525201
v 86.497002 10.917698 -39.951194
v 87.194000 11.367699 -39.961189
v 86.952499 11.367699 -39.502693
v 87.264000 62.492699 -39.195999
v 88.189796 11.367699 -38.284591
v 88.432304 11.367699 -38.741996
v 88.423103 62.492699 -38.504295
v 88.528229 62.492702 -37.951394
v 86.632401 10.916899 -40.514091
v 86.738403 11.502249 -40.409691
v 86.490997 11.937599 -39.957192
v 87.729301 11.937599 -38.737991
v 88.967598 11.937599 -37.518791
v 88.709000 11.937599 -37.773391
v 87.733398 11.367699 -39.430091
v 88.971703 11.516899 -38.210891
v 88.971703 11.367699 -38.210891
v 87.379799 11.727249 -39.081994
v 86.749496 11.937599 -39.702592
v 86.840401 36.988148 -39.613090
v 88.618103 11.516899 -37.862794
v 87.987900 11.937599 -38.483390
v 87.194000 11.937599 -39.961189
v 88.967598 62.038700 -37.518798
v 86.490997 62.038700 -39.957199
v 86.749496 62.038700 -39.702599
v 87.729301 62.038700 -38.737999
v 87.193901 62.038700 -39.961205
v 87.470703 62.038700 -38.992600
v 88.709000 62.038700 -37.773400
v 88.618103 62.038700 -37.862800
v 89.533302 62.510952 -37.657998
v 89.427200 62.435947 -37.762397
v 88.078697 62.210949 -38.393898
v 85.859901 62.038700 -41.274605
v 84.392899 62.038700 -41.471100
v 84.289497 62.038700 -41.471100
v 89.236107 11.938425 -35.482994
v 89.205498 62.038700 -35.483001
v 86.632401 11.937599 -40.514091
v 88.971703 11.937599 -38.210891
v 88.618202 11.937599 -37.862794
v 85.350365 9.502899 -40.053375
v 41.747314 9.502899 -36.850654
v 46.440292 9.502899 -41.471093
v 43.897926 9.502899 -38.968072
v 41.647400 9.502899 -35.402496
v 42.884804 73.333805 -36.247596
v 41.841618 73.333805 -36.943497
v 47.729401 73.333805 -41.471100
v 46.440201 73.333805 -41.471100
v 46.285534 73.333805 -41.318740
v 44.034500 73.333805 -39.102546
v 41.747398 73.333805 -36.445800
v 41.647400 73.333805 -36.752296
v 41.647400 73.333714 -35.402504
v 41.744194 73.333805 -35.402504
v 46.440300 9.675299 -41.471093
v 46.292702 9.675299 -41.325798
v 41.647400 9.675299 -35.504387
v 47.729401 9.675299 -40.252792
v 47.729401 9.502899 -40.252792
v 41.647400 9.675299 -35.402488
v 47.729401 73.333805 -40.252800
v 47.729401 73.210407 -40.252800
v 42.884804 73.333805 -35.402504
v 41.649204 11.937546 -35.402496
v 41.647400 11.937599 -35.504387
v 41.647400 9.502899 -36.752296
v 46.292702 36.988148 -41.325798
v 46.440201 11.937599 -41.471093
v 47.729401 9.502899 -41.471093
v 41.846901 64.185001 -36.948700
v 46.292702 64.185001 -41.325798
v 44.069801 64.185001 -39.137298
v 47.729401 64.185001 -40.244599
v 41.566299 65.344402 -36.835098
v 41.258400 65.339603 -37.138298
v 41.359798 64.261105 -37.038398
v 41.566299 64.289104 -36.835098
v 41.407299 73.242901 -36.991700
v 41.391769 73.342915 -37.006996
v 41.231899 73.342907 -37.164398
v 41.366600 64.161602 -37.031799
v 41.555065 64.187077 -36.846168
v 40.714500 64.467800 -37.673805
v 40.785198 64.985302 -37.604194
v 40.714500 65.045506 -37.673805
v 41.102200 65.222607 -37.292099
v 41.069099 65.311001 -37.324600
v 41.087502 64.224201 -37.306603
v 41.068501 64.121204 -37.325294
v 41.177399 65.392101 -37.217994
v 41.213902 65.615803 -37.182099
v 41.145000 65.593700 -37.249901
v 41.179699 72.360104 -37.215798
v 40.948601 72.553104 -37.443299
v 40.877899 72.495602 -37.512901
v 41.144798 72.275402 -37.250099
v 40.948601 72.978901 -37.443299
v 40.877800 73.034801 -37.512901
v 41.340698 72.227306 -37.057197
v 41.204613 72.226101 -37.191192
v 40.593300 69.472103 -37.793098
v 40.523800 69.453205 -37.861503
v 40.460300 70.675907 -37.924003
v 40.387699 70.685612 -37.995506
v 40.718102 71.696606 -37.670205
v 40.660000 71.763905 -37.727401
v 41.175800 72.085003 -37.219597
v 41.144447 72.174984 -37.250436
v 41.566299 70.676807 -36.835098
v 41.566299 72.230801 -36.835098
v 41.637001 73.342915 -36.765495
v 41.637001 64.198208 -36.765495
v 46.335300 65.344402 -41.530403
v 46.327969 64.187611 -41.537620
v 46.117336 64.159138 -41.744988
v 46.027302 65.339603 -41.833595
v 46.176300 73.242901 -41.687004
v 46.173962 73.342915 -41.689309
v 46.325474 73.342915 -41.540078
v 46.020802 73.242901 -41.840004
v 46.000801 73.342907 -41.859704
v 45.483398 64.467800 -42.369103
v 45.483398 65.045506 -42.369103
v 45.805500 65.286671 -42.051994
v 45.837399 64.121204 -42.020608
v 45.946400 65.392101 -41.913300
v 45.913898 65.593700 -41.945304
v 45.982899 65.615803 -41.877403
v 45.948700 72.360104 -41.911094
v 45.913700 72.275402 -41.945396
v 45.646801 72.495602 -42.208199
v 45.717499 72.553104 -42.138603
v 45.646801 73.034801 -42.208199
v 45.717499 72.978901 -42.138603
v 46.109699 72.227207 -41.752495
v 45.973598 72.226101 -41.886497
v 45.292801 69.453205 -42.556801
v 45.362301 69.472103 -42.488396
v 45.156700 70.685604 -42.690803
v 45.229301 70.675907 -42.619301
v 45.429024 71.763927 -42.422677
v 45.944801 72.085003 -41.914901
v 45.909054 72.171261 -41.950066
v 46.335300 70.676807 -41.530403
v 46.335300 72.230801 -41.530403
v 46.405998 73.342915 -41.460807
v 46.405998 64.198200 -41.460807
v 41.570000 73.342915 -36.831460
v 41.398399 73.342907 -37.328399
v 41.533100 64.161602 -37.195800
v 40.881001 65.045506 -37.837799
v 40.881001 64.467800 -37.837799
v 41.235600 65.311001 -37.488701
v 41.235001 64.121204 -37.489297
v 41.344002 65.392101 -37.381996
v 41.311501 65.593700 -37.413902
v 41.044399 72.495602 -37.676903
v 41.311298 72.275402 -37.414100
v 41.044399 73.034801 -37.676903
v 40.690399 69.453205 -38.025506
v 40.826599 71.763905 -37.891395
v 41.807156 64.198200 -36.932999
v 41.805698 73.342915 -36.931565
v 45.834301 73.342907 -41.695701
v 45.316898 64.467800 -42.205101
v 45.316898 65.045506 -42.205101
v 45.671501 65.311001 -41.855995
v 45.670898 64.121204 -41.856605
v 45.779800 65.392101 -41.749299
v 45.747398 65.593700 -41.781303
v 45.747200 72.275402 -41.781501
v 45.480202 72.495602 -42.044305
v 45.480202 73.034801 -42.044305
v 45.806999 72.226101 -41.722496
v 45.126202 69.453205 -42.392800
v 44.990101 70.685604 -42.526902
v 45.262402 71.763905 -42.258705
v 46.245502 73.342915 -41.302804
v 46.244366 64.198200 -41.301690
v 42.619400 10.767700 -37.709190
v 42.731499 10.767700 -37.819588
v 45.520302 10.767700 -40.565292
v 45.520302 36.969101 -40.565300
v 45.520302 63.092701 -40.565300
v 45.407700 63.092602 -40.454498
v 42.619400 63.092602 -37.709206
v 42.619400 62.510952 -37.709206
v 42.725403 10.917700 -37.813697
v 42.837601 10.917698 -37.924095
v 45.414200 10.917700 -40.460891
v 45.414200 62.942600 -40.460900
v 45.301601 62.942600 -40.350105
v 42.725403 62.942600 -37.813697
v 45.661701 11.067699 -40.008392
v 45.767799 10.917700 -40.112794
v 45.662399 10.917698 -40.009094
v 45.556400 11.067699 -39.904594
v 45.661701 62.792702 -40.008401
v 45.767799 62.942600 -40.112800
v 43.185001 62.792702 -37.570000
v 43.078999 62.942600 -37.465600
v 43.194099 62.942600 -37.578895
v 43.300098 62.792702 -37.683297
v 43.185101 11.067699 -37.569992
v 43.078999 10.917698 -37.465591
v 43.078999 11.066898 -37.465591
v 43.185001 11.216900 -37.569992
v 46.805565 9.502899 -40.107751
v 44.946445 9.502899 -38.277413
v 44.069801 10.767700 -39.137291
v 45.414902 10.767700 -40.461593
v 44.069801 63.092701 -39.137298
v 42.734501 63.092701 -37.822601
v 44.069801 10.917698 -39.137291
v 45.308899 10.917698 -40.357194
v 42.843124 62.942600 -37.929589
v 44.423401 11.067699 -38.789192
v 44.423401 10.917698 -38.789192
v 44.305901 11.067699 -38.673493
v 44.423401 62.792702 -38.789200
v 44.423401 62.942600 -38.789200
v 44.539398 62.792702 -38.903495
v 43.297199 11.067699 -37.680397
v 43.443600 11.289700 -37.824593
v 43.555801 11.289700 -37.934990
v 44.772804 11.367699 -39.133194
v 44.164799 11.289700 -38.534591
v 44.164799 36.969101 -38.534599
v 44.294800 62.792702 -38.662605
v 44.045700 62.570702 -38.417305
v 43.558701 62.570702 -37.937904
v 43.185001 62.683201 -37.570000
v 43.443600 62.570702 -37.824600
v 44.556900 11.067699 -38.920692
v 44.740448 11.289700 -39.101341
v 45.297798 11.289700 -39.650094
v 45.661701 36.969101 -40.008401
v 45.403099 11.289700 -39.753791
v 45.403099 11.438900 -39.753791
v 45.549099 62.792702 -39.897598
v 45.403099 62.570702 -39.753799
v 45.290501 62.570702 -39.642898
v 44.772804 62.492695 -39.133201
v 43.180901 62.492599 -38.262100
v 43.720402 62.492699 -38.793205
v 43.720402 62.210949 -38.793205
v 43.180901 62.210949 -38.262100
v 44.419300 62.492599 -39.481300
v 44.958698 62.492699 -40.012397
v 44.958698 62.210949 -40.012397
v 44.419300 62.210949 -39.481300
v 44.073898 11.367699 -38.445091
v 44.053299 11.289700 -38.424889
v 43.964600 11.367699 -38.337494
v 44.073898 62.492699 -38.445099
v 44.164799 62.570702 -38.534599
v 44.073898 62.210949 -38.445099
v 43.534504 62.492695 -37.914001
v 43.649601 62.492699 -38.027397
v 43.534500 11.367699 -37.913993
v 43.443600 11.438900 -37.824593
v 43.534504 11.754135 -37.913993
v 45.312302 11.367699 -39.664291
v 45.206902 11.367699 -39.560592
v 45.312199 62.492603 -39.664299
v 44.798000 62.570702 -39.158105
v 44.888901 62.492699 -39.247505
v 45.655201 62.942600 -40.002000
v 43.191101 10.917698 -37.575996
v 43.181004 11.367699 -38.262093
v 43.646599 11.367699 -38.024392
v 43.181000 11.516899 -38.262093
v 43.759899 62.492599 -38.528405
v 43.450199 62.492699 -38.220802
v 43.958099 62.492699 -38.331100
v 44.883900 11.367699 -39.242591
v 44.419304 11.367699 -39.481293
v 44.660702 62.492699 -39.472298
v 45.199699 62.492699 -39.553505
v 44.971001 62.492699 -39.772102
v 42.619400 11.427250 -37.709190
v 43.078999 11.937599 -37.465591
v 43.185101 11.937599 -37.569992
v 45.403099 37.093777 -39.753791
v 43.720402 11.920475 -38.793191
v 43.720402 11.367699 -38.793191
v 44.958702 11.367699 -40.012397
v 43.443600 37.093777 -37.824593
v 43.180901 11.937599 -38.262093
v 43.185001 62.038700 -37.570000
v 45.312199 62.038700 -39.664299
v 41.647400 62.038700 -35.504402
v 41.647400 62.038700 -35.402504
v 47.729401 62.038700 -40.242600
v 45.312302 11.937599 -39.664291
v 47.729401 11.937599 -40.272697
v 43.110302 9.502899 -36.469589
v 41.647400 9.484909 40.127308
v 41.647400 9.484901 -30.496093
v 41.647400 73.345005 40.127304
v 43.002605 73.345005 -30.496102
v 41.647400 73.345005 -30.496102
v 43.002605 73.345005 40.127304
v 43.002605 9.484901 -30.496093
v 43.002605 9.484909 40.127308
v 85.073502 5.175697 -40.108596
v 88.870903 5.175701 -36.091896
v 43.207901 5.175701 -36.091896
v 47.005302 5.175697 -40.108596
v 43.007900 5.175701 -36.173493
v 46.730461 5.175697 -39.838006
v 88.810066 5.175701 -36.430276
v 89.070908 5.175701 -36.173484
v 89.070908 5.175709 34.837296
v 88.870796 5.175709 34.755707
v 88.886536 5.175709 35.018715
v 85.223122 5.175709 38.625126
v 85.073502 5.175709 38.772309
v 43.263077 5.175610 38.772309
v 43.013302 5.175610 38.772106
v 43.007900 5.175606 38.507313
v 85.073509 5.699299 -40.108596
v 47.005302 5.699299 -40.108596
v 88.815880 5.699299 -36.424553
v 43.007900 5.699299 -36.173493
v 46.728508 5.699299 -39.836082
v 89.070908 5.699299 -36.173484
v 88.885681 5.699306 35.019554
v 89.070900 5.699306 34.571708
v 89.070900 5.699306 34.837307
v 85.223389 5.699310 38.624859
v 85.073502 5.699310 38.772309
v 43.007900 5.699310 38.507313
v 43.265800 5.699310 38.772309
v 43.013302 5.699310 38.772106
v 89.070900 5.290600 -35.917190
v 89.070900 5.290607 34.837307
v 89.070900 5.290607 34.571708
v 89.070900 5.584301 -35.917190
v 89.070801 5.584309 34.571708
v 89.070900 5.584309 34.837307
v 43.011303 9.497009 40.127308
v 43.011303 10.852201 -30.496093
v 43.011303 9.497002 -30.496093
v 84.344498 10.852209 40.127308
v 84.344498 9.497009 40.127308
v 84.344498 10.852201 -30.495995
v 43.011303 10.852209 40.127308
v 43.011303 73.346500 -30.502007
v 84.344498 9.604002 -30.501991
v 84.344498 73.346500 -30.502007
v 43.011303 9.604002 -30.501991
v 43.011303 73.346500 -31.186103
v 84.352997 9.484909 38.781407
v 84.352997 9.484901 -30.496093
v 85.546707 73.345005 38.781402
v 84.352997 73.345005 -30.496102
v 84.352997 73.345005 38.781402
v 84.341904 40.160709 40.127304
v 84.341904 38.805508 40.127304
v 43.011501 40.160709 40.127304
v 43.011501 38.805508 40.127304
v 43.011501 40.160702 -30.496102
v 43.011501 38.805500 -30.496102
v 84.341904 40.160702 -30.496102
v 84.341904 38.805500 -30.496102
v 41.640900 64.160702 40.127304
v 41.640900 62.805508 40.127304
v 41.640900 62.805500 -30.496102
v 41.640900 64.160702 -30.496102
v 41.535400 62.805508 39.861901
v 41.640900 62.805500 -30.277741
v -41.535400 62.805401 -30.496102
v -41.535400 62.805401 -30.397598
v 41.535400 62.805500 -30.226600
v -41.535400 62.805500 -30.226600
v -41.535358 62.805412 40.127304
v -41.640900 64.160702 40.127304
v -41.535400 62.805408 39.861901
v 84.341904 57.160709 40.127304
v 43.011501 55.805508 40.127304
v 43.011501 57.160702 -30.496102
v 43.011501 55.805500 -30.496102
v 43.011501 57.160709 40.127304
v 84.341904 55.805508 40.127304
v 84.341904 57.160702 -30.496102
v 84.341904 55.805500 -30.496102
v 84.341904 73.341206 40.127304
v 84.341904 71.986004 40.020672
v 84.341904 71.986004 40.127304
v 84.341904 73.341206 -30.496102
v 84.341904 71.986012 -30.496102
v 84.341904 71.986004 -30.240982
v 43.011501 71.985905 40.127304
v 43.011501 73.341206 40.127304
v 43.011501 71.985905 -30.496102
v 43.123798 71.985905 -30.397607
v 43.123798 71.985905 -30.226600
v 43.011501 73.341206 -30.496102
v 43.123798 71.985905 40.028801
v 84.236298 71.986004 40.028901
v 84.236298 71.985905 39.861901
v 84.236397 71.986004 -30.397607
v 84.236397 71.985905 -30.226600
v 43.123798 71.985905 39.861901
v 84.341904 70.160702 40.127304
v 84.341904 68.805500 40.127304
v 84.341904 68.805500 -30.496102
v 43.011501 68.805500 -30.496102
v 43.011501 68.805500 40.127304
v 43.011501 70.160702 40.127304
v 43.011501 70.160702 -30.496102
v 84.341904 70.160702 -30.496102
v 90.453300 73.333805 -35.479599
v 90.453300 9.488499 -35.479492
v 90.439301 73.333805 34.055199
v 90.439301 9.488508 34.055207
v 90.439301 73.157261 33.951699
v 90.439301 73.210407 33.828301
v 90.439301 9.714258 33.951706
v 90.346375 73.333805 -1.075073
v 90.453300 73.333805 -35.386802
v 90.453300 73.210407 -35.386802
v 90.453300 41.435875 -35.386795
v 90.453300 9.660900 -35.386788
v 90.453300 9.488499 -35.408775
v 90.453201 9.660900 -35.216987
v 88.840408 9.488499 -35.443962
v 90.439598 9.488506 32.521607
v 88.827011 9.488506 31.993451
v 90.141197 19.577908 24.187806
v 90.141296 19.577908 23.995106
v 90.141296 19.749708 23.995106
v 90.439598 73.333805 32.521599
v 90.453003 73.333805 -33.956703
v 47.733799 73.333805 -41.372596
v 47.733803 9.488499 -41.471093
v 84.285400 73.333805 -41.379387
v 84.285507 9.663486 -39.844688
v 84.285507 9.488499 -41.471093
v 84.285507 9.488499 -41.344147
v 79.513298 14.327900 -41.471093
v 47.827999 73.333805 -41.372596
v 47.733803 9.488499 -41.344079
v 66.004150 73.333805 -41.372596
v 47.733803 73.333805 -41.471100
v 43.002605 9.488501 -30.503898
v 41.647400 9.488499 -35.396995
v 43.002605 9.488499 -35.396995
v 41.797401 73.345806 -31.690498
v 42.884800 73.345806 -30.619804
v 42.884800 73.345806 -31.005806
v 43.002602 73.345806 -30.503898
v 43.002602 73.345905 -30.889801
v 42.884800 73.345806 -35.249299
v 43.002605 73.345821 -35.264610
v 41.624901 73.345806 -31.690498
v 42.712299 73.345905 -30.619804
v 42.777336 73.345844 -30.503906
v 41.647400 73.345814 -35.397004
v 41.647400 73.345814 -31.838104
v 43.002605 73.345913 -35.397004
v 41.797401 73.345806 -35.396995
v 0.000000 9.488499 -31.838188
v 2.425800 14.275002 -31.838195
v 43.002602 72.573750 -30.503898
v 0.000000 73.345806 -31.838203
v 0.118400 73.229900 -31.838203
v 36.807999 68.562901 -31.838104
v 42.884800 72.573750 -35.396995
v 41.647400 9.488501 -31.838096
v 21.159851 72.245678 -30.503898
v 90.440201 68.541401 29.504498
v 90.440201 68.693401 29.504498
v 90.453201 73.210407 -35.264001
v 90.452301 68.693401 -30.770103
v 90.452400 68.693401 -30.939598
v 90.452400 41.166103 -30.939598
v 90.452400 14.177902 -30.939598
v 90.439301 9.660908 33.781109
v 90.440201 14.177906 29.311806
v 90.440201 14.177906 29.504506
v 2.425800 68.562901 -31.838203
v 90.440201 14.349707 29.504506
v 90.440208 14.327908 29.356808
v 90.440201 68.693401 29.311798
v 90.440208 68.543415 29.356800
v 90.440201 68.543407 29.164099
v 90.452400 68.541401 -30.939598
v 90.452301 68.543407 -30.791901
v 90.452301 67.835606 -30.791901
v 90.452301 14.177902 -30.770096
v 90.452301 14.327900 -30.791893
v 90.452301 14.327900 -30.622398
v 79.513298 68.543415 -41.471100
v 36.807999 14.275002 -31.838096
v 90.590195 14.327911 29.356808
v 90.590195 68.543415 29.356800
v 90.602303 68.543415 -30.791908
v 79.513298 14.327900 -41.618806
v 79.513298 68.543415 -41.618797
v 52.495003 14.327900 -41.618797
v 2.425800 14.275002 -31.985795
v 36.807999 14.275002 -31.985795
v 2.425800 68.562901 -31.985802
v 91.090202 14.527901 29.160008
v 91.090202 68.343410 29.159998
v 91.090302 68.343403 28.967299
v 91.102303 68.343403 -30.594902
v 91.102303 67.639751 -30.594902
v 91.102303 14.527899 -30.594895
v 91.102303 14.527901 -30.425392
v 79.313301 14.527897 -42.110993
v 79.313301 68.343403 -42.111000
v 52.695004 14.527897 -42.111091
v 2.625799 14.475000 -32.478096
v 36.608002 14.475000 -32.478096
v 2.625801 68.362904 -32.478103
v 91.090302 15.027920 28.667809
v 91.090302 67.843403 28.667801
v 91.090401 67.843403 28.474999
v 91.102203 67.843388 -30.102601
v 91.102203 15.027905 -30.102592
v 91.102203 15.027901 -29.933097
v 78.813301 15.027901 -42.110993
v 78.813301 67.843403 -42.111000
v 53.194904 67.692005 -42.111100
v 53.195004 15.027897 -42.111091
v 3.125800 14.975000 -32.478096
v 36.108002 14.975000 -32.478096
v 35.878101 67.862904 -32.478096
v 3.125799 67.862904 -32.478103
v 90.690399 15.227901 28.470806
v 90.690399 67.643406 28.470799
v 90.690399 67.643406 28.277998
v 90.702202 67.643414 -29.905799
v 90.702202 15.227900 -29.905792
v 90.702103 15.227901 -29.736291
v 78.613297 15.227898 -41.717194
v 78.613297 67.643406 -41.717201
v 53.394913 67.643406 -41.717201
v 53.395004 67.287052 -41.717201
v 53.395004 15.227900 -41.717194
v 3.325800 15.174999 -32.084297
v 35.908001 15.175001 -32.084297
v 35.678101 67.662907 -32.084297
v 3.325799 67.662914 -32.084304
v 90.690498 15.727905 27.978505
v 90.690491 67.143398 27.978499
v 90.690498 67.143406 27.785799
v 90.702103 67.143421 -29.413505
v 90.702003 15.727901 -29.243996
v 78.113297 15.727901 -41.717194
v 78.113297 67.143406 -41.717201
v 53.895004 15.727900 -41.717194
v 3.825800 15.674999 -32.084297
v 35.408001 15.674999 -32.084297
v 90.290497 15.927906 27.781508
v 90.290497 66.943401 27.781500
v 90.290497 66.943401 27.588799
v 90.302010 66.943401 -29.216705
v 90.302002 15.927902 -29.216698
v 90.302002 15.927902 -29.047195
v 77.913300 15.927900 -41.323388
v 77.913300 66.943409 -41.323402
v 54.095001 15.927898 -41.323388
v 4.025800 15.875000 -31.690498
v 35.208000 15.875000 -31.690491
v 34.978100 66.963001 -31.690498
v 4.025800 66.963001 -31.690506
v 90.140503 15.927906 27.781506
v 90.140503 16.622509 27.781506
v 90.140503 66.943409 27.781498
v 90.140503 66.943401 27.588698
v 90.152000 66.943409 -29.216705
v 90.152000 15.927902 -29.047195
v 77.913300 66.943409 -41.175705
v 54.095001 15.927898 -41.175697
v 77.913300 15.927900 -41.175697
v 4.025800 15.875000 -31.542793
v 35.208000 15.875000 -31.542793
v 35.208000 66.962994 -31.542808
v 4.025800 66.962910 -31.542808
v 90.140503 16.077908 27.633807
v 90.140503 16.769409 27.633807
v 90.140503 66.793407 27.633799
v 90.140602 66.793407 27.441098
v 90.152000 66.793407 -29.069000
v 90.152000 28.977551 -29.068993
v 90.152000 16.077900 -29.068993
v 90.152000 16.077900 -28.899498
v 75.563309 18.277901 -41.175697
v 56.444935 18.277901 -41.175697
v 34.978317 66.962940 -31.542802
v 90.140900 18.077908 25.664706
v 90.140900 18.249708 25.664706
v 90.140900 64.793407 25.664700
v 90.140999 64.793407 25.472000
v 90.151604 64.793407 -27.099899
v 90.151604 41.445553 -27.099891
v 90.151604 18.077900 -27.099891
v 90.151604 18.077900 -26.930397
v 6.375800 18.225000 -31.542793
v 6.375800 64.612904 -31.542802
v 90.140999 18.277908 25.467806
v 90.140999 18.449707 25.467806
v 90.140991 64.593494 25.467699
v 90.140999 64.593403 25.275000
v 90.151604 64.593403 -26.903000
v 90.151604 64.061367 -26.903007
v 90.151604 18.277901 -26.902993
v 90.151451 18.277901 -26.458892
v 75.563309 64.593410 -41.175705
v 56.444992 64.593403 -41.175705
v 56.445000 64.377605 -41.175697
v 32.858002 64.612904 -31.542802
v 32.628101 64.613003 -31.542802
v 90.341003 18.277916 25.467808
v 90.341011 64.593403 25.467801
v 90.341003 64.593403 25.275101
v 90.351501 64.593403 -26.902900
v 90.351501 64.441402 -26.902900
v 90.351601 18.277901 -26.902893
v 90.351501 18.277901 -26.733497
v 75.346802 64.593403 -41.372596
v 56.444904 64.593403 -41.372612
v 56.445000 64.377605 -41.372596
v 56.445000 18.277899 -41.372596
v 75.563309 18.277901 -41.372596
v 32.858002 18.225000 -31.739692
v 32.628101 64.612904 -31.739700
v 6.375800 64.613003 -31.739700
v 6.375800 18.225000 -31.739692
v 90.841003 18.577900 25.172512
v 90.841103 64.293407 24.979800
v 90.851501 64.293407 -26.607498
v 90.851501 63.836002 -26.607498
v 90.851501 18.577900 -26.437997
v 75.263306 64.293407 -41.864899
v 74.929871 64.293407 -41.864899
v 56.744892 64.293415 -41.864899
v 56.744900 64.077602 -41.864899
v 56.744900 18.577898 -41.864891
v 75.263306 18.577898 -41.864891
v 32.557999 18.525002 -32.231994
v 32.317890 64.312901 -32.232003
v 6.675800 64.312901 -32.232003
v 6.675800 18.525002 -32.231994
v 90.841103 19.077929 24.680304
v 90.841103 63.793404 24.680298
v 90.841202 63.793407 24.500639
v 90.851410 63.793434 -26.115197
v 90.851402 19.077900 -25.945694
v 74.763298 19.077900 -41.864891
v 74.763298 63.793400 -41.864899
v 57.244900 63.793400 -41.864899
v 7.175798 19.024998 -32.231994
v 32.057999 19.024998 -32.231994
v 7.175802 63.812996 -32.232003
v 90.341202 19.377907 24.384806
v 90.341202 19.549707 24.384806
v 90.341202 63.493404 24.384800
v 90.341202 63.493404 24.192101
v 90.351311 63.493492 -25.819900
v 90.351311 19.377899 -25.650094
v 74.463303 63.493404 -41.372612
v 57.544903 63.493401 -41.372596
v 57.544899 19.377897 -41.372596
v 74.463303 19.377899 -41.372596
v 7.475801 19.325001 -31.739692
v 31.758001 19.325001 -31.739692
v 7.475801 63.513000 -31.739700
v 90.141197 19.377907 24.384707
v 90.141197 19.549707 24.384806
v 90.141197 63.493404 24.384701
v 90.141197 63.493404 24.192000
v 90.151299 63.493435 -25.820000
v 90.151299 19.377899 -25.610160
v 57.544903 63.493404 -41.175705
v 57.544998 19.377897 -41.175697
v 31.758001 63.513000 -31.542802
v 90.141197 63.293404 24.187800
v 90.141296 63.293404 23.995100
v 90.151299 19.577900 -25.453590
v 90.151299 63.293400 -25.453598
v 90.151299 62.693897 -25.453598
v 90.452301 68.543407 -30.622398
v 90.440498 14.177906 28.072606
v 90.452103 14.177902 -29.530892
v 90.452103 14.327900 -29.389289
v 90.440498 14.327908 27.931006
v 90.602303 68.543407 -30.622398
v 90.602097 14.327900 -29.389289
v 90.590500 14.327908 27.931006
v 91.102303 68.343403 -30.425400
v 91.101997 14.527901 -29.200393
v 91.090500 14.527906 27.742306
v 91.102203 67.843403 -29.933097
v 91.101898 15.027901 -28.728492
v 91.090599 15.027906 27.270405
v 90.702103 67.643406 -29.736305
v 90.701897 15.227901 -28.539696
v 90.690697 15.227905 27.081505
v 90.702003 67.143406 -29.244003
v 90.701797 15.727901 -28.067794
v 90.690697 15.727905 26.609507
v 90.302002 66.943401 -29.047204
v 90.301804 15.927902 -27.879097
v 90.290802 15.927906 26.420706
v 90.152000 66.943401 -29.047204
v 90.151802 15.927902 -27.879097
v 90.140800 15.927906 26.420607
v 90.152000 66.793407 -28.899498
v 90.151703 16.077900 -27.737496
v 90.140800 16.077908 26.279005
v 90.151604 64.793407 -26.930397
v 90.151299 18.077900 -25.849595
v 90.141197 18.077908 24.391205
v 90.151497 64.593403 -26.733497
v 90.141197 18.277908 24.202406
v 90.351501 64.593403 -26.733497
v 90.351303 18.277901 -25.660797
v 90.341003 18.277908 25.280354
v 90.851501 64.293407 -26.437997
v 90.851196 18.577900 -25.377495
v 90.841301 18.577908 23.919306
v 90.851402 63.793400 -25.945701
v 90.851196 19.077900 -24.905494
v 90.841400 19.077908 23.447405
v 90.351303 63.493401 -25.650497
v 90.341209 19.377907 24.151236
v 90.151299 63.493401 -25.650497
v 90.141403 19.377907 23.164006
v 90.151100 19.577900 -24.433693
v 90.141502 19.577908 22.975207
v 90.151100 63.293404 -24.433700
v 90.141502 63.293404 22.975201
v 90.141502 63.141403 22.975203
v 90.151100 62.693905 -24.433700
v 90.452103 68.693401 -29.530899
v 90.440399 68.693401 28.072598
v 90.440498 68.543407 27.930998
v 90.452003 68.543407 -29.389305
v 90.590500 68.543407 27.930998
v 90.602097 68.543407 -29.389305
v 91.090500 68.343403 27.742298
v 91.101997 68.343403 -29.200401
v 91.090599 67.843403 27.270398
v 91.101898 67.843403 -28.728501
v 90.690598 67.643406 27.081498
v 90.701897 67.643406 -28.539703
v 90.690697 67.143406 26.609499
v 90.701797 67.143406 -28.067802
v 90.290802 66.943401 26.420699
v 90.301804 66.943401 -27.879105
v 90.140800 66.943401 26.420599
v 90.151703 66.943401 -27.879105
v 90.140800 66.793407 26.278998
v 90.151703 66.793407 -27.737503
v 90.141197 64.793407 24.391100
v 90.151299 64.793407 -25.849601
v 90.141197 64.593403 24.202401
v 90.151299 64.593403 -25.660805
v 90.341202 64.593403 24.202401
v 90.351303 64.593403 -25.660805
v 90.841301 64.293407 23.919300
v 90.851196 64.293407 -25.377502
v 90.851097 63.793404 -24.905503
v 90.341400 63.493404 23.164101
v 90.351097 63.493404 -24.622498
v 90.141403 63.493404 23.164000
v 90.151100 63.493404 -24.622498
v 90.440201 14.327908 29.164107
v 90.590202 14.327908 29.164107
v 91.090302 14.527906 28.967307
v 91.090401 15.027906 28.475006
v 90.690399 15.227905 28.278006
v 90.690498 15.727905 27.785807
v 90.290497 15.927906 27.588807
v 90.140503 15.927906 27.588705
v 90.140602 16.077908 27.441105
v 90.140999 18.077908 25.472006
v 90.140999 18.277908 25.275006
v 90.841103 18.577908 24.979805
v 90.841202 19.077908 24.487505
v 90.141197 19.377907 24.192006
v 90.141197 41.445557 24.187804
v 90.141296 63.141403 23.995102
v 90.452301 15.055500 -30.791893
v 90.602303 14.327900 -30.791893
v 90.702103 15.727905 -29.413491
v 90.152000 15.927902 -29.216698
v 90.140503 66.121754 27.633799
v 90.140900 64.162960 25.664700
v 90.151604 19.398300 -26.902993
v 90.351501 63.492802 -26.903000
v 90.351601 19.398300 -26.902893
v 90.851501 18.577896 -26.607491
v 90.851410 19.077902 -26.115197
v 90.341202 63.341404 24.384800
v 90.351311 19.377899 -25.819893
v 90.141197 63.341404 24.384800
v 90.151299 19.377899 -25.819992
v 90.151299 20.197201 -25.453590
v 90.141502 62.246403 22.975203
v 90.141502 20.644707 22.975207
v 90.151100 20.197201 -24.433693
v 90.141296 20.644707 23.995106
v 90.141296 62.246403 23.995102
v 90.440201 67.423603 29.504498
v 90.440201 15.467407 29.504506
v 90.690498 16.953508 27.978506
v 90.140900 19.206608 25.664706
v 90.140999 19.398308 25.467806
v 90.140999 63.492809 25.467699
v 90.341003 63.492809 25.467801
v 90.841003 64.293415 25.172505
v 90.341202 20.453007 24.384806
v 90.341202 62.438206 24.384802
v 90.141197 20.453007 24.384707
v 90.141197 62.438206 24.384703
v 90.141502 19.749708 22.975207
v 90.439598 9.660908 32.358010
v 90.452904 9.660900 -33.793892
v 90.439301 41.435905 33.951701
v 90.452904 73.210407 -33.838997
v 90.439598 73.210407 32.403302
v 58.006626 63.493408 -41.175705
v 58.498001 62.631451 -41.175697
v 52.494900 68.543415 -41.471100
v 52.494900 68.543415 -41.618797
v 77.989998 68.343403 -42.111000
v 52.694901 68.343403 -42.111100
v 53.194901 67.843403 -42.111100
v 53.895004 67.143406 -41.717201
v 54.094898 66.943409 -41.323411
v 54.094902 66.943409 -41.175705
v 75.213913 64.593502 -41.175705
v 74.665298 64.593502 -41.372596
v 57.345402 64.593403 -41.372596
v 57.611401 64.293407 -41.864899
v 73.956001 63.793400 -41.864899
v 58.054699 63.793400 -41.864899
v 58.320702 63.493500 -41.372596
v 57.463902 63.793400 -41.864899
v 57.763901 63.493401 -41.372596
v 74.463303 63.493404 -41.175705
v 52.495003 14.327900 -41.471093
v 52.494900 67.218700 -41.618797
v 52.494999 15.678200 -41.618797
v 52.694901 15.869999 -42.111091
v 53.194901 16.349298 -42.111091
v 53.394901 16.541098 -41.717194
v 53.894909 15.962082 -41.717194
v 54.094898 65.684704 -41.323402
v 54.094898 17.212198 -41.323388
v 54.095001 17.212198 -41.175697
v 55.244900 18.314749 -41.175697
v 56.445000 63.431702 -41.175697
v 56.444901 19.465298 -41.175697
v 56.444901 63.431702 -41.372596
v 56.445000 19.465298 -41.372596
v 56.744900 41.448498 -41.864891
v 57.244904 19.077900 -41.864891
v 57.544903 19.613205 -41.175697
v 74.463303 19.377899 -41.175697
v 84.285400 73.333805 -41.471100
v 75.563309 64.593403 -41.372596
v 52.494999 14.569399 -41.618797
v 52.695000 14.769398 -42.111091
v 53.195000 15.269398 -42.111091
v 53.395000 15.469398 -41.717194
v 54.094898 16.169397 -41.323388
v 54.095001 16.169397 -41.175697
v 56.445000 18.519398 -41.175697
v 56.445000 18.519398 -41.372596
v 57.544899 19.619398 -41.372596
v 31.758001 19.325001 -31.542793
v 35.115799 67.862904 -32.478096
v 3.338500 67.862904 -32.478096
v 34.924099 67.663006 -32.084297
v 3.825799 67.162907 -32.084304
v 34.252899 66.963001 -31.690498
v 34.252899 66.963001 -31.542802
v 31.999901 64.612904 -31.542802
v 31.999901 64.613003 -31.739700
v 6.588500 64.613003 -31.739700
v 6.888500 64.313007 -32.232003
v 7.475801 63.513000 -31.542802
v 36.807999 68.562901 -31.985802
v 36.608002 68.362904 -32.478103
v 36.108006 67.862904 -32.478103
v 35.908005 67.662907 -32.084304
v 35.408001 67.162907 -32.084304
v 35.208000 66.963001 -31.690506
v 32.858002 18.225000 -31.542793
v 32.858002 64.613003 -31.739708
v 32.558002 64.313007 -32.232003
v 32.057999 63.813000 -32.232003
v 31.758001 63.513000 -31.739700
v 7.475801 19.325001 -31.542793
v 41.694000 73.345806 -30.619804
v 41.809299 73.345806 -30.503898
v -87.944351 77.000004 -39.014755
v -90.603798 76.891506 -36.819404
v -90.603798 76.891506 -36.525604
v -90.500000 77.000004 -36.777107
v -85.671600 77.000004 -41.530906
v -85.958702 76.891506 -41.392907
v -85.915604 77.000004 -41.290603
v -91.099998 76.373302 -37.021804
v -91.519997 76.322704 -37.193001
v -91.519997 76.322803 -36.899208
v -91.099998 76.373302 -36.727905
v -85.920097 76.373302 -42.121605
v -86.094101 76.322704 -42.535203
v -86.338097 76.322803 -42.294899
v -86.164200 76.373302 -41.881309
v -92.500000 76.204807 -37.298904
v -92.500000 74.377300 -37.592705
v -92.500000 74.377300 36.248803
v -92.500000 76.204807 35.954895
v -86.500000 76.204807 -43.500008
v -92.281799 76.204807 -37.807502
v -92.281799 74.377300 -37.807502
v -92.500000 76.204807 -37.592705
v -91.263901 73.538822 -37.088540
v -91.299385 73.562893 35.759106
v -91.035797 73.532101 -37.299301
v -90.986397 73.350605 35.337601
v -90.986298 73.350605 -36.681603
v -90.986298 73.350605 -36.975395
v -86.117104 73.350605 -41.769401
v -86.227997 73.532101 -42.032905
v -90.385696 76.891506 -37.034202
v -90.281799 77.000004 -36.991905
v -91.301804 76.322803 -37.407798
v -86.744102 76.204807 -43.259704
v -90.881798 76.373302 -37.236602
v -86.744102 74.377300 -43.259697
v -90.768204 73.350605 -37.190200
v -90.603897 76.891506 35.181697
v -90.500000 77.000004 35.433110
v -91.519997 76.322704 35.555298
v -91.099998 76.373302 35.383995
v -90.603897 76.891506 35.475495
v -85.958702 76.891506 40.048897
v -91.099998 76.373302 35.677796
v -91.519997 76.322803 35.849094
v -86.164200 76.373302 40.537396
v -86.338203 76.322704 40.950898
v -86.094101 76.322803 41.191197
v -86.500000 76.204807 42.156098
v -92.281799 76.204807 36.463597
v -92.500000 76.204807 36.248795
v -92.236694 74.377308 36.508015
v -90.986397 73.350605 35.631501
v -85.873001 73.350605 40.665799
v -86.227997 73.532101 40.689000
v -90.385696 76.891506 35.690297
v -86.744102 76.204807 41.915795
v -91.301804 76.322704 36.063896
v -90.881798 76.373302 35.892598
v -86.744102 74.377300 41.915799
v -90.768204 73.350605 35.846299
v -39.586601 0.000000 -33.867096
v -39.796333 0.000000 -37.799157
v -39.586601 0.000000 -37.592697
v -86.669571 0.000000 -43.332985
v -86.500000 7.680798 -43.499992
v -86.500000 0.000000 -43.499992
v -92.500000 7.680799 -37.592689
v -92.308266 0.000008 36.437663
v -92.500000 0.000008 36.248810
v -80.945000 2.621510 42.156112
v -86.499992 7.646418 42.156112
v -39.586700 0.000008 42.156112
v -39.586700 7.648064 42.156112
v -39.586601 7.680799 -37.592697
v -39.586601 7.680799 -33.867089
v -39.796604 7.680801 -37.799416
v -86.669357 7.680801 -43.333191
v -92.300499 7.577507 36.445309
v -92.300499 7.680809 36.445309
v -86.500008 7.680809 42.156112
v -39.586700 7.680809 41.891407
v -39.586700 7.680807 42.156112
v -25.752100 7.683599 -33.853492
v -39.414200 7.680799 -33.867089
v -39.680286 7.699598 -33.774819
v -25.752100 7.696600 -33.789391
v -39.684582 7.700460 -37.552765
v -86.462746 7.698849 -43.411483
v -92.407028 7.699455 -37.554780
v -92.207802 7.699408 36.407509
v -92.408661 7.699137 36.211556
v -86.459915 7.700233 42.060859
v -39.679401 7.699409 41.800209
v -39.679501 7.699409 42.064906
v -40.064201 7.734299 -37.692292
v -39.852798 7.734299 -37.484092
v -86.568604 7.734299 -43.061897
v -86.389740 7.734299 -43.237983
v -92.034302 7.734308 36.336708
v -92.233810 7.734306 36.140244
v -86.132599 7.734310 41.894009
v -86.389801 7.734310 41.894009
v -39.852905 7.734306 41.631836
v -39.853298 7.734310 41.894009
v -39.878700 7.901199 -35.527695
v -39.879093 7.903715 -33.579109
v -40.090099 7.901199 -37.681694
v -39.878700 7.901199 -37.473594
v -86.557800 7.901199 -43.036293
v -86.378998 7.901199 -43.212394
v -92.207901 7.901199 -37.217094
v -92.233810 7.734299 -37.484184
v -92.008400 7.901207 36.326107
v -92.207901 7.901207 36.129708
v -86.121803 7.901209 41.868507
v -86.378998 7.901209 41.868507
v -39.878799 7.901209 41.603810
v -39.879200 7.901209 41.868507
v -39.900299 8.039799 -33.944191
v -39.900299 8.039799 -33.558297
v -40.111698 8.039799 -37.672890
v -39.900204 8.039801 -37.464790
v -86.548897 8.039799 -43.015190
v -86.370110 8.039799 -43.191201
v -92.186401 8.039803 -37.209716
v -92.186302 8.039799 -37.464790
v -91.986801 8.039707 36.317410
v -92.186401 8.039709 36.120915
v -86.112900 8.039707 41.847309
v -86.370102 8.039707 41.847309
v -39.900299 8.039808 41.582608
v -39.900799 8.039808 41.847309
v -40.076698 8.089399 -33.770592
v -40.075008 8.088947 -33.386177
v -40.288101 8.089399 -37.600991
v -40.081242 8.090706 -37.390983
v -86.297775 8.088881 -43.019410
v -92.010002 8.089399 -37.136390
v -92.004814 8.090858 -37.390785
v -91.810501 8.089409 36.245407
v -92.061256 8.074966 36.069916
v -81.146950 8.089409 41.673706
v -86.286064 8.096855 41.647694
v -40.076698 8.089409 41.408909
v -40.077400 8.089409 41.673607
v -40.496899 8.207798 -33.356789
v -40.708302 8.207798 -37.429589
v -40.496902 8.207802 -37.221489
v -86.301804 8.207798 -42.427697
v -91.589798 8.207798 -36.964988
v -91.589699 8.207798 -37.221489
v -91.390198 8.207809 36.074009
v -91.589798 8.207808 35.877613
v -86.123001 8.207809 41.259906
v -40.496899 8.207809 40.995106
v -40.498402 8.207809 41.259906
v -25.752199 8.650700 -32.630395
v -40.842701 8.650799 -33.016395
v -40.842705 8.650803 -32.630395
v -41.054001 8.650799 -37.288598
v -40.842602 8.650799 -37.080497
v -86.158600 8.650700 -42.087288
v -85.979698 8.650700 -42.263389
v -91.244003 8.650700 -36.823997
v -91.244003 8.650700 -37.080497
v -91.044403 8.650707 35.933007
v -91.244003 8.650707 35.736607
v -85.979797 8.650711 40.919505
v -40.842701 8.650808 40.654606
v -40.844700 8.650707 40.919407
v -40.913555 9.113058 -32.560623
v -40.914299 9.117899 -32.945794
v -41.125702 9.117899 -37.259391
v -40.914299 9.117899 -37.051194
v -86.128899 9.117899 -42.016793
v -85.949997 9.117899 -42.192788
v -91.171341 9.124201 -37.050896
v -90.976357 9.312109 35.858860
v -91.155800 9.225496 35.700600
v -75.971405 9.117908 40.848908
v -85.949997 9.117908 40.848908
v -40.914398 9.117908 40.584107
v -40.916500 9.117908 40.848809
v -41.155499 9.312099 -37.247193
v -40.944099 9.312099 -37.039093
v -86.116501 9.312099 -41.987389
v -85.937683 9.312099 -42.163498
v -91.142502 9.312103 -3.070190
v -91.142509 9.312099 -37.039085
v -91.142502 9.312111 35.695210
v -85.937691 9.312111 40.819607
v -40.944199 9.312109 40.554707
v -40.946301 9.312109 40.819508
v -41.122227 9.376339 -32.355156
v -41.333801 9.376400 -37.174492
v -41.117462 9.374620 -36.968406
v -85.863770 9.376438 -41.987892
v -90.969719 9.374413 -36.968635
v -90.969223 9.374599 35.624550
v -85.864159 9.376183 40.644725
v -41.122501 9.376408 40.379207
v -41.124901 9.376408 40.644009
v -41.423500 9.484901 -32.058495
v -41.423500 9.484900 -36.843583
v -85.739105 9.484900 -41.691498
v -90.663101 9.484900 -36.843590
v -90.663101 9.484909 35.499702
v -85.739120 9.484909 40.347607
v -41.423599 9.484909 40.082486
v -41.426498 9.484909 40.347508
v -41.671021 9.484909 40.347607
v -25.752100 9.484901 -30.503892
v -43.002602 9.484901 -30.503892
v -43.214001 9.484900 -36.407791
v -43.002602 9.484900 -36.199593
v -85.263901 9.484900 -39.960793
v -85.085114 9.484900 -40.136788
v -89.084007 9.484900 -36.199600
v -88.884499 9.484909 35.052208
v -89.084099 9.484909 34.855716
v -85.085098 9.484909 38.792908
v -43.002602 9.484909 38.529290
v -43.007999 9.484909 38.792710
v -43.001999 9.376400 -30.890388
v -43.001999 9.376400 -30.504494
v -43.213402 9.376400 -36.407998
v -43.001999 9.376722 -36.199897
v -85.264099 9.376400 -39.961296
v -85.085297 9.377085 -40.137397
v -89.084602 9.376740 -36.199897
v -88.885101 9.376408 35.052407
v -89.084702 9.375607 34.856003
v -85.085297 9.375725 38.793511
v -43.001999 9.376408 38.528309
v -43.007500 9.376408 38.793309
v -32.642502 1.704601 -30.506791
v -42.828201 5.243801 -30.505692
v -42.826599 0.200001 -30.507293
v -33.829464 0.201679 -30.507293
v -43.000702 5.243801 -30.891693
v -43.001999 5.243801 -30.504097
v -43.212101 5.243801 -36.408493
v -43.000702 5.243801 -36.200393
v -85.264702 5.243797 -39.962594
v -85.085800 5.243797 -40.138694
v -89.085899 5.243801 -35.943893
v -89.085899 5.243801 -36.200393
v -88.886398 5.243809 35.052906
v -89.085899 5.243809 34.856507
v -85.085777 5.397049 38.794761
v -43.000801 5.243809 38.529606
v -43.006100 5.243809 38.794505
v -42.896301 9.382202 -30.418191
v -41.647400 9.384901 -30.418191
v -42.901699 5.243801 -30.418991
v -39.586700 0.000000 -30.418191
v -39.586700 7.577497 -30.418191
v -39.586700 2.626301 -24.621491
v -39.633003 7.690102 -30.418191
v -39.632999 7.690100 -30.294694
v -39.586700 7.577499 -30.294694
v -39.852798 7.734299 -30.418191
v -39.879169 7.903578 -30.418191
v -40.842701 8.650803 -30.418191
v -40.914650 9.119549 -30.418191
v -40.944199 9.312103 -30.418191
v -41.117966 9.374802 -30.418191
v -41.423599 9.484901 -30.418191
v -43.001999 9.376400 -30.418191
v -43.001701 5.243801 -30.418991
v -43.000702 5.243801 -30.294694
v -39.586700 1.541908 32.364711
v -39.586700 7.577507 25.699608
v -39.593899 7.682306 25.699608
v -39.672199 7.698006 25.699608
v -39.878799 7.901205 12.513857
v -39.900303 8.039801 -30.418191
v -40.077480 8.089622 -30.418191
v -40.496899 8.207800 -30.418191
v -40.842701 8.650806 25.699608
v -40.914398 9.117907 25.699608
v -40.944199 9.312105 12.513808
v -41.122501 9.376406 12.513808
v -43.001999 9.376877 -30.377136
v -39.926800 7.699409 42.064906
v -40.176369 7.734310 41.894112
v -40.126900 7.901209 41.868507
v -40.148499 8.039808 41.847309
v -40.325401 8.089409 41.673706
v -40.648544 8.207809 41.259906
v -41.093800 8.650707 40.919505
v -41.165699 9.117908 40.848908
v -41.374500 9.376408 40.644108
v -43.259998 9.376408 38.793506
v -43.258701 5.243809 38.794808
v -86.499992 0.000008 42.156112
v -76.253998 7.699409 42.064906
v -76.253998 7.734310 41.894108
v -76.253998 7.901209 41.868507
v -76.253998 8.039808 41.847309
v -41.198124 9.312109 40.819611
v -43.259876 9.484909 38.792908
v -86.638466 0.000008 42.019699
v -86.647499 7.577509 42.010807
v -86.537300 7.734310 41.748806
v -86.526604 7.901209 41.723210
v -86.517601 8.039707 41.702106
v -86.270500 8.207809 41.114609
v -86.127296 8.650707 40.774208
v -86.097603 9.117908 40.703709
v -86.085297 9.312109 40.674309
v -86.011398 9.376408 40.498806
v -85.232597 9.484909 38.647709
v -85.232903 9.376408 38.648209
v -85.233398 5.243809 38.649510
v -92.500000 7.680809 36.248810
v -92.207901 7.901207 30.781758
v -91.244003 8.650707 35.470806
v -89.085899 5.243809 34.590705
v -92.500000 3.000000 -29.269692
v -92.207901 7.901201 -26.897393
v -92.010002 8.089401 -26.897393
v -91.589699 8.207802 -26.897393
v -91.244003 8.650700 -26.897393
v -89.084000 9.484901 -26.897393
v -89.084602 9.376400 -26.897393
v -89.087097 1.704609 32.483508
v -89.087502 0.200008 34.591408
v -89.087502 0.200008 33.928807
v -92.300201 2.721901 -37.789391
v -92.033997 7.734299 -37.680894
v -92.008102 7.901199 -37.670296
v -91.986603 8.039799 -37.661492
v -91.389999 8.207798 -37.418191
v -91.044197 8.650700 -37.277191
v -90.942703 9.312099 -37.235795
v -88.884300 9.484900 -36.396293
v -88.884804 9.376400 -36.396591
v -88.886101 5.243801 -36.397087
v -79.746422 4.951473 -43.499992
v -86.123001 7.901199 -43.212394
v -85.694099 9.117899 -42.192788
v -84.829903 5.243797 -40.138694
v -45.625153 7.699471 -43.408439
v -45.696896 7.734299 -43.237983
v -45.707382 7.897835 -43.212906
v -45.716496 8.039799 -43.191192
v -45.789463 8.089308 -43.017921
v -45.963604 8.207798 -42.603799
v -46.106895 8.650700 -42.263389
v -46.136276 9.112820 -42.193565
v -46.148903 9.312099 -42.163498
v -46.222206 9.375875 -41.989426
v -46.347492 9.484900 -41.691490
v -47.001499 9.484900 -40.136788
v -47.001301 9.376839 -40.137397
v -47.000820 5.367138 -40.138649
v -45.586601 7.680799 -43.499992
v -86.122894 8.207800 -42.603799
v -83.144402 1.704597 -40.139794
v -84.340866 0.191837 -40.140297
v -45.586601 0.000000 -43.499992
v -44.966473 7.680801 -42.889451
v -45.717701 8.207798 -42.361595
v -45.860901 8.650700 -42.021186
v -45.976799 9.376400 -41.745690
v -46.754261 9.484900 -39.893310
v -46.755299 9.376400 -39.895195
v -46.754799 5.243797 -39.896493
v -40.842602 8.650799 -36.696891
v -40.914299 9.117899 -36.667695
v -43.000702 5.243801 -35.816887
v -39.586601 7.647671 -33.867096
v -42.829498 9.376400 -30.504494
v -92.500000 0.215187 -34.963738
v -92.500000 1.558804 -33.641288
v -49.277000 1.722607 38.795906
v -43.257099 0.200008 38.796406
v -48.030220 0.192524 38.796406
v -42.999100 0.200001 -30.294694
v -42.999100 0.183094 -28.035935
v -42.999599 1.722599 -26.799095
v -92.500000 1.541908 32.364711
v -92.500000 0.214287 33.640000
v -89.087502 0.200008 33.653710
v -92.500000 2.621510 30.318108
v -89.086800 2.621506 30.318108
v -89.086700 2.813808 30.380808
v -92.500000 3.000008 28.013909
v -89.086601 3.200008 28.029707
v -89.086601 3.200005 -0.598892
v -89.086601 3.000000 -29.269692
v -89.086601 3.200001 -29.285294
v -92.500000 2.626301 -31.580894
v -89.086700 2.626301 -31.580894
v -89.086700 2.818802 -31.642593
v -89.086998 1.722599 -33.758491
v -89.087502 0.207195 -34.971612
v -84.331451 0.201492 42.156112
v -83.023697 1.541908 42.156112
v -83.144402 1.704609 38.795906
v -83.023697 1.541908 38.795906
v -84.339790 0.192947 38.796406
v -81.008698 2.813808 38.795510
v -80.945000 2.621510 38.795609
v -78.620598 3.200008 38.795406
v -78.604599 3.000008 38.795510
v -66.249901 3.200008 38.795406
v -53.836201 3.000008 38.795510
v -53.836201 3.000008 42.156112
v -78.604599 3.000008 42.156112
v -53.820400 3.200008 38.795406
v -51.488804 2.626308 42.156112
v -51.426102 2.818810 38.795510
v -49.396095 1.558804 42.156112
v -49.396099 1.558807 38.795906
v -48.033604 0.195911 42.156112
v -47.837704 0.000008 42.156112
v -39.586700 0.200008 33.653710
v -42.999599 1.704609 32.483508
v -42.999599 1.541908 32.364708
v -42.999199 0.200008 33.928807
v -39.586700 2.621510 30.318108
v -43.000000 2.813808 30.380808
v -42.999901 2.621506 30.318108
v -39.586700 3.711220 26.863346
v -43.000099 3.200008 28.029707
v -43.000099 3.000008 28.013909
v -43.000099 3.200008 25.699608
v -43.000000 3.000008 25.628401
v -43.000000 3.000000 -22.310296
v -43.000099 3.200005 -10.304992
v -43.000099 3.200001 -22.325889
v -43.000000 2.818901 -24.683297
v -42.999901 2.626301 -24.621491
v -39.586700 1.558800 -26.681892
v -39.586700 0.196007 -28.023224
v -83.023697 1.541897 -43.499992
v -84.332901 0.199997 -43.499992
v -84.528000 0.000000 -43.499992
v -83.023705 1.541897 -40.139794
v -80.945000 2.621498 -43.499992
v -80.945000 2.621498 -40.139488
v -81.008598 2.813801 -40.139396
v -78.604599 3.000000 -43.499992
v -78.620598 3.200001 -40.139289
v -66.249901 3.200001 -40.139289
v -53.836201 3.000000 -43.499992
v -53.836201 3.000000 -40.139396
v -53.820400 3.200001 -40.139289
v -51.488804 2.626301 -43.499992
v -51.426102 2.818798 -40.139396
v -49.396084 1.558788 -43.499992
v -49.396099 1.558800 -40.139794
v -49.277000 1.722599 -40.139794
v -48.037601 0.199997 -43.499992
v -48.054245 0.216637 -40.140190
v -32.521805 1.541901 -33.867096
v -33.831001 0.200001 -33.867089
v -32.521801 1.541901 -30.506889
v -30.443098 2.621502 -33.867096
v -30.443100 2.621498 -30.506493
v -30.506800 2.813801 -30.506493
v -28.118799 3.200001 -30.506393
v -43.001999 0.200001 -30.503692
v -43.001999 0.000000 -30.504792
v -42.999100 0.200001 -36.200996
v -42.999100 0.200001 -35.817497
v -47.000103 0.214615 -40.140190
v -47.000103 0.000000 -40.140297
v -46.754101 0.200001 -39.897987
v -89.087502 0.200008 34.857109
v -85.086502 0.205803 38.796406
v -85.086510 0.000008 38.796406
v -85.234100 0.000008 38.651108
v -85.234100 0.200008 38.651108
v -43.004601 0.200008 38.796109
v -43.257099 0.000008 38.796406
v -43.001400 0.200001 -30.420089
v -43.000198 0.000000 -30.416497
v -39.586700 0.000000 -28.216194
v -42.999199 0.200008 38.531208
v -47.837704 0.000008 38.796406
v -88.888000 0.000008 35.053607
v -88.888000 0.200008 35.053607
v -43.210499 0.000000 -36.409187
v -43.210499 0.200001 -36.409187
v -42.999001 0.000000 -30.893287
v -42.999100 0.200001 -30.893196
v -92.500000 0.000008 33.845806
v -84.528000 0.000008 38.796406
v -42.999104 0.000008 33.845806
v -47.837696 0.000000 -40.140297
v -47.837704 0.000000 -43.499992
v -34.026199 0.000000 -30.507393
v -92.500000 0.000000 -37.592689
v -92.500000 0.000000 -35.175590
v -85.086502 0.200001 -40.140297
v -85.086502 0.000000 -40.140297
v -84.528000 0.000000 -40.140297
v -89.087502 0.199772 -36.200996
v -89.087601 0.000000 -36.201089
v -85.265404 0.000000 -39.964195
v -85.265297 0.200001 -39.964195
v -89.087601 0.000000 -35.175590
v -41.872013 0.000000 -30.417099
v -42.793201 0.000000 -30.416587
v -42.999100 0.000000 -30.294694
v -42.999100 0.000000 -28.216194
v -42.999603 1.558800 -26.681892
v -39.586700 3.000000 -22.310296
v -39.586700 3.000008 28.013911
v -42.999203 0.204159 33.649726
v -39.586700 0.000008 33.845806
v -42.999104 0.000008 38.531250
v -43.004505 0.000008 38.796208
v -51.488808 2.626308 38.795609
v -84.528000 0.000008 42.156112
v -89.087601 0.000008 34.857212
v -89.087601 0.000008 33.845806
v -89.087097 1.541908 32.364711
v -89.086601 3.000008 28.013909
v -89.087105 1.558800 -33.641288
v -84.332901 0.199997 -43.296287
v -84.332901 0.200001 -40.343895
v -83.023598 1.541901 -43.296287
v -78.604599 3.000000 -40.139396
v -51.488804 2.626301 -40.139488
v -49.396099 1.558800 -40.343490
v -48.037701 0.199997 -43.296287
v -48.037701 0.200001 -40.343895
v -47.837704 0.000000 -43.364204
v -42.999001 0.000000 -36.201089
v -42.826492 0.000000 -30.507393
v -34.026192 0.000000 -33.867096
v -33.831100 0.200001 -33.663391
v -32.521801 1.541901 -33.663391
v -32.521801 1.541901 -30.710594
v -30.443199 2.621498 -30.710289
v -28.102697 3.000000 -33.867096
v -39.586700 7.577501 -19.937993
v -89.085899 5.243801 -26.897393
v -39.686699 5.243801 -30.418191
v -39.686699 0.200001 -30.418191
v -42.901402 0.200298 -30.420089
v -43.000702 5.243805 25.699608
v -39.586700 7.577503 -0.671895
v -39.612301 7.686005 -0.671895
v -39.653702 7.694304 -0.671895
v -39.852901 7.734304 -0.671895
v -40.842701 8.650803 -0.671993
v -40.914299 9.117905 -0.671993
v -43.002602 9.484901 -30.418191
v -43.000702 5.243805 -0.671895
v -43.000702 5.243801 -19.937993
v -39.625801 7.688702 -19.937993
v -39.640202 7.691601 -19.937993
v -39.852798 7.734303 -19.937993
v -39.878799 7.901201 -19.937993
v -40.842701 8.650801 -19.937993
v -40.914398 9.117901 -19.937993
v -40.944199 9.312101 -19.937993
v -41.122501 9.376400 -19.937993
v -56.245800 7.699409 42.064906
v -56.245800 7.901209 41.868507
v -56.245800 8.039707 41.847309
v -56.245800 8.089409 41.673706
v -56.245800 5.243809 38.794808
v -92.186401 8.039806 25.699608
v -92.010002 8.089407 25.699608
v -91.589798 8.207806 25.699608
v -91.244003 8.650707 25.699608
v -89.084099 9.484907 25.699608
v -89.084702 9.376408 25.699608
v -89.085899 5.243805 25.699608
v -40.937599 8.609802 -30.418191
v -40.555599 8.120401 -30.418191
v -90.439301 9.502909 34.084885
v -90.239700 9.502909 35.604908
v -85.295570 9.502909 38.749653
v -88.016899 9.502909 37.793408
v -90.439301 9.502909 34.058709
v -90.293251 73.333706 35.552112
v -84.457703 73.333706 38.929699
v -88.016899 73.333706 37.793399
v -90.439301 73.333706 35.408402
v -90.339302 73.333706 34.160500
v -90.339302 73.333706 34.058701
v -90.239700 9.675308 35.604908
v -85.793999 9.675308 39.981907
v -88.016899 9.675308 37.793408
v -85.646400 9.502909 40.127212
v -84.357201 9.675308 38.908909
v -90.439301 9.675308 34.058709
v -89.201897 9.502909 34.058709
v -84.343102 73.333706 38.922798
v -84.346703 73.333706 40.024399
v -84.357201 73.210407 40.028801
v -84.357201 73.210407 38.908901
v -89.187798 73.333805 34.072499
v -89.201897 73.210407 34.058701
v -90.339302 73.210407 34.058701
v -84.357201 73.333706 40.127201
v -84.357201 68.697704 40.127201
v -90.439301 73.259808 35.408402
v -90.239700 73.210407 35.604900
v -88.016899 73.210407 37.793399
v -90.439301 11.937609 34.160508
v -90.437500 11.937609 34.058709
v -84.357201 9.502909 40.127212
v -84.357201 62.597347 40.127201
v -90.439301 73.333706 34.058701
v -90.239700 64.185001 35.604900
v -88.016899 64.185001 37.793399
v -85.793999 64.185001 39.981900
v -84.357300 64.185001 39.971100
v -84.357201 64.185001 38.900700
v -89.201897 63.111855 34.058701
v -90.355202 63.111855 34.058701
v -90.520401 65.344303 35.491200
v -90.534988 64.186626 35.505570
v -90.726799 64.261105 35.694500
v -90.828300 65.339504 35.794400
v -90.690048 73.342915 35.658284
v -90.834801 73.242901 35.800801
v -90.854797 73.342907 35.820500
v -90.738487 64.159115 35.706001
v -91.301498 64.752750 36.260300
v -91.372200 64.467800 36.329898
v -91.372200 65.045506 36.329898
v -91.022278 65.307499 35.985405
v -90.984497 65.222607 35.948200
v -90.999199 64.224201 35.962699
v -91.018204 64.121212 35.981396
v -90.909302 65.392101 35.874099
v -90.941704 65.593601 35.906102
v -90.872803 65.615803 35.838200
v -90.906998 72.360104 35.871899
v -90.941902 72.275402 35.906201
v -91.208801 72.495602 36.169102
v -91.138100 72.553005 36.099400
v -91.208801 73.034801 36.169102
v -91.138100 72.978901 36.099400
v -90.746002 72.227207 35.713299
v -90.882004 72.226002 35.847302
v -91.562798 69.453205 36.517601
v -91.493301 69.472004 36.449200
v -91.698997 70.685604 36.651699
v -91.626404 70.675907 36.580101
v -91.426697 71.763905 36.383499
v -91.368599 71.696606 36.326401
v -90.910896 72.084904 35.875702
v -90.947304 72.170704 35.911499
v -90.520401 70.676807 35.491200
v -90.520401 72.230801 35.491200
v -90.449699 73.342915 35.421601
v -90.449699 64.198208 35.421605
v -85.751404 65.344303 40.186501
v -86.059303 65.339504 40.489701
v -85.952950 64.161350 40.385018
v -85.751404 64.289104 40.186501
v -85.905220 73.342915 40.338002
v -85.764122 73.342915 40.199027
v -86.065804 73.242901 40.496102
v -86.085800 73.342915 40.515797
v -85.761238 64.187275 40.196186
v -86.603203 64.467800 41.025204
v -86.532501 64.985203 40.955601
v -86.603203 65.045506 41.025199
v -86.215500 65.222607 40.643501
v -86.248596 65.311001 40.676102
v -86.249207 64.121204 40.676712
v -86.140297 65.392101 40.569401
v -86.103798 65.615803 40.533501
v -86.172699 65.593700 40.601399
v -86.138000 72.360104 40.567200
v -86.439796 72.495602 40.864403
v -86.172897 72.275402 40.601601
v -86.369102 72.978901 40.794800
v -86.439796 73.034801 40.864399
v -85.976997 72.227207 40.408600
v -86.112999 72.226002 40.542599
v -86.724403 69.472004 41.144500
v -86.793800 69.453205 41.212899
v -86.857399 70.675907 41.275502
v -86.930000 70.685604 41.347000
v -86.599602 71.696606 41.021702
v -86.657700 71.763905 41.078900
v -86.141899 72.084904 40.570999
v -86.178299 72.170704 40.606900
v -85.751404 70.676807 40.186501
v -85.751404 72.230801 40.186501
v -85.680702 73.342915 40.116902
v -85.680702 64.198200 40.116902
v -90.549507 73.342915 35.519860
v -90.688202 73.342907 35.984501
v -91.205704 64.467800 36.493901
v -91.205704 65.045506 36.493901
v -90.742699 65.392101 36.038102
v -90.775101 65.593601 36.070099
v -90.775299 72.275402 36.070202
v -91.042297 72.495602 36.333001
v -91.042297 73.034801 36.333001
v -90.715500 72.226002 36.011299
v -91.396301 69.453205 36.681598
v -91.532402 70.685604 36.815601
v -91.260101 71.763905 36.547501
v -90.780701 72.170704 36.075501
v -90.311874 64.198200 35.557274
v -90.314308 73.342915 35.554875
v -86.769798 65.045506 40.861199
v -86.769798 64.467800 40.861199
v -86.415199 65.311001 40.512101
v -86.306900 65.392101 40.405499
v -86.339302 65.593601 40.437401
v -86.606400 72.495602 40.700402
v -86.339500 72.275402 40.437600
v -86.606400 73.034801 40.700402
v -86.279602 72.226002 40.378601
v -86.960403 69.453205 41.048901
v -87.096603 70.685604 41.182999
v -86.824303 71.763905 40.914901
v -86.344902 72.170704 40.442902
v -85.848579 73.342915 39.951542
v -85.850410 64.198200 39.949738
v -89.355202 10.767708 36.475707
v -89.467300 10.767708 36.365307
v -86.566399 11.427258 39.221508
v -86.566399 10.767708 39.221508
v -86.679001 63.092609 39.110599
v -86.566399 63.092609 39.221501
v -89.467300 62.983208 36.365300
v -89.467300 63.092609 36.365300
v -89.249100 10.917709 36.580208
v -89.361206 10.917709 36.469807
v -86.672501 11.502258 39.117009
v -86.672501 10.917709 39.117009
v -86.785004 62.942608 39.006199
v -86.672501 62.942612 39.117005
v -89.361206 62.829281 36.469799
v -89.361298 62.942608 36.469799
v -86.425003 11.067709 38.664509
v -86.530296 11.067709 38.560807
v -86.424301 10.917709 38.665207
v -86.318901 10.917709 38.768909
v -86.425003 62.792606 38.664502
v -86.425003 62.683208 38.664502
v -88.901604 62.792606 36.226101
v -88.786499 62.792606 36.339402
v -88.892601 62.942608 36.235001
v -89.007706 62.942612 36.121701
v -88.901604 11.067709 36.226109
v -88.901604 11.577259 36.226109
v -89.007698 10.917709 36.121707
v -87.141800 9.502909 36.931908
v -86.671700 10.767708 39.117707
v -88.016899 10.767708 37.793408
v -89.352203 63.092609 36.478699
v -88.016899 63.092609 37.793399
v -86.777802 10.917709 39.013310
v -88.016899 10.917709 37.793408
v -89.246201 62.942608 36.583100
v -88.016899 62.942608 37.793399
v -87.663300 11.067709 37.445309
v -87.780800 11.067709 37.329609
v -87.663300 10.917709 37.445309
v -87.663300 62.737907 37.445301
v -87.547203 62.792606 37.559601
v -87.663300 62.942608 37.445301
v -88.789497 11.067709 36.336506
v -88.530899 11.289707 36.591107
v -88.642998 11.289707 36.480709
v -87.663300 11.216908 37.445309
v -87.921898 11.438908 37.190708
v -87.921898 11.289707 37.190708
v -87.791801 62.792606 37.318801
v -88.527901 62.570606 36.594002
v -88.041000 62.570606 37.073399
v -88.901604 62.360958 36.226101
v -88.642998 62.461208 36.480702
v -88.642998 62.570606 36.480702
v -87.529800 11.067709 37.576808
v -86.788902 11.289707 38.306206
v -87.198662 11.367708 37.902779
v -86.425003 11.577259 38.664509
v -86.683502 11.688259 38.409909
v -86.683502 11.289707 38.409909
v -86.537498 62.792606 38.553700
v -86.796204 62.570606 38.299098
v -86.683601 62.570606 38.409901
v -87.404701 62.461208 37.699902
v -87.404701 62.570606 37.699902
v -88.905708 62.492611 36.918202
v -88.905701 62.383209 36.918202
v -88.366302 62.383209 37.449299
v -88.366302 62.492607 37.449299
v -87.667397 62.492607 38.137501
v -87.667397 62.383209 38.137402
v -87.127998 62.383209 38.668499
v -87.128014 62.492611 38.668518
v -88.012703 11.367708 37.101208
v -88.119263 11.367708 36.996395
v -88.033302 11.289707 37.081009
v -88.012703 62.492607 37.101199
v -88.012802 62.383209 37.101199
v -87.921898 62.461208 37.190701
v -87.921898 62.570606 37.190701
v -88.552200 62.492607 36.570099
v -88.437103 62.492607 36.683498
v -88.552200 11.367708 36.570210
v -88.552200 11.727259 36.570210
v -88.642998 11.688259 36.480709
v -86.774399 11.367708 38.320408
v -86.879799 11.367708 38.216710
v -86.774399 62.492611 38.320404
v -86.683601 62.249958 38.409901
v -87.313904 62.492607 37.789399
v -87.181717 62.492611 37.919419
v -87.288597 62.570606 37.814202
v -87.313797 11.367708 37.789410
v -87.404701 11.289707 37.699910
v -86.318901 62.942612 38.768909
v -86.431503 62.942608 38.658100
v -88.895599 10.917709 36.232109
v -88.905708 11.367708 36.918213
v -88.092560 62.492611 37.022582
v -87.127998 11.367708 38.668511
v -87.667397 11.367708 38.137417
v -86.887001 62.492607 38.209598
v -89.467300 10.916908 36.365307
v -89.007706 11.755550 36.121704
v -87.921898 11.937609 37.190708
v -88.366310 11.367708 37.449311
v -87.127998 11.647516 38.668511
v -88.012703 11.516909 37.101208
v -87.313797 11.937609 37.789406
v -88.905708 62.007305 36.918213
v -87.667397 11.937609 38.137509
v -89.467300 62.038708 36.365300
v -86.425003 62.038708 38.664502
v -88.642998 62.038708 36.480702
v -87.663300 62.038708 37.445301
v -87.404701 62.038708 37.699902
v -88.366302 62.038708 37.449402
v -87.667397 62.038708 38.137402
v -88.012703 62.038708 37.101199
v -87.921898 62.038708 37.190701
v -86.774399 62.038708 38.320401
v -86.566399 62.510960 39.221501
v -88.552200 62.383209 36.570202
v -87.313904 62.383209 37.789399
v -90.439301 9.502909 35.408409
v -90.439301 62.038708 34.058701
v -90.439301 62.038708 34.160500
v -85.793999 62.038708 39.981900
v -85.646408 73.333706 40.127201
v -84.357201 62.038708 39.951698
v -84.357300 62.038708 38.898701
v -88.552200 62.038708 36.570202
v -87.313904 62.038708 37.789399
v -89.467300 11.937609 36.365307
v -89.361298 11.937609 36.469807
v -88.366302 11.937609 37.449307
v -88.012703 11.937609 37.101208
v -84.357201 11.937609 38.928807
v -89.201897 9.502909 34.903809
v -89.002296 9.502909 35.100209
v -85.660400 9.502899 -41.471093
v -86.898499 9.502899 -40.071190
v -85.859901 9.502899 -41.274696
v -90.453209 9.502899 -36.752288
v -90.298889 9.502899 -36.904305
v -88.082802 9.502899 -39.086098
v -84.289505 9.502899 -41.471093
v -85.619003 73.333805 -41.372703
v -85.859901 73.333805 -41.274696
v -85.818497 73.333805 -41.176201
v -90.453209 73.333706 -36.551819
v -90.453300 73.333805 -35.572799
v -90.353203 73.333805 -35.572799
v -90.205704 73.333805 -36.856805
v -90.303009 73.333813 -36.900261
v -88.082802 73.333706 -39.086098
v -88.012100 73.333805 -39.016502
v -85.349098 73.333706 -41.372703
v -85.466629 73.333706 -41.471100
v -84.289505 73.333706 -41.471100
v -85.036736 73.333706 -40.232003
v -84.289497 73.333706 -41.372703
v -85.859901 9.675299 -41.274696
v -90.305702 9.675299 -36.897590
v -88.082802 9.675299 -39.086098
v -84.392899 9.675299 -41.471093
v -89.215797 9.675299 -35.482994
v -89.215805 9.502899 -35.482994
v -84.289497 9.675299 -41.471093
v -89.201698 73.333706 -35.469200
v -90.353203 73.333706 -35.483001
v -90.299477 65.368198 -35.483001
v -89.215797 73.210407 -35.483001
v -84.275398 73.333706 -40.238899
v -84.289497 73.210407 -40.252800
v -84.289497 73.210407 -41.372703
v -90.453209 73.333706 -35.483001
v -85.859901 73.210407 -41.274696
v -90.453201 73.210407 -35.572799
v -88.082802 73.210407 -39.086098
v -84.392899 11.937599 -41.471093
v -85.859901 11.937599 -41.274696
v -90.305702 11.937599 -36.897590
v -89.226128 11.222805 -35.482994
v -85.859901 64.185001 -41.274696
v -88.082802 64.185001 -39.086098
v -90.305702 64.185001 -36.897598
v -90.453209 9.502899 -35.482994
v -89.207397 64.185001 -35.483001
v -84.289505 9.502899 -40.252792
v -85.744499 65.344402 -41.551003
v -85.744621 64.188587 -41.551117
v -85.950996 64.261105 -41.754203
v -86.052498 65.339504 -41.854104
v -85.903503 73.242901 -41.707496
v -85.903503 73.342907 -41.707496
v -85.743317 73.342915 -41.549827
v -86.058998 73.242901 -41.860497
v -86.079002 73.342915 -41.880195
v -85.944298 64.161602 -41.747596
v -86.525703 64.520206 -42.320000
v -86.596397 64.467800 -42.389595
v -86.596397 65.045506 -42.389595
v -86.525703 64.985302 -42.320000
v -86.241699 65.311001 -42.040505
v -86.208702 65.222607 -42.007896
v -86.223396 64.224201 -42.022400
v -86.242310 64.121212 -42.041099
v -86.133400 65.392101 -41.933900
v -86.165901 65.593601 -41.965798
v -86.096901 65.615803 -41.897895
v -86.131104 72.360104 -41.931603
v -86.166100 72.275402 -41.965995
v -86.432999 72.495602 -42.228799
v -86.432999 73.034809 -42.228799
v -85.970100 72.227207 -41.773102
v -86.106201 72.226101 -41.907006
v -86.787003 69.453205 -42.577301
v -86.717499 69.472103 -42.508903
v -86.923203 70.685604 -42.711403
v -86.850502 70.675907 -42.639901
v -86.650803 71.763905 -42.443299
v -86.592796 71.696606 -42.386100
v -86.135002 72.084904 -41.935403
v -86.171402 72.170704 -41.971298
v -85.744499 70.676807 -41.551003
v -85.744499 72.230801 -41.551003
v -85.673798 73.342915 -41.481300
v -85.673798 64.198200 -41.481300
v -90.513496 65.344402 -36.855598
v -90.821404 65.339504 -37.158798
v -90.720001 64.261105 -37.058900
v -90.513496 64.289104 -36.855598
v -90.671715 73.342915 -37.011422
v -90.529442 73.342915 -36.871299
v -90.827904 73.242901 -37.165199
v -90.848000 73.342907 -37.184898
v -90.733482 64.158855 -37.072274
v -90.527901 64.186649 -36.869790
v -91.294701 64.520206 -37.624702
v -91.294601 64.985302 -37.624702
v -91.365303 65.045506 -37.694297
v -91.365303 64.467800 -37.694297
v -90.977699 65.222607 -37.312599
v -91.010696 65.311001 -37.345199
v -90.992401 64.224201 -37.327095
v -91.011299 64.121204 -37.345802
v -90.902397 65.392101 -37.238503
v -90.865898 65.615803 -37.202599
v -90.934898 65.593601 -37.270501
v -90.900101 72.360104 -37.236305
v -91.202003 72.495609 -37.533500
v -90.935097 72.275402 -37.270699
v -91.131203 72.978901 -37.463799
v -91.202003 73.034801 -37.533500
v -90.739098 72.227207 -37.077797
v -90.875198 72.226002 -37.211700
v -91.486504 69.472004 -37.813598
v -91.556000 69.453205 -37.881996
v -91.619499 70.675907 -37.944496
v -91.692101 70.685604 -38.016106
v -91.361702 71.696606 -37.690803
v -91.419800 71.763905 -37.748001
v -90.903999 72.084904 -37.240104
v -90.940399 72.170704 -37.276001
v -90.513496 70.676807 -36.855598
v -90.513496 72.230801 -36.855598
v -90.442802 73.342915 -36.786003
v -90.442802 64.198208 -36.786003
v -86.110802 64.161602 -41.583595
v -86.762901 64.467800 -42.225700
v -86.762901 65.045506 -42.225602
v -86.408302 65.311001 -41.876503
v -86.300003 65.392101 -41.769906
v -86.332397 65.593700 -41.801797
v -86.332603 72.275402 -41.801994
v -86.599602 72.495602 -42.064796
v -86.599602 73.034801 -42.064796
v -86.272797 72.226002 -41.743003
v -86.953598 69.453205 -42.413300
v -87.089699 70.685604 -42.547401
v -86.817398 71.763905 -42.279305
v -86.337997 72.170704 -41.807304
v -85.856750 64.198200 -41.301201
v -85.852844 73.342915 -41.305046
v -90.681396 73.342907 -37.348899
v -91.198799 65.045406 -37.858299
v -91.198799 64.467800 -37.858299
v -90.844200 65.311001 -37.509201
v -90.844803 64.121204 -37.509803
v -90.735901 65.392101 -37.402504
v -90.768303 65.593601 -37.434502
v -91.035400 72.495602 -37.697502
v -90.768501 72.275402 -37.434700
v -91.035400 73.034801 -37.697502
v -90.708603 72.226002 -37.375702
v -91.389397 69.453205 -38.045997
v -91.525597 70.685604 -38.180100
v -91.253304 71.763905 -37.911995
v -90.773804 72.170704 -37.439903
v -90.276199 72.231907 -36.950004
v -90.349693 73.342915 -36.877648
v -90.348587 64.198200 -36.878730
v -90.276199 70.676907 -36.950004
v -86.744499 10.767700 -40.403793
v -86.632301 10.767700 -40.514190
v -89.533302 11.427250 -37.658088
v -89.533302 10.767700 -37.658088
v -89.420700 63.092602 -37.768898
v -89.533302 63.092602 -37.658105
v -86.632401 62.510952 -40.514198
v -86.632401 63.092602 -40.514198
v -86.850601 10.917698 -40.299293
v -86.738403 10.917700 -40.409691
v -89.427200 10.917700 -37.762504
v -89.336578 62.942600 -37.851661
v -89.427200 62.942600 -37.762504
v -86.738403 62.833199 -40.409698
v -86.738403 62.942600 -40.409698
v -88.967598 11.067699 -37.518791
v -88.862198 11.067699 -37.622490
v -88.968300 10.917698 -37.518089
v -89.073601 10.917698 -37.414391
v -88.967598 62.792599 -37.518798
v -88.967598 62.683201 -37.518798
v -89.073601 62.942600 -37.414405
v -86.490898 62.792599 -39.957199
v -86.606003 62.792599 -39.843895
v -86.500000 62.942600 -39.948295
v -86.384903 62.942600 -40.061699
v -86.490898 11.067699 -39.957192
v -86.490898 11.216900 -39.957192
v -86.384903 10.917700 -40.061592
v -87.233589 9.502899 -38.199204
v -89.427902 10.767700 -37.761788
v -88.082802 10.767700 -39.086098
v -86.747498 63.092602 -40.400795
v -88.082802 63.092602 -39.086098
v -89.332169 10.917700 -37.855995
v -86.853500 62.942600 -40.296394
v -87.729301 11.067699 -38.737991
v -87.611801 11.067699 -38.853692
v -87.729202 10.917698 -38.737991
v -87.729301 62.792599 -38.737999
v -87.845299 62.792599 -38.623696
v -87.729301 62.942600 -38.737999
v -86.603104 11.067699 -39.846794
v -86.861603 11.289700 -39.592194
v -86.749496 11.289700 -39.702592
v -87.729301 11.216900 -38.737991
v -87.470596 11.438900 -38.992591
v -87.470596 11.289700 -38.992591
v -87.600700 62.792599 -38.864601
v -86.864601 62.570599 -39.589302
v -87.351501 62.570599 -39.109901
v -86.490898 62.683201 -39.957199
v -86.749496 62.249950 -39.702599
v -86.749496 62.570599 -39.702599
v -87.862801 11.067699 -38.606491
v -88.603600 11.289700 -37.877189
v -88.104797 11.289700 -38.368294
v -88.967598 11.216900 -37.518791
v -88.618103 11.367699 -37.862892
v -88.709000 11.289700 -37.773391
v -88.855003 62.792599 -37.629699
v -88.596397 62.570599 -37.884301
v -88.709000 62.570599 -37.773400
v -87.729301 62.683201 -38.737999
v -87.987801 62.249950 -38.483398
v -87.987801 62.570599 -38.483398
v -87.733398 62.492599 -39.430198
v -88.432198 62.492599 -38.742103
v -88.971703 62.242188 -38.210991
v -88.971703 62.492599 -38.210998
v -87.379799 11.367699 -39.082092
v -87.359200 11.289700 -39.102287
v -87.379799 62.492599 -39.082101
v -87.379799 62.268028 -39.082101
v -87.470596 62.461201 -38.992600
v -87.470703 62.570599 -38.992600
v -86.840401 62.492599 -39.613197
v -86.955498 62.492599 -39.499801
v -86.840408 11.367699 -39.613197
v -86.749496 11.688250 -39.702592
v -88.512802 11.367699 -37.966591
v -88.618103 62.492599 -37.862892
v -88.078697 62.492599 -38.394005
v -88.103897 62.570599 -38.369103
v -88.078697 11.367699 -38.393989
v -87.987801 11.688250 -38.483390
v -87.987801 11.289700 -38.483390
v -89.073601 11.502249 -37.414391
v -88.961098 62.942600 -37.525201
v -86.384903 62.833199 -40.061699
v -86.497002 10.917698 -39.951194
v -87.193901 11.367699 -39.961296
v -86.952499 11.367699 -39.502792
v -87.193909 62.492599 -39.961303
v -87.264000 62.492599 -39.196098
v -88.971710 11.367699 -38.210991
v -88.189796 11.367699 -38.284591
v -88.432297 11.367699 -38.742089
v -88.505600 62.492599 -37.973701
v -86.632301 10.916899 -40.514190
v -86.490898 11.937599 -39.957192
v -86.384903 11.937599 -40.061592
v -87.729301 11.937599 -38.737991
v -87.470596 11.937599 -38.992591
v -88.967598 11.937599 -37.518791
v -87.733299 11.367699 -39.430191
v -87.193901 11.937599 -39.961296
v -86.738403 62.038700 -40.409698
v -88.967598 62.038700 -37.518798
v -86.490898 62.038700 -39.957199
v -87.729301 62.038700 -38.737999
v -88.432297 62.038700 -38.742103
v -87.470703 62.038700 -38.992600
v -86.384903 62.038700 -40.061699
v -89.533302 62.510952 -37.658105
v -88.078697 62.088146 -38.394005
v -85.859901 62.038700 -41.274696
v -84.289497 62.038700 -41.471100
v -84.392899 62.038700 -41.471100
v -85.660393 73.333714 -41.471100
v -90.305702 62.038700 -36.897598
v -90.453209 73.333706 -36.752296
v -89.205498 62.038700 -35.483001
v -84.289505 11.940834 -41.469390
v -86.632301 11.937599 -40.514190
v -86.738403 11.937599 -40.409691
v -87.733299 11.937599 -39.430191
v -87.379799 11.937599 -39.082092
v -85.147797 9.502899 -40.252792
v -85.338066 9.502899 -40.065582
v -42.884804 9.502899 -36.247703
v -41.846901 9.502899 -36.948791
v -41.647400 9.502899 -36.752296
v -46.440201 9.502899 -41.471093
v -46.292702 9.502899 -41.325889
v -44.069801 9.502899 -39.137291
v -41.647400 9.502899 -35.756950
v -41.647400 9.502899 -35.402595
v -41.747398 73.333805 -36.711494
v -41.647400 73.333805 -36.752296
v -41.835110 73.333805 -36.937188
v -41.946899 73.333706 -36.907998
v -46.481602 73.333805 -41.372703
v -46.440201 73.333805 -41.471100
v -46.697399 73.333805 -41.471100
v -46.738800 73.333706 -41.372703
v -47.638199 73.333805 -41.471100
v -47.638199 73.333805 -41.372703
v -46.334099 73.333805 -41.227401
v -46.294300 73.333714 -41.327476
v -44.069801 73.333805 -39.137298
v -44.144901 73.333805 -39.071998
v -41.747398 73.333805 -36.445800
v -41.647400 73.333805 -36.486595
v -41.647400 73.333714 -35.402603
v -41.647400 73.333706 -35.504402
v -41.747398 73.333805 -35.510506
v -41.743553 73.333805 -35.402603
v -41.846901 9.675299 -36.948791
v -46.440201 9.675299 -41.471093
v -46.292702 9.675299 -41.325889
v -44.069801 9.675299 -39.137291
v -41.647400 9.675299 -35.504387
v -47.729401 9.675299 -40.252792
v -47.729401 9.502899 -41.471093
v -41.647400 9.675299 -35.402595
v -47.729401 73.333805 -40.252800
v -47.729401 73.333805 -41.375222
v -47.729401 73.210407 -40.252800
v -47.729401 73.333714 -41.471100
v -44.069801 73.210407 -39.137298
v -41.647301 11.937599 -35.504387
v -41.649200 11.937542 -35.402595
v -41.647400 11.937599 -36.486595
v -41.846901 36.988148 -36.948799
v -46.440201 11.937599 -41.471093
v -46.292702 11.937599 -41.325798
v -47.729401 11.213707 -40.262878
v -41.846901 64.185001 -36.948799
v -44.069801 64.185001 -39.137298
v -46.292702 64.185001 -41.325905
v -47.729401 64.185001 -40.244599
v -41.566299 65.344402 -36.835098
v -41.553513 64.186871 -36.847694
v -41.347031 64.158962 -37.050972
v -41.258301 65.339504 -37.138298
v -41.407299 73.242901 -36.991700
v -41.407299 73.342907 -36.991700
v -41.251801 73.242901 -37.144699
v -41.231800 73.342907 -37.164398
v -40.714401 64.467800 -37.673805
v -40.714401 65.045506 -37.673805
v -40.785099 64.985302 -37.604194
v -41.069099 65.311001 -37.324700
v -41.102100 65.222607 -37.292099
v -41.068401 64.121212 -37.325309
v -41.177399 65.392101 -37.217994
v -41.144901 65.593700 -37.250000
v -41.213902 65.615803 -37.182099
v -41.179699 72.360104 -37.215798
v -41.144699 72.275402 -37.250199
v -40.877800 72.495609 -37.513000
v -40.877800 73.034801 -37.513008
v -41.340698 72.227207 -37.057304
v -41.204601 72.226101 -37.191201
v -40.523800 69.453205 -37.861503
v -40.593300 69.472103 -37.793098
v -40.387600 70.685604 -37.995597
v -40.460300 70.675907 -37.924003
v -40.660000 71.763905 -37.727401
v -40.718102 71.696606 -37.670296
v -41.175800 72.085003 -37.219597
v -41.139400 72.170704 -37.255401
v -41.566299 70.676807 -36.835098
v -41.566299 72.230801 -36.835098
v -41.637001 73.342915 -36.765495
v -41.637001 64.198208 -36.765495
v -46.335300 65.344303 -41.530403
v -46.027302 65.339504 -41.833595
v -46.137974 64.161930 -41.724663
v -46.330555 64.187962 -41.535072
v -46.176300 73.242901 -41.687004
v -46.335201 73.242901 -41.530403
v -46.335300 73.342907 -41.530403
v -46.176300 73.342907 -41.687004
v -46.020802 73.242901 -41.840004
v -46.000805 73.342915 -41.859704
v -45.483398 64.467800 -42.369103
v -45.483402 65.045513 -42.369103
v -45.871101 65.222607 -41.987403
v -45.838001 65.311001 -42.019996
v -45.837399 64.121204 -42.020608
v -45.946301 65.392101 -41.913300
v -45.982899 65.615803 -41.877403
v -45.913898 65.593700 -41.945304
v -45.948601 72.360104 -41.911094
v -45.717499 72.553104 -42.138603
v -45.646801 72.495602 -42.208306
v -45.913700 72.275402 -41.945503
v -45.717499 72.978901 -42.138603
v -45.646801 73.034801 -42.208306
v -46.109699 72.227207 -41.752602
v -45.973598 72.226002 -41.886497
v -45.362301 69.472004 -42.488396
v -45.292801 69.453205 -42.556801
v -45.229301 70.675907 -42.619401
v -45.156601 70.685604 -42.690896
v -45.487000 71.696606 -42.365600
v -45.428902 71.763905 -42.422798
v -45.944698 72.084904 -41.914901
v -45.908401 72.170704 -41.950798
v -46.335300 70.676807 -41.530403
v -46.335300 72.230801 -41.530403
v -46.405998 72.231907 -41.460800
v -46.405998 73.242901 -41.460800
v -46.405998 73.342907 -41.460800
v -46.405998 64.198200 -41.460807
v -41.568481 73.342915 -36.832954
v -41.398399 73.342907 -37.328399
v -40.881001 64.467800 -37.837799
v -40.881001 65.045506 -37.837799
v -41.235600 65.311001 -37.488701
v -41.235001 64.121204 -37.489297
v -41.343899 65.392101 -37.381996
v -41.311501 65.593601 -37.414001
v -41.311298 72.275402 -37.414200
v -41.044399 72.495602 -37.676994
v -41.044399 73.034801 -37.676994
v -41.371201 72.226002 -37.355201
v -40.690399 69.453205 -38.025506
v -40.554199 70.685604 -38.159501
v -40.826599 71.763905 -37.891395
v -41.305901 72.170704 -37.419396
v -41.806187 64.198200 -36.932045
v -41.803181 73.342915 -36.929084
v -45.316799 65.045506 -42.205101
v -45.316799 64.467800 -42.205101
v -45.671501 65.311001 -41.855995
v -45.779800 65.392101 -41.749397
v -45.747398 65.593700 -41.781303
v -45.480202 72.495602 -42.044305
v -45.747200 72.275402 -41.781501
v -45.480202 73.034801 -42.044305
v -45.806999 72.226002 -41.722496
v -45.126202 69.453205 -42.392800
v -44.990101 70.685604 -42.526902
v -45.262402 71.763905 -42.258796
v -45.741798 72.170704 -41.786797
v -46.246456 73.342915 -41.303750
v -46.242226 64.198208 -41.299584
v -42.731499 10.767700 -37.819588
v -42.619301 10.767700 -37.709190
v -45.520199 10.916899 -40.565391
v -45.520199 10.767700 -40.565391
v -45.407700 63.092602 -40.454498
v -45.520302 63.092602 -40.565399
v -42.619301 62.510952 -37.709206
v -42.619301 63.092602 -37.709206
v -42.837502 10.917698 -37.924095
v -42.725399 10.917700 -37.813697
v -45.414200 36.770473 -40.460900
v -45.414200 10.917698 -40.460891
v -45.301601 62.942600 -40.350105
v -45.414200 62.942600 -40.460900
v -42.725399 62.836899 -37.813706
v -42.725399 62.942600 -37.813697
v -45.661701 11.067699 -40.008392
v -45.556301 11.067699 -39.904694
v -45.662399 10.917698 -40.009094
v -45.767700 10.917698 -40.112794
v -45.661701 62.792599 -40.008401
v -43.185001 62.792702 -37.570000
v -43.300098 62.792702 -37.683297
v -43.194000 62.942600 -37.578895
v -43.078899 62.942600 -37.465600
v -43.185001 11.067699 -37.569992
v -43.185001 36.807976 -37.570000
v -43.078999 10.917700 -37.465600
v -46.809082 9.502899 -40.111313
v -44.916267 9.502901 -38.247703
v -45.414902 10.767700 -40.461593
v -44.069801 10.767700 -39.137291
v -42.734402 63.092602 -37.822601
v -44.069801 63.092602 -39.137298
v -45.308800 10.917698 -40.357194
v -44.069801 10.917698 -39.137291
v -42.840500 62.942600 -37.926994
v -44.069801 62.942600 -39.137298
v -44.423302 11.067699 -38.789192
v -44.305801 11.067699 -38.673493
v -44.423302 10.917698 -38.789192
v -44.423302 62.792702 -38.789200
v -44.539398 62.792702 -38.903495
v -44.423302 62.942600 -38.789200
v -43.297100 11.067699 -37.680397
v -43.555801 11.289700 -37.934990
v -43.443600 11.289700 -37.824593
v -44.423302 11.577250 -38.789192
v -44.164799 36.969101 -38.534599
v -44.164799 11.289700 -38.534591
v -44.294800 62.792702 -38.662697
v -43.638290 62.492599 -38.016265
v -44.045601 62.570599 -38.417305
v -43.185001 62.683201 -37.570000
v -43.534504 62.492599 -37.914100
v -44.556900 11.067699 -38.920692
v -45.297699 11.289700 -39.650094
v -44.798801 11.289700 -39.158898
v -45.661701 36.969101 -40.008401
v -45.403099 11.688250 -39.753791
v -45.403099 11.289700 -39.753791
v -45.549099 62.792702 -39.897598
v -45.207424 62.492599 -39.561196
v -45.312199 62.492599 -39.664299
v -44.423302 62.360950 -38.789200
v -44.681900 62.570702 -39.043800
v -43.180901 62.492599 -38.262107
v -43.720303 62.492599 -38.793205
v -44.419205 62.492599 -39.481300
v -44.958702 62.492599 -40.012397
v -44.073898 11.367699 -38.445091
v -43.964600 11.367699 -38.337494
v -44.053299 11.289700 -38.424889
v -44.073898 62.492599 -38.445107
v -44.164799 62.570702 -38.534599
v -43.534504 11.367699 -37.914093
v -45.312199 11.367699 -39.664291
v -45.222343 11.367699 -39.575798
v -44.772800 62.492599 -39.133300
v -44.888901 62.492599 -39.247505
v -44.798000 62.570702 -39.158105
v -44.772804 11.367699 -39.133294
v -44.681900 36.969101 -39.043800
v -44.681900 11.289700 -39.043793
v -45.767700 62.942600 -40.112800
v -45.655201 62.942600 -40.002000
v -43.078999 62.833199 -37.465600
v -43.191101 10.917698 -37.575996
v -43.180904 11.367699 -38.262093
v -43.646599 11.367699 -38.024498
v -43.180901 11.516899 -38.262093
v -43.958099 62.492599 -38.331200
v -44.978123 11.367699 -39.335350
v -44.419205 11.512011 -39.481293
v -44.419201 11.367699 -39.481293
v -45.520199 11.937599 -40.565391
v -42.619301 11.427250 -37.709190
v -43.720299 11.367699 -38.793191
v -43.720299 11.516899 -38.793191
v -44.958599 11.367699 -40.012397
v -44.958698 11.526257 -40.012397
v -44.073902 11.753035 -38.445091
v -45.312199 11.727249 -39.664291
v -43.180901 11.937599 -38.262093
v -45.520302 62.983200 -40.565399
v -41.647400 62.038700 -35.402595
v -41.647400 62.038700 -35.504402
v -46.292702 62.038700 -41.325905
v -46.440201 62.038700 -41.471100
v -47.050201 63.703449 -41.471100
v -47.729401 62.038700 -40.242600
v -45.520302 62.038700 -40.565399
v -43.720402 11.937599 -38.793191
v -43.070683 9.502899 -36.430687
v -41.647400 73.345005 40.127304
v -43.002605 73.345005 -30.496102
v -43.002602 73.345005 -30.226600
v -43.002605 73.345005 40.127304
v -43.002602 73.345005 40.028801
v -43.002602 73.345005 39.861901
v -43.002701 73.232807 39.861901
v -43.002602 73.232700 40.028801
v -41.647400 73.345005 -30.496102
v -41.647400 9.484909 40.127308
v -43.002602 9.590401 -30.226593
v -41.647400 9.484901 -30.496093
v -43.002605 9.484909 40.127308
v -43.002605 9.484901 -30.496093
v -43.002602 9.590408 39.861908
v -43.002602 73.232807 -30.226600
v -84.990700 5.175598 -39.911690
v -47.005207 5.175598 -40.108596
v -43.207901 5.175701 -36.091987
v -88.870796 5.175598 -36.091987
v -43.219200 5.175701 -36.381591
v -46.759300 5.175598 -39.866493
v -85.073502 5.175598 -40.108596
v -89.070801 5.175598 -36.173500
v -88.870903 5.175610 34.755707
v -89.070801 5.175610 34.837212
v -88.866829 5.175610 35.038108
v -43.264469 5.175610 38.772309
v -43.013302 5.175610 38.772011
v -43.007900 5.175606 38.507309
v -43.007900 5.175701 -36.173500
v -43.226700 5.175610 34.788407
v -89.070801 5.699299 -36.173500
v -46.793030 5.699299 -39.899696
v -43.007900 5.699299 -36.173484
v -89.070801 5.699306 34.837212
v -88.863182 5.699310 35.041702
v -85.073502 5.699310 38.772309
v -43.264309 5.699310 38.772309
v -43.013302 5.699310 38.772011
v -43.007900 5.699310 38.507309
v -43.219200 5.290600 -36.381493
v -85.252296 5.290600 -39.932595
v -47.005203 5.699299 -40.108596
v -46.759300 5.290600 -39.866493
v -85.073509 5.699299 -40.108596
v -88.871101 5.584301 -36.370095
v -85.073509 5.175610 38.772309
v -43.011303 10.852209 40.127308
v -84.344498 9.497009 40.127308
v -84.344498 10.852201 -30.496093
v -84.344498 10.852209 40.127308
v -43.011200 9.873501 -30.600495
v -43.011299 9.873501 -30.501991
v -43.011200 9.704002 -30.501991
v -43.011299 9.704002 -30.600495
v -43.011295 9.604002 -30.501991
v -43.011200 9.604000 -30.600495
v -84.344498 73.346500 -30.502007
v -84.344498 9.604002 -30.501991
v -43.116798 9.788752 -30.501991
v -43.011303 73.346500 -30.502007
v -43.116798 9.604000 -30.600495
v -43.011303 73.346500 -31.186103
v -43.116798 73.072704 -30.502007
v -43.011299 73.072704 -30.600502
v -43.011299 73.072704 -30.502007
v -84.344498 73.346500 -31.186103
v -84.352966 9.484901 -30.409507
v -85.546661 9.484901 -30.496093
v -84.352898 9.484901 -30.496093
v -84.352997 73.345005 38.781402
v -85.546707 73.345005 38.781402
v -84.352898 73.345005 -30.397607
v -84.352997 73.345005 -30.496102
v -85.546707 73.345005 -30.496102
v -84.352997 73.345005 -30.232087
v -84.352898 73.232807 -30.397607
v -84.352898 73.183895 -30.496102
v -84.352997 9.484909 38.781407
v -84.352898 9.590401 -30.496093
v -84.352898 9.590401 -30.397590
v -84.452904 9.590401 -30.496093
v -84.352997 9.590401 -30.226593
v -85.546600 9.484901 -30.228783
v -84.352997 9.484901 -30.226593
v -84.341904 38.805408 40.127304
v -84.341904 40.160702 -30.496102
v -84.341904 40.160709 40.127304
v -43.011501 38.805408 39.861905
v -43.011501 40.160702 -30.496102
v -43.011501 38.805470 -30.496102
v -43.011501 38.805401 -30.397598
v -43.011501 38.805500 -30.226600
v -43.123798 38.805401 -30.226600
v -43.011501 40.160709 40.127304
v -43.011501 38.805408 40.127304
v -43.164112 38.805401 -30.496102
v -84.341904 38.805401 -30.496102
v -43.123798 38.805408 39.861905
v -41.640900 62.805408 39.734082
v -41.640900 62.805508 40.028801
v -41.640900 64.160702 -30.496102
v -41.640900 62.805500 -30.496102
v -41.640900 62.805408 40.127301
v -41.640900 62.805500 -30.397598
v -41.640900 62.805500 -30.340080
v -84.341904 55.805408 39.793965
v -84.341904 55.805489 40.054158
v -84.341904 55.805500 -30.463113
v -84.341904 57.160702 -30.496102
v -84.341904 57.160709 40.127304
v -84.341904 55.805416 40.127304
v -84.341904 55.805500 -30.496102
v -84.341904 57.160709 40.028801
v -43.011501 57.160702 -30.496102
v -43.011501 55.805500 -30.496102
v -43.123699 55.805500 -30.226600
v -43.123798 55.805500 -30.397598
v -43.011501 57.160709 40.127304
v -43.123798 57.160709 39.861901
v -43.123798 57.160709 40.028801
v -43.011501 55.805508 40.127304
v -43.123798 55.805500 -30.496102
v -43.123798 57.160709 40.127301
v -84.236397 55.805408 40.028801
v -84.271454 55.805431 -30.496102
v -84.236298 55.805500 -30.397598
v -84.236397 57.160709 40.127301
v -84.236397 57.160606 40.028801
v -84.236298 55.805500 -30.226600
v -84.236397 57.160709 39.861901
v -84.341904 57.160709 39.861901
v -84.341904 71.985905 40.127304
v -84.341904 71.985905 -30.496102
v -43.011501 73.341106 -30.226600
v -43.011501 71.985905 -30.496102
v -43.011501 73.341206 39.861901
v -43.123798 73.341206 39.861901
v -43.011501 73.341206 40.127304
v -43.011501 71.985905 40.127304
v -43.011501 73.341206 -30.496102
v -43.123699 73.341206 -30.397607
v -84.341904 73.341114 -30.496102
v -84.341904 73.341114 40.127304
v -43.123798 73.341206 -30.226600
v -84.341904 70.160702 40.127304
v -43.011501 70.160702 40.127304
v -43.011501 68.805500 40.127304
v -43.011501 68.805500 -30.496102
v -43.011501 70.160702 -30.496102
v -84.341904 68.805408 40.127304
v -84.341904 70.160702 -30.496102
v -84.341904 68.805408 -30.496102
v -90.353203 73.333706 -35.479599
v -90.453300 73.244022 -35.479599
v -90.453300 73.333805 -35.479599
v -90.453201 71.899601 -35.479599
v -90.453209 9.488499 -35.479591
v -88.856133 73.333706 34.055199
v -90.439301 73.333706 34.055199
v -90.439301 9.488508 34.055207
v -88.826569 9.488508 34.055207
v -88.826637 9.728374 34.055207
v -90.439301 73.333706 33.988610
v -90.439301 73.210407 33.828301
v -90.439301 73.210407 33.951599
v -90.439301 41.435856 33.951602
v -90.439301 9.660908 33.951607
v -90.453201 73.333706 -35.386802
v -90.353203 73.333805 -35.386802
v -90.453201 73.115002 -35.386802
v -90.453201 73.210407 -35.386802
v -90.453201 9.660900 -35.386788
v -90.453201 9.756699 -35.386788
v -90.453201 9.488499 -35.386788
v -90.453201 9.660900 -35.217094
v -88.840309 9.488499 -34.990745
v -90.452904 9.488499 -33.956688
v -90.439301 9.488508 33.989170
v -90.141197 20.197157 24.187806
v -90.141296 19.749607 23.995106
v -90.141296 19.577908 23.995106
v -90.141197 19.577908 24.187806
v -90.352997 73.333706 -33.956703
v -90.452904 73.333805 -33.956703
v -90.439598 73.333706 32.521500
v -47.733700 73.333706 -41.383682
v -47.733700 73.333706 -41.471100
v -47.733700 9.488499 -41.344147
v -84.285400 73.333805 -41.372703
v -84.285400 73.333805 -41.471100
v -84.285400 9.488499 -41.471093
v -84.285400 9.488499 -41.344093
v -84.180298 73.333805 -41.471100
v -79.513298 68.543415 -41.471100
v -47.827999 73.333706 -41.372703
v -47.733700 9.488499 -41.471093
v -49.511299 73.333706 -41.372703
v -49.511299 73.333805 -41.471100
v -82.496902 73.333706 -41.372703
v -41.647400 9.488499 -32.216653
v -43.002594 9.488501 -30.503898
v -43.002499 9.488501 -30.889794
v -43.002605 9.488499 -35.396995
v -41.647400 9.488499 -35.396995
v -43.002605 73.345814 -35.397004
v -43.002499 9.608002 -30.889794
v -43.002602 9.607998 -35.249290
v -2.425699 14.275002 -31.838195
v -41.647400 9.608000 -32.224090
v -41.647301 9.608000 -31.838188
v -36.807915 14.573425 -31.838195
v -43.002602 10.755030 -35.396995
v -41.647400 73.345814 -31.838203
v -41.647400 11.290642 -31.838195
v -41.647400 73.345814 -35.397004
v -43.002602 71.917606 -35.396995
v -43.002499 10.920300 -35.249290
v -43.002605 73.345814 -30.503906
v -43.002499 9.609493 -30.503898
v -90.440201 68.693401 29.504498
v -90.440201 68.541401 29.504498
v -90.453201 73.210407 -35.264099
v -90.452301 68.693401 -30.939598
v -90.452301 68.693401 -30.770203
v -90.452301 14.177902 -30.939598
v -90.452301 27.897602 -30.939598
v -90.439301 9.660908 33.781006
v -90.440201 14.177906 29.504506
v -90.440201 14.177906 29.311707
v -52.494900 68.543415 -41.471100
v -90.440201 14.349707 29.504506
v -90.440208 14.327908 29.356808
v -90.440201 68.693401 29.311699
v -90.440201 68.543407 29.163998
v -90.440208 68.543415 29.356800
v -90.452301 68.541401 -30.939598
v -90.452301 68.543415 -30.791999
v -90.452301 14.177902 -30.770195
v -90.452301 14.327900 -30.622490
v -90.452301 14.327902 -30.791999
v -79.513298 14.327900 -41.471093
v -36.807991 14.275002 -31.838195
v -41.647301 9.488501 -31.838195
v -36.807999 68.562901 -31.838203
v -2.425801 68.562901 -31.838203
v -90.590195 14.327909 29.356808
v -90.590218 68.543415 29.127789
v -90.590195 68.543407 29.356800
v -90.602303 68.543415 -30.791901
v -90.602303 14.327900 -30.622490
v -90.602310 14.327898 -30.791893
v -79.513298 68.543415 -41.618806
v -2.425699 14.275002 -31.985795
v -36.807999 14.486500 -31.985795
v -36.807999 14.275002 -31.985802
v -36.807999 68.562901 -31.985902
v -2.425801 68.562901 -31.985802
v -91.090210 14.527905 29.160006
v -91.090302 68.343403 28.967299
v -91.090202 68.343410 29.160000
v -91.102303 68.343410 -30.594902
v -91.102203 14.527901 -30.425392
v -91.102303 14.527905 -30.594895
v -79.313309 14.527897 -42.111091
v -79.313301 68.343410 -42.111100
v -2.625699 14.475000 -32.478096
v -36.607903 14.475000 -32.478096
v -36.607990 68.362904 -32.478103
v -2.625802 68.362904 -32.478103
v -91.090302 15.027920 28.667708
v -91.090401 67.843403 28.474999
v -91.090302 67.843388 28.667700
v -91.102203 67.691402 -30.102601
v -91.102203 67.843403 -30.102601
v -91.102097 15.027901 -29.933197
v -91.102203 15.027885 -30.102592
v -78.813301 15.027901 -42.111091
v -78.813301 67.843403 -42.111100
v -53.194901 15.027901 -42.111091
v -3.125700 14.975000 -32.478096
v -36.107903 14.975000 -32.478096
v -3.125800 67.862904 -32.478103
v -90.690399 15.227901 28.470705
v -90.690399 67.643406 28.277998
v -90.690399 67.643406 28.470697
v -90.702202 67.643406 -29.905799
v -90.702103 15.227901 -29.736291
v -90.702103 15.227905 -29.905799
v -78.613297 15.227900 -41.717292
v -78.613297 67.643406 -41.717301
v -53.394901 67.643406 -41.717301
v -3.325700 15.174999 -32.084297
v -35.907906 15.174999 -32.084297
v -35.908005 67.662907 -32.084304
v -3.325800 67.662907 -32.084304
v -90.690498 15.727905 27.978407
v -90.690498 67.143406 27.785698
v -90.690491 67.143429 27.978394
v -90.702003 66.991405 -29.413505
v -90.702003 67.143406 -29.413505
v -90.702003 15.727901 -29.244094
v -78.113297 15.727898 -41.717292
v -78.113297 67.143406 -41.717301
v -53.894905 67.143406 -41.717301
v -3.825700 15.674999 -32.084297
v -35.408001 15.886501 -32.084297
v -35.407906 15.674999 -32.084297
v -35.407906 67.162907 -32.084304
v -3.825799 67.162907 -32.084304
v -90.290489 15.927906 27.781407
v -90.290588 66.943409 27.675337
v -90.290504 66.943401 27.781401
v -90.302002 66.943409 -29.216705
v -90.302002 15.927902 -29.047195
v -77.913300 15.927900 -41.323388
v -77.913300 66.943409 -41.323402
v -19.426950 15.875000 -31.690498
v -4.025700 15.875000 -31.690498
v -35.208000 16.086500 -31.690498
v -35.207901 15.875000 -31.690498
v -34.978100 66.963001 -31.690498
v -35.208000 66.963001 -31.690498
v -4.025800 66.762806 -31.690498
v -4.025800 66.963001 -31.690498
v -90.140503 16.099709 27.781407
v -90.140503 15.927906 27.781407
v -90.140503 66.943401 27.588698
v -90.140503 66.943401 27.781399
v -90.152000 66.943409 -29.216705
v -90.152000 15.927902 -29.047294
v -90.152000 15.927902 -29.216698
v -4.025800 15.875000 -31.542793
v -35.207993 15.875000 -31.542793
v -35.208000 66.963001 -31.542802
v -4.025800 66.962902 -31.542802
v -90.140602 16.249708 27.633706
v -90.140503 16.077908 27.633706
v -90.140602 66.793407 27.440998
v -90.140503 66.793407 27.633698
v -90.152000 66.793407 -29.069100
v -90.151901 16.077900 -28.899589
v -90.152000 16.077900 -29.068993
v -77.913300 15.927900 -41.175796
v -35.208000 16.783361 -31.542793
v -4.025700 66.762074 -31.542802
v -90.140900 18.249708 25.664606
v -90.140900 18.077908 25.664606
v -90.140999 64.793407 25.471901
v -90.140900 64.793407 25.664601
v -90.151604 64.641407 -27.099899
v -90.151604 64.793407 -27.099899
v -90.151497 18.077900 -26.930496
v -90.151604 18.077900 -27.099891
v -6.375700 18.225000 -31.542793
v -4.025700 16.087109 -31.542793
v -6.375700 64.612934 -31.542802
v -90.140999 18.277908 25.467705
v -90.140999 64.593403 25.275000
v -90.140999 64.593403 25.467701
v -90.151497 64.593403 -26.903000
v -90.151497 18.277901 -26.733497
v -90.151497 18.277901 -26.902993
v -32.857994 18.225000 -31.542793
v -32.628101 64.613003 -31.542802
v -32.858002 64.612904 -31.542802
v -6.375700 64.412807 -31.542802
v -90.341003 18.277916 25.467808
v -90.341034 64.593403 25.218256
v -90.341003 64.593403 25.467701
v -90.351509 18.277901 -26.739358
v -90.351509 18.277893 -26.902993
v -75.563309 64.593403 -41.372703
v -6.375700 18.225000 -31.739692
v -32.857899 18.358927 -31.739692
v -32.857899 18.225000 -31.739692
v -32.628101 64.612904 -31.739700
v -6.375800 64.412807 -31.739700
v -6.375800 64.613003 -31.739700
v -90.841003 18.577900 25.172512
v -90.841103 64.293407 24.979800
v -90.841003 64.293423 25.172507
v -90.851410 18.577902 -26.437210
v -90.851501 18.577906 -26.607491
v -75.263306 18.577900 -41.864891
v -75.263306 64.293407 -41.864899
v -6.675702 18.525002 -32.231994
v -32.557899 18.525002 -32.231994
v -32.328098 64.312901 -32.232003
v -6.675800 63.644802 -32.232003
v -6.675800 64.312901 -32.232003
v -90.841103 19.077929 24.680205
v -90.841202 63.793404 24.487500
v -90.841103 63.793385 24.680201
v -90.851410 63.793400 -26.115304
v -90.851303 19.077900 -25.945794
v -74.763298 19.077898 -41.864891
v -74.763298 63.793400 -41.864899
v -57.244900 63.793400 -41.864899
v -7.175699 19.024998 -32.231994
v -32.057899 19.236500 -32.231987
v -32.057964 19.024998 -32.231994
v -31.828100 63.812901 -32.232003
v -32.057999 63.813000 -32.232003
v -7.175702 63.813000 -32.232003
v -90.341202 19.377905 24.384709
v -90.341194 63.493404 24.186142
v -90.341202 63.493408 24.384701
v -90.351311 63.493401 -25.820000
v -90.351303 19.377899 -25.631736
v -90.351311 19.377901 -25.820000
v -74.463303 19.377899 -41.372689
v -57.544903 63.493401 -41.372696
v -7.475699 19.325001 -31.739692
v -31.757900 19.536501 -31.739692
v -31.757900 19.325001 -31.739692
v -31.528099 63.513000 -31.739700
v -31.757900 63.512901 -31.739700
v -7.475801 63.513000 -31.739700
v -90.141197 20.001308 24.384707
v -90.141197 19.377907 24.384707
v -90.141197 63.493404 24.192000
v -90.141197 63.493404 24.384701
v -90.151299 19.377899 -25.650489
v -90.151299 19.377899 -25.819992
v -31.528099 63.513000 -31.542802
v -31.757999 63.513000 -31.542802
v -7.475801 63.513000 -31.542802
v -90.141296 63.293404 23.995100
v -90.141197 63.293404 24.187800
v -90.151299 63.493404 -25.820000
v -90.151199 19.577900 -25.453590
v -90.151299 19.577900 -25.623092
v -90.151299 63.141399 -25.453598
v -90.151299 63.293400 -25.453598
v -90.452301 68.543407 -30.622505
v -90.440399 14.177906 28.072606
v -90.440498 14.327908 27.931006
v -90.452003 14.327900 -29.389396
v -90.452103 14.177902 -29.530999
v -90.590500 14.327908 27.931006
v -90.601997 14.327900 -29.389396
v -91.102303 68.343403 -30.425400
v -91.090500 14.527906 27.742306
v -91.101997 14.527901 -29.200493
v -91.102097 67.843403 -29.933204
v -91.090599 15.027906 27.270306
v -91.101898 15.027901 -28.728492
v -90.702103 67.643406 -29.736305
v -90.690598 15.227905 27.081505
v -90.701797 15.227901 -28.539796
v -90.702003 67.143406 -29.244103
v -90.690697 15.727905 26.609507
v -90.701797 15.727901 -28.067794
v -90.302002 66.943401 -29.047204
v -90.290802 15.927906 26.420607
v -90.301697 15.927902 -27.879097
v -90.152000 66.943401 -29.047302
v -90.140800 15.927906 26.420607
v -90.151703 15.927902 -27.879097
v -90.151901 66.793407 -28.899605
v -90.140800 16.077908 26.279005
v -90.151703 16.077900 -27.737496
v -90.151497 64.793407 -26.930503
v -90.141197 18.077908 24.391106
v -90.151299 18.077900 -25.849693
v -90.151497 64.593403 -26.733604
v -90.141197 18.277908 24.202305
v -90.151299 18.277901 -25.660896
v -90.351509 64.593403 -26.762657
v -90.341019 18.277908 25.245329
v -90.851402 64.293407 -26.437997
v -90.841301 18.577908 23.919306
v -90.851303 63.793400 -25.945800
v -90.841400 19.077908 23.447306
v -90.851097 19.077900 -24.905594
v -90.351303 63.493401 -25.650497
v -90.341209 19.377907 24.152251
v -90.151299 63.493401 -25.650497
v -90.141403 19.377907 23.164006
v -90.151100 19.377899 -24.622490
v -90.141502 19.577908 22.975207
v -90.151001 19.577900 -24.433793
v -90.151001 63.293404 -24.433799
v -90.151100 63.141403 -24.433799
v -90.141502 63.141403 22.975203
v -90.141502 63.293404 22.975201
v -90.451988 68.543415 -29.330909
v -90.440498 68.543407 27.930899
v -90.440498 68.693401 28.072499
v -90.601997 68.543407 -29.389404
v -91.101997 68.343403 -29.200500
v -91.090500 68.343403 27.742298
v -91.101898 67.843403 -28.728501
v -91.090599 67.843403 27.270298
v -90.701897 67.643406 -28.539803
v -90.690697 67.643406 27.081398
v -90.701797 67.143406 -28.067802
v -90.690804 67.143406 26.609499
v -90.301804 66.943401 -27.879105
v -90.151703 66.943401 -27.879105
v -90.140800 66.943401 26.420599
v -90.151703 66.793407 -27.737503
v -90.140800 66.793407 26.278998
v -90.151299 64.793407 -25.849702
v -90.141197 64.793407 24.391100
v -90.151299 64.593403 -25.660896
v -90.141197 64.593403 24.202299
v -90.851196 64.293407 -25.377602
v -90.841301 64.293407 23.919300
v -90.851097 63.793404 -24.905601
v -90.841400 63.793404 23.447300
v -90.351097 63.493404 -24.622498
v -90.151100 63.493404 -24.622498
v -90.141403 63.493404 23.164000
v -90.440201 14.327908 29.164107
v -90.590202 14.327908 29.164107
v -91.090302 14.527906 28.967307
v -91.090401 15.027906 28.475006
v -90.690399 15.227905 28.278006
v -90.690498 15.727905 27.785706
v -90.140503 15.927906 27.588705
v -90.140602 16.077908 27.441006
v -90.140999 18.077908 25.471907
v -90.140999 18.277908 25.275006
v -90.841103 18.577908 24.979805
v -90.841202 19.077908 24.487505
v -90.141197 19.377907 24.192006
v -90.141296 63.141403 23.995102
v -90.141197 62.693905 24.187802
v -91.102303 15.803001 -30.594895
v -91.102203 16.282400 -30.102592
v -91.102203 66.608707 -30.102601
v -90.702103 16.474100 -29.905792
v -90.702202 66.417004 -29.905799
v -90.702011 15.727896 -29.413498
v -90.702003 65.937603 -29.413505
v -90.301994 15.927902 -29.216698
v -90.140503 66.791401 27.781399
v -90.152000 16.622501 -29.216698
v -90.140602 66.641407 27.633698
v -90.152000 41.445553 -29.069046
v -90.140900 64.641407 25.664601
v -90.151604 29.847626 -27.099891
v -90.151497 41.445553 -26.902993
v -90.351501 64.593403 -26.903000
v -90.851501 64.293400 -26.607498
v -90.851410 19.077883 -26.115295
v -90.141197 62.889751 24.384701
v -90.151299 20.644699 -25.623092
v -90.151299 62.246399 -25.623100
v -90.151199 20.644699 -25.453590
v -90.151299 62.246399 -25.453598
v -90.141502 62.246403 22.975203
v -90.151001 62.246403 -24.433799
v -90.151001 20.644699 -24.433793
v -90.141502 20.644707 22.975207
v -90.141296 62.246403 23.995102
v -90.141296 20.644707 23.995106
v -90.440201 67.423603 29.504498
v -90.440201 15.467407 29.504506
v -90.140503 65.745800 27.781399
v -90.140503 17.145208 27.781407
v -90.140602 65.602001 27.633698
v -90.140503 17.289108 27.633706
v -90.140900 63.684509 25.664601
v -90.140900 19.206608 25.664606
v -90.140999 63.492809 25.467699
v -90.140999 19.398308 25.467705
v -90.341003 63.492809 25.467699
v -90.341003 19.398308 25.467806
v -90.841003 63.205105 25.172501
v -90.151299 19.549700 -25.819992
v -90.151299 19.749701 -25.623092
v -90.151199 19.749701 -25.453590
v -90.141502 19.749607 22.975207
v -90.151001 19.749701 -24.433793
v -90.453201 71.808102 -35.386802
v -90.453201 11.063599 -35.386788
v -90.452904 9.660900 -33.793991
v -90.439598 9.660908 32.358010
v -90.439598 73.210407 32.403199
v -90.452904 73.210407 -33.839104
v -58.364449 62.685398 -41.175697
v -73.222710 63.493404 -41.175804
v -83.619148 73.333805 -41.471100
v -52.494900 68.543415 -41.618797
v -52.694901 68.343403 -42.111100
v -53.194901 67.843403 -42.111100
v -54.094898 66.943409 -41.323402
v -54.094902 66.943409 -41.175705
v -77.913300 66.943409 -41.175804
v -55.394901 66.793407 -41.175697
v -75.563309 64.593403 -41.175804
v -56.444901 64.593403 -41.175705
v -56.444901 64.593403 -41.372703
v -56.744904 64.293407 -41.864899
v -74.463303 63.493404 -41.372703
v -57.544903 63.493404 -41.175705
v -52.494900 14.327900 -41.618797
v -54.094902 15.927900 -41.175697
v -56.444901 18.277901 -41.175697
v -52.494900 14.327900 -41.471093
v -52.694901 14.527897 -42.111091
v -53.394901 15.227900 -41.717292
v -53.894905 15.727898 -41.717292
v -54.094902 15.927900 -41.323388
v -56.444901 18.277901 -41.372689
v -56.744904 18.577900 -41.864891
v -57.244900 19.077898 -41.864891
v -57.544903 19.377899 -41.372689
v -57.544903 19.377899 -41.175697
v -74.463303 19.377899 -41.175796
v -58.364449 20.205173 -41.175697
v -74.463303 63.493404 -41.175804
v -79.513298 14.327900 -41.618806
v -75.563309 18.277901 -41.175796
v -75.563309 18.277899 -41.372689
v -35.115799 67.862904 -32.478096
v -3.538400 67.662907 -32.084297
v -34.924000 67.663006 -32.084297
v -4.238400 66.963001 -31.690498
v -34.252899 66.963001 -31.690498
v -4.238400 66.962902 -31.542802
v -34.033955 66.963001 -31.542802
v -6.588400 64.612904 -31.542802
v -31.999800 64.612904 -31.542802
v -6.588400 64.612904 -31.739700
v -31.999800 64.613003 -31.739700
v -6.888400 64.313007 -32.232003
v -31.712200 64.312901 -32.232003
v -31.232800 63.812901 -32.232003
v -7.688400 63.513000 -31.739700
v -30.945200 63.513000 -31.739700
v -7.688400 63.513000 -31.542802
v -30.945200 63.512901 -31.542802
v -7.475801 63.162804 -31.542802
v -7.475699 19.325001 -31.542793
v -36.807999 15.569317 -31.838195
v -36.807999 67.251507 -31.985902
v -36.807999 15.597801 -31.985795
v -36.608002 67.059803 -32.478096
v -36.608002 15.789501 -32.478096
v -36.108006 67.862904 -32.478103
v -35.407902 65.909306 -32.084297
v -35.407902 16.940001 -32.084297
v -3.825702 15.826160 -32.084297
v -35.208000 65.717503 -31.690498
v -35.207901 17.131800 -31.690498
v -4.025800 16.086500 -31.690498
v -35.207897 66.751568 -31.542808
v -35.208000 17.131800 -31.542793
v -35.044235 66.962933 -31.542802
v -32.857899 18.571568 -31.542793
v -32.858002 63.938656 -31.542802
v -32.858002 64.613003 -31.739708
v -32.558002 64.313007 -32.232003
v -32.057999 62.697498 -32.232003
v -32.057999 20.151899 -32.231987
v -31.757999 62.409801 -31.739700
v -31.757900 20.439501 -31.739692
v -31.757906 63.046421 -31.542802
v -31.757900 19.325001 -31.542793
v -3.825800 65.909306 -32.084297
v -4.025800 41.424652 -31.690498
v -6.375800 63.464504 -31.542802
v -6.375800 63.464500 -31.739700
v -7.175700 20.151899 -32.231987
v -7.175700 62.697498 -32.232003
v -36.807999 68.362804 -31.985902
v -36.607899 68.162807 -32.478096
v -35.407902 66.962803 -32.084297
v -35.207901 66.762806 -31.690498
v -32.057999 63.612801 -32.232003
v -31.757999 63.312801 -31.739700
v -31.757900 63.312801 -31.542802
v 47.827999 73.334400 -39.874199
v 47.733799 73.334507 -39.874199
v 47.733799 73.211102 -39.874199
v 47.827999 73.211102 -39.874099
v -47.733700 73.334400 -39.874199
v 47.733803 9.489201 -39.844688
v 47.733803 9.886156 -39.844795
v 84.249420 9.489201 -39.844688
v 84.285500 9.489199 -39.844688
v 84.285500 10.972399 -39.845291
v 84.285400 71.900303 -39.873603
v 84.285400 73.211102 -39.874199
v 84.285400 73.334507 -39.874199
v 84.180298 73.334507 -39.874199
v 82.496902 73.334507 -39.874199
v 49.511398 73.334400 -39.874199
v 47.733799 71.900303 -39.873603
v -47.733700 9.661598 -39.844688
v -47.733700 9.489199 -39.844688
v -47.733700 10.972399 -39.845391
v -47.733700 73.205883 -39.874199
v -83.640755 73.334400 -39.874199
v -84.180298 73.334400 -39.874199
v -84.285400 73.334400 -39.874199
v -84.285400 73.202518 -39.874199
v -84.285400 9.663094 -39.844795
v -84.285400 9.489201 -39.844795
v -82.496902 9.489199 -39.844795
v -47.771801 9.489201 -39.844696
v -66.004105 9.661598 -39.844795
v -66.004105 10.972399 -39.845391
v -47.827999 9.661598 -39.844795
v -47.827999 10.972399 -39.845391
v -66.004120 71.900303 -39.873603
v 66.004150 73.211102 -39.874099
v 84.180298 73.211102 -39.874099
v 47.827999 71.900303 -39.873497
v 66.004150 71.900303 -39.873497
v 84.180298 71.900303 -39.873497
v 47.827999 9.661598 -39.844795
v 47.827999 10.972399 -39.845391
v 66.004150 9.661598 -39.844795
v 66.004150 10.972399 -39.845391
v 84.180298 9.661598 -39.844795
v 84.180298 10.972399 -39.845391
v 42.884804 9.502899 -35.402496
v 47.638302 9.675299 -40.252792
v 43.084400 11.937599 -36.444091
v 42.884800 11.937599 -36.247596
v 46.952801 9.502899 -40.252792
v 42.884804 9.502899 -36.247596
v 47.638302 11.937599 -40.252792
v 43.084301 62.038700 -36.444100
v 42.884800 62.038700 -36.247596
v 46.952801 73.333805 -40.252800
v 46.805637 73.333805 -40.107826
v 47.638199 62.038700 -40.252800
v 43.085239 73.333805 -36.445023
v 47.638199 64.185001 -40.252800
v 47.700249 73.333805 -40.252800
v -47.352665 73.333805 -40.252800
v -42.884804 73.333805 -35.402603
v -44.944801 73.333805 -38.275795
v -42.884800 73.333805 -36.247703
v -43.084301 73.333805 -36.444100
v -46.952801 73.333805 -40.252800
v -47.209900 73.333805 -40.252800
v -47.729401 9.502899 -40.252792
v -46.952801 9.502899 -40.252792
v -47.638199 11.937599 -40.252792
v -43.084301 65.368198 -36.444100
v -46.952801 65.368198 -40.252800
v -47.638203 62.756977 -40.252800
v -46.811302 73.333805 -40.113503
v -44.944801 68.161129 -38.275795
v -47.638229 67.190800 -40.252800
v -42.884804 9.502899 -35.402595
v 84.344498 9.497002 -30.495995
v -43.011303 10.852201 -30.496093
v -43.011303 9.497009 40.127308
v -84.344498 9.497002 -30.496093
v -43.011303 9.497002 -30.496093
v 84.530388 73.333805 38.929797
v 89.223000 73.333805 34.924667
v 89.223000 73.333805 34.181401
v 85.154999 73.333805 38.929802
v 87.163002 73.333805 36.952801
v 89.023499 73.333805 35.121102
v 89.237000 73.333805 -35.551903
v 89.089500 73.333805 -36.372100
v 87.228996 73.333805 -38.203804
v 85.168999 73.333805 -40.231896
v 85.368599 73.333805 -40.035499
v -89.180702 73.333706 34.924591
v -89.180702 73.333706 34.181301
v -85.260300 73.333706 38.784500
v -87.120697 73.333706 36.952801
v -88.981102 73.333706 35.120998
v -85.112770 73.333706 38.929699
v -89.194702 73.333706 -35.551994
v -84.371803 73.333706 -40.232003
v -89.047096 73.333706 -36.372100
v -87.186699 73.333706 -38.203804
v -85.126701 73.333706 -40.232003
v -85.326202 73.333706 -40.035499
v -89.194702 73.333706 -36.226799
v -89.194702 73.333706 -35.973594
v 85.281403 9.675308 38.763707
v 87.141899 9.675308 36.932006
v 84.448402 9.675308 38.909008
v 89.215904 9.502899 -36.247589
v 87.207802 10.806450 -38.224595
v 89.215897 9.675299 -35.572693
v -89.201897 9.671955 34.903717
v -89.002296 9.675308 35.100209
v -84.357201 9.502909 38.908909
v -87.141800 9.675308 36.931908
v -89.215805 9.502899 -36.247673
v 89.002296 11.937609 35.100307
v 85.281403 36.988159 38.763703
v 87.141899 11.937609 36.932006
v 84.448402 11.937609 38.909008
v 89.215897 11.937599 -35.994392
v 89.215897 11.937599 -36.247596
v 85.147903 9.502899 -40.252792
v 89.215897 11.937599 -35.572693
v -89.002296 11.937609 35.100209
v -85.133911 9.502909 38.908909
v -85.281403 11.937609 38.763607
v -87.141800 11.937609 36.931908
v -84.448402 11.937609 38.908909
v -89.215805 62.754173 -35.572868
v -89.068298 11.937599 -36.392891
v -87.207802 11.937599 -38.224595
v -89.215797 11.937599 -35.572792
v 89.002296 62.038708 35.100300
v 84.876701 62.038708 38.908901
v 87.141800 62.038708 36.932000
v 84.448402 62.038708 38.909001
v 85.347397 62.038700 -40.056297
v 85.147903 63.111851 -40.252800
v 89.215805 62.028606 -36.247612
v 89.068298 62.038700 -36.392898
v 87.207802 62.038700 -38.224601
v 84.696045 62.575275 -40.252800
v 89.215797 62.038700 -35.572799
v -89.201897 73.210430 34.903706
v -89.002296 62.038708 35.100200
v -85.133904 62.038708 38.908901
v -84.448425 62.747581 38.908905
v -85.281403 62.038708 38.763600
v -87.141899 62.038708 36.931900
v -85.147797 63.111851 -40.252800
v -85.347397 63.111851 -40.056404
v -89.068298 62.038700 -36.392898
v -87.207802 63.111851 -38.224702
v -84.323952 73.210423 -40.252800
v 89.002296 64.185001 35.100200
v 89.201897 62.126698 34.903813
v 84.876701 64.185001 38.908901
v 85.281403 64.185001 38.763699
v 87.141899 64.185001 36.932000
v 84.448402 64.185001 38.908901
v 85.347397 64.185001 -40.056297
v 89.215904 64.238689 -36.247596
v 89.068298 64.185001 -36.392898
v 87.207901 64.185001 -38.224601
v 89.215897 64.185001 -35.572799
v -89.002296 64.185001 35.100200
v -85.133797 64.185001 38.908901
v -84.448456 67.199574 38.908905
v -85.281403 64.185001 38.763600
v -87.141800 64.185001 36.931900
v -89.215805 67.201542 -35.572883
v -89.084267 73.210400 -36.377175
v 89.002296 73.210407 35.100200
v 89.201897 73.210407 34.903801
v 85.133911 73.210423 38.908905
v 87.141899 73.210407 36.932000
v 89.201897 73.210407 34.638001
v 89.201897 73.210407 34.160500
v 84.448402 73.210407 38.908901
v 85.347397 73.210407 -40.056297
v 85.147903 73.210407 -40.252800
v 89.215904 73.210461 -35.512948
v 89.215897 73.210407 -36.247596
v 89.068298 73.210407 -36.392898
v 87.207901 73.210407 -38.224601
v 84.877998 73.210407 -40.252800
v 84.392998 73.210407 -40.252800
v -89.002296 73.210407 35.100200
v -85.133904 73.210407 38.908901
v -84.662552 73.210407 38.908901
v -85.281403 73.210407 38.763600
v -87.141800 73.210407 36.931900
v -89.201897 73.210445 34.126637
v -85.147797 73.210407 -40.252800
v -85.347397 73.210407 -40.056404
v -89.215805 73.210377 -36.247689
v -87.207802 73.210407 -38.224702
v 84.344498 9.704002 -31.185997
v 84.344498 9.873501 -31.185997
v 84.344498 9.604002 -31.185997
v 84.344498 73.346500 -31.186005
v 43.011303 9.604002 -31.186096
v 84.344498 73.072803 -31.186005
v -43.011299 73.072704 -31.186103
v -43.011303 9.604002 -31.186096
v -43.011299 9.704002 -31.186089
v -84.344498 9.604002 -31.186096
v -43.011299 9.873501 -31.186089
v 84.232300 73.072803 -31.186005
v 84.232300 9.704002 -31.185997
v 43.116798 9.873501 -31.186089
v 43.116798 9.704002 -31.186089
v 84.232300 9.873501 -31.186089
v -43.116798 9.873501 -31.186089
v -43.116798 73.159603 -31.186103
v 88.840401 9.488499 -35.479492
v 88.840408 9.670067 -35.479492
v 88.869904 73.210407 -35.479599
v 88.869904 73.333805 -35.479599
v 88.869202 71.899601 -35.479599
v 88.826698 9.488508 34.055207
v 88.856102 73.333805 34.055199
v 88.856102 73.210407 34.055199
v 88.826706 9.668938 34.055207
v 88.826698 9.488508 33.951706
v 88.856102 73.333805 33.951699
v 88.869904 73.333805 -35.386802
v 88.856400 73.333805 32.521599
v 88.869598 73.333805 -33.956703
v 88.855499 71.899601 34.055199
v -88.840408 9.669846 -35.479591
v -88.840408 9.488499 -35.479591
v -88.869797 73.333706 -35.479599
v -88.869797 73.210400 -35.479599
v -88.869202 71.899601 -35.479599
v -88.856102 73.210407 34.055199
v -88.827202 10.971708 34.055207
v -88.826599 9.488508 33.951607
v -88.856102 73.333706 33.951599
v -88.869797 73.333805 -35.386802
v -88.856400 73.333706 32.521500
v -88.826897 9.488506 32.521507
v -88.869499 73.333706 -33.956703
v -88.855499 71.899601 34.055199
v 88.840500 9.660900 -35.386788
v -88.869797 73.210407 -35.386802
v -88.856003 73.210407 33.951599
v -88.856300 73.210407 32.521500
v -88.869499 73.210407 -33.956703
v -88.855400 71.899601 33.951599
v -88.855698 71.899601 32.521500
v -88.868896 71.899601 -33.956703
v -88.869102 71.899601 -35.386802
v -88.827301 10.971708 33.951607
v -88.827599 10.971706 32.521507
v -88.840797 10.971699 -33.956688
v -88.841003 10.971699 -35.386788
v -88.826698 9.660908 33.951607
v -88.827003 9.660908 32.521507
v -88.840202 9.660900 -33.956688
v -88.840401 9.660900 -35.386788
v 88.826698 9.660908 33.951706
v 88.827003 9.660908 32.521607
v 88.840202 9.660900 -33.956688
v 88.856003 73.210407 33.951699
v 88.856300 73.210407 32.521599
v 88.869499 73.210407 -33.956703
v 88.869797 73.210407 -35.386802
v 88.855400 71.899601 33.951699
v 88.855698 71.899601 32.521599
v 88.868896 71.899601 -33.956703
v 88.869202 71.899601 -35.386802
v 88.827301 10.971708 33.951706
v 88.827599 10.971706 32.521607
v 88.840797 10.971699 -33.956688
v 88.841103 10.971699 -35.386788
v 85.546707 9.484909 38.781407
v -85.546700 9.484901 -30.397590
v -85.546600 9.590401 -30.496093
v 85.546707 73.345005 -30.496102
v -85.546700 73.232807 -30.397607
v -85.546700 73.232807 -30.226600
v 85.546707 9.484901 -30.496093
v -85.546700 9.590401 -30.397590
v -85.546600 9.590401 -30.226593
v -85.546700 9.590408 38.516007
v -85.546707 9.484909 38.781407
v -44.343700 12.228701 -24.866691
v -44.343601 12.444101 -24.866691
v -44.343601 16.974102 -25.080193
v -44.343613 12.228701 -25.080193
v -83.007004 12.228701 -25.080291
v -83.507004 11.728701 -25.572494
v -43.843700 11.728701 -25.572494
v -43.843700 21.728701 -25.572494
v -44.343700 21.728710 38.641709
v -43.843700 11.728708 38.641709
v -44.343700 12.228708 38.641709
v -83.173698 12.062008 38.641709
v -83.340302 11.895409 38.641709
v -82.945396 12.062008 38.641709
v -83.343117 21.728710 38.641610
v -44.343601 21.728701 -25.080193
v -43.843700 21.728710 38.641709
v -83.507004 11.728708 38.641709
v -83.507004 21.728710 38.641610
v -83.507004 21.504110 38.641709
v -83.007004 12.228708 38.641705
v -83.173698 12.277508 38.641709
v -83.007004 21.728710 38.641709
v -82.779427 12.228708 38.641644
v -83.507004 11.944109 38.641709
v -83.507004 21.728710 38.228009
v -44.343601 12.228701 -24.142295
v -44.343700 12.444101 -24.142295
v -83.507004 21.728701 -25.572494
v -44.343601 21.728701 -24.142295
v -44.343636 21.728701 -24.866706
v -44.558498 21.728701 -25.080193
v -44.343700 12.228708 37.982208
v -83.007004 21.728701 -25.080300
v -44.343700 21.504101 -24.866691
v -83.340401 12.110809 38.641610
v -44.343700 21.504110 37.982308
v -44.343700 12.444109 37.982208
v -83.177437 21.728710 38.641709
v -44.343601 21.504101 -24.142295
v -64.170998 25.327909 40.141606
v -63.675301 25.533209 40.141606
v -63.179699 25.327909 40.141610
v -64.376297 24.832218 40.141610
v -64.170998 25.327909 40.384205
v -63.675400 25.533209 40.384205
v -64.216499 25.373310 41.249302
v -63.675400 25.597509 41.249302
v -64.380798 25.537609 41.860604
v -63.675400 25.829809 41.860604
v -64.897400 26.054209 42.027905
v -63.675400 26.560410 42.027905
v -65.077599 26.234409 42.061303
v -63.675400 26.815210 42.061303
v -65.113602 26.270510 42.395905
v -63.675400 26.866209 42.395905
v -64.993500 26.150309 42.947903
v -63.675400 26.696310 42.947903
v -64.765198 25.922010 42.947903
v -63.675400 26.373510 42.947903
v -64.707901 25.864809 42.742905
v -63.675400 26.292509 42.743004
v -64.681099 25.837910 42.646805
v -63.675400 26.254509 42.646805
v -64.624496 25.781309 42.767001
v -63.675400 26.174509 42.767001
v -64.428802 25.585609 43.182102
v -63.675400 25.897709 43.182206
v -64.740898 24.832209 43.182106
v -63.675400 24.832209 43.500008
v -64.376297 24.832209 40.384208
v -64.440598 24.832209 41.249306
v -64.672897 24.832209 41.860608
v -65.403503 24.832209 42.027909
v -65.658401 24.832209 42.061306
v -65.709396 24.832209 42.395909
v -65.539497 24.832209 42.947907
v -65.216599 24.832209 42.947907
v -65.135696 24.832209 42.742909
v -65.097702 24.832209 42.646809
v -65.017601 24.832209 42.767006
v -64.170998 24.336510 40.141610
v -63.179707 24.336493 40.141610
v -64.170998 24.336510 40.384208
v -64.216499 24.291010 41.249306
v -64.380798 24.126810 41.860608
v -64.897400 23.610210 42.027909
v -65.077599 23.430010 42.061306
v -65.113602 23.393909 42.395909
v -64.993500 23.514109 42.947907
v -64.765198 23.742310 42.947907
v -64.707901 23.799610 42.742909
v -64.681099 23.826410 42.646809
v -64.624496 23.883110 42.767006
v -64.428802 24.078709 43.182106
v -63.675400 23.766609 43.182106
v -63.675301 24.131210 40.141610
v -63.675400 24.131210 40.384208
v -63.675400 24.066910 41.249306
v -63.675400 23.834610 41.860608
v -63.675400 23.104010 42.027909
v -63.675400 22.849110 42.061306
v -63.675400 22.798210 42.395909
v -63.675400 22.968109 42.947907
v -63.675400 23.290909 42.947907
v -63.675400 23.371910 42.742909
v -63.675400 23.409809 42.646809
v -63.675400 23.489910 42.767006
v -63.179699 24.336510 40.384208
v -63.134201 24.291010 41.249306
v -62.970001 24.126810 41.860608
v -62.453300 23.610210 42.027909
v -62.273102 23.430010 42.061306
v -62.237099 23.393909 42.395909
v -62.357201 23.514109 42.947907
v -62.585499 23.742310 42.947907
v -62.642700 23.799610 42.742909
v -62.669601 23.826410 42.646809
v -62.726200 23.883110 42.767006
v -62.921902 24.078709 43.182209
v -62.609798 24.832209 43.182106
v -62.974400 24.832209 40.141610
v -62.974400 24.832209 40.384208
v -62.910099 24.832209 41.249206
v -62.677799 24.832209 41.860608
v -61.947201 24.832209 42.027909
v -61.692299 24.832209 42.061306
v -61.641300 24.832209 42.395909
v -61.811199 24.832209 42.947907
v -62.134102 24.832209 42.947907
v -62.215000 24.832209 42.742909
v -62.252998 24.832209 42.646809
v -62.333099 24.832209 42.767006
v -63.179699 25.327909 40.384205
v -63.134201 25.373310 41.249302
v -62.970001 25.537609 41.860604
v -62.453300 26.054209 42.027905
v -62.273102 26.234409 42.061303
v -62.237099 26.270510 42.395905
v -62.357201 26.150309 42.947903
v -62.585499 25.922010 42.947903
v -62.642700 25.864809 42.742905
v -62.669601 25.837910 42.646805
v -62.726200 25.781309 42.767001
v -62.921902 25.585609 43.182102
v -43.093700 10.960510 40.119408
v -84.257004 10.960510 40.119416
v -83.857002 11.360512 40.414708
v -43.193699 11.060509 40.414708
v -43.193699 38.603909 40.414704
v -43.493698 38.303913 40.414704
v -84.157005 38.603909 40.414704
v -83.857002 38.303913 40.414704
v -84.257004 38.703907 40.119408
v -83.757004 11.460510 40.119408
v -83.757011 38.203911 40.119404
v -47.493698 34.303909 40.119404
v -79.857002 34.303909 40.119404
v -79.556999 15.660507 40.710106
v -47.793701 15.660507 40.710106
v -48.193699 16.060511 40.710106
v -48.193699 33.603912 40.710102
v -79.556999 34.003906 40.710102
v -78.857002 33.303909 40.119404
v -47.558201 24.832758 40.246406
v -47.493698 15.360508 40.119408
v -79.792503 34.108208 40.246403
v -79.157005 16.060511 40.710106
v -79.792503 15.557308 40.246406
v -78.857002 16.360510 40.119408
v -43.093700 10.960510 38.642510
v -84.257004 10.960510 38.642510
v -43.593704 11.460510 40.119408
v -43.493702 11.360512 40.414708
v -43.593700 38.203911 40.119404
v -47.793701 34.003906 40.710102
v -48.493698 33.303909 40.119404
v -43.093700 38.703907 40.119400
v -84.157005 11.060509 40.414708
v -79.857002 15.360508 40.119408
v -79.156998 33.603909 40.710102
v -79.792503 16.090809 40.246406
v -79.792503 33.574707 40.246403
v -48.493698 16.360510 40.119408
v -78.921501 24.832758 40.246406
v -43.093700 38.703907 38.642505
v -84.257004 38.703907 38.642505
v -83.007004 58.460804 -25.080300
v -44.343700 58.460804 -25.080200
v -83.007004 67.960804 -25.080300
v -83.507004 57.960800 -25.572502
v -43.843700 57.960800 -25.572502
v -83.507004 67.960804 -25.572502
v -43.843700 67.960804 38.641700
v -44.343700 58.460812 38.641700
v -83.173698 58.294209 38.641700
v -83.340401 58.127506 38.641700
v -83.112099 58.127506 38.641602
v -82.945503 58.294209 38.641700
v -83.340401 67.960804 38.641602
v -83.340401 67.736301 38.641700
v -83.173698 67.736301 38.641700
v -83.157211 67.960804 38.641697
v -44.343700 67.960804 -25.080207
v -43.843700 57.960812 38.641700
v -83.278801 57.960808 38.641700
v -44.391899 58.294209 38.641700
v -83.507004 67.960804 38.641700
v -83.507004 67.736301 38.641700
v -83.007004 58.460808 38.641602
v -83.007004 67.960804 38.641602
v -83.173698 58.509609 38.641700
v -82.638374 58.460812 38.641700
v -83.007004 58.460808 38.228001
v -44.058498 57.960808 38.641700
v -44.058498 57.960808 38.228001
v -83.507004 58.109932 38.641700
v -43.843700 67.960804 -25.572502
v -83.507004 67.960804 38.228001
v -44.225201 58.127506 38.641700
v -83.278801 57.960808 38.228001
v -83.507004 57.960812 38.641700
v -83.340401 58.342907 38.641602
v -44.343700 67.960804 38.641700
v -84.257004 57.210812 38.642502
v -84.257004 68.710804 38.642502
v -84.257004 57.210812 40.119412
v -84.257004 68.710804 40.119416
v -83.857002 57.610809 40.414704
v -43.193703 57.310810 40.414704
v -43.493702 57.610813 40.414704
v -43.493698 68.310802 40.414704
v -84.156998 68.610806 40.414704
v -83.857002 68.310802 40.414704
v -43.093700 57.210812 40.119400
v -83.757004 57.710808 40.119400
v -83.757011 68.210804 40.119400
v -43.093700 57.210812 38.642502
v -43.093700 68.710804 38.642502
v -43.193699 68.610806 40.414704
v -43.093700 68.710804 40.119400
v -43.593700 68.210812 40.119400
v -43.593704 57.710812 40.119400
v -84.156998 57.310810 40.414704
v -64.170998 63.456509 40.141602
v -63.675400 63.661808 40.141602
v -63.179699 62.465210 40.141602
v -64.170998 63.456509 40.384201
v -63.675400 63.661808 40.384201
v -64.216499 63.502007 41.249298
v -63.675400 63.726109 41.249298
v -64.380798 63.666206 41.860599
v -63.675400 63.958408 41.860599
v -64.897400 64.182903 42.027901
v -63.675400 64.689007 42.027901
v -65.077599 64.363102 42.061298
v -63.675400 64.943905 42.061298
v -65.113602 64.399105 42.395901
v -63.675400 64.994907 42.395901
v -64.993500 64.279003 42.947899
v -63.675400 64.825001 42.947899
v -64.765198 64.050701 42.947899
v -63.675400 64.502102 42.947899
v -64.708000 63.993408 42.743000
v -63.675400 64.421207 42.742901
v -64.681099 63.966606 42.646801
v -63.675400 64.383205 42.646801
v -64.624496 63.910007 42.766998
v -63.675400 64.303104 42.766998
v -64.428802 63.714306 43.182099
v -63.675400 64.026402 43.182099
v -64.740898 62.960808 43.182099
v -63.675400 62.960808 43.500000
v -64.376404 62.960808 40.141602
v -64.376404 62.960808 40.384201
v -64.440598 62.960808 41.249298
v -64.672897 62.960808 41.860599
v -65.403603 62.960808 42.027901
v -65.658401 62.960808 42.061298
v -65.709396 62.960808 42.395901
v -65.539497 62.960808 42.947899
v -65.216698 62.960808 42.947899
v -65.135696 62.960808 42.742901
v -65.097702 62.960808 42.646801
v -65.017601 62.960808 42.766998
v -64.170998 62.465206 40.141602
v -64.170998 62.465206 40.384201
v -64.216499 62.419708 41.249298
v -64.380798 62.255409 41.860599
v -64.897400 61.738808 42.027901
v -65.077599 61.558609 42.061298
v -65.113602 61.522606 42.395901
v -64.993500 61.642708 42.947899
v -64.765198 61.871006 42.947899
v -64.708000 61.928207 42.742901
v -64.681099 61.955109 42.646801
v -64.624496 62.011707 42.766998
v -64.428802 62.207409 43.182099
v -63.675400 61.895309 43.182099
v -63.675400 62.259808 40.141602
v -63.675400 62.259808 40.384201
v -63.675400 62.195507 41.249298
v -63.675400 61.963306 41.860599
v -63.675400 61.232708 42.027901
v -63.675400 60.977806 42.061298
v -63.675400 60.926807 42.395901
v -63.675400 61.096706 42.947899
v -63.675400 61.419506 42.947899
v -63.675301 61.500507 42.743000
v -63.675400 61.538509 42.646801
v -63.675400 61.618607 42.766998
v -63.179699 62.465206 40.384201
v -63.134201 62.419708 41.249298
v -62.970001 62.255409 41.860599
v -62.453300 61.738808 42.027901
v -62.273102 61.558609 42.061298
v -62.237099 61.522606 42.395901
v -62.357201 61.642708 42.947899
v -62.585499 61.871006 42.947899
v -62.642799 61.928207 42.742901
v -62.669601 61.955109 42.646801
v -62.726200 62.011707 42.766998
v -62.921902 62.207409 43.182099
v -62.609798 62.960808 43.182099
v -62.974400 62.960808 40.141602
v -62.974400 62.960808 40.384201
v -62.910099 62.960808 41.249298
v -62.677799 62.960808 41.860599
v -61.947201 62.960808 42.027901
v -61.692299 62.960808 42.061298
v -61.641300 62.960808 42.395901
v -61.811199 62.960808 42.947899
v -62.134102 62.960808 42.947899
v -62.215000 62.960808 42.742901
v -62.252998 62.960808 42.646801
v -62.333099 62.960808 42.766998
v -63.179699 63.456509 40.141602
v -63.179699 63.456509 40.384201
v -63.134201 63.502007 41.249298
v -62.970001 63.666206 41.860599
v -62.453300 64.182903 42.027901
v -62.273102 64.363102 42.061298
v -62.237099 64.399105 42.395901
v -62.357201 64.279003 42.947899
v -62.585499 64.050701 42.947899
v -62.642799 63.993408 42.742901
v -62.669601 63.966606 42.646801
v -62.726200 63.910007 42.766998
v -62.921902 63.714306 43.182099
vn 0.577384 0.577384 -0.577284
vn 0.000100 -0.707007 -0.707207
vn -0.577384 0.577384 -0.577284
vn -0.000200 -0.707207 -0.707007
vn -0.577317 0.577317 0.577417
vn 0.577317 -0.577317 0.577417
vn 0.577284 0.577384 0.577384
vn -0.577317 -0.577417 0.577317
vn 0.707007 -0.707207 -0.000100
vn 0.301511 0.301511 -0.904534
vn 0.707107 -0.707107 -0.000000
vn 0.577284 -0.577384 -0.577384
vn 0.577384 -0.577384 -0.577284
vn 0.301393 -0.301493 -0.904579
vn 0.000100 -1.000000 -0.000000
vn -0.000000 -1.000000 -0.000100
vn -0.301511 -0.301511 -0.904534
vn -0.577417 -0.577317 -0.577317
vn -0.000200 -0.707157 -0.707057
vn 0.000100 -0.707107 -0.707107
vn 0.577317 0.577317 -0.577417
vn -0.577317 -0.577317 -0.577417
vn -0.577317 0.577317 -0.577417
vn -0.301511 0.301511 -0.904534
vn -0.000000 -0.707007 -0.707207
vn -0.000000 -0.707057 -0.707157
vn -0.000100 0.776420 -0.630216
vn -0.000100 -0.776371 -0.630276
vn -0.548878 -0.549078 -0.630275
vn -0.776420 0.000100 -0.630216
vn -0.548978 0.548978 -0.630275
vn 0.549013 -0.549013 -0.630214
vn 0.549078 0.548878 -0.630275
vn -0.577317 -0.577317 0.577417
vn -0.301511 0.301511 0.904534
vn 0.301511 0.301511 0.904534
vn -0.301511 0.904534 0.301511
vn -0.577317 0.577417 -0.577317
vn 0.301511 0.904534 0.301511
vn 0.577317 0.577317 0.577417
vn 0.577317 0.577417 -0.577317
vn -0.577384 -0.577384 -0.577284
vn -0.577284 0.577384 0.577384
vn -0.577384 0.577384 0.577284
vn -0.000000 -0.986708 0.162501
vn -0.692507 -0.692407 0.202502
vn -0.475107 -0.475307 0.740511
vn -0.582581 -0.000000 0.812773
vn -0.692459 0.692459 0.202488
vn -0.475004 0.475104 0.740707
vn 0.000200 0.582987 0.812482
vn 0.475117 0.475117 0.740627
vn 0.172293 -0.172293 0.969861
vn -0.172293 -0.172293 0.969861
vn 0.577317 -0.577417 -0.577317
vn 0.692459 -0.692459 0.202488
vn 0.475117 -0.475117 0.740627
vn -0.000000 -0.582694 0.812692
vn 0.207191 -0.206491 0.956260
vn -0.172293 0.172293 0.969861
vn -0.475117 -0.475117 0.740627
vn -0.422424 0.422424 0.801945
vn 0.172293 0.172293 0.969861
vn 0.692459 0.692459 0.202488
vn -0.577284 0.577384 -0.577384
vn -0.206796 -0.206796 0.956280
vn -0.475117 0.475117 0.740627
vn 0.422424 -0.422424 0.801945
vn 0.422390 0.422390 0.801981
vn 0.582921 -0.000100 0.812529
vn 0.206896 0.206696 0.956280
vn -0.422424 -0.422424 0.801945
vn -0.891610 -0.000000 0.452805
vn -0.000000 -0.582807 0.812610
vn -0.000000 0.582807 0.812610
vn -0.000100 -0.582581 0.812773
vn 0.422424 0.422424 0.801945
vn 0.577350 0.577350 -0.577350
vn -0.206796 0.206796 0.956280
vn -0.707107 0.707107 -0.000000
vn -0.577350 0.577350 -0.577350
vn -0.577284 -0.577384 -0.577384
vn 0.577384 0.577384 0.577284
vn 0.707107 0.707107 -0.000000
vn -0.577350 0.577350 0.577350
vn 0.206796 -0.206796 0.956280
vn -0.475194 -0.475094 0.740591
vn -0.475172 0.475172 0.740556
vn 0.000100 0.707107 -0.707107
vn -0.000000 -0.707107 -0.707107
vn -0.000000 1.000000 -0.000000
vn 0.206796 0.206796 0.956280
vn 0.776420 -0.000000 -0.630216
vn -0.000000 0.776371 -0.630276
vn 0.548908 0.549008 -0.630309
vn 0.548908 -0.549008 -0.630309
vn -0.000000 -0.776420 -0.630216
vn -0.548908 -0.549008 -0.630309
vn -0.577317 0.577417 0.577317
vn -0.000000 0.707107 0.707107
vn 0.000100 -0.707107 0.707107
vn 0.577317 -0.577417 0.577317
vn 0.707207 -0.707007 -0.000100
vn 0.577384 0.577284 0.577384
vn -0.000000 1.000000 0.000100
vn -0.000200 1.000000 0.000600
vn -0.000200 1.000000 -0.000000
vn -0.000000 1.000000 0.000300
vn -0.000000 1.000000 -0.000100
vn 0.577317 0.577417 0.577317
vn 0.707007 0.707207 -0.000100
vn -0.707107 -0.707107 -0.000100
vn -0.577417 -0.577217 -0.577417
vn 0.000100 -0.706907 0.707307
vn -0.577284 -0.577284 0.577484
vn -0.577284 0.577484 0.577284
vn -0.707207 0.707007 0.000100
vn -0.577384 0.577284 -0.577384
vn -0.577417 0.577317 0.577317
vn -0.707107 -0.707107 -0.000000
vn -0.707057 -0.707157 0.000100
vn 0.706907 0.707307 -0.000000
vn -0.707007 0.707207 -0.000000
vn -0.707057 0.707157 -0.000000
vn -0.000000 -1.000000 -0.000000
vn -0.707207 0.707007 -0.000200
vn -0.707207 0.707007 -0.000000
vn 0.577417 0.577317 -0.577317
vn 0.000100 0.986692 0.162599
vn 0.692507 0.692407 0.202502
vn 0.475217 -0.475017 0.740627
vn 0.000200 -0.582628 0.812739
vn -0.000000 -0.986724 0.162404
vn -0.582807 -0.000000 0.812610
vn -0.000000 0.707207 -0.707007
vn -0.000100 0.986708 0.162501
vn 0.577417 -0.577317 -0.577317
vn 0.000100 0.582873 0.812563
vn 0.475204 0.474904 0.740707
vn 0.000100 0.582807 0.812610
vn -0.206703 0.207203 0.956212
vn -0.577484 0.577084 -0.577484
vn 0.986708 -0.000000 0.162501
vn -0.692507 0.692407 0.202502
vn -0.000000 0.582873 0.812563
vn 0.475104 -0.475004 0.740707
vn -0.000100 -0.582921 0.812529
vn -0.000100 -0.986708 0.162501
vn 0.000100 0.582921 0.812529
vn 0.206700 -0.206800 0.956300
vn -0.582807 -0.000100 0.812610
vn 0.548978 0.548978 -0.630275
vn -0.000000 0.776420 -0.630216
vn -0.206891 0.206791 0.956260
vn 0.577284 0.577384 -0.577384
vn 0.577384 -0.577284 -0.577384
vn 0.475282 -0.474882 0.740672
vn -0.000000 -0.986692 0.162599
vn 0.000100 -0.986692 0.162599
vn -0.000000 0.582694 0.812692
vn 0.692507 -0.692407 0.202502
vn -0.577384 0.577284 0.577384
vn 0.577417 -0.577317 0.577317
vn 0.577417 0.577317 0.577317
vn -0.000100 0.707107 0.707107
vn -0.000100 -0.000000 1.000000
vn 0.549008 0.548908 -0.630309
vn 0.776371 -0.000000 -0.630276
vn -0.217110 0.216910 0.951742
vn -0.307093 -0.000000 0.951679
vn 0.832112 -0.000000 0.554608
vn -0.000000 -0.776371 -0.630276
vn -0.776371 -0.000000 -0.630276
vn -0.692459 -0.692459 0.202488
vn 0.000200 -0.582807 0.812610
vn 0.475307 -0.475107 0.740511
vn 0.207007 -0.206807 0.956232
vn 0.000200 -0.582694 0.812692
vn 0.707057 0.707157 -0.000000
vn 0.301084 0.301584 0.904652
vn -0.000100 0.706957 0.707257
vn 0.000100 0.707007 0.707207
vn -0.707007 -0.000100 0.707207
vn -0.577284 -0.577384 0.577384
vn 0.000100 -0.000100 1.000000
vn 0.000400 -0.000000 1.000000
vn 0.707007 -0.000000 0.707207
vn 0.577284 0.577284 0.577484
vn -0.000100 0.776460 -0.630167
vn -0.776331 0.000100 -0.630325
vn -0.000100 0.707007 0.707207
vn 0.707307 -0.000000 0.706907
vn -0.000100 -0.707007 0.707207
vn -0.577384 -0.577284 0.577384
vn -0.707107 -0.000200 0.707107
vn -0.707207 -0.000100 0.707007
vn -0.000100 -0.000100 1.000000
vn -0.000000 -0.000000 1.000000
vn -0.000000 0.000200 1.000000
vn -0.577317 0.577217 0.577517
vn -1.000000 -0.000100 -0.000000
vn -1.000000 0.000100 -0.000000
vn 0.301693 0.301793 0.904379
vn -0.707257 0.706957 -0.000000
vn -0.577417 0.577317 -0.577317
vn 0.000200 0.000100 1.000000
vn 0.000100 1.000000 -0.000000
vn 0.000300 1.000000 -0.000000
vn -0.000100 -0.707107 -0.707107
vn 0.301511 -0.301511 -0.904534
vn 0.577317 -0.577317 -0.577417
vn 0.577684 0.577084 -0.577284
vn 0.707307 0.706907 0.000100
vn 1.000000 -0.000100 -0.000000
vn 0.707207 0.707007 -0.000000
vn 0.707157 0.000200 -0.707057
vn 0.000300 0.000100 1.000000
vn -0.000100 -1.000000 -0.000200
vn -0.707207 0.000100 0.707007
vn -0.577217 -0.577217 -0.577617
vn -0.707207 0.000200 0.707007
vn -0.707257 0.706957 -0.000100
vn -0.776420 -0.000100 -0.630216
vn 0.000100 0.776420 -0.630216
vn 0.170107 0.892136 -0.418517
vn 0.508684 0.688679 -0.516684
vn 0.264588 0.714867 -0.647270
vn 0.311797 -0.940991 0.131599
vn 0.207197 -0.955385 -0.210497
vn 0.293489 -0.955963 -0.000000
vn 0.311797 -0.940991 -0.131599
vn 0.490400 -0.846801 -0.206000
vn 0.128002 -0.940418 -0.315006
vn 0.202692 -0.844169 -0.496281
vn 0.276706 0.918920 -0.281106
vn 0.620506 -0.466704 -0.630206
vn 0.341112 -0.438216 -0.831630
vn 0.525079 0.663174 -0.533379
vn 0.102105 0.993848 -0.042902
vn 0.741537 0.594730 -0.310515
vn 0.042300 0.993709 -0.103701
vn 0.525114 0.663118 -0.533414
vn 0.304616 0.595531 -0.743339
vn 0.327196 0.934988 0.136898
vn 0.102105 0.993848 0.042902
vn 0.447014 0.894527 -0.000000
vn 0.136203 0.933320 0.332207
vn 0.042300 0.993709 0.103701
vn 0.315085 0.893458 0.320085
vn 0.276706 0.918920 0.281106
vn 0.276798 0.918894 0.281098
vn 0.127998 -0.940389 0.315096
vn 0.207201 -0.955405 0.210401
vn 0.311207 0.571612 0.759216
vn -0.209798 -0.633693 0.744592
vn -0.000000 0.000100 1.000000
vn -0.596294 0.537795 0.595994
vn -0.775096 0.631797 -0.007700
vn -0.747205 -0.629604 -0.212801
vn -0.374390 0.847578 -0.376090
vn -0.099599 0.989889 -0.100999
vn -0.757201 0.571101 -0.317001
vn -0.382415 0.839633 -0.385715
vn -0.138108 0.980457 -0.140108
vn 0.382415 0.839633 -0.385715
vn 0.096198 0.966981 -0.235995
vn 0.181597 0.877587 -0.443693
vn 0.392903 0.828507 -0.399003
vn 0.096198 0.966981 0.235995
vn 0.181597 0.877587 0.443693
vn -0.000000 0.827001 0.562201
vn 0.825288 0.445994 0.346395
vn 0.909951 0.163509 0.381121
vn 0.693582 0.150496 0.704482
vn -0.691084 0.210695 -0.691384
vn -0.383382 0.839161 -0.385782
vn -0.988411 0.151802 -0.000000
vn 0.120799 0.947489 0.296096
vn 0.075301 0.979716 0.185703
vn -0.000000 0.984658 0.174493
vn -0.183395 0.979972 -0.077598
vn 0.549024 0.803535 0.230010
vn 0.497500 0.705100 0.505300
vn 0.075401 0.979709 -0.185702
vn -0.226695 0.801481 0.553387
vn -0.497500 0.705100 0.505300
vn 0.121596 0.984867 0.123496
vn -0.549208 0.803411 -0.230003
vn -0.497390 0.705185 -0.505289
vn -0.226796 0.801588 -0.553191
vn -0.000000 0.705204 -0.709004
vn 0.303789 0.900968 -0.309789
vn 0.706788 0.707388 -0.007200
vn 0.578814 0.574714 0.578514
vn 0.707001 -0.003900 0.707201
vn 0.999995 -0.003300 -0.000200
vn -0.000000 -0.000000 -1.000000
vn -0.000300 0.000200 -1.000000
vn -0.633621 0.773626 0.005200
vn -0.367895 0.352195 -0.860588
vn -0.502072 0.608467 -0.614566
vn -0.748330 0.663327 -0.000000
vn -0.191692 0.680872 -0.706871
vn -0.596883 0.529285 -0.602983
vn -0.772190 0.635392 -0.000000
vn -0.239804 0.665410 -0.706911
vn -0.613394 0.504195 -0.607894
vn -0.172097 0.985080 -0.000000
vn 0.578782 0.576083 -0.577183
vn -0.127702 0.731011 -0.670310
vn -0.744823 -0.533017 -0.401412
vn -0.000100 0.660993 0.750392
vn -0.137500 0.980501 0.140400
vn -0.561332 0.606734 0.562832
vn -0.397722 -0.536029 0.744641
vn -0.000100 0.000100 1.000000
vn 0.373989 0.163695 0.912873
vn 0.299298 0.614196 0.730195
vn -0.000000 0.391782 0.920058
vn -0.000000 0.705405 -0.708805
vn 0.543020 0.633123 0.551620
vn 0.069797 0.982762 0.171193
vn 0.543120 0.633124 0.551521
vn 0.701586 -0.000000 0.712585
vn 0.168508 0.983147 -0.070903
vn 0.578113 0.779118 -0.242406
vn 0.578180 0.779073 0.242392
vn 0.183493 0.979962 -0.077497
vn -0.548980 0.803570 0.229991
vn -0.709004 0.705204 -0.000000
vn 0.525772 0.662065 -0.534072
vn 0.232396 0.967682 -0.097898
vn 0.727609 0.614507 -0.304904
vn 0.239598 0.939893 -0.243298
vn 0.291913 0.948541 -0.122705
vn 0.543020 0.633123 -0.551620
vn 0.757182 0.571187 -0.316893
vn 0.701586 -0.000000 -0.712585
vn -0.209798 -0.633693 -0.744592
vn 0.311189 0.571680 -0.759173
vn 0.294092 -0.630883 -0.717981
vn -0.069798 0.982779 -0.171096
vn 0.238806 0.776121 -0.583616
vn 0.069798 0.982779 -0.171096
vn -0.294092 -0.630883 -0.717981
vn -0.311189 0.571680 -0.759173
vn 0.500102 -0.499902 -0.707103
vn -0.373909 0.163604 -0.912922
vn -0.299200 0.614000 -0.730400
vn 0.299182 0.614062 -0.730355
vn -0.339395 0.441893 -0.830387
vn -0.374094 0.161697 -0.913185
vn -0.000000 0.149299 -0.988792
vn -0.305692 0.591285 -0.746281
vn -0.120799 0.947489 -0.296096
vn 0.120799 0.947489 -0.296096
vn -0.075399 0.979691 -0.185798
vn 0.226695 0.801481 0.553387
vn 0.374180 0.161691 -0.913151
vn -0.693376 0.152395 -0.704276
vn -0.542612 0.633914 -0.551112
vn 0.701583 -0.002800 0.712582
vn 0.378997 -0.003100 0.925393
vn -0.543020 0.633123 -0.551620
vn -0.701586 -0.000000 -0.712585
vn -0.239592 0.939870 -0.243392
vn -0.301511 -0.904534 -0.301511
vn -0.716610 -0.629609 -0.300104
vn -0.553689 0.621087 -0.554689
vn -0.909687 0.165498 -0.380894
vn -0.578016 0.779221 -0.242307
vn -0.437891 0.880082 -0.183596
vn -0.232400 0.967701 -0.097700
vn -0.174694 0.968566 -0.177094
vn -0.291909 0.948530 -0.122804
vn 0.922443 -0.003300 0.386118
vn 1.000000 -0.000300 -0.000000
vn 0.922377 -0.000300 0.386290
vn -0.690829 0.213009 -0.690929
vn -0.356208 0.863020 -0.358208
vn -0.772239 0.635332 -0.000000
vn -0.044601 0.998018 -0.044401
vn -0.000000 0.391782 -0.920058
vn -0.632811 0.446208 -0.632811
vn 0.392912 -0.540417 -0.744023
vn 0.757206 0.571205 0.316803
vn 0.745113 -0.632211 -0.212404
vn 0.725912 -0.685512 -0.055901
vn -1.000000 -0.000300 -0.000000
vn -0.725815 -0.685614 -0.055901
vn -1.000000 -0.000200 -0.000000
vn 0.725604 -0.685903 0.055100
vn 0.744500 -0.633900 0.209500
vn 0.744188 -0.537492 0.396594
vn -0.707008 -0.496205 0.503905
vn -0.744178 -0.537584 0.396488
vn -0.506208 -0.493708 0.707111
vn -0.707102 -0.489801 -0.510001
vn 0.725506 -0.686006 0.055100
vn 1.000000 -0.000200 -0.000000
vn 0.054300 -0.686294 -0.725294
vn 0.206905 -0.635316 -0.744019
vn -0.506109 -0.493808 -0.707112
vn -0.397722 -0.536029 -0.744641
vn 0.701585 -0.000400 0.712585
vn 0.225796 -0.803385 0.550989
vn 0.379084 -0.000500 0.925362
vn -0.922377 -0.000400 -0.386290
vn -0.546817 -0.805324 -0.229007
vn -0.701585 -0.000400 -0.712585
vn -0.000000 -0.000400 1.000000
vn 0.297200 -0.717300 -0.630200
vn 0.716632 -0.629628 0.300013
vn 0.628625 -0.715529 -0.304712
vn 0.707103 -0.489902 -0.509902
vn 1.000000 -0.000400 -0.000000
vn 0.628395 -0.715694 -0.304798
vn 0.707069 -0.489978 -0.509877
vn 0.707008 -0.496205 0.503905
vn 0.629398 -0.716798 0.300099
vn 0.705297 -0.708897 0.004600
vn -0.225706 -0.803323 0.551116
vn -0.379084 -0.000400 0.925362
vn 0.707092 -0.495994 0.503994
vn 0.629590 -0.716589 0.300195
vn 0.716610 -0.629609 -0.300104
vn -0.922413 -0.000300 0.386205
vn -0.546899 -0.805299 0.228900
vn -1.000000 -0.000400 -0.000000
vn -0.506094 -0.493995 0.706992
vn -0.301903 -0.716208 -0.629207
vn -0.301898 -0.716395 0.628996
vn -0.628587 -0.715485 -0.304894
vn 0.297109 -0.717322 -0.630219
vn 0.500113 -0.500013 0.707018
vn 0.297090 -0.717276 0.630279
vn -0.000000 -0.947921 -0.318507
vn -0.209802 -0.633907 0.744409
vn -0.055100 -0.685903 -0.725604
vn -0.055101 -0.686109 0.725409
vn 0.054300 -0.686500 0.725100
vn 0.297216 -0.717439 0.630034
vn 0.547001 -0.805201 0.229000
vn -0.496095 -0.707093 -0.503895
vn -0.301903 -0.716208 0.629207
vn 0.002600 -0.709500 -0.704700
vn -0.629609 -0.716610 0.300104
vn -0.577284 -0.577484 -0.577284
vn 0.002600 -0.711093 -0.703093
vn 0.581784 -0.581584 -0.568584
vn -0.725604 -0.685903 0.055100
vn 0.725718 -0.685717 -0.055901
vn 0.302104 -0.902112 -0.308104
vn 0.704635 -0.709535 -0.007100
vn 0.000300 -0.707207 -0.707007
vn 0.500013 -0.500113 -0.707018
vn 0.054300 -0.686294 0.725294
vn -0.000000 -0.707207 -0.707007
vn -0.301898 -0.716395 -0.628996
vn -0.506094 -0.493995 -0.706992
vn 0.496095 -0.707093 0.503895
vn -0.225796 -0.803385 -0.550989
vn -0.000000 -0.707007 0.707207
vn -0.000000 -0.707107 0.707107
vn 0.294092 -0.630883 0.717981
vn -0.495999 -0.707299 -0.503699
vn 0.496195 -0.707093 0.503795
vn -0.000000 -0.920043 -0.391818
vn -0.628376 -0.715672 -0.304888
vn -0.629424 -0.716727 0.300212
vn -0.496085 -0.707178 0.503785
vn 0.500002 -0.500002 0.707103
vn 0.496009 -0.707213 0.503810
vn -0.006100 -0.709190 0.704991
vn 0.706304 -0.707904 -0.002600
vn 0.575981 -0.576281 0.579781
vn -0.506119 -0.493919 0.707027
vn 0.496095 -0.707093 -0.503895
vn -0.922413 -0.000300 -0.386205
vn -0.379084 -0.000300 0.925362
vn -0.000000 -0.000300 1.000000
vn -0.004900 -0.000200 0.999988
vn -0.000000 -0.000200 1.000000
vn -0.744500 -0.633900 0.209500
vn -0.984158 0.177292 -0.000100
vn -0.744188 -0.537492 0.396594
vn -0.172194 0.985063 0.000400
vn -0.692509 0.721409 -0.000200
vn -0.196597 0.980484 -0.000000
vn 0.708805 0.705405 -0.000000
vn -0.055100 -0.685903 0.725604
vn -0.000200 0.151200 0.988503
vn -0.000000 0.149494 0.988763
vn -0.000200 0.632639 0.774447
vn -0.000200 0.149494 0.988763
vn -0.000100 0.939050 0.343782
vn 0.000300 0.705605 -0.708605
vn -0.000000 -0.002800 -0.999996
vn 0.000400 -0.002600 -0.999997
vn 0.373909 0.163604 -0.912922
vn 0.339511 0.441915 -0.830327
vn -0.000000 -0.000300 -1.000000
vn -0.000000 -0.000200 -1.000000
vn 0.727608 0.614607 0.304704
vn 0.909702 0.165400 0.380901
vn -0.000000 0.979878 -0.199596
vn -0.032599 0.703172 -0.710272
vn -0.000100 0.769024 -0.639220
vn -0.000000 0.391818 -0.920043
vn 0.999990 -0.000500 0.004500
vn 0.999949 -0.000300 -0.010100
vn 0.000400 -0.000300 -1.000000
vn -0.000000 -0.000400 -1.000000
vn -0.000100 -0.000400 1.000000
vn 0.206905 -0.635316 0.744019
vn 0.000100 -0.002900 -0.999996
vn -0.000000 0.000600 -1.000000
vn -0.732087 0.144597 -0.665688
vn -0.546988 -0.805183 -0.229095
vn 0.496130 -0.707043 0.503930
vn -0.465516 0.860730 -0.206007
vn 0.496215 0.706922 0.504016
vn 0.716610 0.629609 0.300104
vn -0.004900 0.738087 -0.674688
vn 0.563128 0.582629 -0.586029
vn 0.716610 -0.629609 0.300104
vn -0.577350 -0.577350 -0.577350
vn -0.706103 0.003100 -0.708103
vn 0.704100 0.000500 -0.710100
vn -0.999727 0.023301 0.001900
vn -0.604276 0.572677 0.553978
vn -0.668109 0.744010 -0.008900
vn -0.015399 0.020699 -0.999667
vn 0.701535 -0.000000 0.712635
vn 0.294092 0.630883 0.717981
vn 0.707107 -0.707107 0.000800
vn 0.711575 -0.007000 -0.702575
vn 0.701636 -0.000000 -0.712536
vn 0.732326 0.626123 -0.267710
vn 0.911170 0.408787 0.051598
vn 0.701535 -0.000000 -0.712635
vn 0.701736 -0.000000 -0.712437
vn 0.701485 -0.000000 -0.712684
vn 0.701586 -0.000100 -0.712585
vn -0.496120 0.707128 0.503820
vn -0.817051 0.576565 0.000100
vn -0.701586 -0.000000 0.712585
vn 0.052400 0.408399 0.911298
vn -0.261393 0.621784 0.738281
vn -0.701485 0.000200 0.712684
vn -0.310508 -0.745218 0.590114
vn 0.058303 -0.363817 0.929644
vn -0.701586 -0.000100 0.712585
vn -0.243804 -0.607209 0.756212
vn 0.054800 -0.393001 0.917903
vn -0.701485 -0.000100 0.712684
vn 0.056000 0.384097 0.921593
vn 0.067499 0.069699 0.995282
vn -0.028901 0.485015 0.874028
vn -0.701736 -0.000000 0.712437
vn -0.238306 0.602616 0.761620
vn -0.837882 -0.545689 -0.013300
vn -0.544296 -0.704395 0.455597
vn -0.701988 0.000100 0.712188
vn -0.701636 -0.000000 0.712536
vn 0.177899 -0.967297 0.180799
vn 0.448214 -0.703122 -0.552017
vn 0.587192 -0.746190 -0.313696
vn -0.000000 0.578378 -0.815769
vn -0.496110 0.707214 -0.503710
vn 0.496085 0.707178 -0.503785
vn -0.496195 0.707093 -0.503795
vn -0.310696 0.729791 0.608993
vn 0.701168 -0.006500 0.712967
vn -0.463618 -0.001800 0.886034
vn -0.519475 -0.672168 -0.527575
vn -0.701686 0.000100 -0.712486
vn -0.519804 -0.672205 -0.527204
vn -0.701888 0.000200 -0.712288
vn 0.192205 0.961724 0.195305
vn 0.701635 0.000100 0.712536
vn 0.701635 0.000200 0.712536
vn 0.701586 0.000100 0.712585
vn 0.701636 -0.000000 0.712536
vn 0.701535 -0.000200 0.712635
vn 0.701585 -0.000200 0.712585
vn 0.701485 -0.000000 0.712684
vn 0.701485 0.000200 0.712684
vn 0.495984 0.707178 0.503884
vn 0.701586 -0.000100 0.712585
vn 0.495974 -0.707263 0.503774
vn 0.701485 -0.000100 0.712684
vn 0.701485 0.000300 0.712684
vn 0.421584 -0.297589 0.856568
vn -0.000000 -0.578017 0.816024
vn 0.495984 -0.707178 0.503884
vn 0.848968 -0.305788 0.430984
vn 0.817098 -0.576499 -0.000000
vn -0.000000 -0.578198 0.815897
vn 0.495899 -0.707298 0.503799
vn 0.495894 -0.707092 0.504094
vn 0.421595 0.297796 0.856490
vn 0.421702 -0.297602 0.856505
vn 0.701686 -0.000000 0.712486
vn 0.496019 -0.707128 0.503920
vn 0.817018 -0.576613 0.000100
vn 0.817018 0.576613 -0.000000
vn 0.849009 0.305503 0.431105
vn 0.848843 -0.305516 0.431422
vn 0.701535 0.000100 0.712635
vn 0.817098 0.576499 -0.000000
vn 0.495698 0.707297 0.503998
vn 0.922377 -0.000000 0.386290
vn 1.000000 -0.000000 -0.000000
vn 0.701535 -0.000100 0.712635
vn 0.421503 0.297302 0.856707
vn 0.701535 -0.000300 0.712635
vn 0.701585 0.000200 0.712585
vn 0.922499 -0.000000 0.386000
vn -0.748303 -0.057000 -0.660903
vn -0.699181 0.040799 -0.713780
vn 0.704400 -0.002200 -0.709800
vn 0.704100 -0.000000 -0.710100
vn -0.706806 0.001000 0.707406
vn 0.999999 0.000200 -0.001200
vn 0.999995 0.002200 -0.002300
vn 0.817051 0.576565 -0.000000
vn 0.701686 0.000200 0.712486
vn -0.225890 -0.803163 -0.551274
vn 0.495994 -0.707092 -0.503994
vn 0.701434 -0.000000 -0.712734
vn -0.577417 -0.577517 0.577117
vn -0.708103 0.003100 0.706103
vn -0.710001 0.000500 -0.704201
vn -0.705721 0.708421 -0.009900
vn -0.732905 0.013100 0.680205
vn -0.537999 0.598298 0.593798
vn -0.002000 -0.022801 0.999738
vn 0.599006 0.581305 0.550705
vn 0.013700 0.670701 0.741601
vn 0.496019 0.707128 -0.503920
vn 0.496095 0.707093 -0.503895
vn -0.707007 -0.707207 -0.000300
vn -0.000500 -0.706607 -0.707607
vn 0.701686 -0.000000 -0.712486
vn 0.294205 0.630910 -0.717911
vn 0.496120 0.707128 -0.503820
vn -0.766700 -0.002800 0.642000
vn -0.745691 0.000600 0.666292
vn -0.581808 0.576208 -0.574008
vn -0.310603 -0.745107 -0.590205
vn -0.544106 -0.704408 -0.455805
vn -0.701535 -0.000100 -0.712635
vn 0.055997 0.384182 -0.921558
vn 0.054798 -0.393086 -0.917867
vn -0.701384 -0.000000 -0.712784
vn -0.701485 -0.000000 -0.712684
vn -0.701434 -0.000000 -0.712734
vn 0.496095 0.707093 0.503895
vn 0.496019 0.707128 0.503920
vn 0.911175 0.408789 -0.051499
vn 0.732326 0.626123 0.267710
vn 0.587236 -0.746146 0.313719
vn 0.929389 -0.364596 -0.057499
vn 0.750529 -0.611924 0.249510
vn 0.917736 -0.393516 -0.053902
vn 0.921396 0.384698 -0.055100
vn 0.995218 0.070701 -0.067401
vn 0.872741 0.487223 0.030601
vn 0.756006 0.607305 0.244202
vn -0.000000 0.578198 0.815897
vn 0.701384 -0.000000 0.712784
vn -0.310606 0.729814 -0.609012
vn -0.496019 0.707128 -0.503920
vn -0.519495 -0.672294 0.527395
vn -0.837852 -0.545734 0.013401
vn -0.496095 0.707093 0.503895
vn -0.496095 0.707093 -0.503895
vn -0.817098 0.576499 0.000100
vn 0.448387 -0.702880 0.552185
vn 0.177903 -0.967314 -0.180703
vn -0.519402 -0.672203 0.527602
vn -0.013699 -0.546964 0.837044
vn 0.701485 -0.000200 -0.712684
vn 0.701787 -0.000200 -0.712387
vn 0.701635 0.000200 -0.712536
vn 0.701535 -0.000100 -0.712635
vn 0.701586 0.000100 -0.712585
vn 0.496009 -0.707213 -0.503810
vn 0.701736 0.000100 -0.712437
vn 0.421810 0.297407 -0.856520
vn -0.000100 0.578131 -0.815944
vn -0.000200 -0.000000 -1.000000
vn -0.000000 -0.578198 -0.815897
vn 0.495999 -0.707299 -0.503699
vn 1.000000 -0.000000 0.000100
vn 0.848983 0.305594 -0.431091
vn 0.000100 -0.000000 -1.000000
vn -0.000100 0.578198 -0.815897
vn -0.000100 -0.000000 -1.000000
vn 0.421713 0.297809 -0.856427
vn 0.701736 0.000200 -0.712437
vn 0.495874 0.707263 -0.503873
vn 0.848966 0.305088 -0.431483
vn 0.701434 0.000100 -0.712734
vn 0.848742 -0.305515 -0.431621
vn 0.496205 -0.707008 -0.503905
vn 0.000100 -0.578198 -0.815897
vn 0.495794 -0.707091 -0.504194
vn 0.716567 -0.629571 -0.300286
vn 0.716567 0.629571 -0.300286
vn -0.710195 0.003800 -0.703995
vn -0.710001 -0.000000 -0.704201
vn -0.002100 -0.002200 -0.999995
vn -0.225902 -0.803207 0.551205
vn -0.496195 -0.707093 0.503795
vn -0.546918 -0.805227 0.229108
vn -0.496095 -0.707093 0.503895
vn -0.674910 0.031900 0.737211
vn 0.707507 -0.000500 0.706707
vn 0.577384 -0.577384 0.577284
vn 0.706103 0.003100 0.708103
vn -0.707207 0.000300 0.707007
vn 0.692202 0.001800 0.721702
vn 0.577350 0.577350 0.577350
vn -0.379084 -0.000000 -0.925362
vn -0.999993 -0.001800 0.003200
vn -0.716610 0.629609 -0.300104
vn -0.701686 -0.000000 0.712486
vn -0.929400 -0.364600 -0.057300
vn -0.587127 -0.746234 0.313714
vn 0.013700 -0.546894 0.837090
vn -0.701535 -0.000000 0.712635
vn -0.701485 -0.000000 0.712684
vn 0.496130 0.707043 -0.503930
vn 0.261519 0.621645 -0.738353
vn 0.298905 0.200804 -0.932917
vn -0.067497 0.070097 -0.995254
vn 0.029001 0.485014 -0.874025
vn 0.238397 0.602492 -0.761689
vn 0.837852 -0.545734 0.013401
vn 0.544106 -0.704408 -0.455805
vn -0.192301 0.961706 -0.195301
vn -0.605086 0.731284 0.314793
vn 0.067399 -0.995379 0.068399
vn -0.448009 -0.703414 0.551811
vn -0.448114 -0.703422 0.551717
vn -0.355409 -0.862223 -0.360910
vn -0.882609 -0.001900 0.470105
vn -0.750419 -0.611815 0.250106
vn -0.756095 0.607196 0.244198
vn -0.543895 0.631694 -0.552395
vn -0.872768 0.487182 0.030499
vn -0.701166 -0.006800 -0.712966
vn 0.463300 -0.002000 -0.886199
vn 0.519402 -0.672203 0.527602
vn -0.701686 -0.000000 -0.712486
vn -0.701585 -0.000200 -0.712585
vn -0.701485 0.000200 -0.712684
vn -0.701485 -0.000100 -0.712684
vn -0.701686 -0.000100 -0.712486
vn -0.701787 -0.000000 -0.712387
vn -0.817098 -0.576499 -0.000100
vn -0.701586 0.000100 -0.712585
vn -0.496205 -0.707008 -0.503905
vn -0.701635 0.000100 -0.712536
vn -0.701636 -0.000000 -0.712536
vn -0.496120 0.707128 -0.503820
vn -0.701535 0.000100 -0.712635
vn -0.701736 -0.000100 -0.712437
vn -0.849078 0.305192 -0.431189
vn -0.496291 0.706887 -0.503991
vn -0.817098 -0.576499 -0.000000
vn -0.421904 0.297303 -0.856509
vn -0.849063 -0.305387 -0.431081
vn -0.421492 -0.297095 -0.856784
vn -0.422010 -0.297407 -0.856421
vn -0.701736 -0.000300 -0.712437
vn -1.000000 -0.000000 -0.000300
vn -0.000000 -0.578131 -0.815944
vn -0.421713 0.297809 -0.856427
vn -0.848818 -0.305606 -0.431409
vn -0.849104 0.305101 -0.431202
vn -0.999995 -0.002200 0.002200
vn -0.577484 0.577084 0.577484
vn 0.000300 -0.000000 -1.000000
vn -0.701686 0.000300 -0.712486
vn -0.701485 0.000100 -0.712684
vn -0.379205 -0.000000 -0.925313
vn -0.294205 0.630910 -0.717911
vn 0.748303 -0.057000 0.660903
vn 0.699178 0.040899 0.713777
vn -0.705203 -0.002200 0.709003
vn -0.000100 0.707207 0.707007
vn -0.704201 -0.000000 0.710001
vn 0.225902 -0.803207 0.551205
vn -0.495884 -0.707177 -0.503984
vn 0.495994 -0.707092 0.503994
vn 0.294001 -0.630902 0.718002
vn -0.000300 -0.707007 0.707207
vn -0.709335 0.704835 0.007200
vn 0.495994 0.707092 0.503994
vn 0.922327 0.000100 0.386411
vn 0.716589 -0.629590 0.300195
vn 0.294001 0.630902 0.718002
vn -0.709335 -0.704835 0.007200
vn -0.294092 0.630883 -0.717981
vn 0.294092 0.630883 -0.717981
vn -0.000300 0.707257 0.706957
vn -0.577384 -0.577384 0.577284
vn 0.577284 -0.577384 0.577384
vn -0.000300 -0.707207 -0.707007
vn 0.577384 -0.577284 0.577384
vn 0.707207 -0.707007 0.000100
vn 0.707407 -0.706807 -0.000100
vn 0.000100 -1.000000 -0.000200
vn -0.577417 -0.577317 0.577317
vn -0.577350 -0.577350 0.577350
vn 0.577350 -0.577350 -0.577350
vn 1.000000 -0.000100 0.000100
vn 0.707207 0.707007 0.000100
vn -0.707007 -0.707207 0.000200
vn 0.000100 1.000000 -0.000200
vn -0.577384 -0.577284 -0.577384
vn 0.000100 1.000000 -0.000100
vn -0.301511 0.904534 -0.301511
vn 0.000100 1.000000 0.000100
vn 0.000100 0.707007 -0.707207
vn 0.707107 0.707107 0.000300
vn 0.577284 0.577584 -0.577184
vn -0.000000 0.707107 -0.707107
vn 0.301511 0.904534 -0.301511
vn 0.707107 -0.000000 0.707107
vn 0.904534 0.301511 0.301511
vn 0.228689 0.688768 0.687968
vn 0.707107 0.707107 0.000100
vn 0.904634 0.301611 -0.301111
vn 0.228800 0.688700 -0.688000
vn 0.707357 -0.000000 -0.706857
vn 0.904634 -0.301511 -0.301211
vn 0.228800 -0.688700 -0.688000
vn 0.707057 -0.707157 0.000100
vn -0.687680 -0.687680 -0.232793
vn 0.763426 0.455415 0.458015
vn 0.828169 0.560479 0.000300
vn 0.763614 0.455408 -0.457708
vn 0.826673 -0.000000 -0.562682
vn 0.763579 -0.455488 -0.457688
vn 0.828091 -0.560594 0.000100
vn -0.453705 0.453705 -0.767009
vn 0.172293 -0.172293 -0.969861
vn 0.523087 0.000100 -0.852279
vn 0.453705 0.453705 -0.767009
vn -0.172296 -0.172196 -0.969878
vn -0.000000 -0.523087 -0.852279
vn 0.172307 0.172407 -0.969838
vn 0.660497 0.660797 -0.356498
vn -0.660677 0.660677 -0.356388
vn -0.172293 -0.172293 -0.969861
vn -0.660597 -0.660697 -0.356498
vn -0.000000 -0.972523 -0.232806
vn 0.577417 -0.577217 0.577417
vn 0.301602 0.301502 -0.904507
vn -0.301602 0.301502 -0.904507
vn -0.707207 -0.000100 -0.707007
vn -0.000000 0.707007 -0.707207
vn 0.904407 -0.301502 0.301902
vn 0.301208 -0.674618 0.673918
vn 0.706907 -0.000000 0.707307
vn -0.301493 -0.301393 -0.904579
vn -0.673301 -0.673301 -0.305501
vn 0.673301 -0.673301 -0.305501
vn 0.974864 0.158094 -0.156994
vn 0.406305 0.644809 -0.647409
vn 0.263887 0.000100 -0.964554
vn 0.155408 0.155408 -0.975549
vn 0.643808 0.643708 -0.413705
vn -0.643793 0.643793 -0.413595
vn 0.577217 0.577317 0.577517
vn 1.000000 0.000100 0.000100
vn 1.000000 -0.000000 0.000300
vn 0.904452 0.301584 0.301684
vn 1.000000 -0.000100 0.000400
vn 0.707207 0.000100 -0.707007
vn 0.707407 -0.000000 -0.706807
vn 0.707107 -0.000000 -0.707107
vn 1.000000 -0.000000 0.000200
vn 0.707257 -0.000000 -0.706957
vn 0.707307 -0.000000 -0.706907
vn 0.904579 -0.301493 -0.301393
vn 0.705204 0.709004 0.000300
vn 0.707107 -0.707107 0.000200
vn 0.266906 -0.963722 0.000100
vn 0.870199 0.492700 0.000200
vn 0.266906 0.963723 -0.000000
vn 0.870199 0.492700 0.000100
vn 0.870199 -0.492700 0.000200
vn 0.870267 0.492581 0.000300
vn 1.000000 -0.000000 0.000400
vn 0.263794 -0.000000 -0.964579
vn 0.263887 -0.000000 -0.964554
vn 0.827703 -0.395302 -0.398302
vn 0.301501 -0.674702 -0.673702
vn 0.868606 -0.000000 -0.495503
vn 0.904479 -0.301593 0.301593
vn 0.349506 0.661412 -0.663612
vn 0.849114 -0.000000 -0.528209
vn 0.969124 0.174604 -0.174104
vn 0.263397 -0.000000 0.964688
vn 0.827508 0.395304 0.398704
vn 0.301097 0.674592 0.673992
vn 0.827508 -0.395304 0.398704
vn 0.707107 -0.000100 -0.707107
vn 0.707107 0.000100 -0.707107
vn 0.422406 0.422506 -0.801911
vn -0.422424 0.422424 -0.801945
vn 0.706907 -0.000000 -0.707307
vn -0.962804 -0.000000 -0.270201
vn -0.489696 -0.000000 -0.871893
vn 0.155408 -0.155408 -0.975549
vn 0.643793 -0.643793 -0.413595
vn 0.687680 -0.687680 -0.232793
vn 0.453671 -0.453671 -0.767050
vn 0.453671 0.453671 -0.767050
vn 0.673326 0.673226 -0.305612
vn 0.392907 -0.392907 -0.831414
vn 0.392907 0.392907 -0.831414
vn 0.706907 0.000100 -0.707307
vn 0.577184 0.577384 -0.577484
vn -0.962778 -0.000000 -0.270294
vn -0.392991 -0.392891 -0.831381
vn 0.422406 -0.422506 -0.801911
vn 0.660653 0.660653 -0.356475
vn -0.660653 0.660653 -0.356475
vn -0.301593 0.301593 -0.904479
vn 0.577417 -0.577217 -0.577417
vn 0.422424 0.422424 -0.801945
vn -0.172293 0.172293 -0.969861
vn 0.172293 0.172293 -0.969861
vn 0.643793 0.643793 -0.413595
vn -0.155408 0.155408 -0.975549
vn 0.172296 -0.172196 -0.969878
vn -0.000000 0.489696 -0.871893
vn -0.393324 0.392624 -0.831350
vn 0.000100 0.707107 0.707107
vn -0.981455 -0.000000 -0.191691
vn -0.687680 0.687680 -0.232793
vn 0.523087 -0.000000 -0.852279
vn 0.523015 0.000100 -0.852324
vn 0.962778 0.000100 -0.270294
vn 0.687680 0.687680 -0.232793
vn -0.000100 0.489696 -0.871893
vn -0.000000 0.962804 -0.270201
vn -0.000100 0.962804 -0.270201
vn 0.453705 -0.453705 -0.767009
vn -0.000000 1.000000 -0.000200
vn -0.000000 0.558387 -0.829581
vn -0.422390 -0.422390 -0.801981
vn 0.422506 -0.422406 -0.801911
vn -0.000000 0.962778 -0.270294
vn 0.000100 0.962752 -0.270386
vn -0.643766 -0.643766 -0.413678
vn -0.000000 -0.489696 -0.871893
vn -0.155408 -0.155408 -0.975549
vn -0.000000 -0.962778 -0.270294
vn -0.000000 -0.962804 -0.270201
vn -0.722388 0.691488 -0.000000
vn -0.414982 0.892862 -0.174893
vn -0.641132 0.718736 -0.269013
vn -0.341112 -0.438216 -0.831630
vn -0.304598 0.595595 -0.743294
vn -0.000100 0.662798 -0.748798
vn -0.276706 0.918920 -0.281106
vn -0.276798 0.918894 -0.281098
vn -0.128002 -0.940418 -0.315006
vn -0.207197 -0.955385 0.210497
vn -0.207201 -0.955405 -0.210401
vn -0.207197 -0.955385 -0.210497
vn -0.828722 -0.439412 -0.346609
vn -0.748143 0.663538 -0.000100
vn -0.741493 0.594794 -0.310497
vn -0.414787 0.892972 0.174794
vn -0.641010 0.718811 0.269104
vn -0.170390 0.892148 0.418376
vn -0.508719 0.688626 0.516719
vn -0.264605 0.714913 0.647212
vn -0.304616 0.595531 0.743339
vn -0.341112 -0.438216 0.831630
vn -0.000000 0.662798 0.748798
vn -0.311793 -0.940979 0.131697
vn -0.490400 -0.846801 0.206000
vn -0.293608 -0.955926 -0.000000
vn -0.128002 -0.940418 0.315006
vn -0.000000 -0.954851 0.297085
vn 0.757158 0.571169 -0.316983
vn 0.705501 0.003200 -0.708701
vn 0.301511 -0.904534 -0.301511
vn -0.543161 0.633054 0.551560
vn -0.757206 0.571205 0.316803
vn -0.701635 -0.000100 0.712536
vn -0.543120 0.633124 -0.551521
vn -0.069897 0.982755 -0.171192
vn -0.311297 0.571595 -0.759193
vn 0.553927 0.620930 -0.554627
vn 0.988148 0.153507 -0.000000
vn 0.690599 0.213200 -0.691099
vn -0.525801 0.662101 -0.534001
vn -0.096205 0.967049 -0.235712
vn -0.000000 0.961441 0.275012
vn -0.181694 0.877571 0.443685
vn -0.096302 0.966919 0.236205
vn 0.383282 0.839160 -0.385882
vn -0.000000 0.149397 -0.988777
vn 0.691213 0.210504 -0.691313
vn -0.542612 0.633914 0.551112
vn -0.743196 0.592297 0.311198
vn -0.909983 0.163397 0.381093
vn -0.000000 0.149299 0.988792
vn -0.305792 0.591485 0.746081
vn -0.374008 0.161703 0.913220
vn -0.542507 0.634008 -0.551107
vn -0.305697 0.591394 -0.746192
vn -0.743196 0.592297 -0.311198
vn -0.291913 0.948541 0.122705
vn 0.183491 0.979954 -0.077596
vn 0.291909 0.948530 -0.122804
vn 0.172194 0.985063 0.000500
vn 0.128101 0.982708 0.133701
vn -0.000000 0.000100 -1.000000
vn 0.000100 0.000200 -1.000000
vn 0.367698 0.351898 -0.860794
vn 0.640899 0.767599 0.006400
vn 0.501892 0.608490 -0.614690
vn 0.196808 0.980442 -0.000000
vn 0.722485 0.691386 0.000500
vn 0.196808 0.980442 0.000100
vn 0.339116 0.940745 -0.000000
vn 0.337596 0.941290 0.001600
vn -0.000000 0.660887 0.750485
vn -0.000000 0.660831 0.750535
vn 0.000200 0.632421 0.774625
vn -0.120897 0.947477 0.296093
vn 0.378997 -0.003100 -0.925393
vn 0.226707 0.801526 -0.553318
vn -0.000300 0.705204 -0.709004
vn -0.379120 -0.000100 0.925348
vn -0.496120 -0.707128 0.503820
vn -0.294205 -0.630910 0.717911
vn -0.311297 0.571595 0.759193
vn -0.069797 0.982762 0.171193
vn -0.238802 0.776206 0.583505
vn -0.507596 0.690295 0.515596
vn -0.392886 0.828571 0.398886
vn -0.075401 0.979709 0.185702
vn 0.497380 0.705271 -0.505179
vn -0.727678 0.614481 0.304791
vn -0.988165 0.153395 -0.000000
vn -0.909667 0.165394 0.380986
vn -0.918081 0.396392 -0.000000
vn -0.825219 0.446110 0.346408
vn -0.988180 0.153297 -0.000000
vn -0.748280 0.663383 -0.000100
vn -0.988165 0.153395 -0.000100
vn -0.168605 0.983130 -0.070902
vn -0.578113 0.779118 -0.242406
vn -0.507596 0.690295 -0.515596
vn -0.232493 0.967669 -0.097797
vn -0.392802 0.828604 -0.398902
vn -0.183491 0.979954 -0.077596
vn 0.549106 0.803509 0.229903
vn 0.497380 0.705271 0.505179
vn -0.294183 -0.630865 -0.717960
vn -0.000000 0.151396 -0.988473
vn -0.373983 0.163792 -0.912858
vn -0.181597 0.877587 -0.443693
vn 0.339483 0.441878 -0.830358
vn -0.374008 0.161703 -0.913220
vn -0.378997 -0.003400 0.925392
vn -0.226802 0.801507 0.553305
vn 0.226796 0.801588 0.553191
vn -0.075401 0.979709 -0.185702
vn 0.096200 0.967004 -0.235901
vn 0.392802 0.828604 -0.398902
vn 0.305697 0.591394 -0.746192
vn 0.543090 0.633089 -0.551590
vn -0.497465 0.705150 0.505264
vn -0.497490 0.705186 0.505190
vn 0.099500 0.989898 -0.101000
vn 0.437891 0.880082 -0.183596
vn 0.825288 0.445994 -0.346395
vn 0.918118 0.396308 -0.000000
vn -0.549106 0.803509 0.229903
vn -0.578813 0.574413 0.578813
vn -0.922372 -0.003200 0.386288
vn 0.727586 0.614688 -0.304594
vn 0.747906 0.663805 -0.000000
vn 0.174694 0.968566 -0.177094
vn 0.374304 0.847610 -0.376104
vn 0.009700 0.658403 -0.752603
vn -0.757182 0.571187 -0.316893
vn -0.707093 -0.496095 0.503895
vn -0.744783 -0.533088 -0.401391
vn -0.745113 -0.632211 -0.212404
vn -0.725912 -0.685512 -0.055901
vn 0.725815 -0.685614 -0.055901
vn 0.506109 -0.493808 0.707112
vn 0.301903 -0.716208 0.629207
vn 0.397722 -0.536029 0.744641
vn 0.209798 -0.633693 0.744592
vn -0.054300 -0.686500 -0.725100
vn -0.206905 -0.635316 0.744019
vn -0.392912 -0.540417 0.744023
vn 0.707102 -0.489801 -0.510001
vn 0.744823 -0.533017 -0.401412
vn -0.706957 -0.707257 -0.000000
vn -0.725409 -0.686109 0.055101
vn 0.506109 -0.493808 -0.707112
vn 0.301903 -0.716208 -0.629207
vn 0.055100 -0.685903 -0.725604
vn 0.209798 -0.633693 -0.744592
vn 0.055101 -0.686109 0.725409
vn -0.054300 -0.686294 -0.725294
vn 0.311207 0.571612 -0.759216
vn -0.054300 -0.686500 0.725100
vn -0.392912 -0.540417 -0.744023
vn -0.206905 -0.635316 -0.744019
vn -0.499992 -0.499892 -0.707189
vn -0.297181 -0.717255 -0.630261
vn 0.397806 -0.536008 -0.744611
vn 0.506194 -0.493894 -0.706991
vn 0.055100 -0.685903 0.725604
vn -0.922377 -0.000400 0.386290
vn -0.546702 -0.805404 0.229001
vn -0.225801 -0.803305 0.551103
vn -0.701585 -0.000300 0.712585
vn 0.922413 -0.000400 -0.386205
vn 0.546702 -0.805404 -0.229001
vn 0.008800 -0.003100 0.999956
vn 0.006300 -0.709389 0.704789
vn 0.506094 -0.493995 0.706992
vn 0.506119 -0.493919 -0.707027
vn 0.225795 -0.803181 -0.551287
vn 0.378999 -0.000200 -0.925397
vn -0.704584 -0.709584 -0.007200
vn -0.999952 -0.000200 -0.009800
vn 0.629609 -0.716610 0.300104
vn 0.577217 -0.577417 -0.577417
vn 0.707093 -0.496095 0.503895
vn -0.500002 -0.500002 0.707103
vn 0.628587 -0.715485 -0.304894
vn 0.301884 -0.716163 -0.629267
vn 0.546773 -0.805360 0.228989
vn 0.922377 -0.000400 0.386290
vn 0.000600 -0.710797 -0.703397
vn -0.705296 -0.708896 0.005000
vn -0.000200 -0.714072 -0.700072
vn -0.628395 -0.715694 -0.304798
vn -0.500113 -0.500013 0.707018
vn -0.297090 -0.717276 -0.630279
vn -0.297090 -0.717276 0.630279
vn 0.209705 -0.633814 -0.744516
vn 0.397595 -0.536193 0.744591
vn 0.595880 -0.803073 -0.000100
vn -0.206799 -0.635496 0.743895
vn -0.744207 -0.537605 0.396404
vn -0.744377 -0.634080 0.209393
vn -0.707069 -0.489978 -0.509877
vn -0.302104 -0.902112 -0.308104
vn -0.500013 -0.500113 -0.707018
vn -0.054300 -0.686294 0.725294
vn -0.206799 -0.635496 -0.743895
vn 0.397595 -0.536193 -0.744591
vn -0.716632 -0.629628 0.300013
vn 0.744729 -0.533221 -0.401316
vn 0.745037 -0.632332 -0.212311
vn 0.744093 -0.537695 0.396496
vn -0.496120 -0.707128 -0.503820
vn 0.397692 -0.535989 -0.744685
vn 0.209705 -0.633814 0.744516
vn -0.392806 -0.540509 0.744012
vn -0.588029 -0.808840 -0.000000
vn -0.382690 -0.923877 -0.000100
vn 0.595880 -0.803073 -0.000000
vn 0.397709 -0.536212 0.744516
vn 0.004900 -0.000200 0.999988
vn 0.988180 0.153297 -0.000000
vn 0.722485 0.691386 -0.000000
vn 0.772101 0.635500 -0.000000
vn 0.988426 0.151704 -0.000000
vn 0.988411 0.151802 -0.000000
vn -0.706588 0.707588 -0.007300
vn -0.579082 0.575882 -0.577082
vn 0.994120 0.108102 -0.006300
vn 0.986786 0.161898 -0.006500
vn 0.660606 0.750707 0.006200
vn 0.197001 0.980403 -0.000000
vn 0.596774 0.529077 -0.603273
vn 0.698611 0.108602 -0.707211
vn 0.127702 0.731011 -0.670310
vn 0.239803 0.665308 -0.707008
vn 0.000100 0.827001 0.562201
vn 0.000100 0.391903 0.920007
vn -0.339511 0.441915 0.830327
vn 0.000200 0.149299 0.988792
vn 0.000100 0.939050 0.343782
vn 0.299203 0.614107 -0.730308
vn 0.705705 -0.000200 0.708505
vn 0.373983 0.163792 -0.912858
vn 0.378999 -0.000300 -0.925397
vn -0.168508 0.983147 0.070903
vn -0.578180 0.779073 0.242392
vn -0.183491 0.979954 0.077596
vn 0.548992 0.803589 -0.229897
vn 0.709104 0.705104 -0.000000
vn 0.000300 0.979859 -0.199692
vn 0.015100 0.675190 -0.737489
vn 0.138106 0.980443 -0.140206
vn 0.632839 0.446127 -0.632839
vn 0.044601 0.998018 -0.044401
vn -0.000000 0.705204 0.709004
vn -1.000000 -0.000300 -0.000100
vn -0.999987 -0.000000 0.005100
vn -0.999949 -0.000300 -0.010100
vn 0.000100 -0.000300 -1.000000
vn -0.000500 -0.000300 -1.000000
vn -0.000100 -0.000300 -1.000000
vn -0.000100 -0.000300 1.000000
vn -0.707504 -0.002500 -0.706704
vn 0.191595 0.680682 -0.707081
vn 0.000100 0.000100 -1.000000
vn 0.345785 0.514978 -0.784366
vn 0.731801 0.144600 -0.666001
vn 0.000200 -0.000000 -1.000000
vn -0.999996 -0.002300 0.001700
vn -0.707307 -0.706907 0.000200
vn -0.716610 -0.629609 0.300104
vn 0.225902 -0.803207 -0.551205
vn -0.294092 -0.630883 0.717981
vn 0.583391 -0.570191 -0.578391
vn 0.690103 0.003600 -0.723703
vn -0.704100 0.000900 -0.710100
vn 0.551191 0.565091 0.613890
vn 0.999779 -0.020800 0.003200
vn 0.746001 0.665101 0.033500
vn -0.294113 0.630928 0.717932
vn -0.922377 0.000100 0.386290
vn -0.716610 0.629609 0.300104
vn -0.701586 0.000100 0.712585
vn 0.706707 0.000500 0.707507
vn 1.000000 -0.000000 -0.000200
vn 0.003000 0.027700 -0.999612
vn -0.000000 0.578198 -0.815897
vn -0.701535 -0.000000 -0.712635
vn 0.013700 -0.546894 -0.837090
vn -0.448096 -0.703294 -0.551895
vn -0.701586 -0.000100 -0.712585
vn 0.310715 0.729836 0.608930
vn 0.544215 -0.704319 0.455812
vn 0.544201 -0.704402 0.455701
vn -0.054800 -0.393001 0.917903
vn 0.243913 -0.607132 0.756239
vn 0.701686 0.000100 0.712486
vn 0.837884 -0.545689 -0.013200
vn 0.701736 -0.000000 0.712437
vn -0.496085 0.707178 -0.503785
vn -0.192205 0.961724 0.195305
vn -0.587192 -0.746190 -0.313696
vn -0.622073 -0.462480 0.631773
vn -0.929400 -0.364600 0.057300
vn -0.929961 0.207091 -0.303787
vn -0.732346 0.626139 -0.267617
vn -0.637886 0.416191 0.647986
vn -0.055997 0.384182 0.921558
vn -0.612996 0.486297 0.622696
vn 0.519503 -0.672204 -0.527503
vn 0.496195 0.707093 -0.503795
vn 0.817051 0.576565 0.000100
vn -0.701686 0.000100 0.712486
vn -0.701787 -0.000300 0.712387
vn 0.496195 -0.707093 -0.503795
vn -0.422484 0.296889 0.856367
vn -0.701787 -0.000000 0.712387
vn 0.000100 -0.578198 0.815897
vn -0.422484 -0.296889 0.856367
vn -0.848733 -0.306112 0.431217
vn -0.495984 -0.707178 0.503884
vn -0.495708 0.707212 0.504108
vn -0.817178 0.576385 -0.000000
vn -0.000100 0.578017 0.816024
vn 0.000100 -0.000000 1.000000
vn 0.000100 0.578198 0.815897
vn -0.701686 0.000200 0.712486
vn -0.849009 -0.305503 0.431105
vn -1.000000 0.000500 -0.000600
vn -1.000000 -0.000000 -0.000100
vn -0.421976 -0.297083 0.856550
vn -0.496602 0.706803 0.503802
vn -1.000000 -0.000000 -0.000000
vn -0.000200 -0.000000 1.000000
vn -0.848945 0.305516 0.431223
vn -0.000000 0.578017 0.816024
vn -0.701635 0.000100 0.712536
vn -0.701988 -0.000300 0.712188
vn 0.792312 0.003100 -0.610109
vn -0.999999 -0.000000 0.001400
vn -0.849063 -0.305387 0.431081
vn -0.700324 0.001500 -0.713824
vn 0.707007 -0.000000 -0.707207
vn 0.546988 -0.805183 0.229095
vn -0.577417 -0.577417 0.577217
vn -0.716632 -0.629628 -0.300013
vn -0.496195 -0.707093 -0.503795
vn -0.707407 0.706807 0.000700
vn -0.000000 1.000000 0.000400
vn -0.496321 0.707129 -0.503621
vn -0.716702 0.629602 -0.299901
vn -0.000100 1.000000 0.000100
vn 0.573372 -0.565672 0.592671
vn 0.724385 0.003600 0.689386
vn 0.707057 0.000700 -0.707157
vn -0.577084 0.577184 0.577784
vn -0.003400 0.003800 0.999987
vn 0.014001 0.709334 0.704734
vn -0.294108 0.630717 -0.718120
vn -0.496105 0.707007 -0.504005
vn 0.000100 0.645696 0.763595
vn 0.001900 -0.001900 -0.999996
vn 0.716610 -0.043601 0.696110
vn 0.745691 0.000200 0.666292
vn 0.999592 -0.028400 -0.003000
vn 0.495994 0.707092 -0.503994
vn 0.496306 0.707008 -0.503806
vn 0.243706 -0.607115 -0.756319
vn -0.054800 -0.393001 -0.917903
vn -0.055997 0.384182 -0.921558
vn 0.310583 0.729861 -0.608967
vn 0.817051 0.576565 0.000300
vn 0.701787 0.000300 -0.712387
vn 0.701787 -0.000000 -0.712387
vn 0.837848 -0.545731 0.013701
vn 0.544285 -0.704281 -0.455788
vn -0.701485 -0.000200 0.712684
vn -0.496085 0.707178 0.503785
vn -0.605194 0.731193 0.314797
vn -0.917736 -0.393516 -0.053902
vn -0.750492 -0.611893 0.249697
vn 0.544120 -0.704325 -0.455916
vn -0.058397 -0.363781 -0.929652
vn 0.310698 -0.744995 -0.590296
vn -0.622073 -0.462480 -0.631773
vn -0.192205 0.961724 -0.195305
vn -0.701434 -0.000200 -0.712734
vn -0.701434 0.000200 -0.712734
vn -0.701787 0.000100 -0.712387
vn -0.421609 0.297406 -0.856618
vn -0.701635 -0.000200 -0.712536
vn -0.496205 0.707008 -0.503905
vn -0.849009 -0.305503 -0.431105
vn -0.701585 -0.000300 -0.712585
vn -0.422007 -0.298005 -0.856214
vn -0.421502 0.297601 -0.856604
vn -0.421620 -0.297614 -0.856541
vn -0.495889 -0.707384 -0.503689
vn 0.000100 0.578198 -0.815897
vn -0.496009 0.707213 -0.503810
vn -0.849063 0.305387 -0.431081
vn -0.817098 0.576499 -0.000000
vn -0.849035 -0.305413 -0.431118
vn -1.000000 -0.000000 0.000200
vn -0.701434 -0.000100 -0.712734
vn -0.495984 -0.707178 -0.503884
vn 0.735895 -0.000300 0.677095
vn 0.709601 -0.002000 -0.704601
vn 0.000300 -0.000300 -1.000000
vn -0.421301 0.297601 -0.856702
vn 0.611967 0.018899 0.790657
vn -0.546988 -0.805183 0.229095
vn 0.716632 -0.629628 -0.300013
vn -0.583391 -0.570191 0.578391
vn -0.690103 0.003500 0.723703
vn 0.707107 0.000700 0.707107
vn -0.707107 0.707107 -0.000200
vn -0.714567 0.000100 0.699567
vn 0.294186 0.630970 -0.717866
vn -0.000100 0.707307 -0.706907
vn -0.577517 0.576817 -0.577717
vn -0.000200 0.707207 -0.707007
vn 0.496512 0.706717 -0.504012
vn 0.707407 0.706807 -0.000000
vn 0.999995 -0.002200 0.002200
vn 0.716587 0.629688 -0.299994
vn 0.496009 0.707213 -0.503810
vn -0.667820 0.000200 0.744323
vn 0.496120 0.707128 0.503820
vn 0.750402 -0.612002 0.249701
vn 0.921361 0.384784 -0.055098
vn 0.605061 0.731353 0.314680
vn -0.013700 -0.546894 0.837090
vn 0.447985 -0.703376 0.551881
vn 0.192205 0.961724 -0.195305
vn 0.448096 -0.703294 0.551895
vn 0.177996 -0.967280 -0.180796
vn 0.587192 -0.746190 0.313696
vn 0.055800 0.384101 -0.921603
vn -0.310696 0.729791 -0.608993
vn 0.612996 0.486297 -0.622696
vn -0.495984 0.707178 0.503884
vn -1.000000 -0.000100 -0.000100
vn -0.496180 0.706972 -0.503980
vn -0.817098 0.576499 -0.000100
vn 0.701535 -0.000300 -0.712635
vn 0.701485 -0.000100 -0.712684
vn 0.701635 0.000100 -0.712536
vn 0.701686 -0.000200 -0.712486
vn 0.701535 0.000100 -0.712635
vn 0.848955 0.305620 -0.431128
vn 0.701585 -0.000200 -0.712585
vn 0.421503 0.297302 -0.856707
vn 0.701535 -0.000200 -0.712635
vn 0.849020 -0.305607 -0.431010
vn 0.817098 -0.576499 0.000100
vn 0.848940 -0.305814 -0.431020
vn 0.817145 -0.576432 0.000100
vn 0.701837 -0.000000 -0.712338
vn 0.496411 0.706716 -0.504111
vn 0.848994 0.305698 -0.430997
vn 0.817098 0.576499 0.000100
vn 0.577617 0.577017 0.577417
vn 0.999989 -0.000100 0.004600
vn -0.678500 -0.000300 0.734600
vn 0.817018 -0.576613 -0.000000
vn 0.849009 -0.305503 -0.431105
vn 0.421716 0.297212 -0.856633
vn 0.701635 -0.000100 -0.712536
vn 0.495999 0.707299 -0.503699
vn 0.701686 -0.000100 -0.712486
vn 0.703093 0.002900 0.711092
vn 0.577384 0.577284 -0.577384
vn -0.707007 0.707207 0.000100
vn -1.000000 0.000100 0.000100
vn -0.706957 0.707257 0.000100
vn 0.496291 -0.706887 -0.503991
vn 0.294113 -0.630928 -0.717932
vn 0.571199 -0.578499 0.582299
vn 0.000400 -0.707007 0.707207
vn 0.709335 -0.704835 0.007200
vn -0.294092 0.630883 0.717981
vn 0.000400 0.707007 0.707207
vn -0.716632 0.629628 0.300013
vn 0.709335 0.704835 0.007200
vn 0.571199 0.578499 0.582299
vn 0.706957 -0.000000 0.707257
vn 0.577117 -0.577517 0.577417
vn 0.707307 -0.706907 -0.000000
vn 0.706907 -0.707307 -0.000000
vn -0.577284 -0.577284 -0.577484
vn 0.577484 -0.577384 -0.577184
vn 0.577217 0.577417 -0.577417
vn 0.707007 -0.707207 0.000100
vn 1.000000 -0.000100 0.000200
vn 0.707007 0.707207 0.000200
vn 0.707207 -0.707007 -0.000000
vn 0.577584 -0.577084 -0.577384
vn 0.707107 -0.707107 -0.000100
vn 0.000100 -0.707207 -0.707007
vn 0.000100 -1.000000 0.000400
vn 0.707307 -0.706907 0.000100
vn -0.577584 -0.577084 -0.577384
vn -0.707407 -0.706807 0.000200
vn -0.000100 -0.707207 0.707007
vn -0.577284 -0.577684 0.577084
vn -0.707407 -0.706807 -0.000600
vn -0.577184 0.577584 0.577284
vn -0.706907 0.707307 -0.000100
vn -0.000200 -1.000000 -0.000000
vn -0.000300 -0.707507 -0.706707
vn -0.577384 -0.577484 0.577184
vn -0.707257 -0.706957 0.000300
vn 0.000100 1.000000 0.000200
vn 0.000200 1.000000 0.000100
vn -0.000000 0.706807 -0.707407
vn -0.707507 -0.000000 -0.706707
vn 0.706907 0.000200 -0.707307
vn -0.707207 -0.000000 -0.707007
vn 0.577017 0.577517 0.577517
vn -1.000000 -0.000000 0.000100
vn 0.577584 -0.577284 0.577184
vn -0.707107 0.707107 -0.000100
vn -0.000000 0.707157 -0.707057
vn 0.707157 0.707057 -0.000200
vn 1.000000 -0.000000 -0.000100
vn -0.706306 -0.000000 -0.707906
vn -1.000000 -0.000000 0.000400
vn -0.707007 0.000100 0.707207
vn -0.904452 -0.301484 0.301784
vn -1.000000 -0.000100 0.000100
vn -0.904634 0.301311 -0.301411
vn -0.707307 -0.000000 -0.706907
vn 0.301502 -0.904507 -0.301602
vn -0.453591 -0.453691 -0.767085
vn -0.687743 -0.687643 -0.232715
vn -0.848924 -0.000000 0.528515
vn -0.798064 -0.424581 0.427581
vn -0.969073 -0.174595 0.174395
vn -0.422424 -0.422424 -0.801945
vn 0.422424 -0.422424 -0.801945
vn -0.848879 -0.000000 0.528587
vn -0.349307 -0.661414 0.663714
vn -0.969056 -0.174692 0.174392
vn -0.577184 0.577484 -0.577384
vn -1.000000 -0.000000 0.000300
vn -0.904379 -0.301593 0.301893
vn -0.707107 -0.000000 -0.707107
vn -0.301502 -0.301302 -0.904607
vn -0.301299 0.674697 -0.673797
vn -0.904634 0.301611 -0.301111
vn -0.962752 0.000100 -0.270386
vn -0.392907 -0.392907 -0.831414
vn -0.673226 -0.673326 -0.305612
vn 0.489696 -0.000000 -0.871893
vn -0.155393 -0.155393 -0.975554
vn 0.392922 0.392822 -0.831446
vn 0.962778 -0.000000 -0.270294
vn -0.000000 -0.706056 -0.708156
vn -0.707157 -0.000000 -0.707057
vn 0.577517 -0.577317 -0.577217
vn -0.229100 0.688800 -0.687800
vn -0.763579 0.455488 -0.457688
vn -0.828091 0.560594 0.000200
vn -0.349418 0.661435 -0.663635
vn -0.850678 0.525687 0.000100
vn -0.969124 0.174604 -0.174104
vn -0.707007 -0.000200 0.707207
vn -0.577417 -0.577217 0.577417
vn -0.406002 -0.644804 0.647604
vn -0.406112 0.644719 0.647619
vn -0.904607 -0.301302 -0.301502
vn -0.301299 -0.674697 -0.673797
vn -0.904607 -0.301602 -0.301202
vn -0.707207 -0.707007 0.000200
vn -0.266906 -0.963722 0.000100
vn -0.707107 -0.707107 0.000100
vn -0.870267 -0.492581 0.000300
vn -0.870199 -0.492700 0.000200
vn -0.870199 0.492700 0.000200
vn -0.870089 -0.492894 0.000300
vn -0.707107 0.707107 0.000200
vn -0.266999 0.963697 0.000100
vn -0.828137 0.560525 0.000300
vn -0.189092 0.981959 0.000100
vn -0.828091 0.560594 0.000100
vn -0.229808 -0.973236 0.000100
vn -0.707107 0.707107 0.000100
vn -0.707007 0.707207 0.000200
vn -0.869979 0.493088 0.000300
vn -0.870267 0.492581 0.000300
vn -0.266906 0.963722 0.000100
vn -0.707207 -0.707007 0.000100
vn -0.707157 -0.707057 0.000200
vn -0.229100 -0.688800 -0.687800
vn -0.763614 -0.455508 -0.457608
vn -0.826673 -0.000000 -0.562682
vn -0.707107 -0.000100 -0.707107
vn 0.673301 0.673301 -0.305501
vn 0.643766 -0.643766 -0.413678
vn 0.155393 -0.155393 -0.975554
vn -0.643766 0.643766 -0.413678
vn -0.155393 0.155393 -0.975554
vn 0.155393 0.155393 -0.975554
vn 0.660477 0.660877 -0.356388
vn -0.000000 0.972523 -0.232806
vn -0.000100 0.707107 -0.707107
vn -0.172296 0.172196 -0.969878
vn -0.660497 -0.660797 -0.356498
vn -0.000000 -0.972478 -0.232995
vn -0.707307 -0.000100 -0.706907
vn 0.301493 0.301393 -0.904579
vn -0.643708 -0.643808 -0.413705
vn -0.523015 -0.000100 -0.852324
vn -0.000100 -0.706907 -0.707307
vn 0.706957 -0.000000 -0.707257
vn -0.972597 -0.000000 -0.232499
vn -0.523087 -0.000000 -0.852279
vn -0.673201 0.673401 -0.305501
vn -0.392791 0.393091 -0.831381
vn 0.489696 -0.000100 -0.871893
vn 0.707007 0.000100 -0.707207
vn -0.660677 -0.660677 -0.356388
vn 0.522897 0.000100 -0.852396
vn 0.972523 -0.000000 -0.232806
vn 0.972523 0.000100 -0.232806
vn 0.707207 -0.000000 -0.707007
vn -0.972551 -0.000000 -0.232688
vn -0.453691 0.453591 -0.767085
vn -0.687727 0.687627 -0.232809
vn -0.673301 0.673301 -0.305501
vn 0.643766 0.643766 -0.413678
vn -0.577417 -0.576917 0.577717
vn -0.706707 0.000300 0.707507
vn 0.707057 -0.707157 0.000200
vn -0.000300 -0.706807 0.707407
vn 0.706757 0.000200 0.707457
vn 0.577117 -0.577317 0.577617
vn -0.000000 0.707507 0.706707
vn -0.000000 0.707607 0.706607
vn -0.707407 0.000300 0.706807
vn -0.577383 0.577783 0.576883
vn -0.707307 0.000300 0.706907
vn 0.707007 0.000300 0.707207
vn 0.706807 0.000200 0.707407
vn 0.577317 0.577517 0.577217
vn 0.000300 1.000000 0.000500
vn -0.000000 0.707257 0.706957
vn -0.707107 0.000200 0.707107
vn -0.577317 0.577517 0.577217
vn -0.706907 -0.000000 0.707307
vn -0.577384 -0.577184 0.577484
vn -0.000400 -0.706857 0.707357
vn 0.707107 0.000200 0.707107
vn -0.000000 0.000500 1.000000
vn -0.000000 0.000400 1.000000
vn -0.000000 -0.706907 0.707307
vn -0.000000 0.000600 1.000000
vn 0.000300 0.000400 1.000000
vn 0.546918 -0.805227 0.229108
vn -0.041799 0.008900 0.999086
vn -0.005400 0.703286 0.710886
vn 0.225902 0.803207 0.551205
vn 0.547001 0.805201 0.229000
vn 0.000700 1.000000 -0.000000
vn 0.000200 1.000000 -0.000000
vn -0.064100 0.009000 0.997903
vn -0.731092 -0.010800 0.682193
vn -0.225890 -0.803163 0.551274
vn 0.066803 -0.015501 0.997646
vn -0.379084 -0.000000 0.925362
vn 0.034300 -0.002700 0.999408
vn 0.004700 0.706899 0.707299
vn -0.225890 0.803163 0.551274
vn -0.547001 0.805201 0.229000
vn -0.701736 -0.000000 -0.712437
vn 0.011100 0.766203 -0.642503
vn -0.535896 0.630595 -0.561396
vn -0.642781 0.765977 0.010600
vn -0.203899 0.858795 -0.469997
vn 0.496205 0.707008 0.503905
vn -0.434230 0.785453 -0.441030
vn -0.434114 0.785526 -0.441015
vn -0.557824 0.623827 -0.547424
vn -0.631196 0.774995 -0.031200
vn -0.552966 0.571765 0.606063
vn -0.010900 0.643592 0.765291
vn -0.268618 0.779751 0.565537
vn -0.007800 0.765173 -0.643777
vn 0.627339 0.570536 -0.530033
vn 0.495924 0.707334 -0.503724
vn -0.496009 0.707213 0.503810
vn 0.184799 0.830294 -0.525796
vn 0.561022 0.781730 -0.272310
vn 0.922377 -0.000100 -0.386290
vn 0.546804 -0.805306 -0.229102
vn 0.063900 0.067000 -0.995705
vn 0.997767 0.003400 0.066698
vn -0.922413 -0.000000 0.386205
vn 0.930637 -0.051402 -0.362315
vn -0.065602 -0.015500 -0.997725
vn 0.997323 -0.072102 -0.012200
vn 0.696704 -0.117901 0.707604
vn -0.999301 0.009300 -0.036200
vn -0.995956 0.080096 -0.040698
vn -0.922377 -0.000000 0.386290
vn 0.701485 0.000300 -0.712684
vn -0.025599 0.003500 -0.999666
vn 0.669731 0.026401 -0.742134
vn 0.667295 -0.000000 -0.744794
vn 0.016399 -0.073497 0.997161
vn 0.385913 -0.106804 0.916332
vn 0.378913 -0.000000 0.925432
vn 0.999685 0.003000 -0.024900
vn -0.365592 0.110598 -0.924181
vn -0.921062 0.111595 -0.373084
vn -0.996415 0.084601 -0.000300
vn -0.521401 0.832502 0.187300
vn -0.910542 0.040602 0.411419
vn -0.000000 -0.083799 0.996483
vn -0.018001 -0.066302 0.997637
vn 0.004500 0.071701 -0.997416
vn 0.759518 0.650315 -0.014900
vn 0.912610 -0.109101 0.394004
vn 0.628004 0.738305 0.246002
vn 0.764421 0.644718 -0.000000
vn 0.766926 0.641722 0.004200
vn 0.577384 -0.577184 -0.577484
vn 0.000100 -0.000100 -1.000000
vn 0.707207 -0.000100 -0.707007
vn -0.000000 -0.000100 -1.000000
vn -0.577517 -0.577417 -0.577117
vn 0.577417 -0.577417 -0.577217
vn -0.707007 0.707207 -0.000100
vn -0.706807 0.707407 -0.000100
vn -0.707007 0.707207 -0.000700
vn -0.706807 0.000300 0.707407
vn 0.707407 0.000300 0.706807
vn 0.707307 0.000300 0.706907
vn 0.706907 0.707307 0.000200
vn 0.707307 -0.706907 -0.000100
vn 0.707007 -0.707207 -0.000200
vn 0.706907 0.000300 -0.707307
vn 0.707207 0.000200 -0.707007
vn 0.707007 0.000200 0.707207
vn 1.000000 0.000500 -0.000300
vn 1.000000 0.000300 -0.000100
vn -0.707457 0.000200 -0.706757
vn -1.000000 0.000400 0.000300
vn -1.000000 0.000500 0.000200
vn 0.577350 -0.577350 0.577350
vn -0.707307 -0.706907 -0.000100
vn -0.706807 0.000100 -0.707407
vn -0.014900 0.055901 -0.998325
vn -0.000000 0.689236 -0.724537
vn -0.301493 0.904579 0.301393
vn -0.706907 0.000100 0.707307
vn -0.577384 0.577484 0.577184
vn -0.301502 0.301602 0.904507
vn -0.707207 -0.000000 0.707007
vn -1.000000 -0.000000 -0.000200
vn -0.000300 -0.000000 1.000000
vn -0.707157 0.707057 -0.000000
vn -0.000000 0.707207 0.707007
vn 0.301602 0.301502 0.904507
vn -0.548978 -0.548978 -0.630275
vn 0.000100 -0.776371 -0.630276
vn 0.891610 -0.000000 0.452805
vn -0.000000 0.707307 0.706907
vn 0.577484 0.577384 0.577184
vn -0.000000 -0.000100 1.000000
vn 0.000100 0.000100 1.000000
vn 0.000200 0.707007 0.707207
vn -0.776420 -0.000000 -0.630216
vn -0.000200 -1.000000 0.000100
vn 0.000100 -1.000000 -0.000100
vn -0.000100 0.999901 -0.014100
vn 0.707086 0.706986 -0.014100
vn -0.000100 0.996252 -0.086496
vn 0.704406 0.704506 -0.086501
vn -0.000100 0.795526 -0.605920
vn 0.562489 0.562589 -0.605888
vn -0.000000 0.403409 -0.915020
vn 0.285214 0.285214 -0.915044
vn -0.000000 0.838576 -0.544784
vn 0.592715 0.592815 -0.545214
vn -0.000000 0.999591 0.028600
vn 0.706818 0.706818 0.028601
vn -0.000000 0.739528 0.673126
vn 0.522823 0.523023 0.673129
vn -0.000100 -0.538208 0.842812
vn -0.380592 -0.380392 0.842883
vn 0.000100 -0.989017 0.147803
vn -0.699301 -0.699401 0.147700
vn 0.000100 -0.275896 0.961187
vn -0.195304 -0.195204 0.961120
vn -0.000000 0.969676 0.244394
vn 0.685613 0.685713 0.244404
vn -0.000000 0.859884 0.510490
vn 0.607988 0.607988 0.510590
vn 0.859814 -0.000000 0.510608
vn 0.999901 0.000100 -0.014100
vn 0.776371 0.000100 -0.630276
vn 0.996252 0.000100 -0.086496
vn 0.795526 0.000100 -0.605920
vn 0.403121 -0.000000 -0.915147
vn 0.838304 -0.000000 -0.545203
vn 0.999594 -0.000000 0.028500
vn 0.739383 0.000100 0.673285
vn -0.538208 0.000100 0.842812
vn -0.989046 -0.000000 0.147607
vn -0.276411 -0.000100 0.961039
vn 0.969676 0.000100 0.244394
vn 0.707036 -0.707036 -0.014101
vn 0.704457 -0.704457 -0.086495
vn 0.562520 -0.562520 -0.605922
vn 0.285104 -0.285104 -0.915113
vn 0.592780 -0.592780 -0.545182
vn 0.706820 -0.706820 0.028501
vn 0.522815 -0.522915 0.673219
vn -0.380495 0.380695 0.842790
vn -0.699401 0.699301 0.147700
vn -0.195296 0.195396 0.961082
vn 0.685613 -0.685713 0.244404
vn 0.607988 -0.607988 0.510590
vn -0.000000 -0.859884 0.510490
vn -0.000100 -0.999901 -0.014100
vn -0.000100 -0.996252 -0.086496
vn -0.000100 -0.795526 -0.605920
vn -0.000000 -0.403121 -0.915147
vn -0.000000 -0.838304 -0.545203
vn -0.000000 -0.999594 0.028500
vn -0.000000 -0.739573 0.673076
vn -0.000000 0.537904 0.843006
vn -0.000000 0.989017 0.147803
vn -0.000000 0.276292 0.961074
vn -0.000000 -0.969700 0.244300
vn -0.706986 -0.707086 -0.014100
vn -0.704506 -0.704406 -0.086501
vn -0.562589 -0.562489 -0.605888
vn -0.285214 -0.285214 -0.915044
vn -0.592815 -0.592715 -0.545214
vn -0.706820 -0.706820 0.028501
vn -0.522888 -0.522888 0.673184
vn 0.380507 0.380407 0.842915
vn 0.699501 0.699201 0.147700
vn 0.195589 0.195289 0.961045
vn -0.685666 -0.685666 0.244388
vn -0.607988 -0.607988 0.510590
vn -0.859814 -0.000000 0.510608
vn -0.999901 0.000100 -0.014100
vn -0.996252 0.000100 -0.086496
vn -0.795526 0.000100 -0.605920
vn -0.403492 -0.000000 -0.914983
vn -0.838304 -0.000000 -0.545203
vn -0.999591 -0.000000 0.028600
vn -0.739383 -0.000000 0.673285
vn 0.538091 -0.000000 0.842887
vn 0.989032 -0.000000 0.147705
vn 0.275989 0.000100 0.961161
vn -0.969676 0.000100 0.244394
vn -0.707036 0.707036 -0.014101
vn -0.704457 0.704457 -0.086495
vn -0.562520 0.562520 -0.605922
vn -0.285298 0.285298 -0.914992
vn -0.592780 0.592780 -0.545182
vn -0.706818 0.706818 0.028601
vn -0.522815 0.522915 0.673219
vn 0.380592 -0.380392 0.842883
vn 0.699401 -0.699301 0.147700
vn 0.195393 -0.195393 0.961064
vn -0.685666 0.685666 0.244388
vn -0.607988 0.607988 0.510590
vn -0.000000 0.999300 -0.037400
vn 0.706612 0.706612 -0.037401
vn -0.000000 0.974405 -0.224801
vn 0.689060 0.688960 -0.224787
vn -0.000000 0.579193 -0.815190
vn 0.409597 0.409497 -0.815195
vn -0.000000 0.165307 -0.986242
vn 0.116894 0.116794 -0.986253
vn -0.000000 0.761897 -0.647698
vn 0.538795 0.538695 -0.647694
vn -0.000000 0.997547 0.069996
vn 0.705327 0.705427 0.069903
vn -0.000000 0.674279 0.738477
vn 0.476786 0.476786 0.738478
vn -0.000000 -0.451289 0.892378
vn -0.319096 -0.319096 0.892388
vn -0.000000 -0.930102 0.367301
vn -0.657684 -0.657684 0.367291
vn -0.000000 -0.306491 0.951873
vn -0.217010 -0.217010 0.951742
vn -0.000000 0.832189 0.554492
vn 0.588401 0.588201 0.554801
vn -0.000000 0.643581 0.765378
vn 0.455119 0.455119 0.765332
vn 0.643581 -0.000000 0.765378
vn 0.999300 -0.000000 -0.037400
vn 0.974427 -0.000000 -0.224706
vn 0.579193 -0.000000 -0.815190
vn 0.165291 -0.000000 -0.986245
vn 0.761897 -0.000000 -0.647698
vn 0.997554 -0.000000 0.069897
vn 0.674279 -0.000000 0.738477
vn -0.451289 -0.000000 0.892378
vn -0.930102 -0.000000 0.367301
vn -0.306491 -0.000000 0.951873
vn 0.832035 -0.000000 0.554723
vn 0.548978 -0.548978 -0.630275
vn 0.706612 -0.706612 -0.037401
vn 0.689076 -0.688976 -0.224692
vn 0.409580 -0.409580 -0.815161
vn 0.116905 -0.116905 -0.986239
vn 0.538795 -0.538695 -0.647694
vn 0.705327 -0.705427 0.069903
vn 0.476786 -0.476786 0.738478
vn -0.319096 0.319096 0.892388
vn -0.657598 0.657598 0.367599
vn -0.216787 0.216787 0.951844
vn 0.588395 -0.588495 0.554495
vn 0.455084 -0.455084 0.765374
vn -0.000000 -0.643581 0.765378
vn -0.000000 -0.999300 -0.037400
vn -0.000000 -0.974405 -0.224801
vn -0.000000 -0.579193 -0.815190
vn -0.000000 -0.165404 -0.986226
vn -0.000000 -0.761989 -0.647590
vn -0.000000 -0.997554 0.069897
vn -0.000000 -0.674279 0.738477
vn -0.000000 0.451289 0.892378
vn -0.000000 0.930102 0.367301
vn -0.000100 0.306792 0.951776
vn -0.000000 -0.832189 0.554492
vn -0.706562 -0.706662 -0.037398
vn -0.689023 -0.689023 -0.224708
vn -0.409580 -0.409580 -0.815161
vn -0.116905 -0.116905 -0.986239
vn -0.538766 -0.538766 -0.647659
vn -0.705327 -0.705427 0.069903
vn -0.476786 -0.476786 0.738478
vn 0.319096 0.319096 0.892388
vn 0.657679 0.657579 0.367488
vn 0.216692 0.216792 0.951864
vn -0.588399 -0.588299 0.554699
vn -0.455084 -0.455084 0.765374
vn -0.643581 -0.000000 0.765378
vn -0.999300 -0.000000 -0.037400
vn -0.974427 -0.000000 -0.224706
vn -0.579193 -0.000000 -0.815190
vn -0.165307 -0.000000 -0.986242
vn -0.761897 -0.000000 -0.647698
vn -0.997554 -0.000000 0.069897
vn -0.674279 -0.000000 0.738477
vn 0.451409 -0.000000 0.892317
vn 0.930055 -0.000000 0.367422
vn 0.306401 -0.000000 0.951903
vn -0.832066 -0.000000 0.554677
vn -0.706562 0.706662 -0.037398
vn -0.548908 0.549008 -0.630309
vn -0.689023 0.689023 -0.224708
vn -0.409580 0.409580 -0.815161
vn -0.116905 0.116905 -0.986239
vn -0.538801 0.538801 -0.647601
vn -0.705327 0.705427 0.069903
vn -0.476786 0.476786 0.738478
vn 0.319096 -0.319096 0.892388
vn 0.657728 -0.657628 0.367315
vn 0.216792 -0.216692 0.951864
vn -0.588366 0.588266 0.554768
vn -0.455084 0.455084 0.765374
vn 0.706562 0.706662 -0.037398
vn 0.689023 0.689023 -0.224708
vn 0.409580 0.409580 -0.815161
vn 0.116893 0.116893 -0.986241
vn 0.538724 0.538724 -0.647729
vn -0.000000 0.997554 0.069897
vn 0.476731 0.476731 0.738549
vn -0.319204 -0.319204 0.892310
vn -0.000200 -0.930020 0.367508
vn -0.657522 -0.657722 0.367513
vn -0.000000 -0.306611 0.951835
vn -0.216801 -0.216501 0.951906
vn 0.588397 0.588397 0.554597
vn 0.674224 -0.000000 0.738527
vn -0.451488 -0.000000 0.892277
vn -0.930068 -0.000000 0.367387
vn -0.306702 -0.000000 0.951806
vn 0.832066 -0.000000 0.554677
vn 0.706562 -0.706662 -0.037398
vn 0.689023 -0.689023 -0.224708
vn 0.538766 -0.538766 -0.647659
vn 0.476731 -0.476731 0.738549
vn -0.319204 0.319204 0.892310
vn -0.657684 0.657684 0.367291
vn -0.216894 0.216994 0.951772
vn 0.588493 -0.588493 0.554393
vn 0.455119 -0.455119 0.765332
vn -0.000000 -0.974427 -0.224706
vn -0.000100 0.930136 0.367214
vn -0.000000 0.306611 0.951835
vn 0.000300 -0.832189 0.554492
vn -0.706612 -0.706612 -0.037401
vn -0.538795 -0.538695 -0.647694
vn 0.319006 0.319106 0.892416
vn 0.657784 0.657584 0.367291
vn 0.216592 0.216892 0.951864
vn -0.588397 -0.588397 0.554597
vn -0.455119 -0.455119 0.765332
vn -0.165291 -0.000000 -0.986245
vn -0.674383 -0.000000 0.738382
vn 0.451289 -0.000000 0.892378
vn 0.930068 -0.000000 0.367387
vn 0.306491 -0.000000 0.951873
vn -0.832112 -0.000000 0.554608
vn -0.706612 0.706612 -0.037401
vn -0.689076 0.688976 -0.224692
vn -0.116893 0.116893 -0.986241
vn -0.538724 0.538724 -0.647729
vn -0.476898 0.476798 0.738398
vn 0.657703 -0.657603 0.367402
vn 0.216808 -0.216808 0.951834
vn -0.588430 0.588430 0.554528
vn -0.455119 0.455119 0.765332
vn 0.000200 0.707057 0.707157
vn -0.000000 0.706907 -0.707307
vn -0.000000 -1.000000 0.000100
vn -0.000100 1.000000 -0.000100
vn -0.000100 1.000000 -0.000000
vn 0.707007 -0.707207 -0.000000
vn -0.000100 -1.000000 -0.000000
vn 0.706957 0.707257 -0.000000
vn -0.000100 0.707007 -0.707207
vn -0.000200 1.000000 -0.000100
vn 0.582807 -0.000000 0.812610
vn -0.475217 0.475017 0.740627
vn -0.475182 -0.474982 0.740672
vn 0.475217 0.475017 0.740627
vn -0.582921 -0.000000 0.812529
vn 0.582694 -0.000000 0.812692
vn 0.582807 -0.000100 0.812610
vn -0.000000 0.974427 -0.224706
vn 0.409497 0.409597 -0.815195
vn -0.000000 0.165599 -0.986193
vn 0.116796 0.116796 -0.986264
vn 0.538695 0.538795 -0.647694
vn 0.705377 0.705377 0.069898
vn -0.000000 -0.451209 0.892418
vn 0.000100 -0.930068 0.367387
vn -0.657584 -0.657784 0.367291
vn -0.000100 -0.306491 0.951873
vn -0.216797 -0.216597 0.951885
vn -0.000100 0.832112 0.554608
vn 0.455084 0.455084 0.765374
vn -0.451409 -0.000000 0.892317
vn -0.306792 -0.000000 0.951776
vn 0.116796 -0.116796 -0.986264
vn 0.705377 -0.705377 0.069898
vn 0.476809 -0.476709 0.738514
vn -0.319114 0.319214 0.892339
vn 0.588397 -0.588397 0.554597
vn -0.000000 -0.165599 -0.986193
vn -0.000000 -0.761897 -0.647698
vn -0.000000 -0.674224 0.738527
vn -0.000000 0.451089 0.892479
vn -0.000000 0.306792 0.951776
vn -0.000000 -0.832112 0.554608
vn -0.409597 -0.409497 -0.815195
vn -0.116796 -0.116796 -0.986264
vn -0.705377 -0.705377 0.069898
vn 0.319204 0.319204 0.892310
vn 0.657760 0.657560 0.367378
vn 0.216501 0.216801 0.951906
vn -0.165599 -0.000000 -0.986193
vn 0.451010 -0.000000 0.892519
vn -0.409514 0.409514 -0.815228
vn -0.116796 0.116796 -0.986264
vn -0.705377 0.705377 0.069898
vn 0.319204 -0.319204 0.892310
vn 0.657622 -0.657622 0.367513
vn 0.216497 -0.216897 0.951885
vn 0.000100 -0.582873 0.812563
vn 0.000100 -0.707307 0.706907
vn -0.000000 0.165404 -0.986226
vn 0.116905 0.116905 -0.986239
vn -0.000000 0.761989 -0.647590
vn 0.538766 0.538766 -0.647659
vn -0.000000 0.674329 0.738431
vn 0.476821 0.476821 0.738433
vn -0.000000 -0.451329 0.892358
vn -0.000000 -0.930055 0.367422
vn -0.217003 -0.216703 0.951814
vn -0.000000 0.832035 0.554723
vn 0.165404 -0.000000 -0.986226
vn 0.761989 -0.000000 -0.647590
vn 0.674329 -0.000000 0.738431
vn -0.930136 -0.000000 0.367214
vn -0.657708 0.657708 0.367205
vn -0.000000 -0.999297 -0.037500
vn -0.000000 -0.165307 -0.986242
vn -0.706609 -0.706609 -0.037500
vn -0.538801 -0.538801 -0.647601
vn -0.476809 -0.476709 0.738514
vn 0.319077 0.318977 0.892437
vn 0.657527 0.657828 0.367315
vn 0.216708 0.216908 0.951834
vn -0.999297 -0.000000 -0.037500
vn -0.165404 -0.000000 -0.986226
vn -0.761947 -0.000000 -0.647640
vn 0.929986 -0.000000 0.367595
vn -0.832035 -0.000000 0.554723
vn -0.117002 0.117002 -0.986216
vn 0.657598 -0.657598 0.367599
vn 0.216592 -0.216892 0.951864
vn 0.000200 -0.000100 1.000000
vn -0.000100 -0.000200 1.000000
vn 0.707007 -0.000100 0.707207
vn -0.000000 0.999304 -0.037300
vn -0.689008 0.689008 -0.224803
vn -0.409497 0.409597 -0.815195
vn -0.000000 0.165291 -0.986245
vn -0.000000 -0.451409 0.892317
vn 0.657603 -0.657703 0.367402
vn -0.000000 -0.930068 0.367387
vn 0.216798 -0.216998 0.951793
vn -0.000000 -0.306401 0.951903
vn -0.999297 -0.000100 -0.037500
vn 0.451209 -0.000000 0.892418
vn 0.306582 -0.000100 0.951844
vn -0.832189 -0.000000 0.554492
vn -0.538724 -0.538724 -0.647729
vn 0.319085 0.319185 0.892359
vn 0.657703 0.657603 0.367402
vn 0.216903 0.216803 0.951814
vn -0.588430 -0.588430 0.554528
vn -0.000000 -0.165291 -0.986245
vn 0.000100 -0.761897 -0.647698
vn -0.000000 -0.997547 0.069996
vn 0.705372 -0.705372 0.069997
vn -0.216792 0.216692 0.951864
vn 0.588430 -0.588430 0.554528
vn 0.832189 -0.000000 0.554492
vn 0.549013 0.549013 -0.630214
vn 0.689008 0.689008 -0.224803
vn -0.657603 -0.657703 0.367402
vn -0.216606 -0.216606 0.951926
vn 0.588430 0.588430 0.554528
vn -0.000100 0.000200 1.000000
vn -0.577517 0.577217 0.577317
vn -0.000200 0.707007 0.707207
vn -0.706607 -0.000200 0.707607
vn -0.707307 0.706907 -0.000100
vn -0.475082 -0.475082 0.740672
vn -0.000100 0.999300 -0.037400
vn -0.409597 0.409497 -0.815195
vn -0.538766 0.538766 -0.647659
vn -0.000000 -0.929986 0.367595
vn 0.216898 -0.216898 0.951793
vn -0.588460 0.588460 0.554463
vn -0.000000 0.831989 0.554792
vn -0.997547 -0.000000 0.069996
vn 0.930020 -0.000000 0.367508
vn 0.306883 -0.000000 0.951747
vn -0.116894 -0.116794 -0.986253
vn -0.705372 -0.705372 0.069997
vn 0.217008 0.216608 0.951834
vn -0.000000 -0.165193 -0.986261
vn -0.000000 -0.997547 0.070003
vn -0.000000 0.451209 0.892418
vn -0.000000 0.306702 0.951806
vn 0.538695 -0.538795 -0.647694
vn -0.657728 0.657628 0.367315
vn 0.165193 -0.000000 -0.986261
vn -0.451010 -0.000000 0.892519
vn 0.706615 0.706615 -0.037301
vn -0.657622 -0.657622 0.367513
vn -0.216989 -0.216989 0.951752
vn 0.588395 0.588495 0.554495
vn 0.000200 -0.707207 0.707007
vn 1.000000 0.000200 0.000100
vn -0.577517 -0.577417 0.577117
vn 1.000000 -0.000200 0.000200
vn -0.707307 0.706907 -0.000000
vn -0.577517 0.577117 0.577417
vn -0.000100 -0.707007 -0.707207
vn -0.706986 0.707086 -0.014100
vn 0.000100 0.999901 -0.014100
vn -0.704406 0.704506 -0.086501
vn 0.000100 0.996252 -0.086496
vn 0.000100 0.795526 -0.605920
vn -0.000000 0.403492 -0.914983
vn -0.592869 0.593069 -0.544771
vn -0.000000 0.838501 -0.544900
vn -0.522880 0.522780 0.673274
vn -0.000000 0.739383 0.673285
vn 0.380595 -0.380595 0.842790
vn 0.699301 -0.699401 0.147700
vn -0.000100 -0.989002 0.147900
vn 0.195208 -0.195208 0.961139
vn -0.000300 -0.276108 0.961127
vn -0.685613 0.685713 0.244404
vn -0.608019 0.608019 0.510516
vn -0.000000 0.859814 0.510608
vn -0.999901 -0.000100 -0.014100
vn -0.996252 -0.000000 -0.086496
vn -0.795526 -0.000000 -0.605920
vn -0.403084 0.000100 -0.915163
vn -0.838501 0.000100 -0.544900
vn 0.538091 0.000100 0.842887
vn 0.989017 -0.000100 0.147803
vn 0.276200 0.000100 0.961100
vn -0.969676 -0.000100 0.244394
vn -0.704406 -0.704506 -0.086501
vn -0.562520 -0.562520 -0.605922
vn -0.592972 -0.592872 -0.544874
vn -0.706818 -0.706818 0.028601
vn -0.522915 -0.522815 0.673219
vn 0.380510 0.380610 0.842822
vn 0.699291 0.699391 0.147798
vn 0.195204 0.195304 0.961120
vn -0.685682 -0.685682 0.244294
vn -0.608019 -0.608019 0.510516
vn -0.000000 -0.859814 0.510608
vn 0.000100 -0.776420 -0.630216
vn 0.000100 -0.999901 -0.014100
vn 0.000100 -0.996252 -0.086496
vn 0.000100 -0.795526 -0.605920
vn -0.000000 -0.403409 -0.915020
vn -0.000100 -0.838576 -0.544784
vn 0.000100 -0.999594 0.028500
vn -0.000000 -0.739383 0.673285
vn -0.000000 0.538208 0.842812
vn -0.000000 0.989046 0.147607
vn -0.000100 -0.969676 0.244394
vn 0.549008 -0.548908 -0.630309
vn 0.707086 -0.706986 -0.014100
vn 0.704506 -0.704406 -0.086501
vn 0.285298 -0.285298 -0.914992
vn 0.706818 -0.706818 0.028601
vn 0.522807 -0.522807 0.673309
vn -0.380595 0.380595 0.842790
vn -0.195796 0.195396 0.960981
vn 0.685666 -0.685666 0.244388
vn 0.776420 0.000100 -0.630216
vn 0.999901 -0.000100 -0.014100
vn 0.996252 -0.000000 -0.086496
vn 0.795526 -0.000000 -0.605920
vn 0.403409 -0.000000 -0.915020
vn 0.838546 0.000100 -0.544830
vn 0.999591 -0.000100 0.028600
vn 0.739383 -0.000000 0.673285
vn -0.989032 -0.000100 0.147705
vn -0.275989 0.000300 0.961161
vn 0.969676 -0.000100 0.244394
vn 0.704506 0.704406 -0.086501
vn 0.562589 0.562489 -0.605888
vn 0.285298 0.285298 -0.914992
vn 0.593004 0.592904 -0.544804
vn 0.522780 0.522880 0.673274
vn -0.380595 -0.380595 0.842790
vn -0.699363 -0.699363 0.147592
vn -0.195200 -0.195400 0.961101
vn 0.685713 0.685613 0.244404
vn 0.722290 0.691590 -0.000000
vn 0.641010 0.718811 -0.269104
vn 0.414787 0.892972 -0.174794
vn 0.392688 0.919672 -0.000000
vn -0.000000 0.918118 -0.396308
vn -0.000000 0.918081 -0.396392
vn -0.000000 0.685795 -0.727795
vn -0.264493 0.714981 -0.647183
vn -0.000100 0.992616 -0.121302
vn -0.000000 0.892378 -0.451289
vn 0.136203 0.933320 -0.332207
vn 0.327409 0.934927 -0.136804
vn 0.315085 0.893458 -0.320085
vn 0.741582 0.594685 0.310492
vn 0.828722 -0.439412 0.346609
vn 0.828722 -0.439412 -0.346609
vn 0.490324 -0.846842 0.206010
vn 0.395925 -0.825553 -0.402126
vn -0.202692 -0.844169 -0.496281
vn 0.508601 0.688802 -0.516601
vn 0.392809 0.919620 -0.000000
vn 0.641115 0.718717 0.269106
vn 0.264510 0.715027 0.647125
vn -0.000000 0.918118 0.396308
vn 0.414990 0.892877 0.174796
vn 0.508601 0.688802 0.516601
vn 0.170307 0.892238 0.418218
vn -0.136301 0.933308 0.332203
vn -0.000000 0.992616 0.121302
vn -0.276790 0.918868 0.281190
vn 0.525114 0.663118 0.533414
vn 0.620506 -0.466704 0.630206
vn 0.395893 -0.825585 0.402093
vn 0.202692 -0.844169 0.496281
vn -0.202692 -0.844169 0.496281
vn 0.304616 0.595531 0.743339
vn 0.341112 -0.438216 0.831630
vn 0.508684 0.688679 0.516684
vn 0.315113 0.893438 0.320114
vn -0.000300 0.063598 -0.997976
vn -0.000300 0.632867 -0.774260
vn -0.139298 0.980089 -0.141498
vn 0.139202 0.980116 -0.141402
vn 0.168605 0.983130 0.070902
vn 0.139300 0.980103 0.141400
vn -0.099302 0.989918 0.101002
vn -0.196808 0.980442 0.000100
vn -0.507587 0.690383 -0.515487
vn 0.507596 0.690295 -0.515596
vn 0.507504 0.690506 0.515404
vn -0.328000 0.885201 0.329900
vn -0.722438 0.691436 0.000500
vn -0.693425 0.152406 -0.704226
vn 0.693398 0.152199 -0.704298
vn 0.693415 0.152503 0.704215
vn -0.690366 0.213090 0.691366
vn -0.988132 0.153605 0.000800
vn -0.727631 0.614526 -0.304813
vn -0.525766 0.662157 -0.533965
vn 0.525728 0.662135 -0.534029
vn 0.525914 0.661918 0.534115
vn -0.748187 0.663488 0.000700
vn -0.191505 0.962026 -0.194505
vn 0.232493 0.967669 0.097797
vn 0.191505 0.962026 0.194505
vn -0.270412 0.962744 0.000500
vn -0.392786 0.828571 -0.398986
vn 0.437891 0.880082 0.183596
vn 0.392786 0.828571 0.398986
vn -0.235501 0.942003 0.239101
vn -0.555922 0.831233 0.001500
vn -0.825251 0.446074 -0.346380
vn -0.644833 0.394020 -0.654934
vn -0.918118 0.396308 -0.000000
vn 0.644892 0.393995 -0.654891
vn 0.339410 0.441812 0.830423
vn -0.576816 0.569916 0.585217
vn -0.917634 0.397415 0.003100
vn -0.909968 0.163494 -0.381087
vn -0.693582 0.150496 -0.704482
vn 0.693641 0.150409 -0.704442
vn 0.374088 0.161795 0.913171
vn -0.688393 0.210598 0.694092
vn -0.988326 0.152304 0.003900
vn -0.743217 0.592213 -0.311307
vn 0.542683 0.633880 -0.551082
vn 0.743196 0.592297 0.311198
vn 0.542683 0.633880 0.551082
vn 0.305593 0.591586 0.746082
vn -0.567489 0.591788 0.572489
vn -0.771868 0.635774 0.003300
vn 0.291913 0.948541 0.122705
vn 0.239598 0.939893 0.243298
vn -0.173290 0.968543 0.178590
vn -0.337596 0.941290 0.001600
vn 0.183493 0.979962 0.077497
vn -0.128101 0.982708 0.133701
vn 0.701583 -0.002700 0.712583
vn -0.701583 -0.002600 0.712583
vn -0.378911 -0.003100 0.925428
vn -0.701583 -0.002900 -0.712582
vn -0.922409 -0.003000 -0.386204
vn -0.922408 -0.003100 0.386204
vn -0.999996 -0.002900 -0.000000
vn -0.379083 -0.003100 -0.925358
vn 0.999945 -0.002600 -0.010200
vn 0.700218 -0.004000 -0.713918
vn -0.010300 -0.000300 0.999947
vn 0.704903 -0.000200 0.709303
vn 0.999999 -0.000400 -0.001500
vn 0.701585 -0.000300 0.712585
vn -0.701635 -0.000300 -0.712536
vn -0.378999 -0.000300 -0.925397
vn 0.700223 -0.000400 -0.713924
vn 0.706605 -0.002000 -0.707605
vn 0.999996 -0.002900 -0.000000
vn -0.698913 0.108602 -0.706913
vn -0.699199 0.107500 -0.706799
vn 0.709702 0.000200 -0.704502
vn -0.756405 0.654104 -0.000100
vn -0.999203 0.034600 -0.019900
vn -0.196808 0.980442 -0.000000
vn -0.722583 0.691284 -0.000000
vn -0.346016 0.515324 -0.784037
vn -0.587704 0.253902 -0.768205
vn -0.000100 0.689288 0.724487
vn -0.000100 0.827001 0.562201
vn -0.000100 0.391818 0.920043
vn -0.000000 -0.002900 -0.999996
vn 0.238793 0.776076 0.583682
vn 0.507989 0.690085 0.515489
vn 0.693376 0.152395 0.704276
vn 0.525687 0.662283 0.533886
vn 0.644791 0.393994 0.654991
vn 0.542582 0.633879 0.551182
vn 0.239504 0.939915 0.243304
vn -0.497490 0.705186 -0.505190
vn -0.701535 -0.000300 -0.712635
vn 0.909717 0.165303 -0.380907
vn -0.708705 0.705505 -0.000000
vn -0.999996 -0.002800 -0.000000
vn 0.139300 0.980103 -0.141400
vn 0.507587 0.690383 -0.515487
vn 0.392786 0.828571 -0.398986
vn 0.644791 0.393994 -0.654991
vn 0.909983 0.163397 -0.381093
vn 0.693593 0.150398 -0.704492
vn 0.743217 0.592213 -0.311307
vn 0.542612 0.633914 -0.551112
vn -0.701583 -0.002800 0.712582
vn -0.497415 0.705221 0.505215
vn -0.701635 -0.000300 0.712536
vn -0.096198 0.966981 -0.235995
vn 0.379084 -0.000300 0.925362
vn -0.238788 0.776161 -0.583571
vn -0.988426 0.151704 -0.000000
vn -0.001500 -0.003700 0.999992
vn -0.000200 0.000200 -1.000000
vn 0.000500 -0.000200 -1.000000
vn 0.999961 -0.000300 0.008800
vn 0.744783 -0.533088 -0.401391
vn -0.707019 -0.490013 -0.509914
vn -0.744699 -0.533199 -0.401400
vn -0.745022 -0.632318 -0.212406
vn -0.397709 -0.536212 -0.744516
vn -0.209702 -0.633707 -0.744608
vn 0.054300 -0.686500 -0.725100
vn 0.206812 -0.635436 -0.743942
vn 0.392899 -0.540598 -0.743898
vn 0.392912 -0.540417 0.744023
vn 0.744974 -0.632378 -0.212393
vn -0.725863 -0.685565 -0.055897
vn 0.744424 -0.634020 0.209407
vn 0.744178 -0.537584 0.396488
vn -0.397687 -0.536283 0.744476
vn -0.397700 -0.536101 -0.744601
vn 0.206799 -0.635496 0.743895
vn 0.392785 -0.540579 0.743972
vn -0.209702 -0.633707 0.744608
vn -0.397709 -0.536212 0.744516
vn 0.702290 -0.001100 0.711890
vn -0.378999 -0.000000 -0.925397
vn 0.700324 -0.000400 -0.713825
vn 0.711276 -0.007200 -0.702876
vn 0.922377 -0.000200 0.386290
vn 0.999994 -0.000200 -0.003500
vn -0.301994 -0.716186 0.629188
vn -0.701635 -0.000200 0.712536
vn -0.496009 -0.707213 0.503810
vn -0.000000 -0.692815 -0.721115
vn -0.000000 -0.798798 -0.601599
vn -0.000000 -0.003000 0.999996
vn -0.000000 -0.002800 0.999996
vn -0.000100 -0.008500 -0.999964
vn -0.000700 -0.000000 -1.000000
vn -0.993131 0.117004 -0.000100
vn 0.709004 0.705204 -0.000000
vn 0.999996 -0.002800 -0.000000
vn -0.000000 0.961475 0.274893
vn -0.708805 0.705405 -0.000300
vn -0.000300 0.000300 -1.000000
vn -0.000100 0.000100 -1.000000
vn -0.706594 0.076299 -0.703494
vn -0.709420 0.087603 -0.699320
vn -0.680968 0.008400 -0.732265
vn 0.701485 0.000200 -0.712684
vn 0.701686 0.000200 -0.712486
vn 0.495984 0.707178 -0.503884
vn 0.701485 0.000100 -0.712684
vn 0.604992 0.731490 -0.314496
vn 0.701585 0.000200 -0.712585
vn 0.448121 -0.703332 -0.551825
vn 0.929389 -0.364596 0.057499
vn 0.929970 0.207193 -0.303690
vn 0.987536 -0.156906 -0.012400
vn 0.750304 -0.612203 -0.249501
vn 0.917700 -0.393600 0.053900
vn 0.921341 0.384817 0.055202
vn 0.882440 -0.001900 -0.470421
vn 0.990912 -0.134502 0.001600
vn 0.995224 0.070702 0.067302
vn 0.872765 0.487181 -0.030599
vn 0.755918 0.607414 -0.244206
vn -0.000100 0.000200 -1.000000
vn -0.013700 -0.546708 -0.837212
vn -0.000000 0.000200 -1.000000
vn -0.701585 -0.000200 0.712585
vn -0.544093 -0.704490 0.455694
vn -0.298683 0.200989 0.932948
vn -0.011900 -0.154601 0.987905
vn 0.001600 -0.132498 0.991182
vn 0.601608 0.514407 0.611108
vn 0.622012 -0.462509 0.631812
vn -0.067398 -0.995372 -0.068498
vn 0.330282 0.882251 0.335481
vn 0.637860 0.416274 0.647959
vn 0.684328 -0.220209 0.695128
vn 0.608926 -0.496622 0.618527
vn 0.355397 -0.862192 0.360997
vn 0.612996 0.486297 0.622696
vn 0.701572 -0.006300 0.712571
vn 0.689176 -0.186894 0.700076
vn 0.698507 0.093201 0.709508
vn 0.543895 0.631694 0.552395
vn 0.363190 0.855577 0.368890
vn 0.637928 0.416218 0.647928
vn 0.613026 0.486221 0.622727
vn 0.689189 -0.186797 0.700089
vn 0.496009 0.707213 0.503810
vn 0.849074 0.305491 0.430987
vn 0.495919 -0.707127 0.504019
vn 0.496190 -0.706886 0.504090
vn 0.701736 -0.000200 0.712437
vn 0.701787 -0.000000 0.712387
vn 0.701434 -0.000000 0.712734
vn 0.701635 -0.000100 0.712536
vn 0.496301 0.706801 0.504101
vn 0.848994 0.305698 0.430997
vn 0.849246 -0.304817 0.431124
vn 0.496200 0.707300 0.503500
vn -0.009500 0.000200 -0.999955
vn -0.261593 0.621583 -0.738379
vn 0.052500 0.408397 -0.911293
vn 0.058402 -0.363815 -0.929639
vn -0.299008 0.200606 -0.932926
vn -0.011900 -0.154698 -0.987890
vn -0.243605 -0.607411 -0.756114
vn -0.463300 -0.001900 -0.886200
vn 0.002100 -0.132596 -0.991168
vn 0.067802 0.070102 -0.995233
vn -0.701635 -0.000100 -0.712536
vn -0.029000 0.484895 -0.874091
vn -0.238502 0.602304 -0.761805
vn 0.701535 0.000200 0.712635
vn 0.605106 0.731307 0.314703
vn 0.448078 -0.703165 0.552073
vn 0.929871 0.207194 0.303991
vn 0.987531 -0.156905 0.012800
vn 0.882440 -0.002000 0.470421
vn 0.990912 -0.134502 -0.001500
vn 0.601608 0.514407 -0.611108
vn 0.622012 -0.462509 -0.631812
vn 0.330293 0.882280 -0.335393
vn 0.177999 -0.967297 -0.180699
vn 0.637886 0.416191 -0.647986
vn 0.684265 -0.220289 -0.695165
vn 0.355607 -0.862017 -0.361207
vn 0.608926 -0.496622 -0.618527
vn 0.613026 0.486221 -0.622727
vn 0.701572 -0.006300 -0.712571
vn 0.689189 -0.186797 -0.700089
vn 0.698501 0.093300 -0.709501
vn 0.543895 0.631694 -0.552395
vn 0.363190 0.855577 -0.368890
vn 0.192301 0.961706 -0.195301
vn 0.637987 0.416191 -0.647887
vn 0.684381 -0.220194 -0.695081
vn 0.355397 -0.862192 -0.360997
vn 0.701519 -0.006800 -0.712619
vn 0.689238 -0.186810 -0.700038
vn 0.698608 0.093201 -0.709408
vn 0.421502 -0.297601 -0.856604
vn 0.848983 -0.305594 -0.431091
vn 0.000100 -0.578017 -0.816024
vn 0.496120 -0.707128 -0.503820
vn 0.496215 0.706922 -0.504016
vn 0.495984 -0.707178 -0.503884
vn 0.701384 -0.000000 -0.712784
vn 0.701434 -0.000300 -0.712734
vn -0.000100 0.578378 -0.815769
vn 0.421690 -0.297693 -0.856479
vn 0.849089 0.305296 -0.431094
vn 0.848919 -0.305607 -0.431209
vn 0.421915 0.297511 -0.856431
vn 0.422094 -0.297096 -0.856488
vn 0.701686 0.000300 -0.712486
vn 0.496215 -0.706922 -0.504016
vn 0.496205 0.707008 -0.503905
vn 1.000000 0.000200 -0.000400
vn 1.000000 0.000100 -0.000000
vn 1.000000 0.000100 -0.000100
vn 0.000600 -0.000000 -1.000000
vn -0.714281 0.043899 0.698481
vn 1.000000 -0.000100 -0.000100
vn -0.999962 -0.000000 0.008700
vn 0.676705 0.008500 0.736205
vn -0.732425 0.625922 0.267909
vn -0.911294 0.408497 -0.051700
vn -0.929891 0.207098 0.303997
vn -0.987532 -0.156905 0.012700
vn -0.701585 0.000200 0.712585
vn -0.701434 -0.000000 0.712734
vn -0.917710 -0.393604 -0.053701
vn -0.921406 0.384703 -0.054900
vn -0.701434 -0.000100 0.712734
vn -0.990912 -0.134502 -0.001600
vn -0.995218 0.070701 -0.067401
vn 0.310516 0.729837 -0.609031
vn 0.012000 -0.154698 -0.987889
vn 0.243710 -0.607224 -0.756230
vn -0.054698 -0.393088 -0.917872
vn -0.055898 0.384184 -0.921563
vn -0.001900 -0.132596 -0.991168
vn 0.310512 -0.745130 -0.590224
vn -0.058502 -0.363813 -0.929633
vn -0.052500 0.408397 -0.911293
vn -0.601709 0.514407 -0.611009
vn -0.330293 0.882280 -0.335393
vn -0.177996 -0.967280 -0.180796
vn -0.637901 0.416301 -0.647901
vn -0.684366 -0.220289 -0.695065
vn -0.608989 -0.496591 -0.618489
vn -0.613097 0.486298 -0.622597
vn -0.689238 -0.186810 -0.700038
vn -0.622113 -0.462509 -0.631713
vn -0.177999 -0.967297 -0.180699
vn -0.637928 0.416218 -0.647928
vn -0.684414 -0.220304 -0.695014
vn -0.355309 -0.862222 -0.361009
vn -0.608889 -0.496591 -0.618589
vn -0.612988 0.486190 -0.622788
vn -0.689189 -0.186797 -0.700089
vn -0.698400 0.093300 -0.709600
vn -0.543795 0.631694 -0.552495
vn -0.496105 -0.707007 -0.504005
vn -0.848998 0.305399 -0.431199
vn -0.421691 -0.297394 -0.856582
vn -0.701686 -0.000200 -0.712486
vn -0.701585 0.000200 -0.712585
vn -0.495974 -0.707263 -0.503774
vn -0.848897 -0.305399 -0.431399
vn -0.495994 -0.707092 -0.503994
vn -0.495999 0.707299 -0.503699
vn -0.496115 0.706921 -0.504115
vn -0.571098 -0.578498 0.582398
vn 0.707307 0.706907 -0.000100
vn 0.716610 0.629609 -0.300104
vn 0.716682 0.629485 0.300193
vn -0.571098 0.578498 0.582398
vn 0.922377 -0.000100 0.386290
vn -0.000100 -1.000000 0.000100
vn -0.000000 -1.000000 0.000200
vn -0.000100 -1.000000 0.000200
vn -0.000300 -1.000000 0.000100
vn 0.000300 -1.000000 -0.000200
vn 1.000000 -0.000400 0.000300
vn 0.707107 -0.707107 0.000300
vn 1.000000 -0.000100 0.000300
vn 0.706907 0.707307 0.000100
vn 1.000000 0.000200 0.000400
vn 0.969141 -0.174807 -0.173807
vn 0.850651 -0.525731 0.000200
vn 0.969056 0.174792 0.174292
vn 0.850678 0.525687 0.000200
vn 0.969073 -0.174595 0.174395
vn 0.798273 -0.424586 -0.427185
vn 0.850678 -0.525687 0.000100
vn 0.798098 0.424499 0.427599
vn 0.850723 0.525614 0.000300
vn 0.523015 -0.000000 -0.852324
vn -0.000000 -0.523015 -0.852324
vn 0.969124 -0.174604 -0.174104
vn 0.969073 0.174495 0.174495
vn 0.349483 -0.661368 -0.663668
vn 0.229691 -0.973264 -0.000000
vn 0.349307 0.661314 0.663814
vn 0.229808 0.973236 0.000100
vn 0.707207 -0.707007 0.000200
vn 0.706907 -0.000400 -0.707307
vn 0.577284 0.577484 0.577284
vn 1.000000 0.000100 0.000400
vn 0.707157 0.707057 0.000100
vn 0.904579 0.301493 -0.301393
vn 0.266999 0.963697 -0.000000
vn 0.301410 0.674722 -0.673722
vn -0.962830 -0.000100 -0.270108
vn -0.673497 0.673197 -0.305299
vn 0.673201 0.673401 -0.305501
vn -0.673277 0.673377 -0.305389
vn 0.827639 0.395318 -0.398419
vn 0.870242 -0.492624 0.000100
vn -0.392991 0.392891 -0.831381
vn 0.392791 0.393091 -0.831381
vn 0.974879 -0.157997 -0.156997
vn 0.974813 0.157902 0.157502
vn 0.974828 -0.157905 0.157405
vn 0.406305 -0.644809 -0.647409
vn 0.405893 0.644888 0.647588
vn 0.577484 0.577484 -0.577084
vn 0.577517 -0.577517 -0.577017
vn 0.707157 -0.707057 0.000200
vn 0.577117 0.577517 -0.577417
vn 1.000000 0.000100 0.000300
vn 0.707107 0.707107 0.000200
vn 0.707107 -0.707107 0.000100
vn 1.000000 0.000100 0.000200
vn 0.189092 0.981959 -0.000000
vn 0.189092 -0.981959 -0.000000
vn 0.828137 0.560525 0.000100
vn 0.828091 -0.560594 0.000200
vn 0.850678 -0.525687 0.000200
vn 0.798098 -0.424499 0.427599
vn 0.850723 -0.525614 0.000400
vn 0.850651 0.525731 0.000200
vn 0.850606 0.525804 0.000200
vn 0.969124 -0.174304 0.174404
vn 0.349307 -0.661314 0.663814
vn 0.229808 -0.973236 -0.000000
vn 0.229808 0.973236 -0.000000
vn 0.707007 0.707207 0.000100
vn 0.707207 0.707007 0.000200
vn 0.870242 0.492624 0.000100
vn 0.870157 -0.492775 0.000200
vn 0.870157 -0.492775 0.000100
vn 0.405893 -0.644988 0.647488
vn 0.266906 -0.963722 -0.000100
vn 0.707157 -0.707057 -0.000100
vn 0.828091 0.560594 0.000200
vn 0.828091 0.560594 0.000100
vn 0.266906 0.963722 0.000100
vn 0.228705 -0.688715 0.688015
vn 0.189092 -0.981959 0.000100
vn 0.763426 -0.455415 0.458015
vn 0.828137 -0.560525 0.000300
vn 0.969141 0.174807 -0.173807
vn 0.798273 0.424586 -0.427185
vn 0.850678 0.525687 0.000100
vn 0.850606 0.525804 0.000100
vn 0.229691 0.973264 -0.000000
vn 0.870267 -0.492581 0.000300
vn 0.707157 0.707057 0.000200
vn 0.263887 -0.000100 -0.964554
vn 0.706807 -0.000000 0.707407
vn 0.264006 -0.000000 -0.964521
vn 0.263913 -0.000000 -0.964547
vn 1.000000 0.000200 0.000200
vn 0.660721 -0.660621 -0.356411
vn -0.453705 -0.453705 -0.767009
vn -0.558433 -0.000000 -0.829549
vn 0.972501 -0.000000 -0.232900
vn 0.972478 -0.000000 -0.232995
vn -0.707057 -0.000000 -0.707157
vn -0.558387 -0.000000 -0.829581
vn 0.660597 -0.660697 -0.356498
vn -0.000100 0.962830 -0.270108
vn -0.643793 -0.643793 -0.413595
vn -0.508601 0.688802 -0.516601
vn -0.170292 0.892259 -0.418181
vn -0.119504 0.992834 -0.000100
vn -0.447014 0.894527 -0.000000
vn -0.327311 0.934932 -0.137005
vn -0.102105 0.993844 -0.043002
vn -0.084403 0.992731 -0.085803
vn -0.315113 0.893438 -0.320114
vn -0.136203 0.933320 -0.332207
vn -0.042300 0.993709 -0.103701
vn -0.748187 0.663488 -0.000100
vn -0.828722 -0.439412 0.346609
vn -0.525107 0.663209 -0.533307
vn -0.620506 -0.466704 -0.630206
vn -0.490400 -0.846801 -0.206000
vn -0.395925 -0.825553 -0.402126
vn -0.395893 -0.825585 -0.402093
vn -0.293517 -0.955954 -0.000000
vn -0.311797 -0.940991 -0.131599
vn -0.508684 0.688679 -0.516684
vn -0.525079 0.663174 -0.533379
vn -0.084503 0.992731 -0.085703
vn -0.315213 0.893438 -0.320014
vn -0.447094 0.894487 -0.000000
vn -0.102105 0.993848 0.042902
vn -0.327311 0.934932 0.137005
vn -0.084601 0.992714 0.085801
vn -0.042401 0.993715 0.103602
vn -0.315203 0.893410 0.320103
vn -0.620506 -0.466704 0.630206
vn -0.525007 0.663208 0.533407
vn -0.741537 0.594730 0.310515
vn -0.395893 -0.825585 0.402093
vn -0.508684 0.688679 0.516684
vn -0.084402 0.992722 0.085902
vn -0.525107 0.663209 0.533307
vn -0.315193 0.893381 0.320193
vn 0.762726 0.646722 -0.000100
vn 0.596294 0.537795 0.595994
vn -0.139202 0.980116 0.141402
vn 0.099302 0.989918 0.101002
vn 0.507705 0.690207 -0.515605
vn 0.578180 0.779073 -0.242392
vn -0.238703 0.776310 -0.583407
vn 0.328097 0.885092 0.330097
vn -0.000000 0.689288 0.724487
vn 0.909630 0.165305 -0.381113
vn 0.693376 0.152395 -0.704276
vn -0.693436 0.152308 -0.704236
vn -0.693387 0.152297 0.704287
vn -0.374109 0.163704 0.912822
vn -0.000000 0.151200 0.988503
vn 0.690281 0.212994 0.691481
vn 0.988147 0.153507 0.000800
vn 0.356190 0.863076 -0.358090
vn 0.525801 0.662101 -0.534001
vn -0.727494 0.614695 -0.304798
vn -0.525807 0.662009 0.534107
vn -0.299218 0.613937 0.730445
vn 0.561200 0.606700 0.563000
vn 0.748187 0.663488 0.000700
vn 0.270902 0.962607 -0.000000
vn 0.232398 0.967691 -0.097799
vn 0.191505 0.962026 -0.194505
vn -0.270902 0.962607 -0.000000
vn -0.232607 0.967631 0.097903
vn -0.191594 0.961970 0.194694
vn 0.137600 0.980501 0.140300
vn 0.270386 0.962752 0.000500
vn 0.557489 0.830184 -0.000000
vn 0.392819 0.828539 -0.399019
vn -0.557420 0.830230 -0.000000
vn -0.437810 0.880120 0.183604
vn -0.392702 0.828603 0.399002
vn 0.235501 0.942003 0.239101
vn 0.555922 0.831232 0.002000
vn 0.644833 0.394020 -0.654934
vn -0.644707 0.394104 -0.655007
vn -0.644791 0.393994 0.654991
vn 0.576783 0.569984 0.585183
vn 0.917634 0.397415 0.003100
vn 0.988441 0.151606 -0.000000
vn 0.909968 0.163494 -0.381087
vn 0.693582 0.150496 -0.704482
vn -0.693520 0.150604 -0.704520
vn -0.909917 0.163503 -0.381207
vn 0.688507 0.210502 0.694007
vn 0.988326 0.152304 0.003900
vn 0.743173 0.592278 -0.311289
vn 0.567523 0.591624 0.572624
vn 0.771868 0.635774 0.003300
vn 0.173307 0.968537 0.178607
vn -0.303898 0.900894 -0.309898
vn 0.497294 0.705392 0.505094
vn 0.497390 0.705185 -0.505289
vn -0.707001 -0.004000 0.707201
vn 0.701582 -0.003100 0.712582
vn 0.378997 -0.002900 0.925393
vn 0.701532 -0.002800 -0.712632
vn 0.922322 -0.003100 -0.386409
vn -0.999944 -0.002800 -0.010200
vn -0.700016 -0.003900 -0.714116
vn -0.704903 -0.000200 0.709303
vn -0.999998 -0.000200 -0.001800
vn -0.922377 -0.000300 0.386290
vn 0.701585 -0.000300 -0.712585
vn 0.922377 -0.000300 -0.386290
vn 0.922373 -0.003100 0.386289
vn -0.700324 -0.000400 -0.713825
vn 0.981020 0.193904 -0.000200
vn -0.710200 0.000100 -0.704000
vn 0.999262 0.038399 -0.000100
vn 0.748704 0.662904 -0.000100
vn -0.000000 0.979796 0.199999
vn -0.000000 0.689440 0.724342
vn 0.000100 0.151298 0.988488
vn -0.000000 0.660619 0.750721
vn -0.000000 0.961448 0.274985
vn -0.000600 -0.002600 -0.999996
vn -0.000000 0.689390 0.724390
vn -0.000000 0.151396 0.988473
vn -0.693376 0.152395 0.704276
vn -0.644833 0.394020 0.654934
vn -0.693530 0.150507 0.704531
vn -0.542582 0.633879 0.551182
vn -0.239598 0.939893 0.243298
vn 0.644808 0.394105 -0.654908
vn 0.506119 -0.493919 0.707027
vn 0.069797 0.982762 -0.171193
vn -0.701583 -0.002900 0.712582
vn 0.374094 0.161697 -0.913185
vn 0.238708 0.776225 -0.583519
vn 0.001100 -0.004100 0.999991
vn -0.000500 -0.000200 -1.000000
vn -0.999961 -0.000300 0.008800
vn 0.744469 -0.633973 0.209391
vn 0.055001 -0.686010 -0.725510
vn -0.392785 -0.540579 -0.743972
vn -0.744729 -0.533221 -0.401316
vn 0.209689 -0.633767 0.744561
vn -0.702290 -0.001100 0.711890
vn -0.576116 -0.577716 0.578216
vn -0.700274 -0.000500 -0.713874
vn -0.711326 -0.007200 -0.702826
vn -0.579422 -0.583022 -0.569522
vn -0.706103 -0.708104 -0.002700
vn -0.999995 -0.000300 -0.003200
vn 0.379084 -0.000200 0.925362
vn 0.225890 -0.803163 0.551274
vn -0.297106 -0.717415 0.630113
vn 0.301879 -0.716350 0.629056
vn 0.715803 -0.698303 -0.000000
vn -0.707207 -0.707007 -0.000100
vn 0.715803 -0.698303 0.000100
vn 0.314307 -0.949321 -0.000000
vn 0.000200 -0.009200 -0.999958
vn 0.000200 0.001100 -0.999999
vn 0.695005 0.719005 -0.000200
vn 0.587306 0.253603 -0.768608
vn 0.698912 0.107302 -0.707112
vn 0.613002 0.504301 -0.608202
vn 0.772190 0.635392 -0.000000
vn -0.270995 0.962581 -0.000000
vn 0.000300 0.707107 -0.707107
vn 0.682641 0.004000 -0.730743
vn 0.610124 0.571823 -0.548422
vn -0.999951 -0.000000 -0.009900
vn -0.911180 0.408791 0.051399
vn -0.605099 0.731399 -0.314500
vn -0.448201 -0.703301 -0.551801
vn -0.987521 -0.157003 -0.012300
vn -0.750573 -0.611878 -0.249491
vn -0.917705 -0.393602 0.053800
vn -0.921336 0.384815 0.055302
vn -0.882398 -0.002000 -0.470499
vn -0.990912 -0.134502 0.001800
vn -0.995204 0.070700 0.067600
vn -0.872765 0.487181 -0.030599
vn -0.755765 0.607571 -0.244289
vn 0.261593 0.621583 0.738379
vn -0.052400 0.408399 0.911298
vn -0.058402 -0.363815 0.929639
vn 0.298996 0.200798 0.932889
vn 0.011900 -0.154601 0.987905
vn 0.463379 -0.001600 0.886159
vn -0.001600 -0.132596 0.991169
vn -0.068100 0.070200 0.995206
vn 0.028998 0.484972 0.874049
vn 0.238400 0.602601 0.761602
vn 0.701686 -0.000100 0.712486
vn 0.310603 -0.745107 0.590205
vn -0.601709 0.514407 0.611009
vn -0.684313 -0.220304 0.695113
vn -0.608926 -0.496622 0.618527
vn -0.355607 -0.862017 0.361207
vn -0.701574 -0.005800 0.712573
vn -0.689238 -0.186810 0.700038
vn -0.698507 0.093201 0.709508
vn -0.543795 0.631694 0.552495
vn -0.362908 0.855819 0.368608
vn 0.519402 -0.672203 -0.527602
vn -0.622012 -0.462509 0.631812
vn -0.601608 0.514407 0.611108
vn -0.330282 0.882251 0.335481
vn -0.637827 0.416218 0.648027
vn -0.684280 -0.220194 0.695180
vn -0.355576 -0.862043 0.361176
vn -0.701523 -0.005800 0.712623
vn -0.689189 -0.186797 0.700089
vn -0.543895 0.631694 0.552395
vn -0.362999 0.855698 0.368799
vn -0.421785 0.297589 0.856469
vn -0.849153 0.305283 0.430976
vn -0.496019 -0.707128 0.503920
vn -0.701686 -0.000200 0.712486
vn -0.701535 0.000200 0.712635
vn -0.496205 0.707008 0.503905
vn -0.701686 -0.000100 0.712486
vn -0.817098 0.576499 0.000400
vn -0.701535 0.000300 0.712635
vn -0.421811 -0.297108 0.856623
vn -0.421597 0.297498 0.856593
vn -0.849089 0.305296 0.431094
vn -0.496215 0.706922 0.504016
vn -0.495999 0.707299 0.503699
vn -0.000100 -0.578198 0.815897
vn 0.000300 -0.000000 1.000000
vn -1.000000 0.000100 -0.000300
vn -0.706907 -0.000000 -0.707307
vn 0.694598 -0.000400 -0.719398
vn 0.000200 -0.000000 1.000000
vn 0.496019 -0.707128 -0.503920
vn -0.000100 1.000000 -0.000200
vn 0.000100 1.000000 -0.000300
vn -0.496215 0.706922 -0.504016
vn 0.000100 0.706907 -0.707307
vn 0.707507 0.706707 -0.000500
vn 0.579282 0.543283 0.607681
vn 0.710301 -0.074900 0.699901
vn 0.625909 0.516208 0.584609
vn 0.008500 0.000100 -0.999964
vn -0.052402 0.408316 -0.911335
vn 0.261808 0.621320 -0.738524
vn 0.298996 0.200798 -0.932889
vn 0.012000 -0.154503 -0.987919
vn 0.463300 -0.001900 -0.886200
vn -0.002100 -0.132596 -0.991168
vn -0.067802 0.070102 -0.995233
vn 0.029000 0.484895 -0.874091
vn 0.238607 0.602618 -0.761523
vn -0.447985 -0.703376 0.551881
vn -0.929355 -0.364682 -0.057497
vn -0.701736 -0.000200 0.712437
vn -0.911121 0.408909 -0.051501
vn -0.732274 0.626278 0.267490
vn -0.586992 -0.746390 0.313596
vn -0.701635 -0.000400 0.712536
vn -0.987519 -0.157003 0.012500
vn -0.921396 0.384698 -0.055100
vn -0.882230 -0.001800 0.470816
vn -0.990912 -0.134502 -0.001700
vn -0.995211 0.070701 -0.067501
vn -0.872701 0.487301 0.030500
vn -0.755961 0.607368 0.244187
vn -0.000100 0.578198 0.815897
vn -0.601645 0.514438 -0.611046
vn -0.330311 0.882229 -0.335511
vn -0.684429 -0.220209 -0.695029
vn -0.355502 -0.862104 -0.361102
vn -0.608926 -0.496622 -0.618527
vn -0.612996 0.486297 -0.622696
vn -0.701571 -0.006400 -0.712571
vn -0.689277 -0.186894 -0.699977
vn -0.698507 0.093201 -0.709508
vn -0.362995 0.855788 -0.368595
vn -0.601703 0.514302 -0.611103
vn -0.637987 0.416191 -0.647887
vn -0.684313 -0.220304 -0.695113
vn -0.701522 -0.006000 -0.712622
vn -0.698608 0.093201 -0.709408
vn -0.362908 0.855819 -0.368608
vn -0.848867 0.305788 -0.431183
vn -0.421409 -0.297406 -0.856717
vn -0.849121 -0.305608 -0.430811
vn -0.000000 0.578131 -0.815944
vn -0.701535 -0.000200 -0.712635
vn -0.817018 -0.576613 0.000200
vn -0.000100 -0.578198 -0.815897
vn -0.817018 0.576613 -0.000000
vn -0.496085 -0.707178 -0.503785
vn -0.495984 0.707178 -0.503884
vn -0.701535 0.000200 -0.712635
vn -0.701635 0.000200 -0.712536
vn -0.848994 0.305698 -0.430997
vn -0.496005 -0.707006 -0.504105
vn 0.718365 -0.000000 -0.695666
vn 0.225800 -0.803101 0.551401
vn -0.000200 1.000000 0.000100
vn -0.000100 1.000000 0.000200
vn 0.000200 1.000000 -0.000200
vn 0.000400 0.707207 0.707007
vn 0.379084 -0.000000 -0.925362
vn 0.999960 -0.000000 0.008900
vn 0.379120 -0.000000 -0.925348
vn 0.732274 0.626278 0.267490
vn 0.911170 0.408787 -0.051598
vn 0.929394 -0.364598 -0.057400
vn 0.929941 0.207187 0.303781
vn 0.987519 -0.157003 0.012500
vn 0.882334 -0.002100 0.470618
vn 0.990912 -0.134502 -0.001700
vn 0.995211 0.070701 -0.067501
vn 0.872762 0.487179 0.030699
vn 0.701485 -0.000200 0.712684
vn 0.755899 0.607399 0.244300
vn -0.544120 -0.704325 -0.455916
vn -0.298701 0.200701 -0.933004
vn 0.052400 0.408399 -0.911298
vn -0.012000 -0.154698 -0.987889
vn -0.243706 -0.607115 -0.756319
vn 0.054900 -0.392999 -0.917898
vn -0.463378 -0.001700 -0.886159
vn 0.067504 0.070104 -0.995253
vn -0.028900 0.484897 -0.874094
vn -0.238702 0.602604 -0.761505
vn 0.684366 -0.220289 -0.695065
vn 0.355515 -0.862135 -0.361015
vn 0.701572 -0.006100 -0.712572
vn 0.698400 0.093300 -0.709600
vn 0.543825 0.631729 -0.552425
vn 0.362981 0.855756 -0.368681
vn 0.330282 0.882251 -0.335481
vn 0.637928 0.416218 -0.647928
vn 0.355589 -0.862074 -0.361089
vn 0.608989 -0.496591 -0.618489
vn 0.701573 -0.005900 -0.712573
vn 0.689290 -0.186797 -0.699990
vn 0.362908 0.855819 -0.368608
vn 0.849110 0.305504 -0.430905
vn 0.496130 -0.707043 -0.503930
vn 0.421797 -0.297498 -0.856494
vn -0.000300 -0.578131 -0.815944
vn 0.421620 -0.297614 -0.856541
vn 0.496301 -0.706801 -0.504101
vn 0.000200 -0.578131 -0.815944
vn -1.000000 0.000200 0.000100
vn -0.577617 -0.577217 -0.577217
vn 0.000200 0.707307 0.706907
vn -0.707107 0.707107 0.000300
vn -1.000000 -0.000100 0.000300
vn -0.706807 0.707407 0.000100
vn -0.706907 0.707307 0.000100
vn -0.000000 0.707407 -0.706807
vn -0.577517 -0.577317 0.577217
vn -0.904534 0.301511 0.301511
vn -0.228705 0.688715 0.688015
vn -0.189092 -0.981959 0.000100
vn -0.763426 0.455415 0.458015
vn -0.827967 -0.560777 0.000300
vn -0.969124 -0.174804 -0.173904
vn -0.850678 -0.525687 0.000200
vn -0.969056 0.174392 0.174692
vn -0.850651 0.525731 0.000200
vn -0.798273 -0.424586 -0.427185
vn -0.850678 -0.525687 0.000100
vn -0.798064 0.424581 0.427581
vn -0.850606 0.525804 0.000100
vn -0.969141 -0.174607 -0.174007
vn -0.850651 -0.525731 0.000200
vn -0.969073 0.174795 0.174195
vn -0.349418 -0.661435 -0.663635
vn -0.349284 0.661370 0.663770
vn -0.229808 0.973236 -0.000000
vn -0.660797 0.660497 -0.356498
vn 0.660797 -0.660497 -0.356498
vn -0.972574 -0.000100 -0.232594
vn -0.707057 0.707157 0.000200
vn -0.577317 -0.577217 -0.577517
vn -1.000000 -0.000100 0.000200
vn -1.000000 0.000200 0.000200
vn -1.000000 -0.000100 0.000400
vn -1.000000 0.000200 0.000400
vn -1.000000 -0.000200 0.000400
vn -0.904434 0.301511 0.301811
vn -0.301188 0.674672 0.673872
vn 0.000100 0.962804 -0.270201
vn 0.962745 -0.000000 -0.270413
vn 0.673126 0.673426 -0.305612
vn -0.827508 0.395304 0.398704
vn -0.827736 -0.395317 -0.398217
vn 0.000100 0.489696 -0.871893
vn -0.974910 -0.157802 -0.157002
vn -0.974813 0.157602 0.157802
vn -0.000000 -0.489815 -0.871826
vn -0.406196 -0.644893 -0.647393
vn 0.643778 -0.643878 -0.413486
vn -0.707207 -0.000200 -0.707007
vn -0.406196 0.644893 -0.647393
vn -1.000000 0.000100 0.000300
vn -1.000000 0.000100 0.000200
vn -0.189092 -0.981959 -0.000000
vn -0.828091 -0.560594 0.000100
vn -0.828091 -0.560594 0.000200
vn -0.850606 -0.525804 0.000300
vn -0.850678 0.525687 0.000200
vn -0.229808 -0.973236 -0.000000
vn -0.229691 0.973264 -0.000000
vn -0.707057 -0.707157 0.000200
vn -1.000000 0.000100 0.000400
vn -0.827736 0.395317 -0.398217
vn -0.974828 -0.157605 0.157705
vn -0.870199 -0.492700 0.000300
vn -0.266999 -0.963697 0.000100
vn -0.189092 0.981959 -0.000000
vn -0.707107 -0.707107 0.000200
vn -0.228705 -0.688715 0.688015
vn -0.763426 -0.455415 0.458015
vn -0.828137 -0.560525 0.000300
vn -0.969141 0.174807 -0.173807
vn -0.798273 0.424586 -0.427185
vn -0.707207 0.707007 0.000200
vn -0.301097 -0.674592 0.673992
vn -0.827508 -0.395304 0.398704
vn -0.974879 0.157997 -0.156997
vn -0.707157 0.707057 0.000200
vn -0.707207 0.000200 -0.707007
vn -0.706807 -0.000000 0.707407
vn -0.263490 -0.000000 0.964662
vn -0.263397 -0.000000 0.964688
vn -0.868428 -0.000000 0.495816
vn -0.707107 -0.000000 0.707107
vn 0.660677 -0.660677 -0.356388
vn 0.660677 0.660677 -0.356388
vn -0.392907 0.392907 -0.831414
vn -0.000000 -0.706907 -0.707307
vn -0.000000 -0.489772 -0.871850
vn -0.000000 -0.707307 -0.706907
vn -0.981433 -0.000000 -0.191806
vn 0.972574 -0.000000 -0.232594
vn 0.962752 -0.000000 -0.270386
vn -0.558318 -0.000100 -0.829627
vn -0.981433 -0.000100 -0.191806
vn -0.000400 0.000500 1.000000
vn 0.706907 0.000300 0.707307
vn 0.000200 0.707507 0.706707
vn 0.577417 0.577517 0.577117
vn 0.577084 -0.577284 0.577684
vn -0.000600 0.000600 1.000000
vn -0.000100 0.000500 1.000000
vn 0.000400 0.000500 1.000000
vn -0.000300 0.000500 1.000000
vn 0.000300 0.000500 1.000000
vn -0.000100 0.000800 1.000000
vn -0.000600 0.000500 1.000000
vn 0.002000 -0.004200 0.999989
vn 0.041502 0.067703 0.996842
vn 0.922413 -0.000000 0.386205
vn 0.496195 0.707093 0.503795
vn -0.014501 0.043702 0.998939
vn 0.551090 0.619089 0.559490
vn 0.551020 0.619123 0.559521
vn 0.551093 0.618992 0.559593
vn 0.241415 0.736545 0.631839
vn 0.007500 0.630586 0.776083
vn -0.026201 -0.024801 -0.999349
vn -0.999084 -0.024200 0.035299
vn -0.041602 0.067703 -0.996838
vn -0.993854 -0.000100 0.110695
vn 0.997876 -0.016200 -0.063098
vn -0.922377 -0.000000 -0.386290
vn 0.055498 -0.000000 -0.998459
vn -0.379205 -0.000000 0.925313
vn -0.998328 -0.000600 -0.057802
vn 0.379205 -0.000000 -0.925313
vn 0.044800 0.000200 -0.998996
vn -0.696603 0.117901 -0.707703
vn -0.696720 0.117703 -0.707621
vn -0.996406 0.084701 -0.000000
vn 0.007400 0.069298 -0.997569
vn -0.355381 -0.050597 0.933351
vn 0.403996 0.039900 -0.913890
vn 0.696595 -0.117999 0.707695
vn 0.696696 -0.117999 0.707596
vn 0.707257 -0.000100 -0.706957
vn -0.577184 0.577384 -0.577484
vn -0.706807 0.000300 -0.707407
vn -0.707107 0.000300 -0.707107
vn -0.577184 0.577384 0.577484
vn -0.707207 -0.707007 -0.000000
vn -0.707007 0.707207 -0.000200
vn 0.577417 0.577017 -0.577617
vn 0.706907 0.707307 -0.000100
vn 1.000000 0.000200 -0.000200
vn 1.000000 0.000600 0.000300
vn 1.000000 0.000500 -0.000200
vn 1.000000 0.000300 -0.000200
vn 1.000000 0.000500 0.000200
vn 1.000000 0.000500 -0.000500
vn -1.000000 0.000300 -0.000100
vn -1.000000 0.000400 -0.000200
vn -1.000000 0.000500 -0.000200
vn -1.000000 0.000500 0.000300
vn -1.000000 0.000600 -0.000200
vn -1.000000 0.000600 -0.000400
vn -1.000000 0.000500 -0.000100
vn -1.000000 0.000800 0.000200
vn -1.000000 0.000100 -0.000100
vn -0.000200 0.000100 1.000000
vn 0.000100 0.776371 -0.630276
vn -0.689060 0.688960 -0.224787
vn 0.319185 -0.319085 0.892359
vn -0.000000 -0.930020 0.367508
vn -0.000000 -0.306702 0.951806
vn -0.588495 0.588395 0.554495
vn -0.455005 0.455105 0.765408
vn -0.974405 -0.000000 -0.224801
vn 0.451329 -0.000000 0.892358
vn 0.930102 -0.000000 0.367301
vn 0.306611 -0.000000 0.951835
vn -0.689008 -0.689008 -0.224803
vn -0.705322 -0.705422 0.070002
vn 0.657684 0.657684 0.367291
vn 0.216898 0.216898 0.951793
vn -0.588497 -0.588297 0.554597
vn -0.000100 -0.999300 -0.037400
vn 0.116894 -0.116794 -0.986253
vn 0.705322 -0.705422 0.070002
vn -0.657703 0.657603 0.367402
vn -0.216908 0.216708 0.951834
vn 0.588497 -0.588297 0.554597
vn 0.165599 -0.000000 -0.986193
vn -0.306611 -0.000000 0.951835
vn -0.216898 -0.216898 0.951793
vn 0.588460 0.588460 0.554463
vn 0.000100 -0.707057 0.707157
vn -0.538795 0.538695 -0.647694
vn 0.216597 -0.216797 0.951885
vn -0.588397 0.588397 0.554597
vn -0.409514 -0.409514 -0.815228
vn -0.116893 -0.116893 -0.986241
vn 0.657622 0.657622 0.367513
vn -0.000200 0.930020 0.367508
vn 0.409497 -0.409597 -0.815195
vn -0.319185 0.319085 0.892359
vn -0.657603 0.657703 0.367402
vn -0.216706 0.216506 0.951926
vn -0.216697 -0.216697 0.951885
s 1
usemtl wood
f 13//1 1//2 14//3
f 1//2 13//1 17//4
f 27//5 19//6 18//7
f 19//6 27//5 2//8
f 22//9 13//1 7//10
f 13//1 22//9 23//11
f 13//1 23//11 25//12
f 19//6 2//8 6//13
f 20//14 28//15 22//9
f 30//16 8//17 24//18
f 26//19 13//1 25//12
f 31//20 24//18 14//3
f 6//13 7//10 4//21
f 2//8 3//22 6//13
f 18//7 6//13 4//21
f 8//17 5//23 21//24
f 9//25 6//13 10//26
f 20//14 6//13 9//25
f 33//27 86//28 98//29
f 112//30 33//27 98//29
f 124//31 33//27 112//30
f 61//32 33//27 32//33
f 145//34 142//35 147//36
f 143//37 152//38 144//39
f 150//40 142//35 146//6
f 152//38 139//41 141//42
f 141//42 151//43 152//38
f 142//35 150//40 149//43
f 138//7 137//44 144//39
f 148//40 138//7 144//39
f 150//40 140//12 139//41
f 138//7 148//40 147//36
f 258//42 285//45 260//46
f 260//46 263//47 262//48
f 294//49 266//50 265//51
f 292//52 299//53 306//54
f 286//45 303//55 296//56
f 297//57 268//58 267//59
f 297//57 307//60 273//61
f 276//62 280//63 307//60
f 259//64 304//65 294//49
f 269//52 270//66 295//57
f 273//61 299//53 272//67
f 306//54 307//60 297//57
f 274//68 299//53 277//69
f 292//52 298//70 264//71
f 275//72 284//73 306//54
f 293//74 271//75 287//76
f 297//57 290//58 268//58
f 291//74 273//61 270//66
f 299//53 292//52 272//67
f 300//60 302//77 301//63
f 303//55 304//65 305//78
f 269//52 296//56 259//64
f 298//70 297//57 267//59
f 301//63 278//68 283//53
f 296//56 303//55 259//64
f 298//70 266//50 262//48
f 270//66 272//67 261//79
f 306//54 297//57 292//52
f 284//73 307//60 306//54
f 277//69 299//53 280//63
f 321//80 310//41 315//81
f 309//82 321//80 315//81
f 319//44 323//35 326//7
f 319//44 314//37 323//35
f 308//83 314//37 311//39
f 326//7 323//35 317//6
f 325//11 326//7 317//6
f 326//7 327//12 322//84
f 313//34 316//43 309//82
f 308//83 318//7 312//36
f 327//12 326//7 325//11
f 314//37 319//44 326//7
f 323//35 314//37 320//85
f 352//64 341//67 350//52
f 348//46 328//13 335//56
f 328//13 331//84 352//64
f 350//52 343//66 337//57
f 346//57 342//86 347//52
f 345//87 347//52 344//88
f 329//81 334//89 330//18
f 353//90 351//89 336//1
f 341//67 352//64 333//49
f 351//89 352//64 332//91
f 353//90 348//46 349//90
f 352//64 334//89 333//49
f 335//56 339//61 348//46
f 347//52 345//87 346//57
f 352//64 337//57 335//56
f 347//52 342//86 340//92
f 339//61 342//86 341//67
f 343//66 344//88 338//79
f 334//89 353//90 349//90
f 382//93 355//94 354//95
f 394//96 355//94 382//93
f 408//97 355//94 394//96
f 355//94 408//97 420//98
f 475//99 485//35 474//100
f 485//35 481//101 482//102
f 489//103 510//104 482//102
f 500//105 467//106 470//107
f 468//108 478//109 469//105
f 501//91 463//110 462//111
f 503//90 495//112 466//113
f 479//39 468//108 467//106
f 488//114 472//36 480//115
f 464//37 460//116 509//80
f 466//113 496//117 477//118
f 510//104 485//35 482//102
f 471//119 511//120 486//121
f 508//122 473//7 472//36
f 490//123 485//35 484//124
f 512//107 483//91 474//100
f 473//7 462//111 479//39
f 494//124 485//35 490//123
f 495//112 507//125 511//120
f 471//119 500//105 496//117
f 517//126 515//82 516//127
f 518//128 523//129 522//130
f 527//56 529//131 528//132
f 552//133 564//20 551//133
f 563//58 573//134 546//61
f 553//135 564//20 554//135
f 523//129 565//91 541//136
f 564//20 567//137 527//56
f 566//138 539//66 538//139
f 561//67 531//140 530//141
f 524//142 549//20 515//82
f 527//56 567//137 572//143
f 573//134 571//134 570//134
f 521//144 515//82 519//46
f 551//133 564//20 527//56
f 561//67 562//145 531//140
f 573//134 563//58 547//146
f 552//133 557//147 520//148
f 528//132 551//133 527//56
f 560//58 546//61 539//66
f 548//149 573//134 547//146
f 547//146 536//150 534//92
f 572//143 567//137 542//143
f 573//134 570//134 540//151
f 614//96 574//152 602//93
f 574//152 655//31 575//153
f 686//88 682//154 688//61
f 823//65 690//155 689//156
f 688//61 682//154 684//66
f 702//52 682//154 681//157
f 698//158 689//156 685//159
f 687//145 693//145 683//160
f 702//52 679//161 678//64
f 823//65 689//156 691//82
f 679//161 690//155 678//64
f 709//37 704//119 712//162
f 708//41 709//37 712//162
f 712//162 711//35 706//163
f 713//164 705//156 708//41
f 711//35 718//165 716//166
f 709//37 845//39 829//104
f 705//156 715//82 714//38
f 722//167 761//32 723//153
f 749//168 761//32 722//167
f 771//169 759//170 760//171
f 786//98 761//32 774//172
f 761//32 786//98 799//173
f 811//31 761//32 799//173
f 723//153 761//32 811//31
f 823//65 691//82 697//174
f 827//52 700//175 828//176
f 703//67 826//177 699//178
f 828//176 826//177 827//52
f 824//61 697//174 695//58
f 697//174 824//61 703//67
f 823//65 697//174 692//49
f 718//165 842//179 838//180
f 835//181 844//91 832//182
f 846//43 715//82 837//183
f 715//82 836//184 837//183
f 836//184 831//185 847//186
f 842//179 839//187 838//180
f 718//165 848//179 842//179
f 841//188 849//91 844//91
f 718//165 829//104 848//179
f 850//31 851//189 852//97
f 850//31 852//97 879//190
f 916//32 852//97 930//168
f 961//84 962//41 963//37
f 981//84 971//191 980//104
f 978//192 981//84 980//104
f 964//6 962//41 961//84
f 993//80 972//39 960//38
f 985//120 975//193 974//194
f 982//35 983//104 998//99
f 972//39 958//195 963//37
f 963//37 958//195 995//196
f 983//104 982//35 964//6
f 978//192 970//197 979//198
f 974//194 966//199 997//166
f 987//100 982//35 988//80
f 991//82 976//200 993//80
f 989//201 982//35 999//202
f 978//192 977//203 955//7
f 962//41 964//6 959//55
f 987//100 955//7 977//203
f 978//192 972//39 981//84
f 964//6 961//84 983//104
f 976//200 991//82 985//120
f 983//104 992//204 998//99
f 961//84 963//37 983//104
f 959//55 990//125 991//82
f 960//38 991//82 993//80
f 1019//1 1017//49 1002//64
f 1010//174 1000//205 1014//42
f 1019//1 1014//42 1000//205
f 1017//49 1019//1 1000//205
f 1009//86 1012//57 1013//61
f 1000//205 1010//174 1017//49
f 1001//56 1007//52 1005//57
f 1012//57 1009//86 1018//52
f 1126//6 1127//206 1125//206
f 1132//21 1133//207 1131//208
f 1132//21 1137//24 1138//118
f 1139//209 1141//210 1130//211
f 1142//3 1140//17 1137//24
f 1159//212 1142//3 1157//213
f 1145//42 1142//3 1159//212
f 1169//10 1156//214 1155//215
f 1140//17 1142//3 1145//42
f 1145//42 1146//216 1143//12
f 1132//21 1130//211 1169//10
f 1155//215 1137//24 1169//10
f 1157//213 1137//24 1155//215
f 1126//6 1125//206 1150//217
f 1169//10 1130//211 1141//210
f 1169//10 1141//210 1156//214
f 1130//211 1129//218 1139//209
f 1164//219 1134//220 1161//221
f 1134//220 1136//222 1138//118
f 1141//210 1139//209 1140//17
f 1137//24 1132//21 1169//10
f 1203//223 1216//167 1215//98
f 1203//223 1176//224 1216//167
f 1288//225 1289//226 1290//227
f 1311//228 1315//229 1312//230
f 1313//231 1308//232 1312//230
f 1314//233 1310//234 1315//229
f 1288//225 1318//91 1322//235
f 1324//236 1310//234 1304//237
f 1305//238 1293//239 1301//240
f 1295//241 1323//242 1303//243
f 1339//244 1328//245 1330//246
f 1342//247 1341//248 1344//249
f 1329//91 1338//250 1361//251
f 1352//252 1315//229 1353//253
f 1353//253 1315//229 1365//253
f 1388//254 1833//255 1377//256
f 1855//257 1389//258 1379//259
f 1367//260 1391//261 1368//262
f 1446//263 1445//264 1444//265
f 1437//266 1449//267 1450//268
f 1441//269 1454//270 1455//271
f 1465//272 1476//273 1477//274
f 1470//275 1482//276 1471//277
f 1500//278 1507//279 1513//280
f 1503//281 1516//282 1517//283
f 1504//284 1518//285 1519//286
f 1511//287 1520//288 1521//289
f 1512//287 1522//290 1523//291
f 1513//280 1524//292 1525//293
f 1515//294 1526//295 1527//296
f 1558//297 1559//298 1560//297
f 1564//299 1566//300 1565//301
f 1583//302 1584//303 1567//304
f 1588//305 1589//306 1568//307
f 1569//308 1571//309 1570//310
f 1378//8 1379//259 1577//311
f 1601//312 1442//313 1433//314
f 1377//256 1834//315 1599//316
f 1422//317 1432//318 1601//312
f 1455//271 1467//319 1602//319
f 1512//287 1523//291 1603//320
f 1606//321 1400//322 1388//254
f 1386//323 1606//321 1605//324
f 1397//325 1408//326 1620//327
f 1505//328 1510//329 1622//330
f 1631//331 1438//332 1429//333
f 1636//334 1505//328 1497//335
f 1384//336 1374//337 1627//338
f 1504//284 1510//329 1505//328
f 1640//339 1385//340 1373//341
f 1642//342 1406//343 1395//344
f 1800//345 1641//346 1845//347
f 1644//348 1645//349 1646//350
f 1649//351 1650//352 1651//353
f 1652//354 1653//355 1654//356
f 1655//357 1656//358 1518//285
f 1649//351 1651//353 1660//359
f 1666//360 1645//349 1644//348
f 1668//361 1653//355 1652//354
f 1656//358 1669//362 1657//363
f 1371//364 1641//346 1665//365
f 1503//281 1653//355 1495//366
f 1366//367 1368//262 1370//368
f 1403//369 1416//370 1404//371
f 1445//264 1447//372 1435//373
f 1493//374 1503//281 1494//375
f 1528//376 1674//377 1546//378
f 1413//379 1425//380 1416//370
f 1482//276 1493//374 1673//381
f 1514//382 1515//294 1503//281
f 1515//294 1527//296 1528//376
f 1675//297 1367//260 1366//367
f 1446//263 1677//383 1458//384
f 1844//385 1845//347 1641//346
f 1387//386 1690//387 1693//388
f 1696//389 1695//390 1694//391
f 1697//392 1839//393 1374//337
f 1374//337 1839//393 1840//394
f 1703//389 1705//395 1704//396
f 1834//315 1706//397 1599//316
f 1577//311 1726//398 1378//8
f 1738//377 1739//399 1740//400
f 1753//401 1755//402 1641//346
f 1675//297 1762//403 1848//404
f 1777//405 1778//406 1776//407
f 1779//408 1798//409 1797//410
f 1776//407 1778//406 1760//411
f 1845//347 1846//412 1800//345
f 1376//413 1799//414 1686//415
f 1728//416 1806//417 1729//418
f 1683//419 1811//420 1788//421
f 1664//411 1815//422 1814//423
f 1841//424 1842//425 1813//426
f 1816//427 1819//428 1820//429
f 1374//337 1813//426 1627//338
f 1664//411 1663//430 1815//422
f 1820//429 1819//428 1705//395
f 1373//341 1823//431 1745//403
f 1663//430 1825//432 1815//422
f 1726//398 1806//417 1791//433
f 1794//434 1831//435 1725//436
f 1838//437 1693//388 1690//387
f 1748//438 1843//439 1640//339
f 1750//440 1752//441 1753//401
f 1845//347 1812//442 1846//412
f 1846//412 1775//443 1369//444
f 1805//445 1762//403 1807//431
f 1826//446 1828//447 1790//448
f 1788//421 1827//449 1789//450
f 1828//447 1788//421 1811//420
f 1737//451 1739//399 1735//452
f 1806//417 1726//398 1729//418
f 1786//453 1378//8 1793//454
f 1378//8 1786//453 1785//455
f 1831//435 1794//434 1680//456
f 1716//457 1718//458 1714//439
f 1810//459 1706//397 1709//460
f 1796//461 1810//459 1783//462
f 1795//463 1796//461 1770//464
f 1770//464 1796//461 1771//465
f 1796//461 1783//462 1782//466
f 1796//461 1798//409 1375//467
f 1798//409 1796//461 1782//466
f 1375//467 1798//409 1376//413
f 1798//409 1799//414 1376//413
f 1835//468 1798//409 1808//469
f 1835//468 1686//415 1799//414
f 1842//425 1824//470 1819//428
f 1842//425 1819//428 1818//471
f 1825//432 1823//431 1815//422
f 1825//432 1745//403 1823//431
f 1745//403 1825//432 1663//430
f 1843//439 1748//438 1750//440
f 1750//440 1753//401 1843//439
f 1812//442 1845//347 1761//472
f 1846//412 1812//442 1778//406
f 1802//473 1846//412 1778//406
f 1369//444 1366//367 1370//368
f 1847//474 1804//475 1773//476
f 1366//367 1805//445 1807//431
f 1762//403 1805//445 1541//477
f 1372//478 1373//341 1384//336
f 1552//479 1626//429 1779//408
f 1548//480 1664//411 1814//423
f 1800//345 1665//365 1641//346
f 1540//481 1543//482 1764//483
f 1830//484 1563//485 1829//486
f 1569//308 1589//306 1509//487
f 1736//377 1862//377 1734//416
f 1863//488 1864//489 1564//299
f 1864//489 1566//300 1564//299
f 1865//91 1572//490 1571//309
f 1600//491 1855//257 1716//457
f 1422//317 1601//312 1591//492
f 1872//493 1490//494 1594//495
f 1500//278 1513//280 1595//496
f 1596//497 1873//498 1597//499
f 1751//411 1857//481 1754//411
f 1388//254 1400//322 1855//257
f 1479//493 1490//494 1872//493
f 1641//346 1642//342 1385//340
f 1644//348 1646//350 1418//500
f 1649//351 1660//359 1462//501
f 1655//357 1518//285 1504//284
f 1715//502 1861//502 1713//503
f 1600//491 1833//255 1388//254
f 1430//504 1621//505 1429//333
f 1698//389 1856//389 1700//429
f 1390//506 1381//507 1380//508
f 1446//263 1878//509 1677//383
f 1740//400 1868//377 1738//377
f 1682//377 1575//510 1741//377
f 1731//377 1557//511 1727//377
f 1679//502 1598//512 1722//502
f 1719//513 1874//502 1717//502
f 1711//503 1555//502 1707//502
f 1624//389 1552//479 1691//389
f 1694//391 1877//389 1696//389
f 1701//389 1551//389 1703//389
f 1548//480 1749//411 1747//411
f 1662//514 1548//480 1747//411
f 1749//411 1548//480 1751//411
f 1756//481 1659//481 1758//481
f 1766//483 1850//481 1768//483
f 1855//257 1721//515 1716//457
f 1790//448 1860//516 1826//446
f 1565//301 1887//517 1561//518
f 1888//519 1892//520 1891//461
f 5532//521 1898//522 1894//523
f 5532//521 1894//523 1900//524
f 1900//524 1894//523 1899//525
f 1889//526 1901//324 1890//461
f 1907//527 2174//184 1906//528
f 1893//55 1924//42 1908//529
f 1911//530 1916//531 1896//532
f 1899//525 1912//533 1900//524
f 1889//526 1922//534 1901//324
f 1925//209 2174//184 1907//527
f 1895//535 1896//532 1916//531
f 1905//536 1893//55 1908//529
f 1894//523 1917//537 1899//525
f 1917//537 1931//297 1912//533
f 1946//538 1949//539 1947//540
f 1963//541 1971//542 1965//543
f 1953//544 1971//542 1963//541
f 1985//545 1986//546 1984//547
f 1992//548 1993//549 1994//550
f 1996//551 1991//552 1995//553
f 2001//554 2002//555 2000//556
f 2002//555 2003//557 2004//547
f 2009//558 2011//559 2010//560
f 2011//559 2013//561 2012//547
f 1981//553 2016//562 1989//563
f 1980//547 2016//562 1981//553
f 2008//564 2010//560 2014//547
f 1999//565 2008//564 2014//547
f 2024//566 1943//567 1951//568
f 1975//569 2017//570 1939//571
f 1985//545 2018//572 1986//546
f 1988//573 2018//572 1985//545
f 2048//574 2001//554 2006//575
f 2053//576 1989//563 2016//562
f 2053//576 2016//562 1986//546
f 2053//576 2038//577 2035//578
f 2018//572 2017//570 2037//579
f 2018//572 1988//573 2019//580
f 1901//324 2054//581 2055//582
f 1902//583 2056//584 2057//584
f 1928//324 2058//585 2059//586
f 1927//534 2060//534 2061//587
f 2091//588 2092//589 2093//588
f 2094//590 2095//591 2096//586
f 2115//590 2116//592 2117//593
f 2067//594 2074//595 2143//198
f 2145//596 2132//597 2146//598
f 2158//599 2134//600 2147//601
f 2150//587 2062//602 2054//581
f 2125//603 2102//604 2101//583
f 2142//605 2072//606 2069//607
f 2163//324 2120//324 2164//608
f 2167//584 2065//609 2058//585
f 2164//608 2120//324 2119//610
f 1901//324 2150//587 2054//581
f 1928//324 2167//584 2058//585
f 2123//611 2164//608 2138//612
f 1926//613 1904//614 1894//523
f 1923//324 2167//584 1928//324
f 1927//534 2086//615 2060//534
f 2127//616 2104//617 2128//324
f 2103//617 2095//591 2094//590
f 2109//618 2092//589 2091//588
f 1902//583 2084//584 2056//584
f 2157//599 2145//596 2146//598
f 2145//596 2157//599 2125//603
f 2158//599 2114//594 2134//600
f 1889//526 1904//614 2172//619
f 2178//620 2174//184 2175//621
f 1920//622 1931//297 2171//623
f 2174//184 1895//535 1915//624
f 1904//614 1921//625 2170//626
f 2155//604 2166//534 2069//607
f 2146//598 2132//597 2121//627
f 2176//587 2062//602 2150//587
f 2152//534 2133//628 2080//583
f 2125//603 2154//324 2102//604
f 2180//629 1891//461 2181//209
f 1891//461 2180//629 2081//444
f 1893//55 1888//519 1924//42
f 2174//184 2178//620 1906//528
f 1924//42 1920//622 1908//529
f 1888//519 1893//55 1905//536
f 2214//341 2196//338 2183//478
f 2184//630 2199//338 2198//631
f 2201//632 2217//163 2200//633
f 2185//82 2223//184 2202//634
f 2195//635 2207//636 2208//637
f 2205//638 2210//639 2190//640
f 2191//641 2211//338 2193//642
f 2214//341 2215//338 2196//338
f 2218//643 2217//163 2201//632
f 2182//644 2185//82 2202//634
f 2219//645 2186//646 2187//647
f 2204//648 2222//649 2205//638
f 2206//650 2223//184 2207//636
f 2237//651 2231//652 2226//365
f 2242//653 2245//654 2243//655
f 2248//656 2256//365 2250//657
f 2239//658 2256//365 2248//656
f 2264//659 2296//660 2263//590
f 2270//661 2271//662 2272//610
f 2274//663 2269//664 2273//618
f 2279//665 2280//666 2278//610
f 2280//666 2281//667 2282//592
f 2287//668 2289//669 2288//324
f 2289//669 2291//670 2290//590
f 2296//660 2294//671 2293//324
f 2293//324 2294//671 2292//324
f 2286//587 2288//324 2292//324
f 2277//672 2286//587 2292//324
f 2296//660 2230//673 2228//674
f 2227//652 2311//675 2259//676
f 2312//677 2229//678 2258//679
f 2268//680 2318//681 2274//663
f 2330//682 2295//683 2294//671
f 2196//338 2331//538 2332//338
f 2198//631 2333//684 2334//543
f 2220//631 2335//685 2336//541
f 2219//645 2337//544 2338//538
f 2358//686 2359//611 2360//338
f 2371//538 2372//647 2373//687
f 2374//688 2375//689 2376//690
f 2341//691 2347//692 2342//693
f 2434//694 2418//695 2433//689
f 2360//338 2359//611 2439//338
f 2438//696 2359//611 2339//697
f 2353//538 2352//698 2452//538
f 2401//699 2402//611 2456//700
f 2413//701 2388//338 2387//702
f 2196//338 2437//538 2331//538
f 2220//631 2460//543 2335//685
f 2436//703 2419//704 2404//611
f 2463//338 2186//646 2219//645
f 2216//631 2460//543 2220//631
f 2219//645 2366//544 2337//544
f 2383//705 2375//689 2374//688
f 2389//645 2372//647 2371//538
f 2198//631 2364//544 2333//684
f 2407//706 2409//707 2443//598
f 2430//708 2409//707 2431//709
f 2214//341 2206//650 2186//646
f 2197//710 2216//631 2189//711
f 2212//712 2223//184 2465//713
f 2214//341 2464//714 2206//650
f 2451//297 2448//297 2456//700
f 2468//645 2438//696 2437//538
f 2451//297 2443//598 2430//708
f 5573//715 2182//644 2471//716
f 5559//717 2217//163 2218//643
f 2217//163 5559//717 2361//718
f 2471//716 2182//644 2362//718
f 2217//163 2466//719 2200//633
f 2223//184 2212//712 2202//634
f 2217//163 2209//720 2466//719
f 2473//345 2474//444 2487//365
f 2490//721 2500//55 2489//722
f 2475//8 5494//721 2491//723
f 2493//724 2478//128 2492//725
f 2486//726 2500//55 2473//345
f 2488//727 2475//8 2491//723
f 2501//365 2483//728 2477//678
f 2579//677 2510//545 2509//729
f 2514//730 2520//731 2519//553
f 2543//732 2540//547 2505//547
f 2532//733 2540//547 2534//547
f 2522//734 2540//547 2532//733
f 2549//735 2550//642 2548//338
f 2555//736 2557//737 2547//544
f 2570//738 2572//739 2571//338
f 2572//739 2574//740 2573//688
f 2550//642 2577//611 2576//338
f 2544//338 2578//741 2545//742
f 2569//541 2571//338 2575//338
f 2559//544 2569//541 2575//338
f 2510//545 2580//743 2511//744
f 2581//745 2513//746 2512//747
f 2589//748 2531//749 2527//750
f 2539//751 2592//752 2537//753
f 2594//659 2542//671 2543//732
f 2574//740 2605//754 2567//755
f 2550//642 2609//659 2577//611
f 2610//756 2545//742 2578//741
f 2609//659 2578//741 2577//611
f 2472//444 2611//757 2612//758
f 2487//365 2613//759 2614//657
f 2502//757 2615//760 2616//657
f 2501//365 2617//761 2618//762
f 2629//658 2630//763 2668//657
f 2643//764 2647//765 2644//766
f 2648//767 2649//768 2650//769
f 2651//761 2652//765 2653//770
f 2674//771 2697//365 2698//772
f 2708//773 2695//444 2707//444
f 2712//762 2619//774 2611//757
f 2668//657 2670//762 2715//757
f 2657//775 2666//764 2648//767
f 2683//776 2659//365 2658//769
f 2694//777 2670//762 2669//778
f 2703//201 2693//779 2720//201
f 2716//698 2683//776 2717//780
f 2696//781 2715//757 2722//297
f 2614//657 2622//782 2615//760
f 2689//783 2719//760 2664//657
f 2472//444 2712//762 2611//757
f 2502//757 2614//657 2615//760
f 2723//784 2484//785 2497//368
f 2497//368 2483//728 2501//365
f 2721//657 2719//760 2714//767
f 2688//698 2659//365 2683//776
f 2722//297 2715//757 2726//786
f 2498//757 2614//657 2502//757
f 2501//365 2644//766 2617//761
f 2660//764 2652//765 2651//761
f 2665//787 2649//768 2648//767
f 2487//365 2642//788 2613//759
f 2666//764 2665//787 2648//767
f 2499//789 2498//757 2479//790
f 2727//791 2500//55 2725//792
f 2495//793 2485//794 2724//795
f 2657//775 2659//365 2674//771
f 2693//779 2719//760 2689//783
f 2497//368 2712//762 2472//444
f 5498//796 2473//345 2490//721
f 2728//461 2472//444 2640//461
f 2500//55 2727//791 2489//722
f 5494//721 2495//793 2491//723
f 2735//211 2733//23 2732//41
f 2729//34 2734//40 2731//99
f 2731//99 2732//41 2733//23
f 2742//797 2739//125 2741//368
f 2744//426 2738//125 2743//478
f 2747//605 2748//798 2746//125
f 2749//799 2750//800 2748//798
f 2756//728 2764//801 2757//678
f 2764//801 2762//802 2759//660
f 2768//803 2747//605 2745//804
f 2763//805 2750//800 2749//799
f 2764//801 2741//368 2752//806
f 2737//341 2754//807 2753//808
f 2750//800 2763//805 2765//809
f 2754//807 2737//341 2740//345
f 2783//810 5651//211 2781//811
f 2784//205 2783//810 2780//85
f 2785//184 2787//40 2789//85
f 2785//184 2786//527 5734//12
f 2790//40 2792//119 2793//34
f 2804//812 2801//155 2800//156
f 2809//43 2799//813 2798//725
f 2817//21 2814//22 2813//81
f 2811//104 2815//85 2812//34
f 2821//102 2820//814 2819//164
f 2823//13 2822//155 2824//815
f 2834//816 2823//13 2824//815
f 2821//102 2826//5 2825//817
f 2838//813 2842//162 2841//818
f 2838//813 2839//819 2844//128
f 2847//40 2849//614 2850//820
f 2845//1 2854//214 2855//696
f 2852//91 2865//821 2866//821
f 2868//22 2875//822 2877//38
f 2874//823 2877//38 2867//126
f 2902//367 2879//824 2878//721
f 2881//825 2883//825 2892//826
f 2886//827 2894//828 2891//23
f 2887//829 2893//830 2886//827
f 2898//831 2899//297 4986//832
f 2901//297 2894//828 2893//830
f 2902//367 2892//826 2891//23
f 2879//824 2902//367 2891//23
f 2880//211 2891//23 2901//297
f 2880//211 2901//297 2893//830
f 2878//721 2893//830 2897//833
f 2878//721 2897//833 2903//198
f 2899//297 2914//24 4986//832
f 2918//834 2929//835 2919//836
f 2921//837 2930//838 2922//839
f 2924//840 3221//841 2925//842
f 3279//17 2933//843 2873//210
f 2929//835 2938//844 2939//845
f 2930//838 2940//846 2941//847
f 3221//841 2942//848 2943//849
f 3264//850 3265//851 2958//852
f 3322//853 3323//854 2962//855
f 2986//856 2997//857 2995//858
f 3325//859 3326//860 3000//861
f 3006//862 3019//614 3020//696
f 3008//22 3044//863 3269//828
f 3268//211 3045//864 3046//865
f 3025//25 3047//863 3048//866
f 3036//867 3049//868 3037//869
f 3024//870 3059//871 3060//872
f 3080//873 3091//874 3092//875
f 3295//876 3099//877 3100//878
f 3109//84 3234//879 3115//820
f 2904//696 2918//834 2905//880
f 3225//881 3038//882 3028//883
f 3031//696 3041//884 3226//885
f 3251//886 3218//887 3252//888
f 3220//889 3221//841 2924//840
f 3031//696 3042//890 3032//880
f 2851//614 2848//811 2911//880
f 3256//696 2847//40 2848//811
f 2852//91 2866//821 2853//891
f 3043//892 3148//887 3033//887
f 3153//893 3043//892 3055//893
f 3160//894 3162//895 3216//894
f 3096//895 3159//894 3084//896
f 3082//897 3197//894 3066//898
f 2922//839 2909//899 2920//899
f 3227//900 3041//884 3053//901
f 3228//901 3229//902 3054//903
f 3068//904 3227//900 3053//901
f 3236//887 3170//887 3169//887
f 3239//696 3218//887 2864//899
f 3241//696 2918//834 2904//696
f 2916//905 3242//696 2915//696
f 2989//906 3243//907 2979//908
f 3247//909 3248//910 3050//911
f 3080//873 3248//910 3065//912
f 3252//888 3218//887 3233//913
f 3218//887 3251//886 3105//914
f 3278//22 3260//297 3259//20
f 2926//10 3261//24 2877//38
f 3268//211 3269//828 3045//864
f 2974//915 2986//856 2970//916
f 3024//870 3060//872 3023//210
f 3268//211 3289//297 3288//917
f 3292//918 3294//919 3293//918
f 3087//920 3098//921 3295//876
f 2873//210 2926//10 3298//21
f 2873//210 2931//922 2926//10
f 2931//922 2944//923 2945//924
f 3299//925 3075//926 3070//927
f 3305//928 3024//870 3009//929
f 3307//930 3074//931 3059//871
f 3279//17 2877//38 3261//24
f 2873//210 3298//21 2871//211
f 3312//855 3313//851 2978//932
f 2998//933 3012//23 2999//934
f 3315//90 3035//935 3014//936
f 2975//937 2961//938 2960//939
f 3061//872 3034//17 3064//871
f 3101//940 3089//941 3088//876
f 3311//855 2978//932 2963//942
f 3319//943 3090//920 3078//944
f 3332//1 3320//819 3112//42
f 3035//935 3034//17 3011//21
f 3035//935 3064//871 3034//17
f 2899//297 2900//10 2914//24
f 2896//17 2927//210 2902//367
f 2903//198 2897//833 2890//945
f 3280//946 3261//24 3262//947
f 3264//850 3280//946 3262//947
f 3284//948 3285//949 3303//948
f 3294//919 3295//876 3074//931
f 3087//920 3294//919 3073//919
f 3098//921 3296//914 3308//950
f 2931//922 2945//924 2932//951
f 3023//210 3299//925 3044//863
f 3299//925 3023//210 3060//872
f 3075//926 3299//925 3060//872
f 2888//91 3333//91 2889//207
f 2892//826 4991//99 2888//91
f 3077//952 3317//953 3062//954
f 2934//843 2948//955 2935//922
f 2975//937 2987//939 2976//916
f 3034//17 3061//872 3327//210
f 2876//956 2877//38 2874//823
f 2957//859 3263//957 2945//924
f 2971//958 3266//851 2972//959
f 3270//960 3269//828 3056//961
f 3071//943 3270//960 3056//961
f 3097//962 3273//963 3086//964
f 3275//965 3259//20 3277//966
f 2873//210 2868//22 3279//17
f 2933//843 2944//923 2931//922
f 2986//856 2995//858 2984//938
f 2868//22 2873//210 2871//211
f 3337//967 3338//968 3336//969
f 1319//970 3354//971 1320//972
f 3335//91 3341//973 3367//974
f 1316//975 1359//976 3364//977
f 3364//977 1359//976 3372//978
f 3338//968 3335//91 3367//974
f 3351//979 3350//980 3357//981
f 3374//982 3373//967 3377//983
f 1332//984 3378//985 1333//986
f 3384//987 1358//988 1357//989
f 3388//990 3359//991 3361//992
f 3389//993 1359//976 1355//994
f 3361//992 3396//976 3388//990
f 3410//995 3709//996 3397//997
f 3415//998 3652//999 3414//1000
f 3412//336 3423//325 3410//995
f 3413//1001 3424//1002 3401//1003
f 1415//1004 3441//1005 3442//1006
f 3459//1007 3473//1008 3460//349
f 3478//1009 3490//1010 3479//1011
f 1880//1012 1879//1013 3507//1014
f 3514//1015 3526//1016 3515//1017
f 3516//1018 3527//1019 3517//1020
f 3522//1021 3533//355 3523//1022
f 3524//305 3534//375 3525//1023
f 3514//1015 3535//1024 3526//1016
f 3531//334 3540//1025 3532//1026
f 3545//1027 3547//280 3546//1028
f 3589//1029 3590//1029 3591//1030
f 3598//1031 3596//1032 3595//1033
f 3611//1034 3439//1035 3429//1036
f 3619//1037 3545//1027 3537//1038
f 3636//1039 3478//1009 3465//1040
f 3637//1041 3536//1042 3527//1019
f 3569//1043 3557//1044 3638//1045
f 3407//1046 3639//1047 3632//1048
f 3416//1049 3640//1000 3407//1046
f 3428//1050 3438//1051 3641//1052
f 3479//1011 3490//1010 3644//1053
f 3544//1054 3557//1044 3649//1055
f 3464//1056 3653//1057 3450//1058
f 3515//1017 3654//1059 3503//1060
f 3657//1061 3461//1062 3447//1063
f 3660//1059 3525//1023 3500//1059
f 3425//1064 3448//1065 3667//1066
f 3475//1067 3487//372 3670//1068
f 3542//1069 3554//1070 3673//1071
f 3401//1003 3676//297 3402//1072
f 3460//349 3677//1073 3446//1074
f 3695//1075 3499//351 3686//1076
f 3523//1022 3678//353 3512//1077
f 3692//1078 3691//1079 3553//1080
f 3695//1075 3686//1076 3685//267
f 3541//1081 3553//1080 3690//284
f 3684//1082 3685//267 3700//1083
f 3688//1084 3689//356 3702//334
f 3699//1085 3398//478 3698//341
f 3703//1086 3550//1087 3540//1025
f 3410//995 3423//325 3421//1088
f 3484//1089 3497//1090 3706//1091
f 3540//1025 3551//1092 3549//1093
f 3551//1092 3563//1094 3549//1093
f 3441//1005 3458//1095 3455//1096
f 1880//1012 3532//1026 3530//1097
f 3411//1098 3421//1088 3420//1099
f 3403//1100 3711//1101 3712//486
f 3719//1102 3720//398 3652//999
f 3722//1103 3719//1102 3652//999
f 3725//1104 3722//1103 3652//999
f 3858//1105 3727//400 3726//400
f 3727//400 3728//392 3729//400
f 3730//484 3656//451 3403//1100
f 3712//486 3730//484 3403//1100
f 3735//1106 3632//1048 3854//1107
f 3736//1108 3406//1109 3632//1048
f 3745//1110 3744//513 3748//513
f 3749//1111 3751//1112 3408//102
f 3755//1113 3608//1114 3408//102
f 3766//1115 3768//429 3767//1116
f 3767//1116 3768//429 3769//429
f 3676//297 3775//1117 3776//1118
f 3781//1119 3778//1120 3676//297
f 3863//1121 3783//411 3782//411
f 3784//1122 3781//1119 3694//1123
f 3783//411 3785//1124 3786//411
f 3789//1125 3787//1126 3694//1123
f 3792//1127 3694//1123 3830//1128
f 3794//1129 3795//1130 3397//997
f 1769//1131 1768//483 3800//483
f 3803//1132 3869//1133 3804//429
f 3805//423 3806//1134 3807//1135
f 3808//1136 3855//1137 3664//416
f 3694//1123 3698//341 3830//1128
f 3574//1138 3870//1139 3575//1140
f 3739//1141 3810//1142 3809//1143
f 3851//1144 3818//1145 3758//429
f 3817//1146 3592//1147 3773//1148
f 3806//1134 3805//423 3793//1149
f 3826//433 3652//999 3720//398
f 3665//416 3856//417 3721//418
f 3408//102 3850//1150 3755//1113
f 3871//1151 3397//997 3795//1130
f 3403//1100 3833//447 3711//1101
f 3838//1152 3837//1153 3734//419
f 3666//365 3832//368 3403//1100
f 3842//1154 3844//1155 3843//1156
f 3817//1146 3844//1155 3842//1154
f 3773//1148 3845//447 3817//1146
f 3851//1144 3828//1157 3850//1150
f 3753//1158 3819//1159 3754//1160
f 3406//1109 3736//1108 3741//1161
f 3841//420 3734//419 3711//1101
f 3778//1120 3777//1162 3862//1163
f 3784//1122 3864//1164 3785//1124
f 3869//1133 3397//997 3870//1139
f 3397//997 3871//1151 3870//1139
f 1767//491 1769//1131 3876//1119
f 3845//447 3773//1148 3717//395
f 3594//393 3846//1165 3772//394
f 3846//1165 3594//393 3771//1166
f 3766//1115 3848//388 3764//390
f 3850//1150 3849//1167 3755//1113
f 3850//1150 3852//1168 3851//1144
f 3754//1160 3814//812 3852//1168
f 3819//1159 3753//1158 3715//1169
f 3746//1170 3853//1171 3749//1111
f 3747//1131 3745//1110 3746//1170
f 3738//1172 3741//1161 3736//1108
f 3404//716 3405//1173 3855//1137
f 3405//1173 3826//433 3855//1137
f 3720//398 3856//417 3826//433
f 3856//417 3720//398 3721//418
f 3722//1103 3857//1174 3719//1102
f 3857//1174 3722//1103 3723//1175
f 3711//1101 3859//1176 3712//486
f 3400//1177 3833//447 3832//368
f 3836//1107 3402//1072 3776//1118
f 3778//1120 3862//1163 3774//1178
f 3777//1162 3778//1120 3779//1179
f 3784//1122 3863//1121 3781//1119
f 3789//1125 3864//1164 3787//1126
f 3790//1180 3864//1164 3865//1181
f 3698//341 3868//1182 3830//1128
f 3575//1140 3874//1183 3796//1184
f 3797//1120 3873//1183 3794//1129
f 3399//426 3398//478 3412//336
f 3401//1003 3400//1177 3413//1001
f 3699//1085 3698//341 3694//1123
f 3572//481 3799//483 3573//1185
f 3772//394 3592//1147 3594//393
f 3759//387 3762//614 3408//102
f 3608//1114 3759//387 3408//102
f 3847//392 3762//614 3848//388
f 3612//1186 3439//1035 3886//1187
f 3618//1188 3617//1189 3888//1190
f 3558//1191 3545//1027 3889//1192
f 3765//389 3763//389 3882//389
f 3883//1193 3847//392 3877//1194
f 3892//1195 3596//1032 3893//1196
f 3613//1197 3895//1005 3599//1198
f 3604//1199 3899//1037 3603//1200
f 3626//1201 3627//1202 3504//1203
f 3637//1041 3516//1018 3628//1204
f 3637//1041 3629//1205 3536//1042
f 3684//1082 3683//1206 3460//349
f 3783//411 3786//411 3693//480
f 3747//1131 3409//1207 3407//1046
f 3409//1207 3747//1131 3746//1170
f 3416//1049 3407//1046 3409//1207
f 3504//1203 3490//1010 3626//1201
f 3460//349 3682//1208 3677//1073
f 3460//349 3473//1008 3684//1082
f 3744//513 3742//513 3586//1209
f 3448//1065 3425//1064 3427//1210
f 3524//305 3525//1023 3515//1017
f 3727//400 3729//400 3878//377
f 3427//1210 3436//1211 3448//1065
f 3653//1057 3448//1065 3436//1211
f 3515//1017 3908//1059 3654//1059
f 3543//1212 3556//1213 3909//1214
f 3422//1215 1380//508 3419//1216
f 3421//1088 1415//1004 3422//1215
f 3470//1217 1444//265 1445//264
f 3495//1218 3507//1014 3493//509
f 3539//1219 3548//1220 1515//294
f 3769//429 3768//429 3891//389
f 3718//1221 3770//389 3607//1222
f 3760//389 3756//389 3587//1223
f 3713//1224 3750//502 3631//1225
f 3748//513 3744//513 3904//502
f 3740//502 3737//1226 3586//1209
f 3663//377 3724//377 3655//377
f 3726//400 3727//400 3911//377
f 3733//377 3734//419 3582//377
f 3732//400 3733//377 3582//377
f 3782//411 3679//481 3780//481
f 3696//1227 3780//481 3679//481
f 3782//411 3783//411 3693//480
f 3788//481 3693//480 3786//411
f 3788//481 3791//481 3693//480
f 3800//483 1768//483 1853//481
f 3797//1120 3794//1129 3709//996
f 3397//997 3709//996 3794//1129
f 3749//1111 3409//1207 3746//1170
f 3889//1192 3589//1029 3605//1228
f 3614//1229 3913//1230 3615//1231
f 3599//1198 3598//1031 3614//1229
f 3593//1232 3879//1233 3595//1033
f 3848//388 3766//1115 3767//1116
f 3613//1197 3612//1186 3895//1005
f 3889//1192 3545//1027 3604//1199
f 3620//1234 3558//1191 3889//1192
f 3914//1235 3915//718 4188//1236
f 5576//1237 3946//811 3928//1238
f 3914//1235 3917//718 3915//718
f 3925//547 4188//1236 3915//718
f 3946//811 5564//1239 3929//1240
f 3931//55 3918//527 3930//1241
f 3939//1242 3934//1243 3933//1244
f 3943//547 4192//1245 3921//677
f 3941//1246 3922//1247 3948//65
f 3948//65 3922//1247 3923//105
f 3918//527 3914//1235 3930//1241
f 3941//1246 3949//547 3942//1248
f 3934//1243 3940//1249 3952//1250
f 3955//297 3948//65 3938//1251
f 4031//678 3992//1252 3991//1253
f 3956//365 3993//1254 3957//1255
f 3964//365 3968//1256 3969//365
f 3991//1253 3992//1252 3990//365
f 3983//757 3985//757 3990//365
f 3973//767 3983//757 3990//365
f 4000//584 3998//659 4001//1257
f 3996//1258 4002//1259 3997//324
f 4013//1260 4014//1261 4012//1262
f 4030//1263 4027//324 3994//324
f 4019//1264 4027//324 4021//604
f 4010//604 4027//324 4019//1264
f 3960//1265 4032//1266 4031//678
f 3970//1267 4033//1268 3965//1269
f 3971//1270 3967//1271 4035//1272
f 3992//1252 4031//678 4046//642
f 3998//659 3999//659 4031//678
f 4016//1273 4001//1257 4054//1274
f 4002//1259 4061//1275 4030//1263
f 4030//1263 4060//1276 4029//1277
f 3925//547 4062//565 4063//1278
f 3926//547 4064//565 4065//1279
f 3951//547 4066//565 4067//1278
f 3949//547 4068//547 4069//733
f 3916//1280 3914//1235 4091//478
f 4100//565 4101//547 4102//545
f 4103//547 4104//547 4105//718
f 4151//1281 4152//1282 4126//553
f 4076//256 4087//1283 4077//1284
f 4161//773 4146//1285 4138//1286
f 4162//677 4145//1287 4129//1288
f 4151//1281 4136//1289 4135//483
f 4089//734 4167//1290 4090//1291
f 4109//547 4157//1292 4156//1293
f 4147//1294 4161//773 4173//1295
f 4149//1296 4170//198 4163//599
f 4175//729 4076//256 4068//547
f 4084//556 4087//1283 4115//734
f 4103//547 4143//729 4142//1278
f 3928//1238 4064//565 3926//547
f 3925//547 4063//1278 4166//729
f 3951//547 4067//1278 4185//565
f 4136//1289 4151//1281 4165//1297
f 3941//1246 4188//1236 3949//547
f 4192//1245 3947//192 3940//1249
f 4158//773 4176//734 4121//547
f 4170//198 4181//1298 4174//1298
f 4167//1290 4076//256 4198//1299
f 3949//547 4069//733 4094//1278
f 4144//1300 4129//1288 4145//1287
f 4129//1288 4132//1301 4162//677
f 4112//553 4103//547 4105//718
f 4118//1302 4100//565 4102//545
f 4150//718 4120//718 4119//1278
f 3926//547 4065//1279 4092//1303
f 4149//1296 4163//599 4150//718
f 4191//547 3928//1238 4192//1245
f 4201//1304 4193//614 3947//192
f 4192//1245 3946//811 3947//192
f 4167//1290 4089//734 4115//734
f 4179//1282 4172//1305 4196//779
f 4158//773 4072//1295 4075//1306
f 4170//198 4174//1298 4164//763
f 3916//1280 5576//1237 3928//1238
f 3945//1307 3931//55 3930//1241
f 3954//1308 3931//55 3955//297
f 5566//1309 4251//1310 4207//1311
f 4208//1312 5566//1309 4207//1311
f 4205//125 4209//444 4206//444
f 4214//80 4215//1313 4216//1314
f 4218//1315 4489//1316 4217//1317
f 4226//365 4204//345 4206//444
f 4251//1310 4231//1318 4230//1319
f 4253//102 4210//12 4232//1320
f 4240//1321 4235//1322 4234//1323
f 4487//1324 4241//365 4212//1325
f 4242//389 4240//1321 4215//1313
f 4245//365 4204//345 4226//365
f 4214//80 4242//389 4215//1313
f 4223//21 4221//825 4224//1326
f 4210//12 4229//1327 4232//1320
f 4487//1324 4248//1253 4241//365
f 4236//1328 4235//1322 4252//1329
f 4239//1330 4253//102 4223//21
f 4242//389 4251//1310 4240//1321
f 4259//1331 4260//1332 4258//543
f 4276//1333 4277//1334 4275//684
f 4278//1335 4262//1336 4261//541
f 4260//1332 4291//1337 4290//1338
f 4254//1339 4292//1340 4255//1341
f 4282//543 4284//543 4289//1339
f 4274//338 4282//543 4289//1339
f 4299//1342 4297//1343 4300//1344
f 4315//1345 4316//1346 4314//550
f 4321//547 4329//547 4323//560
f 4312//734 4329//547 4321//547
f 4262//1336 4298//677 4259//1331
f 4263//1347 4255//1341 4333//745
f 4265//1348 4271//1349 4334//1350
f 4260//1332 4348//659 4291//1337
f 4291//1337 4348//659 4292//1340
f 4297//1343 4349//1351 4300//1344
f 4332//732 4302//746 4366//756
f 4226//365 4368//759 4369//759
f 4227//757 4370//657 4371//1352
f 4250//767 4372//657 4373//1353
f 4248//1253 4374//762 4375//1354
f 4370//657 4378//1355 4371//1352
f 4404//1356 4405//767 4406//1357
f 4407//757 4408//757 4409//1177
f 4425//767 4427//653 4383//1256
f 4438//1358 4439//1359 4415//766
f 4446//1360 4447//656 4412//788
f 4450//1361 4451//365 4433//766
f 4452//1362 4453//658 4454//769
f 4459//780 4446//1360 4460//1363
f 4435//1364 4466//1365 4450//1361
f 4449//1366 4437//1367 4436//1298
f 4472//767 4426//1368 4425//767
f 4446//1360 4459//780 4474//297
f 4477//762 4420//656 4419//762
f 4478//365 4432//657 4431//761
f 4479//700 4436//1298 4435//1364
f 4441//1369 4480//1370 4442//770
f 4388//767 4430//757 4449//1366
f 4246//757 4370//657 4227//757
f 4226//365 4369//759 4467//757
f 4484//1253 4374//762 4248//1253
f 4250//767 4373//1353 4482//657
f 4401//1256 4379//1371 4372//657
f 4487//1324 4484//1253 4248//1253
f 4252//1329 4235//1322 4490//1372
f 4223//21 4253//102 4491//1373
f 4435//1364 4483//1374 4479//700
f 4248//1253 4375//1354 4400//757
f 4444//1375 4461//1252 4445//1265
f 4416//1253 4407//757 4409//1177
f 4422//365 4404//1356 4406//1357
f 4227//757 4371//1352 4398//760
f 4426//1368 4463//773 4448//444
f 4425//767 4455//700 4472//767
f 4491//1373 4253//102 4232//1320
f 4204//345 4210//12 4253//102
f 4208//1312 4209//444 4205//125
f 4251//1310 4247//1376 4235//1322
f 4498//1377 4499//1280 4500//1378
f 4502//478 4532//824 4501//341
f 4504//11 4498//1377 4500//1378
f 4526//538 4500//1378 4499//1280
f 4532//824 5516//1379 4531//1380
f 5525//810 4505//102 4533//1381
f 4535//1382 4536//1383 4534//85
f 4511//1384 4767//297 4512//1385
f 4767//297 4537//1386 4514//1387
f 4538//338 4517//1388 4518//642
f 4523//1389 4500//1378 4521//215
f 4542//538 4500//1378 4526//538
f 4767//297 4514//1387 4512//1385
f 4505//102 4530//1390 4533//1381
f 4507//1391 4546//645 4508//1392
f 4536//1383 4535//1382 4549//1393
f 4555//659 4625//1394 4554//324
f 4568//1395 4569//666 4567//588
f 4570//1396 4557//1397 4556//534
f 4625//1394 4583//671 4582//324
f 4550//324 4584//1398 4551//1399
f 4582//324 4583//671 4581//324
f 4574//534 4576//534 4581//324
f 4566//324 4574//534 4581//324
f 4624//676 4619//365 4585//1253
f 4611//657 4619//365 4613//657
f 4601//760 4619//365 4611//657
f 4555//659 4626//1400 4625//1394
f 4552//1401 4630//1402 4563//1403
f 4583//671 4625//1394 4642//677
f 4608//1404 4594//1405 4650//1406
f 4621//1298 4656//1407 4622//1408
f 4591//1409 4656//1407 4642//677
f 4622//1408 4656//1407 4623//1410
f 4588//652 4657//682 4624//676
f 4624//676 4656//1407 4621//1298
f 4642//677 4656//1407 4641//682
f 4526//538 4658//1411 4659//1412
f 4528//338 4660//1339 4661//685
f 4548//338 4662//338 4663//1413
f 4546//645 4664//538 4665//1414
f 4686//718 4532//824 4687//718
f 4696//338 4697//1415 4698//642
f 4699//338 4700//338 4701//478
f 4711//538 4712//1416 4679//1417
f 4731//1418 4706//538 4732//1419
f 4739//1420 4740//338 4741//544
f 4746//1421 4733//1422 4747//689
f 4733//1422 4746//1421 4748//696
f 4739//1420 4752//1423 4751//880
f 4753//1424 4668//214 4660//1339
f 4684//538 4704//541 4733//1422
f 4733//1422 4748//696 4761//696
f 4684//538 4712//1416 4711//538
f 4526//538 4659//1412 4754//538
f 4542//538 4664//538 4546//645
f 4548//338 4663//1413 4762//538
f 4720//642 4738//1412 4737//1425
f 4736//1426 4726//1427 4737//1425
f 4522//1428 4764//1429 4500//1378
f 4507//1391 4542//538 4546//645
f 4549//1393 4535//1382 4768//1430
f 4742//1431 4668//214 4671//1432
f 4740//338 4722//538 4705//538
f 4706//538 4731//1418 4759//297
f 4717//338 4721//1418 4760//297
f 4685//1364 4672//1230 4667//1433
f 4546//645 4665//1414 4690//1434
f 4725//1252 4731//1418 4749//1435
f 4708//1419 4699//338 4701//478
f 4713//544 4696//338 4698//642
f 4528//338 4661//685 4688//1436
f 4767//297 4532//824 4537//1386
f 4764//1429 4541//614 4500//1378
f 4668//214 4753//1424 4769//538
f 4706//538 4705//538 4722//538
f 4740//338 4739//1420 4736//1426
f 4759//297 4770//700 4756//698
f 4540//1437 5525//810 4533//1381
f 4774//123 4780//1438 4773//65
f 4775//119 4772//104 4776//1439
f 4779//1440 4784//34 4775//119
f 4772//104 4777//1441 4776//1439
f 4790//125 4793//689 4792//1442
f 4789//1443 4788//125 4794//345
f 4797//1173 4796//125 4798//718
f 4800//1444 4799//1445 4801//1446
f 4802//426 4790//125 4792//1442
f 4803//125 4801//1446 4799//1445
f 4809//1447 4810//1448 4808//677
f 4795//368 4814//653 4794//345
f 4799//1445 4809//1447 4819//1238
f 4815//808 4794//345 4817//807
f 4817//807 4818//1253 4804//728
f 4807//1449 4804//728 4797//1173
f 4808//677 4819//1238 4809//1447
f 4812//1450 4811//1451 4800//1444
f 4815//808 4805//642 4816//688
f 4794//345 4815//808 4789//1443
f 4814//653 4817//807 4794//345
f 4797//1173 4804//728 4795//368
f 4819//1238 4808//677 4798//718
f 4825//1452 4832//198 4826//192
f 4828//1453 4834//125 4829//1454
f 4839//205 4831//194 4830//99
f 4833//110 4836//198 4838//187
f 4840//1455 4841//1456 4842//1457
f 4846//1458 4847//23 4845//215
f 4846//1458 4850//914 4847//23
f 4857//1459 4851//721 4856//822
f 4855//1460 4851//721 4857//1459
f 4847//23 4848//1461 4845//215
f 4861//1462 4867//7 4868//813
f 4863//1463 4862//155 4864//1464
f 4864//1464 4869//1465 4863//1463
f 4869//1465 4870//82 4862//155
f 4870//82 4869//1465 4866//1466
f 4867//7 4860//5 4868//813
f 4858//8 4871//15 4868//813
f 4862//155 4865//1467 4864//1464
f 4873//112 2809//43 4872//120
f 4874//23 4875//1468 4877//1469
f 4873//112 2808//1470 4876//1471
f 4874//23 2804//812 4875//1468
f 4877//1469 4878//1235 4874//23
f 4880//1472 4883//1473 4879//120
f 4879//120 4883//1473 4886//1474
f 4879//120 4897//1475 4880//1472
f 4895//458 4898//1476 4887//41
f 4894//811 4884//1477 4897//1475
f 4902//125 4879//120 4881//1478
f 4894//811 4887//41 4891//40
f 4903//1479 4882//38 4904//1439
f 4910//207 4911//104 4909//215
f 4916//99 4911//104 4910//207
f 4913//1 4915//38 4914//1480
f 4912//811 4909//215 4911//104
f 4915//38 4917//1480 4914//1480
f 4925//82 4923//194 4924//205
f 4918//85 4924//205 4923//194
f 4926//1481 4927//1482 4928//3
f 5685//1483 4930//824 4929//1484
f 4931//1485 4936//80 4932//162
f 4932//162 4938//1298 4939//1486
f 4933//34 4951//120 4934//1487
f 4930//824 4945//1295 4946//1369
f 4949//103 4951//120 4950//121
f 4962//1488 4966//1489 4963//118
f 4966//1489 4967//24 4963//118
f 4960//1 4968//91 4959//1490
f 2895//90 4981//210 2896//17
f 4977//211 4982//1491 4973//1464
f 4987//886 4977//211 4988//21
f 4989//1492 4990//1493 4978//118
f 2878//721 2903//198 4992//1494
f 5004//1486 5005//1495 5001//1496
f 5009//1486 5010//1497 4996//1496
f 4984//1498 5015//17 5016//1499
f 5372//922 5375//210 5014//17
f 5027//946 5040//1500 5028//1501
f 5046//1502 5059//1503 5047//1504
f 5064//1505 5076//851 5063//1506
f 5072//1507 5086//1508 5073//1509
f 5106//1438 5128//1498 5105//1510
f 5119//1511 5130//1512 5120//1511
f 5426//1513 5136//1514 5117//889
f 5318//1515 5133//1516 5317//1498
f 5147//1517 5160//1518 5148//1519
f 5162//1520 5177//1521 5163//1522
f 5435//21 5188//940 5187//1523
f 5198//1524 5409//1525 5199//1526
f 5022//1527 5208//1439 5010//1497
f 5022//1527 5034//1528 5215//1529
f 5251//120 5203//8 5207//1440
f 5083//1530 5293//1531 5069//1532
f 5312//1533 5314//1486 5102//1534
f 5203//8 5181//1535 5183//1536
f 5013//1537 4999//1486 4998//1440
f 5144//1538 5317//1498 5135//1539
f 5333//1486 4939//1486 5332//1486
f 4949//103 4950//121 4947//120
f 5297//1540 5243//1541 5240//1542
f 5243//1541 5298//1543 5245//1544
f 5168//1545 5155//1546 5248//1545
f 5196//1547 5182//1548 5253//1439
f 5032//1549 5020//1550 5265//1551
f 5084//1552 5274//1542 5100//1540
f 5242//1548 5279//1553 5239//1554
f 5242//1548 5244//1555 5281//1545
f 5153//1556 5141//1557 5282//1545
f 5179//1541 5287//1558 5194//1559
f 4951//120 5000//1486 5353//1369
f 5024//1560 5036//1561 5303//1562
f 5046//1502 5034//1528 5305//1507
f 5123//1493 5314//1486 5316//1493
f 4952//1369 5331//1511 4953//1493
f 5083//1530 5335//1484 5098//1563
f 4930//824 4946//1369 5351//1486
f 5004//1486 4939//1486 5333//1486
f 4939//1486 4994//1486 5332//1486
f 5361//859 5038//850 5360//853
f 5368//1564 5366//24 5367//10
f 5370//1565 5170//1566 5171//1521
f 5356//297 5357//90 5371//82
f 5014//17 4969//12 4964//22
f 5075//939 5377//916 5062//937
f 5389//17 5374//210 5116//21
f 5380//872 5374//210 5389//17
f 5383//1567 5382//1568 5169//1569
f 5385//21 5386//297 5384//23
f 5171//1521 5185//962 5370//1565
f 5371//82 5370//1565 5185//962
f 5359//951 5003//10 5375//210
f 5378//938 5379//858 5077//859
f 5388//843 5014//17 4967//24
f 5390//871 5389//17 5366//24
f 4960//1 4969//12 5003//10
f 4964//22 4963//118 4967//24
f 5042//853 5055//859 5391//855
f 5080//856 5093//1570 5090//1571
f 5093//1570 5106//1438 5090//1571
f 5397//25 5398//1572 5399//135
f 5174//1569 5188//940 5186//878
f 5435//21 5186//878 5188//940
f 5080//856 5090//1571 5078//1573
f 5117//889 5127//210 5128//1498
f 5055//859 5068//1505 5392//855
f 5082//859 5097//1574 5394//1575
f 5118//1576 5129//1577 5397//25
f 5397//25 5129//1577 5398//1572
f 5177//1521 5191//1578 5405//965
f 5065//916 5078//1573 5419//1579
f 5427//1513 5426//1513 5425//1580
f 5409//1525 5410//3 5434//1581
f 5419//1579 5437//1582 5436//1583
f 5127//210 5438//886 5128//1498
f 5067//959 5081//851 5444//852
f 5138//864 5428//1584 5427//1513
f 5429//1585 5176//1566 5446//1586
f 5448//1308 5409//1525 5434//1581
f 4987//886 4986//832 5017//24
f 4982//1491 4987//886 4983//1587
f 4986//832 4987//886 4988//21
f 4988//21 4989//1492 4978//118
f 5362//1588 5077//859 5379//858
f 5067//959 5444//852 5417//948
f 5079//1589 5066//937 5418//948
f 5423//1587 5420//1590 5445//1591
f 5117//889 5424//1592 5426//1513
f 5429//1585 5446//1586 5430//1520
f 5173//1520 5160//1518 5431//1520
f 5082//859 5068//1505 5436//1583
f 5419//1579 5422//1593 5437//1582
f 5128//1498 5437//1582 5422//1593
f 5159//926 5172//941 5440//919
f 5177//1521 5162//1520 5441//919
f 5200//824 5191//1578 5409//1525
f 4984//1498 4987//886 5411//1525
f 4992//1494 2903//198 4991//99
f 5017//24 4986//832 5018//10
f 5041//1594 5029//1595 5042//853
f 5094//861 5081//851 5395//861
f 5137//866 5397//25 5399//135
f 5016//1499 5015//17 4981//210
f 5028//1501 4981//210 5015//17
f 5117//889 5136//1514 5127//210
f 5435//21 5434//1581 5410//3
f 5358//135 5003//10 4967//24
f 5359//951 4967//24 5003//10
f 4967//24 5359//951 5025//947
f 5051//851 5038//850 5361//859
f 5145//1596 5366//24 5368//1564
f 5370//1565 5357//90 5387//819
f 5378//938 5377//916 5075//939
f 5380//872 5157//1518 5381//926
f 5169//1569 5184//1597 5383//1567
f 5385//21 5383//1567 5184//1597
f 2875//822 5454//1598 5455//1599
f 2872//1600 5456//1601 2875//822
f 2870//1602 5457//1603 2872//1600
f 2876//956 5464//1604 5463//1605
f 2867//126 5451//1606 5450//1607
f 2875//822 5455//1599 5465//1608
f 4961//1600 5468//1609 5466//1610
f 4968//91 5453//1611 4959//1490
f 4972//1612 5470//1613 4970//105
f 4962//1488 5473//1614 5472//1615
f 4965//822 5474//1616 5473//1614
f 4965//822 5475//1617 5474//1616
f 4961//1600 5477//1618 4965//822
f 5469//1619 5453//1611 5470//1613
f 5473//1614 5471//1613 5472//1615
f 5473//1614 5482//1620 5469//1619
f 5477//1618 5478//1621 5476//1622
f 5473//1614 5474//1616 5482//1620
f 5464//1604 5483//1623 5463//1605
f 5454//1598 5488//1624 5455//1599
f 2640//461 5496//324 2728//461
f 5497//613 2494//164 5499//1625
f 5499//1625 2494//164 5494//721
f 5507//1626 5508//1627 5503//1628
f 2493//724 2492//725 5508//1627
f 5506//1394 2480//768 2476//1629
f 2482//107 2476//1629 2483//728
f 5510//99 4524//1630 4520//1631
f 4531//1380 5518//1632 4545//1633
f 4498//1377 5519//547 4771//718
f 5517//1634 5521//1635 5518//1632
f 5520//1636 5524//1637 5521//1635
f 5520//1636 5509//1638 5524//1637
f 5524//1637 4536//1383 4549//1393
f 5520//1636 5515//100 5509//1638
f 5522//677 5514//1639 5520//1636
f 5510//99 5512//1640 4498//1377
f 5509//1638 4534//85 4536//1383
f 2778//21 2775//22 2774//65
f 5528//163 5530//819 5527//128
f 4364//324 4348//659 4365//659
f 2053//576 2040//1641 2039//1641
f 2040//1641 2053//576 2036//757
f 2053//576 2039//1641 2038//577
f 2330//682 2312//677 2313//547
f 2330//682 2313//547 2311//675
f 4641//682 4656//1407 4657//682
f 4348//659 4364//324 4367//324
f 1896//532 5531//1642 1909//1643
f 5532//521 1900//524 5533//1644
f 5534//1645 1897//1646 5535//1647
f 5531//1642 1896//532 5534//1645
f 1897//1646 5534//1645 1895//535
f 5536//1648 1897//1646 5532//521
f 5533//1644 1900//524 1914//1649
f 2190//640 5537//1650 2203//1651
f 2194//1652 5540//1653 2186//646
f 2208//637 2194//1652 2195//635
f 3920//1654 3933//1244 3932//1655
f 5544//1656 3919//1657 5547//1658
f 5542//1659 3919//1657 5546//642
f 5546//642 3919//1657 5545//1435
f 2180//629 5556//365 2081//444
f 2361//718 5560//547 2362//718
f 3931//55 5562//1660 4202//1661
f 2180//629 5568//365 5556//365
f 5562//1660 5575//338 5563//541
f 3929//1240 5579//1662 4201//1304
f 4497//605 5582//324 4397//461
f 5566//1309 5583//1663 4231//1318
f 4230//1319 5583//1663 4247//1376
f 1888//519 1932//1513 1924//42
f 5568//365 5586//365 5569//365
f 5571//1298 5590//1664 5572//1664
f 3931//55 5595//1665 5562//1660
f 5576//1237 5598//1666 5579//1662
f 5595//1665 5617//338 5596//338
f 3954//1308 5644//1667 3931//55
f 5604//324 5623//1668 5603//324
f 5616//1669 5633//1670 5613//1671
f 5595//1665 5639//1672 5617//338
f 5619//1673 3935//1674 3953//1675
f 5605//1676 5645//1677 5601//1678
f 5622//1679 4236//1328 4252//1329
f 5626//1680 5531//1642 5534//1645
f 5625//1681 5532//521 5628//1682
f 5633//1670 2188//1683 5634//1684
f 5637//1685 2194//1652 5638//1686
f 5641//1687 5547//1658 3920//1654
f 5644//1667 5543//1688 5542//1659
f 5647//1689 5554//1690 5555//1691
f 5647//1689 5555//1691 5548//1692
f 2784//205 5653//82 2783//810
f 4834//125 5656//1693 4829//1454
f 4835//41 4839//205 4830//99
f 5658//82 5656//1693 4834//125
f 4839//205 5658//82 4831//194
f 5660//698 5652//1 5654//1592
f 5651//211 5661//1694 5649//1695
f 2784//205 5652//1 5660//698
f 2784//205 5662//1696 5653//82
f 5655//886 5666//297 4835//41
f 5675//1614 5672//34 2848//811
f 2859//1540 5667//1697 2846//1698
f 2852//91 5680//1699 5679//1700
f 2852//91 5678//1701 5680//1699
f 2847//40 5674//1702 5681//1702
f 4935//1703 5688//1704 4933//34
f 4931//1485 5690//1705 4936//80
f 4930//824 5683//211 4949//103
f 4951//120 4949//103 5693//1706
f 4951//120 5693//1706 5689//1707
f 4930//824 5686//1708 5682//1709
f 4932//162 5687//1710 4931//1485
f 5682//1709 5708//1711 5712//1712
f 5668//1713 5696//1714 5727//1715
f 5734//12 5728//1716 2785//184
f 4840//1455 4856//822 5729//1717
f 4841//1456 5730//1718 4854//297
f 5738//8 4844//44 5737//1298
f 1383//1719 3419//1216 1380//508
f 2914//24 5018//10 4986//832
f 3422//1215 1415//1004 1414//1720
f 2878//721 5016//1499 2895//90
f 5754//1721 5769//1488 5746//1438
f 5751//256 5756//115 5748//6
f 5758//1722 5753//794 5757//1723
f 5753//794 5764//80 5757//1723
f 5739//123 5742//162 5743//110
f 5754//1721 5746//1438 5770//100
f 5749//1724 5755//104 5747//43
f 5772//39 5742//162 5770//100
f 5741//1725 5740//1298 5773//1726
f 5755//104 5749//1724 5748//6
f 5761//7 5777//165 5760//1727
f 5744//527 5763//1494 5758//1722
f 5769//1488 5755//104 5746//1438
f 5767//38 5761//7 5772//39
f 5745//819 5756//115 5744//527
f 5743//110 5771//80 5765//1728
f 5744//527 5764//80 5767//38
f 5762//1729 5743//110 5759//1730
f 5756//115 5745//819 5748//6
f 5748//6 5746//1438 5755//104
f 5761//7 5767//38 5777//165
f 5755//104 5768//80 5747//43
f 5777//165 5767//38 5764//80
f 5739//123 5743//110 5765//1728
f 5745//819 5746//1438 5748//6
f 5782//173 5821//32 5820//1731
f 5820//1731 5821//32 5835//1732
f 5902//68 5915//72 5919//53
f 5914//77 5903//1733 5895//63
f 5897//72 5907//73 5918//54
f 5888//52 5916//64 5892//49
f 5894//57 5895//63 5913//61
f 5896//60 5895//63 5894//57
f 5915//72 5900//54 5919//53
f 5892//49 5890//67 5888//52
f 5918//54 5894//57 5893//52
f 5919//53 5901//62 5897//72
f 5898//68 5903//1733 5914//77
f 5912//79 5887//57 5888//52
f 5903//1733 5904//53 5895//63
f 5923//1733 5908//77 5902//68
f 5922//62 5899//60 5900//54
f 5892//49 5924//41 5925//118
f 5904//53 5898//68 5897//72
f 5886//92 5917//61 5912//79
f 5884//56 5887//57 5917//61
f 5896//60 5901//62 5914//77
f 5908//77 5906//63 5922//62
f 5909//819 5916//64 5884//56
f 5897//72 5906//63 5919//53
f 5908//77 5922//62 5902//68
f 5918//54 5907//73 5920//73
f 5905//73 5896//60 5921//73
f 5919//53 5906//63 5923//1733
f 5902//68 5919//53 5923//1733
f 5925//118 5885//174 5892//49
f 5888//52 5889//66 5912//79
f 5900//54 5915//72 5922//62
f 5948//203 5951//100 5952//84
f 5938//1734 5957//80 5946//5
f 5926//83 5928//39 5949//1735
f 5958//256 5933//35 5945//1736
f 5957//80 5947//1494 5946//5
f 5929//42 5956//41 5930//12
f 5949//1735 5940//1737 5950//1290
f 5962//99 5942//37 5933//35
f 5926//83 5927//162 5942//37
f 5952//84 5949//1735 5948//203
f 5956//41 5943//6 5930//12
f 5942//37 5927//162 5933//35
f 5954//125 5930//12 5943//6
f 5956//41 5942//37 5962//99
f 5941//1738 5931//38 5957//80
f 5928//39 5931//38 5949//1735
f 5977//128 5979//64 5973//56
f 5981//67 5975//57 5974//52
f 5979//64 5978//52 5973//56
f 5976//13 5977//128 5973//56
f 5969//79 5981//67 5974//52
f 5963//18 5976//13 5965//174
f 5972//86 5975//57 5980//61
f 5964//3 5976//13 5963//18
f 5964//3 5963//18 5966//144
f 5978//52 5970//66 5969//79
f 5968//57 5973//56 5978//52
f 5983//31 5985//32 6012//1739
f 6024//1731 5985//32 6038//97
f 6075//152 5985//32 5984//94
f 5//23 3//22 2//8
f 12//218 9//25 10//26 11//16
f 16//1740 12//218 11//16 15//1741
f 17//4 16//1740 15//1741 1//2
f 14//3 21//24 7//10 13//1
f 20//14 7//10 6//13
f 22//9 7//10 20//14
f 23//11 22//9 28//15 29//15
f 25//12 23//11 29//15 26//19
f 6//13 3//22 8//17 10//26
f 31//20 30//16 24//18
f 28//15 20//14 9//25 12//218
f 29//15 28//15 12//218 16//1740
f 11//16 10//26 8//17
f 8//17 30//16 15//1741 11//16
f 17//4 26//19 29//15 16//1740
f 30//16 31//20 1//2 15//1741
f 27//5 18//7 4//21 5//23
f 17//4 13//1 26//19
f 8//17 14//3 24//18
f 14//3 8//17 21//24
f 14//3 1//2 31//20
f 35//1742 34//1743 32//33 33//27
f 27//5 5//23 2//8
f 19//6 6//13 18//7
f 8//17 3//22 5//23
f 37//1744 36//1745 34//1743 35//1742
f 39//1746 38//1747 36//1745 37//1744
f 41//1748 40//1749 38//1747 39//1746
f 41//1748 43//1750 42//1751 40//1749
f 45//1752 44//1753 42//1751 43//1750
f 45//1752 47//1754 46//1755 44//1753
f 49//1756 48//1757 46//1755 47//1754
f 51//1758 50//1759 48//1757 49//1756
f 51//1758 53//1760 52//1761 50//1759
f 55//1762 54//1763 52//1761 53//1760
f 57//1764 56//1765 54//1763 55//1762
f 58//316 59//1766 56//1765 57//1764
f 34//1743 62//1767 60//1768 32//33
f 60//1768 61//32 32//33
f 36//1745 63//1769 62//1767 34//1743
f 38//1747 64//1770 63//1769 36//1745
f 40//1749 65//1771 64//1770 38//1747
f 40//1749 42//1751 66//1772 65//1771
f 44//1753 67//1773 66//1772 42//1751
f 46//1755 68//1774 67//1773 44//1753
f 48//1757 69//1775 68//1774 46//1755
f 48//1757 50//1759 70//1776 69//1775
f 52//1761 71//1777 70//1776 50//1759
f 52//1761 54//1763 72//1778 71//1777
f 54//1763 56//1765 59//1766 72//1778
f 62//1767 73//1779 61//32 60//1768
f 62//1767 63//1769 74//1780 73//1779
f 64//1770 75//1781 74//1780 63//1769
f 65//1771 76//1782 75//1781 64//1770
f 65//1771 66//1772 77//1783 76//1782
f 67//1773 78//1784 77//1783 66//1772
f 67//1773 68//1774 79//1785 78//1784
f 68//1774 69//1775 80//1786 79//1785
f 69//1775 70//1776 81//1787 80//1786
f 71//1777 82//1788 81//1787 70//1776
f 72//1778 83//1789 82//1788 71//1777
f 59//1766 84//1790 83//1789 72//1778
f 58//316 85//1791 84//1790 59//1766
f 73//1779 87//1792 86//28 61//32
f 86//28 33//27 61//32
f 74//1780 88//1793 87//1792 73//1779
f 74//1780 75//1781 89//1794 88//1793
f 75//1781 76//1782 90//1795 89//1794
f 77//1783 91//1796 90//1795 76//1782
f 77//1783 78//1784 92//1797 91//1796
f 78//1784 79//1785 93//1798 92//1797
f 80//1786 94//1799 93//1798 79//1785
f 80//1786 81//1787 95//1800 94//1799
f 82//1788 96//1801 95//1800 81//1787
f 83//1789 97//1802 96//1801 82//1788
f 84//1790 85//1791 97//1802 83//1789
f 87//1792 99//1803 98//29 86//28
f 87//1792 88//1793 100//1804 99//1803
f 88//1793 89//1794 101//1805 100//1804
f 89//1794 90//1795 102//1806 101//1805
f 91//1796 103//1807 102//1806 90//1795
f 91//1796 92//1797 104//1808 103//1807
f 93//1798 105//1809 104//1808 92//1797
f 93//1798 94//1799 106//1810 105//1809
f 95//1800 107//1811 106//1810 94//1799
f 95//1800 96//1801 108//1812 107//1811
f 96//1801 97//1802 109//1813 108//1812
f 85//1791 110//1814 109//1813 97//1802
f 58//316 111//1815 110//1814 85//1791
f 99//1803 113//1816 112//30 98//29
f 100//1804 114//1817 113//1816 99//1803
f 100//1804 101//1805 115//1818 114//1817
f 101//1805 102//1806 116//1819 115//1818
f 103//1807 117//1820 116//1819 102//1806
f 103//1807 104//1808 118//1821 117//1820
f 105//1809 119//1822 118//1821 104//1808
f 105//1809 106//1810 120//1823 119//1822
f 107//1811 121//1824 120//1823 106//1810
f 107//1811 108//1812 122//1825 121//1824
f 108//1812 109//1813 123//1826 122//1825
f 109//1813 110//1814 111//1815 123//1826
f 113//1816 125//1827 124//31 112//30
f 113//1816 114//1817 126//1828 125//1827
f 114//1817 115//1818 127//1829 126//1828
f 115//1818 116//1819 128//1830 127//1829
f 117//1820 129//1831 128//1830 116//1819
f 117//1820 118//1821 130//1832 129//1831
f 119//1822 131//1833 130//1832 118//1821
f 120//1823 132//1834 131//1833 119//1822
f 121//1824 133//1835 132//1834 120//1823
f 121//1824 122//1825 134//1836 133//1835
f 123//1826 135//1837 134//1836 122//1825
f 111//1815 136//1838 135//1837 123//1826
f 58//316 57//1764 136//1838 111//1815
f 125//1827 35//1742 33//27 124//31
f 126//1828 37//1744 35//1742 125//1827
f 127//1829 39//1746 37//1744 126//1828
f 128//1830 41//1748 39//1746 127//1829
f 128//1830 129//1831 43//1750 41//1748
f 130//1832 45//1752 43//1750 129//1831
f 130//1832 131//1833 47//1754 45//1752
f 131//1833 132//1834 49//1756 47//1754
f 132//1834 133//1835 51//1758 49//1756
f 134//1836 53//1760 51//1758 133//1835
f 134//1836 135//1837 55//1762 53//1760
f 135//1837 136//1838 57//1764 55//1762
f 145//34 141//42 140//12 146//6
f 146//6 142//35 145//34
f 152//38 143//37 139//41
f 151//43 145//34 148//40
f 147//36 148//40 145//34
f 144//39 137//44 143//37
f 146//6 140//12 150//40
f 141//42 139//41 140//12
f 151//43 148//40 152//38
f 147//36 142//35 138//7
f 149//43 150//40 139//41 143//37
f 137//44 142//35 149//43
f 145//34 151//43 141//42
f 137//44 138//7 142//35
f 143//37 137//44 149//43
f 144//39 152//38 148//40
f 156//1839 155//1840 153//152 154//94
f 158//1841 157//1842 155//1840 156//1839
f 158//1841 160//1843 159//1844 157//1842
f 160//1843 162//1845 161//1846 159//1844
f 162//1845 164//1847 163//1848 161//1846
f 164//1847 166//1849 165//1850 163//1848
f 168//1851 167//1852 165//1850 166//1849
f 168//1851 170//1853 169//1854 167//1852
f 170//1853 172//1855 171//1856 169//1854
f 174//1857 173//1858 171//1856 172//1855
f 176//1859 175//1860 173//1858 174//1857
f 176//1859 178//1861 177//1862 175//1860
f 179//198 180//1863 177//1862 178//1861
f 155//1840 182//1864 181//93 153//152
f 157//1842 183//1865 182//1864 155//1840
f 157//1842 159//1844 184//1866 183//1865
f 159//1844 161//1846 185//1867 184//1866
f 161//1846 163//1848 186//1868 185//1867
f 163//1848 165//1850 187//1869 186//1868
f 167//1852 188//1870 187//1869 165//1850
f 167//1852 169//1854 189//1871 188//1870
f 171//1856 190//1872 189//1871 169//1854
f 171//1856 173//1858 191//1873 190//1872
f 175//1860 192//1874 191//1873 173//1858
f 175//1860 177//1862 180//1863 192//1874
f 153//152 181//93 193//1875 194//172
f 182//1864 195//1876 193//1875 181//93
f 182//1864 183//1865 196//1877 195//1876
f 184//1866 197//1878 196//1877 183//1865
f 184//1866 185//1867 198//1879 197//1878
f 186//1868 199//1880 198//1879 185//1867
f 187//1869 200//1881 199//1880 186//1868
f 187//1869 188//1870 201//1882 200//1881
f 189//1871 202//1883 201//1882 188//1870
f 189//1871 190//1872 203//1884 202//1883
f 191//1873 204//1885 203//1884 190//1872
f 191//1873 192//1874 205//1886 204//1885
f 180//1863 206//1887 205//1886 192//1874
f 179//198 207//1888 206//1887 180//1863
f 195//1876 208//1889 194//172 193//1875
f 195//1876 196//1877 209//1890 208//1889
f 197//1878 210//1891 209//1890 196//1877
f 197//1878 198//1879 211//1892 210//1891
f 199//1880 212//1893 211//1892 198//1879
f 200//1881 213//1894 212//1893 199//1880
f 200//1881 201//1882 214//1895 213//1894
f 202//1883 215//1896 214//1895 201//1882
f 203//1884 216//1897 215//1896 202//1883
f 204//1885 217//1898 216//1897 203//1884
f 204//1885 205//1886 218//1899 217//1898
f 206//1887 207//1888 218//1899 205//1886
f 208//1889 220//1900 219//98 194//172
f 209//1890 221//1901 220//1900 208//1889
f 209//1890 210//1891 222//1902 221//1901
f 211//1892 223//1903 222//1902 210//1891
f 211//1892 212//1893 224//1904 223//1903
f 212//1893 213//1894 225//1905 224//1904
f 214//1895 226//1906 225//1905 213//1894
f 214//1895 215//1896 227//1907 226//1906
f 216//1897 228//1908 227//1907 215//1896
f 216//1897 217//1898 229//1909 228//1908
f 218//1899 230//1910 229//1909 217//1898
f 207//1888 231//1911 230//1910 218//1899
f 179//198 232//1912 231//1911 207//1888
f 220//1900 234//1913 233//1739 219//98
f 233//1739 194//172 219//98
f 221//1901 235//1914 234//1913 220//1900
f 221//1901 222//1902 236//1915 235//1914
f 223//1903 237//1916 236//1915 222//1902
f 223//1903 224//1904 238//1917 237//1916
f 224//1904 225//1905 239//1918 238//1917
f 226//1906 240//1919 239//1918 225//1905
f 226//1906 227//1907 241//1920 240//1919
f 228//1908 242//1921 241//1920 227//1907
f 229//1909 243//1922 242//1921 228//1908
f 229//1909 230//1910 244//1923 243//1922
f 231//1911 232//1912 244//1923 230//1910
f 233//1739 234//1913 246//1924 245//1925
f 234//1913 235//1914 247//1926 246//1924
f 236//1915 248//1927 247//1926 235//1914
f 236//1915 237//1916 249//1928 248//1927
f 238//1917 250//1929 249//1928 237//1916
f 239//1918 251//1930 250//1929 238//1917
f 239//1918 240//1919 252//1931 251//1930
f 241//1920 253//1932 252//1931 240//1919
f 241//1920 242//1921 254//1933 253//1932
f 243//1922 255//1934 254//1933 242//1921
f 243//1922 244//1923 256//1935 255//1934
f 232//1912 257//1936 256//1935 244//1923
f 179//198 178//1861 257//1936 232//1912
f 246//1924 156//1839 154//94 245//1925
f 246//1924 247//1926 158//1841 156//1839
f 248//1927 160//1843 158//1841 247//1926
f 248//1927 249//1928 162//1845 160//1843
f 250//1929 164//1847 162//1845 249//1928
f 251//1930 166//1849 164//1847 250//1929
f 251//1930 252//1931 168//1851 166//1849
f 253//1932 170//1853 168//1851 252//1931
f 253//1932 254//1933 172//1855 170//1853
f 255//1934 174//1857 172//1855 254//1933
f 255//1934 256//1935 176//1859 174//1857
f 257//1936 178//1861 176//1859 256//1935
f 264//71 298//70 262//48 263//47
f 259//64 303//55 305//78
f 267//59 268//58 265//51 266//50
f 264//71 263//47 287//76 271//75
f 292//52 264//71 271//75
f 275//72 306//54 299//53
f 276//62 307//60 284//73
f 278//68 279//72 283//53
f 286//45 285//45 303//55
f 305//78 304//65 259//64
f 291//74 288//75 289//75 290//58
f 263//47 260//46 285//45 287//76
f 289//75 288//75 259//64 294//49
f 261//79 271//75 293//74 295//57
f 292//52 271//75 261//79
f 283//53 279//72 282//54
f 293//74 286//45 296//56 295//57
f 291//74 290//58 297//57 273//61
f 300//60 274//68 277//69 282//54
f 273//61 307//60 280//63
f 296//56 269//52 295//57
f 283//53 276//62 275//72 301//63
f 281//62 279//72 278//68
f 278//68 301//63 302//77
f 275//72 276//62 284//73
f 258//42 304//65 303//55
f 302//77 281//62 278//68
f 273//61 272//67 270//66
f 282//54 279//72 281//62 300//60
f 270//66 269//52 288//75 291//74
f 289//75 265//51 268//58 290//58
f 282//54 277//69 276//62 283//53
f 259//64 288//75 269//52
f 265//51 289//75 294//49
f 272//67 292//52 261//79
f 287//76 285//45 286//45 293//74
f 299//53 274//68 275//72
f 285//45 258//42 303//55
f 301//63 275//72 274//68 300//60
f 294//49 260//46 262//48 266//50
f 280//63 276//62 277//69
f 281//62 302//77 300//60
f 294//49 258//42 260//46
f 295//57 270//66 261//79
f 292//52 297//57 298//70
f 280//63 299//53 273//61
f 258//42 294//49 304//65
f 266//50 298//70 267//59
f 245//1925 153//152 194//172 233//1739
f 153//152 245//1925 154//94
f 312//36 313//34 317//6 323//35
f 322//84 310//41 314//37
f 320//85 314//37 308//83
f 325//11 317//6 313//34 324//125
f 310//41 321//80 311//39 314//37
f 316//43 313//34 312//36 318//7
f 309//82 316//43 321//80
f 327//12 309//82 315//81 310//41
f 320//85 308//83 312//36 323//35
f 343//66 350//52 341//67 342//86
f 325//11 324//125 327//12
f 324//125 313//34 327//12
f 309//82 327//12 313//34
f 318//7 311//39 316//43
f 322//84 314//37 326//7
f 321//80 316//43 311//39
f 318//7 308//83 311//39
f 310//41 322//84 327//12
f 331//84 332//91 352//64
f 329//81 330//18 333//49
f 331//84 328//13 336//1
f 348//46 353//90 328//13
f 349//90 348//46 330//18
f 333//49 334//89 329//81
f 338//79 340//92 339//61 337//57
f 347//52 340//92 338//79
f 352//64 351//89 334//89
f 343//66 342//86 346//57 345//87
f 335//56 337//57 339//61
f 331//84 336//1 351//89 332//91
f 341//67 333//49 348//46 339//61
f 352//64 350//52 337//57
f 345//87 344//88 343//66
f 344//88 347//52 338//79
f 334//89 351//89 353//90
f 330//18 348//46 333//49
f 337//57 343//66 338//79
f 330//18 334//89 349//90
f 328//13 352//64 335//56
f 340//92 342//86 339//61
f 357//1839 356//1937 354//95 355//94
f 353//90 336//1 328//13
f 359//1841 358//1938 356//1937 357//1839
f 359//1841 361//1843 360//1939 358//1938
f 363//1845 362//1940 360//1939 361//1843
f 365//1847 364//1941 362//1940 363//1845
f 365//1847 367//1942 366//1850 364//1941
f 369//1851 368//1943 366//1850 367//1942
f 371//1853 370//1944 368//1943 369//1851
f 373//1945 372//1946 370//1944 371//1853
f 373//1945 375//1947 374//1948 372//1946
f 375//1947 377//1859 376//1949 374//1948
f 379//1861 378//1862 376//1949 377//1859
f 380//198 381//1863 378//1862 379//1861
f 356//1937 383//1864 382//93 354//95
f 358//1938 384//1865 383//1864 356//1937
f 358//1938 360//1939 385//1866 384//1865
f 362//1940 386//1867 385//1866 360//1939
f 362//1940 364//1941 387//1868 386//1867
f 364//1941 366//1850 388//1869 387//1868
f 368//1943 389//1950 388//1869 366//1850
f 368//1943 370//1944 390//1951 389//1950
f 370//1944 372//1946 391//1952 390//1951
f 374//1948 392//1953 391//1952 372//1946
f 374//1948 376//1949 393//1954 392//1953
f 378//1862 381//1863 393//1954 376//1949
f 383//1864 395//1955 394//96 382//93
f 384//1865 396//1956 395//1955 383//1864
f 385//1866 397//1878 396//1956 384//1865
f 385//1866 386//1867 398//1879 397//1878
f 387//1868 399//1957 398//1879 386//1867
f 388//1869 400//1881 399//1957 387//1868
f 388//1869 389//1950 401//1958 400//1881
f 390//1951 402//1959 401//1958 389//1950
f 390//1951 391//1952 403//1960 402//1959
f 392//1953 404//1961 403//1960 391//1952
f 393//1954 405//1962 404//1961 392//1953
f 393//1954 381//1863 406//1963 405//1962
f 380//198 407//1888 406//1963 381//1863
f 395//1955 409//1889 408//97 394//96
f 395//1955 396//1956 410//1964 409//1889
f 397//1878 411//1891 410//1964 396//1956
f 397//1878 398//1879 412//1892 411//1891
f 399//1957 413//1893 412//1892 398//1879
f 400//1881 414//1894 413//1893 399//1957
f 400//1881 401//1958 415//1895 414//1894
f 402//1959 416//1896 415//1895 401//1958
f 402//1959 403//1960 417//1965 416//1896
f 404//1961 418//1966 417//1965 403//1960
f 405//1962 419//1967 418//1966 404//1961
f 406//1963 407//1888 419//1967 405//1962
f 409//1889 421//1968 420//98 408//97
f 410//1964 422//1901 421//1968 409//1889
f 410//1964 411//1891 423//1902 422//1901
f 412//1892 424//1903 423//1902 411//1891
f 412//1892 413//1893 425//1969 424//1903
f 413//1893 414//1894 426//1905 425//1969
f 415//1895 427//1906 426//1905 414//1894
f 415//1895 416//1896 428//1970 427//1906
f 416//1896 417//1965 429//1971 428//1970
f 417//1965 418//1966 430//1972 429//1971
f 419//1967 431//1973 430//1972 418//1966
f 419//1967 407//1888 432//1974 431//1973
f 380//198 433//1912 432//1974 407//1888
f 420//98 434//1739 446//31 355//94
f 421//1968 435//1913 434//1739 420//98
f 421//1968 422//1901 436//1914 435//1913
f 423//1902 437//1915 436//1914 422//1901
f 424//1903 438//1975 437//1915 423//1902
f 424//1903 425//1969 439//1917 438//1975
f 425//1969 426//1905 440//1918 439//1917
f 427//1906 441//1976 440//1918 426//1905
f 427//1906 428//1970 442//1977 441//1976
f 429//1971 443//1978 442//1977 428//1970
f 429//1971 430//1972 444//1979 443//1978
f 430//1972 431//1973 445//1980 444//1979
f 432//1974 433//1912 445//1980 431//1973
f 435//1913 447//1981 446//31 434//1739
f 435//1913 436//1914 448//1982 447//1981
f 437//1915 449//1927 448//1982 436//1914
f 437//1915 438//1975 450//1983 449//1927
f 439//1917 451//1984 450//1983 438//1975
f 440//1918 452//1930 451//1984 439//1917
f 440//1918 441//1976 453//1985 452//1930
f 441//1976 442//1977 454//1932 453//1985
f 443//1978 455//1986 454//1932 442//1977
f 444//1979 456//1987 455//1986 443//1978
f 445//1980 457//1988 456//1987 444//1979
f 445//1980 433//1912 458//1989 457//1988
f 380//198 379//1861 458//1989 433//1912
f 447//1981 357//1839 355//94 446//31
f 447//1981 448//1982 359//1841 357//1839
f 449//1927 361//1843 359//1841 448//1982
f 449//1927 450//1983 363//1845 361//1843
f 451//1984 365//1847 363//1845 450//1983
f 452//1930 367//1942 365//1847 451//1984
f 452//1930 453//1985 369//1851 367//1942
f 453//1985 454//1932 371//1853 369//1851
f 455//1986 373//1945 371//1853 454//1932
f 455//1986 456//1987 375//1947 373//1945
f 457//1988 377//1859 375//1947 456//1987
f 457//1988 458//1989 379//1861 377//1859
f 469//105 470//107 467//106 468//108
f 460//116 459//1990 461//207
f 476//1991 477//118 470//107 469//105
f 488//114 480//115 486//121 487//1992
f 464//37 502//21 478//109
f 472//36 473//7 480//115
f 474//100 485//35 510//104
f 475//99 483//91 484//124
f 484//124 485//35 475//99
f 491//1993 490//123 484//124 483//91
f 474//100 483//91 475//99
f 492//207 509//80 460//116 461//207
f 464//37 499//91 498//1994 502//21
f 497//11 465//156 502//21
f 470//107 477//118 496//117 500//105
f 500//105 479//39 467//106
f 463//110 501//91 461//207 459//1990
f 503//90 476//1991 502//21 465//156
f 479//39 464//37 478//109 468//108
f 472//36 488//114 481//101 485//35
f 489//103 482//102 481//101 504//15
f 506//1995 489//103 504//15 505//1996
f 502//21 476//1991 469//105 478//109
f 504//15 481//101 488//114 487//1992
f 505//1996 504//15 487//1992 507//125
f 466//113 477//118 476//1991 503//90
f 464//37 479//39 463//110 459//1990
f 466//113 471//119 496//117
f 480//115 473//7 471//119
f 459//1990 460//116 464//37
f 462//111 463//110 479//39
f 466//113 495//112 471//119
f 499//91 494//124 490//123 491//1993
f 480//115 471//119 486//121
f 471//119 473//7 479//39
f 487//1992 486//121 511//120 507//125
f 492//207 513//107 472//36 485//35
f 489//103 506//1995 510//104
f 512//107 491//1993 483//91
f 510//104 512//107 474//100
f 514//1996 497//11 506//1995 505//1996
f 495//112 514//1996 505//1996 507//125
f 513//107 493//1997 508//122 472//36
f 473//7 508//122 493//1997 462//111
f 509//80 485//35 464//37
f 511//120 471//119 495//112
f 509//80 492//207 485//35
f 510//104 506//1995 497//11 502//21
f 494//124 464//37 485//35
f 491//1993 512//107 498//1994 499//91
f 512//107 510//104 502//21 498//1994
f 461//207 501//91 513//107 492//207
f 471//119 479//39 500//105
f 464//37 494//124 499//91
f 503//90 465//156 514//1996 495//112
f 497//11 514//1996 465//156
f 501//91 462//111 493//1997 513//107
f 520//148 519//46 515//82 549//20
f 526//1998 524//142 517//126 525//1999
f 516//127 515//82 521//144
f 530//141 531//140 528//132 529//131
f 539//66 540//151 537//2000 538//139
f 532//2001 533//2002 534//92
f 535//145 532//2001 536//150
f 533//2002 532//2001 521//144 519//46
f 532//2001 535//145 541//136 521//144
f 538//139 537//2000 542//143 522//130
f 544//140 548//149 543//2003 534//92
f 517//126 516//127 550//1994 525//1999
f 561//67 530//141 545//2004
f 547//146 543//2003 548//149
f 526//1998 549//20 524//142
f 516//127 521//144 541//136 550//1994
f 555//105 556//105 553//135 554//135
f 534//92 533//2002 557//147 544//140
f 560//58 558//75 535//145 559//58
f 533//2002 519//46 520//148 557//147
f 535//145 558//75 523//129 541//136
f 544//140 562//145 561//67 548//149
f 555//105 565//91 523//129 556//105
f 562//145 544//140 557//147 528//132
f 557//147 552//133 551//133 528//132
f 560//58 559//58 563//58 546//61
f 538//139 522//130 523//129 566//138
f 561//67 573//134 548//149
f 518//128 522//130 542//143 567//137
f 524//142 515//82 517//126
f 571//134 568//2005 569//2006 570//134
f 569//2006 568//2005 527//56 572//143
f 540//151 539//66 546//61 573//134
f 520//148 549//20 564//20 552//133
f 529//131 545//2004 530//141
f 543//2003 547//146 534//92
f 554//135 526//1998 525//1999 555//105
f 553//135 556//105 518//128
f 539//66 566//138 558//75 560//58
f 564//20 549//20 526//1998 554//135
f 536//150 559//58 535//145
f 523//129 558//75 566//138
f 525//1999 550//1994 565//91 555//105
f 564//20 553//135 518//128
f 559//58 536//150 547//146 563//58
f 556//105 523//129 518//128
f 541//136 565//91 550//1994
f 531//140 562//145 528//132
f 545//2004 529//131 568//2005 571//134
f 569//2006 537//2000 540//151 570//134
f 572//143 542//143 537//2000 569//2006
f 527//56 568//2005 529//131
f 561//67 545//2004 571//134 573//134
f 564//20 518//128 567//137
f 534//92 536//150 532//2001
f 577//1839 576//1840 574//152 575//153
f 579//2007 578//1938 576//1840 577//1839
f 579//2007 581//1843 580//2008 578//1938
f 583//2009 582//2010 580//2008 581//1843
f 583//2009 585//1847 584//2011 582//2010
f 585//1847 587//1942 586//2012 584//2011
f 589//1851 588//1852 586//2012 587//1942
f 589//1851 591//2013 590//1944 588//1852
f 591//2013 593//2014 592//2015 590//1944
f 595//2016 594//2017 592//2015 593//2014
f 595//2016 597//2018 596//1949 594//2017
f 597//2018 599//1861 598//2019 596//1949
f 600//198 601//1863 598//2019 599//1861
f 576//1840 603//1864 602//93 574//152
f 576//1840 578//1938 604//1865 603//1864
f 578//1938 580//2008 605//1866 604//1865
f 582//2010 606//1867 605//1866 580//2008
f 582//2010 584//2011 607//1868 606//1867
f 586//2012 608//1869 607//1868 584//2011
f 586//2012 588//1852 609//1870 608//1869
f 588//1852 590//1944 610//2020 609//1870
f 590//1944 592//2015 611//1872 610//2020
f 594//2017 612//2021 611//1872 592//2015
f 594//2017 596//1949 613//171 612//2021
f 598//2019 601//1863 613//171 596//1949
f 603//1864 615//1955 614//96 602//93
f 604//1865 616//1956 615//1955 603//1864
f 604//1865 605//1866 617//1878 616//1956
f 606//1867 618//2022 617//1878 605//1866
f 607//1868 619//1880 618//2022 606//1867
f 607//1868 608//1869 620//2023 619//1880
f 609//1870 621//2024 620//2023 608//1869
f 609//1870 610//2020 622//2025 621//2024
f 610//2020 611//1872 623//1960 622//2025
f 612//2021 624//1885 623//1960 611//1872
f 613//171 625//2026 624//1885 612//2021
f 613//171 601//1863 626//1963 625//2026
f 600//198 627//1888 626//1963 601//1863
f 615//1955 629//1889 628//172 614//96
f 628//172 574//152 614//96
f 615//1955 616//1956 630//1964 629//1889
f 617//1878 631//1891 630//1964 616//1956
f 617//1878 618//2022 632//2027 631//1891
f 618//2022 619//1880 633//2028 632//2027
f 620//2023 634//1894 633//2028 619//1880
f 620//2023 621//2024 635//2029 634//1894
f 622//2025 636//2030 635//2029 621//2024
f 623//1960 637//1897 636//2030 622//2025
f 623//1960 624//1885 638//2031 637//1897
f 624//1885 625//2026 639//2032 638//2031
f 626//1963 627//1888 639//2032 625//2026
f 629//1889 641//1968 640//1731 628//172
f 630//1964 642//1901 641//1968 629//1889
f 631//1891 643//2033 642//1901 630//1964
f 631//1891 632//2027 644//2034 643//2033
f 633//2028 645//1969 644//2034 632//2027
f 633//2028 634//1894 646//2035 645//1969
f 635//2029 647//1906 646//2035 634//1894
f 636//2030 648//2036 647//1906 635//2029
f 637//1897 649//2037 648//2036 636//2030
f 637//1897 638//2031 650//2038 649//2037
f 639//2032 651//1973 650//2038 638//2031
f 639//2032 627//1888 652//1911 651//1973
f 600//198 653//1912 652//1911 627//1888
f 640//1731 654//1739 655//31 628//172
f 641//1968 656//1913 654//1739 640//1731
f 641//1968 642//1901 657//1914 656//1913
f 643//2033 658//1915 657//1914 642//1901
f 643//2033 644//2034 659//2039 658//1915
f 644//2034 645//1969 660//1917 659//2039
f 646//2035 661//1918 660//1917 645//1969
f 646//2035 647//1906 662//1919 661//1918
f 648//2036 663//2040 662//1919 647//1906
f 649//2037 664//1978 663//2040 648//2036
f 649//2037 650//2038 665//1979 664//1978
f 650//2038 651//1973 666//1923 665//1979
f 652//1911 653//1912 666//1923 651//1973
f 656//1913 667//1981 655//31 654//1739
f 656//1913 657//1914 668//1926 667//1981
f 658//1915 669//2041 668//1926 657//1914
f 659//2039 670//2042 669//2041 658//1915
f 660//1917 671//1984 670//2042 659//2039
f 660//1917 661//1918 672//2043 671//1984
f 662//1919 673//1931 672//2043 661//1918
f 662//1919 663//2040 674//2044 673//1931
f 664//1978 675//2045 674//2044 663//2040
f 664//1978 665//1979 676//2046 675//2045
f 666//1923 653//1912 677//1989 676//2046
f 676//2046 665//1979 666//1923
f 600//198 599//1861 677//1989 653//1912
f 667//1981 577//1839 575//153 655//31
f 667//1981 668//1926 579//2007 577//1839
f 668//1926 669//2041 581//1843 579//2007
f 669//2041 670//2042 583//2009 581//1843
f 670//2042 671//1984 585//1847 583//2009
f 672//2043 587//1942 585//1847 671//1984
f 672//2043 673//1931 589//1851 587//1942
f 673//1931 674//2044 591//2013 589//1851
f 675//2045 593//2014 591//2013 674//2044
f 676//2046 595//2016 593//2014 675//2045
f 677//1989 599//1861 597//2018 676//2046
f 597//2018 595//2016 676//2046
f 682//154 683//160 680//2047 681//157
f 628//172 655//31 574//152
f 681//157 680//2047 685//159 679//161
f 696//58 693//145 694//75 695//58
f 687//145 686//88 688//61
f 685//159 689//156 679//161
f 690//155 692//49 678//64
f 698//158 696//58 695//58 697//174
f 683//160 682//154 686//88 687//145
f 700//175 688//61 684//66 699//178
f 696//58 680//2047 683//160 693//145
f 688//61 701//75 687//145
f 702//52 684//66 682//154
f 689//156 690//155 679//161
f 679//161 702//52 681//157
f 698//158 685//159 680//2047 696//58
f 697//174 691//82 689//156 698//158
f 684//66 702//52 703//67 699//178
f 678//64 692//49 703//67 702//52
f 701//75 694//75 693//145 687//145
f 707//1736 711//35 716//166 717//166
f 706//163 711//35 707//1736
f 706//163 707//1736 710//464
f 710//464 707//1736 717//166 721//2048
f 720//125 721//2048 715//82 705//156
f 710//464 719//125 706//163
f 719//125 720//125 706//163
f 713//164 712//162 706//163
f 706//163 705//156 713//164
f 706//163 720//125 705//156
f 708//41 714//38 845//39 709//37
f 711//35 712//162 704//119
f 713//164 708//41 712//162
f 829//104 718//165 711//35 704//119
f 719//125 710//464 721//2048
f 720//125 719//125 721//2048
f 708//41 705//156 714//38
f 704//119 709//37 829//104
f 725//1839 724//1840 722//167 723//153
f 727//2007 726//1938 724//1840 725//1839
f 727//2007 729//1843 728//2008 726//1938
f 731//2049 730//2050 728//2008 729//1843
f 733//2051 732//2052 730//2050 731//2049
f 733//2051 735//1942 734//2012 732//2052
f 737//2053 736//2054 734//2012 735//1942
f 737//2053 739//2055 738//1854 736//2054
f 739//2055 741//2056 740//2015 738//1854
f 743//1857 742//2057 740//2015 741//2056
f 744//2058 746//1861 745//1862 742//2057
f 742//2057 743//1857 744//2058
f 747//198 748//1863 745//1862 746//1861
f 724//1840 750//1864 749//168 722//167
f 724//1840 726//1938 751//1865 750//1864
f 728//2008 752//1866 751//1865 726//1938
f 728//2008 730//2050 753//2059 752//1866
f 730//2050 732//2052 754//2060 753//2059
f 734//2012 755//1869 754//2060 732//2052
f 734//2012 736//2054 756//2061 755//1869
f 736//2054 738//1854 757//1871 756//2061
f 738//1854 740//2015 758//2062 757//1871
f 742//2057 759//170 758//2062 740//2015
f 745//1862 748//1863 760//171 742//2057
f 760//171 759//170 742//2057
f 750//1864 762//1876 761//32 749//168
f 751//1865 763//1956 762//1876 750//1864
f 752//1866 764//1878 763//1956 751//1865
f 752//1866 753//2059 765//1879 764//1878
f 754//2060 766//1880 765//1879 753//2059
f 754//2060 755//1869 767//2023 766//1880
f 756//2061 768//1882 767//2023 755//1869
f 756//2061 757//1871 769//1883 768//1882
f 757//1871 758//2062 770//2063 769//1883
f 758//2062 759//170 771//169 770//2063
f 760//171 748//1863 772//1963 771//169
f 747//198 773//1888 772//1963 748//1863
f 762//1876 775//2064 774//172 761//32
f 762//1876 763//1956 776//1964 775//2064
f 764//1878 777//1891 776//1964 763//1956
f 764//1878 765//1879 778//2065 777//1891
f 765//1879 766//1880 779//2028 778//2065
f 767//2023 780//1894 779//2028 766//1880
f 767//2023 768//1882 781//1895 780//1894
f 769//1883 782//2030 781//1895 768//1882
f 770//2063 783//1897 782//2030 769//1883
f 770//2063 771//169 784//1966 783//1897
f 772//1963 773//1888 785//2032 771//169
f 785//2032 784//1966 771//169
f 775//2064 787//2066 786//98 774//172
f 775//2064 776//1964 788//1901 787//2066
f 777//1891 789//2033 788//1901 776//1964
f 777//1891 778//2065 790//1903 789//2033
f 779//2028 791//2067 790//1903 778//2065
f 779//2028 780//1894 792//2035 791//2067
f 781//1895 793//2068 792//2035 780//1894
f 782//2030 794//2069 793//2068 781//1895
f 783//1897 795//2070 794//2069 782//2030
f 783//1897 784//1966 796//2071 795//2070
f 785//2032 773//1888 797//1974 796//2071
f 796//2071 784//1966 785//2032
f 747//198 798//1912 797//1974 773//1888
f 787//2066 800//2072 799//173 786//98
f 787//2066 788//1901 801//1914 800//2072
f 789//2033 802//1915 801//1914 788//1901
f 789//2033 790//1903 803//2073 802//1915
f 790//1903 791//2067 804//2074 803//2073
f 792//2035 805//1918 804//2074 791//2067
f 792//2035 793//2068 806//1919 805//1918
f 794//2069 807//1977 806//1919 793//2068
f 795//2070 808//2075 807//1977 794//2069
f 795//2070 796//2071 809//1979 808//2075
f 797//1974 798//1912 810//2076 796//2071
f 810//2076 809//1979 796//2071
f 800//2072 812//1981 811//31 799//173
f 801//1914 813//1926 812//1981 800//2072
f 802//1915 814//2041 813//1926 801//1914
f 803//2073 815//2077 814//2041 802//1915
f 803//2073 804//2074 816//1929 815//2077
f 804//2074 805//1918 817//2043 816//1929
f 805//1918 806//1919 818//1931 817//2043
f 807//1977 819//2044 818//1931 806//1919
f 808//2075 820//2078 819//2044 807//1977
f 808//2075 809//1979 821//2079 820//2078
f 810//2076 798//1912 822//1936 821//2079
f 821//2079 809//1979 810//2076
f 747//198 746//1861 822//1936 798//1912
f 812//1981 725//1839 723//153 811//31
f 813//1926 727//2007 725//1839 812//1981
f 813//1926 814//2041 729//1843 727//2007
f 814//2041 815//2077 731//2049 729//1843
f 815//2077 816//1929 733//2051 731//2049
f 817//2043 735//1942 733//2051 816//1929
f 817//2043 818//1931 737//2053 735//1942
f 819//2044 739//2055 737//2053 818//1931
f 819//2044 820//2078 741//2056 739//2055
f 821//2079 743//1857 741//2056 820//2078
f 822//1936 746//1861 744//2058 821//2079
f 744//2058 743//1857 821//2079
f 828//176 700//175 699//178 826//177
f 694//75 701//75 827//52 825//92
f 703//67 825//92 826//177
f 827//52 688//61 700//175
f 827//52 826//177 825//92
f 695//58 694//75 825//92 824//61
f 692//49 690//155 823//65
f 717//166 716//166 830//199 831//185
f 688//61 827//52 701//75
f 703//67 824//61 825//92
f 703//67 692//49 697//174
f 835//181 832//182 833//2080 834//2081
f 721//2048 717//166 831//185 836//184
f 832//182 846//43 837//183 833//2080
f 840//316 830//199 838//180 839//187
f 716//166 718//165 838//180 830//199
f 835//181 841//188 844//91
f 846//43 832//182 844//91
f 840//316 834//2081 833//2080 847//186
f 847//186 833//2080 837//183 836//184
f 834//2081 843//2082 841//188 835//181
f 834//2081 840//316 839//187 843//2082
f 830//199 840//316 847//186 831//185
f 845//39 841//188 843//2082 829//104
f 842//179 843//2082 839//187
f 842//179 848//179 843//2082
f 846//43 844//91 849//91
f 715//82 721//2048 836//184
f 829//104 843//2082 848//179
f 714//38 849//91 841//188 845//39
f 850//31 853//1981 854//2083 851//189
f 846//43 849//91 714//38
f 714//38 715//82 846//43
f 853//1981 855//2084 856//1841 854//2083
f 856//1841 855//2084 857//2085 858//1843
f 857//2085 859//2042 860//2086 858//1843
f 859//2042 861//1984 862//1847 860//2086
f 862//1847 861//1984 863//2043 864//1942
f 863//2043 865//1931 866//1851 864//1942
f 866//1851 865//1931 867//1932 868//2087
f 868//2087 867//1932 869//2088 870//2089
f 869//2088 871//2090 872//2091 870//2089
f 871//2090 873//1988 874//1859 872//2091
f 874//1859 873//1988 875//1989 876//1861
f 878//198 876//1861 875//1989 877//1912
f 879//190 880//2092 853//1981 850//31
f 853//1981 880//2092 881//1914 855//2084
f 855//2084 881//1914 882//1915 857//2085
f 882//1915 883//2039 859//2042 857//2085
f 859//2042 883//2039 884//1917 861//1984
f 884//1917 885//1918 863//2043 861//1984
f 863//2043 885//1918 886//1919 865//1931
f 865//1931 886//1919 887//2093 867//1932
f 867//1932 887//2093 888//1921 869//2088
f 888//1921 889//2094 871//2090 869//2088
f 871//2090 889//2094 890//2095 873//1988
f 890//2095 877//1912 875//1989 873//1988
f 891//98 892//2066 880//2092 879//190
f 891//98 879//190 852//97
f 880//2092 892//2066 893//1901 881//1914
f 881//1914 893//1901 894//2033 882//1915
f 894//2033 895//2034 883//2039 882//1915
f 895//2034 896//2096 884//1917 883//2039
f 884//1917 896//2096 897//2035 885//1918
f 897//2035 898//1906 886//1919 885//1918
f 898//1906 899//2097 887//2093 886//1919
f 887//2093 899//2097 900//2098 888//1921
f 900//2098 901//2099 889//2094 888//1921
f 901//2099 902//2100 890//2095 889//2094
f 890//2095 902//2100 903//1974 877//1912
f 878//198 877//1912 903//1974 904//1888
f 852//97 905//1889 892//2066 891//98
f 892//2066 905//1889 906//1964 893//1901
f 893//1901 906//1964 907//1891 894//2033
f 907//1891 908//2101 895//2034 894//2033
f 895//2034 908//2101 909//2102 896//2096
f 896//2096 909//2102 910//2103 897//2035
f 897//2035 910//2103 911//1895 898//1906
f 898//1906 911//1895 912//1896 899//2097
f 899//2097 912//1896 913//1897 900//2098
f 913//1897 914//1966 901//2099 900//2098
f 901//2099 914//1966 915//1899 902//2100
f 915//1899 904//1888 903//1974 902//2100
f 916//32 917//1876 905//1889 852//97
f 917//1876 918//1956 906//1964 905//1889
f 906//1964 918//1956 919//1878 907//1891
f 919//1878 920//2022 908//2101 907//1891
f 920//2022 921//1957 909//2102 908//2101
f 909//2102 921//1957 922//2104 910//2103
f 922//2104 923//1882 911//1895 910//2103
f 911//1895 923//1882 924//1883 912//1896
f 912//1896 924//1883 925//1960 913//1897
f 925//1960 926//2105 914//1966 913//1897
f 926//2105 927//2106 915//1899 914//1966
f 915//1899 927//2106 928//1887 904//1888
f 878//198 904//1888 928//1887 929//1863
f 930//168 931//1864 917//1876 916//32
f 917//1876 931//1864 932//1865 918//1956
f 932//1865 933//1866 919//1878 918//1956
f 919//1878 933//1866 934//1867 920//2022
f 920//2022 934//1867 935//1868 921//1957
f 935//1868 936//1869 922//2104 921//1957
f 922//2104 936//1869 937//1870 923//1882
f 937//1870 938//1871 924//1883 923//1882
f 938//1871 939//1872 925//1960 924//1883
f 925//1960 939//1872 940//1873 926//2105
f 926//2105 940//1873 941//2107 927//2106
f 927//2106 941//2107 929//1863 928//1887
f 942//2108 943//1840 931//1864 930//168
f 942//2108 930//168 852//97
f 943//1840 944//2109 932//1865 931//1864
f 944//2109 945//2008 933//1866 932//1865
f 933//1866 945//2008 946//2010 934//1867
f 946//2010 947//2011 935//1868 934//1867
f 935//1868 947//2011 948//2012 936//1869
f 948//2012 949//1852 937//1870 936//1869
f 949//1852 950//1944 938//1871 937//1870
f 938//1871 950//1944 951//2110 939//1872
f 939//1872 951//2110 952//2111 940//1873
f 952//2111 953//2112 941//2107 940//1873
f 941//2107 953//2112 954//1862 929//1863
f 878//198 929//1863 954//1862 876//1861
f 942//2108 851//189 854//2083 943//1840
f 942//2108 852//97 851//189
f 943//1840 854//2083 856//1841 944//2109
f 856//1841 858//1843 945//2008 944//2109
f 945//2008 858//1843 860//2086 946//2010
f 860//2086 862//1847 947//2011 946//2010
f 862//1847 864//1942 948//2012 947//2011
f 948//2012 864//1942 866//1851 949//1852
f 866//1851 868//2087 950//1944 949//1852
f 868//2087 870//2089 951//2110 950//1944
f 870//2089 872//2091 952//2111 951//2110
f 952//2111 872//2091 874//1859 953//2112
f 874//1859 876//1861 954//1862 953//2112
f 967//166 968//2113 965//1727 966//199
f 957//1408 958//195 956//2114
f 978//192 955//7 972//39
f 971//191 986//2115 969//2081 970//197
f 975//193 967//166 966//199 974//194
f 986//2115 976//200 984//2116 969//2081
f 979//198 965//1727 977//203 978//192
f 956//2114 988//80 989//201 957//1408
f 981//84 986//2115 971//191
f 974//194 984//2116 985//120
f 983//104 963//37 973//2117 992//204
f 955//7 956//2114 958//195 972//39
f 975//193 964//6 982//35 967//166
f 982//35 968//2113 967//166
f 968//2113 987//100 977//203 965//1727
f 972//39 963//37 962//41 960//38
f 985//120 964//6 975//193
f 985//120 994//125 964//6
f 996//1295 973//2117 963//37 995//196
f 987//100 968//2113 982//35
f 979//198 970//197 969//2081 997//166
f 997//166 969//2081 984//2116 974//194
f 970//197 978//192 980//104 971//191
f 962//41 959//55 991//82 960//38
f 957//1408 996//1295 995//196 958//195
f 965//1727 979//198 997//166 966//199
f 985//120 991//82 990//125 994//125
f 972//39 986//2115 981//84
f 984//2116 976//200 985//120
f 998//99 992//204 999//202 982//35
f 990//125 964//6 994//125
f 993//80 976//200 986//2115 972//39
f 988//80 982//35 989//201
f 964//6 990//125 959//55
f 988//80 956//2114 955//7 987//100
f 992//204 973//2117 996//1295 999//202
f 999//202 996//1295 957//1408 989//201
f 1019//1 1002//64 1001//56 1015//13
f 1001//56 1010//174 1014//42 1015//13
f 1007//52 1016//67 1009//86 1008//66
f 1002//64 1017//49 1016//67 1007//52
f 1011//67 1018//52 1004//92 1006//79
f 1004//92 1003//2118 1005//57 1006//79
f 1010//174 1001//56 1005//57 1003//2118
f 1016//67 1003//2118 1004//92 1009//86
f 1013//61 1008//66 1009//86
f 1013//61 1011//67 1006//79 1008//66
f 1001//56 1002//64 1007//52
f 1017//49 1003//2118 1016//67
f 1012//57 1018//52 1011//67 1013//61
f 1005//57 1008//66 1006//79
f 1018//52 1009//86 1004//92
f 1020//1925 1023//1924 1024//2119 1021//224
f 1017//49 1010//174 1003//2118
f 1005//57 1007//52 1008//66
f 1015//13 1014//42 1019//1
f 1020//1925 1021//224 1022//172
f 1023//1924 1025//1926 1026//1841 1024//2119
f 1026//1841 1025//1926 1027//2120 1028//1843
f 1028//1843 1027//2120 1029//1928 1030//1845
f 1030//1845 1029//1928 1031//2121 1032//1847
f 1032//1847 1031//2121 1033//2043 1034//1942
f 1033//2043 1035//1931 1036//1851 1034//1942
f 1035//1931 1037//2044 1038//1853 1036//1851
f 1037//2044 1039//2045 1040//2122 1038//1853
f 1040//2122 1039//2045 1041//2123 1042//1857
f 1042//1857 1041//2123 1043//2124 1044//2125
f 1043//2124 1045//1989 1046//1861 1044//2125
f 1048//198 1046//1861 1045//1989 1047//1912
f 1049//1739 1050//1913 1023//1924 1020//1925
f 1049//1739 1020//1925 1022//172
f 1050//1913 1051//1914 1025//1926 1023//1924
f 1025//1926 1051//1914 1052//1915 1027//2120
f 1027//2120 1052//1915 1053//1916 1029//1928
f 1029//1928 1053//1916 1054//1917 1031//2121
f 1054//1917 1055//2126 1033//2043 1031//2121
f 1033//2043 1055//2126 1056//1919 1035//1931
f 1035//1931 1056//1919 1057//1977 1037//2044
f 1037//2044 1057//1977 1058//2127 1039//2045
f 1058//2127 1059//2128 1041//2123 1039//2045
f 1041//2123 1059//2128 1060//2095 1043//2124
f 1060//2095 1047//1912 1045//1989 1043//2124
f 1061//98 1062//1968 1050//1913 1049//1739
f 1061//98 1049//1739 1022//172
f 1062//1968 1063//1901 1051//1914 1050//1913
f 1051//1914 1063//1901 1064//2033 1052//1915
f 1064//2033 1065//2129 1053//1916 1052//1915
f 1065//2129 1066//1969 1054//1917 1053//1916
f 1054//1917 1066//1969 1067//2130 1055//2126
f 1067//2130 1068//1906 1056//1919 1055//2126
f 1068//1906 1069//1907 1057//1977 1056//1919
f 1057//1977 1069//1907 1070//2098 1058//2127
f 1070//2098 1071//2131 1059//2128 1058//2127
f 1071//2131 1072//2100 1060//2095 1059//2128
f 1060//2095 1072//2100 1073//1974 1047//1912
f 1048//198 1047//1912 1073//1974 1074//1888
f 1022//172 1075//1889 1062//1968 1061//98
f 1062//1968 1075//1889 1076//1964 1063//1901
f 1063//1901 1076//1964 1077//1891 1064//2033
f 1077//1891 1078//2132 1065//2129 1064//2033
f 1078//2132 1079//2028 1066//1969 1065//2129
f 1079//2028 1080//2133 1067//2130 1066//1969
f 1067//2130 1080//2133 1081//1895 1068//1906
f 1081//1895 1082//2134 1069//1907 1068//1906
f 1069//1907 1082//2134 1083//1897 1070//2098
f 1083//1897 1084//2135 1071//2131 1070//2098
f 1071//2131 1084//2135 1085//1899 1072//2100
f 1085//1899 1074//1888 1073//1974 1072//2100
f 1086//32 1087//1876 1075//1889 1022//172
f 1087//1876 1088//1956 1076//1964 1075//1889
f 1076//1964 1088//1956 1089//1878 1077//1891
f 1089//1878 1090//2022 1078//2132 1077//1891
f 1078//2132 1090//2022 1091//2136 1079//2028
f 1079//2028 1091//2136 1092//2104 1080//2133
f 1092//2104 1093//1882 1081//1895 1080//2133
f 1081//1895 1093//1882 1094//1883 1082//2134
f 1094//1883 1095//2137 1083//1897 1082//2134
f 1083//1897 1095//2137 1096//2105 1084//2135
f 1096//2105 1097//2106 1085//1899 1084//2135
f 1085//1899 1097//2106 1098//1887 1074//1888
f 1048//198 1074//1888 1098//1887 1099//1863
f 1086//32 1100//93 1101//1864 1087//1876
f 1086//32 1022//172 1100//93
f 1087//1876 1101//1864 1102//1865 1088//1956
f 1102//1865 1103//1866 1089//1878 1088//1956
f 1103//1866 1104//2138 1090//2022 1089//1878
f 1090//2022 1104//2138 1105//1868 1091//2136
f 1105//1868 1106//1869 1092//2104 1091//2136
f 1092//2104 1106//1869 1107//1870 1093//1882
f 1107//1870 1108//2139 1094//1883 1093//1882
f 1108//2139 1109//1952 1095//2137 1094//1883
f 1095//2137 1109//1952 1110//1953 1096//2105
f 1096//2105 1110//1953 1111//2107 1097//2106
f 1111//2107 1099//1863 1098//1887 1097//2106
f 1112//2108 1113//2140 1101//1864 1100//93
f 1101//1864 1113//2140 1114//1938 1102//1865
f 1114//1938 1115//1939 1103//1866 1102//1865
f 1103//1866 1115//1939 1116//1940 1104//2138
f 1116//1940 1117//2011 1105//1868 1104//2138
f 1105//1868 1117//2011 1118//2012 1106//1869
f 1118//2012 1119//1852 1107//1870 1106//1869
f 1107//1870 1119//1852 1120//1944 1108//2139
f 1108//2139 1120//1944 1121//2141 1109//1952
f 1109//1952 1121//2141 1122//2142 1110//1953
f 1122//2142 1123//2143 1111//2107 1110//1953
f 1111//2107 1123//2143 1124//1862 1099//1863
f 1048//198 1099//1863 1124//1862 1046//1861
f 1022//172 1021//224 1112//2108 1100//93
f 1021//224 1024//2119 1113//2140 1112//2108
f 1113//2140 1024//2119 1026//1841 1114//1938
f 1026//1841 1028//1843 1115//1939 1114//1938
f 1115//1939 1028//1843 1030//1845 1116//1940
f 1116//1940 1030//1845 1032//1847 1117//2011
f 1032//1847 1034//1942 1118//2012 1117//2011
f 1118//2012 1034//1942 1036//1851 1119//1852
f 1119//1852 1036//1851 1038//1853 1120//1944
f 1120//1944 1038//1853 1040//2122 1121//2141
f 1040//2122 1042//1857 1122//2142 1121//2141
f 1042//1857 1044//2125 1123//2143 1122//2142
f 1123//2143 1044//2125 1046//1861 1124//1862
f 1130//211 1126//6 1128//2144 1129//218
f 1141//210 1140//17 1145//42 1143//12
f 1135//221 1136//222 1134//220
f 1138//118 1140//17 1134//220
f 1157//213 1142//3 1137//24
f 1143//12 1144//2145 1141//210
f 1149//7 1147//1738 1148//1737 1126//6
f 1143//12 1146//216 1144//2145
f 1153//643 1151//2146 1152//723 1134//220
f 1126//6 1150//217 1128//2144
f 1158//2147 1157//213 1155//215 1156//214
f 1136//222 1135//221 1154//2148
f 1160//1695 1159//212 1157//213 1158//2147
f 1164//219 1161//221 1162//199 1163//199
f 1151//2146 1153//643 1165//125 1166//1622
f 1168//207 1136//222 1154//2148 1167//91
f 1172//199 1173//1734 1171//2149 1135//221
f 1170//2150 1134//220 1140//17
f 1160//1695 1145//42 1159//212
f 1174//199 1152//723 1151//2146 1166//1622
f 1163//199 1162//199 1125//206 1127//206
f 1166//1622 1165//125 1129//218 1128//2144
f 1168//207 1167//91 1131//208 1133//207
f 1147//1738 1173//1734 1172//199 1148//1737
f 1139//209 1170//2150 1140//17
f 1150//217 1174//199 1166//1622 1128//2144
f 1144//2145 1158//2147 1156//214 1141//210
f 1148//1737 1127//206 1126//6
f 1146//216 1160//1695 1158//2147 1144//2145
f 1161//221 1152//723 1174//199 1162//199
f 1160//1695 1146//216 1145//42
f 1163//199 1172//199 1135//221 1164//219
f 1162//199 1174//199 1150//217 1125//206
f 1127//206 1148//1737 1172//199 1163//199
f 1131//208 1147//1738 1149//7 1132//21
f 1153//643 1134//220 1170//2150 1165//125
f 1138//118 1133//207 1132//21
f 1164//219 1135//221 1134//220
f 1171//2149 1154//2148 1135//221
f 1154//2148 1171//2149 1173//1734 1167//91
f 1129//218 1165//125 1170//2150 1139//209
f 1138//118 1136//222 1168//207
f 1167//91 1173//1734 1147//1738 1131//208
f 1175//31 1177//2151 1178//2152 1176//224
f 1138//118 1168//207 1133//207
f 1126//6 1132//21 1149//7
f 1130//211 1132//21 1126//6
f 1161//221 1134//220 1152//723
f 1137//24 1140//17 1138//118
f 1177//2151 1179//2153 1180//2154 1178//2152
f 1179//2153 1181//1829 1182//2155 1180//2154
f 1181//1829 1183//1830 1184//2156 1182//2155
f 1183//1830 1185//2157 1186//2158 1184//2156
f 1186//2158 1185//2157 1187//1832 1188//1752
f 1187//1832 1189//2159 1190//2160 1188//1752
f 1190//2160 1189//2159 1191//2161 1192//1756
f 1191//2161 1193//2162 1194//2163 1192//1756
f 1194//2163 1193//2162 1195//2164 1196//2165
f 1195//2164 1197//2166 1198//1762 1196//2165
f 1198//1762 1197//2166 1199//2167 1200//2168
f 1202//185 1200//2168 1199//2167 1201//1815
f 1203//223 1204//2169 1177//2151 1175//31
f 1175//31 1176//224 1203//223
f 1177//2151 1204//2169 1205//2170 1179//2153
f 1205//2170 1206//2171 1181//1829 1179//2153
f 1181//1829 1206//2171 1207//2172 1183//1830
f 1207//2172 1208//2173 1185//2157 1183//1830
f 1185//2157 1208//2173 1209//1821 1187//1832
f 1209//1821 1210//1822 1189//2159 1187//1832
f 1189//2159 1210//1822 1211//2174 1191//2161
f 1191//2161 1211//2174 1212//2175 1193//2162
f 1212//2175 1213//2176 1195//2164 1193//2162
f 1213//2176 1214//2177 1197//2166 1195//2164
f 1214//2177 1201//1815 1199//2167 1197//2166
f 1215//98 1217//1803 1204//2169 1203//223
f 1204//2169 1217//1803 1218//2178 1205//2170
f 1218//2178 1219//2179 1206//2171 1205//2170
f 1206//2171 1219//2179 1220//1806 1207//2172
f 1220//1806 1221//2180 1208//2173 1207//2172
f 1208//2173 1221//2180 1222//2181 1209//1821
f 1222//2181 1223//2182 1210//1822 1209//1821
f 1223//2182 1224//2183 1211//2174 1210//1822
f 1211//2174 1224//2183 1225//2184 1212//2175
f 1212//2175 1225//2184 1226//2185 1213//2176
f 1226//2185 1227//2186 1214//2177 1213//2176
f 1227//2186 1228//2187 1201//1815 1214//2177
f 1202//185 1201//1815 1228//2187 1229//2188
f 1230//2189 1231//2190 1217//1803 1215//98
f 1230//2189 1215//98 1216//167
f 1217//1803 1231//2190 1232//2191 1218//2178
f 1218//2178 1232//2191 1233//2192 1219//2179
f 1219//2179 1233//2192 1234//2193 1220//1806
f 1220//1806 1234//2193 1235//2194 1221//2180
f 1235//2194 1236//2195 1222//2181 1221//2180
f 1222//2181 1236//2195 1237//2196 1223//2182
f 1237//2196 1238//2197 1224//2183 1223//2182
f 1224//2183 1238//2197 1239//2198 1225//2184
f 1239//2198 1240//1801 1226//2185 1225//2184
f 1226//2185 1240//1801 1241//2199 1227//2186
f 1241//2199 1229//2188 1228//2187 1227//2186
f 1242//2200 1243//2201 1231//2190 1230//2189
f 1231//2190 1243//2201 1244//2202 1232//2191
f 1232//2191 1244//2202 1245//1781 1233//2192
f 1233//2192 1245//1781 1246//2203 1234//2193
f 1234//2193 1246//2203 1247//1783 1235//2194
f 1247//1783 1248//2204 1236//2195 1235//2194
f 1236//2195 1248//2204 1249//2205 1237//2196
f 1249//2205 1250//2206 1238//2197 1237//2196
f 1250//2206 1251//1787 1239//2198 1238//2197
f 1239//2198 1251//1787 1252//2207 1240//1801
f 1240//1801 1252//2207 1253//2208 1241//2199
f 1241//2199 1253//2208 1254//1790 1229//2188
f 1202//185 1229//2188 1254//1790 1255//1766
f 1216//167 1256//2209 1242//2200 1230//2189
f 1242//2200 1256//2209 1257//2210 1243//2201
f 1257//2210 1258//2211 1244//2202 1243//2201
f 1244//2202 1258//2211 1259//2212 1245//1781
f 1259//2212 1260//2213 1246//2203 1245//1781
f 1260//2213 1261//2214 1247//1783 1246//2203
f 1247//1783 1261//2214 1262//2215 1248//2204
f 1262//2215 1263//2216 1249//2205 1248//2204
f 1249//2205 1263//2216 1264//1775 1250//2206
f 1264//1775 1265//2217 1251//1787 1250//2206
f 1265//2217 1266//2218 1252//2207 1251//1787
f 1252//2207 1266//2218 1267//2219 1253//2208
f 1267//2219 1255//1766 1254//1790 1253//2208
f 1256//2209 1216//167 1268//1743 1257//2210
f 1268//1743 1269//2220 1258//2211 1257//2210
f 1258//2211 1269//2220 1270//2221 1259//2212
f 1270//2221 1271//2222 1260//2213 1259//2212
f 1271//2222 1272//2223 1261//2214 1260//2213
f 1261//2214 1272//2223 1273//1753 1262//2215
f 1273//1753 1274//2224 1263//2216 1262//2215
f 1263//2216 1274//2224 1275//2225 1264//1775
f 1275//2225 1276//2226 1265//2217 1264//1775
f 1265//2217 1276//2226 1277//2227 1266//2218
f 1266//2218 1277//2227 1278//2228 1267//2219
f 1278//2228 1279//1765 1255//1766 1267//2219
f 1202//185 1255//1766 1279//1765 1200//2168
f 1176//224 1178//2152 1268//1743 1216//167
f 1178//2152 1180//2154 1269//2220 1268//1743
f 1180//2154 1182//2155 1270//2221 1269//2220
f 1182//2155 1184//2156 1271//2222 1270//2221
f 1271//2222 1184//2156 1186//2158 1272//2223
f 1186//2158 1188//1752 1273//1753 1272//2223
f 1188//1752 1190//2160 1274//2224 1273//1753
f 1274//2224 1190//2160 1192//1756 1275//2225
f 1192//1756 1194//2163 1276//2226 1275//2225
f 1276//2226 1194//2163 1196//2165 1277//2227
f 1277//2227 1196//2165 1198//1762 1278//2228
f 1198//1762 1200//2168 1279//1765 1278//2228
f 1283//2229 1280//2230 1281//2231 1282//2232
f 1286//2233 1287//2234 1284//2235 1285//2236
f 1296//2237 1297//2238 1294//2239 1295//241
f 1291//2240 1292//246 1293//239
f 1292//246 1291//2240 1280//2230 1283//2229
f 1294//2239 1298//2241 1295//241
f 1298//2241 1294//2239 1290//227 1289//226
f 1302//2242 1299//2243 1300//2244 1301//240
f 1306//236 1305//238 1301//240 1300//2244
f 1300//2244 1299//2243 1307//2245 1308//232
f 1308//232 1309//2246 1306//236 1300//2244
f 1317//2247 1310//234 1314//233 1316//975
f 1288//225 1290//227 1284//2235 1287//2234
f 1303//243 1304//237 1319//970 1320//972
f 1288//225 1287//2234 1318//91
f 1294//2239 1284//2235 1290//227
f 1304//237 1310//234 1317//2247 1319//970
f 1322//235 1321//2248 1289//226 1288//225
f 1293//239 1305//238 1323//242 1295//241
f 1321//2248 1291//2240 1298//2241 1289//226
f 1304//237 1303//243 1323//242 1324//236
f 1325//229 1315//229 1310//234 1309//2246
f 1324//236 1323//242 1305//238 1306//236
f 1324//236 1306//236 1309//2246 1310//234
f 1281//2231 1280//2230 1321//2248 1322//235
f 1318//91 1282//2232 1281//2231 1322//235
f 1309//2246 1308//232 1313//231 1325//229
f 1291//2240 1321//2248 1280//2230
f 1283//2229 1282//2232 1326//2249 1327//2250
f 1301//240 1293//239 1328//245 1302//2242
f 1282//2232 1318//91 1329//91 1326//2249
f 1330//246 1292//246 1283//2229 1327//2250
f 1325//229 1313//231 1312//230 1315//229
f 1312//230 1308//232 1307//2245 1311//228
f 1296//2237 1295//241 1303//243 1320//972
f 1295//241 1298//2241 1291//2240 1293//239
f 1334//2251 1335//2252 1332//984 1333//986
f 1327//2250 1326//2249 1331//2253
f 1337//2254 1338//250 1336//2255 1334//2251
f 1343//2256 1340//2257 1341//248 1342//247
f 1332//984 1335//2252 1329//91 1345//2258
f 1344//249 1337//2254 1334//2251 1342//247
f 1327//2250 1339//244 1330//246
f 1299//2243 1302//2242 1348//2259 1349//2260
f 1307//2245 1299//2243 1349//2260 1350//2261
f 1354//2261 1351//2262 1352//252 1353//253
f 1356//2263 1355//994 1352//252 1351//2262
f 1329//91 1335//2252 1336//2255 1338//250
f 1336//2255 1335//2252 1334//2251
f 1346//2264 1357//989 1358//988 1347//2265
f 1347//2265 1358//988 1356//2263 1351//2262
f 1352//252 1355//994 1359//976 1315//229
f 1337//2254 1360//2266 1361//251 1338//250
f 1362//2259 1348//2259 1328//245 1341//248
f 1344//249 1363//2267 1360//2266 1337//2254
f 1362//2259 1346//2264 1347//2265 1364//2260
f 1351//2262 1354//2261 1364//2260 1347//2265
f 1354//2261 1353//253 1365//253 1350//2261
f 1349//2260 1348//2259 1362//2259 1364//2260
f 1350//2261 1349//2260 1364//2260 1354//2261
f 1331//2253 1361//251 1360//2266 1327//2250
f 1329//91 1361//251 1331//2253 1326//2249
f 1348//2259 1302//2242 1328//245
f 1327//2250 1360//2266 1363//2267 1339//244
f 1350//2261 1365//253 1311//228 1307//2245
f 1341//248 1340//2257 1357//989 1346//2264
f 1365//253 1315//229 1311//228
f 1341//248 1328//245 1363//2267 1344//249
f 1341//248 1346//2264 1362//2259
f 1293//239 1292//246 1330//246 1328//245
f 1339//244 1363//2267 1328//245
f 1371//364 1369//444 1370//368 1368//262
f 1366//367 1367//260 1368//262
f 1382//2268 1383//1719 1380//508 1381//507
f 1392//2269 1381//507 1390//506 1391//261
f 1373//341 1385//340 1384//336
f 1393//1064 1394//2270 1371//364 1368//262
f 1395//344 1396//2271 1384//336 1385//340
f 1398//2272 1399//2273 1386//323 1387//386
f 1401//2274 1402//2275 1389//258 1855//257
f 1404//371 1405//2276 1394//2270 1393//1064
f 1406//343 1407//2277 1396//2271 1395//344
f 1620//327 1409//2278 1399//2273 1398//2272
f 1411//2279 1412//2280 1402//2275 1401//2274
f 1416//370 1417//2281 1405//2276 1404//371
f 1413//379 1414//1720 1415//1004
f 1418//500 1419//2282 1407//2277 1406//343
f 1621//505 1421//2283 1409//2278 1620//327
f 1423//2284 1424//2285 1412//2280 1411//2279
f 1426//2286 1427//2287 1417//2281 1416//370
f 1646//350 1428//2288 1419//2282 1418//500
f 1430//504 1431//2289 1421//2283 1621//505
f 1433//314 1434//2290 1424//2285 1423//2284
f 1435//373 1436//2291 1427//2287 1426//2286
f 1439//2292 1440//2293 1431//2289 1430//504
f 1428//2288 1646//350 1437//266
f 1442//313 1443//2294 1434//2290 1433//314
f 1447//372 1448//2295 1436//2291 1435//373
f 1452//2296 1453//2297 1440//2293 1439//2292
f 1456//2298 1457//2299 1443//2294 1442//313
f 1460//2300 1461//2301 1448//2295 1447//372
f 1446//263 1458//384 1459//2302
f 1462//501 1463//2303 1450//268 1449//267
f 1466//2304 1467//319 1455//271 1454//270
f 1453//2297 1452//2296 1465//272
f 1468//2305 1469//2306 1457//2299 1456//2298
f 1471//277 1459//2302 1458//384 1470//275
f 1472//2307 1473//2308 1461//2301 1460//2300
f 1660//359 1474//2309 1463//2303 1462//501
f 1478//2310 1479//493 1467//319 1466//2304
f 1480//2311 1481//2312 1469//2306 1468//2305
f 1483//2313 1484//361 1473//2308 1472//2307
f 1661//1084 1485//2314 1474//2309 1660//359
f 1487//2315 1488//2316 1477//274 1476//273
f 1489//2317 1490//494 1479//493 1478//2310
f 1491//2318 1492//2319 1481//2312 1480//2311
f 1494//375 1495//366 1484//361 1483//2313
f 1654//356 1496//334 1485//2314 1661//1084
f 1498//2320 1499//2321 1488//2316 1487//2315
f 1501//2322 1502//2323 1492//2319 1491//2318
f 1490//494 1489//2317 1500//278
f 1506//2324 1511//287 1499//2321 1498//2320
f 1495//366 1494//375 1503//281
f 1496//334 1654//356 1504//284
f 1508//2325 1509//487 1502//2323 1501//2322
f 1529//2326 1517//283 1516//282 1528//376
f 1513//280 1507//279 1512//287
f 1509//487 1508//2325 1513//280
f 1531//2327 1519//286 1518//285 1530//2328
f 1535//2329 1521//289 1520//288 1534//2330
f 1510//329 1532//2331 1533//2332
f 1537//498 1523//291 1522//290 1536//2333
f 1539//2334 1525//293 1524//292 1538//2335
f 1543//482 1540//481 1541//477 1542//2336
f 1544//2337 1545//2338 1527//296 1526//295
f 1547//2339 1529//2326 1528//376 1546//378
f 1549//1135 1531//2327 1530//2328 1548//480
f 1551//389 1533//2332 1532//2331 1550//427
f 1553//2340 1535//2329 1534//2330 1552//479
f 1555//502 1537//498 1536//2333 1554//2341
f 1557//511 1539//2334 1538//2335 1556//2342
f 1565//301 1561//518 1563//485 1564//299
f 1562//1101 1563//485 1561//518
f 1574//2343 1571//309 1572//490 1573//2344
f 1582//2345 1583//302 1567//304
f 1587//2346 1588//305 1568//307
f 1589//306 1569//308 1570//310
f 1575//510 1576//2347 1574//2343 1573//2344
f 1389//258 1579//2348 1578//2349 1379//259
f 1402//2275 1580//2350 1579//2348 1389//258
f 1412//2280 1581//2351 1580//2350 1402//2275
f 1424//2285 1582//2345 1581//2351 1412//2280
f 1434//2290 1583//302 1582//2345 1424//2285
f 1443//2294 1584//303 1583//302 1434//2290
f 1457//2299 1585//2352 1584//303 1443//2294
f 1469//2306 1586//2353 1585//2352 1457//2299
f 1481//2312 1587//2346 1586//2353 1469//2306
f 1492//2319 1588//305 1587//2346 1481//2312
f 1502//2323 1589//306 1588//305 1492//2319
f 1423//2284 1411//2279 1590//2354 1591//492
f 1589//306 1502//2323 1509//487
f 1509//487 1513//280 1525//293
f 1401//2274 1590//2354 1411//2279
f 1433//314 1423//2284 1591//492 1601//312
f 1468//2305 1456//2298 1592//2355 1593//2356
f 1442//313 1592//2355 1456//2298
f 1480//2311 1468//2305 1593//2356 1594//495
f 1491//2318 1480//2311 1594//495 1490//494
f 1501//2322 1491//2318 1490//494 1595//496
f 1508//2325 1501//2322 1595//496 1513//280
f 1597//499 1538//2335 1524//292 1596//497
f 1513//280 1596//497 1524//292
f 1598//512 1556//2342 1538//2335 1597//499
f 1604//2357 1603//320 1523//291 1537//498
f 1377//256 1833//255 1834//315
f 1601//312 1432//318 1441//269
f 1602//319 1467//319 1479//493
f 1422//317 1410//2358 1607//2359 1608//2360
f 1605//324 1606//321 1388//254
f 1400//322 1607//2359 1410//2358
f 1432//318 1422//317 1608//2360 1609//2361
f 1441//269 1432//318 1609//2361 1610//2293
f 1454//270 1441//269 1610//2293 1611//2297
f 1466//2304 1454//270 1611//2297 1612//2362
f 1478//2310 1466//2304 1612//2362 1613//274
f 1489//2317 1478//2310 1613//274 1614//2363
f 1500//278 1489//2317 1614//2363 1615//2364
f 1507//279 1500//278 1615//2364 1512//287
f 1617//2329 1536//2333 1522//290 1616//2365
f 1512//287 1616//2365 1522//290
f 1618//2366 1554//2341 1536//2333 1617//2329
f 1606//321 1386//323 1399//2273 1400//322
f 1400//322 1399//2273 1409//2278 1607//2359
f 1421//2283 1608//2360 1607//2359 1409//2278
f 1431//2289 1609//2361 1608//2360 1421//2283
f 1609//2361 1431//2289 1440//2293 1610//2293
f 1610//2293 1440//2293 1453//2297 1611//2297
f 1611//2297 1453//2297 1465//272 1612//2362
f 1612//2362 1465//272 1477//274 1613//274
f 1488//2316 1614//2363 1613//274 1477//274
f 1614//2363 1488//2316 1499//2321 1615//2364
f 1615//2364 1499//2321 1511//287 1512//287
f 1512//287 1511//287 1521//289 1616//2365
f 1535//2329 1617//2329 1616//2365 1521//289
f 1618//2366 1617//2329 1535//2329 1553//2340
f 1420//2367 1621//505 1620//327 1408//326
f 1511//287 1619//2368 1520//288
f 1520//288 1619//2368 1534//2330
f 1623//2369 1622//330 1510//329 1533//2332
f 1621//505 1420//2367 1429//333
f 1626//429 1552//479 1624//389 1625//429
f 1408//326 1397//325 1628//2370 1629//2371
f 1374//337 1628//2370 1397//325
f 1420//2367 1408//326 1629//2371 1630//2282
f 1429//333 1420//2367 1630//2282 1631//331
f 1464//1090 1451//1089 1632//2372 1633//2373
f 1438//332 1632//2372 1451//1089
f 1475//2374 1464//1090 1633//2373 1634//2375
f 1486//2376 1475//2374 1634//2375 1635//2377
f 1497//335 1486//2376 1635//2377 1636//334
f 1638//2378 1532//2331 1510//329 1637//2379
f 1639//2380 1550//427 1532//2331 1638//2378
f 1628//2370 1374//337 1384//336 1396//2271
f 1629//2371 1628//2370 1396//2271 1407//2277
f 1630//2282 1629//2371 1407//2277 1419//2282
f 1631//331 1630//2282 1419//2282 1428//2288
f 1438//332 1631//331 1428//2288 1437//266
f 1632//2372 1438//332 1437//266 1450//268
f 1633//2373 1632//2372 1450//268 1463//2303
f 1634//2375 1633//2373 1463//2303 1474//2309
f 1635//2377 1634//2375 1474//2309 1485//2314
f 1636//334 1635//2377 1485//2314 1496//334
f 1505//328 1636//334 1496//334 1504//284
f 1637//2379 1510//329 1504//284 1519//286
f 1531//2327 1638//2378 1637//2379 1519//286
f 1639//2380 1638//2378 1531//2327 1549//1135
f 1530//2328 1518//285 1656//358 1657//363
f 1385//340 1642//342 1395//344
f 1646//350 1645//349 1647//2381
f 1651//353 1650//352 1652//354
f 1654//356 1653//355 1655//357
f 1659//481 1530//2328 1657//363 1658//2382
f 1652//354 1661//1084 1660//359 1651//353
f 1664//411 1548//480 1662//514 1663//430
f 1661//1084 1652//354 1654//356
f 1652//354 1650//352 1667//2308 1668//361
f 1643//2383 1666//360 1644//348
f 1649//351 1667//2308 1650//352
f 1670//2339 1658//2382 1657//363 1669//362
f 1653//355 1503//281 1655//357
f 1641//346 1371//364 1394//2270 1642//342
f 1369//444 1371//364 1665//365
f 1642//342 1394//2270 1405//2276 1643//2383
f 1417//2281 1666//360 1643//2383 1405//2276
f 1427//2287 1645//349 1666//360 1417//2281
f 1645//349 1427//2287 1436//2291 1647//2381
f 1647//2381 1436//2291 1448//2295 1648//1075
f 1648//1075 1448//2295 1461//2301 1649//351
f 1649//351 1461//2301 1473//2308 1667//2308
f 1484//361 1668//361 1667//2308 1473//2308
f 1668//361 1484//361 1495//366 1653//355
f 1655//357 1503//281 1517//283 1656//358
f 1669//362 1656//358 1517//283 1529//2326
f 1670//2339 1669//362 1529//2326 1547//2339
f 1404//371 1393//1064 1391//261 1403//369
f 1368//262 1391//261 1393//1064
f 1435//373 1426//2286 1425//380 1445//264
f 1416//370 1425//380 1426//2286
f 1472//2307 1460//2300 1671//2302 1672//2384
f 1447//372 1671//2302 1460//2300
f 1483//2313 1472//2307 1672//2384 1673//381
f 1494//375 1483//2313 1673//381 1493//374
f 1671//2302 1447//372 1446//263 1459//2302
f 1503//281 1515//294 1516//282
f 1516//282 1515//294 1528//376
f 1403//369 1413//379 1416//370
f 1445//264 1446//263 1447//372
f 1672//2384 1671//2302 1459//2302 1471//277
f 1673//381 1672//2384 1471//277 1482//276
f 1545//2338 1674//377 1528//376 1527//296
f 1493//374 1514//382 1503//281
f 1544//2337 1526//295 1678//2385 1543//482
f 1676//2386 1392//2269 1367//260
f 1367//260 1392//2269 1391//261
f 1458//384 1677//383 1470//275
f 1515//294 1678//2385 1526//295
f 1598//512 1679//502 1680//456 1681//2387
f 1684//2388 1575//510 1682//377 1683//419
f 1686//415 1687//2389 1387//386 1376//413
f 1689//2390 1625//429 1624//389 1688//2391
f 1692//2392 1688//2391 1624//389 1691//389
f 1387//386 1687//2389 1690//387
f 1692//2392 1691//389 1694//391 1695//390
f 1695//390 1696//389 1698//389 1699//1116
f 1697//392 1387//386 1693//388
f 1702//1166 1699//1116 1700//429 1701//389
f 1698//389 1700//429 1699//1116
f 1702//1166 1701//389 1703//389 1704//396
f 1709//460 1710//2393 1707//502 1708//513
f 1374//337 1840//394 1841//424
f 1712//2394 1711//503 1707//502 1710//2393
f 1712//2394 1714//439 1713//503 1711//503
f 1718//458 1717//502 1715//502 1714//439
f 1715//502 1713//503 1714//439
f 1720//2395 1719//513 1717//502 1718//458
f 1723//2396 1722//502 1719//513 1720//2395
f 1723//2396 1724//2397 1679//502 1722//502
f 1378//8 1832//2398 1721//515
f 1831//435 1832//2398 1378//8 1725//436
f 1679//502 1724//2397 1680//456
f 1729//418 1730//1174 1727//377 1728//416
f 1732//2399 1731//377 1727//377 1730//1174
f 1732//2399 1735//452 1734//416 1731//377
f 1739//399 1738//377 1736//377 1735//452
f 1736//377 1734//416 1735//452
f 1563//485 1737//451 1733//2400
f 1742//2401 1741//377 1740//400 1739//399
f 1742//2401 1743//2402 1682//377 1741//377
f 1746//2403 1662//514 1747//411 1748//438
f 1682//377 1743//2402 1683//419
f 1744//2404 1373//341 1745//403
f 1662//514 1746//2403 1663//430
f 1748//438 1747//411 1749//411 1750//440
f 1750//440 1749//411 1751//411 1752//441
f 1757//2405 1752//441 1754//411 1756//481
f 1751//411 1754//411 1752//441
f 1757//2405 1756//481 1758//481 1759//2406
f 1844//385 1641//346 1755//402
f 1761//472 1759//2406 1758//481 1760//411
f 1765//2407 1763//2408 1540//481 1764//483
f 1675//297 1807//431 1762//403
f 1540//481 1763//2408 1541//477
f 1675//297 1848//404 1849//339
f 1765//2407 1764//483 1766//483 1767//491
f 1685//439 1675//297 1849//339
f 1767//491 1766//483 1768//483 1769//1131
f 1771//465 1388//254 1377//256 1770//464
f 1773//476 1772//2409 1542//2336 1847//474
f 1782//466 1783//462 1780//2410 1781//410
f 1779//408 1626//429 1798//409
f 1786//453 1784//2411 1681//2387 1785//455
f 1789//450 1787//2412 1684//2388 1788//421
f 1828//447 1562//1101 1561//518 1790//448
f 1793//454 1792//511 1784//2411 1786//453
f 1684//2388 1683//419 1788//421
f 1794//434 1785//455 1681//2387 1680//456
f 1795//463 1770//464 1377//256 1599//316
f 1771//465 1796//461 1605//324 1388//254
f 1708//513 1780//2410 1783//462
f 1798//409 1782//466 1781//410 1797//410
f 1778//406 1777//405 1801//2339 1802//473
f 1605//324 1796//461 1375//467
f 1626//429 1625//429 1798//409
f 1802//473 1801//2339 1774//2413 1775//443
f 1665//365 1800//345 1369//444
f 1804//475 1775//443 1774//2413 1803//2414
f 1773//476 1804//475 1803//2414 1772//2409
f 1805//445 1847//474 1542//2336 1541//477
f 1806//417 1728//416 1792//511 1793//454
f 1808//469 1798//409 1625//429 1689//2390
f 1675//297 1366//367 1807//431
f 1809//2415 1795//463 1599//316 1706//397
f 1810//459 1709//460 1708//513 1783//462
f 1812//442 1761//472 1760//411 1778//406
f 1378//8 1726//398 1791//433
f 1818//471 1819//428 1816//427 1817//2416
f 1374//337 1841//424 1813//426
f 1818//471 1817//2416 1821//1135 1822//2417
f 1822//2417 1821//1135 1814//423 1815//422
f 1627//338 1813//426 1372//478
f 1788//421 1828//447 1826//446 1827//449
f 1705//395 1819//428 1824//470
f 1732//2399 1379//259 1733//2400 1735//452
f 1737//451 1735//452 1733//2400
f 1730//1174 1577//311 1379//259 1732//2399
f 1687//2389 1686//415 1836//2418 1837//2419
f 1577//311 1730//1174 1726//398
f 1721//515 1720//2395 1716//457
f 1716//457 1714//439 1600//491
f 1600//491 1714//439 1833//255
f 1835//468 1836//2418 1686//415
f 1690//387 1687//2389 1837//2419 1838//437
f 1640//339 1744//2404 1746//2403 1748//438
f 1842//425 1822//2417 1373//341
f 1373//341 1822//2417 1815//422
f 1815//422 1823//431 1373//341
f 1745//403 1746//2403 1744//2404
f 1757//2405 1755//402 1753//401 1752//441
f 1366//367 1369//444 1775//443 1804//475
f 1755//402 1757//2405 1844//385
f 1811//420 1683//419 1562//1101 1828//447
f 1804//475 1847//474 1366//367
f 1366//367 1847//474 1805//445
f 1683//419 1743//2402 1829//486 1562//1101
f 1743//2402 1742//2401 1830//484 1829//486
f 1742//2401 1739//399 1737//451 1830//484
f 1791//433 1806//417 1793//454 1378//8
f 1729//418 1726//398 1730//1174
f 1680//456 1724//2397 1832//2398 1831//435
f 1378//8 1794//434 1725//436
f 1794//434 1378//8 1785//455
f 1724//2397 1723//2396 1721//515 1832//2398
f 1833//255 1712//2394 1710//2393 1834//315
f 1720//2395 1721//515 1723//2396
f 1716//457 1720//2395 1718//458
f 1712//2394 1833//255 1714//439
f 1834//315 1710//2393 1709//460 1706//397
f 1796//461 1795//463 1809//2415 1810//459
f 1706//397 1810//459 1809//2415
f 1808//469 1689//2390 1836//2418 1835//468
f 1798//409 1835//468 1799//414
f 1689//2390 1688//2391 1837//2419 1836//2418
f 1688//2391 1692//2392 1838//437 1837//2419
f 1692//2392 1695//390 1693//388 1838//437
f 1697//392 1699//1116 1702//1166 1839//393
f 1697//392 1693//388 1695//390
f 1697//392 1695//390 1699//1116
f 1839//393 1702//1166 1704//396 1840//394
f 1840//394 1704//396 1705//395 1841//424
f 1841//424 1705//395 1824//470 1842//425
f 1372//478 1813//426 1842//425 1373//341
f 1844//385 1759//2406 1761//472 1845//347
f 1822//2417 1842//425 1818//471
f 1746//2403 1745//403 1663//430
f 1759//2406 1844//385 1757//2405
f 1541//477 1763//2408 1848//404 1762//403
f 1800//345 1846//412 1369//444
f 1802//473 1775//443 1846//412
f 1763//2408 1765//2407 1849//339 1848//404
f 1765//2407 1767//491 1685//439 1849//339
f 1387//386 1386//323 1375//467 1376//413
f 3876//1119 1685//439 1767//491
f 1853//481 1850//481 1851//2420 1852//2421
f 1379//259 1378//8 1855//257
f 1772//2409 1803//2414 1545//2338 1544//2337
f 1546//378 1774//2413 1801//2339 1547//2339
f 1548//480 1814//423 1821//1135 1549//1135
f 1550//427 1816//427 1820//429 1551//389
f 1552//479 1779//408 1797//410 1553//2340
f 1554//2341 1780//2410 1708//513 1555//502
f 1556//2342 1784//2411 1792//511 1557//511
f 1684//2388 1787//2412 1576//2347 1575//510
f 1681//2387 1784//2411 1556//2342 1598//512
f 1781//410 1780//2410 1554//2341 1618//2366
f 1553//2340 1797//410 1781//410 1618//2366
f 1605//324 1375//467 1386//323
f 1856//389 1623//2369 1533//2332 1551//389
f 1817//2416 1816//427 1550//427 1639//2380
f 1821//1135 1817//2416 1639//2380 1549//1135
f 1627//338 1372//478 1384//336
f 1658//2382 1776//407 1760//411 1659//481
f 1777//405 1776//407 1658//2382 1670//2339
f 1530//2328 1659//481 1857//481
f 1801//2339 1777//405 1670//2339 1547//2339
f 1803//2414 1774//2413 1674//377 1545//2338
f 1546//378 1674//377 1774//2413
f 1543//482 1542//2336 1772//2409 1544//2337
f 1367//260 1675//297 1676//2386
f 1859//2422 1860//516 1858//2423 1559//298
f 1861//502 1604//2357 1537//498 1555//502
f 1382//2268 1676//2386 1675//297 1685//439
f 1539//2334 1557//511 1862//377
f 1640//339 1843//439 1385//340
f 1850//481 1766//483 1764//483 1543//482
f 1854//2424 1578//2349 1579//2348 1863//488
f 1829//486 1563//485 1562//1101
f 1579//2348 1580//2350 1864//489 1863//488
f 1580//2350 1581//2351 1566//300 1864//489
f 1509//487 1525//293 1866//2425 1865//91
f 1582//2345 1566//300 1581//2351
f 1865//91 1569//308 1509//487
f 1525//293 1539//2334 1867//2426 1866//2425
f 1539//2334 1862//377 1868//377 1867//2426
f 1578//2349 1733//2400 1379//259
f 1736//377 1738//377 1868//377 1862//377
f 1854//2424 1563//485 1733//2400 1578//2349
f 1863//488 1564//299 1563//485 1854//2424
f 1573//2344 1572//490 1866//2425 1867//2426
f 1569//308 1865//91 1571//309
f 1865//91 1866//2425 1572//490
f 1575//510 1573//2344 1867//2426 1868//377
f 1590//2354 1401//2274 1400//322 1410//2358
f 1855//257 1400//322 1401//2274
f 1591//492 1590//2354 1410//2358 1422//317
f 1592//2355 1442//313 1869//2427 1870//271
f 1601//312 1869//2427 1442//313
f 1593//2356 1592//2355 1870//271 1871//319
f 1594//495 1593//2356 1871//319 1872//493
f 1861//502 1715//502 1717//502 1874//502
f 1490//494 1500//278 1595//496
f 1874//502 1598//512 1597//499 1873//498
f 1753//401 1641//346 1843//439
f 1530//2328 1857//481 1548//480
f 1870//271 1869//2427 1441//269 1455//271
f 1600//491 1388//254 1855//257
f 1601//312 1441//269 1869//2427
f 1602//319 1871//319 1870//271 1455//271
f 1872//493 1871//319 1602//319 1479//493
f 1873//498 1596//497 1603//320 1604//2357
f 1513//280 1512//287 1596//497
f 1512//287 1603//320 1596//497
f 1874//502 1873//498 1604//2357 1861//502
f 1751//411 1548//480 1857//481
f 1418//500 1406//343 1643//2383 1644//348
f 1385//340 1843//439 1641//346
f 1642//342 1643//2383 1406//343
f 1449//267 1437//266 1647//2381 1648//1075
f 1646//350 1647//2381 1437//266
f 1462//501 1449//267 1648//1075 1649//351
f 1374//337 1397//325 1398//2272 1387//386
f 1654//356 1655//357 1504//284
f 1429//333 1438//332 1439//2292 1430//504
f 1620//327 1398//2272 1397//325
f 1438//332 1451//1089 1452//2296 1439//2292
f 1451//1089 1464//1090 1465//272 1452//2296
f 1464//1090 1475//2374 1476//273 1465//272
f 1475//2374 1486//2376 1487//2315 1476//273
f 1487//2315 1486//2376 1497//335 1498//2320
f 1497//335 1505//328 1506//2324 1498//2320
f 1505//328 1622//330 1875//2428 1511//287
f 1511//287 1506//2324 1505//328
f 1875//2428 1622//330 1623//2369 1876//2332
f 1623//2369 1856//389 1877//389 1876//2332
f 1698//389 1696//389 1877//389 1856//389
f 1876//2332 1534//2330 1619//2368 1875//2428
f 1387//386 1697//392 1374//337
f 1511//287 1875//2428 1619//2368
f 1877//389 1552//479 1534//2330 1876//2332
f 1392//2269 1676//2386 1382//2268 1381//507
f 1414//1720 1403//369 1391//261 1390//506
f 1879//1013 1470//275 1677//383 1878//509
f 1403//369 1414//1720 1413//379
f 1880//1012 1482//276 1470//275 1879//1013
f 3530//1097 1493//374 1482//276 1880//1012
f 1543//482 1678//2385 1851//2420 1850//481
f 1493//374 3530//1097 1514//382
f 1514//382 3539//1219 1515//294
f 1515//294 1851//2420 1678//2385
f 1868//377 1740//400 1741//377 1575//510
f 1830//484 1737//451 1563//485
f 1731//377 1734//416 1862//377 1557//511
f 1728//416 1727//377 1557//511 1792//511
f 1874//502 1719//513 1722//502 1598//512
f 1555//502 1711//503 1713//503 1861//502
f 1877//389 1694//391 1691//389 1552//479
f 1707//502 1555//502 1708//513
f 1701//389 1700//429 1856//389 1551//389
f 1820//429 1705//395 1703//389 1551//389
f 1756//481 1754//411 1857//481 1659//481
f 1827//449 1826//446 1860//516 1859//2422
f 1758//481 1659//481 1760//411
f 1744//2404 1640//339 1373//341
f 1855//257 1378//8 1721//515
f 1858//2423 1860//516 1561//518
f 1790//448 1561//518 1860//516
f 1859//2422 1787//2412 1789//450 1827//449
f 1576//2347 1787//2412 1859//2422 1559//298
f 1574//2343 1576//2347 1559//298 1558//297
f 1881//1230 1570//310 1571//309 1560//297
f 1571//309 1574//2343 1558//297
f 1571//309 1558//297 1560//297
f 1589//306 1570//310 1881//1230 1882//2429
f 1882//2429 1587//2346 1568//307 1589//306
f 1883//1696 1586//2353 1587//2346 1882//2429
f 1585//2352 1586//2353 1883//1696 1884//297
f 1584//303 1585//2352 1884//297 1885//2430
f 1885//2430 1582//2345 1567//304 1584//303
f 1886//298 1566//300 1582//2345 1885//2430
f 1887//517 1565//301 1566//300 1886//298
f 1858//2423 1887//517 1886//298 1559//298
f 1561//518 1887//517 1858//2423
f 1886//298 1885//2430 1884//297 1559//298
f 1881//1230 1560//297 1883//1696 1882//2429
f 1883//1696 1560//297 1559//298 1884//297
f 1892//520 1903//583 1902//583 1891//461
f 1888//519 1889//526 1890//461
f 1891//461 2173//465 2174//184
f 1888//519 1890//461 1892//520
f 1905//536 1889//526 1888//519
f 5534//1645 1896//532 1895//535
f 5532//521 1897//1646 1898//522
f 1891//461 1902//583 2173//465
f 1911//530 1896//532 1909//1643 1910//2431
f 1905//536 1904//614 1889//526
f 1914//1649 1900//524 1912//533 1913//2432
f 1918//590 1919//586 1898//522 1897//1646
f 1911//530 1915//624 1916//531
f 1899//525 1917//537 1912//533
f 1916//531 1915//624 1895//535
f 1895//535 1918//590 1897//1646
f 1921//625 1905//536 1908//529 1920//622
f 1919//586 1918//590 1928//324 1929//324
f 1902//583 1923//324 2173//465
f 1905//536 1921//625 1904//614
f 1927//534 1926//613 1894//523
f 2174//184 1911//530 1910//2431 1930//2433
f 1895//535 1928//324 1918//590
f 1911//530 2174//184 1915//624
f 1932//1513 1913//2432 1912//533 1931//297
f 1935//2434 1936//2435 1933//645 1934//543
f 1940//2436 1937//2437 1938//1413 1939//571
f 1940//2436 1942//2438 1941//2439 1937//2437
f 1944//2440 1936//2435 1935//2434 1943//567
f 1948//2441 1945//338 1946//538 1947//540
f 1951//568 1950//688 1945//338 1948//2441
f 1943//567 1935//2434 1950//688 1951//568
f 1952//2442 1934//543 1953//544 1954//2443
f 1949//539 1934//543 1952//2442
f 1958//2444 1955//688 1956//538 1957//2445
f 1960//2446 1957//2445 1956//538 1959//1413
f 1942//2438 1960//2446 1959//1413 1941//2439
f 1962//2447 1961//543 1955//688 1958//2444
f 1954//2443 1953//544 1963//541 1964//2448
f 1964//2448 1963//541 1965//543 1966//2449
f 1966//2449 1965//543 1967//1412 1968//2450
f 1962//2447 1970//2451 1969//543 1961//543
f 1970//2451 1968//2450 1967//1412 1969//543
f 1953//544 1934//543 1933//645 1971//542
f 1937//2437 1961//543 1972//645 1938//1413
f 1973//297 1974//2452 1938//1413 1972//645
f 1975//569 1939//571 1938//1413 1974//2452
f 1976//2453 1977//2454 1936//2435 1944//2440
f 1977//2454 1978//297 1933//645 1936//2435
f 1971//542 1933//645 1978//297 1979//297
f 1937//2437 1941//2439 1955//688 1961//543
f 1959//1413 1956//538 1955//688 1941//2439
f 1949//539 1950//688 1935//2434 1934//543
f 1949//539 1946//538 1945//338 1950//688
f 1971//542 1969//543 1967//1412 1965//543
f 1979//297 1973//297 1972//645 1971//542
f 1972//645 1961//543 1969//543 1971//542
f 1982//2455 1983//1248 1980//547 1981//553
f 1985//545 1984//547 1987//729 1988//573
f 1982//2455 1981//553 1989//563 1990//2456
f 1995//553 1982//2455 1990//2456 1996//551
f 1997//2457 1983//1248 1994//550 1993//549
f 1999//565 1983//1248 1997//2457 1998//2458
f 1988//573 1987//729 2004//547 2003//557
f 2000//556 2005//547 2006//575 2001//554
f 2008//564 1999//565 1998//2458 2007//2459
f 2010//560 2008//564 2007//2459 2009//558
f 2006//575 2005//547 2012//547 2013//561
f 1980//547 1983//1248 1999//565 2014//547
f 2015//547 2005//547 1984//547 1986//546
f 1984//547 2005//547 2000//556 1987//729
f 2016//562 1980//547 2014//547
f 2004//547 1987//729 2000//556 2002//555
f 1994//550 1983//1248 1982//2455 1995//553
f 1994//550 1995//553 1991//552 1992//548
f 2014//547 2010//560 2011//559 2012//547
f 2016//562 2014//547 2015//547 1986//546
f 2015//547 2014//547 2012//547 2005//547
f 2018//572 1940//2436 1939//571 2017//570
f 2019//580 1942//2438 1940//2436 2018//572
f 1948//2441 1947//540 2021//2460 2022//2461
f 1943//567 2020//2462 1944//2440
f 2021//2460 1947//540 1949//539 2023//2463
f 1951//568 1948//2441 2022//2461 2024//566
f 2023//2463 1949//539 1952//2442 2025//2464
f 1952//2442 1954//2443 2026//2465 2025//2464
f 1958//2444 1957//2445 2027//2466 2028//2467
f 1957//2445 1960//2446 2029//2468 2027//2466
f 2029//2468 1960//2446 1942//2438 2019//580
f 1962//2447 1958//2444 2028//2467 2030//2469
f 1954//2443 1964//2448 2031//2470 2026//2465
f 1964//2448 1966//2449 2032//2471 2031//2470
f 2032//2471 1966//2449 1968//2450 2033//2472
f 2034//2473 1970//2451 1962//2447 2030//2469
f 2033//2472 1968//2450 1970//2451 2034//2473
f 1976//2453 1944//2440 2020//2462 2035//578
f 2037//579 1974//2452 1973//297 2036//757
f 1975//569 1974//2452 2037//579 2017//570
f 1977//2454 1976//2453 2035//578 2038//577
f 2039//1641 1978//297 1977//2454 2038//577
f 1973//297 1979//297 2040//1641 2036//757
f 1979//297 1978//297 2039//1641 2040//1641
f 1992//548 1991//552 2041//2461 2042//2460
f 2043//2463 1993//549 1992//548 2042//2460
f 2044//2474 1997//2457 1993//549 2043//2463
f 1996//551 2041//2461 1991//552
f 1998//2458 1997//2457 2044//2474 2045//2465
f 2003//557 2002//555 2046//2466 2047//2475
f 2001//554 2046//2466 2002//555
f 2007//2459 1998//2458 2045//2465 2049//2476
f 2003//557 2047//2475 1988//573
f 2009//558 2007//2459 2049//2476 2050//2471
f 2051//2472 2011//559 2009//558 2050//2471
f 2048//574 2006//575 2013//561 2052//2473
f 2052//2473 2013//561 2011//559 2051//2472
f 1943//567 2024//566 1996//551 1990//2456
f 2018//572 2053//576 1986//546
f 2020//2462 1943//567 1990//2456 1989//563
f 2035//578 2020//2462 1989//563 2053//576
f 2047//2475 2029//2468 2019//580 1988//573
f 2027//2466 2029//2468 2047//2475 2046//2466
f 2028//2467 2027//2466 2046//2466 2001//554
f 2030//2469 2028//2467 2001//554 2048//574
f 2052//2473 2034//2473 2030//2469 2048//574
f 2051//2472 2033//2472 2034//2473 2052//2473
f 2050//2471 2032//2471 2033//2472 2051//2472
f 2031//2470 2032//2471 2050//2471 2049//2476
f 2026//2465 2031//2470 2049//2476 2045//2465
f 2025//2464 2026//2465 2045//2465 2044//2474
f 2043//2463 2023//2463 2025//2464 2044//2474
f 2042//2460 2021//2460 2023//2463 2043//2463
f 2022//2461 2021//2460 2042//2460 2041//2461
f 2024//566 2022//2461 2041//2461 1996//551
f 2062//602 2063//2477 2055//582 2054//581
f 2065//609 2066//600 2059//586 2058//585
f 2057//584 2056//584 2064//2478
f 2070//1394 2071//584 2068//604 2069//607
f 2061//587 2060//534 2067//594
f 2075//596 2076//324 2073//2339 2074//595
f 2079//256 2080//583 2077//1262 2078//1291
f 1890//461 1901//324 1903//583 1892//520
f 2081//444 2082//444 1891//461
f 1927//534 1894//523 1919//586 1929//324
f 1894//523 1898//522 1919//586
f 2084//584 1902//583 1903//583 2083//618
f 2086//615 1927//534 1929//324 2085//590
f 2088//2477 2084//584 2083//618 2087//2477
f 2090//2479 2086//615 2085//590 2089//2480
f 2098//592 2099//590 2097//582 2077//1262
f 2101//583 2102//604 2100//586 2091//588
f 2105//324 2076//324 2103//617 2104//617
f 2107//2481 2108//2482 2106//2483 2073//2339
f 2111//324 2071//584 2109//618 2110//628
f 2113//2484 2114//594 2112//324 2068//604
f 2119//610 2120//324 2118//618 2094//590
f 2115//590 2142//605 2116//592
f 2105//324 2131//2485 2130//2486 2107//2481
f 2125//603 2101//583 2126//583
f 2127//616 2128//324 2129//324
f 2111//324 2134//600 2114//594 2113//2484
f 2132//597 2098//592 2133//628
f 2137//582 2138//612 2164//608 2119//610
f 2135//602 2116//592 2136//2483
f 2092//589 2070//1394 2088//2477 2087//2477
f 2139//2487 2140//324 2141//587
f 2142//605 2066//600 2065//609 2072//606
f 2075//596 2090//2479 2089//2480 2095//591
f 2078//1291 2144//1394 2063//2477 2062//602
f 2151//198 2152//534 2080//583 2079//256
f 2127//616 2122//671 2131//2485
f 2138//612 2149//2488 2123//611
f 2068//604 2112//324 2069//607
f 2102//604 2154//324 2153//324 2100//586
f 2098//592 2077//1262 2080//583 2133//628
f 2114//594 2156//534 2155//604 2112//324
f 2140//324 2091//588 2100//586 2141//587
f 2108//2482 2162//2482 2161//324 2106//2483
f 2139//2487 2141//587 2159//534
f 2062//602 2079//256 2078//1291
f 2160//587 2061//587 2067//594
f 2143//198 2074//595 2073//2339 2106//2483
f 2163//324 2118//618 2120//324
f 2127//616 2129//324 2165//324
f 2135//602 2136//2483 2166//534
f 2128//324 2094//590 2118//618 2129//324
f 2108//2482 2107//2481 2130//2486 2168//887
f 2142//605 2136//2483 2116//592
f 2061//587 2160//587 2169//534 1927//534
f 2121//627 2168//887 2130//2486
f 1923//324 1902//583 2057//584
f 2066//600 2089//2480 2085//590 2059//586
f 2117//593 2137//582 2096//586 2115//590
f 2117//593 2116//592 2135//602 2149//2488
f 2095//591 2089//2480 2066//600 2142//605
f 2059//586 2085//590 1929//324 1928//324
f 2137//582 2117//593 2149//2488 2138//612
f 2119//610 2094//590 2096//586 2137//582
f 2135//602 2124//671 2123//611 2149//2488
f 2142//605 2115//590 2096//586 2095//591
f 1917//537 1894//523 2170//626 2171//623
f 2172//619 1926//613 1927//534 2169//534
f 1926//613 2172//619 1904//614
f 1928//324 1895//535 2173//465 1923//324
f 2129//324 2118//618 2163//324 2165//324
f 2174//184 2173//465 1895//535
f 1930//2433 2175//621 2174//184
f 1917//537 2171//623 1931//297
f 1904//614 2170//626 1894//523
f 2106//2483 2161//324 2143//198
f 2136//2483 2142//605 2069//607 2166//534
f 2162//2482 2108//2482 2168//887 2132//597
f 2062//602 2176//587 2160//587 2067//594
f 2121//627 2132//597 2168//887
f 2133//628 2152//534 2161//324 2162//2482
f 2159//534 2153//324 2163//324 2164//608
f 2157//599 2146//598 2121//627 2122//671
f 2158//599 2148//598 2123//611 2124//671
f 2154//324 2125//603 2127//616 2165//324
f 2156//534 2177//198 2135//602 2166//534
f 2143//198 2151//198 2062//602 2067//594
f 2125//603 2157//599 2122//671 2127//616
f 2177//198 2158//599 2124//671 2135//602
f 2176//587 1922//534 2169//534 2160//587
f 2103//617 2076//324 2075//596 2095//591
f 2067//594 2060//534 2086//615 2090//2479
f 2107//2481 2073//2339 2076//324 2105//324
f 2104//617 2127//616 2131//2485 2105//324
f 2074//595 2067//594 2090//2479 2075//596
f 2130//2486 2131//2485 2122//671 2121//627
f 2103//617 2094//590 2128//324 2104//617
f 2064//2478 2056//584 2084//584 2088//2477
f 2113//2484 2068//604 2071//584 2111//324
f 2110//628 2147//601 2134//600 2111//324
f 2070//1394 2069//607 2064//2478 2088//2477
f 2063//2477 2087//2477 2083//618 2055//582
f 2144//1394 2078//1291 2077//1262 2097//582
f 2101//583 2091//588 2093//588 2126//583
f 2099//590 2098//592 2132//597 2145//596
f 2144//1394 2092//589 2087//2477 2063//2477
f 2055//582 2083//618 1903//583 1901//324
f 2139//2487 2148//598 2158//599 2147//601
f 2110//628 2140//324 2139//2487 2147//601
f 2109//618 2091//588 2140//324 2110//628
f 2126//583 2099//590 2145//596 2125//603
f 2093//588 2097//582 2099//590 2126//583
f 2144//1394 2097//582 2093//588 2092//589
f 2109//618 2071//584 2070//1394 2092//589
f 2171//623 2170//626 1921//625 1920//622
f 2172//619 2169//534 1922//534 1889//526
f 2065//609 2167//584 2057//584 2064//2478
f 2143//198 2161//324 2152//534 2151//198
f 2165//324 2163//324 2153//324 2154//324
f 2072//606 2065//609 2064//2478 2069//607
f 2155//604 2156//534 2166//534
f 2132//597 2133//628 2162//2482
f 2139//2487 2159//534 2164//608
f 2164//608 2123//611 2148//598 2139//2487
f 2141//587 2100//586 2153//324 2159//534
f 1923//324 2057//584 2167//584
f 2112//324 2155//604 2069//607
f 2150//587 1901//324 1922//534 2176//587
f 2114//594 2177//198 2156//534
f 2062//602 2151//198 2079//256
f 2158//599 2177//198 2114//594
f 2174//184 1925//209 2181//209 1891//461
f 1891//461 2082//444 2179//444 1888//519
f 1932//1513 1931//297 1920//622 1924//42
f 2186//646 2206//650 2195//635 2194//1652
f 2182//644 2214//341 2183//478
f 2184//630 2197//710 2217//163
f 2182//644 2183//478 2184//630
f 2191//641 2188//1683 2189//711
f 2188//1683 2190//640 2189//711
f 2187//647 2192//91 2193//642
f 2205//638 2190//640 2203//1651 2204//648
f 2184//630 2198//631 2197//710
f 2213//2489 2182//644 2202//634 2212//712
f 2195//635 2206//650 2207//636
f 2205//638 2209//720 2210//639
f 2210//639 2209//720 2189//711
f 2211//338 2191//641 2220//631 2221//338
f 2198//631 2216//631 2197//710
f 2210//639 2189//711 2190//640
f 5573//715 2223//184 2182//644
f 2182//644 2213//2489 2214//341
f 2226//365 2227//652 2224//365 2225//365
f 2189//711 2220//631 2191//641
f 2205//638 2222//649 2209//720
f 2209//720 2217//163 2189//711
f 2236//2490 2234//2491 2233//1253 2235//1256
f 2226//365 2231//652 2227//652
f 2233//1253 2234//2491 2232//2492
f 2238//2493 2236//2490 2235//1256 2225//365
f 2238//2493 2225//365 2239//658 2240//2494
f 2244//2495 2241//657 2242//653 2243//655
f 2247//2496 2246//1253 2241//657 2244//2495
f 2240//2494 2239//658 2248//656 2249//2497
f 2249//2497 2248//656 2250//657 2251//2498
f 2251//2498 2250//657 2252//2499 2253//2500
f 2247//2496 2255//2501 2254//758 2246//1253
f 2255//2501 2253//2500 2252//2499 2254//758
f 2239//658 2225//365 2224//365 2256//365
f 2228//674 2246//1253 2257//1253 2229//678
f 2256//365 2224//365 2259//676 2258//679
f 2229//678 2257//1253 2258//679
f 2224//365 2227//652 2259//676
f 2228//674 2230//673 2241//657 2246//1253
f 2245//654 2242//653 2241//657 2230//673
f 2235//1256 2237//651 2226//365 2225//365
f 2235//1256 2233//1253 2232//2492 2237//651
f 2256//365 2254//758 2252//2499 2250//657
f 2257//1253 2246//1253 2254//758 2256//365
f 2257//1253 2256//365 2258//679
f 2261//2502 2262//587 2260//324 2295//683
f 2264//659 2263//590 2265//590 2266//2503
f 2261//2502 2295//683 2267//2504 2268//680
f 2273//618 2261//2502 2268//680 2274//663
f 2275//2505 2262//587 2272//610 2271//662
f 2277//672 2262//587 2275//2505 2276//2506
f 2266//2503 2265//590 2282//592 2281//667
f 2278//610 2283//324 2284//2507 2279//665
f 2286//587 2277//672 2276//2506 2285//2508
f 2288//324 2286//587 2285//2508 2287//668
f 2284//2507 2283//324 2290//590 2291//670
f 2260//324 2262//587 2277//672 2292//324
f 2293//324 2283//324 2263//590 2296//660
f 2292//324 2294//671 2295//683 2260//324
f 2263//590 2283//324 2278//610 2265//590
f 2282//592 2265//590 2278//610 2280//666
f 2272//610 2262//587 2261//2502 2273//618
f 2272//610 2273//618 2269//664 2270//661
f 2292//324 2288//324 2289//669 2290//590
f 2293//324 2292//324 2290//590 2283//324
f 2232//2492 2234//2491 2297//2509 2298//2510
f 2229//678 2296//660 2228//674
f 2234//2491 2236//2490 2299//2511 2297//2509
f 2300//2512 2237//651 2232//2492 2298//2510
f 2236//2490 2238//2493 2301//2513 2299//2511
f 2237//651 2300//2512 2231//652
f 2301//2513 2238//2493 2240//2494 2302//2514
f 2304//2515 2244//2495 2243//655 2303//2516
f 2243//655 2245//654 2305//2517 2303//2516
f 2306//2518 2247//2496 2244//2495 2304//2515
f 2230//673 2305//2517 2245//654
f 2302//2514 2240//2494 2249//2497 2307//2519
f 2307//2519 2249//2497 2251//2498 2308//2520
f 2251//2498 2253//2500 2309//2521 2308//2520
f 2255//2501 2247//2496 2306//2518 2310//2522
f 2253//2500 2255//2501 2310//2522 2309//2521
f 2258//679 2259//676 2313//547 2312//677
f 2311//675 2313//547 2259//676
f 2264//659 2266//2503 2314//2523 2296//660
f 2270//661 2269//664 2315//2510 2316//2509
f 2271//662 2270//661 2316//2509 2317//2511
f 2315//2510 2269//664 2274//663 2318//681
f 2275//2505 2271//662 2317//2511 2319//2524
f 2320//2525 2276//2506 2275//2505 2319//2524
f 2322//2516 2280//666 2279//665 2321//2526
f 2281//667 2280//666 2322//2516 2323//1406
f 2266//2503 2281//667 2323//1406 2314//2523
f 2321//2526 2279//665 2284//2507 2324//2527
f 2325//2528 2285//2508 2276//2506 2320//2525
f 2326//2529 2287//668 2285//2508 2325//2528
f 2289//669 2287//668 2326//2529 2327//2521
f 2284//2507 2291//670 2328//2522 2324//2527
f 2291//670 2289//669 2327//2521 2328//2522
f 2268//680 2231//652 2300//2512 2318//681
f 2329//677 2330//682 2294//671
f 2296//660 2329//677 2294//671
f 2295//683 2330//682 2267//2504
f 2267//2504 2227//652 2231//652 2268//680
f 2330//682 2311//675 2227//652 2267//2504
f 2229//678 2312//677 2329//677 2296//660
f 2305//2517 2230//673 2314//2523 2323//1406
f 2296//660 2314//2523 2230//673
f 2303//2516 2305//2517 2323//1406 2322//2516
f 2321//2526 2304//2515 2303//2516 2322//2516
f 2324//2527 2306//2518 2304//2515 2321//2526
f 2310//2522 2306//2518 2324//2527 2328//2522
f 2309//2521 2310//2522 2328//2522 2327//2521
f 2308//2520 2309//2521 2327//2521 2326//2529
f 2325//2528 2307//2519 2308//2520 2326//2529
f 2320//2525 2302//2514 2307//2519 2325//2528
f 2319//2524 2301//2513 2302//2514 2320//2525
f 2299//2511 2301//2513 2319//2524 2317//2511
f 2297//2509 2299//2511 2317//2511 2316//2509
f 2298//2510 2297//2509 2316//2509 2315//2510
f 2318//681 2300//2512 2298//2510 2315//2510
f 2339//697 2340//735 2332//338 2331//538
f 2341//691 2342//693 2334//543 2333//684
f 2343//2530 2344//689 2336//541 2335//685
f 2348//641 2349//1412 2346//544 2347//692
f 2338//538 2337//544 2345//2531
f 2352//698 2353//538 2350//338 2351//2532
f 2356//2533 2357//2437 2354//688 2355//598
f 2182//644 2217//163 2361//718 2362//718
f 2183//478 2196//338 2199//338 2184//630
f 2193//642 2192//91 2191//641
f 2219//645 2187//647 2211//338 2221//338
f 2193//642 2211//338 2187//647
f 2364//544 2198//631 2199//338 2363//544
f 2366//544 2219//645 2221//338 2365//338
f 2368//2534 2364//544 2363//544 2367//735
f 2370//2535 2366//544 2365//338 2369//689
f 2378//2439 2379//338 2377//338 2358//686
f 2381//543 2382//2536 2380//338 2371//538
f 2385//686 2357//2437 2383//705 2384//1412
f 2387//702 2388//338 2386//541 2354//688
f 2391//544 2349//1412 2389//645 2390//2439
f 2393//2537 2394//1415 2392//645 2346//544
f 2396//705 2397//338 2395//543 2350//338
f 2399//687 2400//1339 2398//338 2374//688
f 2405//614 2406//297 2403//2538 2404//611
f 2408//688 2409//707 2407//706 2381//543
f 2415//645 2416//698 2414//2539 2378//2439
f 2410//2540 2411//1434 2412//2536
f 2413//701 2387//702 2385//686
f 2391//544 2418//695 2417//2541 2393//2537
f 2420//2536 2421//1250 2419//704 2396//705
f 2423//538 2424//641 2422//2542 2399//687
f 2348//641 2368//2534 2367//735 2372//647
f 2425//2543 2426//1436 2427//2544
f 2351//2532 2428//2545 2344//689 2343//2530
f 2375//689 2356//2533 2370//2535 2369//689
f 2429//2546 2340//735 2339//697 2359//611
f 2421//1250 2405//614 2404//611 2419//704
f 2430//708 2431//709 2414//2539
f 2430//708 2414//2539 2416//698
f 2401//699 2413//701 2432//642
f 2435//956 2424//641 2436//703
f 2339//697 2331//538 2437//538 2438//696
f 2378//2439 2358//686 2360//338 2415//645
f 2346//544 2392//645 2347//692
f 2440//338 2380//338 2382//2536
f 2394//1415 2442//543 2441//538 2392//645
f 2426//1436 2371//538 2380//338 2427//2544
f 2382//2536 2381//543 2407//706 2446//2547
f 2434//694 2444//2548 2445//598
f 2447//645 2448//297 2416//698 2415//645
f 2394//1415 2393//2537 2417//2541 2449//2549
f 2448//297 2451//297 2430//708 2416//698
f 2425//2543 2427//2544 2450//1339
f 2417//2541 2445//598 2444//2548 2449//2549
f 2443//598 2446//2547 2407//706
f 2388//338 2454//338 2453//338 2386//541
f 2458//631 2459//1250 2421//1250 2420//2536
f 2455//338 2398//338 2400//1339
f 2410//2540 2412//2536 2457//2536
f 2343//2530 2335//685 2460//543 2461//693
f 2405//614 2421//1250 2459//1250
f 2411//1434 2374//688 2398//338 2412//2536
f 2354//688 2386//541 2355//598
f 2396//705 2350//338 2353//538 2420//2536
f 2400//1339 2399//687 2422//2542 2462//2550
f 2351//2532 2343//2530 2461//693 2352//698
f 2462//2550 2422//2542 2403//2538 2406//297
f 2344//689 2369//689 2365//338 2336//541
f 2216//631 2198//631 2334//543
f 2463//338 2219//645 2338//538
f 2428//2545 2351//2532 2350//338 2395//543
f 2397//338 2423//538 2376//690 2395//543
f 2397//338 2396//705 2419//704 2436//703
f 2428//2545 2375//689 2369//689 2344//689
f 2336//541 2365//338 2221//338 2220//631
f 2397//338 2436//703 2424//641 2423//538
f 2399//687 2374//688 2376//690 2423//538
f 2422//2542 2424//641 2435//956 2403//2538
f 2404//611 2403//2538 2435//956 2436//703
f 2428//2545 2395//543 2376//690 2375//689
f 2412//2536 2398//338 2455//338 2457//2536
f 2464//714 2465//713 2206//650
f 2189//711 2216//631 2220//631
f 2222//649 2466//719 2209//720
f 2222//649 2467//2551 2466//719
f 2206//650 2465//713 2223//184
f 2386//541 2453//338 2355//598
f 2420//2536 2353//538 2452//538 2458//631
f 2454//338 2388//338 2413//701 2448//297
f 2413//701 2401//699 2456//700 2448//297
f 2438//696 2468//645 2338//538 2345//2531
f 2352//698 2347//692 2441//538 2452//538
f 2447//645 2439//338 2453//338 2454//338
f 2450//1339 2440//338 2455//338 2400//1339
f 2443//598 2451//297 2456//700 2402//611
f 2469//614 2434//694 2406//297 2405//614
f 2382//2536 2446//2547 2410//2540 2457//2536
f 2442//543 2470//2552 2459//1250 2458//631
f 2359//611 2438//696 2345//2531 2355//598
f 2446//2547 2443//598 2402//611 2410//2540
f 2470//2552 2469//614 2405//614 2459//1250
f 2468//645 2215//338 2463//338 2338//538
f 2383//705 2357//2437 2356//2533 2375//689
f 2345//2531 2337//544 2366//544 2370//2535
f 2387//702 2354//688 2357//2437 2385//686
f 2384//1412 2432//642 2413//701 2385//686
f 2356//2533 2355//598 2345//2531 2370//2535
f 2410//2540 2402//611 2401//699 2432//642
f 2384//1412 2411//1434 2410//2540 2432//642
f 2383//705 2374//688 2411//1434 2384//1412
f 2341//691 2333//684 2364//544 2368//2534
f 2393//2537 2346//544 2349//1412 2391//544
f 2390//2439 2433//689 2418//695 2391//544
f 2347//692 2341//691 2368//2534 2348//641
f 2340//735 2367//735 2363//544 2332//338
f 2429//2546 2359//611 2358//686 2377//338
f 2381//543 2371//538 2373//687 2408//688
f 2379//338 2378//2439 2414//2539 2431//709
f 2372//647 2367//735 2340//735 2429//2546
f 2332//338 2363//544 2199//338 2196//338
f 2417//2541 2418//695 2434//694 2445//598
f 2443//598 2409//707 2430//708
f 2390//2439 2426//1436 2425//2543 2433//689
f 2434//694 2433//689 2425//2543
f 2389//645 2371//538 2426//1436 2390//2439
f 2408//688 2379//338 2431//709 2409//707
f 2373//687 2377//338 2379//338 2408//688
f 2429//2546 2377//338 2373//687 2372//647
f 2389//645 2349//1412 2348//641 2372//647
f 2212//712 2465//713 2464//714 2213//2489
f 2186//646 2463//338 2215//338 2214//341
f 2461//693 2460//543 2334//543 2342//693
f 2217//163 2197//710 2189//711
f 2214//341 2213//2489 2464//714
f 2355//598 2453//338 2439//338 2359//611
f 2457//2536 2455//338 2440//338 2382//2536
f 2458//631 2452//538 2441//538 2442//543
f 2400//1339 2462//2550 2425//2543 2450//1339
f 2448//297 2447//645 2454//338
f 2352//698 2461//693 2342//693 2347//692
f 2462//2550 2406//297 2434//694 2425//2543
f 2415//645 2360//338 2439//338 2447//645
f 2216//631 2334//543 2460//543
f 2392//645 2441//538 2347//692
f 2427//2544 2380//338 2440//338 2450//1339
f 2442//543 2394//1415 2449//2549 2470//2552
f 2434//694 2469//614 2444//2548
f 2470//2552 2449//2549 2444//2548 2469//614
f 2437//538 2196//338 2215//338 2468//645
f 2481//678 2477//678 2476//1629 2480//768
f 2185//82 2182//644 2223//184
f 2217//163 2182//644 2184//630
f 2483//728 2476//1629 2477//678
f 2478//128 2479//790 2480//768
f 2496//2553 2488//727 2491//723 2495//793
f 2473//345 2487//365 2486//726
f 2497//368 2475//8 2488//727
f 2484//785 2483//728 2497//368
f 2499//789 2486//726 2487//365 2498//757
f 2482//107 2483//728 2484//785 2485//794
f 2486//726 2499//789 2500//55
f 5499//1625 5494//721 2475//8
f 2481//678 2480//768 2502//757 2503//365
f 2488//727 2496//2553 2497//368
f 2500//55 2478//128 2493//724 2504//2554
f 2479//790 2502//757 2480//768
f 2507//2416 2508//553 2505//547 2506//553
f 2513//746 2508//553 2507//2416 2512//747
f 2518//2555 2516//2556 2515//553 2517//2455
f 2515//553 2516//2556 2514//730
f 2512//747 2507//2416 2519//553 2520//731
f 2521//2557 2518//2555 2517//2455 2506//553
f 2521//2557 2506//553 2522//734 2523//2558
f 2527//750 2524//2559 2525//2560 2526//2561
f 2529//2562 2526//2561 2525//2560 2528//2563
f 2511//744 2529//2562 2528//2563 2510//545
f 2531//749 2530//565 2524//2559 2527//750
f 2523//2558 2522//734 2532//733 2533//2564
f 2533//2564 2532//733 2534//547 2535//2565
f 2535//2565 2534//547 2536//547 2537//753
f 2531//749 2539//751 2538//553 2530//565
f 2539//751 2537//753 2536//547 2538//553
f 2522//734 2506//553 2505//547 2540//547
f 2509//729 2530//565 2541//547 2579//677
f 2509//729 2510//545 2524//2559 2530//565
f 2579//677 2541//547 2542//671
f 2508//553 2513//746 2543//732
f 2505//547 2508//553 2543//732
f 2528//2563 2525//2560 2524//2559 2510//545
f 2517//2455 2519//553 2507//2416 2506//553
f 2517//2455 2515//553 2514//730 2519//553
f 2540//547 2538//553 2536//547 2534//547
f 2543//732 2542//671 2541//547 2540//547
f 2541//547 2530//565 2538//553 2540//547
f 2546//1347 2547//544 2544//338 2545//742
f 2549//735 2548//338 2551//543 2552//2566
f 2559//544 2547//544 2557//737 2558//2567
f 2563//1412 2560//684 2561//2568 2562//2569
f 2564//2570 2565//541 2563//1412 2562//2569
f 2552//2566 2551//543 2565//541 2564//2570
f 2560//684 2566//338 2567//755 2561//2568
f 2569//541 2559//544 2558//2567 2568//2571
f 2571//338 2569//541 2568//2571 2570//738
f 2567//755 2566//338 2573//688 2574//740
f 2544//338 2547//544 2559//544 2575//338
f 2576//338 2566//338 2548//338 2550//642
f 2548//338 2566//338 2560//684 2551//543
f 2578//741 2544//338 2575//338
f 2565//541 2551//543 2560//684 2563//1412
f 2555//736 2547//544 2546//1347 2556//2572
f 2555//736 2556//2572 2553//2573 2554//2574
f 2575//338 2571//338 2572//739 2573//688
f 2578//741 2575//338 2576//338 2577//611
f 2576//338 2575//338 2573//688 2566//338
f 2514//730 2516//2556 2582//2575 2583//1350
f 2510//545 2579//677 2580//743
f 2582//2575 2516//2556 2518//2555 2584//2576
f 2520//731 2514//730 2583//1350 2585//2577
f 2512//747 2520//731 2585//2577 2581//745
f 2584//2576 2518//2555 2521//2557 2586//2578
f 2521//2557 2523//2558 2587//2579 2586//2578
f 2527//750 2526//2561 2588//2580 2589//748
f 2526//2561 2529//2562 2590//2581 2588//2580
f 2590//2581 2529//2562 2511//744 2580//743
f 2523//2558 2533//2564 2591//2582 2587//2579
f 2554//2574 2553//2573 2596//2583 2597//2575
f 2535//2565 2591//2582 2533//2564
f 2537//753 2592//752 2535//2565
f 2513//746 2593//756 2543//732
f 2542//671 2594//659 2579//677
f 2593//756 2594//659 2543//732
f 2552//2566 2595//1351 2549//735
f 2598//2576 2555//736 2554//2574 2597//2575
f 2553//2573 2556//2572 2599//2584 2596//2583
f 2600//2585 2557//737 2555//736 2598//2576
f 2546//1347 2599//2584 2556//2572
f 2558//2567 2557//737 2600//2585 2601//2586
f 2562//2569 2561//2568 2602//2587 2603//2588
f 2564//2570 2562//2569 2603//2588 2604//2589
f 2595//1351 2552//2566 2564//2570 2604//2589
f 2561//2568 2567//755 2605//754 2602//2587
f 2568//2571 2558//2567 2601//2586 2606//2590
f 2570//738 2568//2571 2606//2590 2607//2591
f 2608//2592 2572//739 2570//738 2607//2591
f 2581//745 2585//2577 2599//2584 2546//1347
f 2572//739 2608//2592 2574//740
f 2609//659 2610//756 2578//741
f 2513//746 2581//745 2546//1347 2545//742
f 2593//756 2513//746 2545//742 2610//756
f 2550//642 2579//677 2594//659 2609//659
f 2595//1351 2580//743 2579//677 2549//735
f 2579//677 2550//642 2549//735
f 2604//2589 2590//2581 2580//743 2595//1351
f 2588//2580 2590//2581 2604//2589 2603//2588
f 2589//748 2588//2580 2603//2588 2602//2587
f 2531//749 2589//748 2602//2587 2605//754
f 2574//740 2539//751 2531//749 2605//754
f 2608//2592 2592//752 2539//751 2574//740
f 2607//2591 2535//2565 2592//752 2608//2592
f 2591//2582 2535//2565 2607//2591 2606//2590
f 2587//2579 2591//2582 2606//2590 2601//2586
f 2586//2578 2587//2579 2601//2586 2600//2585
f 2598//2576 2584//2576 2586//2578 2600//2585
f 2597//2575 2582//2575 2584//2576 2598//2576
f 2583//1350 2582//2575 2597//2575 2596//2583
f 2585//2577 2583//1350 2596//2583 2599//2584
f 2619//774 2620//678 2612//758 2611//757
f 2622//782 2623//2593 2616//657 2615//760
f 2614//657 2613//759 2621//2594
f 2627//1265 2628//365 2625//653 2626//1367
f 2618//762 2617//761 2624//2595
f 2633//2593 2634//2596 2631//764 2632//694
f 2637//1694 2638//1256 2635//1253 2636//1252
f 2472//444 5498//796 2639//467 2640//461
f 2501//365 2477//678 2481//678 2503//365
f 2642//788 2487//365 2474//444 2641//365
f 2644//766 2501//365 2503//365 2643//764
f 2646//678 2642//788 2641//365 2645//678
f 2655//760 2656//764 2654//365 2635//1253
f 2658//769 2659//365 2657//775 2648//767
f 2662//365 2634//2596 2660//764 2661//764
f 2664//657 2719//760 2663//757 2631//764
f 2667//2597 2628//365 2665//787 2666//764
f 2669//778 2670//762 2668//657 2625//653
f 2672//1256 2673//365 2671//769 2629//658
f 2677//698 2678//1298 2675//1367 2676//1252
f 2681//297 2682//1298 2679//1367 2680//1252
f 2684//365 2685//2598 2683//776 2658//769
f 2659//365 2688//698 2686//1355 2687//365
f 2662//365 2690//678 2689//783 2664//657
f 2692//658 2693//779 2691//2599 2655//760
f 2667//2597 2695//444 2694//777 2669//778
f 2649//768 2627//1265 2646//678 2645//678
f 2696//781 2672//1256 2715//757
f 2699//2600 2623//2593 2622//782 2630//763
f 2636//1252 2700//2601 2620//678 2619//774
f 2647//765 2652//765 2633//2593
f 2693//779 2703//201 2701//773 2691//2599
f 2701//773 2702//765 2691//2599
f 2690//678 2706//768 2704//107 2705//1994
f 2688//698 2677//698 2676//1252 2686//1355
f 2711//109 2709//107 2698//772 2710//2602
f 2713//297 2714//767 2638//1256 2637//1694
f 2681//297 2680//1252 2696//781
f 2625//653 2668//657 2626//1367
f 2655//760 2635//1253 2638//1256 2692//658
f 2717//780 2701//773 2703//201 2716//698
f 2687//365 2651//761 2674//771 2659//365
f 2693//779 2692//658 2719//760
f 2619//774 2637//1694 2636//1252
f 2721//657 2663//757 2719//760
f 2681//297 2696//781 2722//297
f 2631//764 2663//757 2632//694
f 2672//1256 2629//658 2668//657 2715//757
f 2623//2593 2647//765 2643//764 2616//657
f 2675//1367 2678//1298 2689//783
f 2679//1367 2682//1298 2674//771
f 2498//757 2487//365 2614//657
f 2497//368 2501//365 2618//762
f 2699//2600 2630//763 2629//658 2671//769
f 2673//365 2697//365 2653//770 2671//769
f 2673//365 2672//1256 2696//781 2710//2602
f 2652//765 2647//765 2623//2593 2699//2600
f 2616//657 2643//764 2503//365 2502//757
f 2673//365 2710//2602 2698//772 2697//365
f 2674//771 2651//761 2653//770 2697//365
f 2674//771 2698//772 2709//107 2679//1367
f 2680//1252 2679//1367 2709//107 2711//109
f 2696//781 2680//1252 2711//109 2710//2602
f 2699//2600 2671//769 2653//770 2652//765
f 2619//774 2712//762 2618//762 2624//2595
f 2723//784 2724//795 2484//785
f 2479//790 2498//757 2502//757
f 2504//2554 2725//792 2500//55
f 2484//785 2724//795 2485//794
f 2663//757 2721//657 2632//694
f 2716//698 2720//201 2678//1298 2677//698
f 2668//657 2630//763 2626//1367
f 2718//694 2708//773 2682//1298 2681//297
f 2713//297 2619//774 2624//2595 2632//694
f 2683//776 2716//698 2677//698 2688//698
f 2722//297 2726//786 2718//694 2681//297
f 2660//764 2634//2596 2633//2593 2652//765
f 2497//368 2618//762 2712//762
f 2624//2595 2617//761 2644//766 2647//765
f 2664//657 2631//764 2634//2596 2662//365
f 2661//764 2706//768 2690//678 2662//365
f 2632//694 2624//2595 2647//765 2633//2593
f 2689//783 2690//678 2705//1994 2675//1367
f 2676//1252 2675//1367 2705//1994 2704//107
f 2686//1355 2676//1252 2704//107 2706//768
f 2661//764 2687//365 2686//1355 2706//768
f 2660//764 2651//761 2687//365 2661//764
f 2621//2594 2613//759 2642//788 2646//678
f 2669//778 2625//653 2628//365 2667//2597
f 2666//764 2707//444 2695//444 2667//2597
f 2627//1265 2626//1367 2621//2594 2646//678
f 2620//678 2645//678 2641//365 2612//758
f 2700//2601 2636//1252 2635//1253 2654//365
f 2658//769 2648//767 2650//769 2684//365
f 2656//764 2655//760 2691//2599 2702//765
f 2700//2601 2649//768 2645//678 2620//678
f 2612//758 2641//365 2474//444 2472//444
f 2717//780 2685//2598 2702//765 2701//773
f 2683//776 2685//2598 2717//780
f 2694//777 2695//444 2708//773 2718//694
f 2684//365 2656//764 2702//765 2685//2598
f 2708//773 2707//444 2657//775
f 2657//775 2707//444 2666//764
f 2650//769 2654//365 2656//764 2684//365
f 2700//2601 2654//365 2650//769 2649//768
f 2665//787 2628//365 2627//1265 2649//768
f 2724//795 2723//784 2496//2553 2495//793
f 2479//790 2478//128 2500//55 2499//789
f 2632//694 2721//657 2714//767 2713//297
f 2497//368 2496//2553 2723//784
f 2614//657 2621//2594 2622//782
f 2630//763 2622//782 2621//2594 2626//1367
f 2689//783 2678//1298 2720//201 2693//779
f 2657//775 2674//771 2682//1298 2708//773
f 2692//658 2638//1256 2714//767 2719//760
f 2715//757 2670//762 2694//777 2726//786
f 2703//201 2720//201 2716//698
f 2472//444 2728//461 5499//1625 2497//368
f 2619//774 2713//297 2637//1694
f 2718//694 2726//786 2694//777
f 2474//444 2473//345 5498//796 2472//444
f 2490//721 2473//345 2500//55
f 2475//8 2497//368 5499//1625
f 2494//164 2485//794 2495//793 5494//721
f 2730//527 2735//211 2736//1716 2729//34
f 2735//211 2730//527 2733//23
f 2729//34 2736//1716 2734//40
f 2735//211 2732//41 2734//40 2736//1716
f 2731//99 2734//40 2732//41
f 2730//527 2729//34 2731//99 2733//23
f 2739//125 2740//345 2737//341 2738//125
f 2738//125 2744//426 2745//804 2746//125
f 2742//797 2740//345 2739//125
f 2743//478 2738//125 2737//341
f 2739//125 2738//125 2746//125 2752//806
f 2745//804 2747//605 2746//125
f 2751//2603 2752//806 2750//800
f 2741//368 2739//125 2752//806
f 2752//806 2746//125 2748//798 2750//800
f 2757//678 2755//642 2753//808 2754//807
f 2760//2604 2758//2605 2755//642 2759//660
f 2764//801 2765//809 2763//805 2762//802
f 2761//2606 2760//2604 2759//660
f 2757//678 2764//801 2759//660 2755//642
f 2766//2607 2765//809 2764//801
f 2745//804 2744//426 2767//2548 2769//2548
f 2769//2548 2768//803 2745//804
f 2758//2605 2760//2604 2771//2552 2770//400
f 2757//678 2741//368 2756//728
f 2760//2604 2761//2606 2772//2608 2771//2552
f 2752//806 2751//2603 2766//2607 2764//801
f 2759//660 2772//2608 2761//2606
f 2766//2607 2750//800 2765//809
f 2750//800 2766//2607 2751//2603
f 2740//345 2742//797 2757//678 2754//807
f 2764//801 2756//728 2741//368
f 2741//368 2757//678 2742//797
f 2743//478 2737//341 2753//808 2755//642
f 2744//426 2743//478 2755//642 2758//2605
f 2767//2548 2744//426 2758//2605 2770//400
f 2769//2548 2767//2548 2770//400 2771//2552
f 2768//803 2769//2548 2771//2552 2772//2608
f 2747//605 2768//803 2772//2608 2759//660
f 2762//802 2748//798 2747//605 2759//660
f 2749//799 2748//798 2762//802 2763//805
f 2777//1716 2776//725 2779//85 2773//818
f 2779//85 2776//725 2778//21 2774//65
f 2783//810 2781//811 2782//7 2780//85
f 5731//78 2788//23 2789//85 2787//40
f 5734//12 2786//527 2788//23
f 2785//184 2789//85 2788//23 2786//527
f 2795//18 2794//81 2796//78 2797//819
f 2790//40 2796//78 2794//81 2792//119
f 2791//1716 2790//40 2793//34
f 2793//34 2792//119 2795//18
f 2790//40 2791//1716 2797//819 2796//78
f 2791//1716 2793//34 2795//18 2797//819
f 2792//119 2794//81 2795//18
f 2800//156 2803//11 2805//2609 2804//812
f 2804//812 4874//23 2801//155
f 2805//2609 2803//11 2806//2610 2807//2611
f 2803//11 2801//155 2798//725 2799//813
f 2809//43 2808//1470 2799//813
f 2806//2610 2803//11 2799//813 2802//125
f 2810//2612 2802//125 2799//813 2808//1470
f 2809//43 2798//725 2801//155 4874//23
f 2807//2611 2806//2610 2802//125 2810//2612
f 2813//81 2814//22 2812//34 2815//85
f 2801//155 2803//11 2800//156
f 2817//21 2818//137 2814//22
f 2816//1716 2811//104 2812//34
f 2811//104 2816//1716 2818//137
f 2811//104 2817//21 2813//81 2815//85
f 2816//1716 2812//34 2814//22 2818//137
f 2818//137 2817//21 2811//104
f 2827//824 2830//81 2822//155 2823//13
f 2827//824 2828//16 2829//16
f 2820//814 2832//2610 2833//2613
f 2821//102 2832//2610 2820//814
f 2828//16 2827//824 2823//13 2834//816
f 2835//1741 2829//16 2828//16 2834//816
f 2821//102 2825//817 2831//1992 2832//2610
f 2824//815 2822//155 2819//164 2820//814
f 2821//102 2819//164 2826//5
f 2830//81 2827//824 2825//817 2826//5
f 2835//1741 2824//815 2820//814 2833//2613
f 2825//817 2836//1992 2831//1992
f 2832//2610 2831//1992 2836//1992 2833//2613
f 2819//164 2822//155 2830//81 2826//5
f 2836//1992 2825//817 2827//824 2829//16
f 2833//2613 2836//1992 2829//16 2835//1741
f 2840//18 2843//81 2844//128 2839//819
f 2824//815 2835//1741 2834//816
f 2837//725 2844//128 2843//81 2842//162
f 2838//813 2837//725 2842//162
f 2837//725 2838//813 2844//128
f 2841//818 2842//162 2840//18
f 2838//813 2841//818 2840//18 2839//819
f 2843//81 2840//18 2842//162
f 2856//2614 2858//899 2857//2615 2846//1698
f 2852//91 2853//891 2845//1
f 2846//1698 2855//696 2856//2614
f 2859//1540 2857//2615 2860//814 2861//1717
f 2857//2615 2859//1540 2846//1698
f 2864//899 3218//887 2862//887 2863//2616
f 2871//211 3298//21 2869//1490 2870//1602
f 2885//2617 2883//825 2882//91 2884//40
f 2870//1602 2872//1600 2871//211
f 2878//721 2879//824 2880//211
f 2881//825 2882//91 2883//825
f 2886//827 2891//23 2892//826 2883//825
f 2887//829 2886//827 2883//825 2885//2617
f 2889//207 2882//91 2881//825 2888//91
f 2890//945 2884//40 2882//91 2889//207
f 2887//829 2885//2617 2884//40 2897//833
f 2888//91 2881//825 2892//826
f 2886//827 2893//830 2894//828
f 2908//2618 2854//214 2906//2549 2907//881
f 2890//945 2897//833 2884//40
f 2901//297 2891//23 2894//828
f 2880//211 2879//824 2891//23
f 2878//721 2880//211 2893//830
f 2849//614 2904//696 2905//880
f 2910//883 2856//2614 2855//696 2909//899
f 2913//820 2851//614 2911//880 2912//696
f 2918//834 2919//836 2917//880 2905//880
f 2915//696 2913//820 2916//905
f 2921//837 2922//839 2920//899 2908//2618
f 2924//840 2925//842 2923//881 2910//883
f 2951//2619 2952//2620 2939//845 2938//844
f 2954//2621 2955//2622 2943//849 2942//848
f 2941//847 2940//846 2953//2623
f 2965//2624 2966//2625 2952//2620 2951//2619
f 2968//2626 2969//2627 2955//2622 2954//2621
f 2972//959 2973//2628 2958//852 3265//851
f 3324//1505 2977//2629 2962//855 3323//854
f 2980//2630 2981//2625 2966//2625 2965//2624
f 3222//2631 2983//2622 2969//2627 2968//2626
f 2990//2632 2991//2633 2981//2625 2980//2630
f 2973//2628 2972//959 3266//851
f 2977//2629 3324//1505 3325//859
f 2993//2634 2994//2635 2983//2622 3222//2631
f 3004//13 3005//2636 2991//2633 2990//2632
f 2989//906 3002//128 3003//2637
f 3007//84 2994//2635 2993//2634 3223//2638
f 3010//23 2995//858 2997//857 3009//929
f 3013//82 3025//25 3000//861 3326//860
f 3015//887 3016//696 3003//2637 3002//128
f 3017//887 3018//2616 3005//2636 3004//13
f 3021//614 3022//880 3007//84 3223//2638
f 3026//2639 3027//899 3016//696 3015//887
f 3010//23 3009//929 3024//870
f 3028//883 3029//1460 3018//2616 3017//887
f 3030//820 3031//696 3020//696 3019//614
f 3032//880 3033//887 3022//880 3021//614
f 3036//867 3037//869 3027//899 3026//2639
f 3038//882 3039//2640 3029//1460 3028//883
f 3040//2641 3041//884 3031//696 3030//820
f 3042//890 3043//892 3033//887 3032//880
f 3051//2642 3039//2640 3038//882 3050//911
f 3053//901 3041//884 3040//2641 3052//2643
f 3055//893 3043//892 3042//890 3054//903
f 3056//961 3269//828 3044//863 3299//925
f 3058//2644 3046//865 3045//864 3057//2645
f 3062//954 3048//866 3047//863 3328//2646
f 3248//910 3066//898 3051//2642 3050//911
f 3035//935 3063//2647 3064//871
f 3067//2648 3068//904 3053//901 3052//2643
f 3229//902 3069//2649 3055//893 3054//903
f 3070//927 3071//943 3056//961 3299//925
f 3072//2650 3073//919 3058//2644 3057//2645
f 3074//931 3075//926 3060//872 3059//871
f 3329//2651 3077//952 3062//954 3328//2646
f 3078//944 3079//1518 3064//871 3063//2647
f 3081//2652 3082//897 3066//898 3248//910
f 3230//2653 3084//896 3069//2649 3229//902
f 3068//904 3067//2648 3083//2654
f 3093//2655 3094//893 3082//897 3081//2652
f 3071//943 3070//927 3086//964
f 3073//919 3072//2650 3087//920
f 3075//926 3074//931 3295//876
f 3077//952 3329//2651 3330//964
f 3079//1518 3078//944 3090//920
f 3232//2656 3096//895 3084//896 3230//2653
f 3105//914 3092//875 3091//874 3104//2657
f 3106//2658 3107//2659 3094//893 3093//2655
f 3109//84 3096//895 3232//2656 3234//879
f 3111//2660 3297//3 3100//878 3099//877
f 2862//887 3218//887 3105//914 3104//2657
f 3113//887 3114//2661 3107//2659 3106//2658
f 2921//837 2908//2618 2907//881 3118//2662
f 3297//3 3111//2660 3296//914
f 3116//880 3117//696 3108//811
f 3121//2663 3122//892 3119//2664 3120//1460
f 2930//838 2921//837 3118//2662 3123//2665
f 3125//2666 3122//892 3121//2663 3124//2666
f 2940//846 2930//838 3123//2665 3126//2667
f 3128//849 3125//2666 3124//2666 3127//2668
f 2953//2623 2940//846 3126//2667 3129//2669
f 3131//2622 3128//849 3127//2668 3130//2622
f 2967//2670 2953//2623 3129//2669 3132//2671
f 3133//2672 3134//2673 3131//2622 3130//2622
f 2982//2674 2967//2670 3132//2671 3135//2669
f 3137//2673 3134//2673 3133//2672 3136//2672
f 2992//2675 2982//2674 3135//2669 3138//2676
f 3139//2677 3140//2677 3137//2673 3136//2672
f 3006//862 2992//2675 3138//2676 3141//11
f 3143//836 3140//2677 3139//2677 3142//2678
f 3019//614 3006//862 3141//11 3144//696
f 3146//2664 3143//836 3142//2678 3145//2664
f 3030//820 3019//614 3144//696 3147//887
f 3148//887 3149//2664 3146//2664 3145//2664
f 3040//2641 3030//820 3147//887 3150//2679
f 3151//2663 3149//2664 3148//887 3043//892
f 3152//895 3052//2643 3040//2641 3150//2679
f 3154//893 3151//2663 3043//892 3153//893
f 3067//2648 3052//2643 3152//895 3155//2680
f 3156//2681 3157//897 3154//893 3153//893
f 3083//2654 3067//2648 3155//2680 3158//2682
f 3159//894 3160//894 3157//897 3156//2681
f 3095//2683 3083//2654 3158//2682 3161//2684
f 3162//895 3160//894 3159//894 3096//895
f 3163//2685 3108//811 3095//2683 3161//2684
f 3164//821 3162//895 3096//895 3109//84
f 3165//1460 3166//1460 3164//821 3109//84
f 3163//2685 3116//880 3108//811
f 3170//887 3167//2664 3168//2664 3169//887
f 3173//836 3174//836 3171//1460 3172//2664
f 3175//2665 3176//2665 3174//836 3173//836
f 3178//2686 3176//2665 3175//2665 3177//2687
f 3180//2620 3178//2686 3177//2687 3179//2620
f 3182//2620 3180//2620 3179//2620 3181//2669
f 3183//2669 3184//2669 3182//2620 3181//2669
f 3186//2676 3184//2669 3183//2669 3185//2676
f 3187//2663 3188//2636 3186//2676 3185//2676
f 3190//2664 3188//2636 3187//2663 3189//887
f 3192//887 3190//2664 3189//887 3191//1460
f 3194//836 3192//887 3191//1460 3193//836
f 3195//2688 3196//2688 3194//836 3193//836
f 3198//894 3196//2688 3195//2688 3197//894
f 3199//897 3198//894 3197//894 3082//897
f 3200//893 3201//893 3199//897 3082//897
f 3202//814 3203//814 3201//893 3200//893
f 3167//2664 3203//814 3202//814 3168//2664
f 2916//905 2913//820 2912//696 3204//814
f 2928//2689 2916//905 3204//814 3205//2690
f 2937//2691 2928//2689 3205//2690 3206//2692
f 2950//2693 2937//2691 3206//2692 3207//2622
f 2964//2694 2950//2693 3207//2622 3208//2695
f 2979//908 2964//2694 3208//2695 3209//2696
f 2989//906 2979//908 3209//2696 3210//2697
f 3002//128 2989//906 3210//2697 3211//2679
f 3015//887 3002//128 3211//2679 3212//2661
f 3026//2639 3015//887 3212//2661 3213//2661
f 3036//867 3026//2639 3213//2661 3214//2636
f 3154//893 3049//868 3036//867 3214//2636
f 3065//912 3049//868 3154//893 3215//2698
f 3080//873 3065//912 3215//2698 3216//894
f 3091//874 3080//873 3216//894 3162//895
f 3104//2657 3091//874 3162//895 3217//2699
f 2862//887 3104//2657 3217//2699 2863//2616
f 3219//899 3114//2661 3113//887 3218//887
f 3221//841 3220//889 2922//839 2930//838
f 2909//899 2922//839 3220//889
f 2942//848 3221//841 2930//838 2941//847
f 2954//2621 2942//848 2941//847 2953//2623
f 2968//2626 2954//2621 2953//2623 2967//2670
f 3222//2631 2968//2626 2967//2670 2982//2674
f 2992//2675 2993//2634 3222//2631 2982//2674
f 3223//2638 2993//2634 2992//2675 3006//862
f 3028//883 3017//887 3224//696 3225//881
f 3004//13 3224//696 3017//887
f 3223//2638 3006//862 3020//696
f 3228//901 3226//885 3041//884 3227//900
f 3229//902 3228//901 3227//900 3068//904
f 3083//2654 3230//2653 3229//902 3068//904
f 3232//2656 3230//2653 3083//2654 3095//2683
f 3081//2652 3231//2700 3093//2655
f 3106//2658 3093//2655 3231//2700 3233//913
f 3108//811 3234//879 3232//2656 3095//2683
f 3113//887 3106//2658 3233//913 3218//887
f 3235//696 3234//879 3108//811 3117//696
f 3170//887 3236//887 3237//887 3238//887
f 2916//905 2918//834 3241//696 3242//696
f 3218//887 3239//696 3240//614
f 2929//835 2918//834 2916//905 2928//2689
f 2938//844 2929//835 2928//2689 2937//2691
f 2950//2693 2951//2619 2938//844 2937//2691
f 2965//2624 2951//2619 2950//2693 2964//2694
f 2980//2630 2965//2624 2964//2694 3243//907
f 2989//906 2990//2632 2980//2630 3243//907
f 3004//13 2990//2632 2989//906 3003//2637
f 3016//696 3224//696 3004//13 3003//2637
f 3225//881 3224//696 3016//696 3244//881
f 3245//2701 3246//2701 3225//881 3244//881
f 3247//909 3246//2701 3245//2701 3049//868
f 3249//2702 3250//2703 3081//2652 3080//873
f 3247//909 3049//868 3248//910
f 3248//910 3080//873 3081//2652
f 3252//888 3250//2703 3249//2702 3251//886
f 2924//840 2910//883 2909//899 3220//889
f 3032//880 3021//614 3020//696 3031//696
f 3223//2638 3020//696 3021//614
f 3253//887 3166//1460 3165//1460 3238//887
f 3234//879 3235//696 3115//820
f 2858//899 2856//2614 2910//883 2923//881
f 3255//2704 3120//1460 3119//2664 3254//2704
f 2855//696 2846//1698 2845//1
f 2913//820 2915//696 2851//614
f 2857//2615 3255//2704 3254//2704 2860//814
f 2850//820 2849//614 2905//880 2917//880
f 3242//696 3241//696 3256//696
f 3257//2147 3258//2147 3172//2664 3171//1460
f 2866//821 2865//821 3258//2147 3257//2147
f 2855//696 2854//214 2908//2618 2920//899
f 2853//891 2906//2549 2854//214 2845//1
f 3204//814 2912//696 3119//2664 3122//892
f 2861//1717 2860//814 2848//811
f 2847//40 2865//821 2852//91
f 3120//1460 2923//881 2925//842 3121//2663
f 3205//2690 3204//814 3122//892 3125//2666
f 2925//842 3221//841 3124//2666 3121//2663
f 3206//2692 3205//2690 3125//2666 3128//849
f 2943//849 3127//2668 3124//2666 3221//841
f 3207//2622 3206//2692 3128//849 3131//2622
f 3127//2668 2943//849 2955//2622 3130//2622
f 3208//2695 3207//2622 3131//2622 3134//2673
f 3130//2622 2955//2622 2969//2627 3133//2672
f 3209//2696 3208//2695 3134//2673 3137//2673
f 3133//2672 2969//2627 2983//2622 3136//2672
f 3210//2697 3209//2696 3137//2673 3140//2677
f 3136//2672 2983//2622 2994//2635 3139//2677
f 3211//2679 3210//2697 3140//2677 3143//836
f 3139//2677 2994//2635 3007//84 3142//2678
f 3212//2661 3211//2679 3143//836 3146//2664
f 3142//2678 3007//84 3022//880 3145//2664
f 3213//2661 3212//2661 3146//2664 3149//2664
f 3145//2664 3022//880 3033//887 3148//887
f 3214//2636 3213//2661 3149//2664 3151//2663
f 3153//893 3055//893 3069//2649 3156//2681
f 3214//2636 3151//2663 3154//893
f 3154//893 3157//897 3215//2698
f 3216//894 3215//2698 3157//897 3160//894
f 3156//2681 3069//2649 3084//896 3159//894
f 2863//2616 3217//2699 3164//821 3166//1460
f 3162//895 3164//821 3217//2699
f 3117//696 3116//880 3167//2664 3170//887
f 3115//820 3165//1460 3109//84
f 3114//2661 3219//899 3169//887 3168//2664
f 3118//2662 2907//881 3171//1460 3174//836
f 3172//2664 2917//880 2919//836 3173//836
f 3176//2665 3123//2665 3118//2662 3174//836
f 3173//836 2919//836 2929//835 3175//2665
f 3126//2667 3123//2665 3176//2665 3178//2686
f 3175//2665 2929//835 2939//845 3177//2687
f 3129//2669 3126//2667 3178//2686 3180//2620
f 3177//2687 2939//845 2952//2620 3179//2620
f 3132//2671 3129//2669 3180//2620 3182//2620
f 3179//2620 2952//2620 2966//2625 3181//2669
f 3135//2669 3132//2671 3182//2620 3184//2669
f 3181//2669 2966//2625 2981//2625 3183//2669
f 3138//2676 3135//2669 3184//2669 3186//2676
f 3183//2669 2981//2625 2991//2633 3185//2676
f 3141//11 3138//2676 3186//2676 3188//2636
f 3185//2676 2991//2633 3005//2636 3187//2663
f 3144//696 3141//11 3188//2636 3190//2664
f 3187//2663 3005//2636 3018//2616 3189//887
f 3147//887 3144//696 3190//2664 3192//887
f 3189//887 3018//2616 3029//1460 3191//1460
f 3150//2679 3147//887 3192//887 3194//836
f 3191//1460 3029//1460 3039//2640 3193//836
f 3196//2688 3152//895 3150//2679 3194//836
f 3039//2640 3051//2642 3195//2688 3193//836
f 3155//2680 3152//895 3196//2688 3198//894
f 3195//2688 3051//2642 3066//898 3197//894
f 3158//2682 3155//2680 3198//894 3199//897
f 3161//2684 3158//2682 3199//897 3201//893
f 3163//2685 3161//2684 3201//893 3203//814
f 3094//893 3200//893 3082//897
f 3200//893 3094//893 3107//2659 3202//814
f 3116//880 3163//2685 3203//814 3167//2664
f 3202//814 3107//2659 3114//2661 3168//2664
f 3236//887 3240//614 3239//696 3237//887
f 3238//887 3235//696 3117//696 3170//887
f 2864//899 2863//2616 3166//1460 3253//887
f 3115//820 3235//696 3238//887 3165//1460
f 3255//2704 2858//899 2923//881 3120//1460
f 2912//696 2911//880 3254//2704 3119//2664
f 2911//880 2848//811 2860//814 3254//2704
f 2858//899 3255//2704 2857//2615
f 3258//2147 2850//820 2917//880 3172//2664
f 2907//881 2906//2549 3257//2147 3171//1460
f 2865//821 2847//40 2850//820 3258//2147
f 2906//2549 2853//891 2866//821 3257//2147
f 3054//903 3042//890 3226//885 3228//901
f 3031//696 3226//885 3042//890
f 3244//881 3027//899 3037//869 3245//2701
f 3238//887 3237//887 3253//887
f 3218//887 3240//614 3219//899
f 2979//908 3243//907 2964//2694
f 3027//899 3244//881 3016//696
f 3225//881 3246//2701 3038//882
f 3050//911 3038//882 3246//2701 3247//909
f 3233//913 3231//2700 3250//2703 3252//888
f 3049//868 3245//2701 3037//869
f 3065//912 3248//910 3049//868
f 3081//2652 3250//2703 3231//2700
f 3092//875 3249//2702 3080//873
f 3092//875 3105//914 3251//886 3249//2702
f 3256//696 2851//614 2915//696 3242//696
f 2920//899 2909//899 2855//696
f 2904//696 2849//614 3256//696 3241//696
f 3169//887 3219//899 3240//614 3236//887
f 2851//614 3256//696 2848//811
f 2847//40 3256//696 2849//614
f 2864//899 3253//887 3237//887 3239//696
f 3263//957 3264//850 3262//947 2932//951
f 3261//24 2932//951 3262//947
f 3265//851 3264//850 3263//957 2957//859
f 3267//2705 3266//851 2985//859 2996//1588
f 3265//851 2957//859 2971//958
f 2971//958 2985//859 3266//851
f 3268//211 3267//2705 2996//1588 3008//22
f 3271//960 3045//864 3269//828 3270//960
f 3268//211 3008//22 3269//828
f 3272//943 3271//960 3270//960 3071//943
f 3274//963 3272//943 3071//943 3273//963
f 3275//965 3274//963 3273//963 3097//962
f 3259//20 3275//965 3097//962 3278//22
f 2956//938 2944//923 2946//2706 2959//939
f 2933//843 2946//2706 2944//923
f 2970//916 2956//938 2959//939 2974//915
f 3098//921 3087//920 3276//963 3277//966
f 3075//926 3295//876 3085//941
f 3085//941 3295//876 3100//878
f 3072//2650 3276//963 3087//920
f 3110//211 3098//921 3277//966 3259//20
f 3281//946 3279//17 3261//24 3280//946
f 3282//2707 3281//946 3280//946 3264//850
f 2958//852 3283//948 3282//2707 3264//850
f 3284//948 3283//948 2958//852 2973//2628
f 3285//949 3284//948 2973//2628 3266//851
f 3286//2708 3287//2709 3285//949 3266//851
f 3268//211 3288//917 3287//2709 3286//2708
f 3291//2710 3289//297 3268//211 3290//1513
f 3293//918 3291//2710 3290//1513 3292//918
f 2957//859 2945//924 2944//923 2956//938
f 3294//919 3087//920 3295//876
f 3098//921 3110//211 3296//914
f 3297//3 3260//297 3278//22
f 2970//916 2971//958 2957//859 2956//938
f 2985//859 2971//958 2970//916 2984//938
f 2996//1588 2985//859 2984//938 2995//858
f 3008//22 2996//1588 2995//858 3010//23
f 3086//964 3070//927 3075//926 3085//941
f 3010//23 3023//210 3008//22
f 3097//962 3086//964 3085//941 3100//878
f 3278//22 3097//962 3100//878 3297//3
f 2946//2706 2933//843 3300//946 3301//2711
f 3279//17 3300//946 2933//843
f 2959//939 2946//2706 3301//2711 3302//948
f 2974//915 2959//939 3302//948 3303//948
f 2986//856 2974//915 3303//948 3285//949
f 2997//857 2986//856 3285//949 3304//1590
f 3009//929 2997//857 3304//1590 3305//928
f 3059//871 3024//870 3306//1513 3307//930
f 3111//2660 3099//877 3308//950 3296//914
f 3295//876 3308//950 3099//877
f 2914//24 2900//10 3321//951 2936//947
f 3279//17 2868//22 2877//38
f 2949//850 2936//947 3321//951 3322//853
f 3311//855 2949//850 3322//853 3310//855
f 2978//932 3311//855 3310//855 3312//855
f 2999//934 2988//938 2987//939 2998//933
f 2976//916 2987//939 2988//938
f 3314//861 3315//90 3014//936 3001//2712
f 3313//851 3314//861 3001//2712
f 3316//135 3317//953 3318//2713 3035//935
f 3025//25 3316//135 3035//935
f 3319//943 3318//2713 3317//953 3077//952
f 3090//920 3319//943 3077//952 3330//964
f 3103//921 3090//920 3330//964 3331//2714
f 3331//2714 3112//42 3320//819 3103//921
f 2948//955 2947//2706 2960//939 2961//938
f 2934//843 2927//210 2896//17
f 2947//2706 2948//955 2934//843
f 3061//872 3064//871 3079//1518 3076//926
f 3034//17 3012//23 3011//21
f 3034//17 3327//210 3012//23
f 3076//926 3079//1518 3088//876 3089//941
f 3078//944 3063//2647 3318//2713 3319//943
f 2949//850 3311//855 2963//942
f 3035//935 3318//2713 3063//2647
f 3321//951 2900//10 2927//210 2935//922
f 3322//853 3321//951 2935//922 2948//955
f 3323//854 3322//853 2948//955 2961//938
f 2976//916 3324//1505 3323//854 2961//938
f 3325//859 3324//1505 2976//916 2988//938
f 3326//860 3325//859 2988//938 2999//934
f 3013//82 3326//860 2999//934 3012//23
f 3025//25 3013//82 3012//23 3327//210
f 3329//2651 3328//2646 3061//872 3076//926
f 3327//210 3061//872 3328//2646
f 3089//941 3330//964 3329//2651 3076//926
f 3331//2714 3330//964 3089//941 3102//878
f 3112//42 3331//2714 3102//878 3309//81
f 2934//843 2896//17 2914//24 2936//947
f 3309//81 3332//1 3112//42
f 2947//2706 2934//843 2936//947 2949//850
f 2960//939 2947//2706 2949//850 2963//942
f 2975//937 2960//939 2963//942 2978//932
f 2987//939 2975//937 2978//932 3313//851
f 2998//933 2987//939 3313//851 3001//2712
f 3011//21 2998//933 3001//2712 3014//936
f 3103//921 3101//940 3088//876 3090//920
f 3014//936 3035//935 3011//21
f 3079//1518 3090//920 3088//876
f 3332//1 3101//940 3103//921 3320//819
f 2892//826 2900//10 2899//297 2898//831
f 3025//25 3327//210 3047//863
f 3047//863 3327//210 3328//2646
f 2892//826 2902//367 2927//210 2900//10
f 3301//2711 3300//946 3281//946 3282//2707
f 2902//367 2895//90 2896//17
f 2897//833 2893//830 2887//829
f 3279//17 3281//946 3300//946
f 3302//948 3301//2711 3282//2707 3283//948
f 3303//948 3302//948 3283//948 3284//948
f 3305//928 3304//1590 3287//2709 3288//917
f 3285//949 3287//2709 3304//1590
f 3267//2705 3286//2708 3266//851
f 3024//870 3305//928 3288//917 3289//297
f 3268//211 3286//2708 3267//2705
f 3306//1513 3024//870 3289//297 3291//2710
f 3307//930 3306//1513 3291//2710 3293//918
f 3046//865 3290//1513 3268//211
f 3046//865 3058//2644 3292//918 3290//1513
f 3074//931 3307//930 3293//918 3294//919
f 3292//918 3058//2644 3073//919 3294//919
f 3334//100 2890//945 2889//207 3333//91
f 3295//876 3098//921 3308//950
f 2926//10 2931//922 2932//951
f 3008//22 3023//210 3044//863
f 2888//91 4991//99 3333//91
f 3310//855 2962//855 2977//2629 3312//855
f 3334//100 2903//198 2890//945
f 2962//855 3310//855 3322//853
f 3312//855 2977//2629 3325//859 3313//851
f 3313//851 3325//859 3000//861 3314//861
f 3000//861 3025//25 3315//90 3314//861
f 3048//866 3062//954 3317//953 3316//135
f 3025//25 3035//935 3315//90
f 3048//866 3316//135 3025//25
f 3309//81 3102//878 3101//940 3332//1
f 2927//210 2934//843 2935//922
f 2961//938 2975//937 2976//916
f 2998//933 3011//21 3012//23
f 3089//941 3101//940 3102//878
f 2871//211 2872//1600 2875//822 2868//22
f 2869//1490 3298//21 2877//38 2876//956
f 3072//2650 3057//2645 3271//960 3272//943
f 3259//20 3260//297 3110//211
f 2932//951 3261//24 2926//10
f 2945//924 3263//957 2932//951
f 3265//851 2971//958 2972//959
f 3045//864 3271//960 3057//2645
f 3276//963 3072//2650 3272//943 3274//963
f 3277//966 3276//963 3274//963 3275//965
f 3086//964 3273//963 3071//943
f 3296//914 3110//211 3260//297 3297//3
f 2873//210 2933//843 2931//922
f 2970//916 2986//856 2984//938
f 3024//870 3023//210 3010//23
f 3335//91 1345//2258 1329//91 1318//91
f 3298//21 2926//10 2877//38
f 3340//2715 3341//973 3339//2716 1285//2236
f 3344//2717 3345//2718 3342//2719 3343//2720
f 3348//2721 3349//2722 3346//2723 3347//2724
f 1318//91 1287//2234 1286//2233 3335//91
f 3345//2718 3337//967 3336//969 3342//2719
f 1285//2236 1284//2235 1294//2239 1297//2238
f 3349//2722 3340//2715 1285//2236 3346//2723
f 3353//2725 3350//980 3351//979 3352//2726
f 3357//981 3355//2727 3356//2728 3351//979
f 3352//2726 3351//979 3358//2729 3359//991
f 3358//2729 3351//979 3356//2728 3360//2730
f 3365//2731 1317//2247 1316//975 3364//977
f 1359//976 3361//992 3362//2732
f 3363//2733 3362//2732 3358//2729
f 3347//2724 1296//2237 1320//972 3354//971
f 3339//2716 1286//2233 1285//2236
f 3335//91 1286//2233 3339//2716 3341//973
f 1359//976 1316//975 1314//233 1315//229
f 1297//2238 3346//2723 1285//2236
f 3340//2715 3366//2734 3367//974 3341//973
f 3369//2735 3355//2727 3368//2736 3348//2721
f 3349//2722 3370//2737 3366//2734 3340//2715
f 3369//2735 3354//971 1319//970 3371//2728
f 1317//2247 3365//2731 3371//2728 1319//970
f 3365//2731 3364//977 3372//978 3360//2730
f 3355//2727 3369//2735 3371//2728 3356//2728
f 3360//2730 3356//2728 3371//2728 3365//2731
f 3338//968 3367//974 3366//2734 3336//969
f 3343//2720 3368//2736 3355//2727 3357//981
f 3336//969 3366//2734 3370//2737 3342//2719
f 3360//2730 3372//978 3363//2733 3358//2729
f 3338//968 3337//967 3373//967 3374//982
f 3344//2717 3350//980 3353//2725 3375//2717
f 3338//968 3374//982 1345//2258 3335//91
f 3373//967 3337//967 3345//2718 3376//2738
f 3362//2732 3363//2733 3372//978 1359//976
f 3358//2729 3362//2732 3361//992 3359//991
f 3350//980 3344//2717 3343//2720 3357//981
f 3369//2735 3348//2721 3347//2724 3354//971
f 1296//2237 3347//2724 3346//2723 1297//2238
f 3348//2721 3368//2736 3370//2737 3349//2722
f 3368//2736 3343//2720 3342//2719 3370//2737
f 3375//2717 3380//2739 3379//2740 3376//2738
f 3382//2741 3383//2742 1343//2256 3381//2743
f 3376//2738 3379//2740 3377//983 3373//967
f 1333//986 1343//2256 1342//247 1334//2251
f 3381//2743 1343//2256 1333//986 3378//985
f 3352//2726 3387//2744 3385//2745 3386//2746
f 3390//2747 1359//976 3389//993 1356//2263
f 3387//2744 3352//2726 3359//991
f 3383//2742 3384//987 1357//989 1340//2257
f 1345//2258 3391//2748 3378//985 1332//984
f 3389//993 1355//994 1356//2263
f 3393//2749 3385//2745 3392//2750 3382//2741
f 3391//2748 3394//2751 3381//2743 3378//985
f 1358//988 3384//987 3392//2750 3395//2744
f 1356//2263 1358//988 3395//2744 3390//2747
f 3396//976 1359//976 3390//2747 3387//2744
f 3387//2744 3395//2744 3392//2750 3385//2745
f 3374//982 3377//983 3391//2748 1345//2258
f 3387//2744 3390//2747 3395//2744
f 3380//2739 3386//2746 3385//2745 3393//2749
f 3377//983 3379//2740 3394//2751 3391//2748
f 3387//2744 3359//991 3388//990 3396//976
f 3353//2725 3386//2746 3380//2739 3375//2717
f 3386//2746 3353//2725 3352//2726
f 3361//992 1359//976 3396//976
f 3392//2750 3384//987 3383//2742 3382//2741
f 3382//2741 3381//2743 3394//2751 3393//2749
f 1343//2256 3383//2742 1340//2257
f 3393//2749 3394//2751 3379//2740 3380//2739
f 3345//2718 3344//2717 3375//2717 3376//2738
f 3422//1215 3419//1216 3420//1099 3421//1088
f 3400//1177 3401//1003 3402//1072
f 3406//1109 3407//1046 3632//1048
f 3410//995 3411//1098 3709//996
f 3412//336 3410//995 3399//426
f 3417//2752 3418//2753 3409//1207
f 3427//1210 3652//999 3415//998 3426//2754
f 3411//1098 3410//995 3421//1088
f 3430//2755 3418//2753 3417//2752 3429//1036
f 1414//1720 1390//506 1380//508 3422//1215
f 3436//1211 3427//1210 3426//2754 3435//1052
f 3423//325 3431//2756 3432//2757
f 3424//1002 3433//2276 3434//2758
f 3440//2759 3430//2755 3429//1036 3439//1035
f 3428//1050 3437//2760 3438//1051
f 3444//2761 3432//2757 3431//2756 3443//2762
f 3446//1074 3434//2758 3433//2276 3445//2763
f 3450//1058 3436//1211 3435//1052 3449//2764
f 3452//2765 3438//1051 3437//2760 3451//2766
f 3454//2767 3440//2759 3439//1035 3453//2768
f 3455//1096 3456//2769 3442//1006 3441//1005
f 3458//1095 3444//2761 3443//2762 3457//2770
f 3460//349 3446//1074 3445//2763 3459//1007
f 3462//2771 3448//1065 3447//1063 3461//1062
f 3464//1056 3450//1058 3449//2764 3463//2772
f 3466//2773 3452//2765 3451//2766 3465//1040
f 3468//2774 3454//2767 3453//2768 3467//2775
f 3469//2776 3470//1217 3456//2769 3455//1096
f 3472//2777 3458//1095 3457//2770 3471//2778
f 3475//1067 3462//2771 3461//1062 3474//2779
f 3477//2780 3464//1056 3463//2772 3476//2781
f 3479//1011 3466//2773 3465//1040 3478//1009
f 3481//2782 3468//2774 3467//2775 3480//2783
f 3482//2784 1444//265 3470//1217 3469//2776
f 3484//1089 3472//2777 3471//2778 3483//2785
f 3487//372 3475//1067 3474//2779 3486//2786
f 3473//1008 3485//2295 3695//1075
f 3489//2787 3477//2780 3476//2781 3488//2788
f 3492//2789 3481//2782 3480//2783 3491//2790
f 1878//509 1446//263 1444//265 3493//509
f 3494//1091 3495//1218 1444//265 3482//2784
f 3497//1090 3484//1089 3483//2785 3496//2791
f 3499//351 3695//1075 3485//2295 3498//2792
f 3501//2300 3487//372 3486//2786 3500//1059
f 3503//1060 3489//2787 3488//2788 3502//2793
f 3506//2794 3492//2789 3491//2790 3505//2795
f 1878//509 3493//509 3507//1014 1879//1013
f 3508//2796 3507//1014 3495//1218 3494//1091
f 3510//2797 3497//1090 3496//2791 3509//2798
f 3512//1077 3499//351 3498//2792 3511//2799
f 3513//2800 3501//2300 3500//1059 3525//1023
f 3515//1017 3503//1060 3502//2793 3514//1015
f 3519//2801 3506//2794 3505//2795 3518//2802
f 3504//1203 3516//1018 3517//1020
f 3521//2803 3510//2797 3509//2798 3520//2377
f 3507//1014 3508//2796 1880//1012
f 3523//1022 3512//1077 3511//2799 3522//1021
f 3529//2804 3519//2801 3518//2802 3528//2805
f 3532//1026 3521//2803 3520//2377 3531//334
f 3538//2806 3529//2804 3528//2805 3537//1038
f 3546//1028 3538//2806 3537//1038 3545//1027
f 3530//1097 3539//1219 1514//382
f 3536//1042 3547//280 3544//1054
f 3559//2807 3547//280 3545//1027 3558//1191
f 3540//1025 3550//1087 3551//1092
f 3541//1081 3552//2808 3553//1080
f 3543//1212 3555//2809 3556//1213
f 3548//1220 1852//2421 1851//2420 1515//294
f 3551//1092 3550//1087 3562//2327 3563//1094
f 3549//1093 3560//2369 3561//2810
f 3553//1080 3552//2808 3564//2811 3565//2812
f 3556//1213 3555//2809 3567//2813 3568//2814
f 3559//2807 3558//1191 3570//2815 3571//2816
f 3575//1140 3572//481 3573//1185 3574//1138
f 3577//2817 3561//2810 3560//2369 3576//2818
f 3563//1094 3562//2327 3578//1135 3579//2819
f 3565//2812 3564//2811 3580//2339 3581//2382
f 3568//2814 3567//2813 3584//2820 3585//2821
f 3582//377 3583//378 3566//2822
f 3571//2816 3570//2815 3587//1223 3588//2823
f 3597//2824 3593//1232 3595//1033 3596//1032
f 3593//1232 3594//393 3592//1147
f 3607//1222 3620//1234 3605//1228 3606//2825
f 3605//1228 3620//1234 3889//1192
f 3417//2752 3409//1207 3609//2826 3610//2827
f 3429//1036 3417//2752 3610//2827 3611//1034
f 3467//2775 3453//2768 3612//1186 3613//1197
f 3439//1035 3612//1186 3453//2768
f 3480//2783 3467//2775 3613//1197 3614//1229
f 3491//2790 3480//2783 3614//1229 3615//1231
f 3505//2795 3491//2790 3615//1231 3616//1091
f 3518//2802 3505//2795 3616//1091 3617//1189
f 3528//2805 3518//2802 3617//1189 3618//1188
f 3537//1038 3528//2805 3618//1188 3619//1037
f 3621//2828 3430//2755 3440//2759 3622//2829
f 3620//1234 3570//2815 3558//1191
f 3430//2755 3621//2828 3418//2753
f 3622//2829 3440//2759 3454//2767 3623//2830
f 3623//2830 3454//2767 3468//2774 3624//2831
f 3624//2831 3468//2774 3481//2782 3625//2832
f 3492//2789 3626//1201 3625//2832 3481//2782
f 3506//2794 3627//1202 3626//1201 3492//2789
f 3627//1202 3506//2794 3519//2801 3628//1204
f 3628//1204 3519//2801 3529//2804 3637//1041
f 3637//1041 3529//2804 3538//2806 3629//1205
f 3546//1028 3547//280 3629//1205 3538//2806
f 3630//2833 3638//1045 3559//2807 3571//2816
f 3559//2807 3638//1045 3547//280
f 3631//1225 3630//2833 3571//2816 3588//2823
f 3437//2760 3428//1050 3633//2828 3634//2834
f 3416//1049 3633//2828 3428//1050
f 3451//2766 3437//2760 3634//2834 3635//2835
f 3465//1040 3451//2766 3635//2835 3636//1039
f 3557//1044 3544//1054 3547//280 3638//1045
f 3516//1018 3637//1041 3527//1019
f 3641//1052 3438//1051 3452//2765 3642//2836
f 3642//2836 3452//2765 3466//2773 3643//2772
f 3504//1203 3645//2837 3644//1053 3490//1010
f 3643//2772 3466//2773 3479//1011
f 3517//1020 3646//2838 3645//2837 3504//1203
f 3646//2838 3517//1020 3527//1019 3647//2839
f 3536//1042 3648//2840 3647//2839 3527//1019
f 3650//2813 3649//1055 3557//1044 3569//1043
f 3648//2840 3536//1042 3544//1054
f 3651//2820 3650//2813 3569//1043 3586//1209
f 3414//1000 3640//1000 3416//1049 3415//998
f 3426//2754 3415//998 3416//1049 3428//1050
f 3435//1052 3426//2754 3428//1050 3641//1052
f 3449//2764 3435//1052 3641//1052 3642//2836
f 3463//2772 3449//2764 3642//2836 3643//2772
f 3476//2781 3463//2772 3643//2772 3479//1011
f 3488//2788 3476//2781 3479//1011 3644//1053
f 3502//2793 3488//2788 3644//1053 3645//2837
f 3514//1015 3502//2793 3645//2837 3646//2838
f 3535//1024 3514//1015 3647//2839 3648//2840
f 3646//2838 3647//2839 3514//1015
f 3543//1212 3535//1024 3648//2840 3544//1054
f 3555//2809 3543//1212 3544//1054 3649//1055
f 3555//2809 3649//1055 3650//2813 3567//2813
f 3567//2813 3650//2813 3651//2820 3584//2820
f 3486//2786 3474//2779 3658//2779 3659//2786
f 3450//1058 3653//1057 3436//1211
f 3503//1060 3654//1059 3489//2787
f 3568//2814 3585//2821 3655//377
f 3448//1065 3657//1061 3447//1063
f 3461//1062 3658//2779 3474//2779
f 3500//1059 3486//2786 3659//2786 3660//1059
f 3554//1070 3661//1214 3662//2344 3566//2822
f 3542//1069 3661//1214 3554//1070
f 3664//416 3665//416 3663//377 3655//377
f 3668//2281 3448//1065 3462//2771 3669//1007
f 3448//1065 3668//2281 3667//1066
f 3501//2300 3671//2301 3670//1068 3487//372
f 3669//1007 3462//2771 3475//1067
f 3674//2326 3673//1071 3554//1070 3566//2822
f 3671//2301 3501//2300 3513//2800
f 3525//1023 3672//1021 3513//2800
f 3672//1021 3525//1023 3534//375
f 3675//2339 3674//2326 3566//2822 3583//378
f 3425//1064 3424//1002 3413//1001 3403//1100
f 3667//1066 3433//2276 3424//1002 3425//1064
f 3433//2276 3667//1066 3668//2281 3445//2763
f 3445//2763 3668//2281 3669//1007 3459//1007
f 3475//1067 3473//1008 3459//1007 3669//1007
f 3670//1068 3485//2295 3473//1008 3475//1067
f 3671//2301 3498//2792 3485//2295 3670//1068
f 3513//2800 3511//2799 3498//2792 3671//2301
f 3511//2799 3513//2800 3672//1021 3522//1021
f 3534//375 3533//355 3522//1021 3672//1021
f 3542//1069 3541//1081 3533//355 3534//375
f 3673//1071 3552//2808 3541//1081 3542//1069
f 3552//2808 3673//1071 3674//2326 3564//2811
f 3580//2339 3564//2811 3674//2326 3675//2339
f 3686//1076 3499//351 3512//1077 3678//353
f 3446//1074 3677//1073 3434//2758
f 3686//1076 3701//2841 3700//1083 3685//267
f 3565//2812 3581//2382 3679//481
f 3690//284 3553//1080 3691//1079
f 3684//1082 3695//1075 3685//267
f 3689//356 3541//1081 3690//284
f 3696//1227 3679//481 3697//2842
f 3699//1085 3694//1123 3680//2843
f 3704//2844 3703//1086 3691//1079 3692//1078
f 3701//2841 3686//1076 3687//2845
f 3702//334 3689//356 3690//284
f 3703//1086 3690//284 3691//1079
f 3705//1135 3704//2844 3692//1078 3693//480
f 3423//325 3412//336 3699//1085 3680//2843
f 3431//2756 3423//325 3680//2843 3681//2846
f 3443//2762 3431//2756 3681//2846 3682//1208
f 3457//2770 3443//2762 3682//1208 3683//1206
f 3471//2778 3457//2770 3683//1206 3684//1082
f 3483//2785 3471//2778 3684//1082 3700//1083
f 3496//2791 3483//2785 3700//1083 3701//2841
f 3509//2798 3496//2791 3701//2841 3687//2845
f 3520//2377 3509//2798 3687//2845 3688//1084
f 3531//334 3520//2377 3688//1084 3702//334
f 3540//1025 3531//334 3702//334 3690//284
f 3550//1087 3703//1086 3704//2844 3562//2327
f 3690//284 3703//1086 3540//1025
f 3562//2327 3704//2844 3705//1135 3578//1135
f 3432//2757 1415//1004 3421//1088 3423//325
f 3399//426 3410//995 3397//997
f 3444//2761 3441//1005 1415//1004 3432//2757
f 3510//2797 3707//1189 3706//1091 3497//1090
f 3441//1005 3444//2761 3458//1095
f 3521//2803 1880//1012 3707//1189 3510//2797
f 3472//2777 3469//2776 3455//1096 3458//1095
f 1880//1012 3521//2803 3532//1026
f 3563//1094 3579//2819 3708//389
f 3484//1089 3482//2784 3469//2776 3472//2777
f 3706//1091 3494//1091 3482//2784 3484//1089
f 3707//1189 3508//2796 3494//1091 3706//1091
f 3540//1025 3539//1219 3530//1097 3532//1026
f 3508//2796 3707//1189 1880//1012
f 3576//2818 3560//2369 3563//1094 3708//389
f 3539//1219 3540//1025 3549//1093
f 3549//1093 3563//1094 3560//2369
f 3710//2847 3561//2810 3577//2817 3573//1185
f 3411//1098 3420//1099 3709//996
f 3561//2810 3710//2847 3549//1093
f 3715//1169 3713//1224 3631//1225 3714//2848
f 3718//1221 3607//1222 3716//2849 3717//395
f 3663//377 3665//416 3721//418 3857//1174
f 3723//1175 3724//377 3663//377 3857//1174
f 3726//400 3724//377 3723//1175 3858//1105
f 3731//2850 3732//400 3729//400 3728//392
f 3656//451 3725//1104 3652//999
f 3858//1105 3728//392 3727//400
f 3733//377 3732//400 3731//2850 3859//1176
f 3738//1172 3737//1226 3740//502 3741//1161
f 3733//377 3859//1176 3734//419
f 3735//1106 3736//1108 3632//1048
f 3737//1226 3738//1172 3739//1141
f 3741//1161 3740//502 3742//513 3743//2851
f 3743//2851 3742//513 3744//513 3745//1110
f 3748//513 3750//502 3853//1171 3745//1110
f 3750//502 3713//1224 3752//2852 3853//1171
f 3753//1158 3754//1160 3408//102 3751//1112
f 3715//1169 3752//2852 3713//1224
f 3849//1167 3758//429 3756//389 3757//2853
f 3756//389 3760//389 3761//2392 3757//2853
f 3761//2392 3760//389 3763//389 3764//390
f 3759//387 3848//388 3762//614
f 3764//390 3763//389 3765//389 3766//1115
f 3769//429 3770//389 3771//1166 3767//1116
f 3771//1166 3770//389 3718//1221 3846//1165
f 3779//1179 3780//481 3696//1227 3777//1162
f 3717//395 3846//1165 3718//1221
f 3676//297 3774//1178 3775//1117
f 3697//2842 3777//1162 3696//1227
f 3778//1120 3774//1178 3676//297
f 3782//411 3780//481 3779//1179 3863//1121
f 3864//1164 3788//481 3786//411 3785//1124
f 3863//1121 3785//1124 3783//411
f 3787//1126 3784//1122 3694//1123
f 3790//1180 3791//481 3788//481 3864//1164
f 3799//483 3572//481 3796//1184 3798//2854
f 3792//1127 3789//1125 3694//1123
f 3791//481 3790//1180 3793//1149
f 3575//1140 3796//1184 3572//481
f 3800//483 3799//483 3798//2854 1769//1131
f 3574//1138 3801//2855 3802//2856 3870//1139
f 3812//1417 3809//1143 3810//1142 3811//478
f 3814//812 3714//2848 3813//2857 3852//1168
f 3716//2849 3815//2858 3816//2859 3844//1155
f 3845//447 3717//395 3716//2849 3844//1155
f 3813//2857 3818//1145 3851//1144 3852//1168
f 3819//1159 3715//1169 3714//2848 3814//812
f 3821//1417 3812//1417 3811//478 3820//478
f 3808//1136 3821//1417 3820//478 3855//1137
f 3856//417 3665//416 3664//416 3855//1137
f 3822//2417 3823//1135 3807//1135 3806//1134
f 3803//1132 3823//1135 3822//2417 3869//1133
f 3824//2860 3825//2861 3804//429 3869//1133
f 3802//2856 3801//2855 3825//2861 3824//2860
f 3758//429 3849//1167 3828//1157 3851//1144
f 3826//433 3405//1173 3652//999
f 3827//1118 3810//1142 3739//1141
f 3697//2842 3834//2862 3835//2863 3836//1107
f 3829//2864 3806//1134 3793//1149
f 3575//1140 3870//1139 3831//2865
f 3403//1100 3832//368 3833//447
f 3839//473 3840//2339 3837//1153 3838//1152
f 3835//2863 3834//2862 3840//2339 3839//473
f 3400//1177 3832//368 3666//365
f 3741//1161 3743//2851 3747//1131 3406//1109
f 3841//420 3838//1152 3734//419
f 3776//1118 3402//1072 3676//297
f 3817//1146 3845//447 3844//1155
f 3849//1167 3850//1150 3828//1157
f 3746//1170 3745//1110 3853//1171
f 3747//1131 3743//2851 3745//1110
f 3861//2866 3860//2866 3862//1163 3777//1162
f 3859//1176 3711//1101 3734//419
f 3860//2866 3861//2866 3776//1118
f 3867//1558 3865//1181 3789//1125 3866//2867
f 3784//1122 3785//1124 3863//1121
f 3864//1164 3789//1125 3865//1181
f 3829//2864 3867//1558 3866//2867 3868//1182
f 3806//1134 3829//2864 3868//1182 3698//341
f 3831//2865 3871//1151 3872//2868 3575//1140
f 3575//1140 3872//2868 3873//1183 3874//1183
f 3874//1183 3873//1183 3797//1120 3875//2869
f 3875//2869 3797//1120 3876//1119 1769//1131
f 3847//392 3767//1116 3771//1166 3594//393
f 3592//1147 3817//1146 3842//1154
f 3844//1155 3816//2859 3843//1156
f 3772//394 3846//1165 3773//1148
f 3717//395 3773//1148 3846//1165
f 3848//388 3759//387 3761//2392 3764//390
f 3767//1116 3847//392 3848//388
f 3759//387 3608//1114 3757//2853 3761//2392
f 3751//1112 3752//2852 3715//1169 3753//1158
f 3755//1113 3849//1167 3608//1114
f 3849//1167 3757//2853 3608//1114
f 3850//1150 3408//102 3852//1168
f 3852//1168 3408//102 3754//1160
f 3754//1160 3819//1159 3814//812
f 3736//1108 3735//1106 3739//1141 3738//1172
f 3749//1111 3853//1171 3751//1112
f 3752//2852 3751//1112 3853//1171
f 3735//1106 3854//1107 3827//1118 3739//1141
f 3639//1047 3810//1142 3827//1118 3854//1107
f 3639//1047 3855//1137 3820//478 3811//478
f 3854//1107 3632//1048 3639//1047
f 3639//1047 3811//478 3810//1142
f 3639//1047 3404//716 3855//1137
f 3656//451 3728//392 3858//1105 3725//1104
f 3826//433 3856//417 3855//1137
f 3719//1102 3857//1174 3720//398
f 3721//418 3720//398 3857//1174
f 3725//1104 3858//1105 3722//1103
f 3723//1175 3722//1103 3858//1105
f 3656//451 3730//484 3731//2850 3728//392
f 3402//1072 3839//473 3838//1152 3833//447
f 3712//486 3859//1176 3730//484
f 3859//1176 3731//2850 3730//484
f 3833//447 3841//420 3711//1101
f 3838//1152 3841//420 3833//447
f 3400//1177 3402//1072 3833//447
f 3861//2866 3697//2842 3836//1107 3776//1118
f 3835//2863 3839//473 3402//1072
f 3402//1072 3836//1107 3835//2863
f 3775//1117 3860//2866 3776//1118
f 3860//2866 3775//1117 3774//1178 3862//1163
f 3781//1119 3863//1121 3779//1179 3778//1120
f 3697//2842 3861//2866 3777//1162
f 3865//1181 3867//1558 3793//1149 3790//1180
f 3787//1126 3864//1164 3784//1122
f 3789//1125 3792//1127 3866//2867
f 3868//1182 3866//2867 3792//1127 3830//1128
f 3698//341 3869//1133 3822//2417 3806//1134
f 3829//2864 3793//1149 3867//1558
f 3698//341 3398//478 3869//1133
f 3873//1183 3872//2868 3795//1130 3794//1129
f 3398//478 3399//426 3869//1133
f 3869//1133 3399//426 3397//997
f 3870//1139 3824//2860 3869//1133
f 3870//1139 3802//2856 3824//2860
f 3870//1139 3871//1151 3831//2865
f 3871//1151 3795//1130 3872//2868
f 3875//2869 3798//2854 3796//1184 3874//1183
f 3404//716 3414//1000 3652//999 3405//1173
f 3798//2854 3875//2869 1769//1131
f 3576//2818 3825//2861 3801//2855 3577//2817
f 3579//2819 3578//1135 3823//1135 3803//1132
f 3581//2382 3580//2339 3840//2339 3834//2862
f 3583//378 3582//377 3734//419 3837//1153
f 3585//2821 3584//2820 3821//1417 3808//1136
f 3588//2823 3587//1223 3818//1145 3813//2857
f 3606//2825 3815//2858 3716//2849 3607//1222
f 3597//2824 3594//393 3593//1232
f 3594//393 3597//2824 3877//1194 3847//392
f 3588//2823 3813//2857 3714//2848 3631//1225
f 3586//1209 3809//1143 3812//1417 3651//2820
f 3640//1000 3639//1047 3407//1046
f 3639//1047 3640//1000 3414//1000 3404//716
f 3584//2820 3651//2820 3812//1417 3821//1417
f 3585//2821 3808//1136 3664//416 3655//377
f 3878//377 3582//377 3566//2822 3662//2344
f 3666//365 3403//1100 3413//1001 3400//1177
f 3837//1153 3675//2339 3583//378
f 3675//2339 3837//1153 3840//2339 3580//2339
f 3581//2382 3834//2862 3697//2842 3679//481
f 3693//480 3805//423 3807//1135 3705//1135
f 3578//1135 3705//1135 3807//1135 3823//1135
f 3412//336 3398//478 3699//1085
f 3579//2819 3803//1132 3804//429 3708//389
f 3708//389 3804//429 3825//2861 3576//2818
f 3573//1185 3577//2817 3801//2855 3574//1138
f 3881//2870 3591//1030 3879//1233 3880//2871
f 3882//389 3587//1223 3570//2815 3620//1234
f 1853//481 3573//1185 3799//483 3800//483
f 1383//1719 3876//1119 3709//996
f 3610//2827 3609//2826 3883//1193 3884//2872
f 3772//394 3773//1148 3592//1147
f 3610//2827 3884//2872 3885//1034 3611//1034
f 3611//1034 3885//1034 3886//1187 3439//1035
f 3616//1091 3887//1091 3888//1190 3617//1189
f 3615//1231 3887//1091 3616//1091
f 3609//2826 3409//1207 3408//102 3762//614
f 3892//1195 3877//1194 3597//2824 3596//1032
f 3890//389 3882//389 3620//1234
f 3768//429 3890//389 3891//389
f 3893//1196 3596//1032 3598//1031 3894//1187
f 3894//1187 3598//1031 3599//1198 3895//1005
f 3896//1091 3600//2873 3601//2874 3897//1189
f 3600//2873 3896//1091 3615//1231
f 3897//1189 3601//2874 3602//2875 3898//2876
f 3898//2876 3602//2875 3603//1200 3899//1037
f 3416//1049 3418//2753 3621//2828 3900//2828
f 3620//1234 3607//1222 3891//389
f 3418//2753 3416//1049 3409//1207
f 3901//2835 3623//2830 3624//2831 3902//1039
f 3900//2828 3621//2828 3622//2829
f 3623//2830 3901//2835 3622//2829
f 3625//2832 3903//1009 3902//1039 3624//2831
f 3504//1203 3627//1202 3628//1204 3516//1018
f 3903//1009 3625//2832 3626//1201
f 3904//502 3569//1043 3630//2833 3631//1225
f 3536//1042 3629//1205 3547//280
f 3638//1045 3630//2833 3569//1043
f 3460//349 3683//1206 3682//1208
f 3586//1209 3904//502 3744//513
f 3633//2828 3900//2828 3622//2829 3634//2834
f 3900//2828 3633//2828 3416//1049
f 3634//2834 3622//2829 3901//2835 3635//2835
f 3635//2835 3901//2835 3902//1039 3636//1039
f 3636//1039 3902//1039 3903//1009 3478//1009
f 3478//1009 3903//1009 3626//1201 3490//1010
f 3694//1123 3401//1003 3424//1002 3680//2843
f 3904//502 3586//1209 3569//1043
f 3694//1123 3781//1119 3676//297
f 3401//1003 3694//1123 3676//297
f 3434//2758 3681//2846 3680//2843 3424//1002
f 3681//2846 3434//2758 3677//1073 3682//1208
f 3687//2845 3678//353 3523//1022 3688//1084
f 3684//1082 3473//1008 3695//1075
f 3678//353 3687//2845 3686//1076
f 3533//355 3689//356 3688//1084 3523//1022
f 3693//480 3692//1078 3565//2812 3679//481
f 3689//356 3533//355 3541//1081
f 3553//1080 3565//2812 3692//1078
f 3406//1109 3747//1131 3407//1046
f 3403//1100 3652//999 3427//1210 3425//1064
f 3652//999 3403//1100 3656//451
f 3657//1061 3653//1057 3905//302 3461//1062
f 3448//1065 3653//1057 3657//1061
f 3461//1062 3905//302 3906//2877 3658//2779
f 3658//2779 3906//2877 3907//2786 3659//2786
f 3659//2786 3907//2786 3908//1059 3660//1059
f 3660//1059 3908//1059 3515//1017 3525//1023
f 3534//375 3535//1024 3543//1212 3542//1069
f 3535//1024 3534//375 3524//305
f 3542//1069 3543//1212 3909//1214 3661//1214
f 3661//1214 3909//1214 3910//2344 3662//2344
f 3662//2344 3910//2344 3911//377 3878//377
f 3477//2780 3906//2877 3905//302 3464//1056
f 3727//400 3878//377 3911//377
f 3464//1056 3905//302 3653//1057
f 3489//2787 3907//2786 3906//2877 3477//2780
f 3654//1059 3908//1059 3907//2786 3489//2787
f 3910//2344 3909//1214 3556//1213 3568//2814
f 3526//1016 3524//305 3515//1017
f 3524//305 3526//1016 3535//1024
f 3911//377 3910//2344 3568//2814 3655//377
f 1383//1719 3709//996 3420//1099 3419//1216
f 1425//380 1413//379 3442//1006 3456//2769
f 1415//1004 3442//1006 1413//379
f 1445//264 1425//380 3456//2769 3470//1217
f 3548//1220 3549//1093 3710//2847 1852//2421
f 1444//265 3495//1218 3493//509
f 3539//1219 3549//1093 3548//1220
f 1852//2421 3710//2847 3573//1185 1853//481
f 1383//1719 1382//2268 1685//439 3876//1119
f 3891//389 3607//1222 3770//389 3769//429
f 1768//483 1850//481 1853//481
f 3882//389 3763//389 3760//389 3587//1223
f 3587//1223 3756//389 3758//429 3818//1145
f 3904//502 3631//1225 3750//502 3748//513
f 3809//1143 3586//1209 3737//1226 3739//1141
f 3742//513 3740//502 3586//1209
f 3911//377 3655//377 3724//377 3726//400
f 3878//377 3729//400 3732//400 3582//377
f 3805//423 3693//480 3791//481 3793//1149
f 3782//411 3693//480 3679//481
f 3879//1233 3593//1232 3592//1147 3880//2871
f 3797//1120 3709//996 3876//1119
f 3749//1111 3408//102 3409//1207
f 3880//2871 3842//1154 3843//1156 3881//2870
f 3592//1147 3842//1154 3880//2871
f 3881//2870 3843//1156 3816//2859 3815//2858
f 3881//2870 3815//2858 3606//2825 3591//1030
f 3591//1030 3606//2825 3605//1228 3589//1029
f 3590//1029 3589//1029 3889//1192 3604//1199
f 3912//1230 3603//1200 3601//2874 3600//2873
f 3602//2875 3601//2874 3603//1200
f 3912//1230 3600//2873 3615//1231 3913//1230
f 3879//1233 3591//1030 3598//1031 3595//1033
f 3613//1197 3599//1198 3614//1229
f 3598//1031 3591//1030 3913//1230 3614//1229
f 3912//1230 3590//1029 3604//1199 3603//1200
f 3591//1030 3590//1029 3912//1230 3913//1230
f 3884//2872 3883//1193 3877//1194 3892//1195
f 3765//389 3768//429 3766//1115
f 3884//2872 3892//1195 3893//1196 3885//1034
f 3885//1034 3893//1196 3894//1187 3886//1187
f 3886//1187 3894//1187 3895//1005 3612//1186
f 3887//1091 3896//1091 3897//1189 3888//1190
f 3615//1231 3896//1091 3887//1091
f 3888//1190 3897//1189 3898//2876 3618//1188
f 3618//1188 3898//2876 3899//1037 3619//1037
f 3619//1037 3899//1037 3604//1199 3545//1027
f 3890//389 3768//429 3765//389 3882//389
f 3891//389 3890//389 3620//1234
f 3847//392 3883//1193 3609//2826 3762//614
f 3928//1238 3926//547 3927//547 3917//718
f 3948//65 3923//105 3924//2878
f 3934//1243 3935//1674 3932//1655 3933//1244
f 3937//2879 3938//1251 3924//2878 3936//2880
f 3941//1246 3942//1248 3919//1657 3922//1247
f 3939//1242 3940//1249 3934//1243
f 3924//2878 3938//1251 3948//65
f 3930//1241 3914//1235 3944//2881 3945//1307
f 4192//1245 3940//1249 3939//1242
f 3920//1654 4192//1245 3939//1242 3933//1244
f 3946//811 5576//1237 5564//1239
f 3951//547 4192//1245 3943//547 3950//547
f 4188//1236 3944//2881 3914//1235
f 3952//1250 3953//1675 3935//1674 3934//1243
f 3954//1308 3955//297 3938//1251 3937//2879
f 3958//767 3959//767 3956//365 3957//1255
f 3967//1271 3968//1256 3964//365 3966//2882
f 3961//577 3962//2883 3960//1265
f 3957//1255 3963//2884 3958//767
f 3965//1269 3966//2882 3964//365
f 3964//365 3969//365 3970//1267 3965//1269
f 3969//365 3958//767 3963//2884 3970//1267
f 3971//1270 3959//767 3968//1256 3967//1271
f 3973//767 3959//767 3971//1270 3972//2885
f 3977//762 3974//767 3975//2886 3976//2887
f 3978//2888 3979//1354 3977//762 3976//2887
f 3962//2883 3961//577 3979//1354 3978//2888
f 3974//767 3980//767 3981//2889 3975//2886
f 3983//757 3973//767 3972//2885 3982//2890
f 3985//757 3983//757 3982//2890 3984//2891
f 3987//1256 3985//757 3984//2891 3986//2892
f 3981//2889 3980//767 3988//1256 3989//2893
f 3989//2893 3988//1256 3987//1256 3986//2892
f 3956//365 3959//767 3973//767 3990//365
f 3991//1253 3980//767 3960//1265 4031//678
f 3990//365 3992//1252 3993//1254 3956//365
f 3960//1265 3980//767 3974//767 3961//577
f 3979//1354 3961//577 3974//767 3977//762
f 3968//1256 3959//767 3958//767 3969//365
f 3990//365 3985//757 3987//1256 3988//1256
f 3991//1253 3990//365 3988//1256 3980//767
f 3996//1258 3997//324 3994//324 3995//584
f 4007//2894 4005//2895 4004//324 4006//583
f 4004//324 4005//2895 4003//2896
f 4009//2897 4007//2894 4006//583 3995//584
f 4009//2897 3995//584 4010//604 4011//2898
f 4001//1257 4016//1273 4015//584 4000//584
f 4013//1260 4015//584 4016//1273
f 4018//2899 4017//604 4012//1262 4014//1261
f 4011//2898 4010//604 4019//1264 4020//2900
f 4020//2900 4019//1264 4021//604 4022//2901
f 4022//2901 4021//604 4023//2484 4024//2902
f 4018//2899 4026//2903 4025//2904 4017//604
f 4026//2903 4024//2902 4023//2484 4025//2904
f 4010//604 3995//584 3994//324 4027//324
f 3998//659 4017//604 4028//324 3999//659
f 3998//659 4000//584 4012//1262 4017//604
f 3999//659 4028//324 4029//1277
f 3997//324 4002//1259 4030//1263
f 3994//324 3997//324 4030//1263
f 4015//584 4013//1260 4012//1262 4000//584
f 4006//583 4008//2905 3996//1258 3995//584
f 4006//583 4004//324 4003//2896 4008//2905
f 4027//324 4025//2904 4023//2484 4021//604
f 4030//1263 4029//1277 4028//324 4027//324
f 4028//324 4017//604 4025//2904 4027//324
f 4034//2906 3966//2882 3965//1269 4033//1268
f 3960//1265 3962//2883 4032//1266
f 4036//2907 3972//2885 3971//1270 4035//1272
f 3967//1271 3966//2882 4034//2906
f 4038//2908 3976//2887 3975//2886 4037//2909
f 4039//1274 3978//2888 3976//2887 4038//2908
f 4039//1274 4032//1266 3962//2883 3978//2888
f 4037//2909 3975//2886 3981//2889 4040//2910
f 4041//2911 3982//2890 3972//2885 4036//2907
f 4042//2912 3984//2891 3982//2890 4041//2911
f 4042//2912 4043//2913 3986//2892 3984//2891
f 4044//2914 4040//2910 3981//2889 3989//2893
f 4043//2913 4044//2914 3989//2893 3986//2892
f 4045//2915 3993//1254 3992//1252 4046//642
f 3993//1254 4045//2915 3957//1255
f 4048//2916 4003//2896 4005//2895 4047//2917
f 4001//1257 3998//659 4031//678
f 4049//2918 4047//2917 4005//2895 4007//2894
f 4050//2919 4049//2918 4007//2894 4009//2897
f 4003//2896 4048//2916 4008//2905
f 4050//2919 4009//2897 4011//2898 4051//2920
f 4053//2921 4014//1261 4013//1260 4052//2908
f 4052//2908 4013//1260 4016//1273 4054//1274
f 4055//2922 4018//2899 4014//1261 4053//2921
f 4051//2920 4011//2898 4020//2900 4056//2923
f 4056//2923 4020//2900 4022//2901 4057//2912
f 4058//2924 4057//2912 4022//2901 4024//2902
f 4055//2922 4059//2925 4026//2903 4018//2899
f 4059//2925 4058//2924 4024//2902 4026//2903
f 4008//2905 3970//1267 3963//2884 3996//1258
f 3999//659 4029//1277 4060//1276
f 4030//1263 4061//1275 4060//1276
f 3996//1258 3963//2884 3957//1255 4002//1259
f 4002//1259 3957//1255 4045//2915 4061//1275
f 3999//659 4060//1276 4046//642 4031//678
f 4054//1274 4001//1257 4032//1266 4039//1274
f 4031//678 4032//1266 4001//1257
f 4054//1274 4039//1274 4038//2908 4052//2908
f 4052//2908 4038//2908 4037//2909 4053//2921
f 4053//2921 4037//2909 4040//2910 4055//2922
f 4059//2925 4055//2922 4040//2910 4044//2914
f 4058//2924 4059//2925 4044//2914 4043//2913
f 4057//2912 4058//2924 4043//2913 4042//2912
f 4057//2912 4042//2912 4041//2911 4056//2923
f 4056//2923 4041//2911 4036//2907 4051//2920
f 4051//2920 4036//2907 4035//1272 4050//2919
f 4049//2918 4050//2919 4035//1272 3967//1271
f 4047//2917 4049//2918 3967//1271 4034//2906
f 4047//2917 4034//2906 4033//1268 4048//2916
f 4048//2916 4033//1268 3970//1267 4008//2905
f 4071//2926 4063//1278 4062//565 4070//677
f 4073//2927 4065//1279 4064//565 4072//1295
f 4075//1306 4067//1278 4066//565 4074//471
f 4077//1284 4069//733 4068//547 4076//256
f 4080//1407 4081//679 4078//734 4079//1248
f 4086//2928 4087//1283 4084//556 4085//733
f 4082//2929 4083//734 4158//773
f 5547//1658 3919//1657 3921//677 4192//1245
f 4088//2930 4089//734 4090//1291
f 3927//547 3925//547 3915//718 3917//718
f 3921//677 3919//1657 3942//1248 3943//547
f 3943//547 3942//1248 3949//547 3950//547
f 4092//1303 4093//547 3927//547 3926//547
f 4094//1278 4095//547 3950//547 3949//547
f 4096//2931 4097//677 4093//547 4092//1303
f 4098//718 4099//718 4095//547 4094//1278
f 4108//729 4088//2930 4106//553 4107//1135
f 4111//729 4100//565 4109//547 4110//1282
f 4113//1248 4114//2455 4112//553 4085//733
f 4117//2416 4084//556 4115//734 4116//1278
f 4119//1278 4120//718 4118//1302 4079//1248
f 4123//2559 4078//734 4121//547 4122//2932
f 4126//553 4082//2929 4124//547 4125//547
f 4132//1301 4129//1288 4130//201 4131//198
f 4103//547 4127//1282 4128//1302
f 4135//483 4136//1289 4133//2933 4134//1726
f 4139//2934 4111//729 4137//2935 4138//1286
f 4142//1278 4143//729 4140//2936 4141//1290
f 4113//1248 4117//2416 4144//1300 4145//1287
f 4148//547 4108//729 4146//1285 4147//1294
f 4119//1278 4123//2559 4149//1296 4150//718
f 4155//553 4128//1302 4153//2937 4154//2938
f 4102//545 4097//677 4096//2931 4080//1407
f 4073//2927 4072//1295 4158//773 4081//679
f 4075//1306 4074//471 4159//2928 4158//773
f 4099//718 4098//718 4086//2928 4105//718
f 4090//1291 4071//2926 4070//677 4160//2939
f 4132//1301 4131//198 4141//1290 4140//2936
f 4147//1294 4146//1285 4161//773
f 4158//773 4121//547 4078//734 4081//679
f 4163//599 4120//718 4150//718
f 4136//1289 4165//1297 4154//2938
f 4166//729 4063//1278 4071//2926
f 4110//1282 4109//547 4156//1293 4168//1282
f 4108//729 4148//547 4089//734 4088//2930
f 4110//1282 4171//1727 4137//2935 4111//729
f 4109//547 4100//565 4157//1292
f 4163//599 4170//198 4164//763
f 4164//763 4174//1298 4172//1305 4156//1293
f 4149//1296 4123//2559 4122//2932
f 4137//2935 4171//1727 4169//2940
f 4127//1282 4103//547 4178//547 4179//1282
f 4083//734 4176//734 4158//773
f 4115//734 4177//733 4116//1278
f 4131//198 4130//201 4173//1295 4180//256
f 4134//1726 4181//1298 4170//198 4135//483
f 4183//729 4142//1278 4141//1290 4182//2941
f 4131//198 4180//256 4182//2941 4141//1290
f 4151//1281 4184//1299 4152//1282
f 4167//1290 4087//1283 4076//256
f 4135//483 4170//198 4184//1299 4151//1281
f 4126//553 4152//1282 4083//734 4082//2929
f 4185//565 4067//1278 4075//1306
f 4116//1278 4186//1486 4144//1300 4117//2416
f 4127//1282 4187//2942 4153//2937 4128//1302
f 4186//1486 4130//201 4129//1288 4144//1300
f 4134//1726 4133//2933 4153//2937 4187//2942
f 4068//547 3949//547 4188//1236 4175//729
f 4074//471 4066//565 4095//547 4099//718
f 4159//2928 4124//547 4082//2929 4158//773
f 4125//547 4124//547 4104//547 4155//553
f 4125//547 4165//1297 4151//1281 4126//553
f 4074//471 4099//718 4105//718 4159//2928
f 4066//565 3951//547 3950//547 4095//547
f 4155//553 4154//2938 4165//1297 4125//547
f 4128//1302 4155//553 4104//547 4103//547
f 4104//547 4124//547 4159//2928 4105//718
f 4153//2937 4133//2933 4154//2938
f 4154//2938 4133//2933 4136//1289
f 3947//192 4193//614 3952//1250 3940//1249
f 3948//65 4189//2943 4190//1298
f 3951//547 4191//547 4192//1245
f 4193//614 4194//2944 3953//1675 3952//1250
f 4188//1236 3941//1246 3948//65 4190//1298
f 3955//297 4189//2943 3948//65
f 4142//1278 4183//729 4178//547 4103//547
f 4115//734 4087//1283 4167//1290
f 4177//733 4195//1369 4186//1486 4116//1278
f 4176//734 4083//734 4152//1282
f 4179//1282 4196//779 4187//2942 4127//1282
f 4173//1295 4130//201 4186//1486 4195//1369
f 4181//1298 4134//1726 4187//2942 4196//779
f 4175//729 4197//734 4198//1299 4076//256
f 4115//734 4089//734 4148//547 4177//733
f 4182//2941 4200//2945 4168//1282 4183//729
f 4156//1293 4179//1282 4178//547
f 4199//198 4180//256 4173//1295
f 4152//1282 4184//1299 4149//1296 4122//2932
f 4180//256 4199//198 4200//2945 4182//2941
f 4086//2928 4085//733 4112//553 4105//718
f 4149//1296 4184//1299 4170//198
f 4191//547 3951//547 4185//565
f 4197//734 4175//729 4188//1236
f 4077//1284 4098//718 4094//1278 4069//733
f 4117//2416 4113//1248 4085//733 4084//556
f 4114//2455 4113//1248 4145//1287 4162//677
f 4098//718 4077//1284 4087//1283 4086//2928
f 4114//2455 4162//677 4140//2936 4143//729
f 4162//677 4132//1301 4140//2936
f 4112//553 4114//2455 4143//729 4103//547
f 4073//2927 4096//2931 4092//1303 4065//1279
f 4123//2559 4119//1278 4079//1248 4078//734
f 4080//1407 4096//2931 4073//2927 4081//679
f 4070//677 4062//565 4093//547 4097//677
f 4160//2939 4106//553 4088//2930 4090//1291
f 4111//729 4139//2934 4101//547 4100//565
f 4107//1135 4138//1286 4146//1285 4108//729
f 4160//2939 4070//677 4097//677 4102//545
f 4062//565 3925//547 3927//547 4093//547
f 4161//773 4138//1286 4137//2935 4169//2940
f 4156//1293 4120//718 4163//599 4164//763
f 4118//1302 4120//718 4157//1292 4100//565
f 4156//1293 4157//1292 4120//718
f 4101//547 4139//2934 4107//1135 4106//553
f 4138//1286 4107//1135 4139//2934
f 4101//547 4106//553 4160//2939 4102//545
f 4080//1407 4079//1248 4118//1302 4102//545
f 3944//2881 4190//1298 4189//2943 3945//1307
f 3955//297 3931//55 3945//1307 4189//2943
f 4192//1245 3928//1238 3946//811
f 4201//1304 4194//2944 4193//614
f 4064//565 4185//565 4075//1306 4072//1295
f 4188//1236 4190//1298 3944//2881
f 4156//1293 4178//547 4183//729 4168//1282
f 4121//547 4176//734 4152//1282 4122//2932
f 4147//1294 4195//1369 4177//733 4148//547
f 4174//1298 4181//1298 4196//779 4172//1305
f 4179//1282 4156//1293 4172//1305
f 4195//1369 4147//1294 4173//1295
f 3928//1238 4191//547 4185//565 4064//565
f 4071//2926 4198//1299 4197//734 4166//729
f 4173//1295 4161//773 4169//2940 4199//198
f 4168//1282 4200//2945 4171//1727 4110//1282
f 4167//1290 4198//1299 4071//2926 4090//1291
f 4199//198 4169//2940 4171//1727 4200//2945
f 4166//729 4197//734 4188//1236 3925//547
f 4201//1304 3947//192 3946//811 3929//1240
f 4202//1661 4203//2946 3914//1235
f 4203//2946 4091//478 3914//1235
f 3914//1235 3931//55 4202//1661
f 3931//55 3914//1235 3918//527
f 3917//718 3914//1235 3916//1280 3928//1238
f 4212//1325 4213//2947 4211//2948 4487//1324
f 4204//345 4205//125 4206//444
f 4219//2949 4220//1993 4213//2947 4212//1325
f 4211//2948 4221//825 4222//2950 4487//1324
f 4208//1312 4227//757 4228//365 4209//444
f 4223//21 4224//1326 4225//2951
f 4207//1311 4227//757 4208//1312
f 4236//1328 4233//2952 4234//1323 4235//1322
f 4229//1327 4210//12 4204//345
f 4238//2953 4239//1330 4225//2951 4237//2954
f 4232//1320 4229//1327 4244//2955 4491//1373
f 4225//2951 4239//1330 4223//21
f 4219//2949 4243//365 4218//1315
f 4216//1314 4215//1313 4240//1321 4234//1323
f 4207//1311 4246//757 4227//757
f 4250//767 4218//1315 4243//365 4249//365
f 4214//80 4489//1316 4242//389
f 4223//21 4222//2950 4221//825
f 4204//345 4244//2955 4229//1327
f 4256//2437 4257//544 4254//1339 4255//1341
f 4218//1315 4250//767 4489//1316
f 4235//1322 4240//1321 4251//1310
f 4239//1330 4238//2953 4253//102
f 4242//389 4489//1316 4251//1310
f 4259//1331 4258//543 4261//541 4262//1336
f 4267//544 4264//688 4265//1348 4266//2956
f 4255//1341 4263//1347 4256//2437
f 4268//2957 4269//338 4267//544 4266//2956
f 4264//688 4270//2439 4271//1349 4265//1348
f 4270//2439 4256//2437 4263//1347 4271//1349
f 4272//2958 4257//544 4269//338 4268//2957
f 4274//338 4257//544 4272//2958 4273//2959
f 4275//684 4279//543 4280//2960 4276//1333
f 4282//543 4274//338 4273//2959 4281//2961
f 4284//543 4282//543 4281//2961 4283//2962
f 4286//1434 4284//543 4283//2962 4285//2963
f 4280//2960 4279//543 4287//544 4288//2964
f 4288//2964 4287//544 4286//1434 4285//2963
f 4254//1339 4257//544 4274//338 4289//1339
f 4290//1338 4279//543 4258//543 4260//1332
f 4258//543 4279//543 4275//684 4261//541
f 4292//1340 4254//1339 4289//1339
f 4278//1335 4261//541 4275//684 4277//1334
f 4269//338 4257//544 4256//2437 4270//2439
f 4269//338 4270//2439 4264//688 4267//544
f 4289//1339 4284//543 4286//1434 4287//544
f 4292//1340 4289//1339 4290//1338 4291//1337
f 4290//1338 4289//1339 4287//544 4279//543
f 4295//2455 4296//553 4293//547 4294//547
f 4302//746 4296//553 4295//2455 4301//2965
f 4306//2966 4303//2967 4304//1278 4305//2968
f 4308//2969 4305//2968 4304//1278 4307//1248
f 4310//2970 4309//2971 4303//2967 4306//2966
f 4301//2965 4295//2455 4309//2971 4310//2970
f 4311//2557 4308//2969 4307//1248 4294//547
f 4311//2557 4294//547 4312//734 4313//2972
f 4300//1344 4318//2973 4317//556 4299//1342
f 4315//1345 4317//556 4318//2973
f 4320//2974 4319//547 4314//550 4316//1346
f 4313//2972 4312//734 4321//547 4322//2975
f 4322//2975 4321//547 4323//560 4324//2976
f 4324//2976 4323//560 4325//1278 4326//2977
f 4320//2974 4328//2978 4327//547 4319//547
f 4328//2978 4326//2977 4325//1278 4327//547
f 4312//734 4294//547 4293//547 4329//547
f 4297//1343 4319//547 4330//547 4298//677
f 4329//547 4293//547 4332//732 4331//2979
f 4298//677 4330//547 4331//2979
f 4296//553 4302//746 4332//732
f 4293//547 4296//553 4332//732
f 4297//1343 4299//1342 4314//550 4319//547
f 4317//556 4315//1345 4314//550 4299//1342
f 4307//1248 4309//2971 4295//2455 4294//547
f 4307//1248 4304//1278 4303//2967 4309//2971
f 4329//547 4327//547 4325//1278 4323//560
f 4330//547 4319//547 4327//547 4329//547
f 4330//547 4329//547 4331//2979
f 4334//1350 4335//2980 4266//2956 4265//1348
f 4259//1331 4298//677 4260//1332
f 4336//2981 4268//2957 4266//2956 4335//2980
f 4337//2585 4272//2958 4268//2957 4336//2981
f 4271//1349 4263//1347 4333//745
f 4337//2585 4338//2982 4273//2959 4272//2958
f 4339//2983 4340//2984 4277//1334 4276//1333
f 4341//2985 4278//1335 4277//1334 4340//2984
f 4342//2986 4339//2983 4276//1333 4280//2960
f 4278//1335 4341//2985 4262//1336
f 4338//2982 4343//2987 4281//2961 4273//2959
f 4343//2987 4344//2988 4283//2962 4281//2961
f 4345//752 4285//2963 4283//2962 4344//2988
f 4342//2986 4280//2960 4288//2964 4346//2989
f 4346//2989 4288//2964 4285//2963 4345//752
f 4350//2990 4351//2583 4306//2966 4305//2968
f 4255//1341 4292//1340 4347//756
f 4292//1340 4348//659 4347//756
f 4297//1343 4298//677 4349//1351
f 4350//2990 4305//2968 4308//2969 4352//2981
f 4351//2583 4353//2577 4310//2970 4306//2966
f 4352//2981 4308//2969 4311//2557 4354//2991
f 4301//2965 4310//2970 4353//2577
f 4355//2992 4354//2991 4311//2557 4313//2972
f 4356//2984 4357//2983 4316//1346 4315//1345
f 4356//2984 4315//1345 4318//2973 4358//2985
f 4358//2985 4318//2973 4300//1344 4349//1351
f 4357//2983 4359//2993 4320//2974 4316//1346
f 4360//2582 4355//2992 4313//2972 4322//2975
f 4361//2994 4360//2582 4322//2975 4324//2976
f 4361//2994 4324//2976 4326//2977 4362//752
f 4363//2995 4328//2978 4320//2974 4359//2993
f 4362//752 4326//2977 4328//2978 4363//2995
f 4366//756 4367//324 4331//2979 4332//732
f 4331//2979 4364//324 4365//659
f 4331//2979 4365//659 4298//677
f 4301//2965 4353//2577 4271//1349 4333//745
f 4331//2979 4367//324 4364//324
f 4302//746 4301//2965 4333//745 4255//1341
f 4366//756 4302//746 4255//1341 4347//756
f 4365//659 4348//659 4260//1332 4298//677
f 4349//1351 4262//1336 4341//2985 4358//2985
f 4262//1336 4349//1351 4298//677
f 4358//2985 4341//2985 4340//2984 4356//2984
f 4357//2983 4356//2984 4340//2984 4339//2983
f 4359//2993 4357//2983 4339//2983 4342//2986
f 4359//2993 4342//2986 4346//2989 4363//2995
f 4363//2995 4346//2989 4345//752 4362//752
f 4362//752 4345//752 4344//2988 4361//2994
f 4360//2582 4361//2994 4344//2988 4343//2987
f 4355//2992 4360//2582 4343//2987 4338//2982
f 4354//2991 4355//2992 4338//2982 4337//2585
f 4354//2991 4337//2585 4336//2981 4352//2981
f 4352//2981 4336//2981 4335//2980 4350//2990
f 4351//2583 4350//2990 4335//2980 4334//1350
f 4353//2577 4351//2583 4334//1350 4271//1349
f 4377//2996 4369//759 4368//759 4376//674
f 4380//2997 4373//1353 4372//657 4379//1371
f 4382//2998 4375//1354 4374//762 4381//1295
f 4385//674 4386//2999 4383//1256 4384//3000
f 4392//1177 4393//3001 4390//653 4391//653
f 4387//757 4388//767 4389//3002
f 4205//125 4397//461 5566//1309 4208//1312
f 4394//365 4395//767 4396//3003
f 4217//1317 4220//1993 4219//2949 4218//1315
f 4228//365 4226//365 4206//444 4209//444
f 4219//2949 4212//1325 4241//365 4243//365
f 4243//365 4241//365 4248//1253 4249//365
f 4398//760 4399//365 4228//365 4227//757
f 4400//757 4401//1256 4249//365 4248//1253
f 4403//3004 4379//1371 4401//1256 4400//757
f 4399//365 4398//760 4402//3005
f 4412//788 4394//365 4410//1253 4411//1256
f 4415//766 4404//1356 4413//365 4414//757
f 4417//1256 4418//3006 4416//1253 4391//653
f 4421//657 4390//653 4419//762 4420//656
f 4423//1256 4424//3007 4422//365 4384//3000
f 4430//757 4387//757 4428//1356 4429//2499
f 4425//767 4426//1368 4427//653
f 4433//766 4407//757 4431//761 4432//657
f 4442//770 4443//365 4440//3008 4441//1369
f 4435//1364 4436//1298 4437//1367
f 4417//1256 4421//657 4444//1375 4445//1265
f 4423//1256 4427//653 4426//1368 4448//444
f 4389//3002 4380//2997 4379//1371 4456//3009
f 4385//674 4406//1357 4402//3005
f 4455//700 4386//2999 4378//1355
f 4409//1177 4379//1371 4403//3004 4392//1177
f 4382//2998 4381//1295 4457//1295 4393//3001
f 4377//2996 4376//674 4458//678 4396//3003
f 4455//700 4425//767 4383//1256 4386//2999
f 4462//1365 4445//1265 4461//1252
f 4441//1369 4440//3008 4434//1367
f 4463//773 4464//444 4448//444
f 4467//757 4369//759 4377//2996
f 4469//1486 4396//3003 4395//767 4468//757
f 4414//757 4413//365 4470//365 4471//757
f 4412//788 4447//656 4395//767 4394//365
f 4454//769 4453//658 4413//365 4404//1356
f 4381//1295 4475//1369 4481//1511 4457//1295
f 4438//1358 4415//766 4414//757
f 4374//762 4475//1369 4381//1295
f 4388//767 4476//767 4389//3002
f 4457//1295 4419//762 4390//653 4393//3001
f 4482//657 4373//1353 4380//2997
f 4443//365 4442//770 4431//761 4407//757
f 4432//657 4483//1374 4450//1361 4433//766
f 4388//767 4387//757 4430//757
f 4444//1375 4421//657 4420//656
f 4456//3009 4428//1356 4387//757 4389//3002
f 4450//1361 4483//1374 4435//1364
f 7//10 21//24 5//23 4//21
f 4429//2499 4428//1356 4408//757 4451//365
f 4429//2499 4466//1365 4449//1366 4430//757
f 4372//657 4250//767 4249//365 4401//1256
f 4379//1371 4409//1177 4456//3009
f 4450//1361 4466//1365 4429//2499 4451//365
f 4433//766 4451//365 4408//757 4407//757
f 4449//1366 4466//1365 4435//1364 4437//1367
f 4408//757 4428//1356 4456//3009 4409//1177
f 4486//503 4222//2950 4223//21 4485//3010
f 4481//1511 4477//762 4419//762 4457//1295
f 4250//767 4488//757 4489//1316
f 4491//1373 4485//3010 4223//21
f 4222//2950 4486//503 4487//1324
f 4442//770 4480//1370 4478//365 4431//761
f 4374//762 4492//757 4493//1486 4475//1369
f 4476//767 4388//767 4449//1366
f 4476//767 4472//767 4455//700 4389//3002
f 4477//762 4468//757 4447//656 4420//656
f 4478//365 4470//365 4453//658 4432//657
f 4461//1252 4474//297 4494//1298 4434//1367
f 4479//700 4465//694 4463//773 4436//1298
f 4441//1369 4495//1369 4471//757 4480//1370
f 4475//1369 4493//1486 4469//1486 4481//1511
f 4434//1367 4494//1298 4495//1369 4441//1369
f 4436//1298 4463//773 4426//1368 4449//1366
f 4484//1253 4245//365 4492//757 4374//762
f 4488//757 4250//767 4482//657
f 4392//1177 4391//653 4416//1253 4409//1177
f 4382//2998 4403//3004 4400//757 4375//1354
f 4421//657 4417//1256 4391//653 4390//653
f 4418//3006 4417//1256 4445//1265 4462//1365
f 4392//1177 4403//3004 4382//2998 4393//3001
f 4440//3008 4462//1365 4461//1252 4434//1367
f 4418//3006 4462//1365 4440//3008 4443//365
f 4416//1253 4418//3006 4443//365 4407//757
f 4378//1355 4402//3005 4398//760 4371//1352
f 4427//653 4423//1256 4384//3000 4383//1256
f 4424//3007 4423//1256 4448//444 4464//444
f 4402//3005 4378//1355 4386//2999 4385//674
f 4376//674 4368//759 4399//365 4402//3005
f 4458//678 4410//1253 4394//365 4396//3003
f 4415//766 4439//1359 4405//767 4404//1356
f 4411//1256 4460//1363 4446//1360 4412//788
f 4376//674 4402//3005 4406//1357 4458//678
f 4368//759 4226//365 4228//365 4399//365
f 4459//780 4460//1363 4438//1358 4473//773
f 4452//1362 4464//444 4463//773 4465//694
f 4424//3007 4464//444 4452//1362 4454//769
f 4422//365 4424//3007 4454//769 4404//1356
f 4439//1359 4438//1358 4460//1363 4411//1256
f 4405//767 4439//1359 4411//1256 4410//1253
f 4405//767 4410//1253 4458//678 4406//1357
f 4385//674 4384//3000 4422//365 4406//1357
f 4244//2955 4486//503 4485//3010 4491//1373
f 4245//365 4484//1253 4487//1324 4204//345
f 4207//1311 4489//1316 4488//757 4246//757
f 4204//345 4487//1324 4486//503 4244//2955
f 4489//1316 4207//1311 4251//1310
f 4247//1376 4490//1372 4235//1322
f 4370//657 4482//657 4380//2997 4378//1355
f 4468//757 4477//762 4481//1511 4469//1486
f 4470//365 4478//365 4480//1370 4471//757
f 4472//767 4476//767 4449//1366 4426//1368
f 4446//1360 4444//1375 4420//656 4447//656
f 4452//1362 4483//1374 4432//657 4453//658
f 4378//1355 4380//2997 4389//3002 4455//700
f 4446//1360 4474//297 4461//1252 4444//1375
f 4465//694 4479//700 4483//1374 4452//1362
f 4246//757 4488//757 4482//657 4370//657
f 4377//2996 4493//1486 4492//757 4467//757
f 4474//297 4459//780 4473//773 4494//1298
f 4468//757 4395//767 4447//656
f 4470//365 4413//365 4453//658
f 4471//757 4495//1369 4438//1358 4414//757
f 4493//1486 4377//2996 4396//3003 4469//1486
f 4494//1298 4473//773 4438//1358 4495//1369
f 4467//757 4492//757 4245//365 4226//365
f 4205//125 4204//345 4496//3011 4497//605
f 4503//478 4499//1280 4498//1377 4532//824
f 5566//1309 4231//1318 4251//1310
f 4497//605 4397//461 4205//125
f 4204//345 4253//102 4496//3011
f 4251//1310 4230//1319 4247//1376
f 4508//1392 4509//3012 4506//1994 4507//1391
f 4512//1385 4513//3013 4510//207 4511//1384
f 4514//1387 4515//1994 4513//3013 4512//1385
f 4510//207 4516//3014 4517//1388 4511//1384
f 4518//642 4519//91 4509//3012 4508//1392
f 4506//1994 4520//1631 4521//215 4507//1391
f 4525//3015 4522//1428 4523//1389 4524//1630
f 4502//478 4501//341 4527//3016 4528//338
f 4532//824 4527//3016 4501//341
f 4502//478 4528//338 4529//338 4503//478
f 4533//1381 4530//1390 4539//3017 4540//1437
f 4530//1390 4505//102 4504//11
f 4521//215 4500//1378 4507//1391
f 4523//1389 4522//1428 4500//1378
f 4528//338 4527//3016 4543//3018 4544//338
f 4500//1378 4541//614 4504//11
f 4515//1994 4514//1387 4537//1386 4535//1382
f 4532//824 4543//3018 4527//3016
f 4520//1631 4524//1630 4523//1389 4521//215
f 4530//1390 4504//11 4541//614 4539//3017
f 4548//338 4517//1388 4538//338 4547//338
f 4552//1401 4553//581 4550//324 4551//1399
f 4517//1388 4548//338 4511//1384
f 4555//659 4554//324 4556//534 4557//1397
f 4561//3019 4562//628 4560//583 4559//3020
f 4558//3021 4559//3020 4560//583
f 4564//3022 4553//581 4562//628 4561//3019
f 4566//324 4553//581 4564//3022 4565//3023
f 4567//588 4571//324 4572//3024 4568//1395
f 4574//534 4566//324 4565//3023 4573//3025
f 4576//534 4574//534 4573//3025 4575//3026
f 4578//592 4576//534 4575//3026 4577//3027
f 4572//3024 4571//324 4579//3028 4580//3029
f 4580//3029 4579//3028 4578//592 4577//3027
f 4550//324 4553//581 4566//324 4581//324
f 4582//324 4571//324 4554//324 4625//1394
f 4581//324 4583//671 4584//1398 4550//324
f 4554//324 4571//324 4567//588 4556//534
f 4570//1396 4556//534 4567//588 4569//666
f 4562//628 4553//581 4552//1401 4563//1403
f 4562//628 4563//1403 4558//3021 4560//583
f 4581//324 4576//534 4578//592 4579//3028
f 4582//324 4581//324 4579//3028 4571//324
f 4587//3030 4588//652 4585//1253 4586//365
f 4592//1357 4589//1256 4590//758 4591//1409
f 4592//1357 4594//1405 4593//760 4589//1256
f 4600//3031 4598//2490 4597//764 4586//365
f 4596//3032 4597//764 4598//2490
f 4600//3031 4586//365 4601//760 4602//3033
f 4606//3034 4603//788 4604//1354 4605//3035
f 4608//1404 4605//3035 4604//1354 4607//657
f 4594//1405 4608//1404 4607//657 4593//760
f 4610//3036 4609//365 4603//788 4606//3034
f 4602//3033 4601//760 4611//657 4612//2497
f 4612//2497 4611//657 4613//657 4614//3037
f 4614//3037 4613//657 4615//1256 4616//3038
f 4610//3036 4618//3039 4617//1356 4609//365
f 4618//3039 4616//3038 4615//1256 4617//1356
f 4601//760 4586//365 4585//1253 4619//365
f 4589//1256 4609//365 4620//365 4590//758
f 4621//1298 4622//1408 4590//758 4620//365
f 4622//1408 4623//1410 4591//1409 4590//758
f 4589//1256 4593//760 4603//788 4609//365
f 4585//1253 4588//652 4624//676
f 4607//657 4604//1354 4603//788 4593//760
f 4597//764 4599//651 4587//3030 4586//365
f 4597//764 4596//3032 4595//2492 4599//651
f 4619//365 4617//1356 4615//1256 4613//657
f 4624//676 4621//1298 4620//365 4619//365
f 4620//365 4609//365 4617//1356 4619//365
f 4628//2509 4559//3020 4558//3021 4627//2510
f 4555//659 4557//1397 4626//1400
f 4628//2509 4629//2511 4561//3019 4559//3020
f 4627//2510 4558//3021 4563//1403 4630//1402
f 4629//2511 4631//2524 4564//3022 4561//3019
f 4632//3040 4565//3023 4564//3022 4631//2524
f 4634//2516 4569//666 4568//1395 4633//3041
f 4635//1406 4570//1396 4569//666 4634//2516
f 4635//1406 4626//1400 4557//1397 4570//1396
f 4633//3041 4568//1395 4572//3024 4636//3042
f 4637//2519 4573//3025 4565//3023 4632//3040
f 4638//3043 4575//3026 4573//3025 4637//2519
f 4638//3043 4639//3044 4577//3027 4575//3026
f 4640//3045 4636//3042 4572//3024 4580//3029
f 4639//3044 4640//3045 4580//3029 4577//3027
f 4644//2510 4595//2492 4596//3032 4643//2509
f 4584//1398 4641//682 4551//1399
f 4583//671 4642//677 4641//682
f 4584//1398 4583//671 4641//682
f 4592//1357 4591//1409 4642//677
f 4594//1405 4592//1357 4642//677
f 4645//3046 4643//2509 4596//3032 4598//2490
f 4646//3047 4645//3046 4598//2490 4600//3031
f 4595//2492 4644//2510 4599//651
f 4646//3047 4600//3031 4602//3033 4647//2525
f 4649//3048 4606//3034 4605//3035 4648//3049
f 4648//3049 4605//3035 4608//1404 4650//1406
f 4651//3050 4610//3036 4606//3034 4649//3048
f 4647//2525 4602//3033 4612//2497 4652//3051
f 4652//3051 4612//2497 4614//3037 4653//2529
f 4654//2521 4653//2529 4614//3037 4616//3038
f 4651//3050 4655//3052 4618//3039 4610//3036
f 4655//3052 4654//2521 4616//3038 4618//3039
f 4599//651 4630//1402 4552//1401 4587//3030
f 4591//1409 4623//1410 4656//1407
f 4624//676 4657//682 4656//1407
f 4587//3030 4552//1401 4551//1399 4588//652
f 4588//652 4551//1399 4641//682 4657//682
f 4594//1405 4642//677 4625//1394 4626//1400
f 4650//1406 4594//1405 4626//1400 4635//1406
f 4650//1406 4635//1406 4634//2516 4648//3049
f 4648//3049 4634//2516 4633//3041 4649//3048
f 4649//3048 4633//3041 4636//3042 4651//3050
f 4655//3052 4651//3050 4636//3042 4640//3045
f 4654//2521 4655//3052 4640//3045 4639//3044
f 4653//2529 4654//2521 4639//3044 4638//3043
f 4653//2529 4638//3043 4637//2519 4652//3051
f 4652//3051 4637//2519 4632//3040 4647//2525
f 4647//2525 4632//3040 4631//2524 4646//3047
f 4645//3046 4646//3047 4631//2524 4629//2511
f 4643//2509 4645//3046 4629//2511 4628//2509
f 4643//2509 4628//2509 4627//2510 4644//2510
f 4644//2510 4627//2510 4630//1402 4599//651
f 4667//1433 4659//1412 4658//1411 4666//1392
f 4669//3053 4661//685 4660//1339 4668//214
f 4671//1432 4663//1413 4662//338 4670//3054
f 4673//3055 4665//1414 4664//538 4672//1230
f 4676//642 4677//627 4674//338 4675//2434
f 4681//2535 4682//3056 4679//1417 4680//338
f 4678//544 4716//538 4742//1431
f 4516//3014 4519//91 4518//642 4517//1388
f 4683//538 4684//538 4685//1364
f 4529//338 4526//538 4499//1280 4503//478
f 4538//338 4508//1392 4546//645 4547//338
f 4508//1392 4538//338 4518//642
f 4688//1436 4689//544 4529//338 4528//338
f 4690//1434 4691//338 4547//338 4546//645
f 4692//2546 4693//2546 4689//544 4688//1436
f 4694//689 4695//478 4691//338 4690//1434
f 4704//541 4683//538 4702//338 4703//1417
f 4707//2439 4696//338 4705//538 4706//538
f 4709//642 4710//684 4708//1419 4680//338
f 4714//544 4715//541 4713//544 4675//2434
f 4718//1672 4674//338 4716//538 4717//338
f 4721//1418 4678//544 4719//1412 4720//642
f 4723//338 4699//338 4722//538 4740//338
f 4730//688 4707//2439 4728//3057 4729//478
f 4714//544 4718//1672 4734//2539 4735//3058
f 4738//1412 4723//338 4736//1426 4737//1425
f 4698//642 4693//2546 4692//2546 4676//642
f 4669//3053 4668//214 4742//1431 4677//627
f 4671//1432 4670//3054 4743//478 4742//1431
f 4695//478 4694//689 4681//2535 4701//478
f 4682//3056 4673//3055 4672//1230 4744//693
f 4685//1364 4667//1433 4666//1392 4745//647
f 4742//1431 4716//538 4674//338 4677//627
f 4725//1252 4749//1435 4709//642
f 4726//1427 4720//642 4737//1425
f 4754//538 4659//1412 4667//1433
f 4741//544 4740//338 4705//538 4696//338
f 4684//538 4683//538 4704//541
f 4748//696 4746//1421 4755//694 4756//698
f 4751//880 4752//1423 4757//3059 4758//693
f 4706//538 4759//297 4728//3057 4707//2439
f 4717//338 4760//297 4734//2539 4718//1672
f 4756//698 4755//694 4728//3057 4759//297
f 4758//693 4757//3059 4734//2539 4760//297
f 4744//693 4711//538 4679//1417 4682//3056
f 4685//1364 4744//693 4672//1230
f 4762//538 4663//1413 4671//1432
f 4732//1419 4706//538 4722//538 4699//338
f 4660//1339 4528//338 4544//338 4753//1424
f 4716//538 4678//544 4721//1418
f 4736//1426 4723//338 4740//338
f 4670//3054 4662//338 4691//338 4695//478
f 4743//478 4719//1412 4678//544 4742//1431
f 4719//1412 4700//338 4738//1412 4720//642
f 4670//3054 4695//478 4701//478 4743//478
f 4662//338 4548//338 4547//338 4691//338
f 4723//338 4738//1412 4700//338 4699//338
f 4721//1418 4720//642 4726//1427 4727//699
f 4700//338 4719//1412 4743//478 4701//478
f 4766//3016 4511//1384 4548//338 4765//338
f 4522//1428 4763//869 4764//1429
f 4671//1432 4668//214 4769//538 4762//538
f 4511//1384 4766//3016 4767//297
f 4525//3015 4763//869 4522//1428
f 4685//1364 4684//538 4711//538 4744//693
f 4664//538 4754//538 4667//1433 4672//1230
f 4724//1427 4761//696 4770//700 4725//1252
f 4733//1422 4712//1416 4684//538
f 4726//1427 4751//880 4758//693 4727//699
f 4725//1252 4770//700 4759//297 4731//1418
f 4727//699 4758//693 4760//297 4721//1418
f 4762//538 4769//538 4765//338 4548//338
f 4681//2535 4680//338 4708//1419 4701//478
f 4754//538 4664//538 4542//538
f 4673//3055 4694//689 4690//1434 4665//1414
f 4712//1416 4709//642 4680//338 4679//1417
f 4694//689 4673//3055 4682//3056 4681//2535
f 4709//642 4749//1435 4710//684
f 4725//1252 4709//642 4712//1416 4724//1427
f 4710//684 4749//1435 4731//1418 4732//1419
f 4708//1419 4710//684 4732//1419 4699//338
f 4669//3053 4692//2546 4688//1436 4661//685
f 4718//1672 4714//544 4675//2434 4674//338
f 4715//541 4714//544 4735//3058 4750//3058
f 4676//642 4692//2546 4669//3053 4677//627
f 4666//1392 4658//1411 4689//544 4693//2546
f 4745//647 4702//338 4683//538 4685//1364
f 4707//2439 4730//688 4697//1415 4696//338
f 4703//1417 4747//689 4733//1422 4704//541
f 4745//647 4666//1392 4693//2546 4698//642
f 4658//1411 4526//538 4529//338 4689//544
f 4746//1421 4729//478 4728//3057 4755//694
f 4750//3058 4735//3058 4757//3059 4752//1423
f 4747//689 4729//478 4746//1421
f 4734//2539 4757//3059 4735//3058
f 4715//541 4750//3058 4739//1420 4741//544
f 4750//3058 4752//1423 4739//1420
f 4713//544 4715//541 4741//544 4696//338
f 4730//688 4729//478 4747//689 4703//1417
f 4697//1415 4730//688 4703//1417 4702//338
f 4697//1415 4702//338 4745//647 4698//642
f 4676//642 4675//2434 4713//544 4698//642
f 4539//3017 4764//1429 4763//869 4540//1437
f 4544//338 4543//3018 4766//3016 4765//338
f 4507//1391 4500//1378 4542//538
f 4532//824 4767//297 4766//3016 4543//3018
f 4761//696 4724//1427 4712//1416 4733//1422
f 4545//1633 4768//1430 4535//1382
f 4540//1437 4763//869 4525//3015
f 4764//1429 4539//3017 4541//614
f 4721//1418 4717//338 4716//538
f 4751//880 4726//1427 4736//1426 4739//1420
f 4544//338 4765//338 4769//538 4753//1424
f 4761//696 4748//696 4756//698 4770//700
f 4532//824 4498//1377 4771//718 4687//718
f 4542//538 4526//538 4754//538
f 5517//1634 5516//1379 4532//824
f 4532//824 4686//718 5517//1634
f 4540//1437 4525//3015 5510//99 5525//810
f 5525//810 4498//1377 4505//102
f 4532//824 4531//1380 4545//1633
f 4498//1377 4504//11 4505//102
f 4532//824 4502//478 4503//478
f 4545//1633 4535//1382 4537//1386 4532//824
f 4776//1439 4777//1441 4778//3060 4779//1440
f 4781//1716 4772//104 4775//119 4784//34
f 4776//1439 4779//1440 4775//119
f 4773//65 4780//1438 4785//82
f 4780//1438 4783//55 4785//82
f 4779//1440 4778//3060 4786//1486 4784//34
f 4777//1441 4774//123 4787//202 4778//3060
f 4783//55 4781//1716 4784//34
f 4778//3060 4787//202 4782//1298 4786//1486
f 4774//123 4777//1441 4772//104 4780//1438
f 4784//34 4785//82 4783//55
f 4785//82 4784//34 4786//1486 4782//1298
f 4783//55 4780//1438 4772//104 4781//1716
f 4782//1298 4787//202 4773//65 4785//82
f 4773//65 4787//202 4774//123
f 4791//125 4788//125 4789//1443 4790//125
f 4795//368 4794//345 4788//125 4791//125
f 4790//125 4789//1443 4793//689
f 4797//1173 4795//368 4791//125 4796//125
f 4803//125 4790//125 4802//426 4801//1446
f 4798//718 4796//125 4819//1238
f 4790//125 4803//125 4796//125 4791//125
f 4819//1238 4796//125 4803//125 4799//1445
f 4810//1448 4812//1450 4806//2605 4805//642
f 4804//728 4805//642 4815//808
f 4815//808 4817//807 4804//728
f 4807//1449 4808//677 4804//728
f 4811//1451 4812//1450 4810//1448
f 4805//642 4804//728 4808//677 4810//1448
f 4816//688 4793//689 4789//1443 4815//808
f 4802//426 4792//1442 4813//2439
f 4801//1446 4812//1450 4800//1444
f 4816//688 4813//2439 4792//1442 4793//689
f 4810//1448 4799//1445 4800//1444 4811//1451
f 4801//1446 4802//426 4812//1450
f 4806//2605 4813//2439 4816//688 4805//642
f 4802//426 4806//2605 4812//1450
f 4813//2439 4806//2605 4802//426
f 4818//1253 4817//807 4814//653 4795//368
f 4807//1449 4797//1173 4798//718 4808//677
f 4795//368 4804//728 4818//1253
f 4820//725 4823//85 4821//817 5528//163
f 4799//1445 4810//1448 4809//1447
f 4822//205 4823//85 4820//725 5527//128
f 4822//205 4821//817 4823//85
f 4827//2549 4824//820 4825//1452 4826//192
f 4829//1454 4827//2549 4826//192 4828//1453
f 4828//1453 4831//194 5658//82 4834//125
f 4828//1453 4826//192 4832//198
f 4830//99 4833//110 4835//41
f 4836//198 4833//110 4830//99
f 4831//194 4828//1453 4832//198
f 4824//820 4837//696 4838//187 4825//1452
f 4825//1452 4838//187 4836//198 4832//198
f 4836//198 4830//99 4831//194 4832//198
f 4850//914 4846//1458 4845//215 4849//880
f 4833//110 4838//187 4837//696
f 4848//1461 4849//880 4845//215
f 4853//614 4840//1455 4842//1457 4852//1695
f 4852//1695 4842//1457 4841//1456 4854//297
f 4852//1695 4850//914 4849//880 4853//614
f 4850//914 4852//1695 4854//297
f 4849//880 4848//1461 4855//1460 4853//614
f 4851//721 4843//725 4844//44 5738//8
f 4848//1461 4843//725 4851//721 4855//1460
f 4848//1461 4844//44 4843//725
f 4857//1459 4840//1455 4853//614 4855//1460
f 4840//1455 4857//1459 4856//822
f 4864//1464 4865//1467 4866//1466 4869//1465
f 4861//1462 4865//1467 4862//155 4867//7
f 4863//1463 4869//1465 4862//155
f 4862//155 4870//82 4859//81
f 4868//813 4860//5 4858//8
f 4867//7 4862//155 4859//81 4860//5
f 4868//813 4871//15 4861//1462
f 4870//82 4858//8 4860//5 4859//81
f 4865//1467 4861//1462 4871//15 4866//1466
f 4870//82 4866//1466 4871//15 4858//8
f 4873//112 4872//120 2810//2612 2808//1470
f 4873//112 4876//1471 2809//43
f 2805//2609 4877//1469 4875//1468 2804//812
f 2809//43 4874//23 4878//1235 4872//120
f 4876//1471 2808//1470 2809//43
f 4872//120 4878//1235 2807//2611 2810//2612
f 2807//2611 4878//1235 4877//1469 2805//2609
f 4899//2611 4881//1478 4885//3061 4898//1476
f 4880//1472 4884//1477 4883//1473
f 4881//1478 4882//38 4885//3061
f 4889//125 4890//1992 4888//156
f 4892//105 4893//109 4891//40
f 4888//156 4890//1992 4895//458
f 4888//156 4895//458 4887//41
f 4891//40 4893//109 4896//1729
f 4891//40 4896//1729 4894//811
f 4884//1477 4880//1472 4897//1475
f 4900//3062 4901//105 4886//1474 4883//1473
f 4899//2611 4898//1476 4895//458 4890//1992
f 4885//3061 4882//38 4898//1476
f 4883//1473 4884//1477 4900//3062
f 4887//41 4898//1476 4882//38
f 4890//1992 4889//125 4902//125 4899//2611
f 4884//1477 4894//811 4896//1729 4900//3062
f 4900//3062 4896//1729 4893//109 4901//105
f 4893//109 4892//105 4903//1479 4901//105
f 4903//1479 4904//1439 4886//1474 4901//105
f 4886//1474 4904//1439 4879//120
f 4888//156 4887//41 4894//811
f 4887//41 4892//105 4891//40
f 4892//105 4887//41 4882//38 4903//1479
f 4897//1475 4879//120 4894//811
f 4881//1478 4879//120 4904//1439 4882//38
f 4902//125 4889//125 4894//811 4879//120
f 4894//811 4889//125 4888//156
f 4915//38 4913//1 4908//12 4906//527
f 4899//2611 4902//125 4881//1478
f 4907//213 4908//12 4913//1
f 4905//818 4912//811 4911//104 4916//99
f 4909//215 4907//213 4917//1480 4910//207
f 4910//207 4917//1480 4915//38 4916//99
f 4906//527 4905//818 4916//99 4915//38
f 4907//213 4909//215 4912//811 4908//12
f 4908//12 4912//811 4905//818 4906//527
f 4907//213 4913//1 4914//1480 4917//1480
f 4924//205 4922//78 4921//137 4925//82
f 4919//104 4922//78 4924//205 4918//85
f 4920//813 4919//104 4923//194
f 4919//104 4918//85 4923//194
f 4921//137 4919//104 4920//813
f 4925//82 4921//137 4920//813 4923//194
f 4919//104 4921//137 4922//78
f 4938//1298 4932//162 4936//80 4937//1486
f 4933//34 4934//1487 4935//1703
f 4941//3063 4942//105 4926//1481 4928//3
f 4933//34 4939//1486 4940//1486
f 4944//1369 4928//3 4927//1482 4943//1493
f 4945//1295 4930//824 4947//120 4948//1486
f 4955//1369 4952//1369 4953//1493 4954//3064
f 4930//824 4949//103 4947//120
f 4958//3065 4936//80 4956//208 4957//3066
f 4969//12 4960//1 4959//1490 4961//1600
f 4972//1612 4970//105 4971//3067 5358//135
f 4965//822 4963//118 4964//22
f 4966//1489 5358//135 4967//24
f 4978//118 4991//99 4986//832 4988//21
f 5016//1499 4974//3068 4975//120
f 4973//1464 5016//1499 4976//824
f 5016//1499 4975//120 4976//824
f 2895//90 2902//367 2878//721
f 4976//824 4977//211 4973//1464
f 2898//831 4986//832 4991//99 2892//826
f 4991//99 3334//100 3333//91
f 4979//202 4975//120 4974//3068 4992//1494
f 4980//1298 4976//824 4975//120 4979//202
f 4983//1587 5016//1499 4973//1464 4982//1491
f 4985//1498 4989//1492 4988//21 4977//211
f 4977//211 4987//886 4982//1491
f 4983//1587 4984//1498 5016//1499
f 4976//824 4980//1298 4985//1498
f 4977//211 4976//824 4985//1498
f 2903//198 3334//100 4991//99
f 4990//1493 4992//1494 4991//99 4978//118
f 4989//1492 4985//1498 4990//1493
f 4993//1440 4994//1486 4939//1486 4938//1298
f 4996//1496 4997//1486 4995//1369 4944//1369
f 4998//1440 4999//1486 4946//1369 4945//1295
f 5001//1496 5002//1496 5000//1486 4940//1486
f 5008//3069 4993//1440 5006//1486 5007//117
f 5013//1537 4998//1440 5011//1486 5012//1542
f 5008//3069 5007//117 5020//1550 5021//3070
f 5024//1560 5013//1537 5012//1542 5023//3071
f 5015//17 4984//1498 5027//946 5028//1501
f 5033//3072 5021//3070 5020//1550 5032//1549
f 5036//1561 5024//1560 5023//3071 5035//3073
f 5045//3074 5033//3072 5032//1549 5044//3075
f 5049//3076 5036//1561 5035//3073 5048//3077
f 5034//1528 5046//1502 5047//1504
f 5058//3078 5045//3074 5044//3075 5057//3079
f 5061//3080 5049//3076 5048//3077 5060//3081
f 5071//3082 5058//3078 5057//3079 5070//3083
f 5051//851 5064//1505 5063//1506
f 5308//3084 5061//3080 5060//3081 5074//1531
f 5059//1503 5072//1507 5073//1509
f 5085//3085 5071//3082 5070//3083 5084//1552
f 5066//937 5079//1589 5080//856
f 5310//3086 5308//3084 5074//1531 5087//3087
f 5093//1570 5080//856 5079//1589 5092//1591
f 5078//1573 5090//1571 5091//3088
f 5085//3085 5084//1552 5100//1540 5101//18
f 5081//851 5094//861 5095//3089
f 5082//859 5096//3090 5097//1574
f 5098//1563 5099//205 5083//1530
f 5310//3086 5087//3087 5103//3091 5104//162
f 5105//1510 5091//3088 5090//1571 5106//1438
f 5106//1438 5093//1570 5092//1591 5117//889
f 5107//936 5095//3089 5094//861 5425//1580
f 5108//3092 5097//1574 5096//3090 5118//1576
f 5110//3093 5099//205 5098//1563 5109//1496
f 5112//3094 5101//18 5100//1540 5111//3064
f 5115//1369 5104//162 5103//3091 5114//3095
f 5102//1534 5314//1486 5113//1369
f 5120//1511 5110//3093 5109//1496 5119//1511
f 5122//1369 5112//3094 5111//3064 5121//3093
f 5124//3096 5113//1369 5314//1486 5123//1493
f 5126//3097 5115//1369 5114//3095 5125//3064
f 5132//3098 5122//1369 5121//3093 5131//117
f 5133//1516 5124//3096 5123//1493 5317//1498
f 5135//1539 5126//3097 5125//3064 5134//822
f 5132//3098 5131//117 5141//1557 5142//3099
f 5397//25 5137//866 5138//864
f 5118//1576 5139//1581 5129//1577
f 5135//1539 5134//822 5143//1541 5144//1538
f 5136//1514 5426//1513 5147//1517 5148//1519
f 5138//864 5137//866 5149//3100 5428//1584
f 5129//1577 5139//1581 5150//3101 5151//3102
f 5154//3103 5142//3099 5141//1557 5153//1556
f 5156//3104 5144//1538 5143//1541 5155//1546
f 5429//1585 5428//1584 5149//3100 5161//3105
f 5163//1522 5151//3102 5150//3101 5162//1520
f 5166//3106 5154//3103 5153//1556 5165//1544
f 5320//3107 5156//3104 5155//1546 5168//1545
f 5176//1566 5429//1585 5161//3105 5175//3108
f 5160//1518 5173//1520 5174//1569
f 5180//3109 5166//3106 5165//1544 5179//1541
f 5183//1536 5320//3107 5168//1545 5182//1548
f 5188//940 5174//1569 5173//1520 5187//1523
f 5190//3110 5176//1566 5175//3108 5189//966
f 5180//3109 5179//1541 5194//1559 5195//42
f 5192//3111 5193//3 5178//3112
f 5183//1536 5182//1548 5196//1547 5197//5
f 5190//3110 5189//966 5198//1524 5199//1526
f 4955//1369 5193//3 5192//3111 4952//1369
f 5202//1369 5195//42 5194//1559 5201//3113
f 5205//1511 5197//5 5196//1547 5204//3113
f 5010//1497 5208//1439 4997//1486 4996//1496
f 5203//8 5206//1440 5207//1440
f 5212//3114 5209//3093 5210//1542 5211//1542
f 5211//1542 5210//1542 5213//3115 5214//3115
f 5216//3116 5217//3117 5214//3115 5213//3115
f 5047//1504 5218//3118 5215//1529 5034//1528
f 5217//3117 5216//3116 5219//3077 5220//3077
f 5059//1503 5221//3075 5218//3118 5047//1504
f 5223//3119 5220//3077 5219//3077 5222//3119
f 5073//1509 5224//3079 5221//3075 5059//1503
f 5223//3119 5222//3119 5225//3119 5226//3119
f 5086//1508 5227//3120 5224//3079 5073//1509
f 5226//3119 5225//3119 5228//3087 5229//3121
f 5230//3122 5227//3120 5086//1508 5102//1534
f 5232//1553 5229//3121 5228//3087 5231//1553
f 5113//1369 5233//3123 5230//3122 5102//1534
f 5232//1553 5231//1553 5234//1369 5235//1369
f 5124//3096 5236//3113 5233//3123 5113//1369
f 5235//1369 5234//1369 5237//3114 5238//3093
f 5133//1516 5239//1554 5236//3113 5124//3096
f 5238//3093 5237//3114 5240//1542 5241//1542
f 5239//1554 5133//1516 5318//1515 5242//1548
f 5143//1541 5241//1542 5240//1542 5243//1541
f 5319//3124 5244//1555 5242//1548 5318//1515
f 5143//1541 5243//1541 5245//1544 5155//1546
f 5167//3125 5246//3126 5244//1555 5319//3124
f 5155//1546 5245//1544 5247//1545 5248//1545
f 5181//1535 5249//3127 5246//3126 5167//3125
f 5182//1548 5248//1545 5247//1545 5250//1557
f 5249//3127 5181//1535 5203//8 5251//120
f 5253//1439 5182//1548 5250//1557 5252//117
f 5253//1439 5252//117 5254//1369 5255//1369
f 5259//3114 5256//3094 5257//3114 5258//3114
f 5261//117 5260//1553 5263//3128 5020//1550
f 5260//1553 5261//117 5262//3093
f 5265//1551 5020//1550 5263//3128 5264//1529
f 5265//1551 5264//1529 5266//3075 5267//3075
f 5269//3083 5267//3075 5266//3075 5268//3075
f 5269//3083 5268//3075 5270//3075 5271//3075
f 5084//1552 5271//3075 5270//3075 5272//3120
f 5084//1552 5272//3120 5273//1542 5274//1542
f 5276//1369 5274//1542 5273//1542 5275//1369
f 5278//3093 5276//1369 5275//1369 5277//3114
f 5278//3093 5277//3114 5279//1553 5280//1553
f 5280//1553 5279//1553 5242//1548 5141//1557
f 5282//1545 5141//1557 5242//1548 5281//1545
f 5282//1545 5281//1545 5283//1544 5284//1544
f 5284//1544 5283//1544 5285//1541 5179//1541
f 5179//1541 5285//1541 5286//3129 5287//1558
f 5259//3114 5287//1558 5286//3129 5256//3094
f 5002//1496 5001//1496 5005//1495 5288//1542
f 5288//1542 5005//1495 5019//3130 5289//3115
f 5289//3115 5019//3130 5031//3131 5290//3132
f 5290//3132 5031//3131 5043//3133 5291//3119
f 5291//3119 5043//3133 5056//3134 5292//1531
f 5292//1531 5056//3134 5069//1532 5293//1531
f 5294//3135 5099//205 5110//3093 5295//3113
f 5099//205 5294//3135 5083//1530
f 5120//1511 5296//3113 5295//3113 5110//3093
f 5296//3113 5120//1511 5130//1512 5297//1540
f 5243//1541 5297//1540 5130//1512 5140//3136
f 5243//1541 5140//3136 5152//3137 5298//1543
f 5298//1543 5152//3137 5164//3138 5299//1545
f 5299//1545 5164//3138 5178//3112 5250//1557
f 5250//1557 5178//3112 5193//3 5300//3139
f 5300//3139 5193//3 4955//1369 4954//3064
f 5301//1493 5302//1369 5202//1369 5201//3113
f 5010//1497 5013//1537 5024//1560 5022//1527
f 4994//1486 4993//1440 5008//3069
f 5013//1537 5010//1497 4999//1486
f 5022//1527 5024//1560 5303//1562 5034//1528
f 5034//1528 5303//1562 5304//1507 5305//1507
f 5307//1507 5305//1507 5304//1507 5306//1507
f 5309//1507 5307//1507 5306//1507 5308//3084
f 5309//1507 5308//3084 5310//3086 5086//1508
f 5086//1508 5310//3086 5312//1533 5102//1534
f 5101//18 5311//3140 5085//3085
f 5112//3094 5313//3094 5311//3140 5101//18
f 5122//1369 5315//1511 5313//3094 5112//3094
f 5167//3125 5320//3107 5183//1536 5181//1535
f 5315//1511 5122//1369 5132//3098
f 5320//3107 5167//3125 5319//3124
f 5202//1369 5302//1369 5321//1513 5195//42
f 5195//42 5321//1513 5180//3109
f 5323//1486 5322//1369 5324//1511 5325//1369
f 5322//1369 5323//1486 5203//8
f 5329//1369 5326//1369 5327//1369 5328//1369
f 4952//1369 5302//1369 5330//1511 5331//1511
f 5333//1486 5332//1486 5008//3069 5005//1495
f 5005//1495 5008//3069 5021//3070 5019//3130
f 5031//3131 5019//3130 5021//3070 5033//3072
f 5031//3131 5033//3072 5045//3074 5043//3133
f 5043//3133 5045//3074 5058//3078 5056//3134
f 5069//1532 5056//3134 5058//3078 5071//3082
f 5069//1532 5071//3082 5085//3085 5083//1530
f 5083//1530 5085//3085 5334//1498 5335//1484
f 5337//1511 5335//1484 5334//1498 5336//1511
f 5339//1511 5337//1511 5336//1511 5338//1511
f 5341//3141 5339//1511 5338//1511 5340//1616
f 5341//3141 5340//1616 5342//3142 5343//3143
f 5343//3143 5342//3142 5344//3144 5152//3137
f 5164//3138 5152//3137 5344//3144 5166//3106
f 5164//3138 5166//3106 5180//3109 5178//3112
f 5178//3112 5180//3109 5321//1513 5192//3111
f 4952//1369 5192//3111 5321//1513 5302//1369
f 5312//1533 5104//162 5115//1369 5314//1486
f 5104//162 5312//1533 5310//3086
f 5126//3097 5316//1493 5314//1486 5115//1369
f 5316//1493 5126//3097 5135//1539 5317//1498
f 5345//3145 5197//5 5205//1511 5346//1511
f 5197//5 5345//3145 5183//1536
f 5346//1511 5205//1511 5204//3113 5347//1493
f 5255//1369 5254//1369 5348//1369 5349//1369
f 4948//1486 5011//1486 4998//1440 4945//1295
f 5351//1486 5350//1369 4929//1484 4930//824
f 5350//1369 5351//1486 4999//1486
f 4939//1486 5004//1486 5001//1496 4940//1486
f 5209//3093 5212//3114 5352//1369 5353//1369
f 5353//1369 5352//1369 4950//121 4951//120
f 4951//120 4933//34 4940//1486 5000//1486
f 4937//1486 5006//1486 4993//1440 4938//1298
f 4939//1486 4933//34 4932//162
f 5355//1369 5260//1553 5262//3093 5354//1369
f 4957//3066 5355//1369 5354//1369 4958//3065
f 4943//1493 5009//1486 4996//1496 4944//1369
f 4941//3063 4928//3 4944//1369 4995//1369
f 4957//3066 4956//208 4942//105 4941//3063
f 5288//1542 5210//1542 5209//3093 5002//1496
f 5212//3114 5211//1542 5012//1542 5011//1486
f 5210//1542 5288//1542 5289//3115 5213//3115
f 5214//3115 5023//3071 5012//1542 5211//1542
f 5290//3132 5216//3116 5213//3115 5289//3115
f 5035//3073 5023//3071 5214//3115 5217//3117
f 5291//3119 5219//3077 5216//3116 5290//3132
f 5217//3117 5220//3077 5048//3077 5035//3073
f 5292//1531 5222//3119 5219//3077 5291//3119
f 5220//3077 5223//3119 5060//3081 5048//3077
f 5293//1531 5225//3119 5222//3119 5292//1531
f 5223//3119 5226//3119 5074//1531 5060//3081
f 5083//1530 5228//3087 5225//3119 5293//1531
f 5226//3119 5229//3121 5087//3087 5074//1531
f 5231//1553 5228//3087 5083//1530 5294//3135
f 5232//1553 5103//3091 5087//3087 5229//3121
f 5295//3113 5234//1369 5231//1553 5294//3135
f 5232//1553 5235//1369 5114//3095 5103//3091
f 5296//3113 5237//3114 5234//1369 5295//3113
f 5235//1369 5238//3093 5125//3064 5114//3095
f 5297//1540 5240//1542 5237//3114 5296//3113
f 5238//3093 5241//1542 5134//822 5125//3064
f 5299//1545 5247//1545 5245//1544 5298//1543
f 5143//1541 5134//822 5241//1542
f 4954//3064 5254//1369 5252//117 5300//3139
f 5247//1545 5299//1545 5250//1557
f 5182//1548 5168//1545 5248//1545
f 5250//1557 5300//3139 5252//117
f 5253//1439 5255//1369 5204//3113 5196//1547
f 5256//3094 5207//1440 5206//1440 5257//3114
f 5258//3114 5301//1493 5201//3113 5259//3114
f 5262//3093 5261//117 5007//117 5006//1486
f 5260//1553 4997//1486 5208//1439
f 5263//3128 5260//1553 5208//1439 5022//1527
f 5215//1529 5264//1529 5263//3128 5022//1527
f 5007//117 5261//117 5020//1550
f 5218//3118 5266//3075 5264//1529 5215//1529
f 5265//1551 5267//3075 5044//3075 5032//1549
f 5221//3075 5268//3075 5266//3075 5218//3118
f 5267//3075 5269//3083 5057//3079 5044//3075
f 5224//3079 5270//3075 5268//3075 5221//3075
f 5269//3083 5271//3075 5070//3083 5057//3079
f 5227//3120 5272//3120 5270//3075 5224//3079
f 5273//1542 5272//3120 5227//3120 5230//3122
f 5084//1552 5070//3083 5271//3075
f 5233//3123 5275//1369 5273//1542 5230//3122
f 5274//1542 5276//1369 5111//3064 5100//1540
f 5236//3113 5277//3114 5275//1369 5233//3123
f 5276//1369 5278//3093 5121//3093 5111//3064
f 5239//1554 5279//1553 5277//3114 5236//3113
f 5278//3093 5280//1553 5131//117 5121//3093
f 5246//3126 5283//1544 5281//1545 5244//1555
f 5131//117 5280//1553 5141//1557
f 5282//1545 5284//1544 5165//1544 5153//1556
f 5249//3127 5285//1541 5283//1544 5246//3126
f 5285//1541 5249//3127 5251//120 5286//3129
f 5179//1541 5165//1544 5284//1544
f 5207//1440 5256//3094 5286//3129 5251//120
f 5287//1558 5259//3114 5201//3113 5194//1559
f 5331//1511 5330//1511 5326//1369 5329//1369
f 5325//1369 5324//1511 5328//1369 5327//1369
f 5254//1369 4954//3064 4953//1493 5348//1369
f 5349//1369 5347//1493 5204//3113 5255//1369
f 5352//1369 5212//3114 5011//1486 4948//1486
f 5002//1496 5209//3093 5353//1369 5000//1486
f 4950//121 5352//1369 4948//1486 4947//120
f 5354//1369 5262//3093 5006//1486 4937//1486
f 4997//1486 5260//1553 5355//1369 4995//1369
f 4958//3065 5354//1369 4937//1486 4936//80
f 4995//1369 5355//1369 4957//3066 4941//3063
f 5049//3076 5304//1507 5303//1562 5036//1561
f 4927//1482 5685//1483 4929//1484
f 5010//1497 5009//1486 4999//1486
f 5061//3080 5306//1507 5304//1507 5049//3076
f 5305//1507 5307//1507 5059//1503 5046//1502
f 5307//1507 5309//1507 5072//1507 5059//1503
f 5306//1507 5061//3080 5308//3084
f 5156//3104 5319//3124 5318//1515 5144//1538
f 5086//1508 5072//1507 5309//1507
f 5317//1498 5123//1493 5316//1493
f 5144//1538 5318//1515 5317//1498
f 5346//1511 5322//1369 5203//8 5345//3145
f 5319//3124 5156//3104 5320//3107
f 5345//3145 5203//8 5183//1536
f 5322//1369 5346//1511 5347//1493 5324//1511
f 5325//1369 5206//1440 5203//8 5323//1486
f 5326//1369 5258//3114 5257//3114 5327//1369
f 5328//1369 5349//1369 5348//1369 5329//1369
f 5313//3094 5336//1511 5334//1498 5311//3140
f 5301//1493 5330//1511 5302//1369
f 5332//1486 4994//1486 5008//3069
f 5005//1495 5004//1486 5333//1486
f 5311//3140 5334//1498 5085//3085
f 5335//1484 5337//1511 5109//1496 5098//1563
f 5315//1511 5338//1511 5336//1511 5313//3094
f 5337//1511 5339//1511 5119//1511 5109//1496
f 5132//3098 5340//1616 5338//1511 5315//1511
f 5339//1511 5341//3141 5130//1512 5119//1511
f 5340//1616 5132//3098 5142//3099 5342//3142
f 5343//3143 5140//3136 5130//1512 5341//3141
f 5154//3103 5344//3144 5342//3142 5142//3099
f 5350//1369 4999//1486 5009//1486 4943//1493
f 5152//3137 5140//3136 5343//3143
f 5344//3144 5154//3103 5166//3106
f 4929//1484 5350//1369 4943//1493 4927//1482
f 5351//1486 4946//1369 4999//1486
f 5330//1511 5301//1493 5258//3114 5326//1369
f 5329//1369 5348//1369 4953//1493 5331//1511
f 5324//1511 5347//1493 5349//1369 5328//1369
f 5327//1369 5257//3114 5206//1440 5325//1369
f 5076//851 5077//859 5362//1588 5089//3146
f 5360//853 5038//850 5359//951
f 5077//859 5076//851 5064//1505
f 5089//3146 5362//1588 5363//22 5364//211
f 5364//211 5363//22 5365//297 5366//24
f 5379//858 5088//3147 5116//21 5373//23
f 5365//297 5367//10 5366//24
f 5390//871 5380//872 5389//17
f 5380//872 5390//871 5157//1518
f 5171//1521 5170//1566 5369//927
f 5370//1565 5371//82 5357//90
f 5052//938 5062//937 5377//916
f 5075//939 5088//3147 5379//858
f 5361//859 5360//853 5376//955 5052//938
f 5116//21 5374//210 5373//23
f 5169//1569 5382//1568 5381//926
f 5385//21 5384//23 5383//1567
f 5376//955 5360//853 5359//951
f 5361//859 5052//938 5377//916 5064//1505
f 5064//1505 5377//916 5378//938 5077//859
f 5363//22 5373//23 5374//210 5367//10
f 5373//23 5363//22 5379//858
f 5367//10 5374//210 5380//872 5368//1564
f 5369//927 5368//1564 5380//872 5381//926
f 5369//927 5381//926 5382//1568 5171//1521
f 5171//1521 5382//1568 5383//1567 5185//962
f 5185//962 5383//1567 5384//23 5371//82
f 5386//297 5385//21 5357//90 5356//297
f 5371//82 5384//23 5386//297 5356//297
f 5037//2706 5038//850 5051//851 5050//939
f 4967//24 5014//17 4964//22
f 5388//843 5038//850 5037//2706
f 5062//937 5050//939 5051//851 5063//1506
f 5062//937 5063//1506 5076//851 5075//939
f 5075//939 5076//851 5089//3146 5088//3147
f 5088//3147 5089//3146 5364//211 5116//21
f 5157//1518 5158//3148 5170//1566 5169//1569
f 5364//211 5366//24 5389//17
f 5158//3148 5157//1518 5390//871
f 5169//1569 5170//1566 5370//1565 5184//1597
f 5184//1597 5370//1565 5387//819 5385//21
f 5392//855 5393//855 5391//855 5055//859
f 5003//10 4969//12 5375//210
f 5030//951 5029//1595 5018//10
f 5029//1595 5030//951 5042//853
f 5082//859 5081//851 5393//855 5392//855
f 5394//1575 5395//861 5081//851 5082//859
f 5395//861 5394//1575 5396//3149 5397//25
f 5399//135 5398//1572 5400//954 5401//953
f 5397//25 5396//3149 5118//1576
f 5402//943 5403//943 5401//953 5400//954
f 5177//1521 5404//3150 5403//943 5402//943
f 5405//965 5406//965 5404//3150 5177//1521
f 5406//965 5405//965 5407//26 5408//3151
f 5039//955 5026//922 5028//1501 5040//1500
f 5408//3151 5407//26 5409//1525
f 5028//1501 5026//922 4981//210
f 5053//938 5039//955 5040//1500 5054//939
f 5065//916 5053//938 5054//939 5066//937
f 5078//1573 5065//916 5066//937 5080//856
f 5394//1575 5097//1574 5108//3092 5396//3149
f 5106//1438 5117//889 5128//1498
f 5435//21 5410//3 5186//878
f 5392//855 5068//1505 5082//859
f 5398//1572 5129//1577 5151//3102 5400//954
f 5396//3149 5108//3092 5118//1576
f 5163//1522 5402//943 5400//954 5151//3102
f 5405//965 5191//1578 5200//824 5407//26
f 5402//943 5163//1522 5177//1521
f 5411//1525 5017//24 5412//3152 5413//946
f 5407//26 5200//824 5409//1525
f 5413//946 5412//3152 5414//2711 5415//2711
f 5415//2711 5414//2711 5416//851 5054//939
f 5066//937 5054//939 5416//851 5067//959
f 5066//937 5067//959 5417//948 5418//948
f 5418//948 5417//948 5420//1590 5421//3153
f 5091//3088 5422//1593 5419//1579 5078//1573
f 5424//1592 5421//3153 5420//1590 5423//1587
f 5422//1593 5091//3088 5105//1510 5128//1498
f 5424//1592 5423//1587 5425//1580 5426//1513
f 5426//1513 5427//1513 5428//1584 5147//1517
f 5147//1517 5428//1584 5429//1585 5160//1518
f 5431//1520 5160//1518 5429//1585 5430//1520
f 5431//1520 5430//1520 5432//3154 5433//3154
f 5433//3154 5432//3154 5434//1581 5435//21
f 5018//10 4981//210 5026//922 5030//951
f 4981//210 5018//10 2914//24
f 5030//951 5026//922 5039//955 5042//853
f 5042//853 5039//955 5053//938 5055//859
f 5055//859 5053//938 5065//916 5068//1505
f 5068//1505 5065//916 5419//1579 5436//1583
f 5439//1523 5438//886 5127//210 5146//872
f 5128//1498 5118//1576 5437//1582
f 5128//1498 5438//886 5118//1576
f 5162//1520 5439//1523 5146//872 5159//926
f 5162//1520 5159//926 5440//919 5441//919
f 5191//1578 5441//919 5440//919 5186//878
f 5409//1525 5191//1578 5186//878 5410//3
f 5041//1594 5443//3155 5442//3156 5029//1595
f 5029//1595 5442//3156 5017//24
f 5095//3089 5445//1591 5444//852 5081//851
f 5443//3155 5041//1594 5416//851
f 5445//1591 5095//3089 5107//936 5423//1587
f 5138//864 5427//1513 5425//1580 5397//25
f 5423//1587 5107//936 5425//1580
f 5190//3110 5447//3101 5446//1586 5176//1566
f 5448//1308 5447//3101 5190//3110 5199//1526
f 4990//1493 4980//1298 4979//202 4992//1494
f 5448//1308 5199//1526 5409//1525
f 2914//24 2896//17 4981//210
f 5411//1525 4987//886 5017//24
f 4981//210 2895//90 5016//1499
f 4980//1298 4990//1493 4985//1498
f 5413//946 5027//946 4984//1498 5411//1525
f 5372//922 5359//951 5375//210
f 5359//951 5372//922 5376//955
f 5362//1588 5379//858 5363//22
f 5025//947 5388//843 4967//24
f 5388//843 5025//947 5038//850
f 5389//17 5116//21 5364//211
f 5145//1596 5390//871 5366//24
f 5390//871 5145//1596 5158//3148
f 5442//3156 5412//3152 5017//24
f 5443//3155 5414//2711 5412//3152 5442//3156
f 5413//946 5415//2711 5040//1500 5027//946
f 5445//1591 5420//1590 5417//948 5444//852
f 5414//2711 5443//3155 5416//851
f 5054//939 5040//1500 5415//2711
f 5418//948 5421//3153 5092//1591 5079//1589
f 5424//1592 5117//889 5092//1591 5421//3153
f 5447//3101 5432//3154 5430//1520 5446//1586
f 5431//1520 5433//3154 5187//1523 5173//1520
f 5432//3154 5447//3101 5448//1308 5434//1581
f 5436//1583 5437//1582 5096//3090 5082//859
f 5187//1523 5433//3154 5435//21
f 5439//1523 5150//3101 5139//1581 5438//886
f 5096//3090 5437//1582 5118//1576
f 5139//1581 5118//1576 5438//886
f 5042//853 5391//855 5416//851 5041//1594
f 5162//1520 5150//3101 5439//1523
f 5440//919 5172//941 5186//878
f 5191//1578 5177//1521 5441//919
f 4984//1498 4983//1587 4987//886
f 2878//721 4974//3068 5016//1499
f 4974//3068 2878//721 4992//1494
f 5017//24 5018//10 5029//1595
f 5391//855 5393//855 5067//959 5416//851
f 5397//25 5425//1580 5094//861 5395//861
f 5081//851 5067//959 5393//855
f 5401//953 5149//3100 5137//866 5399//135
f 5401//953 5403//943 5161//3105 5149//3100
f 5403//943 5404//3150 5175//3108 5161//3105
f 5404//3150 5406//965 5189//966 5175//3108
f 5408//3151 5198//1524 5189//966 5406//965
f 5127//210 5136//1514 5148//1519 5146//872
f 5409//1525 5198//1524 5408//3151
f 5160//1518 5159//926 5146//872 5148//1519
f 5174//1569 5172//941 5159//926 5160//1518
f 4970//105 4968//91 4960//1 4971//3067
f 5172//941 5174//1569 5186//878
f 4961//1600 4965//822 4969//12
f 4964//22 4969//12 4965//822
f 4972//1612 5358//135 4966//1489 4962//1488
f 5368//1564 5369//927 5158//3148 5145//1596
f 5038//850 5025//947 5359//951
f 5064//1505 5051//851 5361//859
f 5365//297 5363//22 5367//10
f 5037//2706 5376//955 5372//922 5388//843
f 5170//1566 5158//3148 5369//927
f 5014//17 5375//210 4969//12
f 5388//843 5372//922 5014//17
f 5050//939 5052//938 5376//955 5037//2706
f 5003//10 5358//135 4971//3067 4960//1
f 5052//938 5050//939 5062//937
f 5379//858 5378//938 5075//939
f 5381//926 5157//1518 5169//1569
f 5387//819 5357//90 5385//21
f 5451//1606 5452//3157 5449//1734 5450//1607
f 5458//3158 2870//1602 2869//1490 5459//1704
f 2875//822 5456//1601 5454//1598
f 2872//1600 5457//1603 5456//1601
f 5462//3159 2869//1490 2876//956 5463//1605
f 2869//1490 5460//1703 5459//1704
f 2869//1490 5461//3160 5460//1703
f 2869//1490 5462//3159 5461//3160
f 5464//1604 2876//956 2874//823 5449//1734
f 5449//1734 2874//823 2867//126 5450//1607
f 5465//1608 5451//1606 2877//38 2875//822
f 2867//126 2877//38 5451//1606
f 5468//1609 4961//1600 4959//1490 5469//1619
f 4961//1600 5466//1610 5467//3161
f 5453//1611 4968//91 4970//105 5470//1613
f 4959//1490 5453//1611 5469//1619
f 5471//1613 5470//1613 4972//1612 4962//1488
f 5470//1613 5471//1613 5473//1614 5469//1619
f 4962//1488 5472//1615 5471//1613
f 4962//1488 4963//118 5473//1614
f 4963//118 4965//822 5473//1614
f 4965//822 5476//1622 5475//1617
f 4965//822 5477//1618 5476//1622
f 4961//1600 5467//3161 5477//1618
f 5479//1620 5478//1621 5480//3162 5481//3163
f 5478//1621 5479//1620 5474//1616
f 5481//3163 5480//3162 5466//1610 5468//1609
f 5474//1616 5475//1617 5476//1622 5478//1621
f 5480//3162 5477//1618 5467//3161 5466//1610
f 5477//1618 5480//3162 5478//1621
f 5468//1609 5469//1619 5482//1620 5481//3163
f 5483//1623 5464//1604 5449//1734 5452//3157
f 5482//1620 5479//1620 5481//3163
f 5482//1620 5474//1616 5479//1620
f 5460//1703 5461//3160 5462//3159 5484//3164
f 5484//3164 5462//3159 5463//1605 5483//1623
f 5452//3157 5451//1606 5465//1608 5485//3165
f 5452//3157 5485//3165 5486//1620 5483//1623
f 5483//1623 5486//1620 5487//3166 5484//3164
f 5484//3164 5487//3166 5459//1704 5460//1703
f 5489//3167 5488//1624 5490//1620 5491//1620
f 5488//1624 5489//3167 5455//1599
f 5491//1620 5490//1620 5492//3157 5493//3168
f 5493//3168 5492//3157 2870//1602 5458//3158
f 5488//1624 5454//1598 5456//1601 5490//1620
f 5492//3157 5456//1601 5457//1603 2870//1602
f 5456//1601 5492//3157 5490//1620
f 5458//3158 5459//1704 5487//3166 5493//3168
f 5493//3168 5487//3166 5486//1620 5491//1620
f 5491//1620 5486//1620 5485//3165 5489//3167
f 5489//3167 5485//3165 5465//1608 5455//1599
f 5497//613 5499//1625 2728//461 5496//324
f 2490//721 5495//3169 5498//796
f 2490//721 2489//722 5495//3169
f 5500//3170 5495//3169 2489//722 2727//791
f 5495//3169 5500//3170 5498//796
f 5502//3171 5497//613 5496//324 5501//584
f 5504//3172 2639//467 5498//796 5503//1628
f 5501//584 5496//324 2640//461 5506//1394
f 5503//1628 5498//796 5500//3170 5505//3173
f 5497//613 5502//3171 2494//164
f 5505//3173 5500//3170 2727//791 2725//792
f 5506//1394 2640//461 2639//467 5504//3172
f 2476//1629 5502//3171 5501//584 5506//1394
f 2504//2554 5507//1626 5505//3173 2725//792
f 5502//3171 2476//1629 2494//164
f 5505//3173 5507//1626 5503//1628
f 2493//724 5508//1627 5507//1626 2504//2554
f 2485//794 2494//164 2476//1629 2482//107
f 5503//1628 2478//128 2480//768 5504//3172
f 5503//1628 5508//1627 2478//128
f 5508//1627 2492//725 2478//128
f 4535//1382 4534//85 5509//1638 4515//1994
f 5506//1394 5504//3172 2480//768
f 4519//91 4516//3014 5522//677 5511//677
f 4509//3012 5513//545 5512//1640 4506//1994
f 4513//3013 5515//100 5514//1639 4510//207
f 4515//1994 5509//1638 5515//100 4513//3013
f 5514//1639 5522//677 4516//3014 4510//207
f 4519//91 5511//677 5513//545 4509//3012
f 5512//1640 5510//99 4520//1631 4506//1994
f 5520//1636 5517//1634 4686//718 5522//677
f 4525//3015 4524//1630 5510//99
f 5516//1379 5517//1634 5518//1632
f 4531//1380 5516//1379 5518//1632
f 5517//1634 5520//1636 5521//1635
f 5523//547 4687//718 4771//718 5519//547
f 4768//1430 4545//1633 5518//1632 5521//1635
f 5523//547 5522//677 4686//718 4687//718
f 4549//1393 4768//1430 5521//1635 5524//1637
f 5513//545 5519//547 4498//1377 5512//1640
f 5525//810 5510//99 4498//1377
f 5524//1637 5509//1638 4536//1383
f 5511//677 5523//547 5519//547 5513//545
f 5520//1636 5514//1639 5515//100
f 5526//13 2778//21 2776//725 2777//1716
f 5523//547 5511//677 5522//677
f 2773//818 2779//85 2774//65 2775//22
f 5529//527 4822//205 5527//128 5530//819
f 4820//725 5528//163 5527//128
f 2778//21 5526//13 2775//22
f 2775//22 5526//13 2777//1716 2773//818
f 4822//205 5529//527 4821//817
f 5528//163 4821//817 5529//527 5530//819
f 2037//579 2036//757 2053//576 2018//572
f 4060//1276 4061//1275 4045//2915 4046//642
f 2330//682 2329//677 2312//677
f 2594//659 2593//756 2610//756 2609//659
f 4367//324 4366//756 4347//756 4348//659
f 2192//91 5539//2938 5538//1343 2191//641
f 5536//1648 5535//1647 1897//1646
f 2187//647 2186//646 5540//1653 5541//677
f 2192//91 2187//647 5541//677 5539//2938
f 2188//1683 5537//1650 2190//640
f 2191//641 5538//1343 2188//1683
f 3923//105 3922//1247 5542//1659 5543//1688
f 3923//105 5543//1688 3936//2880 3924//2878
f 5544//1656 5545//1435 3919//1657
f 5547//1658 4192//1245 3920//1654
f 3922//1247 3919//1657 5542//1659
f 4216//1314 4234//1323 4233//2952 5548//1692
f 4220//1993 4217//1317 5550//3174 5551//3175
f 4213//2947 5553//3176 5552//3177 4211//2948
f 4214//80 5555//1691 5554//1690 4489//1316
f 4216//1314 5548//1692 5555//1691 4214//80
f 5554//1690 5550//3174 4217//1317 4489//1316
f 4220//1993 5551//3175 5553//3176 4213//2947
f 5552//3177 4224//1326 4221//825 4211//2948
f 4224//1326 5549//3178 4237//2954 4225//2951
f 5558//3179 1925//209 1907//527 1906//528
f 2082//444 5557//365 2179//444
f 1925//209 5558//3179 2181//209
f 5557//365 2082//444 2081//444 5556//365
f 5561//3180 2218//643 2201//632 2200//633
f 2362//718 5560//547 2471//716
f 2218//643 5561//3180 5559//717
f 5563//541 4203//2946 4202//1661 5562//1660
f 5565//338 4091//478 4203//2946 5563//541
f 5567//365 2179//444 5557//365 5569//365
f 4091//478 5565//338 3916//1280
f 2179//444 5567//365 1888//519
f 5570//3181 5558//3179 1906//528 2178//620
f 5558//3179 5570//3181 2181//209
f 5569//365 5557//365 5556//365 5568//365
f 5571//1298 5559//717 5561//3180 5574//3182
f 5559//717 5571//1298 5572//1664
f 5559//717 5572//1664 2361//718
f 5574//3182 5561//3180 2200//633 2466//719
f 5578//338 5565//338 5563//541 5575//338
f 3916//1280 5577//645 5576//1237
f 5577//645 3916//1280 5565//338 5578//338
f 5564//1239 5576//1237 5579//1662
f 3929//1240 5564//1239 5579//1662
f 5581//324 5566//1309 4397//461 5582//324
f 5566//1309 5580//3183 5583//1663
f 4230//1319 4231//1318 5583//1663
f 5607//3184 1888//519 5567//365 5584//365
f 5584//365 5567//365 5569//365 5586//365
f 2181//209 5585//700 2180//629
f 5585//700 2181//209 5570//3181 5587//3185
f 5587//3185 5570//3181 2178//620 2175//621
f 5589//3186 5573//715 2471//716 5588//729
f 5591//547 2361//718 5572//1664 5590//1664
f 5588//729 2471//716 5560//547 5592//547
f 5590//1664 5571//1298 5574//3182 5594//3187
f 5573//715 5589//3186 5593//198
f 5573//715 5593//198 2223//184
f 2467//2551 5594//3187 5574//3182 2466//719
f 5592//547 5560//547 2361//718 5591//547
f 5596//338 5575//338 5562//1660 5595//1665
f 5597//3188 5576//1237 5577//645 5599//645
f 5576//1237 5597//3188 5598//1666
f 5600//338 5578//338 5575//338 5596//338
f 4194//2944 4201//1304 5579//1662 5598//1666
f 5599//645 5577//645 5578//338 5600//338
f 5602//587 4497//605 4496//3011 5601//1678
f 5604//324 5582//324 4497//605 5602//587
f 5581//324 5603//324 5566//1309
f 5601//1678 4496//3011 4253//102 5605//1676
f 4490//1372 4247//1376 5583//1663 5580//3183
f 5603//324 5581//324 5582//324 5604//324
f 5626//1680 2180//629 5585//700 5608//297
f 5607//3184 5584//365 5606//657
f 5609//365 5568//365 2180//629 5626//1680
f 5610//365 5606//657 5584//365 5586//365
f 5608//297 5585//700 5587//3185 5611//3189
f 1930//2433 5611//3189 5587//3185 2175//621
f 5609//365 5610//365 5586//365 5568//365
f 5614//547 5591//547 5590//1664 5613//1671
f 5588//729 5612//729 5589//3186
f 5612//729 5588//729 5592//547 5615//547
f 5613//1671 5590//1664 5594//3187 5616//1669
f 2222//649 5616//1669 5594//3187 2467//2551
f 5615//547 5592//547 5591//547 5614//547
f 5618//3018 5619//1673 5598//1666 5597//3188
f 5620//338 5618//3018 5597//3188 5599//645
f 5617//338 5621//338 5600//338 5596//338
f 3953//1675 4194//2944 5598//1666 5619//1673
f 5621//338 5620//338 5599//645 5600//338
f 5622//1679 5580//3183 5566//1309 5647//1689
f 5647//1689 5566//1309 5603//324 5623//1668
f 4252//1329 4490//1372 5580//3183 5622//1679
f 5625//1681 5607//3184 5606//657 5624//3190
f 5624//3190 5606//657 5610//365 5627//3191
f 1913//2432 1932//1513 1888//519 5629//3192
f 5607//3184 5625//1681 5628//1682
f 5626//1680 5608//297 5611//3189 5630//3193
f 1910//2431 5630//3193 5611//3189 1930//2433
f 5629//3192 1888//519 5607//3184 5628//1682
f 5627//3191 5610//365 5609//365 5626//1680
f 5632//3194 5589//3186 5612//729 5631//547
f 5635//1248 5614//547 5613//1671 5634//1684
f 5613//1671 5633//1670 5634//1684
f 5631//547 5612//729 5615//547 5636//1248
f 5637//1685 5593//198 5589//3186 5632//3194
f 2207//636 2223//184 5593//198 5638//1686
f 2204//648 5633//1670 5616//1669 2222//649
f 5636//1248 5615//547 5614//547 5635//1248
f 5593//198 5637//1685 5638//1686
f 5641//1687 5619//1673 5618//3018 5640//3195
f 5640//3195 5618//3018 5620//338 5642//1417
f 5643//2439 5621//338 5617//338 5639//1672
f 5642//1417 5620//338 5621//338 5643//2439
f 3931//55 5644//1667 5595//1665
f 3954//1308 3937//2879 5644//1667
f 5619//1673 5641//1687 3935//1674
f 5646//3196 5602//587 5601//1678 5645//1677
f 5648//3197 5604//324 5602//587 5646//3196
f 5536//1648 5532//521 5625//1681 5624//3190
f 4253//102 4238//2953 5605//1676
f 5622//1679 5647//1689 4236//1328
f 5604//324 5648//3197 5623//1668
f 5535//1647 5536//1648 5624//3190 5627//3191
f 1914//1649 1913//2432 5629//3192 5533//1644
f 1909//1643 5531//1642 5630//3193 1910//2431
f 5626//1680 5630//3193 5531//1642
f 5533//1644 5629//3192 5628//1682 5532//521
f 5534//1645 5535//1647 5627//3191 5626//1680
f 5540//1653 5632//3194 5631//547 5541//677
f 5538//1343 5635//1248 5634//1684 2188//1683
f 5541//677 5631//547 5636//1248 5539//2938
f 2194//1652 5637//1685 5632//3194 5540//1653
f 2208//637 2207//636 5638//1686 2194//1652
f 5537//1650 5633//1670 2204//648 2203//1651
f 5633//1670 5537//1650 2188//1683
f 5539//2938 5636//1248 5635//1248 5538//1343
f 5542//1659 5546//642 5639//1672 5595//1665
f 5544//1656 5547//1658 5640//3195 5642//1417
f 5641//1687 5640//3195 5547//1658
f 5546//642 5545//1435 5643//2439 5639//1672
f 3936//2880 5543//1688 5644//1667 3937//2879
f 5595//1665 5644//1667 5542//1659
f 3920//1654 3932//1655 3935//1674 5641//1687
f 5545//1435 5544//1656 5642//1417 5643//2439
f 5553//3176 5646//3196 5645//1677 5552//3177
f 5554//1690 5647//1689 5623//1668 5550//3174
f 5551//3175 5648//3197 5646//3196 5553//3176
f 5552//3177 5645//1677 5605//1676 4224//1326
f 5549//3178 5605//1676 4238//2953 4237//2954
f 5548//1692 4233//2952 4236//1328 5647//1689
f 5550//3174 5623//1668 5648//3197 5551//3175
f 5605//1676 5549//3178 4224//1326
f 2784//205 2780//85 2782//7 5652//1
f 2781//811 5649//1695 5650//3198
f 2781//811 5651//211 5649//1695
f 5654//1592 2782//7 2781//811 5650//3198
f 2783//810 5653//82 5651//211
f 4835//41 4833//110 4837//696 5655//886
f 2782//7 5654//1592 5652//1
f 5657//914 4827//2549 4829//1454 5656//1693
f 5659//913 4824//820 4827//2549 5657//914
f 5655//886 4837//696 4824//820 5659//913
f 5663//1696 5661//1694 5651//211 5653//82
f 5662//1696 5663//1696 5653//82
f 5650//3198 5649//1695 5661//1694 5664//2430
f 5664//2430 5661//1694 5663//1696 5662//1696
f 5654//1592 5650//3198 5664//2430 5660//698
f 5660//698 5664//2430 5662//1696 2784//205
f 5665//297 5659//913 5657//914 5656//1693
f 5666//297 5655//886 5659//913 5665//297
f 4835//41 5666//297 4839//205
f 5665//297 5658//82 4839//205 5666//297
f 5658//82 5665//297 5656//1693
f 5678//1701 2852//91 2845//1 5670//3199
f 2846//1698 5667//1697 5668//1713
f 2845//1 5669//3200 5670//3199
f 2845//1 5671//3201 5669//3200
f 2847//40 5673//3202 5674//1702
f 2848//811 5672//34 5676//3203
f 2847//40 5677//3204 5673//3202
f 5679//1700 5677//3204 2847//40 2852//91
f 5671//3201 2845//1 2846//1698 5668//1713
f 2848//811 5676//3203 2861//1717
f 5681//1702 5675//1614 2848//811 2847//40
f 5685//1483 4927//1482 4926//1481 5684//3205
f 4930//824 5682//1709 5683//211
f 5684//3205 4926//1481 4942//105 5691//3206
f 4951//120 5689//1707 4934//1487
f 5694//111 4956//208 4936//80 5692//3206
f 4936//80 5690//1705 5692//3206
f 5691//3206 4942//105 4956//208 5694//111
f 5695//3158 4932//162 4933//34 5688//1704
f 4930//824 5685//1483 5686//1708
f 5667//1697 2859//1540 5696//1714 5668//1713
f 4932//162 5695//3158 5687//1710
f 5697//3207 5685//1483 5684//3205 5691//3206
f 5690//1705 4931//1485 5687//1710 5698//3208
f 5692//3206 5690//1705 5698//3208 5699//3209
f 5697//3207 5691//3206 5694//111 5700//3210
f 5694//111 5692//3206 5699//3209 5700//3210
f 5687//1710 5695//3158 5701//3211 5698//3208
f 5698//3208 5701//3211 5702//3209 5699//3209
f 5699//3209 5702//3209 5703//3209 5700//3210
f 5700//3210 5703//3209 5704//1711 5697//3207
f 5697//3207 5704//1711 5686//1708 5685//1483
f 5695//3158 5688//1704 5705//1711 5701//3211
f 5701//3211 5705//1711 5706//3209 5702//3209
f 5702//3209 5706//3209 5707//3209 5703//3209
f 5703//3209 5707//3209 5708//1711 5704//1711
f 5704//1711 5708//1711 5682//1709 5686//1708
f 4935//1703 4934//1487 5689//1707 5709//3212
f 5709//3212 5689//1707 5693//1706 5710//3209
f 5710//3209 5693//1706 4949//103 5711//3209
f 5711//3209 4949//103 5683//211 5712//1712
f 5688//1704 4935//1703 5709//3212 5705//1711
f 5683//211 5682//1709 5712//1712
f 5706//3209 5705//1711 5709//3212 5710//3209
f 5706//3209 5710//3209 5711//3209 5707//3209
f 5707//3209 5711//3209 5712//1712 5708//1711
f 5676//3203 5672//34 5675//1614 5713//3213
f 2861//1717 5676//3203 5713//3213 5714//3214
f 2859//1540 2861//1717 5714//3214 5715//3215
f 5715//3215 5696//1714 2859//1540
f 5674//1702 5673//3202 5677//3204 5716//3216
f 5716//3216 5677//3204 5679//1700 5717//3217
f 5717//3217 5679//1700 5680//1699 5718//3217
f 5718//3217 5680//1699 5678//1701 5719//3218
f 5719//3218 5678//1701 5670//3199 5669//3200
f 5681//1702 5674//1702 5716//3216 5720//3216
f 5720//3216 5716//3216 5717//3217 5721//3215
f 5721//3215 5717//3217 5718//3217 5722//3215
f 5722//3215 5718//3217 5719//3218 5723//3219
f 5723//3219 5719//3218 5669//3200 5671//3201
f 5713//3213 5724//3220 5725//3215 5714//3214
f 5724//3220 5713//3213 5675//1614
f 5714//3214 5725//3215 5726//3215 5715//3215
f 5715//3215 5726//3215 5727//1715 5696//1714
f 5675//1614 5681//1702 5720//3216 5724//3220
f 5724//3220 5720//3216 5721//3215 5725//3215
f 5725//3215 5721//3215 5722//3215 5726//3215
f 5726//3215 5722//3215 5723//3219 5727//1715
f 5727//1715 5723//3219 5671//3201 5668//1713
f 4847//23 4850//914 4854//297 5730//1718
f 2788//23 5731//78 5734//12
f 2785//184 5728//1716 2787//40
f 4840//1455 5729//1717 4841//1456
f 2787//40 5728//1716 5734//12 5731//78
f 4848//1461 4847//23 4844//44
f 4851//721 5738//8 4856//822
f 4847//23 5732//1295 5733//1486
f 5730//1718 4841//1456 5729//1717 5735//3221
f 4847//23 5733//1486 4844//44
f 5735//3221 5729//1717 4856//822 5736//1369
f 5736//1369 4856//822 5738//8 5737//1298
f 4847//23 5730//1718 5735//3221 5732//1295
f 5732//1295 5735//3221 5736//1369 5733//1486
f 5733//1486 5736//1369 5737//1298 4844//44
f 5742//162 5739//123 5740//1298 5741//1725
f 5748//6 5752//1290 5750//3222 5751//256
f 5760//1727 5750//3222 5759//1730 5761//7
f 5739//123 5765//1728 5766//201 5740//1298
f 5763//1494 5744//527 5756//115
f 5753//794 5777//165 5764//80
f 5752//1290 5762//1729 5759//1730 5750//3222
f 5770//100 5746//1438 5772//39
f 5749//1724 5762//1729 5752//1290 5748//6
f 5767//38 5772//39 5746//1438
f 5773//1726 5769//1488 5754//1721 5741//1725
f 5760//1727 5777//165 5753//794 5774//256
f 5774//256 5753//794 5758//1722 5763//1494
f 5744//527 5758//1722 5757//1723 5764//80
f 5746//1438 5745//819 5744//527 5767//38
f 5747//43 5775//1298 5749//1724
f 5741//1725 5754//1721 5770//100 5742//162
f 5750//3222 5760//1727 5774//256 5751//256
f 5775//1298 5776//201 5749//1724
f 5772//39 5743//110 5742//162
f 5751//256 5774//256 5763//1494 5756//115
f 5747//43 5768//80 5778//1298 5775//1298
f 5749//1724 5776//201 5771//80
f 5743//110 5762//1729 5749//1724
f 5743//110 5749//1724 5771//80
f 5776//201 5775//1298 5778//1298 5766//201
f 5765//1728 5771//80 5776//201 5766//201
f 5743//110 5761//7 5759//1730
f 5768//80 5769//1488 5773//1726 5778//1298
f 5761//7 5743//110 5772//39
f 5755//104 5769//1488 5768//80
f 5778//1298 5773//1726 5740//1298 5766//201
f 5781//2108 5782//173 5779//31 5780//3223
f 5779//31 5783//1981 5784//2119 5780//3223
f 5783//1981 5785//3224 5786//1841 5784//2119
f 5786//1841 5785//3224 5787//2120 5788//1843
f 5788//1843 5787//2120 5789//1928 5790//1845
f 5790//1845 5789//1928 5791//1984 5792//1847
f 5792//1847 5791//1984 5793//1930 5794//1942
f 5793//1930 5795//1931 5796//1851 5794//1942
f 5795//1931 5797//3225 5798//1853 5796//1851
f 5798//1853 5797//3225 5799//2088 5800//3226
f 5799//2088 5801//2090 5802//3227 5800//3226
f 5802//3227 5801//2090 5803//3228 5804//2125
f 5804//2125 5803//3228 5805//3229 5806//1861
f 5808//198 5806//1861 5805//3229 5807//1912
f 5782//173 5809//1913 5783//1981 5779//31
f 5809//1913 5810//3230 5785//3224 5783//1981
f 5785//3224 5810//3230 5811//1915 5787//2120
f 5787//2120 5811//1915 5812//1975 5789//1928
f 5789//1928 5812//1975 5813//1917 5791//1984
f 5791//1984 5813//1917 5814//1918 5793//1930
f 5814//1918 5815//1919 5795//1931 5793//1930
f 5795//1931 5815//1919 5816//3231 5797//3225
f 5797//3225 5816//3231 5817//3232 5799//2088
f 5817//3232 5818//3233 5801//2090 5799//2088
f 5801//2090 5818//3233 5819//1980 5803//3228
f 5819//1980 5807//1912 5805//3229 5803//3228
f 5820//1731 5822//2066 5809//1913 5782//173
f 5822//2066 5823//3234 5810//3230 5809//1913
f 5810//3230 5823//3234 5824//2033 5811//1915
f 5824//2033 5825//2129 5812//1975 5811//1915
f 5825//2129 5826//1969 5813//1917 5812//1975
f 5826//1969 5827//3235 5814//1918 5813//1917
f 5814//1918 5827//3235 5828//1906 5815//1919
f 5828//1906 5829//1907 5816//3231 5815//1919
f 5816//3231 5829//1907 5830//3236 5817//3232
f 5830//3236 5831//3237 5818//3233 5817//3232
f 5818//3233 5831//3237 5832//3238 5819//1980
f 5832//3238 5833//1911 5807//1912 5819//1980
f 5808//198 5807//1912 5833//1911 5834//1888
f 5820//1731 5835//1732 5836//3239 5822//2066
f 5822//2066 5836//3239 5837//1964 5823//3234
f 5823//3234 5837//1964 5838//1891 5824//2033
f 5838//1891 5839//2027 5825//2129 5824//2033
f 5839//2027 5840//2028 5826//1969 5825//2129
f 5840//2028 5841//2133 5827//3235 5826//1969
f 5827//3235 5841//2133 5842//1895 5828//1906
f 5842//1895 5843//2134 5829//1907 5828//1906
f 5843//2134 5844//1897 5830//3236 5829//1907
f 5830//3236 5844//1897 5845//2031 5831//3237
f 5831//3237 5845//2031 5846//2032 5832//3238
f 5846//2032 5834//1888 5833//1911 5832//3238
f 5835//1732 5821//32 5847//1876 5836//3239
f 5847//1876 5848//1956 5837//1964 5836//3239
f 5837//1964 5848//1956 5849//1878 5838//1891
f 5849//1878 5850//3240 5839//2027 5838//1891
f 5839//2027 5850//3240 5851//1880 5840//2028
f 5840//2028 5851//1880 5852//3241 5841//2133
f 5852//3241 5853//1882 5842//1895 5841//2133
f 5842//1895 5853//1882 5854//1883 5843//2134
f 5854//1883 5855//3242 5844//1897 5843//2134
f 5844//1897 5855//3242 5856//3243 5845//2031
f 5856//3243 5857//3244 5846//2032 5845//2031
f 5857//3244 5858//1963 5834//1888 5846//2032
f 5808//198 5834//1888 5858//1963 5859//1863
f 5860//168 5861//1864 5847//1876 5821//32
f 5847//1876 5861//1864 5862//1865 5848//1956
f 5848//1956 5862//1865 5863//1866 5849//1878
f 5863//1866 5864//3245 5850//3240 5849//1878
f 5850//3240 5864//3245 5865//1868 5851//1880
f 5851//1880 5865//1868 5866//1869 5852//3241
f 5866//1869 5867//1870 5853//1882 5852//3241
f 5853//1882 5867//1870 5868//2020 5854//1883
f 5868//2020 5869//1952 5855//3242 5854//1883
f 5855//3242 5869//1952 5870//3246 5856//3243
f 5870//3246 5871//2107 5857//3244 5856//3243
f 5857//3244 5871//2107 5859//1863 5858//1963
f 5860//168 5781//2108 5872//1840 5861//1864
f 5872//1840 5873//1938 5862//1865 5861//1864
f 5873//1938 5874//1939 5863//1866 5862//1865
f 5863//1866 5874//1939 5875//1940 5864//3245
f 5875//1940 5876//1941 5865//1868 5864//3245
f 5876//1941 5877//1850 5866//1869 5865//1868
f 5866//1869 5877//1850 5878//1852 5867//1870
f 5878//1852 5879//1944 5868//2020 5867//1870
f 5868//2020 5879//1944 5880//2141 5869//1952
f 5869//1952 5880//2141 5881//3247 5870//3246
f 5881//3247 5882//3248 5871//2107 5870//3246
f 5871//2107 5882//3248 5883//2019 5859//1863
f 5808//198 5859//1863 5883//2019 5806//1861
f 5780//3223 5784//2119 5872//1840 5781//2108
f 5872//1840 5784//2119 5786//1841 5873//1938
f 5786//1841 5788//1843 5874//1939 5873//1938
f 5874//1939 5788//1843 5790//1845 5875//1940
f 5875//1940 5790//1845 5792//1847 5876//1941
f 5792//1847 5794//1942 5877//1850 5876//1941
f 5877//1850 5794//1942 5796//1851 5878//1852
f 5878//1852 5796//1851 5798//1853 5879//1944
f 5879//1944 5798//1853 5800//3226 5880//2141
f 5800//3226 5802//3227 5881//3247 5880//2141
f 5802//3227 5804//2125 5882//3248 5881//3247
f 5804//2125 5806//1861 5883//2019 5882//3248
f 5891//86 5894//57 5913//61 5889//66
f 5885//174 5925//118 5910//527
f 5916//64 5909//819 5924//41
f 5911//67 5904//53 5918//54
f 5891//86 5889//66 5888//52
f 5914//77 5919//53 5900//54
f 5891//86 5890//67 5917//61 5886//92
f 5888//52 5890//67 5891//86
f 5896//60 5918//54 5920//73 5921//73
f 5917//61 5890//67 5885//174
f 5918//54 5896//60 5894//57
f 5893//52 5894//57 5891//86 5886//92
f 5901//62 5896//60 5905//73
f 5915//72 5902//68 5922//62
f 5916//64 5888//52 5887//57
f 5899//60 5898//68 5914//77 5900//54
f 5895//63 5904//53 5911//67
f 5897//72 5901//62 5921//73 5920//73
f 5912//79 5911//67 5893//52 5886//92
f 5898//68 5904//53 5903//1733
f 5885//174 5910//527 5909//819
f 5885//174 5909//819 5884//56
f 5899//60 5906//63 5897//72 5898//68
f 5914//77 5901//62 5919//53
f 5897//72 5918//54 5904//53
f 5924//41 5892//49 5916//64
f 5917//61 5887//57 5912//79
f 5917//61 5885//174 5884//56
f 5918//54 5893//52 5911//67
f 5913//61 5911//67 5912//79 5889//66
f 5914//77 5895//63 5896//60
f 5906//63 5899//60 5922//62
f 5909//819 5925//118 5924//41
f 5890//67 5892//49 5885//174
f 5781//2108 5860//168 5821//32 5782//173
f 5910//527 5925//118 5909//819
f 5887//57 5884//56 5916//64
f 5911//67 5913//61 5895//63
f 5923//1733 5906//63 5908//77
f 5901//62 5905//73 5921//73
f 5920//73 5907//73 5897//72
f 5936//185 5937//256 5934//166 5935//256
f 5941//1738 5938//1734 5939//256 5940//1737
f 5944//3249 5936//185 5935//256 5960//34
f 5938//1734 5946//5 5947//1494 5939//256
f 5950//1290 5934//166 5948//203 5949//1735
f 5936//185 5958//256 5945//1736 5937//256
f 5953//464 5954//125 5943//6
f 5932//40 5956//41 5962//99
f 5938//1734 5941//1738 5957//80
f 5956//41 5929//42 5931//38
f 5944//3249 5953//464 5958//256 5936//185
f 5937//256 5951//100 5948//203 5934//166
f 5942//37 5956//41 5931//38 5928//39
f 5960//34 5959//125 5944//3249
f 5945//1736 5933//35 5951//100 5937//256
f 5953//464 5944//3249 5959//125 5954//125
f 5933//35 5958//256 5953//464 5943//6
f 5950//1290 5940//1737 5939//256 5961//316
f 5961//316 5939//256 5947//1494 5955//1614
f 5934//166 5950//1290 5961//316 5935//256
f 5949//1735 5941//1738 5940//1737
f 5956//41 5932//40 5943//6
f 5957//80 5955//1614 5947//1494
f 5928//39 5926//83 5942//37
f 5932//40 5962//99 5933//35
f 5943//6 5932//40 5933//35
f 5935//256 5961//316 5955//1614 5960//34
f 5959//125 5929//42 5930//12 5954//125
f 5931//38 5941//1738 5949//1735
f 5927//162 5951//100 5933//35
f 5929//42 5959//125 5960//34
f 5926//83 5952//84 5951//100 5927//162
f 5931//38 5955//1614 5957//80
f 5926//83 5949//1735 5952//84
f 5929//42 5960//34 5955//1614 5931//38
f 5967//92 5982//61 5968//57 5969//79
f 5972//86 5970//66 5978//52
f 5967//92 5969//79 5974//52
f 5971//67 5982//61 5967//92 5972//86
f 5968//57 5982//61 5965//174
f 5980//61 5970//66 5972//86
f 5967//92 5974//52 5975//57 5972//86
f 5982//61 5971//67 5965//174
f 5976//13 5964//3 5977//128
f 5971//67 5978//52 5979//64 5966//144
f 5973//56 5965//174 5976//13
f 5978//52 5971//67 5972//86
f 5977//128 5964//3 5966//144 5979//64
f 5980//61 5975//57 5981//67
f 5980//61 5981//67 5969//79 5970//66
f 5965//174 5973//56 5968//57
f 5971//67 5966//144 5965//174
f 5983//31 5986//1981 5987//1839 5984//94
f 5966//144 5963//18 5965//174
f 5969//79 5968//57 5978//52
f 5983//31 5984//94 5985//32
f 5986//1981 5988//2084 5989//2007 5987//1839
f 5988//2084 5990//2120 5991//1843 5989//2007
f 5991//1843 5990//2120 5992//1983 5993//2086
f 5992//1983 5994//3250 5995//1847 5993//2086
f 5995//1847 5994//3250 5996//2043 5997//1942
f 5996//2043 5998//1931 5999//1851 5997//1942
f 5998//1931 6000//1932 6001//1853 5999//1851
f 6000//1932 6002//1986 6003//1855 6001//1853
f 6003//1855 6002//1986 6004//3251 6005//1947
f 6004//3251 6006//3252 6007//1859 6005//1947
f 6007//1859 6006//3252 6008//1936 6009//1861
f 6011//198 6009//1861 6008//1936 6010//1912
f 6012//1739 6013//1913 5986//1981 5983//31
f 5986//1981 6013//1913 6014//3230 5988//2084
f 6014//3230 6015//1915 5990//2120 5988//2084
f 5990//2120 6015//1915 6016//1916 5992//1983
f 5992//1983 6016//1916 6017//1917 5994//3250
f 6017//1917 6018//1918 5996//2043 5994//3250
f 5996//2043 6018//1918 6019//1919 5998//1931
f 5998//1931 6019//1919 6020//1977 6000//1932
f 6020//1977 6021//2127 6002//1986 6000//1932
f 6002//1986 6021//2127 6022//1922 6004//3251
f 6004//3251 6022//1922 6023//2095 6006//3252
f 6023//2095 6010//1912 6008//1936 6006//3252
f 6024//1731 6025//1968 6013//1913 6012//1739
f 6024//1731 6012//1739 5985//32
f 6025//1968 6026//3234 6014//3230 6013//1913
f 6026//3234 6027//3253 6015//1915 6014//3230
f 6027//3253 6028//3254 6016//1916 6015//1915
f 6028//3254 6029//1969 6017//1917 6016//1916
f 6017//1917 6029//1969 6030//2035 6018//1918
f 6030//2035 6031//1906 6019//1919 6018//1918
f 6031//1906 6032//2097 6020//1977 6019//1919
f 6032//2097 6033//3255 6021//2127 6020//1977
f 6021//2127 6033//3255 6034//2099 6022//1922
f 6034//2099 6035//2100 6023//2095 6022//1922
f 6023//2095 6035//2100 6036//1911 6010//1912
f 6011//198 6010//1912 6036//1911 6037//1888
f 6038//97 6039//1889 6025//1968 6024//1731
f 6025//1968 6039//1889 6040//1964 6026//3234
f 6026//3234 6040//1964 6041//1891 6027//3253
f 6027//3253 6041//1891 6042//2027 6028//3254
f 6028//3254 6042//2027 6043//2028 6029//1969
f 6043//2028 6044//1894 6030//2035 6029//1969
f 6030//2035 6044//1894 6045//1895 6031//1906
f 6031//1906 6045//1895 6046//1896 6032//2097
f 6046//1896 6047//3256 6033//3255 6032//2097
f 6033//3255 6047//3256 6048//1966 6034//2099
f 6048//1966 6049//1899 6035//2100 6034//2099
f 6049//1899 6037//1888 6036//1911 6035//2100
f 5985//32 6050//1876 6039//1889 6038//97
f 6039//1889 6050//1876 6051//1956 6040//1964
f 6040//1964 6051//1956 6052//3257 6041//1891
f 6052//3257 6053//2022 6042//2027 6041//1891
f 6053//2022 6054//2136 6043//2028 6042//2027
f 6043//2028 6054//2136 6055//2023 6044//1894
f 6055//2023 6056//1882 6045//1895 6044//1894
f 6056//1882 6057//3258 6046//1896 6045//1895
f 6057//3258 6058//3259 6047//3256 6046//1896
f 6047//3256 6058//3259 6059//3260 6048//1966
f 6059//3260 6060//2106 6049//1899 6048//1966
f 6049//1899 6060//2106 6061//1963 6037//1888
f 6011//198 6037//1888 6061//1963 6062//1863
f 6063//168 6064//1864 6050//1876 5985//32
f 6050//1876 6064//1864 6065//1865 6051//1956
f 6051//1956 6065//1865 6066//1866 6052//3257
f 6066//1866 6067//1867 6053//2022 6052//3257
f 6053//2022 6067//1867 6068//1868 6054//2136
f 6068//1868 6069//1869 6055//2023 6054//2136
f 6055//2023 6069//1869 6070//1870 6056//1882
f 6056//1882 6070//1870 6071//1871 6057//3258
f 6057//3258 6071//1871 6072//1872 6058//3259
f 6072//1872 6073//3246 6059//3260 6058//3259
f 6059//3260 6073//3246 6074//2107 6060//2106
f 6074//2107 6062//1863 6061//1963 6060//2106
f 6075//152 6076//1840 6064//1864 6063//168
f 6075//152 6063//168 5985//32
f 6076//1840 6077//1938 6065//1865 6064//1864
f 6065//1865 6077//1938 6078//1939 6066//1866
f 6078//1939 6079//2010 6067//1867 6066//1866
f 6079//2010 6080//2052 6068//1868 6067//1867
f 6068//1868 6080//2052 6081//2012 6069//1869
f 6081//2012 6082//1852 6070//1870 6069//1869
f 6070//1870 6082//1852 6083//1854 6071//1871
f 6071//1871 6083//1854 6084//1856 6072//1872
f 6084//1856 6085//3261 6073//3246 6072//1872
f 6085//3261 6086//2112 6074//2107 6073//3246
f 6074//2107 6086//2112 6087//1862 6062//1863
f 6011//198 6062//1863 6087//1862 6009//1861
f 5984//94 5987//1839 6076//1840 6075//152
f 6076//1840 5987//1839 5989//2007 6077//1938
f 5989//2007 5991//1843 6078//1939 6077//1938
f 6078//1939 5991//1843 5993//2086 6079//2010
f 6079//2010 5993//2086 5995//1847 6080//2052
f 5995//1847 5997//1942 6081//2012 6080//2052
f 6081//2012 5997//1942 5999//1851 6082//1852
f 5999//1851 6001//1853 6083//1854 6082//1852
f 6001//1853 6003//1855 6084//1856 6083//1854
f 6084//1856 6003//1855 6005//1947 6085//3261
f 6085//3261 6005//1947 6007//1859 6086//2112
f 6007//1859 6009//1861 6087//1862 6086//2112
