# UyDosh television4 catalog variant (imported from Desktop/3D)
mtllib television4.mtl
g television4
# UyDosh television4 catalog variant (imported from Desktop/3D)
v -0.990690 0.153612 0.067695
v 0.987382 0.153612 0.067695
v -0.990690 1.304138 0.067696
v 0.987382 1.304138 0.067696
v 0.333894 0.893458 -0.050309
v 0.338058 0.325833 -0.050309
v 0.333894 0.893458 -0.116128
v 0.338058 0.325833 -0.116128
v 0.334341 0.819898 -0.049231
v 0.336228 0.548829 -0.049231
v 0.336795 0.501983 -0.049231
v 0.336823 0.466391 -0.049231
v 0.333859 0.900339 -0.114084
v 0.338125 0.323207 -0.055804
v 0.334242 0.813431 -0.073773
v 0.334549 0.766826 -0.088846
v 0.335696 0.595158 -0.075516
v 0.336101 0.550245 -0.074991
v 0.336069 0.549815 -0.088658
v 0.336775 0.502365 -0.090180
v 0.336850 0.423952 -0.064367
v 0.337228 0.380015 -0.063910
v 0.334441 0.788021 -0.071825
v 0.334319 0.797715 -0.093969
v 0.334713 0.743755 -0.072786
v 0.334624 0.754475 -0.093894
v 0.334606 0.760395 -0.092691
v 0.335075 0.698216 -0.074024
v 0.334923 0.720073 -0.091361
v 0.299709 0.805353 -0.075244
v 0.290760 0.805107 -0.088518
v 0.291599 0.763073 -0.081353
v 0.291289 0.762571 -0.086143
v 0.301833 0.761804 -0.088494
v 0.291960 0.719075 -0.081353
v 0.291647 0.718572 -0.086143
v 0.302254 0.717806 -0.088494
v 0.290829 0.802320 -0.073510
v 0.295180 0.792294 -0.073406
v 0.291272 0.796935 -0.072516
v 0.290974 0.789468 -0.076641
v 0.282858 0.793804 -0.076052
v 0.291374 0.788130 -0.081353
v 0.291190 0.788613 -0.086147
v 0.292705 0.749545 -0.073153
v 0.291524 0.744317 -0.079238
v 0.283172 0.749003 -0.076630
v 0.291745 0.744296 -0.084168
v 0.292620 0.745652 -0.088031
v 0.291605 0.752982 -0.091662
v 0.293072 0.705547 -0.073153
v 0.291884 0.700319 -0.079238
v 0.283481 0.705004 -0.076630
v 0.292105 0.700297 -0.084168
v 0.291966 0.708983 -0.091662
v 0.335999 0.602971 -0.074618
v 0.335963 0.601669 -0.087900
v 0.336565 0.493291 -0.076383
v 0.336564 0.493017 -0.087479
v 0.335494 0.647685 -0.049231
v 0.314202 0.593995 -0.077201
v 0.314454 0.551093 -0.077184
v 0.312544 0.498768 -0.084620
v 0.311966 0.603330 -0.084618
v 0.314723 0.542177 -0.077220
v 0.311383 0.645192 -0.084625
v 0.336797 0.471069 -0.081334
v 0.337149 0.417683 -0.061970
v 0.337164 0.417057 -0.109223
v 0.324901 0.424817 -0.103546
v 0.326641 0.455768 -0.065219
v 0.326638 0.455770 -0.105523
v 0.337161 0.391651 -0.066740
v 0.337112 0.396686 -0.075251
v 0.337101 0.397458 -0.086562
v 0.337379 0.364114 -0.068101
v 0.308654 0.377128 -0.068138
v 0.308645 0.379032 -0.096106
v 0.308668 0.371708 -0.069422
v 0.303073 0.371598 -0.074933
v 0.308543 0.380482 -0.068188
v 0.311157 0.388206 -0.070026
v 0.308565 0.383431 -0.095430
v 0.308466 0.387452 -0.093965
v 0.311599 0.368126 -0.070796
v 0.334245 0.375799 -0.066092
v 0.334264 0.371334 -0.067526
v 0.334236 0.377077 -0.098274
v 0.334099 0.394285 -0.076863
v 0.334053 0.394536 -0.086623
v 0.334147 0.385112 -0.066980
v 0.334274 0.363042 -0.077550
v 0.334318 0.363294 -0.087315
v 0.336269 0.455988 -0.064902
v 0.336269 0.455988 -0.105843
v 0.334346 0.499750 -0.088623
v 0.334972 0.542267 -0.076539
v 0.334193 0.498617 -0.087430
v 0.334232 0.498422 -0.078348
v 0.332670 0.594135 -0.076753
v 0.334913 0.603224 -0.087637
v 0.330805 0.720166 -0.080985
v 0.330918 0.705928 -0.072647
v 0.330956 0.699675 -0.083697
v 0.330293 0.763691 -0.085566
v 0.330308 0.764163 -0.080979
v 0.330419 0.749925 -0.072647
v 0.330420 0.744047 -0.078606
v 0.330319 0.762718 -0.076660
v 0.330005 0.806164 -0.088405
v 0.330138 0.797972 -0.092290
v 0.330011 0.808025 -0.079674
v 0.330109 0.802387 -0.072859
v 0.333860 0.900230 -0.054177
v 0.333864 0.899465 -0.052654
v 0.333874 0.897390 -0.051336
v 0.337997 0.328315 -0.049694
v 0.338124 0.323249 -0.114932
v 0.338116 0.323540 -0.115514
v 0.338096 0.324332 -0.115893
v 0.333928 0.886900 -0.049694
v 0.335250 0.690593 -0.049231
v 0.335430 0.643431 -0.049231
v 0.335919 0.596139 -0.049231
v 0.336434 0.552238 -0.049231
v 0.333874 0.897390 -0.115893
v 0.333864 0.899465 -0.115514
v 0.333860 0.900230 -0.114932
v 0.333859 0.900339 -0.055804
v 0.338096 0.324332 -0.051336
v 0.338116 0.323540 -0.052654
v 0.334477 0.799597 -0.066045
v 0.334422 0.798177 -0.068574
v 0.334190 0.816735 -0.079070
v 0.334207 0.814493 -0.089485
v 0.334553 0.788091 -0.097668
v 0.334341 0.819915 -0.116360
v 0.334756 0.760300 -0.065760
v 0.334526 0.768158 -0.080020
v 0.335108 0.709402 -0.067296
v 0.334890 0.723381 -0.077607
v 0.334885 0.723969 -0.086788
v 0.335108 0.710441 -0.098685
v 0.322711 0.550828 -0.087328
v 0.335689 0.595758 -0.078278
v 0.335692 0.595740 -0.085979
v 0.335924 0.596351 -0.090830
v 0.335724 0.593194 -0.092836
v 0.335944 0.549163 -0.078219
v 0.335954 0.549181 -0.086110
v 0.336198 0.548392 -0.090691
v 0.336220 0.548679 -0.116360
v 0.336781 0.502322 -0.073944
v 0.334600 0.645744 -0.087560
v 0.335192 0.646377 -0.088338
v 0.321759 0.645421 -0.079516
v 0.336794 0.502128 -0.116360
v 0.330434 0.455934 -0.064943
v 0.336667 0.424462 -0.064568
v 0.336260 0.424570 -0.065026
v 0.336773 0.456877 -0.067140
v 0.326932 0.424571 -0.103513
v 0.330086 0.456442 -0.067198
v 0.330452 0.455934 -0.105801
v 0.336667 0.424462 -0.106177
v 0.336260 0.424571 -0.105720
v 0.336637 0.498201 -0.074522
v 0.336620 0.498046 -0.089554
v 0.336681 0.495981 -0.116360
v 0.336012 0.542210 -0.049231
v 0.336073 0.544859 -0.073468
v 0.336190 0.548256 -0.073591
v 0.336040 0.547742 -0.082085
v 0.335678 0.590204 -0.071350
v 0.335725 0.593360 -0.072276
v 0.335463 0.591048 -0.074301
v 0.335497 0.593501 -0.074653
v 0.334896 0.550663 -0.076688
v 0.335710 0.550356 -0.076435
v 0.335629 0.594663 -0.089210
v 0.322018 0.550491 -0.084658
v 0.315987 0.550673 -0.084628
v 0.334948 0.718612 -0.071686
v 0.334574 0.764570 -0.072371
v 0.334279 0.810663 -0.092621
v 0.333937 0.884752 -0.069043
v 0.333945 0.883189 -0.095122
v 0.333928 0.886902 -0.116262
v 0.337257 0.376109 -0.100031
v 0.334606 0.771067 -0.074053
v 0.334557 0.781208 -0.072502
v 0.334356 0.794105 -0.070460
v 0.334297 0.801408 -0.070634
v 0.333596 0.720463 -0.079977
v 0.334658 0.721417 -0.079006
v 0.309310 0.793199 -0.091243
v 0.298135 0.793052 -0.091021
v 0.334543 0.780200 -0.085846
v 0.333614 0.718610 -0.075779
v 0.334669 0.719821 -0.075792
v 0.332988 0.787088 -0.081595
v 0.334120 0.785937 -0.081599
v 0.334629 0.771217 -0.089743
v 0.333620 0.716493 -0.073572
v 0.334687 0.717567 -0.073286
v 0.333281 0.745174 -0.088396
v 0.334402 0.743977 -0.088382
v 0.334427 0.796705 -0.095519
v 0.333003 0.787307 -0.084425
v 0.334117 0.786372 -0.085703
v 0.296761 0.789827 -0.088755
v 0.334407 0.787307 -0.090838
v 0.332855 0.807163 -0.088456
v 0.333945 0.810910 -0.086435
v 0.332932 0.798127 -0.092471
v 0.334032 0.799562 -0.092946
v 0.332836 0.809232 -0.083132
v 0.333937 0.811816 -0.081163
v 0.334426 0.783515 -0.084116
v 0.333657 0.711370 -0.071763
v 0.334722 0.711790 -0.071302
v 0.332847 0.809030 -0.079701
v 0.334414 0.785103 -0.075440
v 0.334948 0.725801 -0.074197
v 0.334860 0.735798 -0.074170
v 0.334615 0.754958 -0.070151
v 0.333170 0.761669 -0.089564
v 0.334270 0.762824 -0.089761
v 0.333704 0.706479 -0.072246
v 0.334780 0.705067 -0.072114
v 0.297475 0.701831 -0.075418
v 0.333729 0.699450 -0.079695
v 0.334815 0.698486 -0.080077
v 0.310111 0.714238 -0.091251
v 0.292471 0.714142 -0.090824
v 0.333136 0.764194 -0.085510
v 0.334249 0.765400 -0.085542
v 0.334842 0.737590 -0.088469
v 0.334794 0.754582 -0.098529
v 0.333202 0.755363 -0.071761
v 0.334316 0.755776 -0.071300
v 0.332951 0.791702 -0.073271
v 0.334088 0.790465 -0.072962
v 0.334690 0.746062 -0.092819
v 0.309278 0.789602 -0.075720
v 0.297557 0.789453 -0.076120
v 0.332835 0.806890 -0.075433
v 0.333924 0.808068 -0.074601
v 0.333708 0.703427 -0.090691
v 0.334791 0.702999 -0.091388
v 0.311080 0.709522 -0.092230
v 0.299433 0.709298 -0.092008
v 0.334723 0.740392 -0.086570
v 0.333141 0.764462 -0.079892
v 0.333248 0.750477 -0.072246
v 0.334384 0.749106 -0.072095
v 0.334724 0.739808 -0.077421
v 0.335203 0.696366 -0.067769
v 0.335025 0.704679 -0.071142
v 0.334978 0.711011 -0.070242
v 0.335167 0.693999 -0.078440
v 0.297081 0.745829 -0.075418
v 0.333276 0.743288 -0.079705
v 0.334414 0.741891 -0.080605
v 0.311820 0.743711 -0.084272
v 0.299769 0.743888 -0.084197
v 0.309648 0.758236 -0.091251
v 0.292108 0.758140 -0.090824
v 0.333156 0.762632 -0.075709
v 0.335249 0.690681 -0.116360
v 0.335174 0.696548 -0.093407
v 0.332904 0.801164 -0.072209
v 0.334029 0.799883 -0.071373
v 0.309824 0.796341 -0.072008
v 0.298604 0.796007 -0.072232
v 0.335050 0.701820 -0.092863
v 0.333607 0.718462 -0.088834
v 0.334672 0.718944 -0.089809
v 0.310773 0.719748 -0.084515
v 0.299209 0.719385 -0.084653
v 0.333745 0.699457 -0.084255
v 0.334818 0.698428 -0.082991
v 0.310111 0.701595 -0.088442
v 0.292986 0.701653 -0.088031
v 0.335079 0.696917 -0.085491
v 0.333258 0.747290 -0.090602
v 0.334392 0.746227 -0.090884
v 0.310611 0.753520 -0.092230
v 0.299028 0.753296 -0.092008
v 0.293369 0.805864 -0.076166
v 0.291049 0.806582 -0.078045
v 0.291247 0.807055 -0.080386
v 0.291243 0.807068 -0.082761
v 0.291378 0.806646 -0.085305
v 0.292451 0.806110 -0.087062
v 0.293412 0.803721 -0.090172
v 0.293759 0.759712 -0.073989
v 0.292024 0.761295 -0.075778
v 0.291678 0.762477 -0.078220
v 0.291550 0.763056 -0.083796
v 0.293628 0.761872 -0.087994
v 0.294134 0.715713 -0.073989
v 0.292387 0.717296 -0.075778
v 0.292039 0.718478 -0.078220
v 0.291911 0.719058 -0.083796
v 0.294001 0.717873 -0.087994
v 0.292038 0.712762 -0.072738
v 0.297829 0.714540 -0.073126
v 0.283540 0.714853 -0.076220
v 0.284445 0.716152 -0.076473
v 0.286923 0.717151 -0.076722
v 0.283541 0.715701 -0.079840
v 0.284462 0.717204 -0.082110
v 0.286985 0.718291 -0.081743
v 0.283536 0.715646 -0.086894
v 0.284449 0.717080 -0.085881
v 0.286897 0.717789 -0.086724
v 0.294082 0.716366 -0.089639
v 0.291677 0.756760 -0.072738
v 0.297433 0.758538 -0.073126
v 0.283230 0.758851 -0.076220
v 0.284130 0.760151 -0.076472
v 0.286593 0.761150 -0.076722
v 0.283231 0.759700 -0.079840
v 0.284146 0.761203 -0.082108
v 0.286654 0.762289 -0.081743
v 0.283226 0.759645 -0.086894
v 0.284134 0.761079 -0.085881
v 0.286567 0.761788 -0.086724
v 0.293710 0.760364 -0.089639
v 0.293362 0.804346 -0.074525
v 0.282917 0.803644 -0.077282
v 0.283825 0.805078 -0.078292
v 0.286261 0.805787 -0.077450
v 0.282922 0.803699 -0.084334
v 0.283838 0.805202 -0.082066
v 0.286348 0.806288 -0.082431
v 0.282921 0.802850 -0.087954
v 0.283821 0.804150 -0.087701
v 0.286287 0.805148 -0.087452
v 0.291390 0.800764 -0.091436
v 0.297067 0.802539 -0.091046
v 0.291414 0.794440 -0.072738
v 0.291320 0.799778 -0.072744
v 0.286307 0.790060 -0.076597
v 0.283910 0.791632 -0.075315
v 0.282990 0.792161 -0.076360
v 0.282801 0.801798 -0.076375
v 0.286494 0.788837 -0.081562
v 0.283942 0.790027 -0.080139
v 0.283012 0.791244 -0.081782
v 0.282802 0.801531 -0.088106
v 0.286366 0.789354 -0.086761
v 0.283917 0.790120 -0.086347
v 0.283036 0.791648 -0.088054
v 0.293520 0.790870 -0.089645
v 0.290857 0.792904 -0.090677
v 0.291548 0.795447 -0.091444
v 0.291235 0.798250 -0.091658
v 0.282941 0.799932 -0.089377
v 0.283892 0.801168 -0.090210
v 0.286336 0.800349 -0.091000
v 0.282990 0.793509 -0.088811
v 0.283926 0.793747 -0.089788
v 0.286470 0.793970 -0.090567
v 0.292053 0.789182 -0.087556
v 0.291339 0.788143 -0.083809
v 0.282863 0.793002 -0.087543
v 0.291440 0.788572 -0.078796
v 0.286339 0.801006 -0.073582
v 0.283858 0.801294 -0.074379
v 0.282931 0.801546 -0.075362
v 0.286389 0.794743 -0.073174
v 0.283951 0.793937 -0.073956
v 0.282976 0.795078 -0.074808
v 0.291644 0.790789 -0.074742
v 0.295344 0.746556 -0.074761
v 0.293423 0.747841 -0.073875
v 0.291833 0.751482 -0.072726
v 0.291569 0.754210 -0.072514
v 0.286672 0.745355 -0.077413
v 0.284225 0.746122 -0.077826
v 0.283346 0.747650 -0.076120
v 0.283112 0.757532 -0.076068
v 0.286800 0.744838 -0.082612
v 0.284251 0.746028 -0.084035
v 0.283321 0.747245 -0.082392
v 0.286614 0.746061 -0.087577
v 0.284219 0.747633 -0.088859
v 0.283299 0.748162 -0.087815
v 0.295407 0.749137 -0.091164
v 0.291701 0.750446 -0.091436
v 0.291609 0.755752 -0.091432
v 0.283240 0.757547 -0.088813
v 0.284166 0.757295 -0.089797
v 0.286646 0.757007 -0.090591
v 0.283285 0.751080 -0.089365
v 0.284259 0.749938 -0.090218
v 0.286695 0.750744 -0.091000
v 0.291945 0.746799 -0.089440
v 0.291710 0.748293 -0.090624
v 0.283110 0.757800 -0.087799
v 0.283167 0.749805 -0.088122
v 0.291582 0.744940 -0.086450
v 0.291693 0.744079 -0.081599
v 0.286642 0.756350 -0.073174
v 0.284200 0.757169 -0.073964
v 0.283250 0.755934 -0.074796
v 0.286776 0.749971 -0.073607
v 0.284234 0.749748 -0.074385
v 0.283299 0.749510 -0.075363
v 0.291696 0.744970 -0.077060
v 0.295727 0.702558 -0.074761
v 0.293793 0.703843 -0.073875
v 0.292195 0.707483 -0.072726
v 0.291930 0.710212 -0.072514
v 0.287002 0.701357 -0.077413
v 0.284541 0.702123 -0.077827
v 0.283656 0.703651 -0.076120
v 0.283421 0.713533 -0.076068
v 0.287131 0.700839 -0.082612
v 0.284566 0.702029 -0.084035
v 0.283631 0.703246 -0.082392
v 0.286944 0.702062 -0.087577
v 0.284534 0.703634 -0.088859
v 0.283609 0.704163 -0.087815
v 0.295790 0.705139 -0.091162
v 0.292062 0.706447 -0.091436
v 0.291970 0.711754 -0.091432
v 0.283550 0.713549 -0.088813
v 0.284482 0.713296 -0.089797
v 0.286976 0.713009 -0.090591
v 0.283595 0.707080 -0.089365
v 0.284575 0.705939 -0.090218
v 0.287026 0.706746 -0.091000
v 0.292307 0.702800 -0.089440
v 0.292072 0.704294 -0.090624
v 0.283419 0.713801 -0.087799
v 0.283476 0.705806 -0.088122
v 0.291942 0.700941 -0.086450
v 0.292055 0.700081 -0.081599
v 0.286972 0.712352 -0.073174
v 0.284516 0.713170 -0.073964
v 0.283560 0.711935 -0.074798
v 0.287107 0.705973 -0.073607
v 0.284550 0.705749 -0.074385
v 0.283609 0.705511 -0.075363
v 0.292057 0.700972 -0.077060
v 0.336108 0.602948 -0.049231
v 0.335926 0.596271 -0.071053
v 0.335874 0.597167 -0.077299
v 0.336047 0.600404 -0.074657
v 0.335765 0.603156 -0.088398
v 0.335972 0.597119 -0.116360
v 0.336101 0.603500 -0.092872
v 0.323404 0.542326 -0.087351
v 0.335995 0.601142 -0.078954
v 0.335681 0.592354 -0.049231
v 0.336425 0.552100 -0.072186
v 0.322331 0.594121 -0.087390
v 0.336199 0.551439 -0.089637
v 0.336432 0.552193 -0.093075
v 0.323349 0.603217 -0.076827
v 0.314621 0.603416 -0.077226
v 0.334441 0.594222 -0.076637
v 0.335223 0.594101 -0.075722
v 0.336021 0.541641 -0.071317
v 0.335946 0.542145 -0.074572
v 0.335961 0.543101 -0.088994
v 0.336011 0.542219 -0.116360
v 0.336073 0.544935 -0.090403
v 0.335962 0.544045 -0.079890
v 0.335772 0.542262 -0.075688
v 0.336687 0.496372 -0.049231
v 0.336684 0.496319 -0.091676
v 0.336686 0.496265 -0.071568
v 0.335492 0.647964 -0.071516
v 0.335310 0.644705 -0.074520
v 0.335326 0.643883 -0.089859
v 0.335431 0.643389 -0.092919
v 0.335430 0.643431 -0.116360
v 0.335492 0.649102 -0.092145
v 0.335400 0.650869 -0.087770
v 0.335395 0.650965 -0.076759
v 0.312066 0.594147 -0.079527
v 0.312303 0.594143 -0.084925
v 0.314226 0.593996 -0.086973
v 0.312035 0.550953 -0.079556
v 0.312260 0.550957 -0.084906
v 0.314548 0.551057 -0.086944
v 0.309958 0.500593 -0.077624
v 0.308559 0.500597 -0.078938
v 0.308043 0.500601 -0.080458
v 0.307978 0.500632 -0.083456
v 0.308559 0.500597 -0.085236
v 0.309958 0.500593 -0.086550
v 0.313827 0.499090 -0.076908
v 0.312790 0.499799 -0.076641
v 0.308450 0.499605 -0.080726
v 0.313827 0.499090 -0.087266
v 0.312788 0.499800 -0.087533
v 0.311473 0.592231 -0.076690
v 0.313568 0.593597 -0.076674
v 0.306912 0.590244 -0.080699
v 0.307412 0.592550 -0.080719
v 0.308824 0.593667 -0.080712
v 0.311478 0.592234 -0.087485
v 0.313582 0.593608 -0.087502
v 0.314599 0.603416 -0.086946
v 0.312822 0.603254 -0.079267
v 0.313300 0.551565 -0.076908
v 0.312510 0.552726 -0.076705
v 0.309428 0.551479 -0.080718
v 0.308146 0.552724 -0.083448
v 0.313300 0.551565 -0.087266
v 0.312510 0.552726 -0.087469
v 0.312040 0.540697 -0.076689
v 0.313151 0.541766 -0.076908
v 0.307296 0.539228 -0.083481
v 0.307752 0.540938 -0.083454
v 0.309139 0.541855 -0.080715
v 0.312043 0.540699 -0.087485
v 0.313151 0.541766 -0.087266
v 0.312766 0.542337 -0.084913
v 0.314753 0.542178 -0.086954
v 0.311914 0.542267 -0.079548
v 0.315259 0.498821 -0.086952
v 0.312786 0.498769 -0.079270
v 0.311382 0.644187 -0.076686
v 0.313638 0.644870 -0.076657
v 0.306665 0.643400 -0.080693
v 0.307186 0.644372 -0.083452
v 0.308706 0.644916 -0.084647
v 0.311384 0.644188 -0.087488
v 0.313643 0.644875 -0.087517
v 0.314249 0.645131 -0.086958
v 0.312375 0.645250 -0.079309
v 0.321888 0.645233 -0.076912
v 0.314220 0.645130 -0.077215
v 0.323698 0.498686 -0.076846
v 0.315278 0.498821 -0.077219
v 0.335926 0.499712 -0.075425
v 0.336527 0.499548 -0.075101
v 0.335822 0.498561 -0.088208
v 0.336420 0.497125 -0.087959
v 0.336903 0.457450 -0.067072
v 0.336901 0.457337 -0.105990
v 0.336858 0.423370 -0.067078
v 0.336858 0.423372 -0.103687
v 0.336850 0.423952 -0.106378
v 0.336954 0.458541 -0.063926
v 0.336949 0.458523 -0.107470
v 0.337061 0.421061 -0.063371
v 0.336962 0.422512 -0.064462
v 0.337083 0.420266 -0.107627
v 0.336995 0.422233 -0.106420
v 0.325968 0.455920 -0.065773
v 0.325003 0.455973 -0.067234
v 0.325008 0.455971 -0.103529
v 0.325976 0.455917 -0.104978
v 0.325308 0.424884 -0.066065
v 0.324885 0.424813 -0.068060
v 0.326157 0.424913 -0.105368
v 0.336686 0.423944 -0.103604
v 0.336290 0.424240 -0.103558
v 0.327047 0.456271 -0.067236
v 0.330002 0.424416 -0.103526
v 0.330394 0.424716 -0.105663
v 0.336765 0.456447 -0.105778
v 0.330340 0.424810 -0.064943
v 0.326341 0.424972 -0.065244
v 0.336765 0.456447 -0.064966
v 0.337281 0.393944 -0.063850
v 0.337194 0.384388 -0.099569
v 0.337335 0.393734 -0.105152
v 0.337233 0.397142 -0.095843
v 0.337168 0.393621 -0.095983
v 0.336162 0.375842 -0.065792
v 0.336998 0.374524 -0.065499
v 0.336219 0.371295 -0.067171
v 0.337037 0.369750 -0.067171
v 0.321798 0.386610 -0.095905
v 0.313395 0.386829 -0.095029
v 0.336048 0.389099 -0.068657
v 0.336886 0.390110 -0.068128
v 0.336151 0.376919 -0.098552
v 0.336972 0.377864 -0.099144
v 0.326331 0.381071 -0.097917
v 0.320117 0.381528 -0.097517
v 0.313833 0.381368 -0.096905
v 0.336852 0.395073 -0.075583
v 0.320773 0.391420 -0.072516
v 0.313494 0.391135 -0.073277
v 0.336191 0.366035 -0.070931
v 0.337063 0.366114 -0.069381
v 0.320505 0.365198 -0.073645
v 0.313617 0.365003 -0.075176
v 0.336842 0.396059 -0.084792
v 0.337413 0.381787 -0.059515
v 0.338000 0.328306 -0.116260
v 0.338112 0.323248 -0.054177
v 0.337568 0.359567 -0.062271
v 0.337298 0.370485 -0.065458
v 0.321076 0.394482 -0.081531
v 0.313671 0.393659 -0.080473
v 0.336092 0.384230 -0.066360
v 0.336916 0.384896 -0.065858
v 0.338119 0.323207 -0.114080
v 0.321170 0.379306 -0.066360
v 0.313619 0.380404 -0.067140
v 0.337085 0.361558 -0.079382
v 0.337497 0.358710 -0.090377
v 0.321299 0.362913 -0.082643
v 0.313883 0.363632 -0.083701
v 0.337612 0.354526 -0.116360
v 0.337478 0.365653 -0.100830
v 0.336012 0.391570 -0.093243
v 0.336885 0.391503 -0.094793
v 0.337325 0.366944 -0.097890
v 0.325089 0.392896 -0.089755
v 0.319026 0.391978 -0.090705
v 0.313426 0.392284 -0.088998
v 0.336192 0.368506 -0.095517
v 0.337045 0.367506 -0.096046
v 0.337356 0.361876 -0.091328
v 0.321061 0.373550 -0.097052
v 0.313555 0.373105 -0.096266
v 0.337370 0.360042 -0.083697
v 0.337081 0.362543 -0.088591
v 0.320997 0.366292 -0.092071
v 0.313670 0.366153 -0.090896
v 0.337363 0.360631 -0.075707
v 0.337395 0.373364 -0.062731
v 0.303745 0.375072 -0.071537
v 0.303166 0.371013 -0.091079
v 0.308661 0.373964 -0.068721
v 0.303071 0.371834 -0.089537
v 0.308609 0.375659 -0.095878
v 0.308425 0.384031 -0.068750
v 0.309010 0.386835 -0.069499
v 0.303092 0.386168 -0.073041
v 0.303586 0.387486 -0.073031
v 0.305251 0.388686 -0.072699
v 0.303050 0.387089 -0.077111
v 0.303656 0.389237 -0.079257
v 0.305299 0.390666 -0.077852
v 0.303050 0.387609 -0.083193
v 0.305287 0.391184 -0.081917
v 0.305315 0.390928 -0.085643
v 0.302974 0.385642 -0.089210
v 0.303044 0.386893 -0.090425
v 0.305171 0.389765 -0.090031
v 0.309997 0.389525 -0.092787
v 0.308389 0.390513 -0.090942
v 0.303650 0.386941 -0.091747
v 0.305207 0.386792 -0.093064
v 0.308374 0.391250 -0.089172
v 0.308535 0.392319 -0.085823
v 0.308508 0.392668 -0.081701
v 0.308572 0.390947 -0.074701
v 0.308560 0.392045 -0.077550
v 0.302976 0.385302 -0.074686
v 0.308281 0.389400 -0.071964
v 0.303665 0.385812 -0.071605
v 0.303106 0.379511 -0.073049
v 0.308731 0.369619 -0.070261
v 0.305244 0.367521 -0.074012
v 0.303733 0.368909 -0.073728
v 0.303171 0.370294 -0.073736
v 0.305447 0.366164 -0.079165
v 0.303788 0.367887 -0.078977
v 0.305467 0.366039 -0.083390
v 0.303799 0.367770 -0.083213
v 0.305433 0.366898 -0.087649
v 0.303784 0.368599 -0.088039
v 0.305297 0.368588 -0.091558
v 0.303810 0.369813 -0.091525
v 0.309411 0.370313 -0.094676
v 0.308222 0.372306 -0.095137
v 0.305304 0.371763 -0.093971
v 0.308848 0.368172 -0.092761
v 0.311687 0.369067 -0.094202
v 0.308646 0.366894 -0.090668
v 0.308689 0.365556 -0.087782
v 0.308712 0.364618 -0.083630
v 0.308663 0.364749 -0.079270
v 0.305290 0.370429 -0.071057
v 0.303756 0.370270 -0.072354
v 0.309439 0.367144 -0.072236
v 0.308459 0.366037 -0.074801
v 0.313871 0.375924 -0.067269
v 0.320157 0.375852 -0.066657
v 0.326363 0.376396 -0.066257
v 0.313510 0.370457 -0.069144
v 0.321910 0.370794 -0.068269
v 0.336909 0.387867 -0.097002
v 0.336114 0.386311 -0.097002
v 0.334159 0.386244 -0.096648
v 0.334071 0.389098 -0.069228
v 0.313644 0.376885 -0.097035
v 0.321180 0.378089 -0.097813
v 0.336938 0.383093 -0.098675
v 0.336120 0.381763 -0.098382
v 0.313608 0.392676 -0.076319
v 0.321264 0.393732 -0.077118
v 0.336865 0.393112 -0.071740
v 0.316533 0.367382 -0.071054
v 0.334190 0.366698 -0.070869
v 0.336238 0.364187 -0.073748
v 0.313483 0.393502 -0.084878
v 0.319535 0.394163 -0.084890
v 0.325607 0.394615 -0.084344
v 0.336844 0.396170 -0.080444
v 0.313477 0.384182 -0.067910
v 0.320988 0.383843 -0.067122
v 0.336959 0.379753 -0.065030
v 0.336124 0.380685 -0.065621
v 0.313692 0.363786 -0.079294
v 0.321238 0.363363 -0.078151
v 0.337088 0.361447 -0.083730
v 0.314504 0.389349 -0.093552
v 0.334020 0.390878 -0.093305
v 0.336033 0.393418 -0.090425
v 0.334216 0.368480 -0.094946
v 0.337002 0.372721 -0.098316
v 0.336169 0.373375 -0.097814
v 0.313805 0.364613 -0.087855
v 0.321354 0.363646 -0.086961
v 0.337066 0.364505 -0.092434
v 0.334295 0.365317 -0.091475
v 0.334308 0.364163 -0.089465
v 0.334236 0.372466 -0.097193
v 0.334221 0.370319 -0.096183
v 0.334083 0.392366 -0.091411
v 0.334323 0.362470 -0.082738
v 0.334319 0.362534 -0.080404
v 0.334212 0.380501 -0.065899
v 0.334182 0.382838 -0.066282
v 0.334094 0.395108 -0.081435
v 0.334090 0.395044 -0.083770
v 0.334274 0.365212 -0.072763
v 0.334105 0.392261 -0.072699
v 0.334104 0.393419 -0.074717
v 0.334203 0.381779 -0.098081
v 0.334228 0.379440 -0.098337
v 0.334101 0.387259 -0.067991
v 0.334185 0.384046 -0.097521
v 0.334281 0.366745 -0.093311
v 0.334225 0.388829 -0.095145
v 0.334323 0.362725 -0.085054
v 0.334085 0.393501 -0.089386
v 0.334292 0.364077 -0.074788
v 0.334097 0.394853 -0.079120
v 0.334111 0.390832 -0.070861
v 0.334238 0.374740 -0.097891
v 0.334366 0.368750 -0.069029
v 0.334259 0.373532 -0.066653
v 0.334237 0.378138 -0.065837
v 0.336816 0.467730 -0.116360
v 0.336860 0.464701 -0.061881
v 0.336845 0.466620 -0.108310
v 0.336900 0.456748 -0.064389
v 0.336916 0.455491 -0.106868
v 0.322762 0.452486 -0.068086
v 0.323016 0.454373 -0.068063
v 0.323690 0.455432 -0.068055
v 0.322763 0.452486 -0.102670
v 0.323018 0.454372 -0.102695
v 0.323705 0.455428 -0.103538
v 0.325084 0.454054 -0.064951
v 0.326056 0.455339 -0.064964
v 0.325085 0.454056 -0.105795
v 0.326057 0.455344 -0.105783
v 0.335444 0.424355 -0.067226
v 0.335547 0.456471 -0.103563
v 0.335359 0.424673 -0.105694
v 0.335454 0.424357 -0.103548
v 0.335359 0.424673 -0.065051
v 0.335562 0.456475 -0.067223
v 0.335789 0.542733 -0.087740
v 0.335156 0.542434 -0.087487
v 0.323530 0.500574 -0.088577
v 0.323346 0.542326 -0.076823
v 0.336403 0.496820 -0.076514
v 0.335825 0.498102 -0.076688
v 0.334263 0.498657 -0.076636
v 0.317030 0.499781 -0.076018
v 0.323531 0.500573 -0.075599
v 0.323646 0.498686 -0.087328
v 0.334166 0.498389 -0.084658
v 0.334315 0.498967 -0.088214
v 0.333730 0.540694 -0.075582
v 0.333625 0.542633 -0.084653
v 0.333523 0.542330 -0.087390
v 0.334352 0.498951 -0.075972
v 0.334327 0.499737 -0.075552
v 0.333552 0.542573 -0.078197
v 0.335736 0.550498 -0.087959
v 0.334671 0.550844 -0.087614
v 0.322702 0.550930 -0.076672
v 0.335321 0.594578 -0.087743
v 0.334466 0.594238 -0.087502
v 0.332781 0.594056 -0.087583
v 0.322291 0.594052 -0.076651
v 0.332831 0.594361 -0.086006
v 0.332799 0.594416 -0.079523
v 0.332794 0.592255 -0.075578
v 0.332801 0.592252 -0.088595
v 0.333140 0.550419 -0.079462
v 0.333113 0.550777 -0.076772
v 0.333161 0.550601 -0.086560
v 0.333211 0.550421 -0.084763
v 0.322765 0.645224 -0.087351
v 0.332963 0.645463 -0.078304
v 0.323291 0.603217 -0.087347
v 0.335786 0.602713 -0.076452
v 0.335114 0.603045 -0.076693
v 0.335207 0.646770 -0.076215
v 0.334542 0.645615 -0.076497
v 0.332826 0.645179 -0.076589
v 0.318230 0.602994 -0.084766
v 0.333497 0.602862 -0.079431
v 0.333439 0.603166 -0.076788
v 0.333059 0.644881 -0.088226
v 0.333076 0.644183 -0.088597
v 0.333630 0.602893 -0.085840
v 0.333447 0.604798 -0.088589
v 0.332953 0.645462 -0.085029
v 0.333077 0.645241 -0.087484
v 0.330196 0.645423 -0.079485
v 0.332996 0.644193 -0.075579
v 0.332847 0.644889 -0.075964
v 0.300043 0.719424 -0.079979
v 0.312156 0.719771 -0.079902
v 0.309996 0.717859 -0.075734
v 0.330761 0.714663 -0.072885
v 0.299429 0.710006 -0.072165
v 0.311075 0.709946 -0.071943
v 0.310174 0.705217 -0.072923
v 0.334796 0.701234 -0.074236
v 0.333708 0.701449 -0.075323
v 0.299345 0.699917 -0.079522
v 0.310917 0.699717 -0.079659
v 0.334719 0.714695 -0.092077
v 0.333656 0.713306 -0.091928
v 0.330863 0.713819 -0.091527
v 0.307537 0.705001 -0.091262
v 0.330822 0.705089 -0.091293
v 0.334749 0.708021 -0.092873
v 0.333679 0.708420 -0.092413
v 0.330904 0.709771 -0.092290
v 0.330794 0.717315 -0.089398
v 0.334651 0.721908 -0.083570
v 0.333583 0.720495 -0.084473
v 0.330782 0.719697 -0.085568
v 0.300180 0.699889 -0.084197
v 0.311539 0.699535 -0.083139
v 0.333738 0.701312 -0.088473
v 0.331008 0.715442 -0.090786
v 0.330781 0.720176 -0.083293
v 0.330811 0.719031 -0.077259
v 0.330813 0.719672 -0.078751
v 0.330958 0.701037 -0.087514
v 0.330956 0.700085 -0.085429
v 0.330775 0.718720 -0.087676
v 0.330909 0.707370 -0.092056
v 0.330878 0.712139 -0.092033
v 0.330959 0.699525 -0.082052
v 0.330913 0.699758 -0.079741
v 0.330968 0.702933 -0.074354
v 0.331069 0.704302 -0.073391
v 0.330909 0.707608 -0.072140
v 0.330903 0.709976 -0.071883
v 0.330935 0.700482 -0.077535
v 0.330820 0.701728 -0.075539
v 0.330875 0.712375 -0.072120
v 0.330923 0.703634 -0.090403
v 0.330949 0.702414 -0.089342
v 0.330838 0.716509 -0.074058
v 0.330831 0.718083 -0.075715
v 0.309649 0.745593 -0.088442
v 0.330271 0.761320 -0.089388
v 0.298803 0.763383 -0.084651
v 0.310307 0.763746 -0.084514
v 0.299024 0.754004 -0.072165
v 0.310608 0.753944 -0.071943
v 0.299634 0.763422 -0.079979
v 0.310927 0.763937 -0.081035
v 0.309709 0.749214 -0.072923
v 0.334395 0.744860 -0.074362
v 0.333274 0.745323 -0.075338
v 0.330398 0.746429 -0.074776
v 0.298941 0.743915 -0.079521
v 0.310451 0.743714 -0.079659
v 0.334414 0.742381 -0.085168
v 0.333288 0.743321 -0.084199
v 0.334315 0.758743 -0.092062
v 0.333200 0.757307 -0.091927
v 0.330363 0.757816 -0.091527
v 0.309536 0.761856 -0.075734
v 0.334287 0.761356 -0.072981
v 0.333162 0.760540 -0.073545
v 0.330252 0.758660 -0.072883
v 0.307087 0.748999 -0.091263
v 0.330328 0.749079 -0.091288
v 0.334342 0.752013 -0.092872
v 0.333221 0.752414 -0.092411
v 0.330405 0.753768 -0.092290
v 0.330412 0.751369 -0.092056
v 0.330319 0.760128 -0.073778
v 0.330328 0.761347 -0.074838
v 0.330379 0.756136 -0.092033
v 0.330450 0.743578 -0.083189
v 0.330426 0.743567 -0.080881
v 0.330589 0.748304 -0.073389
v 0.330320 0.763661 -0.078713
v 0.330410 0.751605 -0.072140
v 0.330404 0.753974 -0.071883
v 0.330278 0.764172 -0.083294
v 0.330277 0.762717 -0.087668
v 0.330399 0.745023 -0.076497
v 0.330375 0.756374 -0.072120
v 0.330432 0.747235 -0.090116
v 0.330447 0.745661 -0.088459
v 0.330493 0.759444 -0.090782
v 0.330440 0.744713 -0.086915
v 0.330452 0.744072 -0.085423
v 0.334061 0.794607 -0.092525
v 0.332959 0.793492 -0.091577
v 0.330160 0.793361 -0.091317
v 0.299064 0.787725 -0.081187
v 0.310684 0.787530 -0.081051
v 0.298512 0.788207 -0.085786
v 0.309686 0.788007 -0.085597
v 0.334108 0.788161 -0.088957
v 0.332977 0.789306 -0.088732
v 0.330037 0.790043 -0.088977
v 0.297993 0.805522 -0.088484
v 0.309157 0.805843 -0.088454
v 0.298580 0.799289 -0.091942
v 0.309806 0.799114 -0.092166
v 0.333984 0.805469 -0.091751
v 0.332916 0.803323 -0.091479
v 0.330061 0.802631 -0.091315
v 0.298922 0.807577 -0.082987
v 0.310129 0.807770 -0.084130
v 0.298377 0.807087 -0.078388
v 0.309548 0.807445 -0.078578
v 0.306541 0.791991 -0.073468
v 0.330049 0.793083 -0.072881
v 0.334116 0.786697 -0.077746
v 0.332988 0.788479 -0.076771
v 0.329865 0.805700 -0.075186
v 0.298069 0.802237 -0.073155
v 0.309246 0.802248 -0.072931
v 0.334050 0.796055 -0.071296
v 0.332947 0.796447 -0.071757
v 0.330138 0.797767 -0.071883
v 0.330175 0.795380 -0.072116
v 0.330164 0.788064 -0.078761
v 0.330144 0.789012 -0.076680
v 0.330118 0.795618 -0.092036
v 0.330086 0.800122 -0.072138
v 0.329986 0.804452 -0.074047
v 0.330128 0.790378 -0.074856
v 0.330106 0.791601 -0.073786
v 0.329961 0.806495 -0.076143
v 0.329985 0.807300 -0.077514
v 0.330011 0.808274 -0.081921
v 0.325127 0.808075 -0.083276
v 0.330221 0.800346 -0.092062
v 0.330003 0.808018 -0.084311
v 0.330013 0.807284 -0.086510
v 0.330139 0.789020 -0.087666
v 0.330163 0.788052 -0.085573
v 0.325127 0.805208 -0.089388
v 0.330090 0.804543 -0.090141
v 0.330143 0.787568 -0.083298
v 0.330173 0.787577 -0.080983
v 0.330145 0.791344 -0.090162
v 0.335967 0.604130 -0.089662
v 0.314084 0.603803 -0.076682
v 0.312209 0.604864 -0.076653
v 0.309215 0.603761 -0.083456
v 0.307813 0.604671 -0.083450
v 0.307269 0.606383 -0.080724
v 0.314074 0.603811 -0.087490
v 0.312205 0.604866 -0.087521
v 0.333460 0.604802 -0.075584
v 0.333725 0.540697 -0.088591
v 0.336911 0.425320 -0.063808
v 0.322914 0.426191 -0.068060
v 0.322674 0.427950 -0.068064
v 0.322913 0.426191 -0.102677
v 0.323597 0.425260 -0.103544
v 0.322673 0.427951 -0.102673
v 0.325913 0.425306 -0.064968
v 0.325017 0.426372 -0.064960
v 0.325909 0.425312 -0.105774
v 0.325015 0.426374 -0.105785
v 0.336760 0.454445 -0.106698
v 0.336770 0.455774 -0.106413
v 0.336264 0.454126 -0.106598
v 0.336262 0.455430 -0.106316
v 0.337562 0.360711 -0.103913
v 0.318238 0.542567 -0.079408
v 0.322251 0.644886 -0.076037
v 0.321573 0.644208 -0.075682
v 0.315451 0.644202 -0.076066
v 0.323408 0.499539 -0.075734
v 0.320059 0.499025 -0.076151
v 0.336433 0.552170 -0.116360
v 0.335425 0.643484 -0.072404
v 0.323026 0.542613 -0.084772
v 0.335494 0.647692 -0.116360
v 0.334934 0.728009 -0.089232
v 0.310173 0.744379 -0.086328
v 0.299332 0.744573 -0.086411
v 0.303427 0.791092 -0.090006
v 0.311303 0.716324 -0.074086
v 0.299813 0.716834 -0.074811
v 0.302927 0.702524 -0.089492
v 0.305689 0.703562 -0.090390
v 0.310582 0.787529 -0.083344
v 0.299064 0.787728 -0.083502
v 0.310810 0.760286 -0.090085
v 0.299425 0.759327 -0.090512
v 0.311487 0.713917 -0.072682
v 0.303895 0.712359 -0.072263
v 0.302501 0.746522 -0.089492
v 0.305250 0.747560 -0.090388
v 0.304553 0.804299 -0.090035
v 0.304302 0.788949 -0.087662
v 0.305463 0.701251 -0.076085
v 0.310775 0.700442 -0.077479
v 0.299788 0.700597 -0.077344
v 0.310024 0.807014 -0.086491
v 0.299083 0.807118 -0.085367
v 0.334755 0.750555 -0.095492
v 0.304616 0.801334 -0.091672
v 0.311018 0.757915 -0.072682
v 0.303465 0.756357 -0.072263
v 0.310415 0.807964 -0.082539
v 0.310439 0.807935 -0.080829
v 0.298924 0.807574 -0.080672
v 0.312384 0.707520 -0.072182
v 0.300236 0.707480 -0.072383
v 0.305021 0.745249 -0.076085
v 0.310313 0.744439 -0.077481
v 0.299379 0.744595 -0.077344
v 0.304576 0.806466 -0.076566
v 0.310174 0.763019 -0.086695
v 0.299254 0.762709 -0.086830
v 0.311371 0.703183 -0.074089
v 0.311281 0.699504 -0.081394
v 0.299789 0.699672 -0.081846
v 0.312350 0.711966 -0.091992
v 0.300206 0.711835 -0.091791
v 0.310665 0.763964 -0.082782
v 0.299244 0.763634 -0.082328
v 0.311907 0.751518 -0.072182
v 0.299826 0.751478 -0.072383
v 0.334789 0.750693 -0.068257
v 0.334998 0.710848 -0.093954
v 0.303718 0.790734 -0.074475
v 0.304404 0.804181 -0.074078
v 0.303932 0.707008 -0.091911
v 0.311101 0.763497 -0.078927
v 0.310670 0.762768 -0.077194
v 0.299204 0.762731 -0.077763
v 0.310901 0.747181 -0.074089
v 0.310947 0.743471 -0.081983
v 0.299384 0.743670 -0.081846
v 0.311875 0.755964 -0.091992
v 0.299796 0.755833 -0.091791
v 0.310838 0.760321 -0.074086
v 0.299407 0.760832 -0.074811
v 0.303934 0.800473 -0.072391
v 0.310635 0.798742 -0.072004
v 0.299003 0.798523 -0.072213
v 0.310637 0.719021 -0.086695
v 0.299660 0.718711 -0.086830
v 0.312406 0.700018 -0.085396
v 0.311266 0.700700 -0.086979
v 0.299740 0.700574 -0.086411
v 0.303501 0.751006 -0.091911
v 0.286525 0.803783 -0.089502
v 0.283973 0.803268 -0.089147
v 0.283063 0.802114 -0.089241
v 0.284868 0.802516 -0.090058
v 0.287871 0.802246 -0.090708
v 0.283900 0.797414 -0.090280
v 0.286444 0.797091 -0.091056
v 0.284064 0.790417 -0.087637
v 0.284053 0.791918 -0.089158
v 0.284950 0.790735 -0.088581
v 0.287955 0.789990 -0.088394
v 0.286613 0.791545 -0.089618
v 0.286390 0.805921 -0.085234
v 0.283845 0.804896 -0.085224
v 0.283947 0.789862 -0.083473
v 0.286452 0.788868 -0.084292
v 0.286351 0.806264 -0.079935
v 0.283900 0.790570 -0.077537
v 0.286441 0.789262 -0.078770
v 0.287791 0.805159 -0.075788
v 0.286557 0.803589 -0.074555
v 0.284855 0.804369 -0.075593
v 0.283974 0.803174 -0.075016
v 0.283964 0.804675 -0.076539
v 0.283054 0.803394 -0.075954
v 0.286402 0.797909 -0.073120
v 0.283891 0.797532 -0.073896
v 0.287979 0.792893 -0.073468
v 0.284937 0.792588 -0.074116
v 0.286618 0.791361 -0.074657
v 0.283127 0.792965 -0.074933
v 0.284272 0.760676 -0.087637
v 0.283363 0.759395 -0.088220
v 0.288095 0.761161 -0.088386
v 0.285162 0.760370 -0.088581
v 0.284282 0.759175 -0.089158
v 0.286863 0.759590 -0.089618
v 0.284199 0.753533 -0.090278
v 0.286709 0.753909 -0.091054
v 0.283436 0.748966 -0.089241
v 0.286924 0.747362 -0.089517
v 0.285245 0.748589 -0.090058
v 0.287647 0.749340 -0.090792
v 0.286657 0.762266 -0.084240
v 0.286747 0.745264 -0.085403
v 0.284208 0.746571 -0.086637
v 0.286696 0.761922 -0.078940
v 0.284154 0.760897 -0.078950
v 0.286758 0.744869 -0.079882
v 0.284255 0.745864 -0.080701
v 0.288176 0.758247 -0.073466
v 0.286831 0.759784 -0.074672
v 0.285175 0.758517 -0.074116
v 0.284282 0.759269 -0.075027
v 0.283372 0.758115 -0.074933
v 0.286750 0.753092 -0.073118
v 0.284208 0.753415 -0.073894
v 0.286919 0.747546 -0.074555
v 0.288260 0.745991 -0.075780
v 0.284361 0.747919 -0.075016
v 0.285258 0.746736 -0.075593
v 0.284372 0.746418 -0.076539
v 0.284588 0.716677 -0.087637
v 0.283674 0.715396 -0.088220
v 0.288435 0.717162 -0.088386
v 0.285484 0.716372 -0.088581
v 0.284599 0.715176 -0.089158
v 0.287195 0.715591 -0.089618
v 0.284514 0.709534 -0.090278
v 0.287039 0.709911 -0.091054
v 0.283747 0.704967 -0.089241
v 0.287256 0.703364 -0.089517
v 0.285567 0.704590 -0.090058
v 0.287984 0.705341 -0.090792
v 0.286988 0.718267 -0.084240
v 0.287078 0.701265 -0.085403
v 0.284524 0.702572 -0.086637
v 0.287027 0.717924 -0.078940
v 0.284469 0.716898 -0.078950
v 0.287089 0.700871 -0.079883
v 0.284571 0.701865 -0.080703
v 0.288516 0.714249 -0.073466
v 0.287163 0.715785 -0.074672
v 0.285497 0.714518 -0.074116
v 0.284598 0.715271 -0.075027
v 0.283683 0.714116 -0.074933
v 0.287081 0.709093 -0.073118
v 0.284524 0.709416 -0.073894
v 0.287251 0.703547 -0.074555
v 0.288600 0.701992 -0.075780
v 0.284678 0.703920 -0.075016
v 0.285580 0.702737 -0.075593
v 0.284688 0.702419 -0.076539
v 0.310503 0.719080 -0.077846
v 0.299611 0.718733 -0.077763
v 0.303973 0.794898 -0.091784
v 0.310648 0.796724 -0.092170
v 0.299015 0.796779 -0.091961
v 0.310152 0.788444 -0.077682
v 0.311036 0.787861 -0.079342
v 0.299216 0.788187 -0.078807
v 0.311270 0.719998 -0.082190
v 0.299650 0.719636 -0.082328
v 0.304275 0.793984 -0.072527
v 0.311278 0.716288 -0.090085
v 0.299833 0.715329 -0.090512
v 0.336102 0.603370 -0.116360
v 0.336054 0.600646 -0.089764
v 0.318181 0.645392 -0.084915
v 0.322714 0.552660 -0.075719
v 0.319341 0.551464 -0.076147
v 0.316462 0.552709 -0.076097
v 0.319160 0.550709 -0.077720
v 0.318537 0.550563 -0.079259
v 0.336100 0.603376 -0.071417
v 0.335724 0.593153 -0.116360
v 0.335680 0.590197 -0.116360
v 0.335473 0.591874 -0.089880
v 0.335678 0.590205 -0.092824
v 0.322453 0.540744 -0.088494
v 0.319286 0.541810 -0.088025
v 0.316152 0.540707 -0.088108
v 0.321404 0.592273 -0.088492
v 0.322088 0.593629 -0.088135
v 0.315436 0.592254 -0.088108
v 0.322724 0.604830 -0.075667
v 0.322833 0.603739 -0.076039
v 0.316398 0.604849 -0.076037
v 0.322025 0.593628 -0.076039
v 0.321406 0.592267 -0.075682
v 0.315430 0.592245 -0.076066
v 0.309990 0.552723 -0.077674
v 0.311094 0.551538 -0.077780
v 0.308691 0.552712 -0.078956
v 0.309929 0.551496 -0.078989
v 0.308212 0.552706 -0.080463
v 0.309758 0.551479 -0.084927
v 0.308691 0.552712 -0.085218
v 0.309990 0.552723 -0.086500
v 0.311094 0.551538 -0.086394
v 0.310307 0.644883 -0.077780
v 0.309082 0.644363 -0.077674
v 0.308603 0.643394 -0.077628
v 0.308963 0.644922 -0.079220
v 0.307749 0.644374 -0.078956
v 0.307222 0.643398 -0.078940
v 0.307257 0.644379 -0.080463
v 0.306713 0.643399 -0.083712
v 0.307749 0.644374 -0.085218
v 0.307222 0.643398 -0.085234
v 0.310307 0.644883 -0.086394
v 0.309082 0.644363 -0.086500
v 0.308603 0.643394 -0.086546
v 0.307338 0.606324 -0.083712
v 0.307847 0.606323 -0.085234
v 0.308377 0.604661 -0.085218
v 0.309728 0.603775 -0.085184
v 0.309228 0.606322 -0.086546
v 0.309711 0.604671 -0.086500
v 0.310919 0.603812 -0.086394
v 0.309228 0.606322 -0.077628
v 0.309711 0.604671 -0.077674
v 0.310919 0.603812 -0.077780
v 0.307847 0.606323 -0.078940
v 0.308377 0.604661 -0.078956
v 0.309559 0.603761 -0.079238
v 0.307884 0.604657 -0.080463
v 0.309163 0.593667 -0.084950
v 0.307479 0.592564 -0.083710
v 0.306958 0.590240 -0.083712
v 0.307956 0.592558 -0.085218
v 0.307452 0.590238 -0.085234
v 0.310466 0.593614 -0.086394
v 0.309251 0.592544 -0.086500
v 0.308793 0.590234 -0.086546
v 0.310466 0.593614 -0.077780
v 0.309251 0.592544 -0.077674
v 0.308793 0.590234 -0.077628
v 0.309317 0.593652 -0.078989
v 0.307956 0.592558 -0.078956
v 0.307452 0.590238 -0.078940
v 0.308521 0.499595 -0.083710
v 0.310160 0.499045 -0.084948
v 0.309019 0.499598 -0.085218
v 0.310370 0.499603 -0.086500
v 0.311535 0.499077 -0.086394
v 0.310370 0.499603 -0.077674
v 0.311535 0.499077 -0.077780
v 0.309019 0.499598 -0.078956
v 0.309906 0.499052 -0.079533
v 0.321964 0.594344 -0.078172
v 0.319945 0.499024 -0.088016
v 0.323392 0.499539 -0.088440
v 0.317027 0.499783 -0.088155
v 0.322550 0.551446 -0.088122
v 0.322694 0.552662 -0.088454
v 0.316845 0.551525 -0.087797
v 0.316462 0.552709 -0.088077
v 0.321962 0.594402 -0.084682
v 0.319028 0.498534 -0.084616
v 0.321578 0.644209 -0.088494
v 0.322281 0.644887 -0.088137
v 0.315454 0.644204 -0.088110
v 0.319407 0.498540 -0.079261
v 0.322976 0.602925 -0.079402
v 0.336903 0.425393 -0.106932
v 0.323758 0.426393 -0.065665
v 0.324402 0.425314 -0.065777
v 0.323096 0.426401 -0.066628
v 0.323588 0.425259 -0.067223
v 0.330222 0.456232 -0.105055
v 0.330179 0.456447 -0.103525
v 0.327048 0.456267 -0.103540
v 0.323096 0.426401 -0.104119
v 0.323758 0.426393 -0.105080
v 0.324402 0.425314 -0.104968
v 0.328477 0.424617 -0.065732
v 0.330093 0.424415 -0.067196
v 0.326933 0.424572 -0.067217
v 0.330215 0.456232 -0.065690
v 0.329893 0.426375 -0.064227
v 0.330152 0.425248 -0.064491
v 0.326930 0.426406 -0.064510
v 0.337325 0.386697 -0.101613
v 0.321585 0.373149 -0.067273
v 0.313779 0.372758 -0.068134
v 0.321411 0.368509 -0.069763
v 0.321155 0.375802 -0.097586
v 0.320636 0.389234 -0.070053
v 0.313632 0.389745 -0.071290
v 0.321249 0.394267 -0.079353
v 0.337203 0.400285 -0.080549
v 0.321183 0.364043 -0.075987
v 0.321202 0.393593 -0.087595
v 0.321469 0.363130 -0.084820
v 0.321270 0.388888 -0.094411
v 0.320785 0.368155 -0.094120
v 0.313789 0.367545 -0.092884
v 0.321506 0.384251 -0.096901
v 0.313696 0.384532 -0.096040
v 0.319952 0.386509 -0.068228
v 0.313589 0.386746 -0.068871
v 0.321118 0.392864 -0.074964
v 0.322022 0.366241 -0.071991
v 0.313757 0.366556 -0.072313
v 0.321114 0.381593 -0.066587
v 0.321270 0.362986 -0.080377
v 0.321844 0.391164 -0.092183
v 0.313586 0.390733 -0.091863
v 0.320063 0.370870 -0.095946
v 0.313702 0.370543 -0.095305
v 0.321179 0.364404 -0.088915
v 0.322103 0.365095 -0.090357
v 0.337499 0.358360 -0.074116
v 0.337611 0.354602 -0.049231
v 0.305412 0.377229 -0.069572
v 0.303723 0.378450 -0.092909
v 0.305380 0.378701 -0.094641
v 0.306211 0.389230 -0.092002
v 0.304313 0.388270 -0.091670
v 0.305893 0.388163 -0.092757
v 0.303669 0.383416 -0.092425
v 0.305342 0.383443 -0.094056
v 0.303589 0.388379 -0.090201
v 0.303645 0.389371 -0.084072
v 0.305298 0.389643 -0.074809
v 0.306242 0.387795 -0.070839
v 0.305224 0.386246 -0.070396
v 0.304322 0.387005 -0.071408
v 0.305350 0.381861 -0.069697
v 0.303728 0.380423 -0.071236
v 0.303744 0.371335 -0.092571
v 0.305397 0.375506 -0.094473
v 0.304440 0.370154 -0.092766
v 0.306599 0.369402 -0.093423
v 0.306017 0.370529 -0.093897
v 0.303177 0.369526 -0.083110
v 0.305413 0.374030 -0.070080
v 0.306028 0.369018 -0.071418
v 0.306591 0.367950 -0.072086
v 0.304449 0.368889 -0.072504
v 0.336244 0.364303 -0.090562
v 0.336182 0.371064 -0.096946
v 0.336859 0.393561 -0.092116
v 0.336254 0.362107 -0.081444
v 0.336019 0.395499 -0.082730
v 0.337066 0.364056 -0.072059
v 0.336040 0.393303 -0.073612
v 0.336073 0.386541 -0.067227
v 0.336233 0.366393 -0.093490
v 0.336072 0.389554 -0.095069
v 0.336254 0.362591 -0.086162
v 0.336846 0.395308 -0.088120
v 0.336011 0.394752 -0.087249
v 0.337078 0.362308 -0.076054
v 0.336235 0.362853 -0.076925
v 0.336026 0.395014 -0.078014
v 0.336058 0.391212 -0.070684
v 0.336223 0.368052 -0.069105
v 0.336397 0.456584 -0.067192
v 0.336773 0.456875 -0.103621
v 0.336273 0.456295 -0.105077
v 0.336397 0.456583 -0.103563
v 0.336686 0.423946 -0.067128
v 0.336289 0.424240 -0.067190
v 0.336273 0.456295 -0.065669
v 0.336703 0.425992 -0.064036
v 0.336194 0.426304 -0.064147
v 0.336150 0.425168 -0.064431
v 0.330228 0.454100 -0.106529
v 0.330246 0.455389 -0.106256
v 0.327164 0.454108 -0.106256
v 0.336381 0.495955 -0.079514
v 0.335756 0.497718 -0.079390
v 0.336379 0.496103 -0.085608
v 0.335761 0.497798 -0.085996
v 0.336450 0.498175 -0.088658
v 0.336525 0.499485 -0.089068
v 0.335900 0.499716 -0.088741
v 0.335796 0.540708 -0.089048
v 0.335784 0.541996 -0.088658
v 0.335200 0.540702 -0.088718
v 0.334993 0.541826 -0.088253
v 0.335790 0.543161 -0.084591
v 0.335176 0.542779 -0.084622
v 0.336450 0.498175 -0.075516
v 0.335834 0.498732 -0.075844
v 0.335792 0.543068 -0.078004
v 0.335154 0.542702 -0.078126
v 0.335355 0.594991 -0.084523
v 0.334551 0.594571 -0.084651
v 0.335812 0.551453 -0.088791
v 0.334757 0.551389 -0.088251
v 0.334838 0.552639 -0.088583
v 0.335348 0.594897 -0.078031
v 0.334545 0.594556 -0.079246
v 0.335119 0.592219 -0.075110
v 0.334167 0.593633 -0.075917
v 0.334359 0.592248 -0.075448
v 0.335116 0.592212 -0.089064
v 0.335215 0.593821 -0.088658
v 0.334364 0.592231 -0.088730
v 0.334186 0.593629 -0.088261
v 0.335638 0.549874 -0.079570
v 0.334869 0.550260 -0.079541
v 0.335815 0.551408 -0.075388
v 0.334843 0.552635 -0.075591
v 0.334782 0.551381 -0.075925
v 0.335661 0.549974 -0.086147
v 0.334850 0.550348 -0.086031
v 0.335774 0.602271 -0.079602
v 0.335131 0.602689 -0.079558
v 0.335117 0.644182 -0.089075
v 0.334525 0.644188 -0.088739
v 0.334511 0.645126 -0.088330
v 0.335779 0.602370 -0.086160
v 0.335109 0.602769 -0.086052
v 0.335758 0.604706 -0.075143
v 0.335782 0.603484 -0.075516
v 0.335081 0.604791 -0.075464
v 0.334944 0.603676 -0.075913
v 0.335214 0.647869 -0.085790
v 0.334565 0.646162 -0.084807
v 0.335209 0.647821 -0.078688
v 0.334549 0.646080 -0.078354
v 0.335175 0.645695 -0.075516
v 0.335112 0.644286 -0.075112
v 0.334511 0.645126 -0.075844
v 0.334492 0.644240 -0.075448
v 0.333733 0.716275 -0.090641
v 0.333591 0.720708 -0.082273
v 0.333604 0.719750 -0.077770
v 0.334814 0.699236 -0.086525
v 0.333742 0.700169 -0.086471
v 0.334662 0.720886 -0.087504
v 0.333591 0.719823 -0.086662
v 0.334769 0.705065 -0.092284
v 0.333687 0.705916 -0.091896
v 0.334733 0.710757 -0.092890
v 0.333667 0.710888 -0.092411
v 0.333744 0.699217 -0.081948
v 0.333810 0.703537 -0.073528
v 0.334745 0.709043 -0.071284
v 0.333681 0.708897 -0.071765
v 0.334815 0.699536 -0.076518
v 0.333735 0.700125 -0.077521
v 0.334704 0.714731 -0.071925
v 0.333636 0.713872 -0.072288
v 0.334801 0.701217 -0.089679
v 0.334367 0.749080 -0.092255
v 0.333236 0.749913 -0.091886
v 0.334269 0.763249 -0.074688
v 0.334327 0.754757 -0.092890
v 0.333211 0.754886 -0.092411
v 0.333286 0.743076 -0.081904
v 0.333373 0.747511 -0.073533
v 0.334255 0.765034 -0.077552
v 0.333148 0.763762 -0.077692
v 0.334339 0.753039 -0.071284
v 0.333225 0.752894 -0.071765
v 0.334246 0.765904 -0.082073
v 0.333123 0.764695 -0.082695
v 0.334266 0.764425 -0.087857
v 0.333140 0.763200 -0.087724
v 0.334412 0.742911 -0.076676
v 0.333274 0.743962 -0.077510
v 0.334296 0.758850 -0.071925
v 0.333177 0.757908 -0.072290
v 0.333232 0.759546 -0.091006
v 0.333286 0.744034 -0.086404
v 0.334080 0.793069 -0.071871
v 0.332979 0.793946 -0.072259
v 0.332997 0.787590 -0.078854
v 0.332940 0.795747 -0.092239
v 0.332921 0.798847 -0.071763
v 0.333984 0.804185 -0.072781
v 0.332877 0.805312 -0.074180
v 0.332895 0.803683 -0.073230
v 0.334104 0.788405 -0.074869
v 0.332977 0.789783 -0.074925
v 0.333946 0.810520 -0.076672
v 0.332842 0.808308 -0.077491
v 0.332966 0.800479 -0.092266
v 0.332851 0.808332 -0.086392
v 0.332996 0.788009 -0.086637
v 0.333966 0.808466 -0.090091
v 0.332869 0.805484 -0.090230
v 0.334087 0.790359 -0.090660
v 0.332976 0.791058 -0.090284
v 0.335757 0.604692 -0.089029
v 0.334927 0.603680 -0.088259
v 0.335072 0.604771 -0.088706
v 0.322796 0.603740 -0.088135
v 0.322714 0.604833 -0.088508
v 0.316393 0.604852 -0.088137
v 0.335796 0.540667 -0.075124
v 0.334971 0.541819 -0.075919
v 0.335199 0.540687 -0.075456
v 0.310861 0.541797 -0.077780
v 0.309669 0.540929 -0.077674
v 0.309255 0.539222 -0.077628
v 0.309657 0.541838 -0.078989
v 0.308320 0.540944 -0.078956
v 0.307859 0.539226 -0.078940
v 0.307822 0.540951 -0.080463
v 0.307345 0.539228 -0.080462
v 0.309494 0.541854 -0.084944
v 0.308320 0.540944 -0.085218
v 0.307859 0.539226 -0.085234
v 0.310861 0.541797 -0.086394
v 0.309669 0.540929 -0.086500
v 0.309255 0.539222 -0.086546
v 0.319144 0.541813 -0.076157
v 0.322445 0.540742 -0.075682
v 0.316147 0.540702 -0.076068
v 0.335957 0.541010 -0.089753
v 0.336021 0.541676 -0.092909
v 0.330133 0.425249 -0.106256
v 0.329890 0.426378 -0.106517
v 0.326927 0.426411 -0.106235
v 0.336705 0.425982 -0.106708
v 0.336150 0.425168 -0.106316
v 0.336195 0.426304 -0.106598
v 0.324249 0.455395 -0.066036
v 0.323798 0.454095 -0.065711
v 0.323148 0.454109 -0.066730
v 0.323148 0.454109 -0.104015
v 0.324511 0.455352 -0.104968
v 0.323798 0.454095 -0.105034
v 0.330233 0.455388 -0.064491
v 0.330224 0.454097 -0.064215
v 0.327163 0.454105 -0.064489
v 0.336770 0.455774 -0.064331
v 0.336878 0.454490 -0.063966
v 0.336262 0.455430 -0.064429
v 0.336265 0.454126 -0.064148
v -1.000000 0.124631 0.048689
v 1.000000 0.124631 0.048689
v 1.000000 1.315810 0.048689
v -1.000000 1.315810 0.048689
v -0.986520 1.300255 0.062591
v -0.986520 0.160798 0.062591
v 0.986520 0.160798 0.062591
v 0.986520 1.300255 0.062591
v -1.000000 0.124631 0.069792
v 1.000000 1.315810 0.069792
v -0.986520 1.300255 0.069792
v -0.986520 0.160798 0.069792
v 0.986520 0.160798 0.069792
v 0.986520 1.300255 0.069792
v -1.000000 1.315810 0.069792
v 1.000000 0.124631 0.069792
v -0.401692 0.263291 -0.050669
v -0.986520 0.143434 0.040130
v 0.986520 0.143434 0.040130
v -0.763716 1.145459 -0.050669
v -0.428913 0.216813 -0.050670
v 0.449107 0.218028 -0.050670
v -0.341097 0.310375 -0.119377
v -0.313721 1.028438 -0.050669
v -0.401692 0.960500 -0.050669
v -0.327482 1.027601 -0.050669
v -0.340905 1.025112 -0.050669
v -0.353659 1.021033 -0.050669
v -0.365429 1.015463 -0.050669
v -0.375926 1.008539 -0.050669
v -0.384891 1.000433 -0.050669
v -0.392104 0.991343 -0.050669
v -0.397387 0.981494 -0.050669
v -0.400609 0.971128 -0.050669
v 0.313721 1.028438 -0.050669
v 0.400609 0.971128 -0.050669
v 0.397387 0.981494 -0.050669
v 0.392104 0.991343 -0.050669
v 0.384891 1.000433 -0.050669
v 0.375926 1.008539 -0.050669
v 0.365429 1.015463 -0.050669
v 0.353659 1.021033 -0.050669
v 0.340905 1.025112 -0.050669
v 0.327482 1.027601 -0.050669
v -0.341097 0.902789 -0.119376
v -0.253125 0.970726 -0.119376
v -0.340014 0.913417 -0.119376
v -0.336791 0.923783 -0.119376
v -0.331509 0.933632 -0.119376
v -0.324296 0.942722 -0.119376
v -0.315331 0.950828 -0.119376
v -0.304834 0.957752 -0.119376
v -0.293064 0.963322 -0.119376
v -0.280310 0.967401 -0.119376
v -0.266887 0.969890 -0.119376
v 0.253125 0.970726 -0.119376
v 0.266887 0.969890 -0.119376
v 0.280310 0.967401 -0.119376
v 0.293064 0.963322 -0.119376
v 0.304834 0.957752 -0.119376
v 0.315331 0.950828 -0.119376
v 0.324296 0.942722 -0.119376
v 0.331509 0.933632 -0.119376
v 0.336791 0.923783 -0.119376
v 0.340014 0.913417 -0.119376
v 0.401692 0.263291 -0.050669
v 0.341097 0.902789 -0.119376
v -0.401692 0.252665 -0.050670
v -0.374261 0.231482 -0.050673
v -0.400350 0.246119 -0.050671
v -0.396453 0.240214 -0.050672
v -0.390385 0.235528 -0.050672
v -0.382738 0.232519 -0.050673
v 0.374261 0.231482 -0.050673
v 0.401692 0.252665 -0.050670
v 0.382738 0.232519 -0.050673
v 0.390385 0.235528 -0.050672
v 0.396453 0.240214 -0.050672
v 0.400350 0.246119 -0.050671
v -0.313666 0.289194 -0.119381
v -0.322142 0.290230 -0.119381
v -0.329789 0.293239 -0.119379
v -0.335858 0.297926 -0.119379
v -0.339754 0.303831 -0.119378
v 0.341096 0.310371 -0.119377
v 0.313666 0.289194 -0.119381
v 0.339754 0.303831 -0.119378
v 0.335858 0.297926 -0.119379
v 0.329789 0.293239 -0.119379
v 0.322142 0.290230 -0.119381
v 0.387725 0.322110 -0.066506
v 0.397531 0.330852 -0.055387
v 0.398156 0.313208 -0.054679
v 0.390755 0.322515 -0.063070
v 0.393489 0.323744 -0.059970
v 0.395659 0.325678 -0.057510
v 0.397051 0.328127 -0.055931
v 0.345258 0.331413 -0.114658
v 0.345743 0.328652 -0.114109
v 0.347150 0.326153 -0.112513
v 0.349341 0.324160 -0.110028
v 0.352348 0.322760 -0.106619
v 0.397531 0.892426 -0.055387
v 0.401692 0.960501 -0.050669
v 0.397049 0.895168 -0.055934
v 0.395649 0.897642 -0.057522
v 0.393469 0.899606 -0.059993
v 0.390049 0.901103 -0.063870
v 0.355114 0.901299 -0.103482
v 0.345258 0.892424 -0.114658
v 0.352069 0.900864 -0.106936
v 0.349321 0.899604 -0.110051
v 0.347140 0.897640 -0.112523
v 0.345740 0.895166 -0.114111
v 0.281970 0.335164 -0.056648
v 0.280555 0.888146 -0.114140
v 0.281970 0.888118 -0.056648
v 0.281957 0.890818 -0.057179
v 0.281919 0.893254 -0.058719
v 0.281860 0.895187 -0.061117
v 0.281774 0.896563 -0.064628
v 0.280568 0.890816 -0.113609
v 0.280606 0.893252 -0.112069
v 0.280665 0.895186 -0.109671
v 0.280739 0.896427 -0.106650
v 0.280822 0.896855 -0.103299
v 0.281705 0.326556 -0.067435
v 0.281787 0.326955 -0.064101
v 0.281861 0.328166 -0.061094
v 0.281920 0.330070 -0.058708
v 0.281957 0.332481 -0.057177
v 0.280555 0.335716 -0.114140
v 0.280568 0.332998 -0.113606
v 0.280606 0.330537 -0.112059
v 0.280666 0.328575 -0.109650
v 0.280740 0.327303 -0.106612
v 0.280823 0.326846 -0.103245
v -0.770183 1.143383 -0.050307
v -0.777648 1.146265 -0.049254
v -0.785384 1.149924 -0.047614
v -0.795218 1.155628 -0.044686
v -0.794339 0.208693 -0.045003
v -0.763719 0.207684 -0.042690
v -0.785384 0.210728 -0.047614
v -0.777648 0.212028 -0.049254
v -0.767370 0.213117 -0.050572
v 0.763719 0.213307 -0.050669
v 0.763719 0.206483 -0.043573
v 0.770183 0.212944 -0.050307
v 0.777648 0.212060 -0.049254
v 0.785385 0.210743 -0.047614
v 0.794339 0.208694 -0.045003
v 0.763720 1.145460 -0.050669
v 0.785385 1.149950 -0.047614
v 0.777648 1.146320 -0.049254
v 0.770183 1.143474 -0.050307
v -1.000000 0.124631 0.048729
v 1.000000 0.124631 0.048729
v -1.000000 1.315810 0.048729
v 1.000000 1.315810 0.048729
v 0.986521 1.300254 0.040130
v -0.986520 1.300255 0.040130
v 0.795221 1.155631 -0.044684
v -0.726988 1.251877 0.011752
v -0.739570 1.247309 0.009073
v -0.731825 1.251530 0.011549
v -0.735915 1.250539 0.010968
v -0.738634 1.249057 0.010099
v 0.739712 1.247309 0.009073
v 0.727146 1.251877 0.011752
v 0.738781 1.249057 0.010099
v 0.736067 1.250539 0.010968
v 0.731981 1.251530 0.011549
v -0.738854 1.202701 -0.017092
v -0.736995 1.199345 -0.019061
v -0.731808 1.196500 -0.020730
v -0.721590 1.194231 -0.022061
v 0.715218 1.193932 -0.022236
v 0.738878 1.202715 -0.017085
v 0.724222 1.194600 -0.021844
v 0.731880 1.196504 -0.020727
v 0.737026 1.199354 -0.019057
v 0.691607 1.239333 0.028887
v 0.704136 1.235189 0.025108
v 0.703219 1.236775 0.026554
v 0.700515 1.238119 0.027780
v 0.696437 1.239017 0.028599
v -0.703062 1.236772 0.026554
v -0.703975 1.235185 0.025108
v -0.700362 1.238118 0.027780
v -0.694877 1.239179 0.028748
v -0.687008 1.204010 -0.003303
v -0.701365 1.208695 0.000968
v -0.703239 1.212114 0.004083
v 0.703468 1.212234 0.004170
v 0.701622 1.208806 0.001044
v 0.687978 1.204203 -0.003156
v -0.998212 0.127154 0.040234
v -0.999294 0.125629 0.041264
v -0.999950 0.124710 0.043352
v 0.998185 0.127148 0.040217
v 0.999346 0.125544 0.041364
v 0.999960 0.124687 0.043468
v -0.999948 1.315755 0.043389
v -0.999284 1.314992 0.041279
v -0.998084 1.313653 0.040198
v 0.998098 1.313623 0.040208
v 0.999231 1.314923 0.041196
v 0.999936 1.315736 0.043302
v 0.359322 0.799309 -0.073369
v 0.315540 0.800040 -0.069759
v 0.359322 0.801956 -0.074045
v 0.359322 0.804068 -0.075244
v 0.315540 0.804672 -0.071252
v 0.359322 0.805893 -0.077276
v 0.315540 0.808380 -0.074406
v 0.359322 0.806984 -0.079446
v 0.315540 0.810075 -0.077396
v 0.359322 0.807371 -0.082149
v 0.315540 0.811034 -0.081145
v 0.359322 0.807073 -0.084558
v 0.315540 0.810472 -0.085979
v 0.359322 0.805506 -0.087618
v 0.315540 0.808102 -0.090231
v 0.359322 0.803473 -0.089442
v 0.359322 0.801304 -0.090533
v 0.315540 0.804286 -0.093253
v 0.359322 0.797890 -0.090930
v 0.315540 0.799604 -0.094583
v 0.315540 0.796176 -0.094332
v 0.359322 0.795243 -0.090253
v 0.359322 0.793131 -0.089056
v 0.315540 0.792527 -0.093046
v 0.359322 0.791306 -0.087023
v 0.315540 0.788819 -0.089894
v 0.359322 0.790216 -0.084854
v 0.315540 0.786600 -0.085562
v 0.359322 0.789819 -0.081439
v 0.315540 0.786179 -0.082149
v 0.359322 0.790496 -0.078794
v 0.315540 0.786728 -0.078319
v 0.359322 0.791693 -0.076682
v 0.315540 0.789097 -0.074068
v 0.359322 0.793727 -0.074856
v 0.359322 0.795895 -0.073765
v 0.315540 0.792728 -0.071165
v 0.315540 0.796176 -0.069968
v 0.356440 0.798600 -0.069728
v 0.359322 0.799593 -0.072060
v 0.359322 0.803228 -0.073112
v 0.359322 0.805748 -0.075000
v 0.359322 0.807637 -0.077521
v 0.359322 0.808515 -0.080178
v 0.359322 0.808689 -0.083143
v 0.359322 0.807570 -0.086944
v 0.359322 0.805031 -0.089986
v 0.359322 0.801552 -0.091884
v 0.359322 0.797427 -0.092235
v 0.359322 0.793821 -0.091091
v 0.359322 0.790737 -0.088602
v 0.359322 0.788898 -0.085093
v 0.359322 0.788490 -0.082149
v 0.359322 0.788866 -0.079197
v 0.359322 0.790763 -0.075718
v 0.359322 0.792983 -0.073744
v 0.359322 0.795823 -0.072383
v 0.346987 0.798600 -0.073379
v 0.346987 0.801304 -0.073765
v 0.346987 0.803473 -0.074856
v 0.346987 0.805506 -0.076682
v 0.346987 0.807073 -0.079740
v 0.346987 0.807371 -0.082149
v 0.346987 0.806984 -0.084854
v 0.346987 0.805893 -0.087023
v 0.346987 0.804068 -0.089056
v 0.346987 0.801009 -0.090623
v 0.346987 0.798600 -0.090921
v 0.346987 0.795895 -0.090533
v 0.346987 0.792893 -0.088861
v 0.346987 0.791306 -0.087023
v 0.346987 0.790126 -0.084558
v 0.346987 0.789849 -0.081132
v 0.346987 0.790496 -0.078794
v 0.346987 0.791889 -0.076442
v 0.346987 0.793727 -0.074856
v 0.346987 0.796191 -0.073676
v 0.357226 0.798600 -0.073379
v 0.357226 0.800311 -0.073547
v 0.357226 0.801956 -0.074045
v 0.357226 0.803473 -0.074856
v 0.357226 0.804802 -0.075948
v 0.357226 0.805893 -0.077276
v 0.357226 0.806703 -0.078794
v 0.357226 0.807202 -0.080438
v 0.357226 0.807371 -0.082149
v 0.357226 0.807202 -0.083861
v 0.357226 0.806703 -0.085506
v 0.357226 0.805893 -0.087023
v 0.357226 0.804802 -0.088351
v 0.357226 0.803473 -0.089442
v 0.357226 0.801956 -0.090253
v 0.357226 0.800311 -0.090753
v 0.357226 0.798600 -0.090921
v 0.357226 0.796888 -0.090753
v 0.357226 0.795243 -0.090253
v 0.357226 0.793727 -0.089442
v 0.357226 0.792397 -0.088351
v 0.357226 0.791306 -0.087023
v 0.357226 0.790496 -0.085506
v 0.357226 0.789997 -0.083861
v 0.357226 0.789828 -0.082149
v 0.357226 0.789997 -0.080438
v 0.357226 0.790496 -0.078794
v 0.357226 0.791307 -0.077276
v 0.357226 0.792397 -0.075948
v 0.357226 0.793727 -0.074856
v 0.357226 0.795243 -0.074045
v 0.357226 0.796888 -0.073547
v 0.357226 0.800867 -0.077722
v 0.357226 0.802697 -0.079261
v 0.357226 0.803611 -0.082025
v 0.357226 0.802836 -0.084830
v 0.357226 0.800633 -0.086732
v 0.357226 0.798199 -0.087108
v 0.357226 0.796332 -0.086577
v 0.357226 0.794502 -0.085037
v 0.357226 0.793588 -0.082274
v 0.357226 0.794364 -0.079469
v 0.357226 0.796178 -0.077804
v 0.357226 0.798475 -0.077138
v 0.343945 0.801021 -0.077804
v 0.343945 0.802836 -0.079469
v 0.343945 0.803558 -0.081749
v 0.343945 0.803333 -0.083678
v 0.343945 0.802389 -0.085373
v 0.343945 0.800867 -0.086577
v 0.343945 0.799000 -0.087108
v 0.343945 0.797072 -0.086884
v 0.343945 0.795377 -0.085938
v 0.343945 0.794172 -0.084417
v 0.343945 0.793588 -0.082025
v 0.343945 0.794502 -0.079261
v 0.343945 0.796332 -0.077722
v 0.343945 0.798724 -0.077138
v 0.356440 0.801023 -0.069968
v 0.356440 0.803353 -0.070674
v 0.356440 0.805500 -0.071823
v 0.356440 0.807383 -0.073367
v 0.356440 0.808927 -0.075248
v 0.356440 0.810075 -0.077396
v 0.356440 0.810782 -0.079726
v 0.356440 0.811021 -0.082149
v 0.356440 0.810782 -0.084572
v 0.356440 0.810075 -0.086902
v 0.356440 0.808927 -0.089050
v 0.356440 0.807383 -0.090932
v 0.356440 0.805500 -0.092477
v 0.356440 0.803353 -0.093625
v 0.356440 0.801023 -0.094332
v 0.356440 0.798600 -0.094571
v 0.356440 0.796177 -0.094332
v 0.356440 0.793846 -0.093625
v 0.356440 0.791699 -0.092477
v 0.356440 0.789817 -0.090932
v 0.356440 0.788272 -0.089050
v 0.356440 0.787124 -0.086902
v 0.356440 0.786417 -0.084573
v 0.356440 0.786179 -0.082149
v 0.356440 0.786417 -0.079726
v 0.356440 0.787124 -0.077396
v 0.356440 0.788272 -0.075248
v 0.356440 0.789817 -0.073367
v 0.356440 0.791699 -0.071823
v 0.356440 0.793846 -0.070674
v 0.356440 0.796177 -0.069968
v 0.359322 0.754679 -0.074105
v 0.315540 0.753969 -0.070464
v 0.359322 0.757985 -0.075045
v 0.315540 0.757799 -0.071014
v 0.359322 0.760171 -0.076684
v 0.315540 0.762051 -0.073383
v 0.359322 0.761664 -0.078597
v 0.315540 0.765072 -0.077199
v 0.359322 0.762720 -0.081867
v 0.315540 0.766403 -0.081880
v 0.359322 0.762572 -0.084597
v 0.359322 0.761726 -0.087031
v 0.315540 0.765841 -0.086716
v 0.359322 0.760171 -0.089087
v 0.315540 0.763598 -0.090787
v 0.359322 0.758257 -0.090581
v 0.315540 0.760870 -0.093212
v 0.359322 0.755680 -0.091488
v 0.315540 0.757381 -0.094884
v 0.359322 0.753260 -0.091666
v 0.315540 0.753969 -0.095307
v 0.359322 0.749953 -0.090726
v 0.315540 0.750139 -0.094757
v 0.359322 0.747258 -0.088593
v 0.315540 0.745887 -0.092388
v 0.359322 0.745585 -0.085589
v 0.315540 0.742866 -0.088572
v 0.359322 0.745198 -0.082886
v 0.315540 0.741535 -0.083890
v 0.359322 0.745496 -0.080477
v 0.315540 0.742097 -0.079056
v 0.359322 0.746676 -0.078012
v 0.359322 0.748262 -0.076174
v 0.315540 0.744467 -0.074803
v 0.315540 0.747068 -0.072557
v 0.359322 0.751265 -0.074501
v 0.315540 0.750558 -0.070887
v 0.356440 0.753969 -0.070464
v 0.359322 0.756922 -0.073151
v 0.359322 0.760401 -0.075049
v 0.359322 0.762940 -0.078091
v 0.359322 0.764058 -0.081892
v 0.359322 0.763885 -0.084857
v 0.359322 0.762910 -0.087664
v 0.359322 0.760547 -0.090620
v 0.359322 0.757838 -0.092226
v 0.359322 0.754963 -0.092975
v 0.359322 0.751016 -0.092618
v 0.359322 0.747391 -0.090620
v 0.359322 0.744932 -0.087513
v 0.359322 0.743880 -0.083878
v 0.359322 0.744053 -0.080912
v 0.359322 0.744932 -0.078257
v 0.359322 0.746820 -0.075736
v 0.359322 0.749341 -0.073848
v 0.359322 0.752976 -0.072796
v 0.346987 0.756674 -0.074501
v 0.346987 0.759676 -0.076174
v 0.346987 0.761810 -0.078869
v 0.346987 0.762572 -0.081174
v 0.346987 0.762723 -0.083747
v 0.346987 0.762073 -0.086242
v 0.346987 0.760680 -0.088593
v 0.346987 0.757985 -0.090726
v 0.346987 0.754679 -0.091666
v 0.346987 0.751264 -0.091270
v 0.346987 0.748262 -0.089595
v 0.346987 0.746676 -0.087759
v 0.346987 0.745496 -0.085294
v 0.346987 0.745198 -0.082886
v 0.346987 0.745585 -0.080182
v 0.346987 0.747259 -0.077178
v 0.346987 0.749953 -0.075045
v 0.346987 0.753260 -0.074105
v 0.357226 0.753969 -0.074113
v 0.357226 0.755680 -0.074282
v 0.357226 0.757326 -0.074782
v 0.357226 0.758842 -0.075593
v 0.357226 0.760171 -0.076684
v 0.357226 0.761262 -0.078012
v 0.357226 0.762073 -0.079529
v 0.357226 0.762572 -0.081174
v 0.357226 0.762741 -0.082886
v 0.357226 0.762572 -0.084597
v 0.357226 0.762073 -0.086242
v 0.357226 0.761262 -0.087759
v 0.357226 0.760171 -0.089087
v 0.357226 0.758842 -0.090178
v 0.357226 0.757326 -0.090990
v 0.357226 0.755680 -0.091488
v 0.357226 0.753969 -0.091656
v 0.357226 0.752258 -0.091488
v 0.357226 0.750613 -0.090990
v 0.357226 0.749096 -0.090178
v 0.357226 0.747767 -0.089087
v 0.357226 0.746676 -0.087759
v 0.357226 0.745865 -0.086242
v 0.357226 0.745366 -0.084597
v 0.357226 0.745198 -0.082886
v 0.357226 0.745366 -0.081174
v 0.357226 0.745865 -0.079529
v 0.357226 0.746676 -0.078012
v 0.357226 0.747767 -0.076684
v 0.357226 0.749096 -0.075593
v 0.357226 0.750613 -0.074782
v 0.357226 0.752258 -0.074282
v 0.357226 0.754370 -0.077927
v 0.357226 0.756237 -0.078458
v 0.357226 0.757758 -0.079662
v 0.357226 0.758860 -0.081786
v 0.357226 0.758647 -0.084687
v 0.357226 0.757192 -0.086674
v 0.357226 0.755497 -0.087620
v 0.357226 0.753569 -0.087844
v 0.357226 0.751289 -0.087122
v 0.357226 0.749624 -0.085307
v 0.357226 0.748958 -0.083010
v 0.357226 0.749542 -0.080618
v 0.357226 0.750747 -0.079097
v 0.357226 0.752442 -0.078151
v 0.343945 0.755497 -0.078151
v 0.343945 0.757192 -0.079097
v 0.343945 0.758647 -0.081083
v 0.343945 0.758860 -0.083985
v 0.343945 0.757758 -0.086108
v 0.343945 0.756237 -0.087313
v 0.343945 0.754370 -0.087844
v 0.343945 0.752442 -0.087620
v 0.343945 0.750747 -0.086674
v 0.343945 0.749542 -0.085153
v 0.343945 0.748958 -0.082761
v 0.343945 0.749624 -0.080464
v 0.343945 0.751289 -0.078649
v 0.343945 0.753569 -0.077927
v 0.356440 0.756393 -0.070703
v 0.356440 0.758722 -0.071410
v 0.356440 0.760870 -0.072557
v 0.356440 0.762752 -0.074103
v 0.356440 0.764297 -0.075985
v 0.356440 0.765445 -0.078132
v 0.356440 0.766151 -0.080462
v 0.356440 0.766390 -0.082886
v 0.356440 0.766151 -0.085309
v 0.356440 0.765445 -0.087639
v 0.356440 0.764297 -0.089786
v 0.356440 0.762752 -0.091668
v 0.356440 0.760870 -0.093214
v 0.356440 0.758722 -0.094361
v 0.356440 0.756392 -0.095067
v 0.356440 0.753969 -0.095307
v 0.356440 0.751546 -0.095067
v 0.356440 0.749216 -0.094361
v 0.356440 0.747069 -0.093214
v 0.356440 0.745186 -0.091668
v 0.356440 0.743642 -0.089786
v 0.356440 0.742494 -0.087639
v 0.356440 0.741787 -0.085309
v 0.356440 0.741548 -0.082886
v 0.356440 0.741787 -0.080462
v 0.356440 0.742494 -0.078132
v 0.356440 0.743642 -0.075985
v 0.356440 0.745186 -0.074103
v 0.356440 0.747069 -0.072557
v 0.356440 0.749216 -0.071410
v 0.356440 0.751546 -0.070703
v 0.359322 0.710784 -0.074105
v 0.315540 0.710074 -0.070464
v 0.359322 0.714090 -0.075045
v 0.315540 0.713904 -0.071014
v 0.315540 0.716975 -0.072557
v 0.359322 0.716785 -0.077178
v 0.315540 0.719855 -0.075141
v 0.359322 0.718458 -0.080180
v 0.315540 0.721550 -0.078132
v 0.359322 0.718846 -0.082886
v 0.315540 0.722509 -0.081880
v 0.359322 0.718548 -0.085294
v 0.315540 0.722257 -0.085309
v 0.359322 0.716981 -0.088353
v 0.315540 0.720971 -0.088958
v 0.359322 0.714363 -0.090581
v 0.315540 0.717818 -0.092666
v 0.359322 0.711786 -0.091488
v 0.315540 0.713690 -0.094805
v 0.359322 0.709212 -0.091639
v 0.315540 0.710074 -0.095307
v 0.359322 0.706059 -0.090726
v 0.315540 0.706244 -0.094757
v 0.359322 0.703364 -0.088593
v 0.315540 0.701993 -0.092388
v 0.359322 0.701691 -0.085591
v 0.315540 0.698971 -0.088572
v 0.359322 0.701303 -0.082886
v 0.315540 0.697640 -0.083890
v 0.359322 0.701601 -0.080477
v 0.315540 0.697892 -0.080462
v 0.359322 0.703168 -0.077416
v 0.315540 0.699178 -0.076813
v 0.359322 0.705786 -0.075190
v 0.315540 0.702331 -0.073105
v 0.359322 0.708363 -0.074282
v 0.315540 0.706663 -0.070887
v 0.356440 0.710074 -0.070464
v 0.359322 0.711068 -0.072796
v 0.359322 0.713943 -0.073545
v 0.359322 0.716527 -0.075022
v 0.359322 0.719015 -0.078106
v 0.359322 0.719990 -0.080913
v 0.359322 0.720163 -0.083879
v 0.359322 0.719415 -0.086755
v 0.359322 0.717911 -0.089316
v 0.359322 0.714869 -0.091855
v 0.359322 0.710892 -0.093006
v 0.359322 0.707131 -0.092587
v 0.359322 0.703622 -0.090749
v 0.359322 0.701134 -0.087664
v 0.359322 0.700159 -0.084857
v 0.359322 0.699985 -0.081892
v 0.359322 0.701037 -0.078257
v 0.359322 0.702926 -0.075736
v 0.359322 0.705295 -0.073944
v 0.359322 0.708102 -0.072969
v 0.346987 0.711786 -0.074282
v 0.346987 0.714363 -0.075190
v 0.346987 0.716981 -0.077416
v 0.346987 0.718548 -0.080477
v 0.346987 0.718846 -0.082886
v 0.346987 0.718458 -0.085589
v 0.346987 0.716785 -0.088593
v 0.346987 0.714090 -0.090726
v 0.346987 0.710936 -0.091639
v 0.346987 0.707512 -0.091330
v 0.346987 0.704367 -0.089595
v 0.346987 0.702781 -0.087759
v 0.346987 0.701601 -0.085294
v 0.346987 0.701303 -0.082886
v 0.346987 0.701691 -0.080180
v 0.346987 0.703364 -0.077178
v 0.346987 0.706059 -0.075045
v 0.346987 0.709365 -0.074105
v 0.357226 0.710074 -0.074113
v 0.357226 0.711786 -0.074282
v 0.357226 0.713431 -0.074782
v 0.357226 0.714947 -0.075593
v 0.357226 0.716277 -0.076684
v 0.357226 0.717367 -0.078012
v 0.357226 0.718178 -0.079529
v 0.357226 0.718677 -0.081174
v 0.357226 0.718846 -0.082886
v 0.357226 0.718677 -0.084597
v 0.357226 0.718178 -0.086242
v 0.357226 0.717367 -0.087759
v 0.357226 0.716277 -0.089087
v 0.357226 0.714947 -0.090178
v 0.357226 0.713431 -0.090990
v 0.357226 0.711786 -0.091488
v 0.357226 0.710074 -0.091656
v 0.357226 0.708363 -0.091488
v 0.357226 0.706718 -0.090990
v 0.357226 0.705201 -0.090178
v 0.357226 0.703872 -0.089087
v 0.357226 0.702781 -0.087759
v 0.357226 0.701971 -0.086242
v 0.357226 0.701472 -0.084597
v 0.357226 0.701303 -0.082886
v 0.357226 0.701472 -0.081174
v 0.357226 0.701971 -0.079529
v 0.357226 0.702781 -0.078012
v 0.357226 0.703872 -0.076684
v 0.357226 0.705201 -0.075593
v 0.357226 0.706718 -0.074782
v 0.357226 0.708363 -0.074282
v 0.357226 0.710475 -0.077927
v 0.357226 0.712755 -0.078649
v 0.357226 0.714419 -0.080464
v 0.357226 0.715015 -0.082311
v 0.357226 0.714752 -0.084687
v 0.357226 0.713297 -0.086674
v 0.357226 0.711602 -0.087620
v 0.357226 0.709674 -0.087844
v 0.357226 0.707807 -0.087313
v 0.357226 0.705977 -0.085774
v 0.357226 0.705063 -0.083010
v 0.357226 0.705647 -0.080618
v 0.357226 0.706852 -0.079097
v 0.357226 0.708547 -0.078151
v 0.343945 0.710648 -0.077944
v 0.343945 0.712962 -0.078788
v 0.343945 0.714752 -0.081083
v 0.343945 0.715015 -0.083460
v 0.343945 0.714419 -0.085307
v 0.343945 0.712755 -0.087122
v 0.343945 0.710475 -0.087844
v 0.343945 0.708547 -0.087620
v 0.343945 0.706924 -0.086724
v 0.343945 0.705680 -0.085234
v 0.343945 0.705063 -0.082761
v 0.343945 0.705729 -0.080464
v 0.343945 0.706987 -0.078985
v 0.343945 0.708714 -0.078101
v 0.356440 0.712498 -0.070703
v 0.356440 0.714828 -0.071410
v 0.356440 0.716975 -0.072557
v 0.356440 0.718857 -0.074103
v 0.356440 0.720402 -0.075985
v 0.356440 0.721550 -0.078132
v 0.356440 0.722257 -0.080462
v 0.356440 0.722495 -0.082886
v 0.356440 0.722257 -0.085309
v 0.356440 0.721550 -0.087639
v 0.356440 0.720402 -0.089786
v 0.356440 0.718857 -0.091668
v 0.356440 0.716975 -0.093212
v 0.356440 0.714828 -0.094361
v 0.356440 0.712498 -0.095067
v 0.356440 0.710074 -0.095307
v 0.356440 0.707651 -0.095067
v 0.356440 0.705321 -0.094361
v 0.356440 0.703174 -0.093212
v 0.356440 0.701292 -0.091668
v 0.356440 0.699747 -0.089786
v 0.356440 0.698599 -0.087639
v 0.356440 0.697892 -0.085309
v 0.356440 0.697653 -0.082886
v 0.356440 0.697892 -0.080462
v 0.356440 0.698599 -0.078132
v 0.356440 0.699747 -0.075985
v 0.356440 0.701292 -0.074103
v 0.356440 0.703174 -0.072557
v 0.356440 0.705321 -0.071410
v 0.356440 0.707651 -0.070703
v 0.336340 0.604136 -0.075371
v 0.336152 0.647380 -0.088187
v 0.336141 0.647301 -0.088701
v 0.313648 0.604155 -0.075394
v 0.309859 0.647014 -0.075410
v 0.311629 0.647324 -0.075877
v 0.313690 0.647268 -0.075398
v 0.311501 0.604753 -0.088214
v 0.313293 0.604825 -0.088676
v 0.309649 0.647018 -0.088639
v 0.313334 0.647269 -0.088674
v 0.335883 0.646090 -0.087726
v 0.335868 0.605357 -0.076363
v 0.335877 0.645957 -0.076134
v 0.335879 0.645960 -0.087932
v 0.335867 0.606138 -0.087932
v 0.336332 0.605265 -0.076151
v 0.334950 0.605487 -0.076139
v 0.324181 0.645953 -0.087753
v 0.324175 0.605479 -0.076315
v 0.322954 0.645696 -0.076298
v 0.324757 0.645874 -0.076213
v 0.324097 0.606138 -0.087753
v 0.336317 0.647356 -0.075564
v 0.311673 0.604128 -0.075854
v 0.335887 0.646090 -0.076354
v 0.323985 0.645963 -0.076415
v 0.336270 0.604709 -0.088176
v 0.311737 0.647327 -0.088232
v 0.335870 0.606011 -0.087712
v 0.324451 0.645687 -0.087867
v 0.336275 0.604390 -0.075269
v 0.309907 0.604392 -0.075404
v 0.309808 0.605061 -0.088662
v 0.324401 0.605714 -0.076201
v 0.336370 0.605906 -0.087988
v 0.336382 0.646299 -0.075973
v 0.336369 0.646197 -0.087989
v 0.336370 0.605274 -0.076054
v 0.336378 0.647277 -0.088629
v 0.336379 0.604856 -0.088653
v 0.336380 0.604242 -0.075357
v 0.319634 0.646983 -0.075267
v 0.336327 0.646993 -0.088793
v 0.336269 0.604089 -0.075902
v 0.336142 0.604800 -0.088705
v 0.320137 0.604415 -0.075265
v 0.306064 0.605827 -0.087525
v 0.307751 0.604997 -0.088124
v 0.306593 0.605864 -0.088251
v 0.308027 0.605884 -0.088591
v 0.321261 0.606500 -0.076759
v 0.322043 0.605698 -0.076713
v 0.322609 0.605759 -0.076333
v 0.308027 0.605240 -0.075489
v 0.306593 0.605254 -0.075838
v 0.307873 0.604375 -0.075923
v 0.306064 0.605289 -0.076574
v 0.321468 0.607148 -0.087543
v 0.323330 0.606366 -0.087842
v 0.321994 0.606318 -0.087344
v 0.321112 0.607093 -0.086811
v 0.322615 0.645658 -0.087743
v 0.322049 0.645743 -0.087374
v 0.321261 0.644938 -0.087330
v 0.308027 0.646151 -0.075489
v 0.307767 0.647050 -0.075964
v 0.306593 0.646155 -0.075838
v 0.306064 0.646158 -0.076574
v 0.321994 0.645729 -0.076743
v 0.321112 0.644895 -0.077284
v 0.321467 0.644876 -0.076543
v 0.336350 0.646996 -0.075275
v 0.307851 0.647061 -0.088162
v 0.306064 0.646174 -0.087525
v 0.306593 0.646173 -0.088251
v 0.308027 0.646170 -0.088591
v 0.336348 0.605078 -0.088788
v 0.336326 0.606258 -0.088023
v 0.336325 0.645826 -0.088021
v 0.336336 0.646165 -0.076076
v 0.336377 0.647250 -0.075358
v 0.318339 0.646990 -0.088788
v 0.320056 0.605086 -0.088797
v 0.330140 0.641492 -0.083726
v 0.330152 0.632306 -0.083724
v 0.330152 0.641462 -0.083066
v 0.330140 0.632276 -0.083064
v 0.327582 0.641462 -0.083724
v 0.327595 0.632276 -0.083726
v 0.327595 0.641492 -0.083064
v 0.327582 0.632306 -0.083066
v 0.330140 0.619415 -0.083726
v 0.330152 0.610229 -0.083724
v 0.330152 0.619385 -0.083066
v 0.330140 0.610199 -0.083064
v 0.327582 0.619385 -0.083724
v 0.327595 0.610199 -0.083726
v 0.327595 0.619415 -0.083064
v 0.327582 0.610229 -0.083066
v 0.336340 0.551862 -0.075371
v 0.336153 0.595106 -0.088187
v 0.336141 0.595027 -0.088701
v 0.336274 0.552799 -0.088794
v 0.313650 0.551881 -0.075394
v 0.309859 0.594740 -0.075410
v 0.311628 0.595050 -0.075877
v 0.313690 0.594994 -0.075398
v 0.311501 0.552479 -0.088212
v 0.313292 0.552551 -0.088676
v 0.309649 0.594744 -0.088639
v 0.313334 0.594995 -0.088674
v 0.335882 0.593816 -0.087726
v 0.335867 0.553083 -0.076363
v 0.335877 0.593683 -0.076134
v 0.335879 0.593686 -0.087932
v 0.335867 0.553864 -0.087932
v 0.336324 0.553016 -0.076082
v 0.334950 0.553213 -0.076139
v 0.324181 0.593678 -0.087753
v 0.324175 0.553205 -0.076315
v 0.322954 0.593422 -0.076298
v 0.324757 0.593599 -0.076213
v 0.324097 0.553864 -0.087753
v 0.336317 0.595082 -0.075564
v 0.311674 0.551854 -0.075854
v 0.335887 0.593816 -0.076354
v 0.323985 0.593689 -0.076415
v 0.336270 0.552434 -0.088176
v 0.311736 0.595052 -0.088232
v 0.335870 0.553737 -0.087712
v 0.324451 0.593413 -0.087867
v 0.336275 0.552116 -0.075269
v 0.309907 0.552118 -0.075404
v 0.309808 0.552787 -0.088662
v 0.324401 0.553440 -0.076201
v 0.336372 0.553631 -0.087990
v 0.336382 0.594024 -0.075973
v 0.336369 0.593923 -0.087989
v 0.336382 0.552860 -0.075979
v 0.336378 0.595003 -0.088629
v 0.336378 0.552597 -0.088695
v 0.336380 0.551968 -0.075357
v 0.319634 0.594709 -0.075267
v 0.336327 0.594719 -0.088793
v 0.336269 0.551814 -0.075902
v 0.336142 0.552526 -0.088705
v 0.320136 0.552141 -0.075265
v 0.306064 0.553553 -0.087525
v 0.307751 0.552723 -0.088124
v 0.306593 0.553590 -0.088251
v 0.308027 0.553610 -0.088591
v 0.321261 0.554226 -0.076759
v 0.322043 0.553424 -0.076713
v 0.322609 0.553484 -0.076333
v 0.308027 0.552966 -0.075489
v 0.306593 0.552980 -0.075838
v 0.307872 0.552101 -0.075923
v 0.306064 0.553015 -0.076574
v 0.321468 0.554873 -0.087543
v 0.323330 0.554092 -0.087842
v 0.321994 0.554043 -0.087344
v 0.321112 0.554819 -0.086811
v 0.322615 0.593384 -0.087743
v 0.322049 0.593469 -0.087374
v 0.321261 0.592664 -0.087330
v 0.308027 0.593877 -0.075489
v 0.307767 0.594776 -0.075964
v 0.306593 0.593881 -0.075838
v 0.306064 0.593884 -0.076574
v 0.321994 0.593455 -0.076743
v 0.321112 0.592621 -0.077284
v 0.321467 0.592602 -0.076543
v 0.336350 0.594722 -0.075275
v 0.307851 0.594786 -0.088162
v 0.306064 0.593900 -0.087525
v 0.306593 0.593899 -0.088251
v 0.308027 0.593896 -0.088591
v 0.336326 0.553984 -0.088023
v 0.336325 0.593552 -0.088021
v 0.336336 0.593891 -0.076076
v 0.336377 0.594976 -0.075358
v 0.318340 0.594716 -0.088788
v 0.320056 0.552812 -0.088797
v 0.330140 0.589218 -0.083726
v 0.330152 0.580032 -0.083724
v 0.330152 0.589187 -0.083064
v 0.330140 0.580002 -0.083066
v 0.327582 0.589188 -0.083724
v 0.327595 0.580002 -0.083726
v 0.327594 0.589218 -0.083066
v 0.327583 0.580033 -0.083064
v 0.330140 0.567140 -0.083726
v 0.330152 0.557955 -0.083724
v 0.330152 0.567110 -0.083066
v 0.330140 0.557925 -0.083064
v 0.327582 0.567110 -0.083724
v 0.327595 0.557925 -0.083726
v 0.327595 0.567140 -0.083064
v 0.327582 0.557955 -0.083066
v 0.336377 0.543470 -0.088711
v 0.336340 0.500356 -0.075371
v 0.336341 0.543573 -0.088521
v 0.336274 0.501294 -0.088794
v 0.313650 0.500375 -0.075394
v 0.309859 0.543234 -0.075410
v 0.311628 0.543544 -0.075877
v 0.313689 0.543489 -0.075398
v 0.311502 0.500973 -0.088212
v 0.313293 0.501045 -0.088676
v 0.312805 0.543260 -0.088749
v 0.313334 0.543489 -0.088674
v 0.335882 0.542311 -0.087726
v 0.335868 0.501578 -0.076363
v 0.335876 0.542177 -0.076134
v 0.335879 0.542180 -0.087932
v 0.335880 0.502363 -0.087940
v 0.336332 0.501485 -0.076151
v 0.334950 0.501708 -0.076139
v 0.324181 0.542173 -0.087753
v 0.324175 0.501700 -0.076315
v 0.322954 0.541917 -0.076298
v 0.324757 0.542094 -0.076213
v 0.324990 0.502413 -0.087855
v 0.336317 0.543576 -0.075564
v 0.311674 0.500348 -0.075854
v 0.335887 0.542310 -0.076354
v 0.323986 0.542184 -0.076415
v 0.336270 0.500929 -0.088176
v 0.311736 0.543547 -0.088232
v 0.335870 0.502231 -0.087712
v 0.323773 0.502319 -0.087369
v 0.324451 0.541908 -0.087867
v 0.336275 0.500610 -0.075269
v 0.309907 0.500613 -0.075404
v 0.309808 0.501281 -0.088662
v 0.324401 0.501934 -0.076201
v 0.336367 0.502136 -0.088012
v 0.336371 0.542421 -0.076077
v 0.336371 0.542419 -0.087992
v 0.336379 0.501092 -0.088695
v 0.336380 0.500462 -0.075357
v 0.319634 0.543203 -0.075267
v 0.336267 0.543203 -0.088801
v 0.336269 0.500309 -0.075902
v 0.336142 0.501021 -0.088705
v 0.320137 0.500635 -0.075265
v 0.306064 0.502047 -0.087525
v 0.307751 0.501218 -0.088124
v 0.306593 0.502084 -0.088251
v 0.308027 0.502104 -0.088591
v 0.321261 0.502721 -0.076759
v 0.322043 0.501918 -0.076713
v 0.322609 0.501979 -0.076333
v 0.308027 0.501461 -0.075489
v 0.306593 0.501475 -0.075838
v 0.307872 0.500596 -0.075923
v 0.306064 0.501509 -0.076574
v 0.321468 0.503368 -0.087543
v 0.322977 0.502584 -0.087778
v 0.321994 0.502538 -0.087344
v 0.321112 0.503314 -0.086811
v 0.322615 0.541879 -0.087743
v 0.322049 0.541964 -0.087374
v 0.321261 0.541159 -0.087330
v 0.308027 0.542372 -0.075489
v 0.307767 0.543270 -0.075964
v 0.306593 0.542376 -0.075838
v 0.306064 0.542378 -0.076574
v 0.321994 0.541950 -0.076743
v 0.321112 0.541116 -0.077284
v 0.321467 0.541097 -0.076543
v 0.336350 0.543216 -0.075275
v 0.307851 0.543281 -0.088162
v 0.306064 0.542394 -0.087525
v 0.306593 0.542394 -0.088251
v 0.308925 0.543180 -0.088596
v 0.336325 0.542041 -0.076041
v 0.336325 0.542047 -0.088021
v 0.336377 0.543470 -0.075358
v 0.336371 0.501492 -0.076054
v 0.320055 0.501306 -0.088797
v 0.330140 0.537713 -0.083724
v 0.330152 0.528527 -0.083726
v 0.330152 0.537682 -0.083066
v 0.330140 0.528497 -0.083064
v 0.327583 0.537682 -0.083726
v 0.327594 0.528496 -0.083724
v 0.327595 0.537712 -0.083064
v 0.327582 0.528527 -0.083066
v 0.330140 0.515635 -0.083726
v 0.330152 0.506449 -0.083724
v 0.330152 0.515605 -0.083066
v 0.330140 0.506419 -0.083064
v 0.327582 0.515605 -0.083724
v 0.327595 0.506419 -0.083726
v 0.327595 0.515635 -0.083064
v 0.327582 0.506449 -0.083066
v 0.337232 0.457174 -0.064404
v 0.337232 0.425415 -0.064404
v 0.337232 0.425415 -0.106030
v 0.337232 0.457174 -0.085218
v 0.337232 0.425415 -0.085218
v 0.319519 0.457174 -0.064404
v 0.319519 0.425415 -0.064404
v 0.319519 0.457174 -0.106030
v 0.319519 0.425415 -0.106030
v 0.337232 0.454881 -0.086915
v 0.337232 0.455589 -0.087944
v 0.337232 0.427114 -0.087510
v 0.337232 0.428142 -0.086801
v 0.337232 0.427708 -0.104332
v 0.337232 0.427000 -0.103304
v 0.337232 0.455476 -0.103739
v 0.337232 0.457174 -0.106030
v 0.337232 0.454448 -0.104446
v 0.337232 0.454881 -0.066101
v 0.337232 0.455589 -0.067130
v 0.337232 0.427114 -0.066696
v 0.337232 0.428142 -0.065989
v 0.337232 0.427708 -0.083518
v 0.337232 0.427000 -0.082490
v 0.337232 0.455476 -0.082925
v 0.337232 0.454448 -0.083632
v 0.318554 0.427000 -0.087944
v 0.318554 0.427708 -0.086915
v 0.318554 0.454448 -0.086801
v 0.318554 0.455476 -0.087510
v 0.318554 0.455589 -0.103304
v 0.318554 0.454881 -0.104332
v 0.318554 0.428142 -0.104446
v 0.318554 0.427114 -0.103739
v 0.318554 0.454448 -0.065989
v 0.318554 0.455476 -0.066696
v 0.318554 0.427000 -0.067130
v 0.318554 0.427708 -0.066101
v 0.318554 0.455589 -0.082491
v 0.318554 0.454881 -0.083518
v 0.318554 0.428142 -0.083632
v 0.318554 0.427114 -0.082925
v 0.304486 0.379401 -0.099362
v 0.338299 0.379401 -0.099362
v 0.304486 0.376102 -0.099038
v 0.338299 0.376102 -0.099038
v 0.304486 0.372931 -0.098075
v 0.338299 0.372931 -0.098075
v 0.304486 0.370008 -0.096513
v 0.338299 0.370008 -0.096513
v 0.304486 0.367446 -0.094411
v 0.338299 0.367446 -0.094411
v 0.304486 0.365343 -0.091848
v 0.338299 0.365343 -0.091848
v 0.304486 0.363781 -0.088925
v 0.338299 0.363781 -0.088925
v 0.304486 0.362819 -0.085755
v 0.338299 0.362819 -0.085755
v 0.304486 0.362494 -0.082456
v 0.338299 0.362494 -0.082456
v 0.304486 0.362819 -0.079157
v 0.338299 0.362819 -0.079157
v 0.304486 0.363781 -0.075985
v 0.338299 0.363781 -0.075985
v 0.304486 0.365343 -0.073062
v 0.338299 0.365343 -0.073062
v 0.304486 0.367446 -0.070501
v 0.338299 0.367446 -0.070501
v 0.304486 0.370008 -0.068398
v 0.338299 0.370008 -0.068398
v 0.304486 0.372931 -0.066836
v 0.338299 0.372931 -0.066836
v 0.304486 0.376102 -0.065875
v 0.338299 0.376102 -0.065875
v 0.304486 0.379401 -0.065549
v 0.338299 0.379401 -0.065549
v 0.304486 0.382699 -0.065875
v 0.338299 0.382699 -0.065875
v 0.304486 0.385871 -0.066836
v 0.338299 0.385871 -0.066836
v 0.304486 0.388794 -0.068398
v 0.338299 0.388794 -0.068398
v 0.304486 0.391356 -0.070501
v 0.338299 0.391356 -0.070501
v 0.304486 0.393458 -0.073062
v 0.338299 0.393458 -0.073062
v 0.304486 0.395020 -0.075985
v 0.338299 0.395020 -0.075985
v 0.304486 0.395982 -0.079157
v 0.338299 0.395982 -0.079157
v 0.304486 0.396307 -0.082456
v 0.338299 0.396307 -0.082456
v 0.304486 0.395982 -0.085755
v 0.338299 0.395982 -0.085755
v 0.304486 0.395020 -0.088925
v 0.338299 0.395020 -0.088925
v 0.304486 0.393458 -0.091848
v 0.338299 0.393458 -0.091848
v 0.304486 0.391355 -0.094411
v 0.338299 0.391355 -0.094411
v 0.304486 0.388794 -0.096513
v 0.338299 0.388794 -0.096513
v 0.304486 0.385871 -0.098075
v 0.338299 0.385871 -0.098075
v 0.304486 0.382699 -0.099038
v 0.338299 0.382699 -0.099038
v 0.340656 0.376365 -0.097720
v 0.340656 0.379401 -0.098019
v 0.340656 0.382437 -0.097720
v 0.340656 0.385356 -0.096834
v 0.340657 0.389301 -0.094519
v 0.340656 0.392341 -0.091102
v 0.340656 0.393779 -0.088411
v 0.340656 0.394664 -0.085491
v 0.340657 0.394932 -0.080927
v 0.340656 0.393779 -0.076500
v 0.340656 0.392341 -0.073809
v 0.340656 0.390405 -0.071452
v 0.340656 0.386757 -0.068692
v 0.340656 0.382437 -0.067192
v 0.340656 0.379401 -0.066893
v 0.340657 0.374871 -0.067522
v 0.340656 0.370755 -0.069516
v 0.340656 0.368396 -0.071452
v 0.340656 0.366461 -0.073809
v 0.340656 0.365023 -0.076500
v 0.340657 0.363870 -0.080927
v 0.340656 0.364137 -0.085491
v 0.340656 0.365023 -0.088411
v 0.340656 0.366461 -0.091102
v 0.340656 0.369500 -0.094519
v 0.340656 0.373445 -0.096834
v 0.340656 0.376830 -0.095380
v 0.340656 0.379401 -0.095635
v 0.340656 0.381972 -0.095380
v 0.340656 0.384444 -0.094631
v 0.340656 0.386722 -0.093413
v 0.340656 0.388719 -0.091774
v 0.340656 0.390358 -0.089778
v 0.340656 0.391576 -0.087498
v 0.340656 0.392326 -0.085027
v 0.340656 0.392579 -0.082456
v 0.340656 0.392326 -0.079884
v 0.340656 0.391576 -0.077412
v 0.340656 0.390358 -0.075134
v 0.340656 0.388719 -0.073137
v 0.340656 0.386722 -0.071498
v 0.340656 0.384444 -0.070280
v 0.340656 0.381972 -0.069530
v 0.340656 0.379401 -0.069277
v 0.340656 0.376830 -0.069530
v 0.340656 0.374358 -0.070280
v 0.340656 0.372079 -0.071498
v 0.340656 0.370082 -0.073137
v 0.340656 0.368443 -0.075134
v 0.340656 0.367225 -0.077412
v 0.340656 0.366476 -0.079884
v 0.340656 0.366222 -0.082456
v 0.340656 0.366476 -0.085027
v 0.340656 0.367225 -0.087498
v 0.340656 0.368443 -0.089778
v 0.340656 0.370082 -0.091774
v 0.340656 0.372079 -0.093413
v 0.340656 0.374358 -0.094631
v 0.314667 0.376830 -0.095380
v 0.314667 0.379401 -0.095635
v 0.314667 0.374358 -0.094631
v 0.314667 0.381972 -0.095380
v 0.314667 0.384444 -0.094631
v 0.314667 0.386722 -0.093413
v 0.314667 0.388719 -0.091774
v 0.314667 0.390358 -0.089778
v 0.314667 0.391576 -0.087498
v 0.314667 0.392326 -0.085027
v 0.314667 0.392579 -0.082456
v 0.314667 0.392326 -0.079884
v 0.314667 0.391576 -0.077412
v 0.314667 0.390358 -0.075134
v 0.314667 0.388719 -0.073137
v 0.314667 0.386722 -0.071498
v 0.314667 0.384444 -0.070280
v 0.314667 0.381972 -0.069530
v 0.314667 0.379401 -0.069277
v 0.314667 0.376830 -0.069530
v 0.314667 0.374358 -0.070280
v 0.314667 0.372079 -0.071498
v 0.314667 0.370082 -0.073137
v 0.314667 0.368443 -0.075134
v 0.314667 0.367225 -0.077412
v 0.314667 0.366476 -0.079884
v 0.314667 0.366222 -0.082456
v 0.314667 0.366476 -0.085027
v 0.314667 0.367225 -0.087498
v 0.314667 0.368443 -0.089778
v 0.314667 0.370082 -0.091774
v 0.314667 0.372079 -0.093413
v 0.314667 0.380374 -0.094498
v 0.314667 0.384908 -0.093208
v 0.314667 0.388604 -0.090282
v 0.314667 0.390899 -0.086164
v 0.314667 0.391443 -0.081483
v 0.314667 0.390154 -0.076948
v 0.314667 0.387228 -0.073252
v 0.314667 0.384004 -0.071342
v 0.314667 0.380796 -0.070456
v 0.314667 0.376097 -0.070834
v 0.314667 0.371901 -0.072983
v 0.314667 0.368847 -0.076574
v 0.314667 0.367602 -0.080108
v 0.314667 0.367371 -0.082456
v 0.314667 0.367603 -0.084803
v 0.314667 0.368762 -0.088143
v 0.314667 0.371574 -0.091658
v 0.314667 0.375691 -0.093953
v 0.336177 0.380796 -0.094456
v 0.336177 0.376097 -0.094077
v 0.336177 0.384004 -0.093569
v 0.336177 0.387228 -0.091658
v 0.336177 0.390154 -0.087963
v 0.336177 0.391199 -0.084803
v 0.336177 0.391401 -0.081060
v 0.336177 0.389954 -0.076574
v 0.336177 0.386900 -0.072983
v 0.336177 0.384004 -0.071342
v 0.336177 0.380374 -0.070414
v 0.336177 0.375691 -0.070958
v 0.336177 0.371574 -0.073252
v 0.336177 0.368648 -0.076948
v 0.336177 0.367396 -0.081273
v 0.336177 0.367602 -0.084803
v 0.336177 0.368287 -0.087060
v 0.336177 0.369399 -0.089139
v 0.336177 0.371901 -0.091927
v 0.336177 0.378689 -0.088579
v 0.336177 0.381086 -0.088384
v 0.336177 0.383227 -0.087288
v 0.336177 0.384785 -0.085456
v 0.336177 0.385523 -0.083168
v 0.336177 0.385330 -0.080770
v 0.336177 0.384233 -0.078630
v 0.336177 0.382810 -0.077352
v 0.336177 0.381293 -0.076589
v 0.336177 0.379401 -0.076319
v 0.336177 0.377715 -0.076527
v 0.336177 0.375575 -0.077624
v 0.336177 0.374017 -0.079456
v 0.336177 0.373382 -0.081259
v 0.336177 0.373257 -0.082952
v 0.336177 0.373731 -0.084805
v 0.336177 0.374643 -0.086361
v 0.336177 0.376400 -0.087840
v 0.342444 0.378864 -0.088596
v 0.342426 0.381269 -0.088330
v 0.342434 0.382810 -0.087558
v 0.342434 0.384233 -0.086282
v 0.342434 0.385329 -0.084141
v 0.342434 0.385523 -0.081744
v 0.342434 0.384785 -0.079456
v 0.342426 0.383247 -0.077638
v 0.342434 0.381749 -0.076786
v 0.342434 0.379897 -0.076313
v 0.342434 0.377508 -0.076591
v 0.342434 0.375408 -0.077761
v 0.342426 0.373926 -0.079624
v 0.342437 0.373262 -0.081894
v 0.342452 0.373512 -0.084242
v 0.342426 0.374644 -0.086392
v 0.342426 0.376569 -0.087930
v 0.344499 0.379705 -0.086220
v 0.344501 0.381756 -0.085496
v 0.344499 0.383145 -0.083201
v 0.344499 0.382996 -0.081295
v 0.344500 0.381832 -0.079493
v 0.344499 0.379837 -0.078703
v 0.344500 0.378032 -0.078904
v 0.344499 0.376476 -0.080054
v 0.344499 0.375650 -0.081807
v 0.344500 0.376021 -0.084263
v 0.344500 0.377857 -0.085934
v 0.334132 0.540235 -0.083079
v 0.334132 0.503454 -0.083079
v 0.334132 0.540235 -0.080294
v 0.334132 0.503454 -0.080294
v 0.323603 0.540235 -0.083079
v 0.323603 0.503454 -0.083079
v 0.323603 0.540235 -0.080294
v 0.323603 0.503454 -0.080294
v 0.334132 0.644014 -0.083079
v 0.334132 0.607234 -0.083079
v 0.334132 0.644014 -0.080294
v 0.334132 0.607234 -0.080294
v 0.323603 0.644014 -0.083079
v 0.323603 0.607234 -0.083079
v 0.323603 0.644014 -0.080294
v 0.323603 0.607234 -0.080294
v 0.334132 0.591740 -0.083079
v 0.334132 0.554959 -0.083079
v 0.334132 0.591740 -0.080294
v 0.334132 0.554959 -0.080294
v 0.323603 0.591740 -0.083079
v 0.323603 0.554959 -0.083079
v 0.323603 0.591740 -0.080294
v 0.323603 0.554959 -0.080294
v 0.336256 0.436882 -0.079848
v 0.336256 0.438815 -0.079848
v 0.336256 0.436882 -0.069846
v 0.336256 0.438815 -0.069846
v 0.320249 0.436882 -0.079848
v 0.320249 0.438815 -0.079848
v 0.320249 0.436882 -0.069846
v 0.320249 0.438815 -0.069846
v 0.336552 0.436847 -0.100810
v 0.336552 0.438851 -0.100810
v 0.336552 0.436847 -0.090438
v 0.336552 0.438851 -0.090438
v 0.319952 0.436847 -0.100810
v 0.319952 0.438851 -0.100810
v 0.319952 0.436847 -0.090438
v 0.319952 0.438851 -0.090438
v 0.331011 0.443288 -0.079848
v 0.331011 0.445221 -0.079848
v 0.331011 0.443288 -0.069846
v 0.331011 0.445221 -0.069846
v 0.315005 0.443288 -0.079848
v 0.315005 0.445221 -0.079848
v 0.315005 0.443288 -0.069846
v 0.315005 0.445221 -0.069846
v 0.331308 0.443252 -0.100810
v 0.331308 0.445257 -0.100810
v 0.331308 0.443252 -0.090438
v 0.331308 0.445257 -0.090438
v 0.314708 0.443252 -0.100810
v 0.314708 0.445257 -0.100810
v 0.314708 0.443252 -0.090438
v 0.314708 0.445257 -0.090438
v 0.335537 0.439289 -0.083541
v 0.335537 0.442650 -0.083541
v 0.335537 0.439289 -0.066155
v 0.335537 0.442650 -0.066155
v 0.320968 0.439289 -0.083541
v 0.320968 0.442650 -0.083541
v 0.320968 0.439289 -0.066155
v 0.320968 0.442650 -0.066155
v 0.335537 0.439454 -0.104318
v 0.335537 0.442814 -0.104318
v 0.335537 0.439454 -0.086931
v 0.335537 0.442814 -0.086931
v 0.320968 0.439454 -0.104318
v 0.320968 0.442814 -0.104318
v 0.320968 0.439454 -0.086931
v 0.320968 0.442814 -0.086931
v 0.681256 0.023818 0.181437
v 0.683313 0.053933 0.099057
v 0.683082 0.059257 0.079227
v 0.683218 0.089712 0.028175
v 0.679595 0.054933 -0.093907
v 0.683715 0.050630 -0.109490
v 0.681285 0.024625 -0.180038
v 0.728644 0.030661 -0.086311
v 0.719954 0.089711 -0.027486
v 0.678919 0.069219 0.035780
v 0.680856 0.069366 -0.035659
v 0.723592 0.069363 -0.035157
v 0.723041 0.069123 0.036583
v 0.733148 0.041959 -0.126273
v 0.731809 0.067741 0.012706
v 0.733235 0.054759 0.080611
v 0.672569 0.000858 -0.196174
v 0.730591 0.000851 -0.196176
v 0.744760 0.005225 -0.178520
v 0.744022 0.040705 -0.065562
v 0.669451 0.000876 0.184734
v 0.670260 0.000348 0.188908
v 0.672809 0.000103 0.192292
v 0.681082 0.000000 0.195155
v 0.677932 0.022884 -0.181870
v 0.678156 0.020473 -0.184352
v 0.679626 0.017106 -0.187356
v 0.673205 0.000362 -0.196051
v 0.683418 0.000106 -0.196981
v 0.699825 0.000016 -0.195832
v 0.719005 0.015147 -0.189113
v 0.729963 0.000349 -0.196051
v 0.732278 0.000214 -0.194912
v 0.734936 0.000901 -0.184304
v 0.733311 0.000324 -0.189354
v 0.725227 0.000074 -0.194900
v 0.717353 0.021779 0.183579
v 0.721774 0.018431 0.186511
v 0.720392 0.013673 0.190277
v 0.719117 0.009518 0.193244
v 0.728083 0.000127 0.196315
v 0.730676 0.000038 0.194685
v 0.700373 0.010433 0.192677
v 0.666374 0.000331 -0.190690
v 0.664482 0.000709 -0.186611
v 0.663801 0.001319 -0.182566
v 0.668904 0.002237 -0.177943
v 0.668247 0.003676 -0.173208
v 0.668231 0.005360 -0.168438
v 0.673827 0.012765 -0.148110
v 0.667426 0.028668 -0.093849
v 0.667267 0.039129 -0.052665
v 0.663947 0.040131 -0.048043
v 0.674838 0.040916 -0.042511
v 0.667301 0.043139 -0.008363
v 0.673163 0.043047 0.012693
v 0.668138 0.042786 0.024632
v 0.668392 0.042397 0.030669
v 0.669605 0.042076 0.034003
v 0.668901 0.041529 0.038689
v 0.668217 0.040612 0.044475
v 0.667269 0.036841 0.062722
v 0.667264 0.032974 0.078749
v 0.675592 0.018725 0.129588
v 0.677960 0.015583 0.140017
v 0.667274 0.004208 0.172633
v 0.669338 0.002299 0.178351
v 0.682898 0.008258 0.194077
v 0.680806 0.011567 0.191775
v 0.678864 0.015888 0.188514
v 0.677550 0.020299 0.184762
v 0.681288 0.025721 0.179242
v 0.681316 0.027382 0.177035
v 0.679521 0.029338 0.173816
v 0.679533 0.031557 0.169440
v 0.680136 0.036329 0.157259
v 0.679560 0.039130 0.148989
v 0.683301 0.042072 0.140151
v 0.679640 0.046371 0.125240
v 0.683408 0.063660 0.060965
v 0.683210 0.066656 0.046969
v 0.684408 0.067820 0.042220
v 0.683900 0.069174 0.037378
v 0.677295 0.070000 0.032788
v 0.674840 0.069664 0.031226
v 0.674464 0.070648 0.028547
v 0.673429 0.070287 0.026639
v 0.672920 0.071153 -0.018839
v 0.674278 0.070341 -0.028095
v 0.675313 0.070052 -0.030264
v 0.676597 0.069332 -0.033507
v 0.682169 0.068663 -0.038283
v 0.679442 0.067681 -0.041594
v 0.684179 0.065053 -0.055053
v 0.679435 0.062906 -0.063372
v 0.679563 0.057636 -0.083948
v 0.679626 0.044885 -0.129568
v 0.679559 0.041255 -0.141587
v 0.679553 0.038326 -0.150390
v 0.679544 0.034985 -0.159519
v 0.679543 0.032173 -0.166552
v 0.679539 0.030230 -0.170866
v 0.679529 0.027953 -0.175117
v 0.681315 0.026124 -0.178070
v 0.734702 0.000599 0.186823
v 0.730099 0.002287 0.178326
v 0.730163 0.004135 0.172639
v 0.728298 0.011179 0.153684
v 0.735978 0.013590 0.146763
v 0.730496 0.016062 0.138627
v 0.735237 0.018383 0.131032
v 0.734995 0.024185 0.110864
v 0.727202 0.030233 0.088746
v 0.727508 0.034279 0.073108
v 0.736256 0.034984 0.070654
v 0.734953 0.037314 0.060484
v 0.733791 0.040827 0.043129
v 0.733526 0.041566 0.038272
v 0.734961 0.042262 0.032538
v 0.735906 0.042810 0.024639
v 0.735877 0.043120 -0.012056
v 0.735905 0.042813 -0.023893
v 0.735750 0.042259 -0.032451
v 0.728078 0.041380 -0.039290
v 0.734813 0.040615 -0.044737
v 0.734957 0.039428 -0.051138
v 0.735978 0.037025 -0.061831
v 0.730392 0.026704 -0.100633
v 0.735124 0.019078 -0.127871
v 0.736315 0.015323 -0.140551
v 0.727484 0.014590 -0.142479
v 0.734950 0.012087 -0.150216
v 0.734949 0.008885 -0.159100
v 0.733924 0.005247 -0.168615
v 0.733899 0.003604 -0.173248
v 0.733912 0.002618 -0.176430
v 0.734962 0.001713 -0.179945
v 0.721041 0.019117 -0.185908
v 0.721992 0.022631 -0.182605
v 0.720128 0.027045 -0.177175
v 0.720062 0.029465 -0.173051
v 0.720082 0.032041 -0.167529
v 0.719844 0.036029 -0.157173
v 0.719525 0.039552 -0.147249
v 0.723070 0.041995 -0.139333
v 0.719722 0.055521 -0.092400
v 0.719990 0.058451 -0.081313
v 0.719765 0.067447 -0.043505
v 0.724931 0.068131 -0.039050
v 0.725880 0.070022 -0.032099
v 0.728332 0.069681 -0.030539
v 0.728708 0.070655 -0.027858
v 0.729488 0.070752 -0.025867
v 0.730408 0.070733 0.011395
v 0.730785 0.069554 0.019855
v 0.728893 0.070335 0.028781
v 0.727858 0.070038 0.030951
v 0.720171 0.067491 0.043195
v 0.723830 0.063706 0.060089
v 0.724079 0.058943 0.079834
v 0.723557 0.049102 0.115723
v 0.723612 0.043143 0.136215
v 0.723598 0.039533 0.147769
v 0.723594 0.036466 0.156784
v 0.719923 0.032619 0.167295
v 0.719944 0.030655 0.171606
v 0.719991 0.028130 0.176002
v 0.725157 0.025569 0.179266
v 0.704990 0.025101 -0.179906
v 0.725186 0.024776 -0.180067
v 0.689718 0.032849 -0.165652
v 0.707636 0.033541 -0.164158
v 0.687982 0.041134 -0.142720
v 0.698720 0.041296 -0.142516
v 0.710473 0.040979 -0.143365
v 0.687877 0.045065 -0.129742
v 0.698426 0.045212 -0.129574
v 0.719850 0.045191 -0.128989
v 0.719859 0.050794 -0.109057
v 0.688225 0.055707 -0.092017
v 0.719986 0.063090 -0.063184
v 0.700624 0.065438 -0.054038
v 0.714495 0.064927 -0.055984
v 0.692479 0.069331 -0.037597
v 0.704571 0.069360 -0.037821
v 0.716770 0.069513 -0.036489
v 0.683661 0.199486 0.027259
v 0.684701 0.202730 0.027078
v 0.684477 0.203703 0.026519
v 0.686421 0.204085 0.026397
v 0.683375 0.102572 -0.026949
v 0.683275 0.089588 -0.027501
v 0.692459 0.069257 0.038306
v 0.704652 0.069572 0.037881
v 0.711056 0.064534 0.057723
v 0.707170 0.061874 0.069434
v 0.706322 0.057908 0.085133
v 0.719871 0.054807 0.095888
v 0.687348 0.046740 0.124732
v 0.701487 0.045707 0.128646
v 0.715139 0.043343 0.136333
v 0.689424 0.039573 0.148440
v 0.704639 0.038782 0.151076
v 0.715929 0.040095 0.146703
v 0.687961 0.034223 0.163523
v 0.710031 0.034287 0.163524
v 0.722742 0.033857 0.163981
v 0.704911 0.024117 0.181334
v 0.725193 0.023667 0.181462
v 0.706784 0.001147 -0.182122
v 0.669324 0.001509 -0.181030
v 0.707598 0.008771 -0.158996
v 0.683783 0.008773 -0.159094
v 0.702108 0.015155 -0.140469
v 0.706832 0.020279 -0.122999
v 0.675255 0.018473 -0.129690
v 0.706994 0.024059 -0.109488
v 0.680004 0.024174 -0.109191
v 0.687928 0.029020 -0.092056
v 0.678598 0.038065 -0.056897
v 0.714339 0.041952 -0.033827
v 0.667992 0.041409 -0.039684
v 0.722840 0.042871 0.019240
v 0.699141 0.042880 0.016337
v 0.701690 0.029832 0.089941
v 0.672837 0.027081 0.100419
v 0.715606 0.024889 0.107871
v 0.712799 0.014595 0.143020
v 0.707929 0.008228 0.161656
v 0.676216 0.008242 0.161811
v 0.706720 0.001381 0.181560
v 0.669333 0.001495 0.181537
v 0.745223 0.002292 -0.182781
v 0.744494 0.001894 -0.182381
v 0.740365 0.002104 -0.178922
v 0.745303 0.014070 -0.150931
v 0.745230 0.010190 -0.159276
v 0.744484 0.009584 -0.159380
v 0.742916 0.011147 -0.154148
v 0.740368 0.009088 -0.159050
v 0.745229 0.014738 -0.146518
v 0.744483 0.014087 -0.146767
v 0.742913 0.015694 -0.140589
v 0.740367 0.013453 -0.146819
v 0.745230 0.031161 -0.089871
v 0.742922 0.030255 -0.089705
v 0.740396 0.030000 -0.089780
v 0.736772 0.029886 -0.089701
v 0.745303 0.039552 -0.060298
v 0.745230 0.038861 -0.059862
v 0.744486 0.038254 -0.060026
v 0.742924 0.037865 -0.060063
v 0.740396 0.037628 -0.060066
v 0.745303 0.044546 -0.031442
v 0.745229 0.043605 -0.032442
v 0.744483 0.043015 -0.032692
v 0.742913 0.042629 -0.032745
v 0.740369 0.042393 -0.032752
v 0.745303 0.045238 -0.014261
v 0.745229 0.044322 -0.020153
v 0.744482 0.043746 -0.020436
v 0.742909 0.043363 -0.020497
v 0.740359 0.043127 -0.020503
v 0.745303 0.045273 0.012144
v 0.745303 0.035037 0.079051
v 0.744483 0.033770 0.078665
v 0.740371 0.026845 0.102138
v 0.736701 0.029059 0.093559
v 0.745303 0.027731 0.106059
v 0.744483 0.026497 0.105586
v 0.745303 0.018671 0.137346
v 0.745229 0.018044 0.136770
v 0.744482 0.017400 0.137024
v 0.742910 0.017005 0.137072
v 0.740355 0.016243 0.138885
v 0.745303 0.012399 0.156770
v 0.745230 0.011826 0.156134
v 0.744483 0.013669 0.148870
v 0.742913 0.013272 0.148921
v 0.740373 0.008539 0.161732
v 0.734959 0.008350 0.161743
v 0.745240 0.002345 0.182722
v 0.744499 0.001889 0.182817
v 0.742938 0.001631 0.182580
v 0.740369 0.001227 0.183543
v 0.734951 0.001296 0.182526
v 0.657933 0.002476 0.184982
v 0.657931 0.002345 0.182722
v 0.658673 0.001889 0.182817
v 0.662810 0.002151 0.179503
v 0.657868 0.012399 0.156770
v 0.657942 0.011826 0.156133
v 0.658688 0.010173 0.158999
v 0.660254 0.009527 0.159742
v 0.662790 0.009297 0.159726
v 0.667097 0.009483 0.158813
v 0.667224 0.013250 0.147792
v 0.657942 0.026720 0.106797
v 0.658688 0.026061 0.107122
v 0.660257 0.025661 0.107189
v 0.662801 0.025423 0.107198
v 0.657942 0.033509 0.081850
v 0.658688 0.032872 0.082117
v 0.660257 0.032477 0.082174
v 0.662801 0.032239 0.082179
v 0.658364 0.037592 0.073555
v 0.657942 0.037761 0.064612
v 0.658688 0.037128 0.064894
v 0.660258 0.036733 0.064952
v 0.662803 0.036496 0.064961
v 0.657868 0.040296 0.056981
v 0.657942 0.041992 0.044737
v 0.658688 0.040262 0.050512
v 0.660259 0.039871 0.050560
v 0.663513 0.039563 0.050660
v 0.657868 0.044683 0.030169
v 0.657942 0.043573 0.033145
v 0.658689 0.042981 0.033395
v 0.660258 0.042596 0.033447
v 0.662802 0.042359 0.033453
v 0.657868 0.045273 0.012144
v 0.657942 0.044318 0.021040
v 0.658689 0.043741 0.021324
v 0.660262 0.043359 0.021385
v 0.663622 0.043212 0.013360
v 0.669114 0.042248 -0.032202
v 0.657868 0.039549 -0.060308
v 0.657942 0.038860 -0.059868
v 0.658685 0.038252 -0.060032
v 0.660248 0.037863 -0.060069
v 0.662776 0.037626 -0.060074
v 0.657868 0.032133 -0.089168
v 0.657942 0.031507 -0.088521
v 0.658688 0.030802 -0.089037
v 0.660257 0.030414 -0.089068
v 0.662800 0.030173 -0.089087
v 0.657868 0.019110 -0.135261
v 0.657942 0.025638 -0.109119
v 0.658688 0.024959 -0.109521
v 0.660258 0.024573 -0.109546
v 0.662799 0.024429 -0.109231
v 0.667080 0.024064 -0.109995
v 0.657941 0.002564 -0.184634
v 0.657948 0.002327 -0.182785
v 0.658677 0.001939 -0.182381
v 0.660236 0.001665 -0.182142
v 0.680171 0.084851 0.027729
v 0.677955 0.089783 0.026366
v 0.676401 0.093738 0.025016
v 0.675320 0.093734 0.023747
v 0.674482 0.083994 0.022674
v 0.674141 0.083997 0.021054
v 0.674136 0.083872 -0.020339
v 0.674471 0.083756 -0.021962
v 0.675326 0.093481 -0.023073
v 0.676344 0.089549 -0.024543
v 0.677975 0.089566 -0.025695
v 0.680113 0.084746 -0.027024
v 0.722957 0.089752 -0.026667
v 0.725216 0.089786 -0.025677
v 0.726771 0.093733 -0.024329
v 0.727851 0.093734 -0.023058
v 0.728689 0.083996 -0.021986
v 0.729030 0.083999 -0.020366
v 0.729035 0.083873 0.021027
v 0.728700 0.083757 0.022651
v 0.727845 0.093484 0.023761
v 0.726828 0.089548 0.025232
v 0.725197 0.089563 0.026384
v 0.723059 0.084745 0.027713
v 0.687101 0.089595 -0.028138
v 0.691603 0.089215 -0.028626
v 0.696533 0.089577 -0.028870
v 0.701585 0.090062 -0.028924
v 0.706628 0.089617 -0.028869
v 0.711609 0.089202 -0.028629
v 0.716156 0.089673 -0.028125
v 0.687015 0.089672 0.028814
v 0.691563 0.089201 0.029316
v 0.696544 0.089615 0.029558
v 0.701588 0.090065 0.029613
v 0.706639 0.089578 0.029559
v 0.711568 0.089215 0.029315
v 0.716070 0.089595 0.028827
v 0.680801 0.070294 0.034078
v 0.682608 0.071385 0.033074
v 0.682142 0.072617 0.031702
v 0.682547 0.074319 0.030782
v 0.684211 0.076786 0.030273
v 0.682991 0.080709 0.029062
v 0.673874 0.081057 0.019155
v 0.673554 0.075544 0.019384
v 0.673189 0.072447 0.019473
v 0.673874 0.081090 -0.018429
v 0.673544 0.075416 -0.018670
v 0.683000 0.080544 -0.028409
v 0.682678 0.074928 -0.029823
v 0.682142 0.072626 -0.031015
v 0.681578 0.071337 -0.032098
v 0.682186 0.070331 -0.033859
v 0.722370 0.070321 -0.033389
v 0.720569 0.071402 -0.032384
v 0.721030 0.072626 -0.031015
v 0.720624 0.074324 -0.030093
v 0.718961 0.076788 -0.029584
v 0.720181 0.080711 -0.028373
v 0.729294 0.081164 -0.018444
v 0.729617 0.075545 -0.018697
v 0.729983 0.072446 -0.018783
v 0.730313 0.070896 -0.019394
v 0.729628 0.075416 0.019359
v 0.720171 0.080544 0.029096
v 0.720494 0.074926 0.030509
v 0.721030 0.072617 0.031702
v 0.721593 0.071321 0.032785
v 0.720988 0.070304 0.034544
v 0.697900 0.204745 0.021985
v 0.709568 0.204704 0.021671
v 0.683294 0.204159 0.025031
v 0.684327 0.204452 0.021748
v 0.683445 0.204401 -0.020992
v 0.683345 0.204160 -0.024360
v 0.716868 0.204351 -0.024273
v 0.718945 0.204446 -0.021077
v 0.719725 0.204401 0.021680
v 0.715385 0.204305 0.025928
v 0.711811 0.204184 -0.026284
v 0.694848 0.204343 0.026769
v 0.705708 0.204365 0.026792
v 0.728812 0.139235 0.018711
v 0.719796 0.102582 0.027638
v 0.719897 0.089587 0.028190
v 0.719511 0.199487 -0.026571
v 0.718471 0.202730 -0.026389
v 0.718694 0.203703 -0.025831
v 0.716737 0.204086 -0.025710
v 0.729062 0.089758 -0.018228
v 0.680864 0.005822 0.195473
v 0.680716 0.011269 -0.191520
v 0.722895 0.012180 -0.191039
v 0.722308 0.005822 0.195473
v 0.729930 0.023509 -0.180792
v 0.731360 0.022464 -0.181225
v 0.733114 0.021856 -0.179667
v 0.724388 0.056078 -0.089720
v 0.726894 0.055847 -0.089797
v 0.730229 0.055034 -0.089894
v 0.732223 0.053516 -0.089811
v 0.724374 0.063002 -0.062810
v 0.726891 0.063135 -0.061441
v 0.728793 0.062501 -0.062682
v 0.730230 0.062677 -0.060120
v 0.731326 0.062018 -0.060132
v 0.732224 0.061135 -0.060125
v 0.733150 0.058984 -0.063580
v 0.723591 0.065134 -0.053901
v 0.726918 0.065221 -0.052229
v 0.728804 0.064668 -0.053350
v 0.726616 0.069000 -0.034600
v 0.730609 0.067538 -0.034503
v 0.731047 0.069181 -0.001385
v 0.726686 0.069154 0.034525
v 0.729287 0.068659 0.033106
v 0.730724 0.067456 0.034823
v 0.731439 0.066410 0.037434
v 0.732846 0.064480 0.038590
v 0.726880 0.063317 0.060718
v 0.728790 0.063016 0.060635
v 0.726879 0.059219 0.077821
v 0.728788 0.059132 0.076885
v 0.730224 0.058423 0.077852
v 0.732220 0.056647 0.078798
v 0.726879 0.052431 0.103111
v 0.728789 0.053767 0.097106
v 0.730224 0.051632 0.103150
v 0.731321 0.044126 0.127148
v 0.732220 0.049364 0.105747
v 0.733067 0.041570 0.128902
v 0.726874 0.043207 0.135120
v 0.728787 0.045589 0.125909
v 0.730223 0.042411 0.135145
v 0.732219 0.040279 0.137140
v 0.726875 0.038035 0.151581
v 0.728786 0.039807 0.145182
v 0.730223 0.037236 0.151613
v 0.731321 0.037297 0.149465
v 0.732219 0.034928 0.153871
v 0.726884 0.032742 0.166067
v 0.728786 0.031603 0.168088
v 0.730226 0.031951 0.166075
v 0.731319 0.030933 0.167076
v 0.732218 0.029581 0.168137
v 0.733139 0.029292 0.165701
v 0.729820 0.022946 0.181512
v 0.731359 0.021211 0.182633
v 0.732408 0.020037 0.182966
v 0.733135 0.020910 0.180934
v 0.674851 0.023303 0.181484
v 0.672128 0.021745 0.182291
v 0.670636 0.021967 0.180610
v 0.679541 0.033309 0.165244
v 0.676287 0.033733 0.163504
v 0.670951 0.030415 0.166069
v 0.670103 0.028668 0.167554
v 0.676938 0.041119 0.142248
v 0.678812 0.054301 0.097094
v 0.672947 0.053923 0.094840
v 0.672947 0.058901 0.075928
v 0.670952 0.058418 0.071667
v 0.670939 0.062224 0.055053
v 0.672448 0.067457 0.034822
v 0.671248 0.066254 0.034801
v 0.670004 0.063936 0.038774
v 0.671357 0.067735 -0.011789
v 0.677740 0.068775 -0.036251
v 0.675709 0.068209 -0.037177
v 0.673878 0.068661 -0.032505
v 0.672823 0.068305 -0.031257
v 0.671737 0.066072 -0.039362
v 0.671197 0.066191 -0.034404
v 0.669895 0.063714 -0.039145
v 0.676904 0.065039 -0.053519
v 0.674368 0.064668 -0.053349
v 0.672942 0.062675 -0.060126
v 0.671845 0.062016 -0.060138
v 0.670948 0.061134 -0.060134
v 0.670019 0.060019 -0.059447
v 0.676285 0.056034 -0.089060
v 0.674385 0.056164 -0.087355
v 0.672948 0.055692 -0.087369
v 0.671848 0.054587 -0.089069
v 0.670951 0.053704 -0.089071
v 0.670011 0.052696 -0.087981
v 0.678833 0.050424 -0.109498
v 0.676301 0.050205 -0.109511
v 0.674379 0.049922 -0.109368
v 0.672945 0.049455 -0.109355
v 0.671850 0.048743 -0.109559
v 0.670952 0.047948 -0.109245
v 0.670009 0.046694 -0.109073
v 0.674718 0.023529 -0.180737
v 0.672918 0.024227 -0.179223
v 0.671820 0.023574 -0.179322
v 0.670635 0.022504 -0.179347
v 0.670041 0.025587 -0.172644
v 0.670572 0.024531 -0.176069
v 0.669993 0.041016 -0.129393
v 0.671604 0.067825 -0.023813
v 0.670063 0.064792 -0.031704
v 0.671322 0.067675 0.012585
v 0.672709 0.069589 0.025067
v 0.671443 0.067632 0.022732
v 0.670017 0.045840 0.113545
v 0.670033 0.023174 0.177858
v 0.670574 0.026937 0.172847
v 0.677788 0.007450 0.194287
v 0.671639 0.009475 0.191532
v 0.672029 0.013326 0.189432
v 0.670239 0.014692 0.187340
v 0.669965 0.016891 0.185215
v 0.733144 0.026968 0.171087
v 0.732598 0.025760 0.174990
v 0.732533 0.023631 0.178408
v 0.733156 0.050021 0.098685
v 0.731871 0.067642 -0.011638
v 0.731297 0.068245 -0.024427
v 0.732535 0.024179 -0.177329
v 0.732601 0.025941 -0.174074
v 0.730503 0.014749 -0.188261
v 0.732300 0.015360 -0.187036
v 0.732148 0.017687 -0.185410
v 0.733043 0.018525 -0.183829
v 0.732562 0.021261 -0.181449
v 0.717718 0.004581 0.196466
v 0.707346 0.002776 0.197658
v 0.695825 0.002776 0.197658
v 0.684876 0.004183 0.196550
v 0.733205 0.016892 0.185214
v 0.732155 0.015172 0.187549
v 0.731456 0.012919 0.189531
v 0.730271 0.010901 0.191258
v 0.728363 0.008946 0.192897
v 0.685633 0.010919 -0.191980
v 0.705781 0.009473 -0.193101
v 0.717901 0.010963 -0.191991
v 0.669847 0.018266 -0.183453
v 0.671022 0.017392 -0.185410
v 0.670877 0.015122 -0.187034
v 0.677586 0.013410 -0.190018
v 0.675451 0.004335 -0.194665
v 0.724517 0.007774 -0.193207
v 0.727713 0.004358 -0.194667
v 0.730397 0.000464 0.196263
v 0.736572 0.015707 -0.181729
v 0.740669 0.010635 -0.180348
v 0.744771 0.045119 0.037614
v 0.744809 0.040913 0.059449
v 0.744786 0.036843 0.076777
v 0.744034 0.033306 0.094768
v 0.744789 0.020554 0.135129
v 0.744818 0.016398 0.148309
v 0.744782 0.010382 0.165346
v 0.737917 0.014095 0.181151
v 0.742385 0.008469 0.179716
v 0.665254 0.014096 0.181151
v 0.658377 0.041993 -0.054918
v 0.659181 0.035888 -0.084541
v 0.658383 0.027548 -0.109511
v 0.666669 0.016896 -0.179414
v 0.662496 0.010514 -0.180335
v 0.672240 0.000118 0.195598
v 0.672774 0.000464 0.196262
v 0.658383 0.003124 -0.185258
v 0.659208 0.002740 -0.187908
v 0.745238 0.002476 0.184982
v 0.743906 0.002308 0.188534
v 0.743961 0.002737 -0.187910
v 0.744787 0.003120 -0.185254
v 0.744754 0.012840 -0.157778
v 0.744815 0.017105 -0.145301
v 0.744786 0.020918 -0.133192
v 0.744021 0.030115 -0.105246
v 0.744833 0.033683 -0.087687
v 0.744841 0.041178 -0.058155
v 0.744787 0.043395 -0.048196
v 0.744787 0.044699 -0.040361
v 0.744828 0.045380 -0.034197
v 0.744050 0.047163 -0.028164
v 0.744806 0.046215 -0.022046
v 0.744820 0.046390 -0.014398
v 0.744009 0.047806 0.000342
v 0.744823 0.046388 0.014883
v 0.744785 0.046195 0.024264
v 0.744815 0.045627 0.032162
v 0.744787 0.043684 0.046287
v 0.744824 0.027963 0.109286
v 0.744036 0.015171 0.155699
v 0.744807 0.006330 0.175649
v 0.659265 0.002308 0.188534
v 0.658364 0.006330 0.175649
v 0.658407 0.010321 0.165577
v 0.658384 0.013929 0.155716
v 0.658384 0.016959 0.146724
v 0.658354 0.019780 0.137511
v 0.659113 0.024946 0.124219
v 0.658355 0.033993 0.087501
v 0.658391 0.040207 0.062771
v 0.658384 0.042838 0.050584
v 0.658384 0.044458 0.041891
v 0.658384 0.045564 0.033472
v 0.658386 0.046195 0.024262
v 0.658348 0.046388 0.014882
v 0.659165 0.047810 0.000344
v 0.658351 0.046390 -0.014398
v 0.658386 0.046198 -0.023507
v 0.658386 0.045610 -0.032684
v 0.658370 0.044797 -0.039443
v 0.658374 0.043761 -0.046131
v 0.658373 0.040041 -0.063115
v 0.658353 0.032708 -0.091295
v 0.658378 0.021878 -0.129850
v 0.658355 0.017439 -0.144299
v 0.658410 0.012876 -0.157637
v 0.658457 0.005792 -0.176932
v 0.683334 0.102100 0.027643
v 0.683439 0.121991 0.027316
v 0.687048 0.204051 -0.025936
v 0.687134 0.203697 -0.026362
v 0.684698 0.202731 -0.026388
v 0.683662 0.199487 -0.026571
v 0.683444 0.122294 -0.026628
v 0.674114 0.089991 -0.018235
v 0.674301 0.107673 -0.018067
v 0.729062 0.089713 0.018932
v 0.728872 0.107183 0.018763
v 0.716124 0.204051 0.026623
v 0.716037 0.203697 0.027051
v 0.718473 0.202730 0.027077
v 0.719510 0.199487 0.027260
v 0.719728 0.122296 0.027316
v 0.719837 0.102099 -0.026954
v 0.719732 0.121987 -0.026628
v 0.674836 0.200170 0.019734
v 0.674500 0.197713 0.019731
v 0.674359 0.139547 0.018694
v 0.722706 0.204180 -0.021029
v 0.726598 0.203072 -0.019085
v 0.727679 0.201913 -0.019060
v 0.728335 0.200171 -0.019046
v 0.728814 0.139188 -0.017991
v 0.674357 0.138805 -0.018004
v 0.671417 0.021181 -0.181982
v 0.672959 0.021176 -0.182876
v 0.671536 0.019581 -0.183779
v 0.674545 0.019960 -0.184468
v 0.672635 0.017330 -0.186333
v 0.674882 0.016530 -0.187476
v 0.673458 0.014897 -0.188312
v 0.675682 0.013832 -0.189477
v 0.729816 0.020848 0.183675
v 0.727655 0.020424 0.184481
v 0.731644 0.017820 0.185703
v 0.730457 0.016908 0.187010
v 0.727676 0.015670 0.188489
v 0.729339 0.012681 0.190458
v 0.725818 0.009838 0.192835
v 0.690566 0.003578 0.197184
v 0.706839 0.000784 0.184710
v 0.707459 0.000288 0.188812
v 0.729476 0.000091 0.191944
v 0.688103 0.021874 0.183535
v 0.697984 0.019551 0.185672
v 0.697581 0.016164 0.188454
v 0.684808 0.014118 -0.189754
v 0.697644 0.017470 -0.187267
v 0.698257 0.020897 -0.184312
v 0.697968 0.023349 -0.181851
v 0.705090 0.027232 -0.177045
v 0.687999 0.028242 -0.175094
v 0.705003 0.029674 -0.172899
v 0.687952 0.030503 -0.170858
v 0.704930 0.031728 -0.168596
v 0.704659 0.036415 -0.156691
v 0.687729 0.036981 -0.154849
v 0.704846 0.038767 -0.150104
v 0.709854 0.044134 -0.133161
v 0.708329 0.050304 -0.111405
v 0.693332 0.050354 -0.111079
v 0.709855 0.055690 -0.092355
v 0.698065 0.055290 -0.093843
v 0.699106 0.058102 -0.083444
v 0.709962 0.058768 -0.080738
v 0.687876 0.058024 -0.083357
v 0.710002 0.063095 -0.063816
v 0.695991 0.063748 -0.061317
v 0.688098 0.062897 -0.064360
v 0.704509 0.067221 -0.045682
v 0.687602 0.067761 -0.042574
v 0.709793 0.068162 -0.041480
v 0.698412 0.068156 -0.041698
v 0.717631 0.068650 -0.038944
v 0.728200 0.197723 -0.021350
v 0.727395 0.199466 -0.022717
v 0.726315 0.199490 -0.023906
v 0.724711 0.199501 -0.024948
v 0.722478 0.199498 -0.025838
v 0.727869 0.200176 -0.021346
v 0.726907 0.201930 -0.022188
v 0.725550 0.201901 -0.023846
v 0.723999 0.201893 -0.024869
v 0.721300 0.202730 -0.025696
v 0.725823 0.203073 -0.022226
v 0.723878 0.203048 -0.024356
v 0.724234 0.203771 -0.022250
v 0.722322 0.203731 -0.024359
v 0.720289 0.204102 -0.024334
v 0.722478 0.199499 0.026527
v 0.724709 0.199505 0.025638
v 0.726311 0.199497 0.024597
v 0.727391 0.199475 0.023408
v 0.728200 0.197723 0.022039
v 0.728671 0.197715 0.019734
v 0.727869 0.200176 0.022035
v 0.728331 0.200171 0.019769
v 0.721285 0.202737 0.026388
v 0.723999 0.201893 0.025558
v 0.725550 0.201901 0.024534
v 0.726899 0.201935 0.022885
v 0.727675 0.201912 0.019788
v 0.723855 0.203054 0.025053
v 0.725811 0.203076 0.022928
v 0.726594 0.203072 0.019808
v 0.719800 0.203694 0.026179
v 0.722280 0.203736 0.025064
v 0.724218 0.203773 0.022954
v 0.724984 0.203784 0.019795
v 0.720238 0.204103 0.025043
v 0.722676 0.204179 0.021786
v 0.674971 0.197723 0.022039
v 0.675777 0.199466 0.023404
v 0.676857 0.199490 0.024595
v 0.678460 0.199500 0.025637
v 0.680693 0.199498 0.026527
v 0.675303 0.200176 0.022035
v 0.676265 0.201930 0.022876
v 0.677621 0.201901 0.024534
v 0.679173 0.201893 0.025558
v 0.681871 0.202730 0.026385
v 0.677348 0.203073 0.022915
v 0.679293 0.203048 0.025043
v 0.678937 0.203771 0.022936
v 0.680849 0.203731 0.025048
v 0.680693 0.199499 -0.025838
v 0.678463 0.199505 -0.024949
v 0.676860 0.199498 -0.023908
v 0.675781 0.199475 -0.022721
v 0.674971 0.197723 -0.021350
v 0.674505 0.197713 -0.019074
v 0.675303 0.200176 -0.021346
v 0.674841 0.200170 -0.019081
v 0.681887 0.202737 -0.025699
v 0.679173 0.201893 -0.024869
v 0.677621 0.201901 -0.023846
v 0.676273 0.201935 -0.022197
v 0.675493 0.201913 -0.019068
v 0.679316 0.203054 -0.024364
v 0.677360 0.203076 -0.022239
v 0.676574 0.203072 -0.019093
v 0.683371 0.203694 -0.025492
v 0.680891 0.203736 -0.024375
v 0.678953 0.203773 -0.022265
v 0.678187 0.203784 -0.019107
v 0.680468 0.204180 -0.021042
v 0.716095 0.069217 0.037855
v 0.702374 0.068660 0.040345
v 0.709796 0.068030 0.042195
v 0.707812 0.066760 0.047425
v 0.697241 0.067191 0.045585
v 0.693365 0.063791 0.061107
v 0.720115 0.061583 0.069848
v 0.693184 0.060256 0.075903
v 0.715238 0.059090 0.080213
v 0.693168 0.055281 0.094809
v 0.707342 0.052729 0.104078
v 0.715326 0.049197 0.116190
v 0.693187 0.048698 0.118161
v 0.699104 0.042766 0.138599
v 0.716026 0.037059 0.155706
v 0.695418 0.036381 0.157907
v 0.703149 0.033027 0.166848
v 0.687921 0.031803 0.169411
v 0.704756 0.030934 0.171476
v 0.687928 0.029583 0.173788
v 0.704789 0.029148 0.174676
v 0.704819 0.027690 0.176916
v 0.704860 0.026022 0.179137
v 0.673775 0.000138 -0.193022
v 0.694858 0.000221 -0.189673
v 0.707086 0.000507 -0.186570
v 0.681138 0.000851 -0.184316
v 0.701525 0.002115 -0.177816
v 0.696829 0.003465 -0.173339
v 0.696883 0.005119 -0.168637
v 0.703249 0.011665 -0.150965
v 0.668741 0.015031 -0.141303
v 0.715008 0.017859 -0.131559
v 0.667999 0.031206 -0.084462
v 0.683616 0.030848 -0.085367
v 0.714725 0.029814 -0.089243
v 0.696909 0.036496 -0.063201
v 0.722906 0.036998 -0.061443
v 0.683087 0.039655 -0.049360
v 0.709621 0.038951 -0.052644
v 0.706507 0.040442 -0.044858
v 0.696666 0.041307 -0.039190
v 0.701511 0.042229 -0.030565
v 0.691434 0.042699 -0.022249
v 0.719686 0.042747 -0.021862
v 0.697313 0.042879 -0.015267
v 0.716703 0.042969 -0.010981
v 0.683526 0.042995 -0.008286
v 0.688924 0.042973 0.010612
v 0.716490 0.042978 0.008532
v 0.696706 0.042515 0.026906
v 0.720831 0.042593 0.026355
v 0.706504 0.042022 0.033218
v 0.696671 0.041524 0.037611
v 0.699842 0.040672 0.043231
v 0.707342 0.039305 0.050516
v 0.676249 0.039347 0.050669
v 0.680467 0.037229 0.060415
v 0.706499 0.037191 0.060328
v 0.685848 0.034845 0.070533
v 0.702174 0.033489 0.075946
v 0.680775 0.031942 0.082190
v 0.688505 0.026240 0.103117
v 0.706037 0.018526 0.129983
v 0.706291 0.011219 0.153340
v 0.680480 0.011957 0.151344
v 0.680518 0.004077 0.172652
v 0.706531 0.003997 0.172718
v 0.706631 0.002163 0.178407
v 0.727746 0.013697 -0.189607
v 0.725738 0.013376 -0.190103
v 0.726608 0.017048 -0.187430
v 0.730603 0.016590 -0.187028
v 0.728860 0.016233 -0.187779
v 0.730442 0.019417 -0.184846
v 0.728164 0.020386 -0.184451
v 0.731633 0.019918 -0.183779
v 0.728308 0.022811 -0.181970
v 0.731341 0.025315 -0.177310
v 0.730245 0.025964 -0.177243
v 0.728817 0.026419 -0.177202
v 0.726308 0.026776 -0.177208
v 0.731332 0.027688 -0.173123
v 0.730235 0.028348 -0.173079
v 0.728805 0.028815 -0.173048
v 0.726281 0.029180 -0.173086
v 0.732219 0.029355 -0.167551
v 0.731322 0.030237 -0.167548
v 0.730225 0.030898 -0.167523
v 0.728792 0.031369 -0.167505
v 0.726260 0.031743 -0.167558
v 0.732220 0.033368 -0.157017
v 0.731322 0.034251 -0.157019
v 0.730224 0.034911 -0.157004
v 0.728787 0.035380 -0.157000
v 0.726234 0.035708 -0.157210
v 0.732219 0.037918 -0.144014
v 0.731322 0.038802 -0.144008
v 0.730223 0.039465 -0.143985
v 0.728787 0.039939 -0.143967
v 0.726235 0.038953 -0.148060
v 0.726877 0.041695 -0.139348
v 0.732218 0.042748 -0.128012
v 0.731317 0.043683 -0.127831
v 0.730221 0.044394 -0.127640
v 0.728773 0.044813 -0.127804
v 0.726862 0.045190 -0.127613
v 0.724315 0.045402 -0.127609
v 0.731322 0.054375 -0.089915
v 0.728786 0.055607 -0.089527
v 0.732279 0.063985 -0.046470
v 0.731358 0.064410 -0.049019
v 0.730362 0.065364 -0.047321
v 0.728949 0.067101 -0.041027
v 0.727462 0.068209 -0.037176
v 0.731435 0.066072 -0.039360
v 0.730974 0.068116 -0.028983
v 0.730117 0.068555 -0.030802
v 0.729293 0.068661 -0.032504
v 0.729711 0.069475 -0.028406
v 0.730378 0.069371 -0.026139
v 0.730376 0.069803 -0.024232
v 0.730779 0.069488 -0.021205
v 0.730632 0.070082 -0.009463
v 0.730879 0.069050 0.023165
v 0.730926 0.068817 0.025210
v 0.730078 0.069742 0.026910
v 0.730793 0.068324 0.029505
v 0.729710 0.069466 0.029093
v 0.730109 0.068538 0.031505
v 0.728772 0.069322 0.031534
v 0.732266 0.064658 0.042428
v 0.730376 0.066651 0.040508
v 0.727244 0.067591 0.040440
v 0.728936 0.067045 0.041388
v 0.724708 0.067373 0.042664
v 0.731372 0.064345 0.048929
v 0.732235 0.061743 0.057331
v 0.730247 0.062945 0.058852
v 0.731322 0.060395 0.067202
v 0.731323 0.054513 0.090274
v 0.724356 0.053398 0.100314
v 0.728788 0.035457 0.157967
v 0.730233 0.029467 0.171642
v 0.725974 0.031297 0.169677
v 0.731333 0.027632 0.173891
v 0.728804 0.028768 0.173821
v 0.726272 0.029155 0.173835
v 0.730240 0.026969 0.176054
v 0.731343 0.024813 0.178307
v 0.726287 0.027098 0.177058
v 0.729588 0.025522 0.178513
v 0.675444 0.009063 0.192999
v 0.676469 0.010804 0.192094
v 0.673810 0.011175 0.191390
v 0.674047 0.015345 0.188564
v 0.671888 0.015560 0.187737
v 0.671527 0.017820 0.185703
v 0.673333 0.019960 0.184536
v 0.670700 0.019444 0.183498
v 0.671828 0.024813 0.178307
v 0.672925 0.025458 0.178252
v 0.674869 0.025184 0.179291
v 0.670934 0.025437 0.176150
v 0.674885 0.026829 0.177085
v 0.671839 0.027632 0.173891
v 0.672935 0.028296 0.173849
v 0.674902 0.028883 0.173857
v 0.671853 0.030933 0.167076
v 0.672949 0.031129 0.168105
v 0.674386 0.031604 0.168088
v 0.676276 0.031305 0.169420
v 0.672948 0.036481 0.153829
v 0.674384 0.036957 0.153805
v 0.670952 0.035684 0.151653
v 0.671850 0.037297 0.149465
v 0.676294 0.037369 0.153440
v 0.672949 0.041826 0.137107
v 0.674386 0.042300 0.137089
v 0.670952 0.042599 0.129386
v 0.671850 0.042356 0.133113
v 0.676296 0.043816 0.133057
v 0.672948 0.047345 0.118175
v 0.674383 0.051390 0.105679
v 0.671849 0.051233 0.102217
v 0.676292 0.052697 0.102144
v 0.670951 0.053628 0.090281
v 0.674382 0.058669 0.078740
v 0.671849 0.057439 0.079118
v 0.676293 0.059219 0.077821
v 0.678816 0.059666 0.076872
v 0.671849 0.061412 0.062760
v 0.672924 0.062945 0.058853
v 0.674382 0.063016 0.060635
v 0.676292 0.063317 0.060718
v 0.678839 0.063527 0.060732
v 0.671786 0.064859 0.046300
v 0.674236 0.067045 0.041388
v 0.675927 0.067591 0.040440
v 0.678463 0.067373 0.042664
v 0.671181 0.065200 0.041258
v 0.672795 0.066651 0.040508
v 0.673063 0.068538 0.031505
v 0.673885 0.068659 0.033107
v 0.675822 0.068976 0.034484
v 0.672071 0.068285 0.027342
v 0.672378 0.068324 0.029505
v 0.673462 0.069466 0.029093
v 0.672392 0.069487 0.021892
v 0.672762 0.070675 0.019119
v 0.672171 0.069234 0.010467
v 0.672349 0.069608 -0.011495
v 0.672442 0.069590 -0.021243
v 0.672919 0.070037 -0.024197
v 0.671701 0.067723 -0.026986
v 0.673092 0.069747 -0.026222
v 0.672374 0.068332 -0.028812
v 0.673461 0.069476 -0.028404
v 0.674400 0.069341 -0.030845
v 0.670892 0.063985 -0.046471
v 0.672809 0.065364 -0.047323
v 0.674223 0.067101 -0.041028
v 0.671813 0.064410 -0.049016
v 0.676281 0.063133 -0.061451
v 0.674379 0.062466 -0.062827
v 0.670954 0.042347 -0.129391
v 0.671851 0.043123 -0.129750
v 0.672949 0.043783 -0.129732
v 0.674384 0.044253 -0.129725
v 0.676294 0.044572 -0.129731
v 0.670953 0.037188 -0.146244
v 0.671850 0.038071 -0.146243
v 0.672948 0.038736 -0.146214
v 0.674384 0.039211 -0.146193
v 0.676293 0.039536 -0.146176
v 0.670952 0.032352 -0.159637
v 0.671849 0.033239 -0.159620
v 0.672947 0.033909 -0.159581
v 0.674383 0.034392 -0.159544
v 0.676293 0.034720 -0.159525
v 0.670951 0.028380 -0.169393
v 0.671849 0.029269 -0.169356
v 0.672948 0.029940 -0.169307
v 0.674387 0.030422 -0.169274
v 0.676307 0.030753 -0.169260
v 0.671836 0.026230 -0.175235
v 0.672933 0.026888 -0.175177
v 0.674898 0.027473 -0.175175
v 0.674878 0.025532 -0.178148
v 0.677773 0.081070 0.027080
v 0.676133 0.081141 0.025830
v 0.675033 0.081174 0.024430
v 0.679820 0.077583 0.028721
v 0.677384 0.075429 0.028103
v 0.675767 0.075502 0.026690
v 0.674691 0.075528 0.025136
v 0.674036 0.075516 0.023456
v 0.673694 0.075474 0.021658
v 0.679263 0.073300 0.030132
v 0.676854 0.072742 0.029108
v 0.675219 0.072343 0.027691
v 0.674235 0.072380 0.025928
v 0.673542 0.071893 0.024168
v 0.673241 0.071891 0.022191
v 0.678533 0.071400 0.031442
v 0.676280 0.071277 0.029955
v 0.672907 0.071274 -0.000019
v 0.673193 0.072450 -0.018773
v 0.674995 0.080648 -0.023756
v 0.676080 0.080615 -0.025164
v 0.677703 0.080616 -0.026415
v 0.679734 0.077387 -0.028050
v 0.673673 0.075268 -0.020954
v 0.673990 0.075134 -0.022777
v 0.674620 0.075055 -0.024485
v 0.675672 0.075050 -0.026052
v 0.677263 0.075058 -0.027465
v 0.679478 0.074361 -0.029028
v 0.673199 0.071715 -0.021473
v 0.673566 0.072086 -0.023407
v 0.673993 0.071499 -0.025475
v 0.675065 0.071951 -0.027122
v 0.676523 0.071913 -0.028776
v 0.679076 0.072677 -0.029838
v 0.678169 0.070796 -0.031342
v 0.723108 0.080991 -0.027474
v 0.725399 0.081070 -0.026391
v 0.727039 0.081140 -0.025141
v 0.728138 0.081172 -0.023741
v 0.723634 0.075152 -0.028663
v 0.725787 0.075430 -0.027415
v 0.727405 0.075503 -0.026002
v 0.728480 0.075531 -0.024447
v 0.729136 0.075516 -0.022768
v 0.729477 0.075475 -0.020972
v 0.724095 0.072677 -0.029838
v 0.726317 0.072747 -0.028419
v 0.727952 0.072347 -0.027002
v 0.728936 0.072382 -0.025239
v 0.729629 0.071895 -0.023479
v 0.729930 0.071891 -0.021502
v 0.724639 0.071412 -0.030753
v 0.726892 0.071286 -0.029268
v 0.729302 0.080975 0.019130
v 0.729885 0.073104 0.019521
v 0.730151 0.071568 0.019573
v 0.728176 0.080646 0.024445
v 0.727091 0.080615 0.025853
v 0.725468 0.080617 0.027104
v 0.723437 0.077386 0.028737
v 0.729499 0.075268 0.021643
v 0.729181 0.075134 0.023466
v 0.728551 0.075055 0.025174
v 0.727499 0.075049 0.026741
v 0.725908 0.075057 0.028152
v 0.723693 0.074358 0.029717
v 0.729972 0.071716 0.022162
v 0.729824 0.071165 0.024250
v 0.729178 0.071497 0.026164
v 0.728106 0.071948 0.027810
v 0.726647 0.071907 0.029465
v 0.724095 0.072670 0.030526
v 0.725003 0.070782 0.032028
v 0.688913 0.083329 -0.029007
v 0.698949 0.082872 -0.029675
v 0.709348 0.083385 -0.029405
v 0.716647 0.080742 -0.029032
v 0.688699 0.079459 -0.029622
v 0.698926 0.079254 -0.030308
v 0.709674 0.079502 -0.030036
v 0.688545 0.076548 -0.030349
v 0.698877 0.076404 -0.031072
v 0.709796 0.076575 -0.030783
v 0.688294 0.074307 -0.031206
v 0.698802 0.074205 -0.031974
v 0.709984 0.074322 -0.031669
v 0.716682 0.074301 -0.030912
v 0.687925 0.072608 -0.032210
v 0.698703 0.072541 -0.033026
v 0.710235 0.072616 -0.032706
v 0.717032 0.072600 -0.031905
v 0.687421 0.071328 -0.033378
v 0.698598 0.071296 -0.034243
v 0.710512 0.071341 -0.033910
v 0.692492 0.070378 -0.035311
v 0.704661 0.070351 -0.035652
v 0.716469 0.070350 -0.034725
v 0.714258 0.083329 0.029696
v 0.704223 0.082871 0.030364
v 0.693825 0.083385 0.030092
v 0.686524 0.080742 0.029721
v 0.714471 0.079458 0.030311
v 0.704248 0.079252 0.030997
v 0.693497 0.079501 0.030725
v 0.714628 0.076546 0.031036
v 0.704293 0.076400 0.031759
v 0.693376 0.076573 0.031472
v 0.714878 0.074301 0.031895
v 0.704371 0.074197 0.032663
v 0.693189 0.074315 0.032358
v 0.686490 0.074295 0.031601
v 0.715247 0.072597 0.032896
v 0.704470 0.072527 0.033715
v 0.692937 0.072603 0.033395
v 0.686139 0.072589 0.032592
v 0.715753 0.071309 0.034064
v 0.704576 0.071272 0.034933
v 0.692662 0.071318 0.034600
v 0.710686 0.070341 0.035998
v 0.698511 0.070311 0.036341
v 0.686709 0.070316 0.035416
v 0.700118 0.204373 -0.026223
v 0.704033 0.204613 -0.024653
v 0.689401 0.204354 -0.025335
v 0.710604 0.204679 -0.021312
v 0.697536 0.204738 -0.021385
v 0.688379 0.204595 -0.021038
v 0.703674 0.204757 -0.019373
v 0.715956 0.204555 0.021649
v 0.692178 0.204676 0.021917
v 0.704033 0.204613 0.025342
v 0.690390 0.204488 0.024994
v 0.675495 0.201911 0.019777
v 0.676577 0.203071 0.019797
v 0.678191 0.203783 0.019816
v 0.680489 0.204179 0.021769
v 0.715751 0.199474 -0.027142
v 0.709322 0.199472 -0.027698
v 0.698969 0.199744 -0.027864
v 0.689063 0.199478 -0.027347
v 0.714869 0.202743 -0.026929
v 0.710682 0.202766 -0.027310
v 0.704024 0.202854 -0.027591
v 0.694394 0.202771 -0.027448
v 0.688284 0.202737 -0.026928
v 0.712459 0.203706 -0.026799
v 0.703798 0.203757 -0.027221
v 0.694875 0.203721 -0.027093
v 0.703642 0.204127 -0.026818
v 0.695254 0.204096 -0.026715
v 0.728667 0.197704 -0.019071
v 0.724980 0.203783 -0.019127
v 0.687419 0.199474 0.027831
v 0.693848 0.199471 0.028387
v 0.704203 0.199744 0.028553
v 0.714108 0.199478 0.028036
v 0.688302 0.202743 0.027618
v 0.692489 0.202765 0.027999
v 0.699146 0.202855 0.028280
v 0.708778 0.202771 0.028136
v 0.714887 0.202737 0.027617
v 0.691019 0.203910 0.027367
v 0.699371 0.203757 0.027910
v 0.708294 0.203721 0.027782
v 0.699531 0.204127 0.027507
v 0.707917 0.204096 0.027402
v 0.670023 0.028017 -0.167289
v 0.658342 0.008102 -0.169781
v 0.662986 0.014599 -0.172242
v 0.664712 0.015230 -0.176895
v 0.670006 0.034466 -0.150289
v 0.670014 0.031258 -0.159117
v 0.670003 0.037372 -0.141533
v 0.669983 0.062456 -0.047764
v 0.670362 0.065266 0.032234
v 0.669984 0.062375 0.047867
v 0.670003 0.059222 0.062696
v 0.670026 0.055561 0.078048
v 0.670007 0.050600 0.096543
v 0.669997 0.039108 0.136643
v 0.670015 0.032302 0.157574
v 0.670013 0.035379 0.148592
v 0.660786 0.008469 0.179718
v 0.665229 0.015320 0.178973
v 0.665218 0.016871 0.176031
v 0.662879 0.014960 0.172138
v 0.671857 0.003247 0.194823
v 0.667560 0.003345 0.193449
v 0.672012 0.006353 0.193336
v 0.665620 0.004383 0.191906
v 0.663438 0.004970 0.189977
v 0.666379 0.007748 0.189844
v 0.668736 0.009892 0.189786
v 0.662567 0.006083 0.187962
v 0.665956 0.009857 0.187677
v 0.662207 0.007498 0.185567
v 0.665525 0.011351 0.185578
v 0.662658 0.009359 0.183345
v 0.668101 0.016410 0.183294
v 0.740292 0.014960 0.172141
v 0.737955 0.016868 0.176032
v 0.737940 0.015322 0.178974
v 0.733169 0.032942 0.155708
v 0.733193 0.036526 0.144900
v 0.733083 0.058773 0.065288
v 0.733188 0.062376 0.047867
v 0.732809 0.065266 0.032234
v 0.733101 0.064705 -0.032932
v 0.733106 0.061172 -0.054673
v 0.733245 0.062696 -0.045935
v 0.732753 0.064545 -0.039100
v 0.733142 0.052114 -0.090301
v 0.733194 0.038550 -0.137647
v 0.733169 0.032077 -0.156961
v 0.733169 0.035264 -0.147954
v 0.737923 0.016053 -0.177360
v 0.741852 0.012254 -0.171619
v 0.737981 0.017856 -0.173164
v 0.733123 0.027743 -0.168499
v 0.732130 0.004694 -0.193590
v 0.728426 0.008486 -0.192238
v 0.735501 0.005117 -0.192277
v 0.730974 0.009657 -0.191005
v 0.737958 0.005614 -0.190761
v 0.733861 0.010147 -0.189655
v 0.739887 0.005997 -0.189010
v 0.736745 0.009757 -0.188244
v 0.739950 0.008065 -0.186704
v 0.735584 0.013608 -0.185847
v 0.740103 0.009417 -0.184514
v 0.735526 0.015401 -0.184005
v 0.740417 0.010093 -0.182443
v 0.712930 0.003328 0.197246
v 0.701661 0.002822 0.197731
v 0.740513 0.009359 0.183345
v 0.735070 0.016411 0.183294
v 0.740964 0.007499 0.185567
v 0.737646 0.011351 0.185578
v 0.740604 0.006084 0.187962
v 0.735666 0.011675 0.187483
v 0.739733 0.004971 0.189977
v 0.736792 0.007749 0.189844
v 0.734436 0.009892 0.189786
v 0.738559 0.003702 0.191847
v 0.733753 0.007595 0.191646
v 0.733323 0.004898 0.193389
v 0.725730 0.007402 0.194236
v 0.679608 0.005396 -0.194599
v 0.685669 0.005664 -0.194962
v 0.694651 0.009965 -0.192748
v 0.714764 0.005732 -0.195080
v 0.720921 0.005505 -0.194815
v 0.662753 0.009971 -0.182434
v 0.669825 0.019862 -0.181530
v 0.663074 0.009305 -0.184509
v 0.663224 0.007968 -0.186703
v 0.667594 0.013406 -0.185843
v 0.663288 0.005941 -0.189006
v 0.666429 0.009626 -0.188242
v 0.665219 0.005571 -0.190753
v 0.670414 0.011142 -0.189410
v 0.667675 0.005088 -0.192267
v 0.672191 0.009552 -0.190999
v 0.671039 0.004670 -0.193582
v 0.674736 0.008412 -0.192230
v 0.660629 0.000946 -0.186719
v 0.659136 0.001203 -0.186889
v 0.658169 0.001845 -0.185489
v 0.658711 0.001515 -0.187655
v 0.658637 0.002089 -0.187586
v 0.662737 0.000531 -0.190829
v 0.661333 0.000759 -0.190920
v 0.659764 0.001252 -0.189713
v 0.659813 0.001916 -0.189785
v 0.661501 0.001044 -0.191620
v 0.661562 0.001657 -0.191632
v 0.667458 0.000287 -0.193618
v 0.664283 0.000747 -0.193387
v 0.664186 0.001445 -0.193329
v 0.668484 0.000423 -0.194815
v 0.667703 0.000763 -0.194854
v 0.667833 0.001276 -0.194817
v 0.679200 0.000313 -0.197018
v 0.678703 0.000770 -0.197147
v 0.685972 0.000416 -0.197811
v 0.686046 0.000979 -0.197730
v 0.693806 0.000254 -0.198114
v 0.693549 0.000687 -0.198251
v 0.705542 0.000128 -0.197921
v 0.701584 0.000359 -0.198346
v 0.701571 0.000925 -0.198263
v 0.709465 0.000385 -0.198222
v 0.709129 0.000943 -0.198140
v 0.718183 0.000201 -0.197539
v 0.717142 0.000722 -0.197858
v 0.724292 0.000456 -0.197115
v 0.724378 0.001034 -0.197035
v 0.741974 0.000652 0.188157
v 0.744065 0.001093 0.187129
v 0.744736 0.001427 0.187312
v 0.744984 0.002256 0.186397
v 0.744534 0.001822 0.187990
v 0.743297 0.000911 0.190020
v 0.743346 0.001543 0.190164
v 0.738159 0.000248 0.192430
v 0.741564 0.000684 0.191818
v 0.741592 0.001225 0.191940
v 0.738979 0.000504 0.193448
v 0.738744 0.000956 0.193694
v 0.735383 0.000366 0.194875
v 0.734903 0.000732 0.195148
v 0.724405 0.000348 0.197164
v 0.715917 0.000048 0.197696
v 0.717347 0.000329 0.197809
v 0.709717 0.000212 0.198216
v 0.699872 0.000019 0.198101
v 0.701586 0.000234 0.198345
v 0.693454 0.000212 0.198216
v 0.679917 0.000087 0.197067
v 0.685782 0.000264 0.197820
v 0.678828 0.000433 0.197151
v 0.735232 0.000608 -0.194888
v 0.735331 0.001269 -0.194819
v 0.735559 0.000229 -0.192387
v 0.738226 0.000484 -0.193336
v 0.739080 0.000867 -0.193346
v 0.738980 0.001436 -0.193333
v 0.740435 0.000499 -0.190827
v 0.741841 0.000730 -0.190918
v 0.741670 0.001023 -0.191620
v 0.741606 0.001646 -0.191634
v 0.741819 0.000724 -0.187526
v 0.743407 0.001225 -0.189713
v 0.743355 0.001903 -0.189788
v 0.744035 0.001164 -0.186887
v 0.744461 0.001485 -0.187657
v 0.744534 0.002071 -0.187586
v 0.742432 0.001318 -0.183269
v 0.745002 0.001812 -0.185489
v 0.745230 0.002541 -0.184636
v 0.742917 0.002677 -0.177648
v 0.744486 0.003049 -0.177590
v 0.745229 0.004530 -0.174347
v 0.745303 0.005431 -0.173972
v 0.740392 0.004445 -0.171320
v 0.742921 0.004685 -0.171301
v 0.744483 0.004943 -0.171648
v 0.744808 0.007493 -0.171536
v 0.740358 0.018466 -0.130657
v 0.744483 0.018318 -0.133215
v 0.745229 0.019735 -0.130363
v 0.745303 0.020397 -0.130837
v 0.742912 0.019465 -0.127970
v 0.744481 0.030530 -0.090095
v 0.745303 0.031923 -0.090004
v 0.740368 0.040192 -0.048176
v 0.742913 0.040429 -0.048170
v 0.744483 0.040819 -0.048118
v 0.745229 0.042136 -0.044157
v 0.745303 0.042589 -0.046057
v 0.739659 0.041433 -0.040416
v 0.742912 0.041731 -0.040338
v 0.744483 0.042118 -0.040291
v 0.740319 0.043315 0.000342
v 0.742895 0.043551 0.000343
v 0.744478 0.043932 0.000345
v 0.745229 0.044501 0.000345
v 0.735322 0.043113 0.012149
v 0.740358 0.043122 0.021392
v 0.742909 0.043359 0.021385
v 0.744482 0.043741 0.021324
v 0.745229 0.044317 0.021040
v 0.745303 0.044683 0.030169
v 0.740369 0.042359 0.033453
v 0.742913 0.042596 0.033448
v 0.744483 0.042981 0.033395
v 0.745229 0.043573 0.033145
v 0.740367 0.041254 0.041873
v 0.742913 0.041491 0.041867
v 0.744483 0.041879 0.041816
v 0.745230 0.041992 0.044738
v 0.745303 0.043188 0.042167
v 0.734953 0.039441 0.050613
v 0.740372 0.038879 0.054290
v 0.742913 0.039872 0.050560
v 0.744483 0.040262 0.050513
v 0.745303 0.040296 0.056983
v 0.742913 0.036733 0.064951
v 0.744483 0.037640 0.062619
v 0.745230 0.037760 0.064613
v 0.740369 0.034906 0.071601
v 0.742914 0.032477 0.082171
v 0.745230 0.033509 0.081850
v 0.739687 0.032115 0.082415
v 0.742914 0.025660 0.107192
v 0.745230 0.026719 0.106800
v 0.739659 0.011434 0.153523
v 0.742917 0.009528 0.159741
v 0.744483 0.010173 0.158997
v 0.744488 0.005061 0.172389
v 0.739658 0.004327 0.172597
v 0.742917 0.004616 0.172580
v 0.745230 0.004884 0.174393
v 0.745303 0.005283 0.175403
v 0.739659 0.002469 0.178268
v 0.742919 0.002743 0.178235
v 0.744486 0.003111 0.178175
v 0.667788 0.000366 0.194875
v 0.667777 0.000739 0.194983
v 0.665012 0.000248 0.192430
v 0.664192 0.000504 0.193447
v 0.664177 0.000959 0.193559
v 0.661607 0.000684 0.191818
v 0.661579 0.001225 0.191940
v 0.661198 0.000652 0.188158
v 0.659874 0.000911 0.190020
v 0.659825 0.001543 0.190164
v 0.659106 0.001093 0.187129
v 0.658435 0.001427 0.187312
v 0.658637 0.001822 0.187990
v 0.660710 0.001315 0.183718
v 0.658187 0.002256 0.186397
v 0.660252 0.002743 0.178235
v 0.658685 0.003111 0.178175
v 0.657868 0.005283 0.175403
v 0.657942 0.004884 0.174393
v 0.662796 0.004373 0.172608
v 0.660255 0.004616 0.172580
v 0.658684 0.005061 0.172389
v 0.662803 0.013033 0.148928
v 0.660258 0.013271 0.148923
v 0.658688 0.013668 0.148871
v 0.662811 0.016767 0.137078
v 0.660261 0.017005 0.137073
v 0.658689 0.017401 0.137022
v 0.657942 0.018046 0.136766
v 0.657868 0.018671 0.137344
v 0.666488 0.017218 0.135115
v 0.657868 0.027731 0.106057
v 0.666468 0.026009 0.104639
v 0.658353 0.029319 0.104501
v 0.657868 0.035038 0.079049
v 0.662804 0.041254 0.041873
v 0.660259 0.041491 0.041867
v 0.658689 0.041880 0.041815
v 0.657868 0.043189 0.042166
v 0.662803 0.042969 0.024605
v 0.662853 0.043315 0.000345
v 0.660277 0.043551 0.000344
v 0.658693 0.043932 0.000342
v 0.657942 0.044501 0.000342
v 0.657868 0.045238 -0.014261
v 0.668340 0.042981 -0.018234
v 0.662813 0.043127 -0.020503
v 0.660262 0.043363 -0.020495
v 0.658689 0.043746 -0.020436
v 0.657942 0.044322 -0.020153
v 0.657868 0.044546 -0.031442
v 0.667039 0.042592 -0.028166
v 0.662802 0.042393 -0.032752
v 0.660258 0.042629 -0.032745
v 0.658689 0.043015 -0.032691
v 0.657942 0.043605 -0.032442
v 0.662804 0.041494 -0.040345
v 0.660259 0.041731 -0.040340
v 0.658689 0.042119 -0.040290
v 0.657942 0.042136 -0.044156
v 0.657868 0.042589 -0.046057
v 0.660259 0.040429 -0.048171
v 0.658689 0.040819 -0.048119
v 0.668127 0.036673 -0.063132
v 0.662824 0.018834 -0.129327
v 0.666512 0.018592 -0.129696
v 0.660263 0.018966 -0.129682
v 0.658689 0.019359 -0.129638
v 0.657942 0.019994 -0.129402
v 0.662803 0.015161 -0.141514
v 0.660259 0.014374 -0.144753
v 0.658688 0.015796 -0.141454
v 0.657942 0.015098 -0.145463
v 0.663513 0.012211 -0.150239
v 0.658687 0.011398 -0.154525
v 0.657868 0.012752 -0.154541
v 0.660253 0.009670 -0.158148
v 0.667859 0.008758 -0.159484
v 0.662803 0.009111 -0.159002
v 0.657942 0.010226 -0.159189
v 0.662783 0.004493 -0.171281
v 0.657868 0.005475 -0.173899
v 0.660256 0.004594 -0.171671
v 0.658687 0.004986 -0.171617
v 0.657942 0.004564 -0.174339
v 0.660748 0.002648 -0.177611
v 0.658685 0.003093 -0.177586
v 0.687226 0.101856 0.028270
v 0.691723 0.102042 0.028691
v 0.698948 0.101976 0.029029
v 0.709527 0.102581 0.028823
v 0.715933 0.102215 0.028259
v 0.687222 0.121666 0.027894
v 0.691611 0.122141 0.028303
v 0.696467 0.122231 0.028553
v 0.701589 0.122963 0.028634
v 0.706716 0.122299 0.028552
v 0.711574 0.122267 0.028302
v 0.715952 0.121827 0.027893
v 0.728874 0.107296 -0.018031
v 0.715946 0.101861 -0.027581
v 0.711449 0.102042 -0.028002
v 0.704225 0.101973 -0.028340
v 0.693644 0.102583 -0.028134
v 0.687239 0.102218 -0.027570
v 0.715949 0.121665 -0.027205
v 0.711562 0.122133 -0.027614
v 0.706707 0.122232 -0.027864
v 0.701581 0.122973 -0.027945
v 0.696454 0.122299 -0.027863
v 0.691597 0.122262 -0.027613
v 0.687220 0.121825 -0.027204
v 0.674103 0.089449 0.018909
v 0.674294 0.106686 0.018722
v 0.680323 0.095930 -0.026386
v 0.678107 0.102701 -0.025239
v 0.676546 0.112277 -0.023958
v 0.674796 0.111506 -0.021397
v 0.674459 0.111668 -0.019911
v 0.680438 0.117726 -0.025901
v 0.678172 0.121810 -0.024978
v 0.675470 0.121951 -0.022712
v 0.680280 0.095363 0.027084
v 0.674457 0.111346 0.020597
v 0.674794 0.110966 0.022084
v 0.678083 0.101982 0.025933
v 0.680432 0.117252 0.026590
v 0.675468 0.121299 0.023401
v 0.676550 0.120988 0.024608
v 0.678169 0.121351 0.025667
v 0.722848 0.095929 0.027074
v 0.725065 0.102697 0.025928
v 0.726626 0.112279 0.024647
v 0.728375 0.111506 0.022086
v 0.728713 0.111683 0.020599
v 0.722733 0.117720 0.026590
v 0.725000 0.121800 0.025667
v 0.727701 0.121961 0.023401
v 0.728714 0.111363 -0.019908
v 0.728378 0.110974 -0.021395
v 0.725088 0.101980 -0.025247
v 0.722836 0.102038 -0.026182
v 0.727703 0.121287 -0.022712
v 0.726621 0.120980 -0.023920
v 0.725003 0.121357 -0.024978
v 0.722743 0.121727 -0.025883
v -0.718744 0.023818 0.181437
v -0.716688 0.053933 0.099057
v -0.716918 0.059257 0.079227
v -0.716782 0.089712 0.028175
v -0.720405 0.054933 -0.093909
v -0.716286 0.050630 -0.109490
v -0.718715 0.024625 -0.180038
v -0.671356 0.030661 -0.086311
v -0.680047 0.089713 -0.027486
v -0.721081 0.069219 0.035780
v -0.719144 0.069366 -0.035659
v -0.676408 0.069363 -0.035157
v -0.676959 0.069123 0.036583
v -0.666870 0.040884 -0.130134
v -0.729999 0.061033 -0.054821
v -0.727431 0.000858 -0.196174
v -0.669409 0.000851 -0.196176
v -0.655241 0.005225 -0.178521
v -0.655970 0.040700 -0.065528
v -0.730549 0.000876 0.184734
v -0.729740 0.000348 0.188908
v -0.727191 0.000103 0.192292
v -0.718918 0.000000 0.195155
v -0.722068 0.022884 -0.181870
v -0.721844 0.020473 -0.184352
v -0.720374 0.017106 -0.187356
v -0.726795 0.000362 -0.196051
v -0.716582 0.000106 -0.196981
v -0.700175 0.000016 -0.195832
v -0.680995 0.015147 -0.189113
v -0.670037 0.000349 -0.196051
v -0.667722 0.000214 -0.194912
v -0.665064 0.000901 -0.184304
v -0.666689 0.000324 -0.189354
v -0.674773 0.000074 -0.194900
v -0.682647 0.021779 0.183579
v -0.678226 0.018431 0.186511
v -0.679608 0.013673 0.190277
v -0.680883 0.009518 0.193244
v -0.671917 0.000127 0.196315
v -0.669324 0.000038 0.194685
v -0.699627 0.010433 0.192677
v -0.733626 0.000331 -0.190690
v -0.735518 0.000709 -0.186611
v -0.736199 0.001319 -0.182566
v -0.731096 0.002237 -0.177943
v -0.731754 0.003676 -0.173208
v -0.731769 0.005360 -0.168438
v -0.726172 0.012765 -0.148110
v -0.732574 0.028668 -0.093849
v -0.732734 0.039129 -0.052665
v -0.736054 0.040131 -0.048043
v -0.725162 0.040916 -0.042511
v -0.725243 0.043044 0.009689
v -0.723450 0.042579 0.026766
v -0.725000 0.042202 0.032307
v -0.731099 0.041529 0.038689
v -0.731783 0.040612 0.044475
v -0.732732 0.036841 0.062722
v -0.732736 0.032974 0.078749
v -0.724408 0.018725 0.129588
v -0.722039 0.015583 0.140017
v -0.732710 0.010578 0.155670
v -0.731852 0.007980 0.162728
v -0.732726 0.004208 0.172633
v -0.730662 0.002299 0.178351
v -0.717102 0.008258 0.194077
v -0.719195 0.011567 0.191775
v -0.721136 0.015888 0.188514
v -0.722450 0.020299 0.184762
v -0.718712 0.025721 0.179242
v -0.718685 0.027382 0.177035
v -0.720479 0.029338 0.173816
v -0.720467 0.031557 0.169440
v -0.719864 0.036329 0.157260
v -0.720440 0.039130 0.148989
v -0.716699 0.042072 0.140151
v -0.720360 0.046371 0.125240
v -0.716592 0.063660 0.060965
v -0.716790 0.066656 0.046969
v -0.715592 0.067820 0.042220
v -0.716100 0.069174 0.037378
v -0.722705 0.070000 0.032788
v -0.725160 0.069664 0.031227
v -0.725536 0.070648 0.028547
v -0.726571 0.070288 0.026639
v -0.727080 0.071154 -0.018839
v -0.725722 0.070342 -0.028094
v -0.724687 0.070052 -0.030264
v -0.723403 0.069332 -0.033507
v -0.717831 0.068663 -0.038283
v -0.720558 0.067681 -0.041594
v -0.715821 0.065053 -0.055053
v -0.720564 0.062906 -0.063372
v -0.720437 0.057636 -0.083948
v -0.720374 0.044885 -0.129568
v -0.720441 0.041255 -0.141587
v -0.720447 0.038326 -0.150390
v -0.720456 0.034985 -0.159519
v -0.720457 0.032173 -0.166552
v -0.720461 0.030230 -0.170866
v -0.720471 0.027953 -0.175117
v -0.718685 0.026124 -0.178070
v -0.665299 0.000599 0.186823
v -0.669901 0.002287 0.178326
v -0.669837 0.004135 0.172639
v -0.672720 0.011787 0.151895
v -0.669504 0.016062 0.138627
v -0.664763 0.018383 0.131032
v -0.665005 0.024185 0.110864
v -0.672798 0.030233 0.088746
v -0.672492 0.034279 0.073108
v -0.663744 0.034984 0.070654
v -0.665047 0.037314 0.060484
v -0.666209 0.040827 0.043129
v -0.666474 0.041566 0.038272
v -0.670686 0.042280 0.031620
v -0.664094 0.042810 0.024639
v -0.670061 0.043085 0.000343
v -0.665957 0.043013 -0.015356
v -0.664095 0.042813 -0.023893
v -0.664979 0.042477 -0.029313
v -0.664749 0.042010 -0.034709
v -0.671923 0.041380 -0.039290
v -0.665187 0.040615 -0.044737
v -0.665043 0.039428 -0.051138
v -0.664022 0.037025 -0.061831
v -0.669608 0.026704 -0.100633
v -0.664876 0.019078 -0.127871
v -0.663685 0.015323 -0.140551
v -0.672516 0.014590 -0.142479
v -0.665050 0.012087 -0.150216
v -0.665051 0.008885 -0.159100
v -0.666076 0.005247 -0.168615
v -0.666101 0.003604 -0.173248
v -0.666088 0.002618 -0.176430
v -0.665038 0.001713 -0.179945
v -0.678959 0.019117 -0.185908
v -0.678008 0.022631 -0.182605
v -0.679872 0.027045 -0.177175
v -0.679938 0.029465 -0.173051
v -0.679918 0.032041 -0.167529
v -0.680156 0.036029 -0.157173
v -0.680475 0.039552 -0.147249
v -0.676930 0.041995 -0.139333
v -0.680278 0.055521 -0.092400
v -0.680010 0.058451 -0.081313
v -0.680235 0.067447 -0.043505
v -0.675069 0.068131 -0.039050
v -0.674120 0.070022 -0.032099
v -0.671669 0.069681 -0.030539
v -0.671292 0.070655 -0.027858
v -0.670258 0.070291 -0.025950
v -0.669802 0.070216 -0.024079
v -0.669748 0.071152 0.019525
v -0.671107 0.070335 0.028781
v -0.672142 0.070038 0.030951
v -0.679829 0.067491 0.043195
v -0.676170 0.063706 0.060089
v -0.675921 0.058943 0.079834
v -0.676443 0.049102 0.115723
v -0.676388 0.043143 0.136215
v -0.676402 0.039533 0.147769
v -0.676406 0.036466 0.156784
v -0.680077 0.032619 0.167295
v -0.680056 0.030655 0.171606
v -0.680009 0.028130 0.176002
v -0.674843 0.025569 0.179266
v -0.695010 0.025101 -0.179906
v -0.674814 0.024776 -0.180067
v -0.710282 0.032849 -0.165652
v -0.692364 0.033541 -0.164158
v -0.712018 0.041134 -0.142720
v -0.701280 0.041296 -0.142516
v -0.689527 0.040979 -0.143365
v -0.712122 0.045065 -0.129742
v -0.701574 0.045212 -0.129574
v -0.680150 0.045191 -0.128989
v -0.680141 0.050794 -0.109057
v -0.711775 0.055707 -0.092017
v -0.680014 0.063090 -0.063184
v -0.699376 0.065438 -0.054038
v -0.685505 0.064927 -0.055984
v -0.707521 0.069331 -0.037597
v -0.695429 0.069360 -0.037821
v -0.683230 0.069513 -0.036489
v -0.716339 0.199487 0.027259
v -0.715299 0.202730 0.027078
v -0.715523 0.203703 0.026519
v -0.713579 0.204085 0.026397
v -0.716625 0.102571 -0.026949
v -0.716725 0.089587 -0.027501
v -0.707541 0.069257 0.038306
v -0.695348 0.069572 0.037880
v -0.688944 0.064534 0.057723
v -0.692831 0.061874 0.069434
v -0.693679 0.057908 0.085133
v -0.680129 0.054807 0.095888
v -0.712652 0.046740 0.124732
v -0.698514 0.045707 0.128646
v -0.684861 0.043343 0.136333
v -0.710576 0.039573 0.148440
v -0.695361 0.038782 0.151076
v -0.684071 0.040095 0.146703
v -0.712039 0.034223 0.163523
v -0.689969 0.034287 0.163524
v -0.677258 0.033857 0.163981
v -0.695090 0.024117 0.181334
v -0.674807 0.023667 0.181462
v -0.693216 0.001147 -0.182122
v -0.730676 0.001509 -0.181030
v -0.692402 0.008771 -0.158996
v -0.716217 0.008773 -0.159094
v -0.697892 0.015155 -0.140469
v -0.693168 0.020279 -0.122999
v -0.724744 0.018473 -0.129690
v -0.693006 0.024059 -0.109488
v -0.719996 0.024174 -0.109191
v -0.712072 0.029020 -0.092056
v -0.721402 0.038065 -0.056897
v -0.685661 0.041952 -0.033827
v -0.732009 0.041409 -0.039684
v -0.684530 0.042799 -0.019619
v -0.707505 0.042755 -0.021008
v -0.688156 0.042900 0.015536
v -0.698310 0.029832 0.089941
v -0.727162 0.027081 0.100419
v -0.684394 0.024889 0.107871
v -0.687201 0.014595 0.143020
v -0.712867 0.008001 0.162301
v -0.693280 0.001381 0.181560
v -0.730668 0.001495 0.181537
v -0.654777 0.002292 -0.182781
v -0.655506 0.001894 -0.182381
v -0.659635 0.002104 -0.178922
v -0.654697 0.014070 -0.150931
v -0.654770 0.010190 -0.159276
v -0.655516 0.009584 -0.159380
v -0.657084 0.011147 -0.154148
v -0.659632 0.009088 -0.159050
v -0.654771 0.014738 -0.146518
v -0.655517 0.014087 -0.146767
v -0.657087 0.015694 -0.140589
v -0.659633 0.013453 -0.146819
v -0.654770 0.031162 -0.089871
v -0.657078 0.030255 -0.089705
v -0.659604 0.030000 -0.089780
v -0.663228 0.029886 -0.089701
v -0.654697 0.039552 -0.060298
v -0.654770 0.038861 -0.059862
v -0.655514 0.038254 -0.060026
v -0.657077 0.037865 -0.060063
v -0.659604 0.037628 -0.060066
v -0.654697 0.044546 -0.031442
v -0.654771 0.043605 -0.032442
v -0.655517 0.043015 -0.032691
v -0.657087 0.042629 -0.032745
v -0.659631 0.042393 -0.032752
v -0.654697 0.045238 -0.014262
v -0.654771 0.044322 -0.020153
v -0.655518 0.043746 -0.020436
v -0.657091 0.043363 -0.020497
v -0.659642 0.043127 -0.020503
v -0.654697 0.045273 0.012144
v -0.663433 0.043180 0.000345
v -0.655517 0.033770 0.078665
v -0.659629 0.026845 0.102138
v -0.663299 0.029059 0.093559
v -0.655517 0.026497 0.105586
v -0.654697 0.017593 0.140977
v -0.654771 0.018045 0.136769
v -0.655518 0.017400 0.137024
v -0.657090 0.017005 0.137072
v -0.659635 0.017962 0.133053
v -0.654770 0.011826 0.156134
v -0.655517 0.013669 0.148869
v -0.657087 0.013272 0.148921
v -0.660342 0.014374 0.144621
v -0.659627 0.008539 0.161732
v -0.665041 0.008350 0.161743
v -0.654760 0.002345 0.182722
v -0.655502 0.001889 0.182817
v -0.657063 0.001631 0.182580
v -0.659631 0.001227 0.183543
v -0.665049 0.001296 0.182526
v -0.742067 0.002476 0.184982
v -0.742069 0.002345 0.182722
v -0.741327 0.001889 0.182817
v -0.737190 0.002151 0.179503
v -0.742132 0.012399 0.156770
v -0.742059 0.011826 0.156133
v -0.741312 0.010172 0.158999
v -0.739746 0.009527 0.159742
v -0.737210 0.009297 0.159726
v -0.741616 0.016958 0.146727
v -0.732777 0.013250 0.147792
v -0.742058 0.026720 0.106798
v -0.741312 0.026061 0.107122
v -0.739743 0.025661 0.107189
v -0.737199 0.025423 0.107198
v -0.742058 0.033509 0.081850
v -0.741312 0.032872 0.082117
v -0.739743 0.032477 0.082174
v -0.737199 0.032239 0.082179
v -0.741636 0.037338 0.074591
v -0.742058 0.037760 0.064613
v -0.741312 0.037127 0.064894
v -0.739742 0.036733 0.064952
v -0.737197 0.036495 0.064961
v -0.742132 0.040296 0.056981
v -0.742058 0.041992 0.044738
v -0.741312 0.040262 0.050512
v -0.739742 0.039871 0.050560
v -0.736487 0.039563 0.050660
v -0.742132 0.044683 0.030169
v -0.742058 0.043573 0.033145
v -0.741312 0.042981 0.033395
v -0.739742 0.042596 0.033448
v -0.736488 0.042304 0.033493
v -0.741677 0.046135 0.023308
v -0.742132 0.045273 0.012144
v -0.742058 0.044318 0.021040
v -0.741311 0.043741 0.021324
v -0.739738 0.043359 0.021385
v -0.736379 0.043212 0.013357
v -0.730886 0.042248 -0.032202
v -0.742132 0.039549 -0.060308
v -0.742059 0.038860 -0.059868
v -0.741315 0.038252 -0.060032
v -0.739752 0.037863 -0.060069
v -0.737224 0.037626 -0.060074
v -0.742132 0.032133 -0.089168
v -0.742058 0.031507 -0.088521
v -0.741313 0.030802 -0.089037
v -0.739743 0.030414 -0.089068
v -0.737200 0.030173 -0.089087
v -0.742132 0.019110 -0.135261
v -0.742058 0.025638 -0.109119
v -0.741312 0.024959 -0.109520
v -0.739742 0.024573 -0.109546
v -0.737201 0.024429 -0.109231
v -0.732920 0.024064 -0.109995
v -0.742059 0.002563 -0.184634
v -0.742052 0.002327 -0.182785
v -0.741323 0.001939 -0.182381
v -0.739764 0.001665 -0.182140
v -0.719786 0.089751 0.027356
v -0.722045 0.089782 0.026366
v -0.723599 0.093736 0.025016
v -0.724680 0.093736 0.023747
v -0.725518 0.083998 0.022674
v -0.725859 0.083999 0.021054
v -0.725864 0.083874 -0.020339
v -0.725529 0.083760 -0.021962
v -0.724674 0.093485 -0.023073
v -0.723656 0.089545 -0.024543
v -0.722025 0.089564 -0.025695
v -0.719887 0.084746 -0.027024
v -0.677043 0.089752 -0.026667
v -0.674784 0.089786 -0.025677
v -0.673230 0.093737 -0.024329
v -0.672149 0.093734 -0.023058
v -0.671311 0.083992 -0.021986
v -0.670970 0.084000 -0.020365
v -0.670965 0.083873 0.021028
v -0.671300 0.083754 0.022651
v -0.672155 0.093484 0.023761
v -0.673173 0.089549 0.025232
v -0.674803 0.089563 0.026384
v -0.676942 0.084744 0.027713
v -0.712899 0.089595 -0.028138
v -0.708397 0.089215 -0.028626
v -0.703467 0.089577 -0.028870
v -0.698415 0.090062 -0.028924
v -0.693372 0.089616 -0.028869
v -0.688391 0.089202 -0.028629
v -0.683844 0.089673 -0.028125
v -0.712985 0.089672 0.028814
v -0.708437 0.089201 0.029316
v -0.703456 0.089615 0.029558
v -0.698412 0.090065 0.029613
v -0.693361 0.089578 0.029559
v -0.688432 0.089215 0.029315
v -0.683930 0.089595 0.028827
v -0.719199 0.070294 0.034078
v -0.717392 0.071385 0.033074
v -0.717858 0.072617 0.031702
v -0.717453 0.074319 0.030782
v -0.715789 0.076787 0.030273
v -0.717009 0.080709 0.029062
v -0.726135 0.080885 0.019121
v -0.726445 0.075545 0.019385
v -0.726812 0.072447 0.019472
v -0.727141 0.070897 0.020081
v -0.725941 0.086723 -0.018312
v -0.726504 0.074862 -0.020015
v -0.717000 0.080544 -0.028409
v -0.717322 0.074928 -0.029823
v -0.717858 0.072626 -0.031015
v -0.718422 0.071337 -0.032098
v -0.717814 0.070331 -0.033859
v -0.677630 0.070321 -0.033389
v -0.679431 0.071402 -0.032384
v -0.678971 0.072626 -0.031015
v -0.679376 0.074324 -0.030093
v -0.681039 0.076788 -0.029584
v -0.679820 0.080711 -0.028373
v -0.670702 0.081088 -0.018439
v -0.670383 0.075542 -0.018696
v -0.670018 0.072449 -0.018782
v -0.669687 0.070895 -0.019393
v -0.670372 0.075414 0.019357
v -0.679829 0.080544 0.029096
v -0.679506 0.074926 0.030509
v -0.678971 0.072617 0.031702
v -0.678407 0.071321 0.032785
v -0.679012 0.070304 0.034544
v -0.702101 0.204745 0.021985
v -0.690432 0.204704 0.021671
v -0.716706 0.204159 0.025031
v -0.715673 0.204452 0.021748
v -0.716555 0.204401 -0.020992
v -0.716655 0.204160 -0.024360
v -0.683132 0.204351 -0.024273
v -0.681055 0.204446 -0.021077
v -0.680276 0.204401 0.021680
v -0.684615 0.204305 0.025928
v -0.688189 0.204184 -0.026284
v -0.705152 0.204343 0.026769
v -0.694292 0.204365 0.026792
v -0.680204 0.102582 0.027638
v -0.680103 0.089589 0.028190
v -0.680489 0.199487 -0.026571
v -0.681529 0.202730 -0.026389
v -0.681306 0.203703 -0.025831
v -0.683263 0.204086 -0.025710
v -0.670938 0.089750 -0.018228
v -0.719136 0.005822 0.195473
v -0.719284 0.011268 -0.191520
v -0.677105 0.012180 -0.191039
v -0.677692 0.005822 0.195473
v -0.670070 0.023509 -0.180792
v -0.668640 0.022464 -0.181225
v -0.666717 0.021678 -0.179578
v -0.675612 0.056078 -0.089720
v -0.673106 0.055847 -0.089797
v -0.669771 0.055034 -0.089894
v -0.667778 0.053516 -0.089809
v -0.675626 0.063002 -0.062810
v -0.673109 0.063135 -0.061441
v -0.671207 0.062501 -0.062682
v -0.669770 0.062677 -0.060119
v -0.668674 0.062018 -0.060130
v -0.667777 0.061135 -0.060126
v -0.676409 0.065134 -0.053901
v -0.673082 0.065221 -0.052229
v -0.671197 0.064668 -0.053349
v -0.673384 0.069000 -0.034600
v -0.669652 0.068304 -0.031257
v -0.668025 0.066190 -0.034405
v -0.669266 0.069582 0.021915
v -0.673314 0.069154 0.034525
v -0.670713 0.068659 0.033106
v -0.669644 0.068304 0.031798
v -0.666832 0.063934 0.038774
v -0.673121 0.063317 0.060718
v -0.671210 0.063016 0.060634
v -0.668671 0.062200 0.059268
v -0.673122 0.059219 0.077821
v -0.671212 0.059132 0.076885
v -0.669776 0.058422 0.077852
v -0.668678 0.058237 0.075959
v -0.667780 0.056648 0.078796
v -0.673121 0.052431 0.103111
v -0.671211 0.053767 0.097106
v -0.669776 0.051632 0.103150
v -0.667780 0.049365 0.105744
v -0.673126 0.043207 0.135120
v -0.671213 0.045589 0.125909
v -0.669777 0.042411 0.135145
v -0.668679 0.042412 0.133022
v -0.667782 0.040280 0.137136
v -0.673125 0.038035 0.151581
v -0.671214 0.039807 0.145182
v -0.669777 0.037236 0.151613
v -0.668678 0.035813 0.153864
v -0.667781 0.034929 0.153869
v -0.673116 0.032742 0.166067
v -0.671215 0.031603 0.168088
v -0.669774 0.031951 0.166075
v -0.668679 0.030464 0.168129
v -0.667783 0.029581 0.168137
v -0.670180 0.022946 0.181512
v -0.668641 0.021211 0.182633
v -0.667592 0.020036 0.182967
v -0.666865 0.020910 0.180934
v -0.725150 0.023303 0.181484
v -0.727872 0.021745 0.182291
v -0.729365 0.021966 0.180610
v -0.720459 0.033309 0.165244
v -0.723713 0.033733 0.163504
v -0.729049 0.030415 0.166069
v -0.723062 0.041119 0.142248
v -0.721188 0.054301 0.097094
v -0.727053 0.053923 0.094840
v -0.727053 0.058901 0.075928
v -0.729048 0.058418 0.071668
v -0.729061 0.062226 0.055047
v -0.727552 0.067456 0.034825
v -0.728753 0.066254 0.034802
v -0.729897 0.064182 0.038105
v -0.728354 0.068288 0.000342
v -0.727562 0.069583 -0.021228
v -0.722260 0.068775 -0.036251
v -0.724291 0.068209 -0.037177
v -0.726122 0.068661 -0.032504
v -0.727177 0.068304 -0.031257
v -0.728263 0.066072 -0.039361
v -0.723096 0.065039 -0.053519
v -0.725632 0.064668 -0.053351
v -0.727058 0.062676 -0.060126
v -0.728155 0.062017 -0.060138
v -0.729052 0.061134 -0.060134
v -0.723715 0.056034 -0.089060
v -0.725616 0.056164 -0.087355
v -0.727052 0.055692 -0.087369
v -0.728152 0.054587 -0.089069
v -0.729049 0.053704 -0.089071
v -0.721167 0.050424 -0.109498
v -0.723699 0.050205 -0.109511
v -0.725621 0.049922 -0.109368
v -0.727055 0.049455 -0.109355
v -0.728150 0.048742 -0.109559
v -0.729048 0.047948 -0.109245
v -0.729989 0.046708 -0.109030
v -0.725283 0.023529 -0.180737
v -0.727082 0.024227 -0.179223
v -0.728180 0.023574 -0.179322
v -0.729366 0.022504 -0.179347
v -0.729959 0.025588 -0.172642
v -0.729429 0.024530 -0.176069
v -0.728388 0.067841 -0.023785
v -0.729931 0.064703 -0.032935
v -0.728341 0.068225 0.013274
v -0.727291 0.069590 0.025067
v -0.728596 0.067586 0.022302
v -0.729995 0.049745 0.099634
v -0.729946 0.022580 0.178737
v -0.729965 0.024532 0.175707
v -0.722212 0.007450 0.194287
v -0.728362 0.009473 0.191532
v -0.727971 0.013326 0.189432
v -0.729760 0.014694 0.187340
v -0.730034 0.016891 0.185214
v -0.667399 0.026599 0.173472
v -0.666861 0.023174 0.177858
v -0.666839 0.038341 0.139249
v -0.668274 0.067635 0.022735
v -0.668128 0.067641 -0.011638
v -0.668810 0.068437 -0.024053
v -0.666862 0.052431 -0.089152
v -0.667465 0.024179 -0.177329
v -0.667398 0.025940 -0.174074
v -0.669497 0.014748 -0.188261
v -0.667699 0.015359 -0.187036
v -0.667852 0.017687 -0.185410
v -0.666958 0.018525 -0.183829
v -0.667438 0.021260 -0.181449
v -0.682282 0.004581 0.196466
v -0.692654 0.002776 0.197658
v -0.698312 0.002832 0.197724
v -0.704175 0.002776 0.197658
v -0.715124 0.004183 0.196550
v -0.666794 0.016891 0.185215
v -0.667846 0.015173 0.187549
v -0.668544 0.012918 0.189531
v -0.669728 0.010901 0.191258
v -0.671637 0.008946 0.192897
v -0.714367 0.010919 -0.191980
v -0.694219 0.009473 -0.193101
v -0.682099 0.010963 -0.191991
v -0.730153 0.018266 -0.183453
v -0.728978 0.017393 -0.185410
v -0.729124 0.015121 -0.187035
v -0.722414 0.013410 -0.190018
v -0.724549 0.004335 -0.194665
v -0.675483 0.007774 -0.193207
v -0.672288 0.004359 -0.194667
v -0.669603 0.000464 0.196263
v -0.658208 0.008309 -0.182236
v -0.655967 0.038537 0.074892
v -0.655975 0.032407 0.098099
v -0.655211 0.026250 0.115492
v -0.655214 0.020550 0.135151
v -0.655213 0.016961 0.146719
v -0.655236 0.010324 0.165573
v -0.662083 0.014096 0.181151
v -0.657614 0.008468 0.179716
v -0.734746 0.014096 0.181151
v -0.741656 0.045381 -0.034193
v -0.741669 0.041177 -0.058165
v -0.741654 0.032673 -0.091363
v -0.741616 0.027678 -0.109059
v -0.734719 0.014522 -0.180158
v -0.738669 0.009352 -0.179038
v -0.727760 0.000118 0.195598
v -0.727226 0.000464 0.196262
v -0.741617 0.003124 -0.185259
v -0.740792 0.002740 -0.187908
v -0.654761 0.002476 0.184982
v -0.656094 0.002308 0.188534
v -0.656039 0.002737 -0.187910
v -0.655213 0.003120 -0.185254
v -0.655247 0.012841 -0.157780
v -0.655186 0.017107 -0.145299
v -0.655215 0.020916 -0.133200
v -0.655928 0.030067 -0.105109
v -0.655167 0.033605 -0.087971
v -0.655160 0.041180 -0.058152
v -0.655214 0.043396 -0.048194
v -0.655213 0.044700 -0.040360
v -0.655216 0.045611 -0.032686
v -0.655215 0.046198 -0.023509
v -0.655181 0.046390 -0.014404
v -0.655992 0.047807 0.000362
v -0.655177 0.046389 0.014884
v -0.655216 0.046196 0.024267
v -0.655213 0.045565 0.033474
v -0.655214 0.044458 0.041895
v -0.655213 0.042838 0.050587
v -0.655174 0.039760 0.064405
v -0.655173 0.033807 0.088103
v -0.655213 0.013933 0.155708
v -0.655193 0.006329 0.175653
v -0.740735 0.002308 0.188534
v -0.741636 0.006331 0.175648
v -0.741593 0.010322 0.165578
v -0.741616 0.013930 0.155716
v -0.741614 0.020605 0.134974
v -0.741618 0.026173 0.115767
v -0.740840 0.032361 0.098355
v -0.741656 0.033808 0.088098
v -0.741579 0.040860 0.060147
v -0.741649 0.043586 0.046530
v -0.741645 0.044600 0.040594
v -0.741616 0.045565 0.033470
v -0.740871 0.047714 0.012529
v -0.741635 0.046482 -0.004942
v -0.741608 0.046405 -0.017752
v -0.741670 0.045882 -0.027909
v -0.741616 0.044699 -0.040361
v -0.741616 0.043395 -0.048198
v -0.740859 0.040682 -0.065599
v -0.741657 0.017561 -0.143852
v -0.741608 0.013735 -0.155214
v -0.741584 0.005498 -0.177654
v -0.716666 0.102099 0.027643
v -0.716561 0.121990 0.027316
v -0.712952 0.204051 -0.025936
v -0.712866 0.203697 -0.026362
v -0.715302 0.202731 -0.026388
v -0.716338 0.199487 -0.026571
v -0.716556 0.122294 -0.026628
v -0.725699 0.107681 -0.018066
v -0.670938 0.089704 0.018931
v -0.671125 0.106726 0.018755
v -0.683876 0.204051 0.026623
v -0.683963 0.203697 0.027051
v -0.681527 0.202730 0.027077
v -0.680490 0.199487 0.027260
v -0.680272 0.122296 0.027316
v -0.680163 0.102098 -0.026954
v -0.680268 0.121987 -0.026628
v -0.725164 0.200171 0.019734
v -0.725500 0.197712 0.019730
v -0.677294 0.204180 -0.021029
v -0.673402 0.203072 -0.019084
v -0.672321 0.201913 -0.019059
v -0.671665 0.200171 -0.019045
v -0.671186 0.139179 -0.017992
v -0.671188 0.139223 0.018711
v -0.725643 0.139184 -0.017991
v -0.728583 0.021182 -0.181982
v -0.727041 0.021176 -0.182876
v -0.728464 0.019580 -0.183779
v -0.725455 0.019960 -0.184468
v -0.727365 0.017330 -0.186333
v -0.725117 0.016530 -0.187476
v -0.726542 0.014897 -0.188312
v -0.724318 0.013832 -0.189477
v -0.670184 0.020849 0.183675
v -0.672344 0.020423 0.184481
v -0.668356 0.017819 0.185703
v -0.669543 0.016908 0.187010
v -0.672324 0.015670 0.188489
v -0.670661 0.012681 0.190458
v -0.674182 0.009838 0.192835
v -0.709435 0.003578 0.197184
v -0.693161 0.000784 0.184710
v -0.692541 0.000288 0.188812
v -0.670524 0.000091 0.191944
v -0.711897 0.021874 0.183535
v -0.702016 0.019551 0.185672
v -0.702419 0.016164 0.188454
v -0.715192 0.014118 -0.189754
v -0.702356 0.017470 -0.187267
v -0.701743 0.020897 -0.184312
v -0.702032 0.023349 -0.181851
v -0.694911 0.027232 -0.177045
v -0.712001 0.028242 -0.175094
v -0.694997 0.029674 -0.172899
v -0.712048 0.030503 -0.170858
v -0.695070 0.031728 -0.168596
v -0.695341 0.036415 -0.156691
v -0.712270 0.036981 -0.154849
v -0.695154 0.038767 -0.150104
v -0.690146 0.044134 -0.133161
v -0.691672 0.050304 -0.111405
v -0.706668 0.050354 -0.111079
v -0.690145 0.055690 -0.092355
v -0.701935 0.055290 -0.093843
v -0.700894 0.058102 -0.083444
v -0.690038 0.058768 -0.080738
v -0.712123 0.058024 -0.083357
v -0.689998 0.063095 -0.063816
v -0.704009 0.063748 -0.061317
v -0.711902 0.062897 -0.064360
v -0.695491 0.067221 -0.045681
v -0.712398 0.067761 -0.042574
v -0.690207 0.068162 -0.041480
v -0.701588 0.068156 -0.041698
v -0.682370 0.068650 -0.038944
v -0.671800 0.197723 -0.021350
v -0.672605 0.199466 -0.022717
v -0.673685 0.199490 -0.023906
v -0.675289 0.199500 -0.024948
v -0.677522 0.199498 -0.025838
v -0.672131 0.200176 -0.021346
v -0.673093 0.201930 -0.022188
v -0.674450 0.201901 -0.023846
v -0.676001 0.201893 -0.024869
v -0.678700 0.202730 -0.025696
v -0.674177 0.203073 -0.022227
v -0.676122 0.203048 -0.024356
v -0.675766 0.203771 -0.022250
v -0.677678 0.203731 -0.024359
v -0.679711 0.204102 -0.024334
v -0.677522 0.199499 0.026527
v -0.675291 0.199504 0.025638
v -0.673689 0.199497 0.024597
v -0.672609 0.199475 0.023408
v -0.671800 0.197723 0.022039
v -0.671329 0.197714 0.019734
v -0.672131 0.200176 0.022035
v -0.671669 0.200171 0.019769
v -0.678715 0.202737 0.026388
v -0.676001 0.201893 0.025558
v -0.674450 0.201901 0.024534
v -0.673101 0.201935 0.022886
v -0.672325 0.201912 0.019787
v -0.676145 0.203054 0.025053
v -0.674189 0.203076 0.022928
v -0.673406 0.203072 0.019808
v -0.680200 0.203694 0.026179
v -0.677720 0.203736 0.025064
v -0.675782 0.203773 0.022954
v -0.675016 0.203784 0.019795
v -0.679762 0.204103 0.025043
v -0.677324 0.204179 0.021786
v -0.725029 0.197723 0.022039
v -0.724224 0.199466 0.023404
v -0.723144 0.199490 0.024595
v -0.721540 0.199500 0.025637
v -0.719307 0.199497 0.026527
v -0.724697 0.200176 0.022035
v -0.723735 0.201930 0.022876
v -0.722379 0.201901 0.024534
v -0.720828 0.201893 0.025558
v -0.718129 0.202730 0.026385
v -0.722652 0.203073 0.022915
v -0.720707 0.203048 0.025043
v -0.721063 0.203771 0.022936
v -0.719151 0.203731 0.025048
v -0.719307 0.199499 -0.025838
v -0.721537 0.199505 -0.024949
v -0.723140 0.199497 -0.023908
v -0.724220 0.199474 -0.022721
v -0.725029 0.197723 -0.021350
v -0.725496 0.197712 -0.019074
v -0.724697 0.200176 -0.021346
v -0.725159 0.200171 -0.019082
v -0.718113 0.202737 -0.025699
v -0.720828 0.201893 -0.024869
v -0.722379 0.201901 -0.023846
v -0.723727 0.201935 -0.022197
v -0.724508 0.201913 -0.019069
v -0.720684 0.203054 -0.024364
v -0.722640 0.203076 -0.022239
v -0.723426 0.203072 -0.019093
v -0.716629 0.203694 -0.025492
v -0.719109 0.203736 -0.024375
v -0.721047 0.203773 -0.022265
v -0.721813 0.203784 -0.019106
v -0.719532 0.204180 -0.021042
v -0.683905 0.069217 0.037855
v -0.697626 0.068660 0.040345
v -0.690204 0.068030 0.042195
v -0.692188 0.066760 0.047425
v -0.702759 0.067191 0.045585
v -0.706635 0.063791 0.061107
v -0.679885 0.061583 0.069848
v -0.706816 0.060256 0.075903
v -0.684762 0.059090 0.080213
v -0.706832 0.055281 0.094809
v -0.692658 0.052729 0.104078
v -0.684673 0.049197 0.116190
v -0.706813 0.048698 0.118161
v -0.700896 0.042766 0.138599
v -0.683974 0.037059 0.155706
v -0.704582 0.036381 0.157907
v -0.696851 0.033027 0.166848
v -0.712079 0.031803 0.169411
v -0.695244 0.030934 0.171476
v -0.712072 0.029583 0.173788
v -0.695211 0.029148 0.174676
v -0.695181 0.027690 0.176916
v -0.695140 0.026022 0.179137
v -0.726225 0.000138 -0.193022
v -0.705142 0.000221 -0.189673
v -0.692914 0.000507 -0.186570
v -0.718862 0.000851 -0.184316
v -0.698475 0.002115 -0.177816
v -0.703171 0.003465 -0.173339
v -0.703117 0.005119 -0.168637
v -0.696751 0.011665 -0.150965
v -0.731259 0.015031 -0.141303
v -0.684992 0.017859 -0.131559
v -0.732001 0.031206 -0.084462
v -0.716384 0.030848 -0.085367
v -0.685275 0.029814 -0.089243
v -0.703091 0.036496 -0.063201
v -0.677094 0.036998 -0.061443
v -0.716913 0.039655 -0.049360
v -0.690379 0.038951 -0.052644
v -0.693493 0.040442 -0.044858
v -0.703334 0.041307 -0.039190
v -0.698489 0.042229 -0.030565
v -0.731867 0.042789 -0.023901
v -0.724198 0.043017 -0.012052
v -0.699149 0.042956 -0.008998
v -0.686314 0.042994 0.004614
v -0.705738 0.042963 0.009688
v -0.722508 0.042848 0.020188
v -0.684234 0.042676 0.023968
v -0.696828 0.042182 0.031563
v -0.703329 0.041524 0.037611
v -0.700158 0.040672 0.043231
v -0.692658 0.039305 0.050516
v -0.723751 0.039347 0.050669
v -0.719533 0.037229 0.060415
v -0.693501 0.037191 0.060328
v -0.714153 0.034845 0.070533
v -0.697826 0.033489 0.075946
v -0.719226 0.031942 0.082190
v -0.711495 0.026240 0.103117
v -0.693963 0.018526 0.129983
v -0.698413 0.011928 0.151227
v -0.719520 0.011957 0.151344
v -0.692611 0.008656 0.160516
v -0.719482 0.004077 0.172652
v -0.693469 0.003997 0.172718
v -0.693369 0.002163 0.178407
v -0.672254 0.013698 -0.189607
v -0.674262 0.013376 -0.190103
v -0.673392 0.017048 -0.187430
v -0.669398 0.016590 -0.187028
v -0.671140 0.016233 -0.187779
v -0.669558 0.019417 -0.184846
v -0.671836 0.020387 -0.184449
v -0.668367 0.019918 -0.183781
v -0.671692 0.022811 -0.181970
v -0.668659 0.025315 -0.177310
v -0.669755 0.025964 -0.177243
v -0.671183 0.026419 -0.177202
v -0.673692 0.026776 -0.177208
v -0.668668 0.027688 -0.173123
v -0.669765 0.028348 -0.173078
v -0.671196 0.028815 -0.173048
v -0.673719 0.029180 -0.173086
v -0.667782 0.029356 -0.167551
v -0.668678 0.030236 -0.167548
v -0.669775 0.030898 -0.167523
v -0.671209 0.031369 -0.167505
v -0.673740 0.031743 -0.167558
v -0.667781 0.033366 -0.157023
v -0.668678 0.034251 -0.157017
v -0.669776 0.034911 -0.157004
v -0.671213 0.035380 -0.157000
v -0.673766 0.035708 -0.157210
v -0.667781 0.037918 -0.144012
v -0.668678 0.038802 -0.144008
v -0.669777 0.039465 -0.143985
v -0.671214 0.039939 -0.143967
v -0.673765 0.038953 -0.148060
v -0.673123 0.041695 -0.139348
v -0.667782 0.042750 -0.128007
v -0.668683 0.043683 -0.127829
v -0.669779 0.044394 -0.127640
v -0.671227 0.044813 -0.127804
v -0.673138 0.045190 -0.127613
v -0.675685 0.045402 -0.127609
v -0.668678 0.054375 -0.089915
v -0.671214 0.055607 -0.089527
v -0.667721 0.063986 -0.046466
v -0.668642 0.064409 -0.049021
v -0.669638 0.065364 -0.047322
v -0.671052 0.067101 -0.041028
v -0.672538 0.068209 -0.037176
v -0.668565 0.066072 -0.039364
v -0.670707 0.068661 -0.032504
v -0.668801 0.068169 -0.026560
v -0.669203 0.068332 -0.028811
v -0.670289 0.069475 -0.028404
v -0.669222 0.069486 -0.021232
v -0.669348 0.070080 -0.000470
v -0.668846 0.068932 -0.012137
v -0.668724 0.068709 0.008589
v -0.668199 0.067746 0.013135
v -0.669128 0.068911 0.025141
v -0.669922 0.069743 0.026910
v -0.668252 0.066748 0.032738
v -0.669207 0.068324 0.029505
v -0.670290 0.069466 0.029093
v -0.671228 0.069322 0.031534
v -0.668009 0.065199 0.041263
v -0.669624 0.066651 0.040508
v -0.672756 0.067591 0.040440
v -0.668618 0.065262 0.044184
v -0.671064 0.067046 0.041386
v -0.675292 0.067373 0.042664
v -0.667766 0.061744 0.057331
v -0.669753 0.062945 0.058853
v -0.668677 0.053259 0.094871
v -0.675644 0.053398 0.100314
v -0.666853 0.049975 0.098905
v -0.666827 0.044466 0.118259
v -0.671212 0.035457 0.157967
v -0.669767 0.029467 0.171642
v -0.674026 0.031297 0.169677
v -0.668667 0.027632 0.173891
v -0.671196 0.028768 0.173821
v -0.673728 0.029155 0.173835
v -0.669760 0.026969 0.176054
v -0.667755 0.023954 0.178366
v -0.668657 0.024813 0.178307
v -0.673713 0.027098 0.177058
v -0.670412 0.025522 0.178513
v -0.724556 0.009063 0.192999
v -0.723531 0.010804 0.192094
v -0.726190 0.011175 0.191390
v -0.725953 0.015345 0.188564
v -0.728112 0.015560 0.187737
v -0.728473 0.017819 0.185703
v -0.726667 0.019960 0.184536
v -0.729301 0.019443 0.183499
v -0.728172 0.024813 0.178307
v -0.727075 0.025458 0.178252
v -0.725131 0.025184 0.179291
v -0.729066 0.025438 0.176150
v -0.725115 0.026829 0.177085
v -0.728162 0.027632 0.173891
v -0.727064 0.028296 0.173848
v -0.725098 0.028883 0.173857
v -0.728148 0.030933 0.167076
v -0.727051 0.031129 0.168104
v -0.725614 0.031604 0.168088
v -0.723724 0.031305 0.169420
v -0.727052 0.036481 0.153829
v -0.725616 0.036957 0.153805
v -0.729048 0.035685 0.151653
v -0.728150 0.037297 0.149465
v -0.723706 0.037369 0.153440
v -0.727051 0.041827 0.137107
v -0.725614 0.042300 0.137089
v -0.729047 0.042599 0.129386
v -0.728150 0.042356 0.133113
v -0.723704 0.043816 0.133057
v -0.727052 0.047345 0.118174
v -0.725618 0.051390 0.105679
v -0.728151 0.051233 0.102217
v -0.723708 0.052697 0.102144
v -0.729049 0.053628 0.090281
v -0.725618 0.058669 0.078740
v -0.728151 0.057438 0.079118
v -0.723707 0.059219 0.077821
v -0.721185 0.059666 0.076872
v -0.728151 0.061412 0.062759
v -0.727076 0.062945 0.058853
v -0.725619 0.063016 0.060634
v -0.723708 0.063317 0.060718
v -0.721161 0.063527 0.060732
v -0.728214 0.064859 0.046300
v -0.725765 0.067045 0.041391
v -0.724073 0.067591 0.040440
v -0.721537 0.067373 0.042664
v -0.728820 0.065200 0.041259
v -0.727205 0.066651 0.040510
v -0.726937 0.068538 0.031505
v -0.726115 0.068659 0.033107
v -0.724178 0.068976 0.034484
v -0.727929 0.068285 0.027341
v -0.727622 0.068324 0.029505
v -0.726539 0.069465 0.029093
v -0.727606 0.069487 0.021920
v -0.727529 0.069886 0.010943
v -0.727644 0.069631 -0.009281
v -0.728640 0.067732 -0.012250
v -0.727081 0.070037 -0.024196
v -0.726908 0.069747 -0.026222
v -0.727626 0.068332 -0.028812
v -0.726539 0.069476 -0.028404
v -0.728047 0.068083 -0.027160
v -0.725600 0.069341 -0.030845
v -0.729108 0.063986 -0.046466
v -0.727191 0.065365 -0.047320
v -0.725777 0.067101 -0.041028
v -0.728187 0.064410 -0.049020
v -0.723720 0.063133 -0.061451
v -0.725622 0.062466 -0.062827
v -0.729046 0.042347 -0.129391
v -0.729983 0.040860 -0.130059
v -0.728150 0.043123 -0.129750
v -0.727051 0.043783 -0.129732
v -0.725616 0.044253 -0.129725
v -0.723706 0.044572 -0.129731
v -0.729047 0.037188 -0.146244
v -0.728150 0.038071 -0.146243
v -0.727052 0.038736 -0.146214
v -0.725616 0.039211 -0.146193
v -0.723707 0.039536 -0.146176
v -0.729954 0.030882 -0.160216
v -0.729048 0.032352 -0.159637
v -0.728151 0.033239 -0.159620
v -0.727053 0.033909 -0.159581
v -0.725617 0.034392 -0.159544
v -0.723707 0.034720 -0.159525
v -0.729049 0.028380 -0.169393
v -0.728152 0.029269 -0.169356
v -0.727052 0.029940 -0.169307
v -0.725614 0.030422 -0.169274
v -0.723693 0.030753 -0.169260
v -0.728165 0.026230 -0.175235
v -0.727067 0.026888 -0.175177
v -0.725102 0.027473 -0.175175
v -0.725123 0.025532 -0.178148
v -0.719936 0.080991 0.028162
v -0.722227 0.081069 0.027080
v -0.723867 0.081140 0.025830
v -0.724967 0.081174 0.024430
v -0.720462 0.075151 0.029351
v -0.722616 0.075429 0.028103
v -0.724233 0.075503 0.026690
v -0.725309 0.075529 0.025136
v -0.725964 0.075519 0.023456
v -0.726306 0.075477 0.021658
v -0.720924 0.072670 0.030526
v -0.723146 0.072742 0.029108
v -0.724781 0.072343 0.027691
v -0.725765 0.072380 0.025928
v -0.726458 0.071893 0.024167
v -0.726759 0.071892 0.022191
v -0.721467 0.071400 0.031442
v -0.723720 0.071277 0.029955
v -0.727093 0.071275 -0.000019
v -0.726281 0.077878 -0.018587
v -0.726808 0.072450 -0.018772
v -0.725005 0.080647 -0.023756
v -0.723920 0.080614 -0.025164
v -0.722297 0.080615 -0.026415
v -0.720266 0.077387 -0.028050
v -0.726010 0.075135 -0.022777
v -0.725380 0.075055 -0.024485
v -0.724328 0.075051 -0.026052
v -0.722737 0.075058 -0.027465
v -0.720522 0.074361 -0.029028
v -0.726801 0.071716 -0.021473
v -0.726434 0.072085 -0.023408
v -0.726007 0.071499 -0.025475
v -0.724935 0.071951 -0.027122
v -0.723477 0.071913 -0.028776
v -0.720924 0.072677 -0.029838
v -0.721831 0.070796 -0.031342
v -0.676892 0.080992 -0.027474
v -0.674601 0.081071 -0.026391
v -0.672961 0.081142 -0.025141
v -0.671862 0.081172 -0.023741
v -0.676366 0.075152 -0.028663
v -0.674213 0.075430 -0.027415
v -0.672596 0.075504 -0.026001
v -0.671520 0.075530 -0.024448
v -0.670864 0.075517 -0.022768
v -0.670523 0.075476 -0.020972
v -0.675905 0.072677 -0.029838
v -0.673683 0.072747 -0.028419
v -0.672048 0.072347 -0.027002
v -0.671064 0.072383 -0.025239
v -0.670371 0.071894 -0.023479
v -0.670070 0.071891 -0.021502
v -0.675361 0.071412 -0.030753
v -0.673108 0.071286 -0.029267
v -0.669736 0.071274 0.000705
v -0.670702 0.081042 0.019145
v -0.670021 0.072452 0.019460
v -0.671824 0.080648 0.024445
v -0.672909 0.080616 0.025853
v -0.674532 0.080617 0.027104
v -0.676563 0.077386 0.028737
v -0.670501 0.075269 0.021643
v -0.670818 0.075134 0.023466
v -0.671449 0.075055 0.025174
v -0.672501 0.075050 0.026741
v -0.674092 0.075057 0.028152
v -0.676306 0.074358 0.029717
v -0.670028 0.071715 0.022162
v -0.670176 0.071165 0.024250
v -0.670822 0.071497 0.026164
v -0.671894 0.071948 0.027810
v -0.673353 0.071907 0.029465
v -0.675905 0.072670 0.030526
v -0.674997 0.070782 0.032028
v -0.711087 0.083329 -0.029007
v -0.701051 0.082872 -0.029675
v -0.690652 0.083385 -0.029405
v -0.683353 0.080741 -0.029032
v -0.711301 0.079459 -0.029622
v -0.701074 0.079254 -0.030308
v -0.690326 0.079502 -0.030036
v -0.711456 0.076548 -0.030349
v -0.701124 0.076403 -0.031072
v -0.690204 0.076575 -0.030783
v -0.711706 0.074307 -0.031206
v -0.701198 0.074205 -0.031974
v -0.690016 0.074322 -0.031669
v -0.683318 0.074301 -0.030912
v -0.712075 0.072608 -0.032210
v -0.701297 0.072541 -0.033026
v -0.689765 0.072616 -0.032706
v -0.682968 0.072600 -0.031905
v -0.712579 0.071328 -0.033378
v -0.701403 0.071296 -0.034243
v -0.689489 0.071341 -0.033910
v -0.707508 0.070378 -0.035311
v -0.695339 0.070351 -0.035652
v -0.683531 0.070350 -0.034725
v -0.685742 0.083329 0.029696
v -0.695777 0.082871 0.030364
v -0.706175 0.083385 0.030092
v -0.713476 0.080742 0.029721
v -0.685529 0.079458 0.030311
v -0.695752 0.079252 0.030997
v -0.706503 0.079501 0.030725
v -0.685372 0.076546 0.031036
v -0.695707 0.076400 0.031759
v -0.706624 0.076573 0.031472
v -0.685123 0.074301 0.031895
v -0.695629 0.074198 0.032663
v -0.706812 0.074315 0.032358
v -0.713510 0.074295 0.031601
v -0.684753 0.072597 0.032896
v -0.695530 0.072527 0.033715
v -0.707063 0.072603 0.033395
v -0.713861 0.072589 0.032592
v -0.684247 0.071309 0.034064
v -0.695424 0.071272 0.034933
v -0.707338 0.071318 0.034600
v -0.689314 0.070341 0.035998
v -0.701489 0.070311 0.036341
v -0.713291 0.070316 0.035416
v -0.699883 0.204373 -0.026223
v -0.695967 0.204613 -0.024653
v -0.710599 0.204354 -0.025335
v -0.689396 0.204679 -0.021312
v -0.702464 0.204738 -0.021385
v -0.711621 0.204595 -0.021038
v -0.696326 0.204757 -0.019373
v -0.684044 0.204555 0.021649
v -0.707823 0.204676 0.021917
v -0.695967 0.204613 0.025342
v -0.709611 0.204488 0.024994
v -0.725641 0.139244 0.018708
v -0.724505 0.201910 0.019777
v -0.723423 0.203071 0.019798
v -0.721809 0.203783 0.019815
v -0.719511 0.204179 0.021769
v -0.684249 0.199473 -0.027142
v -0.690678 0.199472 -0.027698
v -0.701032 0.199744 -0.027864
v -0.710938 0.199478 -0.027347
v -0.685131 0.202743 -0.026929
v -0.689318 0.202766 -0.027310
v -0.695976 0.202854 -0.027591
v -0.705606 0.202771 -0.027448
v -0.711716 0.202737 -0.026928
v -0.687541 0.203706 -0.026799
v -0.696203 0.203757 -0.027221
v -0.705124 0.203721 -0.027093
v -0.696358 0.204127 -0.026818
v -0.704746 0.204096 -0.026715
v -0.671333 0.197709 -0.019069
v -0.675020 0.203783 -0.019127
v -0.712581 0.199474 0.027831
v -0.706152 0.199471 0.028387
v -0.695797 0.199744 0.028553
v -0.685892 0.199478 0.028036
v -0.711698 0.202743 0.027618
v -0.707511 0.202765 0.027999
v -0.700854 0.202855 0.028280
v -0.691222 0.202771 0.028136
v -0.685112 0.202737 0.027617
v -0.708981 0.203910 0.027367
v -0.700629 0.203757 0.027910
v -0.691706 0.203721 0.027782
v -0.700469 0.204127 0.027507
v -0.692083 0.204096 0.027402
v -0.729977 0.028017 -0.167289
v -0.741649 0.008174 -0.169638
v -0.736323 0.015525 -0.172679
v -0.734755 0.015878 -0.177316
v -0.729979 0.033533 -0.153015
v -0.730024 0.036993 -0.142607
v -0.741615 0.022033 -0.129360
v -0.729969 0.052500 -0.088820
v -0.740878 0.036017 -0.083657
v -0.729988 0.059005 -0.063431
v -0.729577 0.064556 -0.039085
v -0.730014 0.062787 -0.045979
v -0.729639 0.065264 0.032237
v -0.730067 0.062979 0.044099
v -0.729998 0.060596 0.056595
v -0.729987 0.055839 0.076910
v -0.730022 0.036524 0.144904
v -0.729893 0.041531 0.129049
v -0.729969 0.029290 0.165704
v -0.729998 0.032940 0.155713
v -0.739214 0.008470 0.179714
v -0.734771 0.015319 0.178974
v -0.734781 0.016873 0.176032
v -0.737109 0.014979 0.172137
v -0.729449 0.027847 0.170962
v -0.728142 0.003247 0.194823
v -0.732441 0.003344 0.193450
v -0.727987 0.006354 0.193336
v -0.734380 0.004383 0.191906
v -0.736563 0.004969 0.189977
v -0.733620 0.007749 0.189843
v -0.731266 0.009891 0.189786
v -0.737433 0.006084 0.187962
v -0.734046 0.009855 0.187677
v -0.737792 0.007500 0.185566
v -0.734475 0.011351 0.185578
v -0.737342 0.009359 0.183345
v -0.731899 0.016411 0.183293
v -0.666898 0.028061 0.168811
v -0.659707 0.014959 0.172138
v -0.662045 0.016868 0.176034
v -0.662058 0.015319 0.178975
v -0.666831 0.034495 0.151193
v -0.666796 0.030593 0.162055
v -0.666889 0.053911 0.084561
v -0.666831 0.059730 0.060414
v -0.666800 0.056858 0.072496
v -0.666812 0.062375 0.047867
v -0.667190 0.065264 0.032238
v -0.666898 0.064704 -0.032933
v -0.666819 0.062379 -0.048225
v -0.666822 0.063686 -0.040425
v -0.666847 0.059919 -0.059842
v -0.666842 0.037481 -0.141247
v -0.666870 0.033627 -0.152907
v -0.661997 0.015433 -0.178343
v -0.658212 0.012272 -0.171837
v -0.661740 0.016971 -0.174146
v -0.666877 0.027742 -0.168499
v -0.667870 0.004693 -0.193590
v -0.671574 0.008485 -0.192238
v -0.664500 0.005118 -0.192277
v -0.669026 0.009656 -0.191005
v -0.662041 0.005613 -0.190763
v -0.666139 0.010146 -0.189657
v -0.660113 0.005997 -0.189010
v -0.663255 0.009757 -0.188244
v -0.660049 0.008063 -0.186705
v -0.664415 0.013606 -0.185847
v -0.659901 0.009422 -0.184513
v -0.664476 0.015403 -0.184005
v -0.662330 0.013933 -0.182194
v -0.687070 0.003328 0.197246
v -0.659485 0.009356 0.183345
v -0.664928 0.016408 0.183296
v -0.659038 0.007501 0.185566
v -0.662351 0.011347 0.185579
v -0.659395 0.006082 0.187962
v -0.664334 0.011674 0.187483
v -0.660267 0.004971 0.189977
v -0.663208 0.007748 0.189844
v -0.665564 0.009892 0.189786
v -0.661442 0.003703 0.191847
v -0.666247 0.007595 0.191646
v -0.666677 0.004897 0.193389
v -0.674270 0.007402 0.194236
v -0.720392 0.005395 -0.194599
v -0.714332 0.005664 -0.194962
v -0.705349 0.009965 -0.192748
v -0.685236 0.005732 -0.195080
v -0.679079 0.005505 -0.194815
v -0.737246 0.009973 -0.182434
v -0.730175 0.019862 -0.181530
v -0.736925 0.009307 -0.184509
v -0.736775 0.007969 -0.186702
v -0.732406 0.013406 -0.185843
v -0.736712 0.005941 -0.189005
v -0.733571 0.009627 -0.188242
v -0.734782 0.005570 -0.190753
v -0.729586 0.011141 -0.189410
v -0.732326 0.005087 -0.192267
v -0.727809 0.009553 -0.190999
v -0.728960 0.004671 -0.193582
v -0.725264 0.008412 -0.192230
v -0.739371 0.000946 -0.186719
v -0.740863 0.001203 -0.186889
v -0.741830 0.001845 -0.185489
v -0.741289 0.001515 -0.187655
v -0.741363 0.002089 -0.187586
v -0.737263 0.000531 -0.190829
v -0.738667 0.000759 -0.190920
v -0.740236 0.001252 -0.189713
v -0.740187 0.001916 -0.189785
v -0.738499 0.001044 -0.191620
v -0.738438 0.001657 -0.191632
v -0.732542 0.000287 -0.193618
v -0.735717 0.000747 -0.193387
v -0.735814 0.001445 -0.193329
v -0.731516 0.000423 -0.194815
v -0.732297 0.000763 -0.194854
v -0.732167 0.001276 -0.194817
v -0.720800 0.000313 -0.197018
v -0.721297 0.000770 -0.197147
v -0.714028 0.000416 -0.197811
v -0.713955 0.000979 -0.197730
v -0.706194 0.000254 -0.198114
v -0.706451 0.000687 -0.198251
v -0.694458 0.000128 -0.197921
v -0.698416 0.000359 -0.198346
v -0.698429 0.000925 -0.198263
v -0.690535 0.000385 -0.198222
v -0.690871 0.000943 -0.198140
v -0.681817 0.000201 -0.197539
v -0.682858 0.000722 -0.197858
v -0.675708 0.000456 -0.197115
v -0.675622 0.001034 -0.197035
v -0.658027 0.000652 0.188157
v -0.655935 0.001093 0.187129
v -0.655264 0.001427 0.187312
v -0.655016 0.002256 0.186397
v -0.655466 0.001822 0.187990
v -0.656703 0.000911 0.190020
v -0.656654 0.001543 0.190164
v -0.661841 0.000248 0.192430
v -0.658436 0.000684 0.191818
v -0.658408 0.001225 0.191940
v -0.661021 0.000504 0.193448
v -0.661256 0.000956 0.193694
v -0.664617 0.000366 0.194875
v -0.665097 0.000732 0.195148
v -0.675595 0.000348 0.197164
v -0.684083 0.000048 0.197696
v -0.682653 0.000329 0.197809
v -0.690283 0.000212 0.198216
v -0.700128 0.000019 0.198101
v -0.698414 0.000237 0.198346
v -0.706546 0.000212 0.198216
v -0.720083 0.000087 0.197067
v -0.714218 0.000264 0.197820
v -0.721172 0.000433 0.197151
v -0.664768 0.000608 -0.194888
v -0.664669 0.001269 -0.194819
v -0.664441 0.000229 -0.192387
v -0.661774 0.000484 -0.193336
v -0.660920 0.000867 -0.193346
v -0.661021 0.001436 -0.193333
v -0.659565 0.000499 -0.190827
v -0.658159 0.000730 -0.190918
v -0.658330 0.001023 -0.191620
v -0.658395 0.001646 -0.191634
v -0.658181 0.000724 -0.187526
v -0.656593 0.001225 -0.189713
v -0.656645 0.001903 -0.189788
v -0.655965 0.001164 -0.186887
v -0.655539 0.001485 -0.187657
v -0.655466 0.002071 -0.187586
v -0.657568 0.001318 -0.183269
v -0.654998 0.001812 -0.185489
v -0.654770 0.002541 -0.184634
v -0.657083 0.002677 -0.177648
v -0.655515 0.003049 -0.177590
v -0.654771 0.004530 -0.174347
v -0.654697 0.005431 -0.173972
v -0.659608 0.004445 -0.171320
v -0.657079 0.004685 -0.171301
v -0.655517 0.004943 -0.171648
v -0.655192 0.007493 -0.171536
v -0.659642 0.018466 -0.130657
v -0.655517 0.018318 -0.133213
v -0.654771 0.019736 -0.130363
v -0.654697 0.020397 -0.130837
v -0.657088 0.019465 -0.127970
v -0.655519 0.030530 -0.090095
v -0.654697 0.031923 -0.090004
v -0.659632 0.040192 -0.048176
v -0.657087 0.040429 -0.048170
v -0.655517 0.040819 -0.048118
v -0.654771 0.042136 -0.044157
v -0.654697 0.042589 -0.046057
v -0.660341 0.041433 -0.040416
v -0.657088 0.041731 -0.040338
v -0.655518 0.042118 -0.040290
v -0.659681 0.043315 0.000342
v -0.657106 0.043551 0.000343
v -0.655522 0.043932 0.000345
v -0.654771 0.044501 0.000345
v -0.665046 0.043043 0.015605
v -0.659642 0.043122 0.021392
v -0.657091 0.043359 0.021385
v -0.655518 0.043741 0.021324
v -0.654771 0.044318 0.021040
v -0.654697 0.044683 0.030169
v -0.660341 0.042304 0.033494
v -0.657087 0.042596 0.033448
v -0.655517 0.042981 0.033395
v -0.654771 0.043573 0.033145
v -0.659633 0.041254 0.041873
v -0.657087 0.041491 0.041867
v -0.655517 0.041879 0.041816
v -0.654770 0.041992 0.044738
v -0.654697 0.043188 0.042167
v -0.665047 0.039441 0.050613
v -0.659628 0.038879 0.054290
v -0.657087 0.039872 0.050560
v -0.655517 0.040262 0.050513
v -0.654697 0.039303 0.061620
v -0.657087 0.036734 0.064951
v -0.655517 0.037640 0.062619
v -0.654771 0.037761 0.064613
v -0.659631 0.034906 0.071601
v -0.657086 0.032477 0.082171
v -0.654770 0.033510 0.081849
v -0.660314 0.032115 0.082415
v -0.654697 0.030279 0.097015
v -0.657086 0.025660 0.107192
v -0.654770 0.026719 0.106800
v -0.660341 0.011434 0.153523
v -0.654697 0.011346 0.159585
v -0.657083 0.009528 0.159741
v -0.655517 0.010173 0.158997
v -0.655512 0.005061 0.172389
v -0.660342 0.004327 0.172597
v -0.657084 0.004616 0.172580
v -0.654770 0.004884 0.174393
v -0.654697 0.005283 0.175403
v -0.660341 0.002469 0.178268
v -0.657081 0.002743 0.178235
v -0.655514 0.003111 0.178175
v -0.732212 0.000366 0.194875
v -0.732223 0.000739 0.194983
v -0.734988 0.000248 0.192430
v -0.735808 0.000504 0.193447
v -0.735824 0.000959 0.193559
v -0.738393 0.000684 0.191818
v -0.738421 0.001225 0.191940
v -0.738802 0.000652 0.188158
v -0.740126 0.000912 0.190020
v -0.740175 0.001543 0.190164
v -0.740894 0.001093 0.187130
v -0.741565 0.001427 0.187313
v -0.741363 0.001822 0.187990
v -0.739290 0.001315 0.183718
v -0.741813 0.002256 0.186397
v -0.739748 0.002743 0.178235
v -0.741315 0.003111 0.178175
v -0.742132 0.005283 0.175403
v -0.742058 0.004884 0.174392
v -0.737204 0.004373 0.172608
v -0.739745 0.004616 0.172580
v -0.741317 0.005061 0.172389
v -0.737197 0.013033 0.148928
v -0.739742 0.013271 0.148923
v -0.741312 0.013668 0.148872
v -0.737189 0.016767 0.137078
v -0.739739 0.017005 0.137073
v -0.741311 0.017400 0.137022
v -0.742058 0.018045 0.136767
v -0.742132 0.018671 0.137345
v -0.733512 0.017218 0.135115
v -0.742132 0.027731 0.106057
v -0.733532 0.026009 0.104639
v -0.742132 0.035038 0.079049
v -0.737196 0.041254 0.041873
v -0.739742 0.041491 0.041867
v -0.741311 0.041880 0.041815
v -0.742132 0.043188 0.042166
v -0.736487 0.042915 0.024669
v -0.737147 0.043315 0.000345
v -0.739723 0.043551 0.000344
v -0.741307 0.043932 0.000344
v -0.742058 0.044501 0.000350
v -0.742132 0.045238 -0.014261
v -0.732963 0.043135 -0.011526
v -0.737187 0.043127 -0.020503
v -0.739738 0.043363 -0.020497
v -0.741311 0.043746 -0.020436
v -0.742058 0.044322 -0.020153
v -0.742132 0.044546 -0.031442
v -0.736694 0.042357 -0.032719
v -0.739742 0.042629 -0.032745
v -0.741312 0.043015 -0.032691
v -0.742058 0.043605 -0.032442
v -0.737196 0.041494 -0.040345
v -0.739741 0.041731 -0.040340
v -0.741311 0.042119 -0.040290
v -0.742058 0.042136 -0.044156
v -0.742132 0.042589 -0.046057
v -0.739742 0.040429 -0.048171
v -0.741312 0.040819 -0.048119
v -0.731874 0.036673 -0.063132
v -0.737176 0.018834 -0.129327
v -0.733488 0.018592 -0.129696
v -0.739737 0.018966 -0.129682
v -0.741311 0.019359 -0.129638
v -0.742058 0.019994 -0.129402
v -0.737197 0.015161 -0.141514
v -0.739742 0.014374 -0.144753
v -0.741312 0.015796 -0.141454
v -0.742058 0.015098 -0.145463
v -0.736487 0.012211 -0.150239
v -0.741314 0.011398 -0.154525
v -0.742132 0.012752 -0.154541
v -0.739747 0.009670 -0.158149
v -0.732141 0.008758 -0.159484
v -0.737197 0.009111 -0.159002
v -0.742058 0.010226 -0.159189
v -0.737218 0.004493 -0.171281
v -0.742132 0.005475 -0.173899
v -0.739744 0.004594 -0.171671
v -0.741313 0.004986 -0.171617
v -0.742058 0.004564 -0.174339
v -0.739252 0.002648 -0.177611
v -0.741315 0.003093 -0.177586
v -0.712774 0.101857 0.028270
v -0.708277 0.102043 0.028691
v -0.701052 0.101976 0.029029
v -0.690473 0.102581 0.028823
v -0.684067 0.102216 0.028259
v -0.712778 0.121665 0.027894
v -0.708389 0.122140 0.028303
v -0.703534 0.122231 0.028553
v -0.698411 0.122963 0.028634
v -0.693284 0.122299 0.028552
v -0.688426 0.122266 0.028302
v -0.684048 0.121826 0.027893
v -0.671129 0.107861 -0.018039
v -0.684055 0.101861 -0.027581
v -0.688551 0.102042 -0.028002
v -0.695775 0.101973 -0.028340
v -0.706356 0.102583 -0.028134
v -0.712761 0.102219 -0.027570
v -0.684051 0.121663 -0.027205
v -0.688438 0.122133 -0.027614
v -0.693293 0.122232 -0.027864
v -0.698419 0.122973 -0.027945
v -0.703546 0.122299 -0.027863
v -0.708403 0.122261 -0.027613
v -0.712779 0.121825 -0.027205
v -0.725897 0.089453 0.018910
v -0.725706 0.106699 0.018721
v -0.719677 0.095933 -0.026385
v -0.721893 0.102694 -0.025239
v -0.723454 0.112276 -0.023958
v -0.725204 0.111491 -0.021397
v -0.725541 0.111654 -0.019911
v -0.719562 0.117728 -0.025901
v -0.721828 0.121806 -0.024978
v -0.724530 0.121934 -0.022712
v -0.725543 0.111328 0.020597
v -0.725206 0.110957 0.022084
v -0.721917 0.101977 0.025933
v -0.719664 0.102041 0.026871
v -0.724532 0.121292 0.023401
v -0.723450 0.120982 0.024608
v -0.721831 0.121348 0.025667
v -0.719572 0.121724 0.026570
v -0.677152 0.095928 0.027074
v -0.674935 0.102702 0.025928
v -0.673374 0.112274 0.024647
v -0.671625 0.111500 0.022086
v -0.671287 0.111658 0.020600
v -0.677267 0.117716 0.026590
v -0.675000 0.121796 0.025667
v -0.672299 0.121959 0.023401
v -0.671286 0.111332 -0.019908
v -0.671623 0.110972 -0.021395
v -0.674912 0.101983 -0.025246
v -0.677164 0.102037 -0.026182
v -0.672297 0.121298 -0.022712
v -0.673379 0.120978 -0.023920
v -0.674997 0.121356 -0.024978
v -0.677257 0.121725 -0.025883
vn -0.000000 -0.000000 1.000000
vn 0.999986 0.005200 -0.000000
vn 0.999968 0.005400 -0.005900
vn 0.999986 0.005200 -0.000900
vn 0.999986 0.005200 -0.000300
vn 0.932581 -0.081698 0.351593
vn 0.983879 -0.118997 0.133497
vn 0.997651 0.003800 0.068397
vn 0.999813 0.007600 0.017800
vn 0.057298 -0.998357 0.000100
vn 0.143899 -0.989592 0.000100
vn 0.120206 0.992749 0.000200
vn 0.006100 -0.999981 -0.000100
vn 0.049598 0.998769 -0.000100
vn 0.011300 0.999936 0.000100
vn 0.010800 0.999942 -0.000000
vn 0.999990 0.004500 -0.000100
vn 0.999986 0.005000 -0.001500
vn 0.999945 0.010500 -0.000300
vn 0.998595 0.023900 0.047300
vn 0.999985 0.005500 -0.000200
vn 0.999984 0.004800 -0.002900
vn 0.999590 0.020700 -0.019800
vn 0.009100 -0.993790 -0.110899
vn 0.049302 -0.993944 -0.098204
vn 0.006400 -0.928658 -0.370883
vn 0.999474 0.020899 0.024799
vn 0.999816 0.019200 -0.000000
vn 0.998180 -0.060299 -0.000000
vn 0.994840 -0.025101 -0.098304
vn 0.055600 0.385802 -0.920905
vn 0.065004 0.885054 -0.460928
vn -0.000100 -0.986510 -0.163702
vn 0.998107 -0.061500 0.000100
vn 0.999582 -0.028899 0.000500
vn 0.997961 -0.061498 -0.017099
vn 0.999097 -0.038200 -0.018600
vn 0.999785 0.018800 -0.008800
vn 0.972892 -0.230598 0.017500
vn 0.999534 -0.030501 0.001000
vn 0.999869 -0.016199 0.000200
vn 0.999890 -0.014800 -0.000300
vn 0.999656 -0.010100 -0.024199
vn 0.996070 -0.041599 -0.078198
vn 0.026601 -0.999531 0.015200
vn 0.999973 0.007300 -0.000300
vn 0.999704 0.024200 -0.002500
vn 0.999689 0.022400 0.011000
vn 0.999860 0.007400 -0.014999
vn 0.999976 0.006900 -0.000700
vn 0.999909 0.008800 -0.010200
vn 0.999649 0.021201 -0.015901
vn 0.999961 0.008800 -0.000200
vn 0.999353 0.035898 0.002200
vn 0.999954 0.009600 0.000500
vn 0.999818 -0.018700 -0.003700
vn 0.999386 0.028400 0.020500
vn 0.999909 0.008800 0.010200
vn 0.999947 0.007000 -0.007600
vn 0.999549 0.019301 -0.023001
vn 0.999987 0.005000 -0.001400
vn 0.999959 0.007100 0.005600
vn 0.999509 0.028400 0.013200
vn 0.999708 0.009100 0.022400
vn 0.999981 0.006200 0.000600
vn 0.999993 0.003700 0.000100
vn 0.999685 0.005500 0.024500
vn 0.999980 0.006200 -0.000900
vn 0.999985 0.005300 0.001100
vn 0.999987 0.005100 0.000100
vn 0.999986 0.005200 0.000100
vn 0.999986 0.005200 0.000300
vn 0.999988 0.005000 -0.000000
vn -0.003700 0.918766 0.394785
vn 0.000200 0.867183 0.497990
vn 0.040499 0.900777 0.432389
vn 0.000300 0.505704 0.862707
vn 0.000200 0.703095 0.711095
vn 0.018899 -0.651671 -0.758266
vn 0.006300 -0.536418 -0.843929
vn 0.015300 -0.561401 -0.827402
vn 0.044099 -0.726281 -0.685982
vn 0.027202 -0.804348 -0.593535
vn -0.000600 0.746918 0.664916
vn -0.001000 0.521288 0.853380
vn 0.017000 0.803696 0.594797
vn 0.018500 -0.581990 0.812986
vn 0.009400 -0.498517 0.866829
vn 0.016100 -0.676483 0.736282
vn 0.042999 -0.493687 0.868576
vn 0.024502 -0.393125 0.919159
vn 0.015600 -0.330105 -0.943815
vn 0.008200 -0.454424 -0.890748
vn 0.000200 0.653833 0.756639
vn -0.002200 0.536499 0.843898
vn 0.017100 0.803695 0.594796
vn 0.009700 -0.715868 0.698169
vn 0.009900 -0.740871 0.671574
vn 0.008400 -0.524720 0.851233
vn 0.009799 0.919153 0.393780
vn -0.002100 0.788380 0.615185
vn 0.020699 0.844168 0.535679
vn -0.000000 0.754130 -0.656726
vn 0.033501 -0.911329 0.410313
vn 0.013100 -0.948502 0.316501
vn 0.046100 -0.846804 0.529903
vn 0.998731 0.006800 -0.049902
vn 0.999975 0.007100 -0.000500
vn 0.999975 0.007100 -0.000000
vn 0.999369 -0.011200 0.033699
vn 0.999678 0.008200 0.023999
vn 0.998781 0.013800 0.047399
vn 0.016700 -0.179696 0.983580
vn 0.000700 -0.095701 0.995410
vn 0.007200 -0.201205 0.979523
vn 0.030098 -0.305084 0.951850
vn 0.051403 -0.090705 0.994550
vn 0.008200 -0.453827 -0.891052
vn 0.011100 -0.993836 -0.110304
vn 0.028899 -0.992876 0.115597
vn 0.041602 0.233209 -0.971536
vn -0.005800 0.907466 -0.420084
vn 0.000800 0.948893 -0.315598
vn -0.000700 0.749876 -0.661578
vn 0.022800 -0.920194 -0.390798
vn 0.009900 -0.947975 -0.318192
vn 0.014699 -0.913143 -0.407375
vn 0.011500 -0.769521 -0.638518
vn 0.021899 -0.802476 -0.596282
vn 0.006800 -0.907499 0.419999
vn 0.014000 -0.948790 0.315597
vn 0.042700 -0.951905 0.303402
vn 0.011800 0.579380 -0.814972
vn 0.002400 0.498688 -0.866778
vn -0.000700 0.701182 -0.712982
vn 0.004500 0.677193 -0.735792
vn 0.020000 0.397000 -0.917601
vn -0.000500 0.999843 0.017701
vn 0.022199 0.995153 0.095796
vn 0.044601 -0.255308 0.965830
vn 0.013700 -0.992435 0.122004
vn 0.036301 -0.994738 -0.095804
vn 0.073904 -0.997251 0.005400
vn 0.067102 -0.978524 0.194905
vn 0.041801 0.233207 -0.971528
vn 0.985144 -0.034602 -0.168208
vn 0.801206 -0.155601 0.577804
vn 0.999668 0.013100 0.022199
vn 0.011900 0.609102 -0.793003
vn -0.004900 0.800338 -0.599529
vn 0.017900 0.754990 -0.655492
vn 0.009300 -0.686382 -0.727181
vn 0.011900 0.326895 0.944986
vn 0.013200 0.495697 0.868395
vn 0.012100 -0.922503 -0.385801
vn 0.021900 -0.923198 -0.383699
vn 0.057100 -0.895493 -0.441397
vn 0.049901 -0.956117 -0.288705
vn 0.074798 -0.979279 -0.188196
vn 0.011900 0.579379 -0.814971
vn 0.002400 0.498612 -0.866822
vn 0.020201 0.396914 -0.917633
vn 0.001000 0.994577 -0.103998
vn 0.001000 0.994524 0.104503
vn 0.044801 -0.255306 0.965822
vn 0.019000 -0.651612 -0.758314
vn 0.011700 -0.726922 -0.686621
vn 0.008300 -0.520700 -0.853700
vn 0.015400 -0.561401 -0.827401
vn 0.044298 -0.726275 -0.685976
vn 0.027299 -0.804381 -0.593486
vn 0.000800 -0.107402 -0.994215
vn 0.038902 0.001000 -0.999243
vn 0.037699 -0.184695 -0.982073
vn 0.019100 -0.342805 -0.939213
vn 0.006900 -0.907460 0.420082
vn 0.014200 -0.948787 0.315596
vn 0.042501 -0.951914 0.303404
vn 0.009200 0.920897 0.389699
vn 0.040199 0.900788 0.432394
vn 0.013300 0.495697 0.868394
vn 0.998902 -0.004900 -0.046600
vn 0.996958 0.038098 -0.067997
vn 0.716000 -0.083400 0.693100
vn 0.045601 -0.351109 0.935224
vn 0.061402 -0.714419 0.697019
vn 0.088797 0.265292 0.960070
vn 0.124402 0.154602 0.980113
vn 0.127605 -0.012901 0.991741
vn 0.225107 0.559717 0.797524
vn 0.122897 0.677182 0.725480
vn 0.988466 0.077697 0.129995
vn 0.327090 0.912171 0.246892
vn 0.041600 0.720503 0.692203
vn 0.066599 0.651994 0.755293
vn 0.112703 0.367610 0.923126
vn 0.810935 -0.582225 0.058302
vn 0.995573 -0.091597 0.021099
vn 0.105901 -0.872006 0.477903
vn 0.389700 0.917599 0.078400
vn 0.401693 0.914683 -0.044699
vn 0.328398 -0.929695 -0.166799
vn 0.378113 0.907430 -0.183306
vn 0.338791 0.848377 -0.406789
vn 0.060204 -0.506131 -0.860353
vn 0.106805 -0.081403 -0.990942
vn 0.673977 0.023599 -0.738375
vn 0.991688 -0.004100 -0.128598
vn 0.123701 0.537403 -0.834204
vn 0.240213 0.648034 -0.722738
vn 0.091899 0.093299 -0.991388
vn 0.098402 0.237804 -0.966316
vn 0.745994 0.546896 -0.379997
vn 0.059499 -0.502394 0.862589
vn 0.991701 -0.004100 0.128500
vn 0.674290 0.023600 0.738089
vn 0.107502 -0.082001 0.990817
vn 0.240495 0.647987 0.722686
vn 0.746306 0.546605 0.379803
vn 0.058198 0.625975 0.777669
vn 0.097397 0.209393 0.972969
vn 0.092003 0.091603 0.991536
vn 0.328696 -0.929590 0.166798
vn 0.378404 0.907310 0.183302
vn 0.153093 0.977353 0.146093
vn 0.134807 0.932949 0.333817
vn 0.339099 0.848297 0.406699
vn 0.101096 -0.889865 -0.444882
vn 0.995582 -0.091498 -0.021100
vn 0.811226 -0.581819 -0.058302
vn 0.390078 0.917447 -0.078295
vn 0.137999 0.972696 -0.186599
vn 0.155094 0.987860 -0.008900
vn 0.401981 0.914556 0.044698
vn 0.045499 -0.350694 -0.935384
vn 0.716301 -0.083300 -0.692801
vn 0.060800 -0.717303 -0.694103
vn 0.127494 -0.012899 -0.991755
vn 0.124599 0.154598 -0.980089
vn 0.091997 0.253793 -0.962874
vn 0.225207 0.559817 -0.797425
vn 0.123003 0.677119 -0.725520
vn 0.041500 0.723293 -0.689293
vn 0.099499 0.890887 -0.443194
vn 0.327396 0.912087 -0.246797
vn 0.988478 0.077698 -0.129897
vn 0.059101 -0.502406 0.862610
vn 0.991597 -0.004100 0.129300
vn 0.672092 0.023600 0.740091
vn 0.106898 -0.081999 0.990883
vn 0.239110 0.648227 0.722930
vn 0.744314 0.548410 0.381107
vn 0.057803 0.625928 0.777735
vn 0.096803 0.209405 0.973025
vn 0.091399 0.091599 0.991593
vn 0.326901 -0.930204 0.166901
vn 0.376408 0.908119 0.183404
vn 0.152199 0.977492 0.146099
vn 0.134004 0.933031 0.333911
vn 0.337216 0.848941 0.406920
vn 0.100601 -0.889910 -0.444905
vn 0.995524 -0.092102 -0.021201
vn 0.809499 -0.584199 -0.058500
vn 0.388007 0.918316 -0.078401
vn 0.137103 0.972821 -0.186604
vn 0.154102 0.988015 -0.008900
vn 0.399888 0.915473 0.044699
vn 0.045200 -0.350699 -0.935397
vn 0.714215 -0.083602 -0.694915
vn 0.060497 -0.717365 -0.694066
vn 0.126695 -0.012899 -0.991858
vn 0.123897 0.154597 -0.980178
vn 0.091403 0.253807 -0.962927
vn 0.223894 0.559984 -0.797677
vn 0.122297 0.677182 -0.725581
vn 0.041200 0.723399 -0.689199
vn 0.098801 0.890909 -0.443305
vn 0.325593 0.912679 -0.246994
vn 0.988355 0.078096 -0.130594
vn 0.009200 -0.918681 -0.394892
vn 0.012300 -0.867092 -0.497996
vn 0.056801 -0.895509 -0.441404
vn 0.049603 -0.956159 -0.288618
vn 0.074399 -0.979290 -0.188298
vn -0.000700 0.107501 0.994205
vn 0.038902 -0.000500 0.999243
vn 0.034899 0.184792 0.982158
vn 0.014200 0.343009 0.939225
vn 0.021300 0.909391 -0.415396
vn 0.001100 0.861411 -0.507907
vn -0.000000 0.943355 -0.331784
vn 0.014899 -0.994466 0.103996
vn 0.015000 -0.994412 -0.104501
vn 0.073499 -0.997281 0.005400
vn 0.066698 -0.978574 0.194795
vn 0.014100 0.182905 -0.983029
vn -0.000700 0.096899 -0.995294
vn 0.004500 0.204607 -0.978834
vn 0.027500 0.340899 -0.939698
vn 0.050099 0.091197 -0.994572
vn 0.018401 -0.581925 0.813034
vn 0.009400 -0.498592 0.866786
vn 0.016001 -0.676534 0.736237
vn 0.042699 -0.493693 0.868587
vn 0.024401 -0.393211 0.919125
vn 0.066298 0.990165 0.123196
vn 0.075702 0.997123 0.003800
vn 0.015400 -0.995087 0.097799
vn 0.029701 -0.999545 0.005300
vn 0.060700 0.178899 -0.981993
vn 0.103100 0.677998 -0.727798
vn 0.060303 0.998146 -0.008200
vn 0.039198 0.942752 -0.331183
vn 0.998058 -0.062297 -0.000000
vn 0.994883 -0.090898 0.044099
vn 0.991989 -0.079099 0.098499
vn 0.060700 -0.244699 0.967697
vn 0.081804 -0.783936 0.615428
vn 0.152808 -0.222211 0.962950
vn 0.979605 -0.171801 -0.104201
vn 0.997552 0.020999 -0.066697
vn 0.991848 0.017601 -0.126206
vn 0.999894 -0.014500 0.001300
vn 0.998026 -0.062802 -0.000100
vn 0.999475 -0.032399 0.000500
vn 0.997974 0.063598 0.001500
vn 0.999274 -0.034699 0.015700
vn 0.140597 0.275095 -0.951081
vn 0.999267 -0.034999 -0.015499
vn 0.991409 -0.130801 -0.000500
vn 0.998125 -0.061202 -0.000100
vn 0.999465 -0.032699 -0.000800
vn 0.999884 -0.015200 0.000900
vn 0.999570 0.000900 0.029299
vn 0.999816 -0.019200 -0.000000
vn 0.999961 0.006900 0.005600
vn 0.999808 0.007200 0.018200
vn 0.999986 0.005100 0.001300
vn 0.999986 0.005300 0.000400
vn 0.999969 0.006300 -0.004800
vn 0.204198 0.815793 -0.541096
vn 0.229605 0.970320 -0.075902
vn 0.708959 0.705159 -0.011299
vn 0.712702 0.667802 0.214701
vn 0.199202 0.824908 0.529005
vn 0.857770 -0.513682 -0.018999
vn 0.960205 0.278802 0.016600
vn 0.179604 0.981821 0.061401
vn 0.163704 0.867021 0.470612
vn 0.366607 0.133703 0.920719
vn 0.566419 0.802526 -0.187406
vn 0.366487 0.133695 -0.920768
vn 0.162407 0.872137 -0.461520
vn 0.999377 0.031799 0.015300
vn 0.999169 0.034499 -0.021699
vn 0.405890 0.903777 0.135797
vn 0.114896 0.993369 0.004100
vn 0.110798 0.945984 0.304695
vn 0.370890 0.200495 0.906776
vn 0.450324 0.881548 -0.141708
vn 0.370898 0.200399 -0.906794
vn 0.110299 0.946394 -0.303598
vn 0.924307 0.381303 -0.016300
vn 0.032800 -0.994908 -0.095301
vn -0.006000 -0.994848 -0.101205
vn 0.048899 0.124797 0.990977
vn 0.014200 0.129497 0.991478
vn 0.029101 0.950517 0.309306
vn 0.007000 0.999954 0.006600
vn 0.014500 0.993329 0.114403
vn 0.055699 0.993488 0.099399
vn 0.009000 -0.994484 0.104498
vn 0.035999 0.997268 0.064498
vn 0.138596 -0.418087 0.897772
vn 0.020200 0.995186 -0.095899
vn 0.005400 0.990694 -0.135999
vn 0.006100 0.999969 0.005000
vn 0.032099 0.999363 -0.015599
vn 0.999889 0.014800 0.001600
vn 0.998955 -0.045698 -0.000100
vn 0.999918 0.012800 -0.000100
vn 0.999600 -0.005200 0.027800
vn 0.996811 0.078601 -0.013800
vn 0.998987 0.044999 -0.000300
vn 0.999662 0.025999 -0.000000
vn 0.999687 0.025000 -0.000000
vn 0.992846 0.119405 -0.000000
vn 0.999271 0.032399 0.020199
vn 0.980505 0.133801 -0.143901
vn 0.866600 0.466100 -0.178200
vn 0.354605 0.905313 -0.233803
vn 0.810471 0.585779 -0.000000
vn 0.325303 0.945610 0.000100
vn 0.004400 -0.999990 0.000100
vn 0.117005 0.984239 0.132605
vn 0.980491 0.133799 0.143999
vn 0.864838 0.469321 0.178308
vn 0.304107 0.765517 0.567012
vn 0.096898 0.986676 -0.130697
vn 0.066002 0.922334 -0.380714
vn 0.143005 -0.981133 -0.130104
vn 0.221696 0.193697 -0.955684
vn 0.999974 0.007200 -0.000600
vn 0.998384 -0.020500 0.052999
vn 0.999947 0.003500 0.009700
vn 0.997302 -0.071500 0.016600
vn 0.043801 0.042701 -0.998127
vn 0.202011 -0.007900 -0.979351
vn 0.151097 0.382591 -0.911479
vn 0.169304 0.255306 -0.951922
vn 0.041301 0.242305 -0.969321
vn 0.037502 0.540923 -0.840236
vn 0.029801 0.666028 -0.745331
vn 0.056099 0.637394 -0.768493
vn 0.041299 0.229295 0.972480
vn 0.042702 0.098304 0.994240
vn 0.208796 0.063699 0.975882
vn 0.073901 -0.701514 -0.708814
vn 0.049098 -0.748364 -0.661468
vn 0.130499 -0.746296 -0.652696
vn 0.091906 -0.812950 -0.575035
vn 0.174600 -0.958798 -0.224100
vn 0.220110 -0.964243 -0.147607
vn 0.996841 -0.072603 -0.032201
vn 0.037301 0.900521 -0.433210
vn 0.037301 0.953616 -0.298705
vn 0.053701 -0.971112 0.232503
vn 0.182099 -0.939296 0.290799
vn 0.071202 -0.904722 0.420010
vn 0.045102 -0.540329 0.840244
vn 0.039199 -0.665589 0.745288
vn 0.118001 -0.554903 0.823504
vn 0.987563 -0.003000 -0.157194
vn 0.999885 0.014800 -0.003300
vn 0.998864 0.017799 0.044198
vn 0.999862 0.007800 0.014699
vn 0.064100 0.702295 0.708995
vn 0.037301 0.741318 0.670116
vn 0.109703 0.732821 0.671519
vn 0.076803 0.814527 0.575019
vn 0.167605 -0.253408 0.952729
vn 0.044701 -0.241705 0.969320
vn 0.997679 0.056099 0.038599
vn 0.999892 0.013000 0.006800
vn 0.037700 -0.424598 -0.904597
vn 0.045499 -0.367590 -0.928874
vn 0.044901 -0.563612 -0.824818
vn 0.044401 -0.042101 0.998126
vn 0.161209 -0.882748 -0.441324
vn 0.089304 -0.926037 -0.366715
vn 0.053402 0.821832 -0.567222
vn 0.027200 0.786891 -0.616493
vn 0.035400 0.730401 -0.682101
vn 0.998830 0.047401 0.009600
vn 0.068403 -0.995647 0.063303
vn 0.216608 -0.972638 0.084003
vn 0.044499 -0.228695 -0.972480
vn 0.044102 -0.097704 -0.994238
vn 0.197792 -0.146994 -0.969160
vn 0.998334 0.057602 -0.003300
vn 0.042102 -0.839241 0.542127
vn 0.064898 -0.816781 0.573286
vn 0.038301 -0.786414 0.616511
vn 0.172708 -0.908545 0.380419
vn 0.121601 -0.870009 0.477805
vn 0.082400 -0.748405 0.658104
vn 0.047300 -0.716097 0.696397
vn 0.031800 0.425095 0.904590
vn 0.040299 0.368191 0.928877
vn 0.037000 0.564204 0.824806
vn 0.029901 0.866936 0.497521
vn 0.070697 0.838963 0.539576
vn 0.077397 0.931966 0.354187
vn 0.998767 0.044299 -0.022399
vn 0.995004 0.048800 -0.087100
vn 0.740005 0.040100 -0.671405
vn 0.949314 0.029900 -0.312905
vn 0.998651 0.008000 -0.051298
vn 0.998268 0.005200 0.058598
vn 0.942734 -0.022101 0.332812
vn 0.308108 -0.877123 0.368409
vn 0.182590 -0.791859 0.582770
vn 0.637585 -0.749582 0.177796
vn 0.952521 -0.301807 0.040201
vn 0.998648 -0.051802 0.004400
vn 0.707535 -0.704635 0.053703
vn 0.945612 -0.325104 -0.011200
vn 0.697179 -0.710879 -0.092697
vn 0.998887 -0.046999 -0.004100
vn 0.932211 -0.351004 -0.088201
vn 0.594909 -0.736912 -0.321005
vn 0.996428 -0.079602 -0.028201
vn 0.263996 -0.300295 -0.916585
vn 0.173002 -0.703509 -0.689308
vn 0.377908 -0.135203 -0.915918
vn 0.652695 0.084499 0.752894
vn 0.930828 0.020001 0.364911
vn 0.409918 0.525923 0.745233
vn 0.276205 0.795115 0.539910
vn 0.160006 0.593021 0.789128
vn 0.225498 0.475196 0.850493
vn 0.947464 0.314688 0.057298
vn 0.616991 0.741689 0.263096
vn 0.954775 0.296392 -0.023599
vn 0.998852 0.047898 0.000600
vn 0.999976 0.007000 -0.000000
vn 0.919227 0.068002 -0.387811
vn 0.692930 0.113405 -0.712031
vn 0.405130 0.628946 -0.663549
vn 0.290499 0.364099 -0.884897
vn 0.292200 0.377500 -0.878700
vn 0.158101 0.688902 -0.707402
vn 0.629500 0.693100 0.351200
vn 0.579820 0.329312 0.745226
vn 0.151992 0.482774 0.862454
vn 0.134002 0.349206 0.927415
vn 0.781708 -0.524105 0.338003
vn 0.247596 -0.765888 0.593390
vn 0.218407 -0.851326 0.477014
vn 0.585623 0.810332 -0.020201
vn 0.466688 -0.136797 -0.873778
vn 0.107604 -0.201608 -0.973538
vn 0.934065 -0.079297 -0.348187
vn 0.596994 -0.801992 0.020200
vn 0.774230 0.535021 -0.338113
vn 0.236798 0.769292 -0.593394
vn 0.206500 0.854300 -0.477000
vn 0.639185 -0.684184 -0.351192
vn 0.445802 -0.077100 0.891805
vn 0.066100 -0.034800 0.997206
vn 0.945554 -0.010899 0.325284
vn 0.584371 -0.321084 -0.745262
vn 0.158695 -0.480584 -0.862471
vn 0.138901 -0.347303 -0.927409
vn 0.539003 -0.275702 0.795905
vn 0.083002 -0.289007 0.953722
vn 0.686134 0.561428 0.462623
vn 0.983976 0.143297 0.106097
vn 0.701096 -0.358498 0.616396
vn 0.162500 -0.503799 0.848399
vn 0.990701 -0.065600 0.119200
vn 0.792802 -0.396001 0.463301
vn 0.573196 0.799494 0.179599
vn 0.211096 -0.914483 0.345194
vn 0.981591 -0.173798 0.079199
vn 0.660799 -0.731999 0.165900
vn 0.198193 0.917368 -0.345188
vn 0.985940 0.154106 -0.064603
vn 0.650484 0.741181 -0.165896
vn 0.584373 -0.791363 -0.179592
vn 0.957013 -0.289304 -0.020700
vn 0.693997 -0.551698 -0.462598
vn 0.978599 -0.174600 -0.108900
vn 0.464620 0.143306 0.873837
vn 0.104803 0.203107 0.973532
vn 0.954191 0.074799 0.289697
vn 0.695997 0.368298 -0.616397
vn 0.155395 0.506083 -0.848371
vn 0.787208 0.407004 -0.463305
vn 0.535102 0.283201 -0.795904
vn 0.078903 0.290111 -0.953735
vn 0.930422 0.065402 -0.360608
vn 0.444699 0.083300 -0.891798
vn 0.065600 0.035700 -0.997207
vn 0.138201 0.990404 0.000100
vn 0.613781 -0.789476 -0.000000
vn 0.957873 0.287192 -0.000000
vn 0.129104 -0.991631 -0.000000
vn 0.134502 0.990913 -0.000000
vn 0.595993 0.802990 -0.000000
vn 0.630005 -0.722206 0.285502
vn 0.133203 -0.975623 -0.174404
vn 0.671388 0.581390 -0.459592
vn 0.217707 -0.172605 0.960631
vn 0.998783 0.044999 -0.020200
vn 0.414704 0.909910 -0.009200
vn 0.355917 0.934444 0.011701
vn 0.978307 -0.004900 0.207102
vn 0.233904 0.873814 0.426307
vn 0.682315 0.391309 0.617514
vn 0.080903 -0.368914 0.925936
vn 0.982700 0.001200 -0.185200
vn 0.089300 -0.963099 -0.253900
vn 0.030501 -0.992920 0.114802
vn 0.853287 -0.499492 0.149698
vn 0.113895 -0.993452 0.009000
vn 0.097001 -0.977711 0.186202
vn 0.436680 0.204091 0.876161
vn 0.501983 -0.860172 -0.090097
vn 0.080099 -0.996784 -0.002600
vn 0.931808 -0.157901 -0.326803
vn 0.869044 -0.081804 -0.487925
vn 0.078903 -0.785727 -0.613521
vn 0.429003 -0.772005 -0.469003
vn 0.076500 -0.307400 0.948500
vn 0.862700 0.465300 -0.198100
vn 0.118399 0.988295 0.096200
vn 0.051598 0.954569 0.293490
vn 0.083599 0.004600 -0.996489
vn 0.913423 0.374710 -0.158904
vn 0.943572 -0.133896 0.302891
vn 0.846187 -0.458893 0.270896
vn 0.988081 0.146997 0.045699
vn 0.117196 0.958364 0.260390
vn 0.071199 0.364994 -0.928284
vn 0.944264 -0.323488 0.060998
vn 0.998606 -0.048800 0.020100
vn 0.398320 -0.917246 -0.000400
vn 0.361884 -0.932158 -0.011000
vn 0.134305 -0.579920 0.803527
vn 0.991102 -0.053900 0.121700
vn 0.708893 -0.424596 0.563195
vn 0.151696 -0.983871 0.094797
vn 0.992006 -0.125901 -0.008600
vn 0.142805 -0.984133 -0.105304
vn 0.194302 -0.959812 0.202503
vn 0.133498 -0.942886 -0.305195
vn 0.085602 0.948527 0.304909
vn 0.084801 0.865312 0.494007
vn 0.558418 0.808826 0.184306
vn 0.783049 -0.524366 0.334478
vn 0.200005 -0.889421 0.411010
vn 0.996753 -0.077196 0.022899
vn 0.184900 -0.760300 0.622700
vn 0.049698 0.201793 0.978166
vn 0.940149 0.046202 0.337618
vn 0.063397 0.435482 0.897962
vn 0.044899 -0.194995 0.979776
vn 0.951924 -0.075802 0.296807
vn 0.043498 -0.000700 0.999053
vn 0.582490 0.812686 -0.015700
vn 0.964013 0.264203 -0.029600
vn 0.116995 0.565275 -0.816564
vn 0.669916 0.464711 -0.579014
vn 0.042199 0.195595 -0.979776
vn 0.043398 0.001100 -0.999057
vn 0.685380 0.627481 -0.369489
vn 0.994483 0.087998 -0.057099
vn 0.991403 0.125500 -0.037000
vn 0.051201 -0.205004 -0.977421
vn 0.065403 -0.438720 -0.896241
vn 0.593574 0.558876 0.579075
vn 0.071095 0.722453 0.687755
vn 0.979700 0.168700 0.108300
vn 0.560711 0.702113 0.438908
vn 0.990122 -0.104302 -0.093702
vn 0.047499 0.205597 0.977483
vn 0.918492 0.057099 0.391296
vn 0.058300 0.439600 0.896300
vn 0.650305 -0.504904 -0.567605
vn 0.111904 -0.714023 -0.691122
vn 0.691598 -0.611498 -0.384399
vn 0.044199 -0.195097 0.979787
vn 0.954306 -0.056700 0.293402
vn 0.042699 -0.000500 0.999088
vn 0.135703 0.986223 -0.094602
vn 0.986656 0.162493 0.010300
vn 0.126997 0.986277 0.105498
vn 0.178008 0.962945 -0.202609
vn 0.124104 0.581917 -0.803723
vn 0.986469 0.079298 -0.143495
vn 0.685409 0.444806 -0.576508
vn 0.142105 -0.943133 -0.300510
vn 0.986867 -0.143795 -0.073598
vn 0.138509 -0.860458 -0.490333
vn 0.670994 -0.727894 -0.141199
vn 0.041499 0.195697 -0.979786
vn 0.889389 0.112099 -0.443194
vn 0.042799 0.001300 -0.999083
vn 0.136099 -0.987195 -0.083200
vn 0.993433 -0.086403 0.075002
vn 0.994063 -0.097596 0.048098
vn 0.760680 0.549986 -0.344791
vn 0.184698 0.892593 -0.411297
vn 0.993957 0.106395 -0.026999
vn 0.171402 0.763207 -0.623006
vn 0.051299 -0.202296 -0.977980
vn 0.942869 -0.071098 -0.325489
vn 0.072497 -0.429280 -0.900257
vn 0.978008 0.157001 0.137301
vn 0.976103 -0.098500 0.193701
vn 0.118305 0.944842 0.305414
vn 0.109902 0.308606 -0.944819
vn 0.971864 0.053898 -0.229292
vn 0.090498 0.097897 -0.991073
vn 0.745884 0.613787 -0.258694
vn 0.987323 0.155904 -0.029801
vn 0.973388 0.025000 0.227797
vn 0.470888 0.252193 0.845378
vn 0.460194 -0.164798 -0.872389
vn 0.083999 -0.105299 -0.990887
vn 0.088197 -0.303091 -0.948872
vn 0.109499 -0.499796 -0.859194
vn 0.987755 -0.035198 -0.151993
vn 0.972723 -0.062802 -0.223305
vn 0.987147 0.112505 -0.113505
vn 0.993015 0.103302 -0.057001
vn 0.134601 0.520304 -0.843307
vn 0.997378 -0.056599 -0.045099
vn 0.789118 -0.400509 -0.465710
vn 0.357297 -0.928793 0.098399
vn 0.483595 -0.083599 0.871291
vn 0.915516 -0.386607 0.111202
vn 0.998364 -0.056098 0.011100
vn 0.900221 -0.378309 0.215605
vn 0.111200 0.845296 0.522598
vn 0.126698 0.945585 0.299695
vn 0.881383 -0.339493 0.328494
vn 0.998455 -0.043398 0.034698
vn 0.169907 0.985442 -0.005900
vn 0.120895 0.989659 0.077197
vn 0.967465 0.100496 0.232191
vn 0.513895 0.686894 0.513895
vn 0.999861 0.016699 -0.000200
vn 0.999859 0.016799 -0.000100
vn 0.998858 0.016599 -0.044798
vn 0.999859 0.016799 -0.000000
vn 0.986657 -0.040898 -0.157593
vn 0.525908 -0.689210 -0.498407
vn 0.492822 -0.869140 0.041502
vn 0.036398 -0.889555 -0.455377
vn 0.999878 -0.015600 0.000800
vn 0.999881 -0.015400 -0.000800
vn 0.999993 -0.003700 0.000100
vn 0.999994 -0.003600 -0.000000
vn 0.996322 0.003900 -0.085602
vn 0.936904 0.095100 -0.336402
vn 0.999975 0.006500 -0.002700
vn 0.999979 0.006200 0.002100
vn 0.100597 0.711276 0.695677
vn 0.317207 -0.916721 -0.242905
vn 0.843274 -0.537484 0.000400
vn 0.991048 -0.133506 0.000100
vn 0.715512 -0.135102 -0.685412
vn -0.000000 -0.000000 -1.000000
vn -0.405210 -0.000000 -0.914223
vn -0.750019 0.000100 -0.661417
vn 0.750019 -0.000000 -0.661417
vn -0.000000 0.000200 -1.000000
vn 0.000100 -0.000000 1.000000
vn -0.000100 -0.000100 1.000000
vn 0.000200 -0.000100 1.000000
vn 0.000100 -0.000100 1.000000
vn -0.000000 0.000100 1.000000
vn 0.749969 -0.000000 -0.661473
vn 0.999697 -0.000000 -0.024600
vn 0.999700 -0.000000 -0.024500
vn -0.093601 0.118701 -0.988508
vn -0.083100 0.256000 -0.963098
vn -0.050398 0.385887 -0.921168
vn 0.016800 -0.815795 -0.578097
vn 0.015701 -0.818129 -0.574820
vn 0.013601 -0.820334 -0.571723
vn -0.001600 -0.720821 -0.693120
vn 0.010900 -0.726684 -0.686885
vn 0.018300 -0.735489 -0.677290
vn 0.022901 -0.746921 -0.664519
vn 0.049099 0.389095 -0.919888
vn 0.081699 0.260596 -0.961985
vn 0.092899 0.121898 -0.988186
vn -0.056101 0.000100 -0.998425
vn -0.000000 0.505897 -0.862594
vn -0.000000 0.505971 -0.862551
vn -0.000000 0.506015 -0.862525
vn 0.000100 0.673911 -0.738812
vn 0.000100 0.674016 -0.738717
vn 0.000200 0.674537 -0.738241
vn -0.000000 0.673494 -0.739193
vn -0.000100 0.673494 -0.739193
vn -0.000000 0.673911 -0.738812
vn 0.327199 0.192700 0.925099
vn -0.669532 0.087304 0.737635
vn 0.327306 0.001800 0.944917
vn 0.324611 0.530119 0.783327
vn -0.666825 0.359213 0.652924
vn 0.326412 0.357213 0.875131
vn 0.324898 0.783696 0.529397
vn -0.671096 0.572696 0.470797
vn 0.330687 0.668774 0.665874
vn 0.324615 0.945843 -0.002700
vn -0.669514 0.740516 0.058201
vn 0.329300 0.927601 0.176400
vn 0.326492 0.874578 -0.358491
vn -0.666828 0.710430 -0.225010
vn 0.327495 0.925285 -0.191297
vn 0.327705 0.668810 -0.667310
vn -0.666808 0.570307 -0.479706
vn 0.326210 0.780624 -0.533116
vn 0.326506 0.364907 -0.871916
vn -0.666824 0.343313 -0.661424
vn 0.327512 0.519019 -0.789529
vn 0.328311 0.008600 -0.944531
vn -0.671122 0.073202 -0.737724
vn 0.326789 0.174394 -0.928868
vn 0.327705 -0.532509 -0.780413
vn -0.669513 -0.362907 -0.648113
vn 0.327297 -0.363296 -0.872292
vn 0.326397 -0.792293 -0.515496
vn -0.666803 -0.581803 -0.465702
vn 0.326297 -0.664594 -0.672194
vn 0.324995 -0.927185 -0.186297
vn -0.671083 -0.709282 -0.215794
vn 0.327516 -0.871742 -0.364417
vn 0.326407 -0.868818 0.372308
vn -0.669518 -0.706419 0.229606
vn 0.322587 -0.927663 0.188093
vn 0.324694 -0.665588 0.671987
vn -0.667317 -0.570714 0.478512
vn 0.327500 -0.787300 0.522400
vn 0.324604 -0.368505 0.871112
vn -0.672303 -0.353901 0.650202
vn 0.330406 -0.522809 0.785814
vn 0.744616 -0.411309 -0.525711
vn 0.885374 0.211094 0.414188
vn 0.736120 -0.247907 -0.629817
vn 0.885865 0.411384 0.214492
vn 0.737416 -0.559012 -0.379108
vn 0.746106 -0.635205 -0.199602
vn 0.747582 -0.634685 0.195695
vn 0.886322 0.460512 -0.048601
vn 0.738096 -0.674696 -0.000000
vn 0.748396 -0.526397 0.403498
vn 0.883875 0.412489 -0.220494
vn 0.885857 0.294286 -0.358683
vn 0.737388 -0.379194 0.558991
vn 0.746002 0.417401 0.518901
vn 0.885890 -0.219097 -0.408895
vn 0.737418 0.254106 0.625815
vn 0.737990 0.561092 0.374895
vn 0.883903 -0.361501 -0.296701
vn 0.884349 -0.445525 0.139408
vn 0.749872 0.659575 -0.051498
vn 0.738023 0.623419 -0.258208
vn 0.670579 -0.451286 0.588782
vn 0.674502 -0.230701 -0.701302
vn 0.748423 -0.043101 -0.661820
vn 0.670615 0.238805 0.702316
vn 0.748426 0.043001 0.661823
vn 0.670579 -0.588782 -0.451286
vn 0.667805 -0.060100 0.741906
vn 0.755996 0.040900 0.653297
vn 0.771873 -0.262891 0.578879
vn 0.668061 0.228487 0.708159
vn 0.754985 0.307094 0.579388
vn 0.668402 0.481402 0.567002
vn 0.773589 0.530893 0.345995
vn 0.668120 -0.708321 0.227807
vn 0.776539 -0.529226 0.341917
vn 0.775967 -0.630573 -0.015899
vn 0.326407 0.372308 0.868818
vn -0.669533 0.229511 0.706435
vn 0.326486 0.183292 0.927260
vn 0.327691 0.674482 0.661583
vn -0.666808 0.479706 0.570307
vn 0.327500 0.522400 0.787300
vn 0.326402 0.877604 0.351102
vn -0.666824 0.661424 0.343313
vn 0.326302 0.782905 0.529704
vn 0.324611 0.945832 -0.005400
vn -0.666792 0.742491 0.063999
vn 0.327500 0.926101 0.187300
vn 0.324682 0.873151 -0.363579
vn -0.667300 0.710400 -0.223700
vn 0.330011 0.925430 -0.186206
vn 0.326588 0.677076 -0.659476
vn -0.672288 0.575789 -0.465291
vn 0.327013 0.782530 -0.529820
vn 0.324987 0.188892 -0.926662
vn -0.673816 0.209705 -0.708517
vn 0.330598 0.355898 -0.874095
vn 0.327012 -0.372913 -0.868331
vn -0.669518 -0.229606 -0.706419
vn 0.326486 -0.183292 -0.927260
vn 0.327103 -0.676407 -0.659907
vn -0.666808 -0.479706 -0.570307
vn 0.327793 -0.522090 -0.787384
vn 0.326580 -0.877347 -0.351579
vn -0.666824 -0.661424 -0.343313
vn 0.327213 -0.784132 -0.527322
vn 0.324611 -0.945832 0.005400
vn -0.666792 -0.742491 -0.063999
vn 0.327083 -0.926351 -0.186790
vn 0.322905 -0.873715 0.363806
vn -0.666828 -0.710430 0.225010
vn 0.329093 -0.926079 0.184596
vn 0.331220 -0.669440 0.664939
vn -0.671110 -0.573409 0.469907
vn 0.324402 -0.784505 0.528503
vn 0.327613 -0.191808 0.925137
vn -0.673816 -0.209705 0.708517
vn 0.326591 -0.349491 0.878177
vn 0.747307 -0.295803 -0.595006
vn 0.883910 0.135802 0.447505
vn 0.749900 -0.053300 -0.659400
vn 0.737370 -0.474281 -0.480981
vn 0.885836 0.294312 0.358714
vn 0.885351 0.301883 -0.353581
vn 0.736900 -0.480300 0.475700
vn 0.747583 -0.311693 0.586487
vn 0.886298 0.042100 -0.461199
vn 0.736665 -0.130894 0.663469
vn 0.745431 0.066803 0.663227
vn 0.749901 0.301600 0.588801
vn 0.883890 -0.136298 -0.447395
vn 0.751992 0.508295 0.419696
vn 0.884894 -0.300498 -0.355898
vn 0.885000 -0.413600 -0.213800
vn 0.749104 0.630903 0.202001
vn 0.886365 -0.460482 -0.048098
vn 0.738096 0.674696 -0.000000
vn 0.885843 -0.411420 0.214511
vn 0.746641 0.634635 -0.199411
vn 0.736705 0.561704 -0.376503
vn 0.749993 0.203098 -0.629494
vn 0.885353 -0.211113 0.414225
vn 0.745515 0.421708 -0.516110
vn 0.885895 -0.045000 0.461698
vn 0.675882 -0.731881 0.086798
vn 0.737780 -0.664182 0.120597
vn 0.748508 -0.657407 -0.086901
vn 0.670533 -0.557627 0.489324
vn 0.743700 -0.595700 0.303400
vn 0.669175 0.572978 -0.473182
vn 0.669731 -0.228011 -0.706733
vn 0.669210 -0.070601 0.739711
vn 0.669744 0.338522 -0.660943
vn 0.668702 -0.483801 -0.564601
vn 0.669731 0.228011 0.706733
vn 0.669710 0.059801 -0.740211
vn 0.673107 0.467905 0.572706
vn 0.668061 -0.228487 -0.708159
vn 0.751596 -0.300699 -0.587097
vn 0.751639 -0.053103 -0.657434
vn 0.668078 -0.059898 0.741676
vn 0.754994 0.061999 0.652795
vn 0.751632 -0.202508 0.627726
vn 0.656897 0.415598 -0.629098
vn 0.751326 0.202107 -0.628222
vn 0.751691 0.419995 -0.508494
vn 0.664827 -0.494120 -0.560223
vn 0.754964 -0.505376 -0.417880
vn 0.668381 0.227794 0.708080
vn 0.769412 0.352005 0.533008
vn 0.665635 0.070504 -0.742939
vn 0.653603 -0.710004 -0.262101
vn 0.770782 -0.623985 -0.128597
vn 0.654174 -0.740771 0.152694
vn 0.771660 -0.596669 0.220289
vn 0.665614 -0.575112 0.475610
vn 0.755997 -0.432998 0.490898
vn 0.668081 -0.339191 0.662282
vn 0.329819 0.357220 0.873850
vn -0.673810 0.219303 0.705610
vn 0.324707 0.192004 0.926121
vn 0.328010 0.780824 0.531717
vn -0.673814 0.574312 0.464910
vn 0.326515 0.678031 0.658530
vn 0.325001 0.945703 0.004500
vn -0.673812 0.735813 0.067501
vn 0.330282 0.926949 0.177990
vn 0.324591 0.784977 -0.527685
vn -0.669532 0.648031 -0.363018
vn 0.330301 0.869604 -0.367002
vn 0.326500 0.528700 -0.783501
vn -0.667290 0.466393 -0.580691
vn 0.327518 0.663037 -0.673137
vn 0.328010 0.195006 -0.924328
vn -0.672286 0.220195 -0.706785
vn 0.326810 0.352911 -0.876727
vn 0.327705 -0.370006 -0.869313
vn -0.669533 -0.229511 -0.706435
vn 0.327304 -0.186102 -0.926411
vn 0.326391 -0.676482 -0.660182
vn 0.326297 -0.520596 -0.788993
vn 0.324598 -0.875893 -0.356997
vn 0.327498 -0.783895 -0.527497
vn 0.325001 -0.945703 -0.004500
vn -0.671122 -0.737724 -0.073202
vn 0.330009 -0.926226 -0.182205
vn 0.324594 -0.783286 0.530190
vn -0.669532 -0.648031 0.363018
vn 0.326618 -0.873449 0.361120
vn 0.324601 -0.523301 0.787902
vn -0.666803 -0.465702 0.581803
vn 0.330398 -0.666396 0.668396
vn 0.330517 -0.187209 0.925047
vn -0.671083 -0.215794 0.709282
vn 0.324408 -0.358809 0.875223
vn 0.753680 -0.506787 -0.418489
vn 0.884324 0.299308 0.358310
vn 0.753012 -0.311305 -0.579709
vn 0.749909 -0.629008 -0.204903
vn 0.886289 0.406895 0.221197
vn 0.886811 0.459906 -0.045301
vn 0.738096 -0.674696 0.000100
vn 0.748979 -0.631182 0.201594
vn 0.744079 0.073098 0.664081
vn 0.884932 0.039801 -0.464017
vn 0.738311 -0.126402 0.662510
vn 0.885887 -0.135098 -0.443794
vn 0.749251 0.303521 0.588640
vn 0.752030 0.508220 0.419717
vn 0.883903 -0.296701 -0.361501
vn 0.749180 0.630783 0.202095
vn 0.886289 -0.406895 -0.221197
vn 0.748920 0.631217 -0.201705
vn 0.886365 -0.460482 0.048098
vn 0.753729 0.509319 -0.415316
vn 0.885374 -0.414188 0.211094
vn 0.670889 -0.081299 0.737088
vn 0.667675 0.217492 0.711974
vn 0.672407 0.084801 -0.735308
vn 0.747494 -0.076099 -0.659895
vn 0.736665 0.130894 -0.663469
vn 0.672763 0.466974 0.573868
vn 0.665635 -0.070504 0.742939
vn 0.751639 0.053103 0.657434
vn 0.751326 -0.202107 0.628222
vn 0.668509 0.226703 0.708309
vn 0.755006 0.307202 0.579304
vn 0.670294 0.471696 0.572895
vn 0.773632 0.530622 0.346314
vn 0.654358 -0.695255 -0.297381
vn 0.754623 -0.652820 -0.066102
vn 0.756189 -0.570492 -0.320495
vn 0.665981 -0.742179 0.075098
vn 0.770828 -0.587121 0.247209
vn 0.657453 -0.422270 0.624055
vn 0.755427 -0.423215 0.500218
vn -0.515979 -0.749370 -0.414983
vn 0.474789 0.418590 -0.774182
vn 0.166204 0.904823 -0.392010
vn 0.077799 0.372195 -0.924888
vn 0.007200 0.876305 -0.481703
vn 0.009800 -0.900673 -0.434387
vn 0.010700 0.998294 0.057400
vn 0.867916 0.496709 0.001000
vn -0.000100 0.887400 0.461000
vn 0.306993 0.401490 0.862879
vn 0.007600 0.865006 0.501704
vn 0.747791 -0.549393 -0.372795
vn -0.515914 0.769120 -0.377210
vn 0.005800 -0.000300 -0.999983
vn 0.047898 -0.000700 -0.998852
vn 0.953660 0.000500 -0.300887
vn 0.294302 -0.003800 0.955705
vn 0.005600 0.000500 0.999984
vn 0.901489 -0.002400 -0.432795
vn 0.948893 0.000100 0.315598
vn 0.427192 -0.766985 0.478791
vn 0.944637 -0.328113 0.001800
vn 0.415290 0.788882 0.452990
vn 0.414597 -0.786294 -0.458096
vn 0.999966 0.008200 0.000300
vn 0.999988 0.004800 -0.000000
vn 0.999968 -0.000300 0.008000
vn 0.999906 -0.000000 0.013700
vn -0.016699 0.110295 -0.993759
vn -0.013000 -0.000400 -0.999915
vn -0.012600 -0.127396 -0.991772
vn 0.474714 0.418413 -0.774324
vn 0.166193 0.904663 -0.392384
vn 0.077898 0.372192 -0.924881
vn 0.007200 0.876478 -0.481388
vn 0.009800 -0.900479 -0.434790
vn 0.868027 0.496516 0.001000
vn -0.000100 0.887503 0.460802
vn 0.307005 0.401407 0.862914
vn 0.007600 0.864894 0.501897
vn -0.515800 0.769201 -0.377200
vn 0.953812 0.000500 -0.300404
vn 0.949023 0.000100 0.315208
vn 0.427184 -0.766871 0.478982
vn 0.944575 -0.328291 0.001800
vn 0.416996 0.788093 0.452796
vn 0.414495 -0.786290 -0.458194
vn 0.999980 0.006300 0.000200
vn 0.999905 0.000100 0.013800
vn -0.016700 0.109900 -0.993802
vn -0.516000 -0.749401 -0.414900
vn -0.002700 0.990289 -0.138998
vn 0.474809 0.418508 -0.774214
vn 0.166297 0.904683 -0.392293
vn 0.007200 0.876413 -0.481507
vn 0.009800 -0.900421 -0.434910
vn 0.010700 0.998401 0.055500
vn 0.868826 0.495115 0.001500
vn -0.000100 0.887709 0.460405
vn 0.349798 0.422198 0.836296
vn 0.007900 0.865116 0.501509
vn -0.287497 0.490095 -0.822892
vn -0.044199 0.401990 -0.914577
vn 0.005600 0.000400 0.999984
vn 0.038399 0.000800 0.999262
vn 0.950507 0.000100 0.310702
vn 0.429109 -0.766215 0.478310
vn 0.195693 -0.000200 0.980665
vn 0.428804 0.773508 0.466705
vn -0.540591 -0.000400 0.841286
vn 0.434929 -0.778552 -0.452430
vn 0.999941 0.010900 0.000200
vn 0.999984 -0.005600 -0.000000
vn 0.999966 -0.000000 -0.008200
vn 0.999973 -0.000100 0.007300
vn -0.013000 -0.001100 -0.999915
vn -0.000000 1.000000 -0.000000
vn -0.000000 -1.000000 -0.000000
vn -1.000000 -0.000000 -0.000000
vn 0.008200 0.567218 -0.823527
vn -0.008200 -0.567286 -0.823480
vn 0.008200 0.823527 0.567218
vn 0.008200 -0.823527 -0.567218
vn -0.008200 -0.823527 0.567218
vn -0.008200 0.567218 0.823527
vn -0.459321 -0.563526 0.686631
vn -0.459300 -0.884000 -0.087100
vn -0.459304 -0.418704 -0.783407
vn -0.459319 0.257811 -0.850035
vn -0.459300 0.884000 -0.087100
vn -0.459321 0.563526 0.686631
vn 0.004300 0.995177 -0.097998
vn 0.010400 -0.620690 0.783987
vn 0.010400 -0.873463 0.486779
vn 0.012200 -0.141803 -0.989820
vn 0.018300 -0.761595 0.647795
vn 0.018299 -0.951569 0.306890
vn 0.018300 -0.996587 -0.080499
vn 0.011700 0.997241 -0.073303
vn 0.018300 -0.889895 -0.455798
vn 0.011600 0.968739 0.247810
vn 0.012600 -0.667817 -0.744219
vn -0.739718 -0.079402 0.668216
vn -0.746041 -0.295116 0.596933
vn -0.734727 -0.452916 0.505018
vn -0.737095 -0.673596 0.054400
vn -0.739424 -0.640721 -0.206707
vn -0.739697 -0.511998 -0.436698
vn -0.744558 -0.333181 -0.578467
vn -0.740624 0.327111 -0.586919
vn -0.738264 0.529474 -0.417880
vn -0.739237 0.645433 -0.192210
vn -0.731488 0.599690 0.324495
vn -0.740020 0.192605 0.644417
vn -0.364293 0.683187 -0.632888
vn -0.376319 0.608631 -0.698536
vn -0.211805 0.663016 -0.718017
vn -0.398510 0.550714 -0.733419
vn -0.153104 0.643217 -0.750220
vn -0.197595 0.577686 -0.791981
vn -0.160406 0.556920 -0.814929
vn -0.052801 0.602709 -0.796212
vn -0.635093 0.598193 -0.488694
vn -0.236604 0.744314 -0.624512
vn -0.025401 0.566715 -0.823522
vn -0.153511 0.439631 -0.884963
vn -0.345396 0.510295 -0.787592
vn -0.009601 0.569631 -0.821845
vn -0.000600 0.575976 -0.817466
vn 0.006100 0.565512 -0.824718
vn 0.535733 0.576736 0.616738
vn 0.148505 0.652922 0.742725
vn 0.360717 0.579327 0.730934
vn 0.045599 0.644091 0.763589
vn 0.149902 0.600809 0.785212
vn 0.294600 0.515900 0.804399
vn 0.036399 0.589588 0.806884
vn 0.149705 0.489018 0.859331
vn 0.685423 0.546819 0.480816
vn 0.027999 0.692181 0.721180
vn 0.024699 0.676984 0.735583
vn 0.025600 0.541202 0.840503
vn 0.084600 0.494597 0.864995
vn 0.006300 0.545192 0.838288
vn -0.014799 0.434481 0.900560
vn -0.003400 0.552803 0.833305
vn -0.031199 0.516890 0.855483
vn 0.002500 -0.992710 -0.120501
vn -0.000400 -0.999398 -0.034700
vn 0.000600 -0.999808 -0.019600
vn 0.003400 -0.982542 -0.186008
vn 0.001100 0.679695 0.733494
vn -0.009700 0.654393 0.756092
vn 0.005000 0.619601 0.784901
vn 0.003700 0.580411 0.814315
vn 0.001200 0.695919 0.718119
vn -0.006100 0.723499 0.690299
vn -0.003200 0.603814 -0.797119
vn 0.001000 0.627897 -0.778296
vn 0.002500 0.684504 -0.729005
vn -0.011800 0.763913 -0.645211
vn -0.007100 0.861503 -0.507702
vn -0.007700 0.902469 -0.430685
vn -0.004500 0.926691 -0.375796
vn -0.027199 0.842384 -0.538190
vn -0.005000 0.941812 -0.336104
vn -0.007800 0.933498 -0.358499
vn -0.021601 0.932428 -0.360711
vn -0.020800 0.946000 -0.323500
vn 0.002900 0.949387 -0.314096
vn 0.020101 0.952742 -0.303114
vn 0.004500 0.955423 -0.295207
vn 0.019700 0.956977 -0.289493
vn 0.014200 0.962588 -0.270597
vn -0.002700 0.963278 -0.268494
vn -0.016601 0.963245 -0.268112
vn 0.005300 0.962138 -0.272511
vn -0.026600 0.962493 -0.269998
vn -0.009900 0.962018 -0.272805
vn -0.017699 0.961370 -0.274691
vn -0.026599 0.961763 -0.272589
vn 0.004600 0.966637 -0.256110
vn 0.016399 0.968650 -0.247887
vn -0.026600 0.965403 -0.259401
vn 0.015400 0.971606 -0.236102
vn 0.004300 0.973160 -0.230090
vn -0.027299 0.968377 -0.247994
vn 0.029601 0.973723 -0.225805
vn 0.014600 0.978904 -0.203801
vn 0.003800 0.974810 -0.223002
vn -0.015100 0.968023 -0.250406
vn 0.019501 0.968944 -0.246511
vn 0.028700 0.961388 -0.273697
vn -0.011400 0.956779 -0.290594
vn 0.023501 0.945728 -0.324109
vn 0.997554 0.001200 -0.069897
vn 0.916001 0.124400 -0.381401
vn 0.861117 0.263805 -0.434609
vn 0.504712 0.394809 -0.767718
vn 0.381099 0.409099 -0.829097
vn 0.216310 0.974746 -0.055503
vn 0.212298 0.449296 -0.867792
vn 0.067997 0.980062 -0.186693
vn -0.997588 0.001200 0.069399
vn -0.916001 0.124400 0.381401
vn -0.861132 0.263910 0.434516
vn -0.504787 0.394789 0.767680
vn -0.380998 0.409197 0.829095
vn -0.214610 0.975144 0.055103
vn -0.212308 0.449216 0.867831
vn -0.070499 0.995279 0.066699
vn -0.067499 0.971787 -0.225997
vn 0.011800 0.960014 0.279704
vn -0.010099 0.945252 0.326184
vn -0.018799 0.967364 0.252691
vn -0.001300 0.971852 0.235588
vn -0.013900 0.971970 0.234693
vn 0.013000 0.978191 0.207298
vn -0.012500 0.941494 0.336798
vn -0.000700 0.977399 0.211400
vn 0.061301 0.962517 0.264205
vn 0.014700 0.973994 0.226098
vn 0.001500 0.975043 0.222010
vn 0.022400 0.975107 0.220602
vn 0.001200 0.969521 0.245005
vn -0.011900 0.967000 0.254500
vn 0.015099 0.965655 0.259388
vn 0.026700 0.969003 0.245601
vn 0.001300 0.964629 0.263608
vn 0.016700 0.962774 0.269793
vn 0.026500 0.961990 0.271797
vn -0.000500 0.961528 0.274708
vn -0.017501 0.962333 0.271309
vn 0.009100 0.960217 0.279105
vn -0.007900 0.959472 0.281692
vn -0.027300 0.958702 0.283100
vn -0.012700 0.954700 0.297300
vn 0.013499 0.947562 0.319287
vn -0.006900 0.946233 0.323411
vn 0.005000 0.941236 0.337713
vn -0.017500 0.940878 0.338292
vn 0.019300 0.937593 0.347198
vn -0.024499 0.946359 0.322186
vn -0.003900 0.935200 0.354100
vn -0.003600 0.910590 0.413295
vn -0.003100 0.873288 0.487194
vn 0.018500 0.931375 0.363590
vn -0.022899 0.848573 0.528583
vn 0.002000 -0.996464 0.083997
vn -0.003900 -0.994252 0.106995
vn 0.002400 -0.989778 0.142597
vn -0.005200 -0.999975 -0.004800
vn -0.004200 -0.983326 0.181805
vn -0.011800 -0.989021 0.147303
vn -0.007000 -0.996007 0.089001
vn 0.004300 -0.968107 0.250502
vn 0.002400 -0.975020 0.222105
vn 0.003000 -0.936263 0.351286
vn -0.001500 -0.934599 0.355700
vn -0.007800 -0.935054 0.354420
vn -0.002200 -0.940496 0.339798
vn 0.005200 -0.949933 0.312411
vn -0.004900 -0.949051 0.315084
vn -0.004300 -0.949749 0.312983
vn -0.003800 -0.955332 0.295510
vn 0.001300 -0.961986 0.273096
vn 0.007200 -0.960470 0.278291
vn -0.001800 -0.963331 0.268309
vn -0.008600 -0.962880 0.269794
vn 0.006100 -0.962477 0.271294
vn -0.008900 -0.961576 0.274393
vn 0.000900 -0.964470 0.264192
vn -0.007000 -0.965230 0.261308
vn 0.003800 -0.974994 0.222199
vn 0.008500 -0.975465 0.219992
vn -0.001400 -0.983776 0.179396
vn 0.005400 -0.989314 0.145702
vn -0.006200 -0.987531 0.157305
vn -0.000400 -0.978404 0.206701
vn 0.002700 -0.993839 0.110804
vn -0.005900 -0.990317 0.138702
vn -0.010300 -0.978728 0.204906
vn 0.003700 -0.998656 0.051698
vn -0.006300 -0.993655 0.112295
vn 0.012201 -0.997843 0.064503
vn 0.001400 -0.999694 0.024700
vn -0.004300 -0.999959 0.008000
vn 0.000700 -0.999841 0.017801
vn -0.009000 -0.999845 0.015101
vn 0.010300 -0.999817 -0.016100
vn -0.008900 -0.999959 -0.001900
vn 0.007100 -0.999975 0.000500
vn -0.004400 -0.997940 -0.064003
vn -0.008200 -0.995632 -0.093003
vn 0.006800 -0.997607 -0.068801
vn -0.003200 -0.999726 -0.023201
vn 0.004300 -0.999272 -0.037899
vn 0.010300 -0.999291 -0.036200
vn 0.006600 -0.997643 -0.068303
vn 0.003000 -0.994362 -0.105996
vn -0.004000 -0.992559 -0.121695
vn 0.004100 -0.988572 -0.150696
vn -0.005700 -0.981183 -0.192997
vn 0.005500 -0.983116 -0.182903
vn -0.002200 -0.973589 -0.228297
vn 0.000500 -0.974817 -0.223004
vn 0.015300 -0.974193 -0.225198
vn -0.005800 -0.972076 -0.234594
vn -0.000400 -0.970325 -0.241806
vn 0.003400 -0.967536 -0.252709
vn -0.001700 -0.966066 -0.258291
vn -0.007400 -0.965417 -0.260605
vn 0.006800 -0.962644 -0.270684
vn -0.005600 -0.963344 -0.268212
vn -0.004300 -0.961432 -0.275009
vn -0.002500 -0.957625 -0.288007
vn -0.000700 -0.952453 -0.304685
vn -0.001000 -0.942290 -0.334796
vn 0.010300 -0.947800 -0.318700
vn -0.016100 -0.940213 -0.340205
vn -0.005600 -0.946210 -0.323504
vn -0.008900 -0.949443 -0.313814
vn 0.029500 0.571305 -0.820207
vn 0.213695 0.507587 -0.834679
vn 0.081301 0.574004 -0.814806
vn 0.241688 0.531174 -0.812060
vn 0.390510 0.544214 -0.742519
vn 0.207894 0.604782 -0.768777
vn 0.037400 0.655697 -0.754097
vn 0.377518 0.601629 -0.703934
vn 0.567985 0.594684 -0.568985
vn 0.049999 0.712692 -0.699693
vn 0.020200 0.562890 -0.826285
vn 0.047297 0.732653 -0.678957
vn 0.151698 0.429393 -0.890286
vn 0.695526 0.588422 -0.412315
vn 0.811107 0.556705 -0.179402
vn 0.046699 0.948376 -0.313692
vn 0.686208 0.700108 -0.197402
vn 0.295292 0.919577 -0.259193
vn 0.797609 0.580507 -0.163802
vn 0.497995 0.834591 -0.235497
vn 0.158806 0.950237 -0.268011
vn 0.306101 0.922103 -0.236701
vn 0.046301 0.967420 -0.248905
vn 0.158406 0.956338 -0.245610
vn 0.812451 0.567135 -0.135208
vn 0.174208 0.959147 -0.222911
vn 0.039199 0.972568 -0.229292
vn 0.085300 0.971696 -0.220299
vn 0.816793 0.565995 -0.111799
vn 0.168704 0.966626 -0.192805
vn 0.116201 0.973411 -0.197402
vn 0.815033 0.571423 -0.095904
vn 0.542592 0.827088 -0.146698
vn 0.761389 0.640891 -0.097699
vn 0.234101 0.954603 -0.184201
vn 0.348911 0.916429 -0.196006
vn 0.044100 0.978495 -0.201499
vn 0.160099 0.955595 -0.247399
vn 0.794215 0.603211 -0.073201
vn 0.644306 0.755007 -0.121801
vn -0.897283 0.060499 0.437292
vn 0.465001 0.858101 -0.217800
vn 0.684986 0.708685 -0.168996
vn 0.635117 0.762720 -0.122003
vn 0.274986 0.940652 -0.198890
vn 0.822915 0.554310 -0.124702
vn 0.903118 0.428908 -0.020400
vn 0.900304 0.434302 0.028900
vn 0.672609 0.711409 0.203703
vn 0.442584 0.868968 0.221392
vn 0.628618 0.766222 0.133204
vn 0.920478 0.389391 0.033099
vn 0.675776 0.708375 0.203793
vn 0.431192 0.832785 0.347194
vn 0.200210 0.960048 0.195510
vn 0.820062 0.563874 0.097695
vn 0.598312 0.788015 0.145103
vn 0.729875 0.670577 0.132696
vn 0.363811 0.912528 0.186906
vn 0.778907 0.620806 0.088901
vn 0.522193 0.839389 0.150798
vn 0.049802 0.976837 0.208108
vn 0.730316 0.664514 0.158303
vn 0.822291 0.556294 0.119899
vn 0.552497 0.814396 0.177499
vn 0.058601 0.970613 0.233403
vn 0.808884 0.570689 0.141497
vn 0.548098 0.810497 0.206599
vn 0.167307 0.952940 0.252811
vn 0.800189 0.579292 0.155298
vn 0.326281 0.912948 0.245086
vn 0.090702 0.961823 0.258206
vn 0.720967 0.668970 0.180792
vn 0.810701 0.563201 0.159900
vn 0.547297 0.805595 0.226899
vn 0.045999 0.964379 0.260494
vn 0.182699 0.945796 0.268499
vn 0.326297 0.908291 0.261797
vn 0.088097 0.957172 0.275792
vn 0.714929 0.671627 0.194408
vn 0.187395 0.940877 0.282193
vn 0.537602 0.806302 0.246701
vn 0.807386 0.564490 0.171697
vn 0.343305 0.896014 0.281604
vn 0.081803 0.950832 0.298710
vn 0.713484 0.667385 0.213395
vn 0.807568 0.559278 0.187193
vn 0.196396 0.928280 0.315793
vn 0.522418 0.801928 0.289810
vn 0.790740 0.574229 0.212111
vn 0.334905 0.885013 0.323405
vn 0.094399 0.935093 0.341598
vn 0.178598 0.919492 0.350197
vn 0.705078 0.663979 0.248992
vn 0.799726 0.551518 0.237208
vn 0.329091 0.862477 0.384490
vn 0.522496 0.767794 0.370797
vn 0.309008 0.827823 0.468213
vn 0.482765 0.738647 0.470466
vn 0.049199 0.921188 0.385995
vn 0.050798 0.889257 0.454578
vn 0.048001 0.842017 0.537311
vn 0.642734 0.592831 0.485226
vn -0.115802 0.511211 0.851618
vn -0.036499 0.555092 0.830988
vn -0.283188 0.432982 0.855764
vn -0.148798 0.523892 0.838687
vn -0.321213 0.478319 0.817333
vn -0.241899 0.576598 0.780397
vn -0.534674 0.571972 0.622070
vn -0.323199 0.648498 0.689198
vn -0.048502 0.527225 0.848340
vn -0.021000 0.698299 0.715499
vn -0.094100 0.694202 0.713602
vn -0.538610 0.628712 0.560911
vn -0.677005 0.546904 0.492504
vn -0.221292 0.391285 0.893267
vn -0.637636 0.627936 0.446225
vn -0.760741 0.555730 0.335318
vn -0.662485 0.652285 0.368291
vn -0.701480 0.649181 0.294092
vn -0.678121 0.690321 0.252208
vn -0.546180 0.787771 0.284789
vn -0.082997 0.937267 0.338588
vn -0.806747 0.558933 0.191711
vn -0.084802 0.946222 0.312207
vn -0.198509 0.917741 0.344015
vn -0.704500 0.677800 0.210400
vn -0.522982 0.814273 0.251892
vn -0.172006 0.938332 0.299910
vn -0.048501 0.956520 0.287606
vn -0.812307 0.560105 0.162601
vn -0.520597 0.820596 0.235799
vn -0.088197 0.957365 0.275090
vn -0.173194 0.946067 0.273790
vn -0.330290 0.908474 0.256093
vn -0.721454 0.666457 0.187988
vn -0.778325 0.604520 0.169605
vn -0.528793 0.819690 0.220197
vn -0.095398 0.961479 0.257794
vn -0.323910 0.914928 0.240807
vn -0.711204 0.680804 0.175201
vn -0.811666 0.564376 0.150594
vn -0.175499 0.950397 0.256799
vn -0.048901 0.965412 0.256103
vn -0.811300 0.568400 0.136800
vn -0.716671 0.679673 0.156294
vn -0.519699 0.830199 0.201700
vn -0.818309 0.562006 0.120501
vn -0.725879 0.674881 0.132796
vn -0.363691 0.912578 0.186896
vn -0.815671 0.570479 0.096097
vn -0.629710 0.766312 0.127402
vn -0.200306 0.960029 0.195506
vn -0.539573 0.823659 0.174491
vn -0.169802 0.959213 0.226003
vn -0.522310 0.839316 0.150803
vn -0.628687 0.766184 0.133097
vn -0.465975 0.856653 0.221388
vn -0.508879 0.800667 0.316187
vn -0.804331 0.584023 0.109404
vn -0.825216 0.560611 0.068801
vn -0.704680 0.701380 0.107197
vn -0.220497 0.907788 0.356795
vn -0.682898 0.689998 0.239899
vn -0.887886 0.459893 0.012500
vn -0.878239 0.478221 -0.000100
vn -0.951956 0.306086 -0.009600
vn -0.841085 0.539191 -0.042999
vn -0.672923 0.711624 -0.201907
vn -0.775392 0.626793 -0.076799
vn -0.441819 0.870237 -0.217909
vn -0.675204 0.709404 -0.202101
vn -0.424115 0.833929 -0.353112
vn -0.716135 0.691534 -0.094505
vn -0.830024 0.554316 -0.061602
vn -0.760541 0.641835 -0.098105
vn -0.234006 0.954625 -0.184205
vn -0.820212 0.564808 -0.090801
vn -0.542600 0.827100 -0.146600
vn -0.094104 0.976036 -0.196207
vn -0.154506 0.968936 -0.193107
vn -0.803089 0.582792 -0.124098
vn -0.078198 0.971471 -0.223893
vn -0.348911 0.916429 -0.196006
vn -0.174609 0.959050 -0.223012
vn -0.049000 0.973495 -0.223399
vn -0.802713 0.577709 -0.148002
vn -0.803189 0.572992 -0.162998
vn -0.176108 0.947041 -0.268512
vn -0.498590 0.833583 -0.237795
vn -0.686994 0.700094 -0.194698
vn -0.800060 0.577971 -0.160792
vn -0.809948 0.556564 -0.184988
vn -0.792838 0.553927 -0.254112
vn -0.460610 0.141703 0.876219
vn -0.495014 0.329409 0.804022
vn -0.615775 0.561577 0.552677
vn -0.365087 0.792772 0.488083
vn -0.879211 0.416905 0.230603
vn -0.299900 0.101100 0.948598
vn -0.932716 0.040701 0.358306
vn -0.943392 0.331297 0.015900
vn -0.540279 0.762571 0.355786
vn -0.205193 0.913967 0.350087
vn -0.316291 0.508485 0.800876
vn -0.294900 0.197000 0.935000
vn -0.972235 0.234008 -0.000000
vn -0.999627 0.027301 -0.000000
vn -0.972092 0.234598 -0.000100
vn -0.999635 0.027001 0.000100
vn -0.400617 0.200508 -0.894037
vn -0.976299 0.208200 -0.059100
vn -0.874611 0.388005 -0.290704
vn -0.401900 0.716801 -0.569801
vn -0.995096 0.028900 -0.094600
vn -0.379797 0.085699 -0.921092
vn -0.246398 0.146099 -0.958093
vn -0.280987 0.316685 -0.905957
vn -0.779102 0.537701 -0.322301
vn -0.940399 0.324100 -0.103000
vn -0.942517 0.332906 -0.028901
vn 0.615707 0.562606 -0.551706
vn 0.364404 0.794910 -0.485106
vn 0.887427 0.393412 -0.240207
vn 0.932746 0.040802 -0.358218
vn 0.943410 0.331303 -0.014700
vn 0.539785 0.764079 -0.353291
vn 0.206996 0.912981 -0.351593
vn 0.306911 0.386714 -0.869631
vn 0.977934 0.208907 -0.001900
vn 0.961439 0.275011 0.002100
vn 0.998357 0.057298 0.000100
vn 0.400625 0.200412 0.894055
vn 0.983377 0.171996 0.058199
vn 0.402020 0.715036 0.571929
vn 0.995062 0.029399 0.094796
vn 0.379797 0.085699 0.921092
vn 0.246398 0.146099 0.958093
vn 0.280887 0.316485 0.906057
vn 0.779020 0.537214 0.323308
vn 0.913738 0.372215 0.162907
vn 0.111003 0.168505 -0.979431
vn -0.091101 0.778012 -0.621609
vn -0.015100 0.798803 -0.601403
vn 0.011400 0.852268 -0.522981
vn 0.072501 0.856214 -0.511508
vn -0.098199 0.108899 -0.989191
vn 0.057198 0.110196 -0.992263
vn 0.180205 0.238706 -0.954225
vn 0.148196 0.711981 -0.686382
vn -0.111003 0.168505 0.979431
vn 0.091304 0.774033 0.626527
vn 0.015100 0.794574 0.606980
vn -0.011500 0.848487 0.529092
vn -0.072800 0.853004 0.516802
vn 0.098199 0.108899 0.989191
vn -0.057197 0.110295 0.992252
vn -0.180209 0.238612 0.954248
vn -0.148301 0.710004 0.688404
vn -0.030800 0.917213 0.397205
vn 0.028601 0.889822 0.455411
vn 0.090600 0.898798 0.428899
vn 0.024501 0.989332 -0.143605
vn -0.011900 0.992496 -0.121699
vn 0.004700 0.999571 -0.028899
vn 0.027900 0.999611 -0.000600
vn 0.011200 0.999937 -0.000300
vn -0.012100 0.999927 -0.000100
vn 0.040898 0.999163 0.000300
vn 0.004300 0.999498 0.031400
vn -0.010600 0.998441 0.054802
vn -0.002400 0.985286 0.170898
vn -0.045798 0.996162 0.074597
vn 0.040298 0.997155 0.063697
vn -0.935128 0.354311 0.000100
vn 0.051299 0.000400 -0.998683
vn 0.017500 0.059100 -0.998099
vn -0.015800 0.112799 -0.993492
vn -0.084901 0.107201 -0.990606
vn 0.087004 0.344515 -0.934741
vn 0.999997 0.002500 -0.000100
vn 0.070600 0.997505 -0.000200
vn -0.051299 0.000400 0.998683
vn -0.017500 0.059100 0.998099
vn 0.015800 0.112799 0.993492
vn 0.084901 0.107201 0.990606
vn -0.085398 0.395290 0.914578
vn -0.030200 0.891606 0.451803
vn -0.107800 0.755001 0.646801
vn 0.999997 0.002400 -0.000000
vn 0.990529 0.137304 0.000100
vn 0.168906 0.985632 0.000100
vn -0.821887 0.519192 -0.234396
vn -0.802732 0.530021 -0.273311
vn -0.793537 0.554926 -0.249712
vn -0.831287 0.524892 -0.182897
vn -0.840151 0.512070 -0.178690
vn -0.843911 0.515807 -0.147502
vn -0.845190 0.515994 -0.139298
vn -0.847475 0.516485 -0.122596
vn -0.850616 0.519510 -0.081002
vn -0.848981 0.517988 -0.104498
vn -0.852015 0.520009 -0.060501
vn -0.852941 0.520925 -0.033602
vn -0.853275 0.521284 -0.013600
vn -0.853797 0.520598 -0.003000
vn -0.853752 0.520671 0.002900
vn -0.852975 0.520784 0.034899
vn -0.853592 0.520795 0.012400
vn -0.849906 0.518004 0.096601
vn -0.851920 0.519212 0.068202
vn -0.844531 0.517419 0.138005
vn -0.846234 0.516021 0.132705
vn -0.844979 0.515687 0.141696
vn -0.843987 0.516392 0.144998
vn -0.844159 0.515575 0.146893
vn -0.842309 0.514606 0.160302
vn -0.843604 0.515003 0.152001
vn -0.838212 0.511508 0.189103
vn -0.840681 0.513188 0.172896
vn -0.800076 0.529384 0.282191
vn -0.822711 0.527207 0.212603
vn -0.818785 0.523891 0.234796
vn -0.822792 0.514295 0.241898
vn -0.822901 0.514401 0.241300
vn -0.834687 0.509692 0.208597
vn -0.266300 0.426900 0.864200
vn -0.323881 0.444174 0.835351
vn -0.474104 0.535104 0.699206
vn -0.572406 0.587406 0.572106
vn -0.631325 0.622425 0.462618
vn -0.705911 0.607009 0.365006
vn -0.659464 0.561369 0.499972
vn -0.207511 0.394522 0.895149
vn -0.167805 0.354110 0.920026
vn -0.456901 0.513402 0.726402
vn -0.736795 0.571296 0.361598
vn -0.768701 0.587701 0.252400
vn 0.818785 0.523891 0.234796
vn 0.822711 0.527207 0.212603
vn 0.842771 0.513882 0.160194
vn 0.844483 0.515890 0.143897
vn 0.843394 0.516796 0.146999
vn 0.847539 0.516424 0.122406
vn 0.848787 0.517692 0.107498
vn 0.852715 0.521209 0.034901
vn 0.852001 0.520601 0.055400
vn 0.853983 0.520189 0.010800
vn 0.853752 0.520671 0.002900
vn 0.853797 0.520598 -0.003000
vn 0.852795 0.520397 -0.043900
vn 0.853385 0.520691 -0.024800
vn 0.853084 0.521590 -0.013800
vn 0.850592 0.518695 -0.086299
vn 0.848620 0.517312 -0.110603
vn 0.846464 0.517178 -0.126595
vn 0.845382 0.517289 -0.133197
vn 0.844799 0.515399 -0.143800
vn 0.844453 0.515232 -0.146409
vn 0.842897 0.513798 -0.159799
vn 0.839814 0.512409 -0.179303
vn 0.817887 0.538191 -0.203497
vn 0.821222 0.520014 -0.234906
vn 0.829827 0.512217 -0.221407
vn 0.836569 0.511181 -0.197093
vn 0.782079 0.553885 -0.285592
vn 0.834411 0.514807 -0.196803
vn 0.305906 0.473410 -0.826017
vn 0.497502 0.552202 -0.669003
vn 0.363700 0.502900 -0.784100
vn 0.529083 0.557682 -0.639579
vn 0.676495 0.604596 -0.420497
vn 0.680882 0.600984 -0.418589
vn 0.661979 0.554783 -0.503984
vn 0.785971 0.568979 -0.241891
vn 0.086404 0.293513 0.952042
vn 0.014500 0.225603 0.974111
vn -0.014100 0.225297 0.974188
vn -0.084702 0.289506 0.953421
vn 0.705911 0.607009 0.365006
vn 0.659444 0.561338 0.500033
vn 0.631296 0.622396 0.462697
vn 0.572406 0.587406 0.572106
vn 0.482703 0.548804 0.682504
vn 0.426513 0.489115 0.760824
vn 0.346312 0.469417 0.812229
vn 0.289884 0.463474 0.837353
vn 0.227196 0.386693 0.893784
vn 0.768701 0.587701 0.252400
vn 0.736822 0.571317 0.361511
vn 0.547088 0.537288 0.641885
vn 0.303896 0.420494 0.854887
vn 0.167907 0.356615 0.919039
vn 0.408500 0.528200 0.744400
vn -0.021800 0.493294 -0.869589
vn -0.016300 0.511586 -0.859077
vn 0.012600 0.512306 -0.858710
vn 0.044400 0.500306 -0.864710
vn 0.017799 0.500673 -0.865453
vn 0.055498 0.482983 -0.873869
vn 0.098000 0.467399 -0.878598
vn 0.077598 0.490686 -0.867875
vn -0.082798 0.493186 -0.865975
vn -0.670774 0.611976 -0.418984
vn -0.675111 0.608410 -0.417207
vn -0.526116 0.565418 -0.635220
vn -0.494593 0.559492 -0.665091
vn -0.575696 0.559896 -0.595895
vn -0.962700 -0.268800 -0.030900
vn -0.024200 -0.999689 0.006000
vn -0.275601 -0.708103 -0.650103
vn -0.039698 -0.889666 -0.454883
vn -0.082499 0.150299 -0.985192
vn -0.043398 -0.325782 -0.944448
vn -0.001900 -0.886200 -0.463300
vn -0.005600 0.145604 -0.989327
vn 0.019800 -0.873117 -0.487109
vn 0.039500 0.168502 -0.984910
vn 0.079800 -0.399399 -0.913298
vn 0.139293 0.118394 -0.983148
vn 0.068401 -0.888419 -0.453909
vn 0.017200 -0.987097 -0.159199
vn 0.746877 0.557083 0.363089
vn 0.021400 -0.996794 -0.077100
vn 0.758286 0.449592 0.472091
vn 0.019700 -0.999417 -0.027900
vn 0.133304 -0.832327 0.538017
vn 0.070200 -0.660201 0.747801
vn 0.007800 -0.775993 0.630694
vn -0.009000 -0.717106 0.696906
vn -0.121501 -0.577906 0.807008
vn 0.019900 -0.999600 -0.020100
vn 0.127696 -0.938469 -0.320889
vn 0.038700 -0.997897 0.052000
vn 0.964043 -0.263812 -0.032001
vn 0.211786 -0.476570 -0.853246
vn 0.006200 -0.999329 0.036101
vn 0.021600 -0.966619 0.255305
vn 0.496376 -0.827060 0.263787
vn 0.022901 -0.942327 0.333910
vn 0.994662 -0.096596 0.036299
vn 0.887535 0.443118 -0.126205
vn 0.236600 -0.909200 0.342600
vn 0.113604 -0.935733 0.333912
vn 0.996314 -0.080801 0.028800
vn 0.270507 -0.912723 0.306208
vn 0.043899 -0.949169 0.311690
vn 0.114898 -0.948783 0.294295
vn 0.040800 -0.957001 0.287200
vn 0.248303 -0.928112 0.277404
vn 0.231106 -0.936424 0.264007
vn 0.088903 -0.958632 0.270409
vn 0.995401 -0.092200 0.026000
vn 0.618003 -0.756404 0.214301
vn 0.914624 0.389110 -0.109803
vn 0.020099 -0.963046 0.268585
vn 0.043801 -0.973832 0.223007
vn 0.038502 -0.982339 0.183107
vn 0.023801 -0.986845 0.159907
vn 0.656792 -0.743890 0.123498
vn 0.932803 0.357201 -0.047800
vn 0.995897 -0.089800 0.011200
vn 0.015199 -0.993749 0.110594
vn 0.020400 -0.986299 0.163700
vn 0.996538 -0.083003 0.004800
vn 0.933108 0.359303 -0.014500
vn 0.871916 0.488609 -0.032001
vn 0.050599 -0.998381 0.025999
vn 0.996389 -0.084899 0.000700
vn 0.922205 0.386702 -0.000500
vn 0.867405 0.497603 -0.000100
vn 0.042101 -0.999113 0.000700
vn 0.996474 -0.083898 -0.000700
vn 0.996855 -0.079096 -0.004900
vn 0.050698 -0.998360 -0.026599
vn 0.035000 -0.987714 -0.152302
vn 0.653589 -0.744088 -0.138398
vn 0.927084 0.367894 0.071899
vn 0.114901 -0.968207 -0.222202
vn 0.616734 -0.765242 -0.184510
vn 0.921680 0.377392 0.089898
vn 0.041501 -0.976733 -0.210407
vn 0.996624 -0.080302 -0.017100
vn 0.038702 -0.968138 -0.247410
vn 0.089902 -0.965724 -0.243506
vn 0.088198 -0.961574 -0.259993
vn 0.254689 -0.938759 -0.232090
vn 0.995950 -0.087296 -0.021499
vn 0.864511 0.485106 0.131502
vn 0.613197 -0.762597 -0.205999
vn 0.019201 -0.968028 -0.250107
vn 0.042999 -0.962767 -0.266891
vn 0.238591 -0.936964 -0.255290
vn 0.995611 -0.090301 -0.024600
vn 0.017601 -0.962837 -0.269510
vn 0.102902 -0.955718 -0.275705
vn 0.050699 -0.954677 -0.293293
vn 0.101497 -0.946576 -0.306092
vn 0.643698 -0.723397 -0.249699
vn 0.032100 -0.941706 -0.334902
vn 0.098704 -0.935735 -0.338613
vn 0.861881 0.477590 0.170496
vn 0.016900 -0.949899 -0.312100
vn 0.215489 -0.912055 -0.348883
vn 0.914196 0.378598 0.144599
vn 0.536790 -0.799585 -0.269295
vn 0.994267 -0.101897 -0.032399
vn 0.573120 -0.765526 -0.292410
vn 0.810400 0.553800 0.191200
vn 0.489685 -0.842875 -0.223093
vn 0.031299 -0.971974 -0.232994
vn 0.017300 -0.935008 -0.354203
vn -0.758286 0.449592 0.472091
vn -0.747004 0.556903 0.363102
vn -0.133901 -0.831204 0.539602
vn -0.994267 -0.101897 -0.032399
vn -0.536776 -0.799564 -0.269388
vn -0.912443 0.382276 0.145991
vn -0.215604 -0.912019 -0.348907
vn -0.021200 -0.969416 -0.244504
vn -0.489598 -0.842897 -0.223199
vn -0.810400 0.553800 0.191200
vn -0.573103 -0.765504 -0.292501
vn -0.643803 -0.723303 -0.249701
vn -0.036699 -0.945484 -0.323594
vn -0.041200 -0.954205 -0.296302
vn -0.924657 0.362383 0.116995
vn -0.014600 -0.958270 -0.285491
vn -0.039699 -0.960080 -0.276894
vn -0.916392 0.384497 0.111299
vn -0.858669 0.492382 0.142295
vn -0.019401 -0.961644 -0.273613
vn -0.995611 -0.090301 -0.024600
vn -0.009701 -0.965556 -0.260015
vn -0.041701 -0.964518 -0.260705
vn -0.926394 0.363498 0.098299
vn -0.995950 -0.087304 -0.021501
vn -0.042301 -0.971218 -0.234404
vn -0.925476 0.368491 0.087798
vn -0.996624 -0.080302 -0.017100
vn -0.030100 -0.977001 -0.211100
vn -0.653589 -0.744088 -0.138398
vn -0.039598 -0.986161 -0.160994
vn -0.016601 -0.983635 -0.179406
vn -0.034800 -0.995908 -0.083401
vn -0.996855 -0.079096 -0.004900
vn -0.114498 -0.992979 -0.029699
vn -0.034201 -0.999127 -0.024001
vn -0.996474 -0.083898 -0.000800
vn -0.049398 -0.998767 -0.005000
vn -0.922169 0.386787 -0.000500
vn -0.996389 -0.084899 0.000800
vn -0.867362 0.497678 -0.000100
vn -0.932102 0.361901 -0.014600
vn -0.044899 -0.997982 0.044899
vn -0.996538 -0.083003 0.004800
vn -0.029001 -0.997118 0.070101
vn -0.933926 0.354310 -0.047401
vn -0.656735 -0.743939 0.123507
vn -0.995896 -0.089800 0.011300
vn -0.044900 -0.973393 0.224698
vn -0.006300 -0.973666 0.227892
vn -0.858208 0.496905 -0.128701
vn -0.042601 -0.963826 0.263107
vn -0.995592 -0.090199 0.025700
vn -0.588202 -0.777703 0.221801
vn -0.087400 -0.959697 0.267099
vn -0.036301 -0.962622 0.268406
vn -0.994740 -0.098704 0.027401
vn -0.013300 -0.963325 0.268007
vn -0.996337 -0.081803 0.024901
vn -0.263906 -0.910022 0.319708
vn -0.033801 -0.941324 0.335808
vn -0.091999 -0.936388 0.338695
vn -0.996065 -0.083497 0.029699
vn -0.012400 -0.951470 0.307490
vn -0.103806 -0.944751 0.310917
vn -0.637495 -0.730194 0.245798
vn -0.931218 0.346107 -0.114202
vn -0.994513 -0.098001 0.036600
vn -0.023500 -0.942704 0.332801
vn -0.491818 -0.829930 0.263309
vn -0.087099 -0.932392 0.350797
vn -0.887867 0.442484 -0.126095
vn -0.068403 -0.973344 0.218910
vn 0.999941 0.010900 -0.000000
vn -0.015001 0.045702 0.998842
vn 0.051602 0.021001 0.998447
vn 0.999943 0.010700 0.000100
vn 0.999998 0.001900 -0.000000
vn 0.015001 0.045702 -0.998842
vn -0.051602 0.021001 -0.998447
vn -0.792524 0.022701 -0.609418
vn -0.404318 0.022501 -0.914341
vn -0.585126 0.013101 -0.810836
vn -0.918978 0.009600 -0.394191
vn -0.426994 0.059599 -0.902288
vn -0.258797 0.016600 -0.965789
vn -0.271097 0.043000 -0.961591
vn -0.870842 0.020801 0.491123
vn -0.374293 0.036699 0.926584
vn -0.355018 0.014501 0.934747
vn -0.996646 0.002000 0.081804
vn -0.240398 0.062000 0.968692
vn -0.230191 0.023499 0.972862
vn 0.792561 0.022699 0.609370
vn 0.404281 0.022499 0.914358
vn 0.585192 0.013100 0.810789
vn 0.918978 0.009600 0.394191
vn 0.426994 0.059599 0.902288
vn 0.258797 0.016600 0.965789
vn 0.271097 0.043000 0.961591
vn 0.870842 0.020801 -0.491123
vn 0.996728 0.002000 -0.080802
vn -0.376210 0.608717 -0.698519
vn -0.211901 0.663002 -0.718002
vn -0.398594 0.550692 -0.733390
vn -0.153006 0.643227 -0.750232
vn -0.197607 0.577620 -0.792027
vn -0.160393 0.556875 -0.814963
vn -0.635033 0.598231 -0.488725
vn 0.535804 0.576705 0.616705
vn 0.045500 0.644094 0.763592
vn 0.294591 0.515785 0.804476
vn -0.014500 0.436012 0.899824
vn 0.997546 0.001200 -0.070003
vn 0.916025 0.124503 -0.381310
vn 0.861079 0.263794 -0.434690
vn 0.381083 0.409182 -0.829063
vn 0.216405 0.974725 -0.055501
vn -0.997581 0.001200 0.069499
vn -0.915966 0.124395 0.381486
vn -0.861094 0.263898 0.434597
vn -0.214590 0.975155 0.054997
vn -0.212289 0.449177 0.867856
vn -0.012600 0.941493 0.336797
vn 0.026600 0.961987 0.271796
vn -0.022901 0.848545 0.528628
vn -0.007800 -0.935021 0.354508
vn 0.005200 -0.949903 0.312501
vn -0.000400 -0.978424 0.206605
vn -0.009000 -0.997909 0.064001
vn -0.000100 -0.999455 0.032999
vn 0.013200 -0.998123 0.059801
vn 0.005900 -0.999678 0.024699
vn -0.004000 -0.999754 0.021799
vn 0.006200 -0.999709 0.023300
vn 0.001900 -0.999998 0.001000
vn 0.007400 -0.999951 0.006500
vn -0.002600 -0.999996 0.001100
vn 0.006200 -0.999953 -0.007500
vn -0.004200 -0.999836 -0.017601
vn 0.006300 -0.999545 -0.029501
vn -0.000500 -0.999163 -0.040898
vn -0.002500 -0.997613 -0.069001
vn 0.003900 -0.998280 -0.058499
vn 0.007500 -0.999618 -0.026600
vn 0.008900 -0.997693 -0.067300
vn 0.003000 -0.994468 -0.104997
vn -0.003700 -0.993690 -0.112099
vn -0.007300 -0.965418 -0.260605
vn 0.006800 -0.962637 -0.270710
vn -0.002500 -0.943205 -0.332202
vn -0.008700 -0.902828 -0.429913
vn -0.014600 -0.938926 -0.343809
vn -0.006300 -0.947022 -0.321107
vn 0.213706 0.507513 -0.834722
vn 0.241701 0.531102 -0.812103
vn 0.390594 0.544192 -0.742490
vn 0.207897 0.604892 -0.768690
vn 0.377581 0.601670 -0.703865
vn 0.568017 0.594718 -0.568917
vn 0.049900 0.712696 -0.699696
vn 0.047300 0.732703 -0.678903
vn 0.151691 0.429475 -0.890248
vn 0.712311 0.574909 -0.402606
vn 0.808798 0.557798 -0.186299
vn 0.295194 0.919580 -0.259294
vn 0.800512 0.576809 -0.162702
vn 0.498006 0.834611 -0.235403
vn 0.306192 0.922075 -0.236694
vn 0.158305 0.956330 -0.245708
vn 0.174192 0.959155 -0.222889
vn 0.820522 0.563815 -0.094103
vn 0.542715 0.827023 -0.146604
vn 0.760394 0.641995 -0.098199
vn 0.234006 0.954625 -0.184205
vn 0.348784 0.916459 -0.196091
vn 0.044101 0.978515 -0.201403
vn 0.826125 0.559417 -0.067602
vn 0.757518 0.646815 -0.088302
vn 0.827498 0.558599 -0.056700
vn 0.815123 0.576316 -0.058602
vn 0.872575 0.485586 -0.053098
vn 0.716086 0.691586 -0.094498
vn 0.682559 0.690859 -0.238386
vn 0.876996 0.480498 0.000500
vn 0.912528 0.409013 -0.000900
vn 0.954564 0.297989 0.003100
vn 0.897320 0.438210 0.052801
vn 0.821882 0.565787 0.066299
vn 0.743764 0.660568 0.102295
vn 0.672622 0.711424 0.203607
vn 0.888813 0.458107 0.012200
vn 0.431111 0.832820 0.347209
vn 0.708407 0.697707 0.106601
vn 0.822201 0.564901 0.069800
vn 0.633913 0.764716 0.115602
vn 0.815717 0.570412 0.096102
vn 0.720115 0.680514 0.135403
vn 0.363724 0.912561 0.186913
vn 0.512990 0.840884 0.172497
vn 0.483502 0.860203 0.162101
vn 0.802603 0.580802 0.136001
vn 0.817620 0.563114 0.120003
vn 0.809527 0.568919 0.144905
vn 0.515909 0.828414 0.218104
vn 0.326192 0.912977 0.245094
vn 0.090704 0.961847 0.258113
vn 0.716817 0.673116 0.181904
vn 0.791538 0.589828 0.159908
vn 0.808454 0.566368 0.160091
vn 0.326386 0.908261 0.261789
vn 0.087998 0.957180 0.275794
vn 0.537082 0.811372 0.230692
vn 0.710016 0.676415 0.195804
vn 0.802513 0.572610 0.167603
vn 0.524498 0.811698 0.256999
vn 0.808144 0.555130 0.196811
vn 0.334787 0.885064 0.323387
vn 0.791775 0.581582 0.186694
vn 0.178695 0.919475 0.350191
vn 0.522477 0.798364 0.299387
vn 0.329104 0.862510 0.384405
vn 0.513197 0.770696 0.377698
vn 0.720984 0.586287 0.369392
vn 0.482824 0.738636 0.470423
vn 0.796497 0.562098 0.222799
vn 0.047997 0.842046 0.537266
vn -0.115901 0.511205 0.851608
vn -0.534705 0.571905 0.622106
vn -0.323221 0.648542 0.689145
vn -0.094100 0.694101 0.713701
vn -0.538681 0.628678 0.560880
vn -0.221312 0.391320 0.893247
vn -0.746049 0.581238 0.324921
vn -0.684834 0.640332 0.347817
vn -0.697972 0.655973 0.287288
vn -0.678322 0.690123 0.252208
vn -0.810212 0.555808 0.186103
vn -0.704598 0.677698 0.210399
vn -0.522897 0.814295 0.251998
vn -0.048401 0.956525 0.287607
vn -0.088199 0.957391 0.274997
vn -0.330410 0.908426 0.256107
vn -0.721515 0.666414 0.187904
vn -0.815358 0.559271 0.149692
vn -0.324000 0.914899 0.240800
vn -0.711302 0.680702 0.175200
vn -0.716768 0.679570 0.156293
vn -0.519510 0.830316 0.201704
vn -0.725928 0.674826 0.132805
vn -0.363811 0.912528 0.186906
vn -0.813001 0.574900 0.092300
vn -0.629762 0.766254 0.127492
vn -0.200210 0.960048 0.195510
vn -0.539617 0.823627 0.174506
vn -0.169899 0.959197 0.225999
vn -0.628618 0.766222 0.133204
vn -0.466015 0.856627 0.221407
vn -0.507205 0.801208 0.317503
vn -0.804366 0.583976 0.109395
vn -0.823854 0.562769 0.067496
vn -0.220592 0.907768 0.356787
vn -0.682829 0.690029 0.240010
vn -0.886320 0.463010 0.007700
vn -0.914310 0.405004 0.002900
vn -0.885412 0.464806 -0.000400
vn -0.952540 0.304313 -0.007800
vn -0.837473 0.544582 -0.045499
vn -0.894662 0.446481 -0.015299
vn -0.675320 0.709321 -0.202006
vn -0.424197 0.833894 -0.353097
vn -0.685308 0.720409 -0.106601
vn -0.760962 0.641368 -0.097895
vn -0.234101 0.954603 -0.184201
vn -0.812582 0.574887 -0.095998
vn -0.542707 0.827011 -0.146702
vn -0.094203 0.976027 -0.196205
vn -0.814380 0.568986 -0.114197
vn -0.813521 0.565815 -0.134303
vn -0.798067 0.583576 -0.150094
vn -0.799731 0.577323 -0.164706
vn -0.498515 0.833625 -0.237807
vn -0.687095 0.699995 -0.194699
vn -0.801010 0.576707 -0.160602
vn -0.810631 0.554622 -0.187807
vn -0.792794 0.553996 -0.254098
vn -0.615809 0.561608 0.552608
vn -0.879154 0.416978 0.230688
vn -0.932750 0.040702 0.358219
vn -0.943582 0.330794 0.015100
vn -0.540299 0.762598 0.355699
vn -0.306814 0.386318 0.869841
vn -0.977979 0.208696 0.001600
vn -0.999613 0.027800 -0.000800
vn -0.998316 0.058001 -0.000800
vn -0.997281 0.073699 0.000200
vn -0.972115 0.234504 -0.000100
vn -0.994548 0.041198 -0.095795
vn -0.874577 0.388090 -0.290692
vn -0.401895 0.716890 -0.569692
vn -0.280894 0.316694 -0.905982
vn -0.940430 0.324010 -0.103003
vn -0.942414 0.333205 -0.028800
vn 0.364300 0.794900 -0.485200
vn 0.879139 0.417219 -0.230310
vn 0.932716 0.040701 -0.358306
vn 0.943584 0.330794 -0.015000
vn 0.977959 0.208791 -0.001600
vn 0.972115 0.234504 0.000100
vn 0.976293 0.208199 0.059200
vn 0.995072 0.029399 0.094697
vn 0.280912 0.316514 0.906039
vn 0.779102 0.537101 0.323301
vn 0.936418 0.317206 0.150003
vn 0.942383 0.333294 0.028799
vn -0.999997 0.002400 0.000100
vn 0.991035 0.133605 -0.000100
vn -0.999997 0.002500 -0.000100
vn -0.085501 0.395203 0.914606
vn -0.107799 0.755093 0.646694
vn -0.806278 0.544485 -0.231194
vn -0.832717 0.514110 -0.205604
vn -0.844263 0.516278 -0.143794
vn -0.843802 0.516101 -0.147100
vn -0.845289 0.515993 -0.138698
vn -0.846453 0.517171 -0.126693
vn -0.850548 0.518768 -0.086295
vn -0.848576 0.517385 -0.110597
vn -0.853663 0.520378 -0.021599
vn -0.852163 0.522077 -0.035398
vn -0.852814 0.520408 -0.043401
vn -0.852781 0.522089 -0.013700
vn -0.853862 0.520477 -0.004900
vn -0.848829 0.517518 0.108004
vn -0.850288 0.518892 0.088099
vn -0.851840 0.519524 0.066803
vn -0.846692 0.517695 0.122899
vn -0.846093 0.515996 0.133699
vn -0.844189 0.515893 0.145598
vn -0.843485 0.516591 0.147197
vn -0.842720 0.514212 0.159404
vn -0.818809 0.523806 0.234903
vn -0.266311 0.426818 0.864236
vn 0.315712 -0.200008 0.927536
vn -0.323895 0.444094 0.835388
vn -0.474079 0.535176 0.699168
vn -0.631296 0.622396 0.462697
vn -0.659407 0.561406 0.500005
vn 0.834630 0.511518 0.204307
vn 0.834313 0.510708 0.207603
vn 0.820797 0.513898 0.249399
vn 0.822223 0.515714 0.240807
vn 0.822728 0.527218 0.212507
vn 0.800076 0.529384 0.282191
vn 0.840811 0.513007 0.172802
vn 0.838548 0.511029 0.188911
vn 0.842822 0.514013 0.159504
vn 0.843793 0.515396 0.149599
vn 0.846909 0.517005 0.124301
vn 0.849906 0.518004 0.096601
vn 0.851941 0.519164 0.068295
vn 0.852980 0.520788 0.034699
vn 0.853589 0.520793 0.012700
vn 0.853681 0.520788 0.003000
vn 0.852622 0.521314 -0.035601
vn 0.853277 0.521286 -0.013400
vn 0.846757 0.516674 -0.126694
vn 0.845614 0.516908 -0.133202
vn 0.844642 0.515626 -0.143907
vn 0.844366 0.515379 -0.146394
vn 0.842782 0.513989 -0.159796
vn 0.840220 0.511812 -0.179104
vn 0.820069 0.519280 -0.240491
vn 0.829001 0.512601 -0.223600
vn 0.836612 0.511107 -0.197103
vn 0.815374 0.543183 -0.200294
vn 0.834368 0.514881 -0.196793
vn 0.305892 0.473487 -0.825978
vn 0.497610 0.552212 -0.668914
vn 0.529113 0.557613 -0.639615
vn 0.676508 0.604507 -0.420605
vn 0.719186 0.582289 -0.379093
vn 0.662016 0.554713 -0.504012
vn 0.730635 0.550327 -0.404120
vn 0.805787 0.566191 -0.173597
vn -0.084704 0.289415 0.953449
vn 0.659497 0.561397 0.499897
vn 0.482593 0.548793 0.682591
vn 0.289908 0.463513 0.837323
vn 0.736795 0.571296 0.361598
vn 0.012601 0.512232 -0.858754
vn -0.670815 0.611914 -0.419009
vn -0.763500 0.573100 -0.297700
vn -0.575663 0.559964 -0.595862
vn -0.962641 -0.269011 -0.030901
vn -0.039700 -0.889605 -0.455002
vn -0.082498 0.150397 -0.985178
vn 0.039500 0.168599 -0.984893
vn 0.068398 -0.888378 -0.453989
vn 0.747004 0.556903 0.363102
vn 0.758396 0.449398 0.472098
vn 0.070299 -0.660091 0.747889
vn 0.007700 -0.772980 0.634384
vn -0.008900 -0.715133 0.698932
vn 0.127597 -0.938481 -0.320893
vn 0.964018 -0.263905 -0.032001
vn 0.211807 -0.476415 -0.853327
vn 0.021601 -0.966644 0.255212
vn 0.496492 -0.826987 0.263796
vn 0.994638 -0.096804 0.036401
vn 0.887496 0.443198 -0.126199
vn 0.236506 -0.909222 0.342608
vn 0.113600 -0.935702 0.334001
vn 0.996295 -0.081000 0.028900
vn 0.270490 -0.912767 0.306089
vn 0.040799 -0.956974 0.287292
vn 0.995371 -0.092497 0.026099
vn 0.617941 -0.756451 0.214314
vn 0.914861 0.388583 -0.109695
vn 0.020199 -0.963070 0.268492
vn 0.932719 0.357407 -0.047901
vn 0.995887 -0.089899 0.011300
vn 0.015400 -0.993532 0.112504
vn 0.040800 -0.995302 0.087800
vn 0.996521 -0.083202 0.004900
vn 0.932022 0.362108 -0.014600
vn 0.045002 -0.998435 0.033201
vn 0.996381 -0.084998 0.000700
vn 0.922118 0.386908 -0.000500
vn 0.996457 -0.084096 -0.000700
vn 0.996839 -0.079303 -0.004900
vn 0.047699 -0.998387 -0.030800
vn 0.024301 -0.992244 -0.121905
vn 0.013600 -0.997933 -0.062802
vn 0.653695 -0.743995 -0.138399
vn 0.021000 -0.991795 -0.126099
vn 0.616796 -0.765195 -0.184499
vn 0.996574 -0.080898 -0.017200
vn 0.995608 -0.090901 -0.022400
vn 0.865281 0.486190 0.122097
vn 0.996407 -0.081701 -0.022300
vn 0.856712 0.496907 0.138302
vn 0.100704 -0.956239 -0.274711
vn 0.995024 -0.095702 -0.027701
vn 0.098703 -0.952133 -0.289310
vn 0.996321 -0.081602 -0.026201
vn 0.021900 -0.953118 -0.301806
vn 0.092200 -0.945499 -0.312300
vn 0.215604 -0.912019 -0.348907
vn 0.910707 0.385703 0.147801
vn 0.994232 -0.102203 -0.032501
vn 0.573103 -0.765504 -0.292501
vn 0.489522 -0.842938 -0.223210
vn -0.758364 0.449579 0.471978
vn -0.746919 0.557014 0.363109
vn -0.133802 -0.831215 0.539610
vn -0.994260 -0.101996 -0.032299
vn -0.536790 -0.799585 -0.269295
vn -0.912426 0.382311 0.146004
vn -0.215489 -0.912055 -0.348883
vn -0.573009 -0.765611 -0.292404
vn -0.039798 -0.939262 -0.340886
vn -0.643698 -0.723397 -0.249699
vn -0.036000 -0.946497 -0.320699
vn -0.924691 0.362296 0.116999
vn -0.039799 -0.960076 -0.276893
vn -0.918012 0.380905 0.110301
vn -0.856836 0.496721 0.138206
vn -0.995622 -0.090202 -0.024501
vn -0.041700 -0.964492 -0.260798
vn -0.926862 0.362385 0.097996
vn -0.995948 -0.087295 -0.021599
vn -0.924879 0.369892 0.088198
vn -0.653695 -0.743995 -0.138399
vn -0.021100 -0.991793 -0.126099
vn -0.021699 -0.991869 -0.125396
vn -0.937467 0.347888 0.011400
vn -0.108305 -0.993748 -0.027101
vn -0.018700 -0.998878 -0.043499
vn -0.877844 0.478924 0.004600
vn -0.056101 -0.998415 -0.004600
vn -0.014700 -0.999891 0.001100
vn -0.019500 -0.999717 -0.013600
vn -0.927355 0.374182 -0.000500
vn -0.996398 -0.084800 0.000700
vn -0.932573 0.360690 -0.014500
vn -0.996546 -0.082904 0.004900
vn -0.048298 -0.998554 0.023599
vn -0.024299 -0.997768 0.062198
vn -0.932803 0.357201 -0.047800
vn -0.656686 -0.743984 0.123497
vn -0.995905 -0.089700 0.011300
vn -0.862057 0.490875 -0.126094
vn -0.995595 -0.090200 0.025600
vn -0.994749 -0.098605 0.027401
vn -0.996346 -0.081704 0.024901
vn -0.033802 -0.941355 0.335720
vn -0.996060 -0.083597 0.029599
vn -0.637601 -0.730101 0.245800
vn -0.931724 0.344909 -0.113703
vn -0.491893 -0.829889 0.263297
vn -0.087096 -0.932359 0.350885
vn -0.886902 0.444301 -0.126500
vn 0.999939 0.011000 -0.000000
vn 0.999998 0.001900 -0.000100
vn 0.051602 0.021101 0.998445
vn 0.999944 0.010600 0.000200
vn 0.999998 0.001800 -0.000000
vn -0.051602 0.021101 -0.998445
vn -0.585192 0.013100 -0.810789
vn -0.918942 0.009599 -0.394275
vn -0.870866 0.020799 0.491081
vn 0.792524 0.022701 0.609418
vn 0.996793 0.001900 -0.079999
vn 0.999643 0.026001 0.006100
vn 0.999705 0.024300 -0.000500
vn 0.999710 0.023900 -0.002800
vn 0.999598 0.022600 -0.017100
vn 0.488603 -0.583704 0.648504
vn 0.895776 -0.185195 0.404089
vn 0.001500 -0.999964 -0.008400
vn 0.999975 0.007000 0.001300
vn 0.144305 -0.989533 0.000100
vn 0.056201 -0.998419 -0.000000
vn 0.050501 0.998724 -0.000000
vn 0.116795 0.993156 -0.000000
vn 0.999979 0.006100 0.002100
vn 0.999157 0.018599 -0.036598
vn 0.999987 0.004900 0.001000
vn 0.999810 0.019500 -0.000300
vn 0.999814 0.019300 -0.000100
vn 0.023501 -0.990027 -0.138904
vn 0.057900 -0.541502 -0.838703
vn -0.000500 -0.983519 -0.180804
vn 0.006800 -0.476871 -0.878947
vn 0.003200 -0.907195 -0.420698
vn 0.028600 -0.922098 -0.385899
vn 0.138601 -0.418004 -0.897810
vn 0.009600 0.524291 -0.851485
vn 0.999810 0.019500 0.000500
vn 0.048798 0.124896 -0.990969
vn 0.014200 0.129104 -0.991529
vn 0.010100 0.915982 -0.401092
vn 0.113802 0.543109 -0.831914
vn 0.029000 0.949606 -0.312102
vn 0.016501 -0.997239 -0.072403
vn 0.008700 -0.998913 -0.045801
vn 0.999534 -0.029901 0.006100
vn 0.997775 -0.022099 0.062898
vn 0.996069 -0.029299 0.083597
vn 0.998144 -0.060903 0.000200
vn 0.999616 -0.027700 0.000100
vn 0.999855 -0.016999 -0.000700
vn 0.999024 -0.041801 -0.014300
vn 0.976195 -0.185799 -0.111899
vn 0.993395 -0.111599 -0.026700
vn 0.023701 -0.993846 0.108205
vn 0.991462 -0.130395 0.000600
vn 0.988978 -0.145197 0.028999
vn 0.996345 0.085404 0.001500
vn 0.999782 -0.020900 -0.000300
vn 0.999886 -0.015100 -0.000300
vn 0.000800 -0.993887 0.110399
vn 0.999329 -0.017801 0.032001
vn 0.047498 -0.998856 -0.005600
vn 0.985681 0.085398 0.145397
vn 0.999943 -0.010700 0.000700
vn 0.999889 -0.014900 -0.000100
vn 0.999405 0.032800 -0.010700
vn 0.998539 0.053202 0.009500
vn 0.999959 0.007600 -0.005000
vn 0.999896 -0.004800 -0.013600
vn 0.999201 0.039800 0.003700
vn 0.999915 -0.013000 -0.001400
vn 0.999912 -0.004700 0.012400
vn 0.999961 0.007100 0.005300
vn 0.999368 0.035299 -0.004300
vn 0.999975 0.007000 -0.000300
vn 0.999932 0.006300 -0.009800
vn 0.999923 -0.007600 -0.009800
vn 0.999707 -0.024000 0.003000
vn 0.999959 0.008900 0.001500
vn 0.015400 0.955310 0.295203
vn 0.998990 0.037000 0.025500
vn 0.999960 0.007100 0.005500
vn 0.999975 0.007000 0.000300
vn 0.999680 0.005500 -0.024700
vn 0.999980 0.006300 -0.000300
vn 0.999816 0.005500 -0.018400
vn 0.999965 0.004700 -0.006900
vn 0.999992 0.003900 0.000800
vn 0.999845 0.005200 0.016801
vn 0.999293 0.005400 0.037200
vn 0.999979 0.006400 0.000300
vn 0.999987 0.005100 -0.000100
vn 0.999710 0.024000 0.002000
vn 0.999697 0.024600 0.000400
vn 0.999502 0.030300 -0.008800
vn 0.953212 0.302304 -0.000100
vn 0.999974 0.007200 0.000900
vn 0.997402 -0.004400 0.071900
vn 0.998291 0.024400 0.053100
vn 0.013700 0.863709 0.503805
vn -0.005600 0.976467 0.215593
vn 0.000600 0.951154 0.308717
vn -0.002300 0.852205 0.523203
vn 0.046998 0.959665 0.277190
vn 0.025000 0.494896 0.868593
vn 0.011100 0.482979 0.875562
vn -0.002000 0.673860 0.738856
vn -0.000800 0.497097 0.867695
vn 0.008200 -0.726509 -0.687108
vn 0.012099 0.670770 0.741567
vn 0.011000 -0.727219 -0.686318
vn -0.001400 0.656463 0.754357
vn 0.008200 -0.521271 -0.853352
vn -0.005400 0.798787 0.601590
vn 0.020000 0.623093 0.781892
vn -0.000800 0.519722 0.854335
vn 0.012400 0.507217 0.861729
vn 0.016999 0.999856 -0.000000
vn 0.023400 0.780684 0.624487
vn -0.002200 0.999995 -0.002100
vn -0.002400 0.978104 0.208101
vn 0.014200 0.979283 0.201997
vn 0.044799 0.979880 0.194496
vn 0.052999 0.998590 0.002900
vn 0.003700 -0.301306 -0.953520
vn 0.009500 -0.498591 0.866785
vn 0.003700 -0.416511 0.909123
vn 0.002900 -0.596391 0.802688
vn 0.010900 -0.692008 0.721808
vn 0.004400 -0.107895 -0.994153
vn 0.039102 -0.101705 -0.994046
vn 0.018600 -0.076301 -0.996911
vn -0.002700 0.730504 0.682903
vn 0.028100 -0.299102 -0.953807
vn 0.020200 0.623091 0.781889
vn 0.012499 0.507173 0.861754
vn 0.032899 -0.726780 0.686082
vn 0.023499 0.780682 0.624486
vn 0.019600 -0.743191 0.668792
vn 0.008500 -0.523610 0.851916
vn 0.010900 -0.731092 0.682192
vn -0.002400 0.907385 0.420293
vn 0.018600 -0.556403 0.830704
vn 0.024401 0.910533 0.412715
vn -0.000800 0.776508 0.630107
vn -0.004000 0.852245 -0.523128
vn 0.006400 0.875424 -0.483313
vn -0.003000 0.949516 -0.313705
vn 0.011301 0.951444 -0.307614
vn 0.037600 0.954011 -0.297403
vn 0.020200 0.852705 -0.522003
vn 0.012100 -0.861027 0.508416
vn 0.014600 -0.952429 0.304409
vn 0.022200 -0.952412 0.304004
vn 0.065898 -0.981568 0.179394
vn 0.013500 -0.992898 0.118200
vn 0.036500 -0.980794 0.191599
vn 0.026901 -0.871348 0.489927
vn 0.060298 -0.943863 0.324787
vn 0.996001 0.029000 -0.084500
vn 0.995731 -0.019101 -0.090303
vn 0.999442 0.014901 -0.029901
vn 0.003800 -0.301096 -0.953586
vn 0.998788 -0.014900 0.046899
vn 0.989003 -0.026500 0.145500
vn 0.002500 -0.310701 0.950504
vn 0.008600 -0.417596 0.908592
vn 0.026300 -0.207401 0.977903
vn 0.039401 -0.101703 -0.994034
vn 0.018700 -0.076301 -0.996909
vn 0.032601 -0.999436 -0.008100
vn 0.028300 -0.299101 -0.953802
vn 0.014800 -0.999382 0.031899
vn 0.013500 -0.992875 0.118397
vn 0.027900 -0.978989 -0.201998
vn 0.016700 -0.978304 -0.206501
vn 0.058698 -0.979265 -0.193893
vn 0.066598 -0.997774 -0.003400
vn 0.017800 0.099201 -0.994908
vn 0.002300 0.103503 -0.994627
vn 0.001700 0.297716 -0.954653
vn 0.017000 0.302198 -0.953094
vn 0.045498 0.090595 -0.994848
vn 0.011400 0.951414 -0.307704
vn 0.006500 0.875424 -0.483313
vn -0.003400 0.774621 -0.632417
vn -0.000500 0.864109 -0.503305
vn 0.037900 0.954000 -0.297400
vn 0.020400 0.852701 -0.522001
vn 0.037700 -0.908902 -0.415301
vn 0.009400 -0.862374 -0.506185
vn 0.010200 -0.782571 -0.622477
vn 0.020501 -0.864550 0.502129
vn 0.024800 -0.951193 0.307598
vn 0.006600 -0.775862 0.630869
vn 0.012400 -0.854430 0.519418
vn 0.017400 0.993922 -0.108702
vn 0.051100 -0.911102 0.409001
vn 0.008300 0.501196 -0.865294
vn -0.002200 0.416513 -0.909127
vn -0.003700 0.575135 -0.818050
vn -0.000400 0.703095 -0.711095
vn -0.003600 0.993936 -0.109904
vn 0.013900 0.999707 0.019800
vn 0.053000 0.994301 0.092500
vn -0.004600 0.995895 0.090400
vn 0.049602 0.994144 -0.096004
vn 0.019100 -0.098901 0.994914
vn 0.003800 -0.103502 0.994622
vn 0.005900 -0.297712 0.954638
vn 0.022401 -0.306110 0.951732
vn 0.046999 -0.090499 0.994787
vn 0.031499 -0.993576 0.108697
vn 0.011000 -0.999892 -0.009700
vn 0.028000 -0.999412 -0.019800
vn 0.008200 -0.978286 0.207097
vn 0.017900 0.099201 -0.994906
vn 0.060200 -0.993205 -0.099600
vn 0.056201 -0.993716 0.096802
vn 0.017100 0.302197 -0.953092
vn 0.045702 0.090603 -0.994838
vn -0.001100 0.642601 -0.766201
vn 0.999723 0.009100 -0.021701
vn 0.999209 -0.014600 -0.037000
vn 0.998699 0.019800 -0.047000
vn 0.997710 0.029000 -0.061101
vn 0.999720 -0.002800 0.023500
vn 0.996725 0.015300 0.079402
vn 0.012100 0.766194 -0.642495
vn -0.002900 0.521213 -0.853422
vn 0.006300 -0.498604 -0.866807
vn 0.000300 0.740668 -0.671871
vn 0.047998 0.811862 -0.581873
vn 0.019900 0.637497 -0.770196
vn 0.018000 -0.476889 -0.878779
vn 0.008000 -0.673835 -0.738838
vn 0.031399 -0.494580 -0.868565
vn 0.000500 0.312986 0.949758
vn 0.020299 -0.663184 -0.748181
vn 0.002900 0.107895 0.994158
vn 0.037602 0.102205 0.994052
vn 0.017500 0.076601 0.996908
vn 0.011300 -0.977486 -0.210697
vn 0.025599 0.273693 0.961476
vn 0.032999 -0.955881 -0.291894
vn 0.028600 -0.856895 -0.514697
vn 0.009100 -0.908719 -0.417309
vn 0.012100 -0.852683 -0.522289
vn 0.016000 0.994727 -0.101303
vn 0.025299 -0.978268 -0.205793
vn 0.008300 0.501271 -0.865250
vn -0.002200 0.416106 -0.909313
vn -0.005300 0.595004 -0.803705
vn 0.001400 0.693833 -0.720134
vn 0.016800 0.994581 0.102598
vn -0.005400 0.978455 -0.206390
vn -0.005200 0.999975 0.004800
vn 0.053299 0.994285 0.092499
vn 0.050001 0.994124 -0.096002
vn 0.019200 -0.098901 0.994912
vn 0.022501 -0.306110 0.951730
vn 0.047299 -0.090498 0.994773
vn 0.005200 -0.304289 -0.952566
vn 0.011000 -0.727169 -0.686371
vn 0.006300 -0.799047 -0.601235
vn 0.005400 -0.656234 -0.754539
vn 0.008200 -0.521505 -0.853209
vn 0.020499 -0.141896 -0.989669
vn 0.018900 -0.000000 -0.999821
vn 0.006900 -0.192706 -0.981232
vn 0.006200 -0.000200 -0.999981
vn 0.042899 -0.277491 -0.959770
vn 0.055499 -0.080898 -0.995176
vn 0.020399 -0.864577 0.502087
vn 0.024700 -0.951196 0.307599
vn 0.006700 -0.774608 0.632406
vn 0.012500 -0.854803 0.518802
vn -0.001900 0.975860 0.218391
vn 0.050801 -0.911116 0.409007
vn 0.018601 0.956234 0.292010
vn -0.003600 0.913107 0.407703
vn 0.015399 0.859458 0.510975
vn -0.000400 0.852584 0.522590
vn 0.046699 0.959678 0.277194
vn 0.000400 0.313286 0.949659
vn 0.010700 0.976906 0.213401
vn 0.002900 0.107994 0.994147
vn 0.037902 0.102204 0.994041
vn 0.017600 0.076601 0.996907
vn 0.450712 -0.417311 0.789120
vn 0.025799 0.273692 0.961471
vn 0.989803 -0.046900 -0.134500
vn 0.999235 0.012700 -0.037001
vn 0.999806 0.008000 -0.018000
vn 0.230299 -0.627597 0.743696
vn 0.192908 -0.277911 0.941038
vn 0.131699 -0.537694 0.832791
vn 0.253110 -0.800732 0.542922
vn 0.125897 -0.818880 0.559987
vn 0.701975 -0.577079 0.417385
vn 0.979707 -0.082201 0.182801
vn 0.746390 0.074799 0.661292
vn 0.093299 -0.092999 0.991285
vn 0.102599 -0.231597 0.967386
vn 0.047700 -0.494098 0.868097
vn 0.074101 -0.574407 0.815209
vn 0.291600 0.138900 0.946402
vn 0.995089 0.014600 0.097899
vn 0.296606 -0.012300 0.954921
vn 0.103405 0.086804 0.990844
vn 0.470591 0.629789 0.617989
vn 0.668189 -0.012400 0.743888
vn 0.189601 0.847603 0.495602
vn 0.086801 0.900406 0.426303
vn 0.706115 0.668314 0.234005
vn 0.230493 0.351490 0.907374
vn 0.038901 0.808128 0.587721
vn 0.052698 0.506276 0.860760
vn 0.661175 0.291289 0.691374
vn 0.348208 -0.894621 0.280007
vn 0.816118 -0.559912 0.143003
vn 0.154805 -0.976629 0.149104
vn 0.390097 -0.914594 0.106499
vn 0.131294 -0.931658 0.338785
vn 0.847664 0.529178 0.037898
vn 0.370213 0.928934 0.004900
vn 0.144596 0.989471 0.006200
vn 0.811706 0.583404 -0.027800
vn 0.125903 0.974123 0.187704
vn 0.404416 -0.914336 -0.020901
vn 0.320585 0.931456 0.172092
vn 0.992362 0.122795 0.011800
vn 0.850773 -0.525483 -0.007300
vn 0.139496 -0.973073 -0.183495
vn 0.998234 -0.059402 0.001000
vn 0.157807 -0.987441 -0.007600
vn 0.839665 0.535478 -0.090696
vn 0.311606 0.898116 -0.310306
vn 0.120795 0.930059 -0.346985
vn 0.711196 0.633096 -0.305598
vn 0.141097 0.977177 -0.158796
vn 0.997300 0.073200 -0.005800
vn 0.356387 0.924666 -0.134095
vn 0.203589 -0.846355 -0.492174
vn 0.133403 -0.674615 -0.726016
vn 0.231694 -0.556085 -0.798178
vn 0.465403 -0.628504 -0.623204
vn 0.042801 -0.733520 -0.678319
vn 0.234000 -0.345700 -0.908700
vn 0.075899 -0.651792 -0.754590
vn 0.119997 -0.358790 -0.925673
vn 0.659092 -0.273697 -0.700491
vn 0.983160 -0.119695 -0.138094
vn 0.755788 -0.623590 -0.199797
vn 0.088595 -0.895345 -0.436473
vn 0.346006 -0.908117 -0.235804
vn 0.299602 -0.126001 -0.945707
vn 0.750622 -0.060902 -0.657919
vn 0.295794 0.018100 -0.955080
vn 0.094602 -0.270304 -0.958116
vn 0.129698 -0.143698 -0.981086
vn 0.126504 0.016301 -0.991832
vn 0.187407 0.284311 -0.940237
vn 0.995192 0.003100 -0.097899
vn 0.443898 0.449298 -0.775297
vn 0.054501 0.585113 -0.809118
vn 0.037699 0.356894 -0.933384
vn 0.089602 0.811520 -0.577414
vn 0.981617 0.093302 -0.166503
vn 0.217206 0.794124 -0.567617
vn 0.203808 -0.846334 0.492120
vn 0.714769 0.092096 -0.693270
vn 0.465696 -0.628395 0.623095
vn 0.756073 -0.623278 0.199693
vn 0.133599 -0.674597 0.725996
vn 0.231990 -0.555977 0.798167
vn 0.346302 -0.908005 0.235801
vn 0.983197 -0.119500 0.138000
vn 0.659418 -0.273607 0.700219
vn 0.234197 -0.345596 0.908689
vn 0.039800 -0.736005 0.675805
vn 0.113902 -0.358605 0.926514
vn 0.075999 -0.651894 0.754493
vn 0.088999 -0.895391 0.436296
vn 0.750999 -0.060800 0.657499
vn 0.299813 -0.126005 0.945640
vn 0.296096 0.018100 0.954987
vn 0.995201 0.003100 0.097800
vn 0.444208 0.449308 0.775114
vn 0.126295 0.016299 0.991859
vn 0.129995 -0.143594 0.981062
vn 0.095804 -0.264411 0.959640
vn 0.207006 0.271108 0.940026
vn 0.098104 0.513719 0.852331
vn 0.981642 0.093204 0.166407
vn 0.091105 0.808548 0.581335
vn 0.217302 0.794106 0.567605
vn 0.053798 0.352488 0.934269
vn 0.404704 -0.914209 0.020900
vn 0.715114 0.092102 0.692914
vn 0.851007 -0.525104 0.007300
vn 0.998240 -0.059302 -0.001000
vn 0.139698 -0.972987 0.183797
vn 0.157499 -0.987496 0.006700
vn 0.839904 0.535103 0.090700
vn 0.997308 0.073101 0.005800
vn 0.311886 0.898060 0.310186
vn 0.356715 0.924538 0.134106
vn 0.120802 0.957613 0.261504
vn 0.094903 0.882826 0.460013
vn 0.711501 0.632801 0.305500
vn 0.348415 -0.894539 -0.280012
vn 0.816401 -0.559501 -0.143000
vn 0.390387 -0.914470 -0.106497
vn 0.149502 -0.975516 -0.161303
vn 0.847900 0.528800 -0.037900
vn 0.150197 -0.935780 -0.318993
vn 0.193100 -0.277900 -0.941001
vn 0.370507 0.928817 -0.004900
vn 0.320794 0.931383 -0.172097
vn 0.126701 0.987804 -0.090500
vn 0.135295 0.987066 0.085997
vn 0.811998 0.582998 0.027800
vn 0.992374 0.122697 -0.011800
vn 0.131895 -0.537680 -0.832769
vn 0.451085 -0.417186 -0.788973
vn 0.230503 -0.627507 -0.743709
vn 0.979755 -0.082096 -0.182592
vn 0.047500 -0.491805 -0.869409
vn 0.102698 -0.231594 -0.967376
vn 0.093402 -0.091402 -0.991424
vn 0.702267 -0.576873 -0.417180
vn 0.253297 -0.800691 -0.542894
vn 0.291903 0.138901 -0.946308
vn 0.119303 -0.819918 -0.559912
vn 0.074200 -0.574402 -0.815203
vn 0.746721 0.074802 -0.660918
vn 0.995099 0.014600 -0.097800
vn 0.104104 0.087203 -0.990736
vn 0.296909 -0.012200 -0.954828
vn 0.668504 -0.012400 -0.743605
vn 0.470884 0.629678 -0.617879
vn 0.189697 0.847587 -0.495592
vn 0.087800 0.389101 -0.917002
vn 0.056002 0.636027 -0.769632
vn 0.661520 0.291109 -0.691121
vn 0.038001 0.828623 -0.558516
vn 0.093499 0.951592 -0.292798
vn 0.706490 0.667990 -0.233797
vn 0.230704 0.351506 -0.907315
vn 0.202596 -0.846583 0.492190
vn 0.463584 -0.629178 0.623879
vn 0.754118 -0.625415 0.200405
vn 0.132795 -0.674674 0.726072
vn 0.230603 -0.556206 0.798409
vn 0.344489 -0.908671 0.235892
vn 0.982987 -0.120298 0.138798
vn 0.657168 -0.274287 0.702066
vn 0.232888 -0.345783 0.908954
vn 0.039601 -0.736011 0.675810
vn 0.113295 -0.358684 0.926558
vn 0.075602 -0.651913 0.754515
vn 0.088499 -0.895392 0.436396
vn 0.748974 -0.061098 0.659777
vn 0.298186 -0.125994 0.946156
vn 0.294403 0.018100 0.955510
vn 0.995142 0.003100 0.098404
vn 0.442111 0.449812 0.776020
vn 0.125495 0.016399 0.991959
vn 0.129196 -0.143595 0.981167
vn 0.095200 -0.264401 0.959703
vn 0.205793 0.271191 0.940268
vn 0.097496 0.513779 0.852365
vn 0.981425 0.093702 0.167404
vn 0.090498 0.808580 0.581385
vn 0.216099 0.794297 0.567798
vn 0.053499 0.352494 0.934284
vn 0.402697 -0.915093 0.021000
vn 0.712975 0.092397 0.695075
vn 0.849590 -0.527394 0.007300
vn 0.998216 -0.059701 -0.001000
vn 0.138900 -0.973100 0.183800
vn 0.156606 -0.987638 0.006700
vn 0.838395 0.537397 0.091099
vn 0.997278 0.073498 0.005900
vn 0.310192 0.898576 0.310392
vn 0.354787 0.925266 0.134195
vn 0.120002 0.957714 0.261504
vn 0.094300 0.882898 0.459999
vn 0.709431 0.634728 0.306313
vn 0.346595 -0.895188 -0.280196
vn 0.814721 -0.561815 -0.143504
vn 0.388402 -0.915304 -0.106600
vn 0.148703 -0.975621 -0.161403
vn 0.846441 0.531125 -0.038002
vn 0.149396 -0.935875 -0.319091
vn 0.192005 -0.277907 -0.941224
vn 0.368505 0.929613 -0.004900
vn 0.319089 0.931969 -0.172094
vn 0.125901 0.987906 -0.090501
vn 0.134497 0.987175 0.085998
vn 0.810324 0.585317 0.027901
vn 0.992286 0.123398 -0.011900
vn 0.131109 -0.537736 -0.832856
vn 0.448881 -0.417682 -0.789967
vn 0.229208 -0.627723 -0.743927
vn 0.979524 -0.082602 -0.183604
vn 0.047201 -0.491812 -0.869421
vn 0.102104 -0.231609 -0.967436
vn 0.092798 -0.091398 -0.991481
vn 0.700138 -0.578631 -0.418322
vn 0.252006 -0.801018 -0.543012
vn 0.290296 0.138998 -0.946788
vn 0.118603 -0.820019 -0.559913
vn 0.073796 -0.574372 -0.815261
vn 0.744686 0.074999 -0.663188
vn 0.995038 0.014701 -0.098404
vn 0.103500 0.087200 -0.990800
vn 0.295216 -0.012301 -0.955351
vn 0.666290 -0.012400 -0.745589
vn 0.468778 0.630471 -0.618671
vn 0.188595 0.847777 -0.495687
vn 0.087304 0.389118 -0.917042
vn 0.055703 0.636037 -0.769645
vn 0.659302 0.291901 -0.692903
vn 0.037801 0.828629 -0.558520
vn 0.092904 0.951645 -0.292814
vn 0.704309 0.670008 -0.234603
vn 0.229402 0.351603 -0.907607
vn 0.028700 -0.955004 -0.295201
vn 0.026801 -0.861043 -0.507825
vn 0.008100 -0.976425 -0.215705
vn 0.014001 -0.951051 -0.308717
vn 0.009600 -0.852168 -0.523180
vn 0.000900 0.304293 0.952578
vn 0.018499 0.142195 0.989666
vn 0.018900 0.000300 0.999821
vn 0.004200 0.192709 0.981247
vn 0.006200 0.000200 0.999981
vn 0.038802 0.276812 0.960140
vn 0.054199 0.081599 0.995190
vn -0.002900 0.979092 -0.203398
vn 0.011300 0.945168 -0.326389
vn -0.005000 0.910215 -0.414107
vn 0.018499 0.981163 -0.192293
vn 0.052001 0.981922 -0.182004
vn 0.039599 0.918775 -0.392790
vn 0.029900 -0.994406 0.101301
vn 0.006300 0.862395 -0.506197
vn 0.030599 -0.994263 -0.102496
vn 0.008300 -0.978451 0.206311
vn 0.008800 -0.999950 -0.004800
vn 0.032701 0.989822 0.138503
vn 0.059901 -0.993223 -0.099602
vn 0.055902 -0.993732 0.096803
vn -0.002000 0.316107 -0.948721
vn 0.002600 0.429486 -0.903070
vn 0.006600 0.433190 -0.901279
vn 0.023400 0.208297 -0.977786
vn 0.003700 -0.416104 0.909309
vn 0.003000 -0.595010 0.803713
vn 0.011000 -0.691701 0.722101
vn 0.999086 0.023800 0.035500
vn 0.010000 0.993105 0.116801
vn 0.004200 -0.996507 0.083401
vn 0.004200 0.973205 0.229901
vn 0.003100 -0.999995 -0.001100
vn 0.062297 0.002700 -0.998054
vn 0.018100 -0.999814 -0.006700
vn 0.032200 -0.997313 0.065801
vn 0.009800 0.001100 -0.999951
vn 0.153896 0.004600 -0.988076
vn 0.013300 0.279092 -0.960172
vn 0.010000 0.775938 -0.630730
vn 0.132903 0.301306 -0.944220
vn 0.050002 0.842532 -0.536320
vn 0.005800 0.992866 -0.119096
vn 0.011900 0.969578 -0.244494
vn 0.008300 0.999958 -0.003900
vn 0.065797 0.990161 -0.123495
vn 0.030201 0.999525 0.006100
vn 0.999884 -0.015200 -0.000000
vn 0.999241 0.019201 -0.033901
vn 0.998001 -0.063200 0.000100
vn 0.999804 0.019800 -0.000000
vn 0.997642 0.018801 0.066003
vn 0.996825 -0.015000 0.078202
vn 0.011000 -0.336715 0.941542
vn 0.006300 -0.838212 0.545308
vn 0.125706 -0.373319 0.919147
vn 0.036199 -0.888069 0.458284
vn 0.067599 -0.308295 0.948886
vn 0.009200 -0.251902 0.967709
vn 0.005300 -0.838610 0.544706
vn 0.042001 -0.835614 0.547709
vn 0.062802 -0.000100 0.998026
vn 0.006600 -0.001300 0.999977
vn 0.147494 0.001800 0.989061
vn 0.994403 0.099400 0.035800
vn 0.995703 -0.039400 -0.083800
vn 0.994880 -0.027699 -0.097198
vn 0.997664 -0.068298 -0.001100
vn 0.999808 0.019600 -0.000500
vn 0.999821 0.018800 -0.002000
vn 0.999354 -0.035898 0.001400
vn 0.998369 -0.056798 0.005800
vn 0.064299 0.373792 -0.925281
vn 0.009900 0.307709 -0.951429
vn 0.008300 0.847514 -0.530709
vn 0.044799 0.840990 -0.539193
vn 0.996047 0.080704 -0.037102
vn 0.068202 -0.306808 -0.949325
vn 0.999933 0.011600 0.000100
vn 0.999050 -0.041898 -0.011999
vn 0.003700 -0.840740 -0.541426
vn 0.009100 -0.252912 -0.967446
vn 0.044602 -0.826531 -0.561121
vn 0.152802 -0.222803 -0.962814
vn 0.060598 0.001100 0.998162
vn 0.999404 -0.034500 -0.001300
vn 0.999831 -0.018401 0.000100
vn 0.998218 -0.028000 0.052701
vn 0.008400 0.000100 0.999965
vn 0.147998 0.002600 0.988984
vn 0.999983 0.005900 -0.000400
vn 0.998911 -0.029800 -0.035900
vn 0.999758 -0.006900 -0.020899
vn 0.999872 -0.016000 -0.000800
vn 0.999982 0.005700 0.001600
vn 0.999981 0.006200 -0.000300
vn 0.999866 0.004700 -0.015699
vn 0.684866 0.012399 -0.728564
vn 0.946993 0.017100 -0.320798
vn 0.322995 0.005300 -0.946386
vn 0.999661 0.017899 -0.018899
vn 0.951230 0.017101 0.308010
vn 0.684866 0.012399 0.728564
vn 0.322995 0.005300 0.946386
vn 0.568728 0.587929 -0.575228
vn 0.677198 0.705198 -0.209999
vn 0.333488 0.382286 -0.861768
vn 0.174506 0.958930 -0.223607
vn 0.568426 0.602527 0.560226
vn 0.198294 0.980070 0.011900
vn 0.638928 0.767633 0.050102
vn 0.181597 0.955785 0.231296
vn 0.333500 0.382200 0.861801
vn 0.332489 -0.878371 -0.343389
vn 0.644825 -0.355114 -0.676827
vn 0.847667 -0.454482 -0.273689
vn 0.384513 -0.914131 -0.128504
vn 0.228603 -0.703708 -0.672708
vn 0.106297 -0.939274 -0.326291
vn 0.319507 -0.947522 -0.010800
vn 0.369810 -0.226706 -0.901024
vn 0.098601 -0.995112 -0.005500
vn 0.085498 -0.988878 -0.121697
vn 0.839611 -0.469306 0.273504
vn 0.425716 -0.894834 0.134305
vn 0.327904 -0.885012 0.330504
vn 0.644825 -0.355114 0.676827
vn 0.228997 -0.703691 0.672591
vn 0.897689 -0.440395 0.014400
vn 0.369818 -0.226611 0.901045
vn 0.088104 -0.988941 0.119305
vn 0.104801 -0.942212 0.318204
vn 0.907282 0.299894 0.294794
vn 0.537715 0.826522 0.166505
vn 0.673591 0.219397 0.705790
vn 0.472103 0.731405 0.492103
vn 0.137800 0.973501 0.182500
vn 0.285193 0.515588 0.807981
vn 0.673591 0.219397 -0.705790
vn 0.469224 0.742639 -0.477825
vn 0.912283 0.287295 -0.291894
vn 0.285622 0.515539 -0.807861
vn 0.140205 0.972532 -0.185806
vn 0.151905 0.988333 -0.011100
vn 0.514281 0.857168 -0.027899
vn 0.931482 -0.206796 0.299294
vn 0.942729 0.332910 -0.020801
vn 0.637101 -0.743101 0.204700
vn 0.526489 -0.674086 0.518089
vn 0.692722 -0.153305 0.704722
vn 0.146495 -0.989169 0.009200
vn 0.590687 -0.806282 0.031599
vn 0.976360 -0.215391 0.018099
vn 0.303986 -0.443479 0.843160
vn 0.391513 -0.096203 0.915130
vn 0.135599 -0.974091 0.180998
vn 0.158601 -0.877906 0.451803
vn 0.953158 0.031899 0.300787
vn 0.700688 0.023300 0.713088
vn 0.340616 0.010600 0.940143
vn 0.527915 -0.662418 -0.531515
vn 0.692711 -0.153403 -0.704712
vn 0.611879 -0.769373 -0.183494
vn 0.935369 -0.205293 -0.287991
vn 0.303586 -0.443180 -0.843461
vn 0.160505 -0.871325 -0.463714
vn 0.132804 -0.975426 -0.175805
vn 0.391682 -0.096196 -0.915058
vn 0.166295 -0.984473 -0.056198
vn 0.700688 0.023300 -0.713088
vn 0.954082 0.031399 -0.297894
vn 0.340704 0.010600 -0.940111
vn 0.872918 0.397608 0.282706
vn 0.652589 0.309795 0.691488
vn 0.347101 0.866602 0.358501
vn 0.335701 0.941903 0.011100
vn 0.887429 0.460515 0.019901
vn 0.090903 0.988530 0.120604
vn 0.254596 0.664491 0.702590
vn 0.652589 0.309795 -0.691488
vn 0.342099 0.874197 -0.344599
vn 0.863995 0.415898 -0.283798
vn 0.254490 0.664973 -0.702172
vn 0.095898 0.987675 -0.123697
vn 0.009500 0.914745 0.403920
vn 0.098304 0.995145 -0.004700
vn 0.005600 -0.999945 -0.008900
vn 0.006000 -0.981842 -0.189608
vn 0.020100 -0.981091 -0.192498
vn 0.021101 -0.999738 -0.008900
vn 0.055699 0.383692 0.921780
vn 0.009700 0.521001 0.853501
vn 0.114897 0.539388 0.834182
vn 0.059399 0.252094 0.965878
vn 0.065698 0.886373 0.458286
vn 0.029200 0.989306 0.142901
vn 0.004000 0.982917 0.184003
vn 0.012200 0.776185 0.630388
vn 0.011100 0.259003 0.965813
vn 0.146592 0.268886 0.951951
vn 0.048100 0.803908 0.592806
vn 0.111602 0.713111 0.692111
vn 0.022500 -0.994693 0.100399
vn 0.008700 0.997016 0.076701
vn -0.002600 -0.981740 0.190208
vn -0.002700 -0.999960 0.008500
vn 0.026701 -0.999642 0.001900
vn 0.020001 0.995732 0.090103
vn 0.009500 0.999940 -0.005400
vn 0.057602 -0.542420 0.838131
vn 0.007000 -0.470291 0.882484
vn 0.004900 -0.910438 0.413617
vn 0.028300 -0.922692 0.384497
vn 0.062297 0.002700 0.998054
vn 0.009800 0.001100 0.999951
vn 0.153799 0.004600 0.988091
vn 0.035299 0.999373 -0.002800
vn 0.013101 0.996438 -0.083303
vn 0.008100 0.999966 -0.001800
vn 0.062901 -0.000100 -0.998020
vn 0.034598 0.997153 -0.066997
vn 0.006500 -0.001300 -0.999978
vn 0.147592 0.001800 -0.989047
vn 0.029301 0.993343 -0.111405
vn 0.005500 0.993477 -0.113897
vn 0.725865 0.515775 -0.455078
vn 0.053802 0.998535 0.005700
vn 0.999570 -0.028699 -0.006000
vn 0.999208 -0.039800 0.000100
vn 0.999926 0.012200 -0.000200
vn 0.997644 0.068603 0.000300
vn 0.992737 0.120304 -0.000000
vn 0.996362 0.083897 0.014999
vn 0.998745 -0.018101 -0.046702
vn 0.955663 0.074097 0.284989
vn 0.448689 0.367391 -0.814679
vn 0.277612 0.835435 -0.474320
vn 0.990778 0.135497 -0.000000
vn 0.270395 0.958382 -0.091598
vn 0.053999 0.986688 0.153398
vn 0.806007 0.591905 0.000200
vn 0.321593 0.946878 0.000300
vn 0.010400 0.989683 0.142898
vn 0.067397 -0.984157 0.163993
vn 0.011100 -0.927922 0.372609
vn 0.008200 -0.991559 0.129395
vn 0.071403 -0.926836 0.368614
vn 0.143305 -0.980836 0.132005
vn 0.725824 0.514917 0.456115
vn 0.286509 0.931329 0.224807
vn 0.447987 0.367589 0.814976
vn 0.007700 0.990430 -0.137804
vn 0.049899 0.995374 -0.082098
vn 0.020100 0.959409 -0.281303
vn 0.068000 -0.984097 -0.164100
vn 0.143202 0.987517 -0.065601
vn 0.106297 0.965776 -0.236594
vn 0.008200 -0.991649 -0.128706
vn 0.011100 -0.927971 -0.372488
vn 0.071500 -0.926596 -0.369198
vn 0.104405 0.274012 -0.956042
vn 0.013900 0.235305 -0.971822
vn 0.011900 0.751370 -0.659774
vn 0.084499 0.718390 -0.690490
vn 0.103399 0.043499 -0.993688
vn 0.999976 0.006900 0.000600
vn 0.999932 0.008700 0.007800
vn 0.998786 -0.015400 0.046799
vn 0.999708 -0.019000 0.014900
vn 0.999991 0.004200 0.001100
vn 0.058203 0.068603 -0.995945
vn 0.094301 0.263603 -0.960011
vn 0.037702 -0.026101 -0.998948
vn 0.028999 0.108497 -0.993674
vn 0.172706 0.038101 -0.984236
vn 0.039499 0.242793 -0.969274
vn 0.036198 0.381777 -0.923545
vn 0.080299 0.395397 -0.914993
vn 0.066801 0.537810 -0.840415
vn 0.176701 0.292801 -0.939704
vn 0.201492 0.178093 -0.963163
vn 0.095601 0.207702 0.973509
vn 0.030000 0.503607 -0.863412
vn 0.034099 0.685384 -0.727383
vn 0.108701 0.514106 -0.850811
vn 0.148795 0.372388 -0.916071
vn 0.175195 0.192794 0.965472
vn 0.034401 0.293511 0.955336
vn 0.036101 0.161405 0.986228
vn 0.086804 0.097504 0.991442
vn 0.110394 -0.967149 -0.228988
vn 0.999551 -0.029799 -0.003100
vn 0.999996 0.002800 0.000300
vn 0.061999 -0.748185 -0.660587
vn 0.041302 -0.788829 -0.613223
vn 0.037702 -0.685342 -0.727245
vn 0.124695 -0.808967 -0.574477
vn 0.047902 -0.993233 -0.105803
vn 0.047599 -0.969977 -0.238494
vn 0.093604 0.953643 -0.286013
vn 0.095000 -0.989903 -0.105200
vn 0.999981 0.005700 -0.002500
vn 0.174900 0.946699 -0.270500
vn 0.029699 0.935871 -0.351089
vn 0.108299 -0.955095 0.275799
vn 0.068997 0.902567 -0.424985
vn 0.043700 -0.930998 0.362399
vn 0.097397 0.968873 0.227594
vn 0.051002 -0.970436 0.235909
vn 0.173200 -0.945102 0.277100
vn 0.077402 -0.905922 0.416310
vn 0.999446 -0.025801 -0.021001
vn 0.033900 0.993809 0.105801
vn 0.033898 0.970554 0.238489
vn 0.182700 0.958399 0.219300
vn 0.072702 -0.531515 0.843923
vn 0.081103 0.991138 0.105204
vn 0.999842 0.016601 -0.006300
vn 0.037099 -0.503188 0.863380
vn 0.044900 -0.689599 0.722799
vn 0.112302 -0.539110 0.834715
vn 0.999902 0.006500 -0.012400
vn 0.999833 0.004600 -0.017701
vn 0.999252 -0.003600 -0.038498
vn 0.999975 0.007100 -0.000600
vn 0.992509 0.011800 0.121601
vn 0.132593 0.824658 0.549872
vn 0.053600 0.741599 0.668699
vn 0.030301 0.789329 0.613222
vn 0.028001 0.685826 0.727227
vn 0.098000 -0.262299 0.959997
vn 0.042898 -0.242289 0.969255
vn 0.041598 -0.381185 0.923563
vn 0.085801 -0.394204 0.915009
vn 0.170003 -0.350206 0.921116
vn 0.145001 -0.317502 -0.937106
vn 0.998344 0.048702 0.030601
vn 0.080797 -0.352889 -0.932170
vn 0.043499 -0.557586 -0.828979
vn 0.081502 -0.354707 -0.931418
vn 0.060001 -0.562210 -0.824815
vn 0.108406 -0.499427 -0.859547
vn 0.103999 -0.042000 0.993690
vn 0.059202 -0.067803 0.995941
vn 0.095194 -0.877747 -0.469572
vn 0.037302 0.026701 0.998947
vn 0.030499 -0.108097 0.993672
vn 0.214000 -0.144400 0.966102
vn 0.167991 -0.035498 0.985149
vn 0.047000 -0.927002 -0.372101
vn 0.047100 -0.864509 -0.500405
vn 0.128705 0.879836 -0.457519
vn 0.169293 -0.865365 -0.471681
vn 0.200398 -0.913989 -0.352796
vn 0.081597 0.874570 -0.477984
vn 0.034699 0.830671 -0.555681
vn 0.030401 0.872026 -0.488515
vn 0.084202 0.749514 -0.656612
vn 0.112402 -0.993014 0.035901
vn 0.054001 0.775920 -0.628516
vn 0.048101 -0.998418 0.029101
vn 0.038000 -0.983889 0.174698
vn 0.098500 -0.206399 -0.973497
vn 0.182101 -0.982904 0.027200
vn 0.999847 0.017501 0.000100
vn 0.038599 -0.292890 -0.955367
vn 0.038402 -0.160806 -0.986239
vn 0.088202 -0.096403 -0.991427
vn 0.166595 -0.190894 -0.967370
vn 0.996259 0.086396 0.001700
vn 0.100705 0.994449 -0.030501
vn 0.032900 0.984704 -0.171101
vn 0.034099 0.998983 -0.029499
vn 0.187306 0.981933 -0.026901
vn 0.134995 0.330887 0.933965
vn 0.080202 0.982926 -0.165604
vn 0.097998 -0.872881 0.477990
vn 0.048900 -0.842994 0.535696
vn 0.038600 -0.871707 0.488504
vn 0.133303 -0.820820 0.555414
vn 0.064801 -0.754312 0.653310
vn 0.075798 0.353990 0.932173
vn 0.035700 0.558102 0.829004
vn 0.076502 0.355809 0.931422
vn 0.051198 0.561083 0.826175
vn 0.098100 0.505898 0.856997
vn 0.086001 0.885812 0.456006
vn 0.033800 0.929688 0.366795
vn 0.160402 0.889812 0.427206
vn 0.035199 0.891985 0.450692
vn 0.035900 0.830405 0.556003
vn 0.999875 0.015300 0.004000
vn 0.999504 0.030200 -0.008900
vn 0.999884 0.013400 -0.007200
vn 0.999305 0.011400 -0.035500
vn 0.998501 0.015800 -0.052400
vn 0.999659 0.011800 -0.023299
vn 0.414003 -0.011100 -0.910208
vn 0.942319 0.021800 -0.334007
vn 0.403004 -0.119901 0.907310
vn 0.997578 0.012100 -0.068498
vn 0.693031 -0.010400 -0.720833
vn 0.961005 -0.004000 0.276501
vn 0.711585 -0.070198 0.699085
vn 0.523191 -0.747988 0.408393
vn 0.825229 -0.396814 0.401914
vn 0.543401 -0.378501 0.749301
vn 0.423529 -0.603541 0.675546
vn 0.204102 -0.597306 0.775608
vn 0.315100 -0.355900 0.879800
vn 0.342690 -0.287192 0.894474
vn 0.313203 -0.861708 0.399204
vn 0.997979 0.005500 0.063299
vn 0.661728 -0.162907 0.731831
vn 0.374804 -0.894609 0.243303
vn 0.907614 -0.074701 0.413106
vn 0.936667 -0.348588 0.033799
vn 0.728383 -0.677384 0.102998
vn 0.406100 -0.910900 0.073100
vn 0.752773 -0.657976 -0.019999
vn 0.409292 -0.903281 -0.128697
vn 0.955259 -0.294687 -0.025299
vn 0.999369 -0.035499 -0.001000
vn 0.705192 -0.680692 -0.198398
vn 0.327305 -0.848514 -0.415807
vn 0.377492 -0.871081 -0.314193
vn 0.932930 -0.349011 -0.088503
vn 0.510510 -0.683213 -0.522110
vn 0.428295 -0.496995 -0.754692
vn 0.635216 -0.228306 -0.737819
vn 0.826389 -0.342196 -0.447194
vn 0.938812 -0.004200 -0.344404
vn 0.179890 -0.584967 -0.790856
vn 0.270796 -0.424694 -0.863889
vn 0.314911 -0.779827 -0.541019
vn 0.376397 -0.132799 -0.916892
vn 0.997452 0.002300 -0.071304
vn 0.674500 -0.067300 -0.735201
vn 0.369811 0.135804 0.919128
vn 0.401081 0.053897 0.914456
vn 0.716015 0.036801 0.697114
vn 0.825044 0.344219 0.448124
vn 0.476115 0.685422 0.550918
vn 0.556515 0.286108 0.780021
vn 0.265498 0.307697 0.913692
vn 0.271295 0.809686 0.520391
vn 0.155107 0.672531 0.723633
vn 0.351893 0.858384 0.373293
vn 0.656104 0.700804 0.280002
vn 0.996072 0.087298 0.014800
vn 0.709317 0.693717 0.125003
vn 0.893273 0.422387 0.153795
vn 0.942337 0.330313 0.053802
vn 0.393494 0.899585 0.189497
vn 0.719194 0.694594 -0.017300
vn 0.942554 0.333984 -0.006900
vn 0.400902 0.915804 -0.024100
vn 0.997513 0.070301 -0.005100
vn 0.681491 0.716891 -0.147098
vn 0.924783 0.375193 -0.063299
vn 0.373108 0.898518 -0.231205
vn 0.667905 0.146901 -0.729605
vn 0.393793 0.155897 -0.905883
vn 0.360108 0.250606 -0.898621
vn 0.530806 0.408204 -0.742708
vn 0.824628 0.395113 -0.404814
vn 0.497493 0.756789 -0.423994
vn 0.183601 0.608903 -0.771704
vn 0.260089 0.864364 -0.430382
vn 0.128997 0.922780 0.363092
vn 0.213801 0.847804 0.485302
vn 0.988418 0.136702 0.065901
vn 0.976236 0.216408 -0.011400
vn 0.743500 0.623800 0.241000
vn 0.745098 0.327699 0.580898
vn 0.187501 0.416901 0.889403
vn 0.989276 0.064998 0.130797
vn 0.644070 0.272287 0.714866
vn 0.226293 0.543583 0.808275
vn 0.172193 -0.824269 0.539380
vn 0.992972 -0.089097 0.077898
vn 0.982697 -0.168999 0.075800
vn 0.718487 -0.548190 0.428092
vn 0.202005 0.979023 -0.026601
vn 0.136893 0.976749 -0.164991
vn 0.150607 -0.974743 0.164907
vn 0.723041 0.682039 -0.109706
vn 0.603212 -0.157303 -0.781915
vn 0.157094 -0.157394 -0.974961
vn 0.973382 -0.028599 -0.227396
vn 0.171007 -0.287012 -0.942539
vn 0.215699 -0.976097 0.026600
vn 0.984237 -0.176807 0.004100
vn 0.141805 -0.920931 -0.363012
vn 0.732535 -0.671832 0.109705
vn 0.160696 0.826582 -0.539388
vn 0.991212 0.105501 -0.079801
vn 0.982158 0.170193 -0.079997
vn 0.710708 0.558306 -0.428005
vn 0.225904 -0.844714 -0.485208
vn 0.986747 -0.143207 -0.076304
vn 0.191408 0.679228 0.708529
vn 0.752102 -0.613402 -0.241001
vn 0.602697 -0.024400 0.797597
vn 0.152702 -0.105602 0.982614
vn 0.967277 -0.016400 0.253194
vn 0.145905 0.026801 0.988935
vn 0.749615 -0.317206 -0.580911
vn 0.193304 -0.414209 -0.889418
vn 0.989189 -0.053599 -0.136499
vn 0.647829 -0.263312 -0.714832
vn 0.233908 -0.540419 -0.808229
vn 0.631372 -0.224190 0.742367
vn 0.177991 -0.361181 0.915351
vn 0.979577 -0.061299 0.191496
vn 0.148104 -0.236306 0.960325
vn 0.784998 0.436499 0.439599
vn 0.167711 0.793550 0.584937
vn 0.978302 0.162200 0.128900
vn 0.212302 -0.646807 0.732508
vn 0.744822 0.544416 0.385812
vn 0.686384 -0.374191 0.623585
vn 0.972066 -0.082597 0.219692
vn 0.978098 0.203000 0.046000
vn 0.170797 -0.498691 0.849785
vn 0.202796 0.949683 0.238696
vn 0.121998 0.987088 0.103799
vn 0.707384 -0.648185 0.281894
vn 0.729601 0.680301 0.069800
vn 0.989430 -0.141204 0.033001
vn 0.165692 -0.908858 0.382782
vn 0.698230 0.658028 -0.281912
vn 0.986442 0.160507 -0.034201
vn 0.152899 0.911092 -0.382797
vn 0.135896 -0.985271 -0.103797
vn 0.216003 -0.946815 -0.238504
vn 0.987757 -0.151793 -0.035998
vn 0.200901 -0.676505 -0.708505
vn 0.739085 -0.669986 -0.069799
vn 0.791008 -0.425504 -0.439605
vn 0.178797 -0.791087 -0.584990
vn 0.991320 -0.098302 -0.087302
vn 0.984445 0.085104 -0.153707
vn 0.752401 -0.533901 -0.385801
vn 0.600872 0.165792 0.781963
vn 0.154795 0.159595 0.974971
vn 0.972669 0.042399 0.228293
vn 0.167004 0.289408 0.942525
vn 0.680978 0.383788 -0.623680
vn 0.203109 0.649727 -0.732531
vn 0.516112 0.844020 0.145803
vn 0.163703 0.501010 -0.849818
vn 0.628114 0.233005 -0.742416
vn 0.172895 0.363590 -0.915374
vn 0.981143 0.070903 -0.179808
vn 0.144704 0.238406 -0.960325
vn 0.602298 0.032800 -0.797597
vn 0.151203 0.107702 -0.982618
vn 0.970273 0.028799 -0.240293
vn 0.146305 -0.024701 -0.988931
vn 0.131194 -0.991357 0.000100
vn 0.964386 -0.264496 0.000700
vn 0.975001 -0.222200 -0.000000
vn 0.614902 -0.788603 -0.000000
vn 0.598175 0.801366 -0.000000
vn 0.958290 0.285797 -0.000000
vn 0.126898 0.981481 0.143497
vn 0.953111 0.297203 0.057001
vn 0.546286 -0.825578 0.141396
vn 0.517180 0.843368 -0.145794
vn 0.128993 -0.976048 0.175191
vn 0.989065 -0.145295 0.025299
vn 0.127198 0.981486 -0.143198
vn 0.952823 0.298107 -0.057101
vn 0.546000 -0.825800 -0.141200
vn 0.966247 -0.251412 -0.056203
vn 0.249987 0.276086 -0.928053
vn 0.629900 -0.722299 -0.285500
vn 0.888476 0.135096 -0.438588
vn 0.100404 -0.242510 0.964939
vn 0.100604 0.711326 -0.695625
vn 0.011499 -0.209891 0.977657
vn 0.011801 -0.643635 0.765242
vn 0.088504 -0.635229 0.767236
vn 0.481308 0.008000 -0.876515
vn 0.082400 0.000600 -0.996599
vn 0.963136 0.016501 -0.268510
vn 0.926306 0.364702 -0.094601
vn 0.906012 0.386905 0.171602
vn 0.334594 0.931785 -0.140798
vn 0.997772 0.066698 -0.001700
vn 0.328302 0.935005 -0.134101
vn 0.403898 0.911395 0.078900
vn 0.998245 0.059203 0.001100
vn 0.998650 0.039002 0.034302
vn 0.940801 0.338900 0.006300
vn 0.187195 0.927075 0.324791
vn 0.596687 0.254095 0.761184
vn 0.094900 0.430898 0.897397
vn 0.985880 0.057699 0.157197
vn 0.474902 0.007800 0.880004
vn 0.982509 0.002400 0.186202
vn 0.080703 0.000600 0.996738
vn 0.968296 0.017400 0.249199
vn 0.478012 -0.255006 0.840521
vn 0.973318 -0.071901 0.217904
vn 0.474422 -0.710134 0.520225
vn 0.987015 -0.127802 0.097302
vn 0.491486 -0.863975 0.109497
vn 0.086401 -0.789214 0.608010
vn 0.080097 -0.990362 0.112996
vn 0.929031 -0.367712 0.041101
vn 0.565667 0.239286 -0.789154
vn 0.107899 0.423196 -0.899591
vn 0.987284 0.049999 -0.150898
vn 0.979531 -0.005900 -0.201206
vn 0.799413 0.396106 -0.451707
vn 0.223005 0.824219 -0.520512
vn 0.853714 -0.492108 -0.170303
vn 0.984387 -0.175998 -0.002800
vn 0.396017 -0.880838 -0.259411
vn 0.087402 -0.996124 -0.009900
vn 0.513394 -0.858090 -0.010400
vn 0.306297 0.009400 0.951890
vn 0.420089 -0.901676 0.102497
vn 0.914123 0.018600 0.405010
vn 0.935294 -0.352098 0.035400
vn 0.912802 -0.408401 0.001300
vn 0.084799 0.004700 0.996387
vn 0.920262 0.172993 0.350986
vn 0.369199 0.629699 0.683499
vn 0.076101 -0.991014 -0.110002
vn 0.916418 -0.390808 -0.086302
vn 0.929101 -0.369800 -0.004400
vn 0.433791 -0.900981 -0.007700
vn 0.216804 -0.926419 -0.307806
vn 0.332785 -0.288587 -0.897759
vn 0.388311 -0.247307 0.887724
vn 0.078003 -0.310911 -0.947233
vn 0.865024 -0.309609 -0.394811
vn 0.884472 -0.158395 0.438886
vn 0.391192 -0.755185 0.525989
vn 0.924330 -0.339611 0.174006
vn 0.413383 0.899762 -0.139794
vn 0.056004 -0.789152 0.611640
vn 0.076898 0.987775 -0.135597
vn 0.376794 0.663090 -0.646790
vn 0.956046 0.285714 -0.065903
vn 0.446077 0.209389 -0.870156
vn 0.956942 0.151007 -0.247911
vn 0.927447 0.373919 0.005200
vn 0.079002 0.731717 -0.677015
vn 0.932476 0.336991 0.130097
vn 0.399813 0.881129 0.252508
vn 0.071799 0.997388 0.007900
vn 0.434007 0.900814 0.013100
vn 0.304007 0.009500 -0.952622
vn 0.901276 0.019899 -0.432788
vn 0.504804 0.855806 -0.113001
vn 0.086897 0.989264 -0.117496
vn 0.513897 -0.303698 0.802295
vn 0.983949 0.176191 -0.028299
vn 0.980491 0.196398 0.008100
vn 0.112302 -0.425808 0.897817
vn 0.237811 -0.823339 0.515324
vn 0.976802 -0.070800 0.202100
vn 0.416192 0.871283 0.260095
vn 0.969536 0.244909 0.004300
vn 0.095796 0.995357 0.009400
vn 0.529401 0.848302 0.010900
vn 0.452888 0.276593 -0.847578
vn 0.469427 0.706341 -0.529831
vn 0.978344 0.078096 -0.191689
vn 0.975523 0.171604 -0.137503
vn 0.459278 0.007800 0.888258
vn 0.091700 0.783803 -0.614202
vn 0.083699 0.001500 0.996490
vn 0.961417 0.016400 0.274605
vn 0.350300 -0.928300 0.124700
vn 0.899160 -0.413628 -0.142910
vn 0.998113 -0.061401 0.001000
vn 0.014400 -0.999896 0.000200
vn 0.844844 -0.464669 0.265182
vn 0.998240 -0.059302 0.000300
vn 0.998694 -0.047300 -0.019300
vn 0.300604 -0.935812 -0.184102
vn 0.934756 -0.355283 -0.002000
vn 0.545808 -0.293004 -0.785011
vn 0.109996 -0.432983 -0.894666
vn 0.984996 -0.077500 -0.154199
vn 0.198607 -0.837530 -0.509018
vn 0.963793 -0.112199 -0.241898
vn 0.773631 -0.431917 -0.463619
vn 0.065801 -0.406204 0.911410
vn 0.476683 -0.409686 0.777773
vn 0.102304 -0.630122 0.769727
vn 0.704418 -0.705618 -0.076802
vn 0.554331 -0.343419 0.758143
vn 0.778304 -0.625203 0.058000
vn 0.188105 -0.982127 -0.006500
vn 0.994021 -0.108402 -0.013100
vn 0.680677 -0.647278 -0.343088
vn 0.751339 -0.627133 -0.205411
vn 0.162093 -0.906658 -0.389482
vn 0.995307 -0.085301 -0.045700
vn 0.138198 -0.852285 -0.504491
vn 0.991717 -0.094402 0.087101
vn 0.179204 -0.960521 -0.212805
vn 0.645284 0.727482 0.233194
vn 0.127103 0.902225 0.412111
vn 0.991709 0.125501 0.027600
vn 0.616000 0.684600 0.389700
vn 0.121302 0.965814 0.229103
vn 0.138499 -0.838695 0.526697
vn 0.742029 -0.645525 0.180807
vn 0.449316 0.179607 0.875132
vn 0.155502 -0.944215 0.290305
vn 0.684348 -0.556339 0.471333
vn 0.575778 0.346887 0.740371
vn 0.109004 0.311312 0.944036
vn 0.990367 0.063598 0.122996
vn 0.977469 0.047799 0.205594
vn 0.090998 0.097398 0.991077
vn 0.376109 -0.183505 0.908222
vn 0.403897 0.004500 0.914793
vn 0.085998 -0.106597 0.990576
vn 0.970177 0.007100 0.242294
vn 0.970236 -0.045702 0.237809
vn 0.084400 -0.286699 0.954296
vn 0.111400 0.988802 -0.099300
vn 0.647273 0.758668 -0.073897
vn 0.101300 0.990096 0.097200
vn 0.984707 0.174201 -0.002600
vn 0.639593 0.764592 0.079499
vn 0.980612 0.090701 -0.173702
vn 0.452895 0.433296 -0.779192
vn 0.097203 0.663517 -0.741820
vn 0.059300 0.407900 -0.911099
vn 0.371688 0.189694 -0.908771
vn 0.551791 0.349994 -0.756988
vn 0.961400 0.053000 -0.270000
vn 0.084498 0.107797 -0.990576
vn 0.973148 0.006500 -0.230088
vn 0.403409 0.000700 -0.915020
vn 0.080401 0.287803 -0.954309
vn 0.115806 0.848646 -0.516128
vn 0.609605 0.758907 -0.229002
vn 0.115298 0.946087 -0.302696
vn 0.447187 -0.181295 -0.875874
vn 0.600609 0.643810 -0.474107
vn 0.964377 -0.046599 -0.260394
vn 0.110602 -0.310805 -0.944017
vn 0.990496 -0.054700 -0.126199
vn 0.554989 -0.360293 -0.749785
vn 0.092198 -0.096198 -0.991083
vn 0.658931 -0.549826 -0.513324
vn 0.643701 0.558301 0.523401
vn 0.125507 0.652936 0.746942
vn 0.983794 0.153599 0.092499
vn 0.990585 0.097798 0.095799
vn 0.125694 0.523574 0.842658
vn 0.127300 0.792602 0.596302
vn 0.117694 -0.717765 -0.686266
vn 0.428319 0.189008 0.883639
vn 0.986031 -0.120204 -0.115304
vn 0.142298 -0.534992 -0.832787
vn 0.531006 0.373304 0.760708
vn 0.104502 0.312305 0.944216
vn 0.986285 0.078299 0.145298
vn 0.968950 0.058697 0.240188
vn 0.089500 0.097500 0.991203
vn 0.359908 -0.185704 0.914320
vn 0.719772 -0.497880 -0.483781
vn 0.155002 -0.648909 -0.744910
vn 0.991927 -0.105403 -0.070502
vn 0.993378 -0.071298 -0.090098
vn 0.144204 -0.519813 -0.842021
vn 0.175101 -0.786306 -0.592505
vn 0.388102 0.004700 0.921604
vn 0.084698 -0.106698 0.990677
vn 0.959362 0.007100 0.282089
vn 0.952514 -0.059101 0.298704
vn 0.083103 -0.286611 0.954436
vn 0.677713 0.731114 0.078601
vn 0.754780 0.653283 -0.059398
vn 0.171705 0.985126 0.006600
vn 0.989631 0.142804 0.015400
vn 0.059198 0.407086 -0.911469
vn 0.453621 0.420719 -0.785636
vn 0.091999 0.631391 -0.769988
vn 0.359193 0.189696 -0.913781
vn 0.531598 0.355898 -0.768596
vn 0.749824 -0.629820 -0.202707
vn 0.180003 -0.893915 -0.410507
vn 0.994380 -0.103598 -0.021800
vn 0.727510 -0.595008 -0.341605
vn 0.183206 -0.959632 -0.213407
vn 0.388481 0.001000 -0.921456
vn 0.083199 0.107798 -0.990685
vn 0.968939 0.006700 -0.247210
vn 0.923831 0.087303 -0.372712
vn 0.079101 0.287805 -0.954417
vn 0.988752 -0.147593 0.024199
vn 0.182304 -0.983223 -0.006200
vn 0.153397 -0.970078 0.188196
vn 0.746247 -0.662941 -0.060204
vn 0.715129 -0.689928 0.112205
vn 0.715300 -0.639700 0.281300
vn 0.155298 -0.899089 0.409295
vn 0.135600 -0.764500 0.630200
vn 0.673781 -0.563684 0.477786
vn 0.986412 0.127102 -0.104101
vn 0.124700 0.840603 -0.527102
vn 0.717094 0.671894 -0.185298
vn 0.434094 -0.177598 -0.883188
vn 0.139899 0.946593 -0.290498
vn 0.658320 0.577917 -0.482314
vn 0.571892 -0.334595 -0.748990
vn 0.112100 -0.309701 -0.944203
vn 0.986985 -0.059499 -0.149398
vn 0.956952 -0.051797 -0.285586
vn 0.090900 -0.096200 -0.991203
vn 0.633362 0.569666 0.523769
vn 0.105898 0.719486 0.686386
vn 0.498702 -0.441502 0.745903
vn 0.978187 0.156498 0.136598
vn 0.132702 0.537107 0.833011
vn 0.103503 -0.570819 0.814526
vn 0.073499 -0.397194 0.914787
vn 0.971581 -0.114998 0.206896
vn 0.654384 0.670184 0.350192
vn 0.520481 -0.331088 0.787071
vn 0.726863 0.653667 0.210689
vn 0.147003 0.909216 0.389507
vn 0.991786 0.115998 0.053899
vn 0.124201 0.854310 0.504706
vn 0.440992 0.177497 -0.879784
vn 0.163094 0.963367 0.212893
vn 0.976723 0.068102 -0.203405
vn 0.050902 0.196708 -0.979140
vn 0.550083 0.330390 -0.766976
vn 0.147708 0.905450 -0.397922
vn 0.072796 0.409176 -0.909547
vn 0.701482 0.699882 -0.134496
vn 0.988684 0.147798 -0.025700
vn 0.141408 0.970854 -0.193511
vn 0.311306 0.085902 0.946419
vn 0.062801 0.101901 0.992810
vn 0.065197 0.292786 0.953953
vn 0.939623 -0.001000 -0.342209
vn 0.045099 -0.188796 -0.980980
vn 0.361300 -0.009600 -0.932400
vn 0.564873 -0.364183 -0.740465
vn 0.044101 -0.001500 -0.999026
vn 0.395120 -0.305215 -0.866443
vn 0.113395 -0.490277 -0.864159
vn 0.944609 -0.127301 -0.302503
vn 0.171895 -0.630783 -0.756680
vn 0.051399 -0.374793 -0.925683
vn 0.667016 0.500812 -0.551613
vn 0.783554 -0.373578 -0.496471
vn 0.115403 0.651616 -0.749719
vn 0.695050 0.607743 -0.384127
vn 0.990791 0.101599 -0.089499
vn 0.142099 0.800897 -0.581698
vn 0.265384 -0.810050 -0.522868
vn 0.900703 -0.359101 -0.244501
vn 0.318218 -0.900650 -0.295917
vn 0.998874 -0.044999 -0.015000
vn 0.997410 -0.051501 -0.050201
vn 0.253097 -0.756292 -0.603294
vn 0.902479 -0.412290 -0.124697
vn 0.311801 -0.947103 -0.076000
vn 0.926397 -0.375699 -0.025300
vn 0.488005 -0.187302 0.852508
vn 0.011000 -0.994241 0.106604
vn 0.103999 -0.280896 0.954087
vn 0.968615 -0.028700 0.246904
vn 0.073701 -0.093201 0.992916
vn 0.301293 -0.913078 0.274793
vn 0.292204 -0.828212 0.478207
vn 0.998068 -0.060398 0.014600
vn 0.894633 -0.440116 0.077003
vn 0.675487 0.640187 0.365893
vn 0.984416 0.154603 0.083801
vn 0.168395 0.895172 0.412687
vn 0.257798 -0.699994 0.665994
vn 0.146803 0.785414 0.601310
vn 0.752822 0.628019 0.197106
vn 0.995448 -0.045598 0.083696
vn 0.183693 -0.502281 0.844968
vn 0.873817 -0.401908 0.273705
vn 0.005500 -0.730302 0.683102
vn 0.765774 -0.308690 0.564181
vn 0.699530 0.711331 0.068303
vn 0.416684 0.390785 0.820769
vn 0.993438 0.113804 0.011400
vn 0.169309 0.963749 0.206210
vn 0.072498 0.480889 0.873779
vn 0.101495 0.662266 0.742362
vn 0.988827 0.097103 0.113103
vn 0.976821 0.091102 0.193704
vn 0.862863 0.152194 0.481979
vn 0.590228 0.515224 0.621430
vn 0.391412 0.331510 0.858427
vn 0.451994 0.007600 -0.891989
vn 0.072801 0.369405 0.926412
vn 0.917082 0.231095 0.324894
vn 0.080397 0.001300 -0.996762
vn 0.936912 0.015900 -0.349204
vn 0.688984 0.011600 -0.724683
vn 0.952150 0.015901 -0.305216
vn 0.316193 0.005600 -0.948678
vn 0.948221 0.016000 0.317207
vn 0.689034 0.011601 0.724636
vn 0.999676 0.016600 0.019300
vn 0.316193 0.005600 0.948678
vn 0.060498 0.001100 -0.998168
vn 0.008300 0.000100 -0.999966
vn 0.147998 0.002600 -0.988984
vn 0.064697 0.373283 0.925459
vn 0.011800 0.823497 0.567198
vn 0.009900 0.308702 0.951107
vn 0.045601 0.838812 0.542508
vn 0.140599 0.276097 0.950790
vn 0.999375 0.016800 0.031099
vn 0.999311 0.016000 -0.033500
vn 0.430504 -0.283203 -0.857008
vn 0.968996 0.016900 0.246499
vn 0.475503 -0.721305 -0.503603
vn 0.078403 -0.364914 -0.927734
vn 0.674315 -0.185304 -0.714816
vn 0.539497 -0.823495 -0.175499
vn 0.917644 -0.251885 -0.307381
vn 0.298410 -0.491216 -0.818327
vn 0.149106 -0.893437 -0.423718
vn 0.964832 -0.262209 -0.018601
vn 0.371589 -0.115597 -0.921173
vn 0.128700 -0.974802 -0.182200
vn 0.564969 -0.825054 -0.009799
vn 0.171693 -0.983260 -0.060998
vn 0.921754 -0.250288 0.296185
vn 0.575592 -0.797089 0.182598
vn 0.472699 -0.732899 0.489299
vn 0.674315 -0.185304 0.714816
vn 0.144296 -0.989473 0.011000
vn 0.298506 -0.491509 0.818115
vn 0.371507 -0.115502 0.921218
vn 0.131197 -0.973676 0.186395
vn 0.148106 -0.894738 0.421318
vn 0.009400 -0.815410 -0.578807
vn 0.060899 -0.241897 -0.968389
vn 0.011200 -0.337696 -0.941189
vn 0.127102 -0.369206 -0.920615
vn 0.105194 0.273686 0.956049
vn 0.082995 -0.785351 -0.613462
vn 0.998974 -0.035199 -0.028499
vn 0.998407 -0.020900 0.052400
vn 0.999523 -0.027201 0.014600
vn 0.013901 0.759437 0.650432
vn 0.014000 0.235093 0.971872
vn 0.083302 0.748820 0.657518
vn 0.221592 0.194893 0.955465
vn 0.253696 0.000100 -0.967284
vn 0.091897 -0.000300 -0.995768
vn 0.733300 -0.002800 -0.679900
vn 0.011900 0.000100 -0.999929
vn 0.222909 -0.000700 -0.974839
vn 0.960463 -0.003200 0.278389
vn 0.833781 -0.002900 0.552088
vn 0.498807 -0.001500 0.866712
vn 0.833781 -0.002900 -0.552088
vn 0.960543 -0.003200 -0.278113
vn 0.498688 -0.001500 -0.866780
vn 0.987116 0.001200 0.160003
vn 0.251699 0.276399 0.927497
vn 0.999231 0.005700 0.038801
vn 0.998235 0.029901 -0.051302
vn 0.999972 0.007200 -0.002000
vn 0.885529 0.135404 0.444414
vn 0.808404 -0.547603 -0.215901
vn 0.671341 0.581336 0.459728
vn 0.773023 -0.393212 -0.497815
vn 0.314784 -0.754662 -0.575671
vn 0.983635 -0.130805 -0.123904
vn 0.466589 -0.362491 -0.806781
vn 0.382896 -0.923791 0.000200
vn 0.451518 -0.881034 -0.141105
vn 0.991076 -0.133297 0.000100
vn 0.838032 -0.545621 0.000100
vn 0.751916 -0.468510 0.463810
vn 0.882965 -0.435883 0.174293
vn 0.983662 -0.130895 0.123595
vn 0.455085 -0.326389 0.828473
vn 0.299305 -0.763014 0.572910
vn 0.358908 -0.896020 0.261406
vn 0.100998 -0.242495 -0.964881
vn 0.011800 -0.643478 -0.765374
vn 0.011600 -0.209699 -0.977697
vn 0.089303 -0.631121 -0.770526
vn 0.217692 -0.174094 -0.960365
vn 0.361619 -0.211811 -0.907947
vn 0.488498 -0.583798 -0.648498
vn 0.978075 -0.139197 -0.154896
vn 0.091897 -0.000400 0.995768
vn 0.011900 0.000100 0.999929
vn 0.222909 -0.000700 0.974839
vn 0.903204 -0.002700 -0.429202
vn 0.999987 0.004700 -0.001900
vn 0.205108 -0.000700 0.978739
vn 0.744272 -0.001700 0.667875
vn 1.000000 -0.000000 -0.000000
vn -0.000000 -0.999919 -0.012700
vn 0.999953 -0.000000 -0.009700
vn -0.000000 0.999928 -0.012000
vn -0.000400 -0.623621 -0.781727
vn 0.405210 -0.000000 -0.914223
vn -0.000000 -0.794312 -0.607509
vn -0.000000 0.765699 -0.643199
vn 0.750019 0.000100 -0.661417
vn -0.000000 -0.765699 -0.643199
vn 0.716774 0.072997 -0.693475
vn 0.645111 0.200503 -0.737313
vn 0.571395 0.306497 -0.761293
vn 0.498297 0.395398 -0.771596
vn 0.426294 0.471493 -0.771989
vn 0.354803 0.537904 -0.764706
vn 0.282587 0.597073 -0.750766
vn 0.208192 0.650774 -0.730171
vn 0.129804 0.699923 -0.702323
vn 0.045301 0.744918 -0.665616
vn -0.716774 0.072997 -0.693475
vn -0.645111 0.200503 -0.737313
vn -0.571395 0.306497 -0.761293
vn -0.498297 0.395398 -0.771596
vn -0.426294 0.471493 -0.771989
vn -0.354803 0.537904 -0.764706
vn -0.282587 0.597073 -0.750766
vn -0.208192 0.650774 -0.730171
vn -0.129804 0.699923 -0.702323
vn -0.045301 0.744918 -0.665616
vn -0.750019 -0.000000 -0.661417
vn 0.010900 -0.000000 -0.999941
vn 0.049199 -0.998374 -0.028799
vn 0.008000 -0.000000 0.999968
vn -0.681481 -0.139696 -0.718380
vn -0.534708 -0.352705 -0.767911
vn -0.390606 -0.505708 -0.769212
vn -0.245807 -0.624518 -0.741321
vn -0.088405 -0.722937 -0.685235
vn 0.681481 -0.139696 -0.718380
vn 0.534708 -0.352705 -0.767911
vn 0.390606 -0.505708 -0.769212
vn 0.245807 -0.624518 -0.741321
vn 0.088405 -0.722937 -0.685235
vn -0.000000 -0.000100 1.000000
vn -0.000000 0.000100 -1.000000
vn -0.000000 0.000200 1.000000
vn 0.017900 -0.192603 -0.981114
vn 0.029300 -0.530796 -0.846993
vn 0.036701 -0.772030 -0.634525
vn 0.040900 -0.924494 -0.378997
vn 0.020800 -0.196997 0.980183
vn 0.042298 -0.545474 0.837060
vn 0.055301 -0.791920 0.608115
vn 0.060803 -0.933752 0.352719
vn 0.060902 -0.993331 0.097903
vn 0.042199 0.989686 -0.136898
vn 0.040801 0.921216 -0.386907
vn 0.036799 0.775083 -0.630786
vn 0.029400 0.532697 -0.845795
vn 0.017899 0.192892 -0.981057
vn 0.020701 0.195709 0.980444
vn 0.042098 0.543478 0.838367
vn 0.055103 0.788836 0.612128
vn 0.060499 0.931991 0.357397
vn 0.047900 0.998797 -0.010500
vn 0.062797 0.989152 0.132794
vn -0.132498 -0.000100 -0.991183
vn -0.207391 -0.000000 -0.978258
vn -0.282702 -0.000000 -0.959208
vn 0.056101 -0.000000 -0.998425
vn 0.139699 -0.000000 -0.990194
vn 0.207391 -0.000000 -0.978258
vn 0.282794 -0.000000 -0.959181
vn -0.000000 0.005500 -0.999985
vn -0.000300 -0.000100 -1.000000
vn -0.000000 -0.005900 -0.999983
vn 0.007100 -0.000000 -0.999975
vn -0.007500 -0.000000 -0.999972
vn 0.409086 0.527782 -0.744375
vn -0.000000 0.883618 -0.468209
vn -0.000000 0.673702 -0.739003
vn -0.000100 0.505897 -0.862594
vn 0.000100 0.505897 -0.862594
vn -0.410093 0.527690 -0.743886
vn -0.483792 0.332194 -0.809686
vn -0.397803 -0.085201 -0.913506
vn -0.250907 -0.449112 -0.857522
vn -0.084300 -0.711901 -0.697201
vn 0.483600 0.332200 -0.809799
vn 0.397679 -0.085295 -0.913551
vn 0.238195 -0.469889 -0.849981
vn 0.093601 0.804008 -0.587206
vn 0.080799 -0.719195 -0.690095
vn 0.236198 0.663094 -0.710294
vn 0.183489 0.724356 -0.664560
vn -0.237299 0.662697 -0.710297
vn -0.096701 0.800110 -0.592007
vn -0.184502 0.723506 -0.665205
vn 0.000100 -0.804014 -0.594610
vn -0.040899 0.854286 -0.518192
vn -0.000000 0.673598 -0.739098
vn -0.679177 -0.000000 -0.733975
vn -0.953973 -0.000000 -0.299892
vn -0.000000 -0.571319 -0.820728
vn -0.000000 -0.920726 -0.390211
vn 0.681612 -0.000000 -0.731713
vn 0.954163 -0.000000 -0.299288
vn -0.000000 0.617093 -0.786891
vn -0.000000 0.936633 -0.350312
vn -0.999954 -0.000000 -0.009600
vn 0.322710 0.876626 0.356911
vn -0.678407 0.680507 0.276903
vn 0.326312 -0.194507 -0.925034
vn -0.678377 -0.147895 -0.719675
vn 0.329307 -0.944220 0.002200
vn -0.678389 -0.734688 0.004600
vn -0.676782 -0.142396 0.722281
vn 0.326301 -0.176701 0.928603
vn 0.748893 0.636894 0.183098
vn 0.678505 0.610805 0.408103
vn 0.668524 0.715926 0.201307
vn 0.885916 0.045501 0.461608
vn 0.889151 0.323582 0.323582
vn 0.889523 0.448511 0.087102
vn 0.883903 0.135200 -0.447701
vn 0.884910 -0.051501 -0.462905
vn 0.886311 -0.442206 -0.137502
vn 0.889473 -0.456986 -0.001500
vn 0.886307 -0.360003 0.291302
vn 0.889201 -0.253600 0.380800
vn 0.885377 -0.126297 0.447388
vn 0.748423 -0.194306 0.634120
vn 0.745106 0.516704 -0.421703
vn 0.738105 0.374802 -0.561003
vn 0.747624 0.189806 -0.636421
vn 0.669896 -0.213499 0.711096
vn 0.679026 -0.607523 0.412116
vn 0.672318 -0.706219 0.221906
vn 0.678604 -0.734504 -0.000000
vn 0.670110 -0.709311 -0.218703
vn 0.679614 -0.418309 -0.602613
vn 0.679010 -0.005200 -0.734111
vn 0.672307 0.207802 -0.710508
vn 0.678505 0.408103 -0.610805
vn 0.672492 0.570893 -0.470994
vn 0.678542 0.678642 -0.281117
vn 0.669724 0.740026 -0.061902
vn 0.670131 0.468222 0.575927
vn 0.679010 0.005200 0.734111
vn 0.770020 0.002000 -0.638017
vn 0.762209 -0.304003 -0.571507
vn 0.772807 -0.529205 -0.350303
vn 0.777756 0.628564 -0.001600
vn 0.774535 0.532924 -0.340715
vn 0.762219 0.306208 -0.570314
vn 0.653405 -0.002300 -0.757005
vn 0.659265 -0.355681 -0.662465
vn 0.666616 -0.350009 0.658116
vn 0.665482 -0.571785 0.479787
vn 0.663503 -0.744303 -0.076000
vn 0.653475 -0.633775 -0.413884
vn 0.659281 0.353190 -0.663781
vn 0.650561 0.637161 -0.413275
vn 0.650380 0.759576 -0.007100
vn 0.661902 0.668402 0.339301
vn -0.678389 0.004600 0.734688
vn 0.327504 0.008500 0.944812
vn -0.676784 0.407991 -0.612786
vn 0.324299 0.523498 -0.787896
vn 0.327504 -0.008500 -0.944812
vn -0.678389 -0.004600 -0.734688
vn 0.324405 -0.524008 0.787513
vn -0.678419 -0.404311 0.613417
vn 0.678777 0.609979 0.408886
vn 0.672318 0.706219 0.221906
vn 0.883875 0.412489 0.220494
vn 0.886322 0.460512 0.048601
vn 0.889276 0.448588 -0.089198
vn 0.886372 0.406987 -0.220693
vn 0.889214 0.175703 -0.422407
vn 0.889515 -0.448508 0.087201
vn 0.889151 -0.323582 0.323582
vn 0.748421 -0.584017 -0.314309
vn 0.668817 0.708018 -0.226706
vn 0.678554 0.734550 -0.000000
vn 0.666422 -0.346012 0.660422
vn 0.677734 -0.674533 0.292715
vn 0.679432 -0.720334 -0.139607
vn 0.669916 -0.655716 -0.348208
vn 0.759453 0.575965 -0.302481
vn 0.659274 0.664374 -0.352086
vn 0.761508 0.572706 0.303503
vn 0.770020 0.638017 0.002000
vn 0.665625 0.475218 0.575422
vn 0.662482 0.663182 0.348291
vn 0.653405 0.757005 -0.002300
vn 0.324405 0.002000 0.945916
vn 0.322295 0.526393 0.786789
vn -0.678400 0.412000 0.608300
vn 0.324406 0.875716 0.357607
vn 0.324402 0.926805 -0.189201
vn -0.678377 0.719675 -0.147895
vn -0.676783 -0.001200 -0.736182
vn 0.326311 -0.007800 -0.945230
vn 0.326998 -0.925295 0.192099
vn -0.678377 -0.719675 0.147895
vn 0.886771 0.045298 0.459985
vn 0.889505 0.173501 0.422703
vn 0.889276 0.448588 0.089198
vn 0.889269 0.422585 -0.174994
vn 0.886306 0.355902 -0.296302
vn 0.883863 0.219991 -0.412783
vn 0.889276 -0.448588 -0.089198
vn 0.889208 -0.324003 0.323003
vn 0.886786 -0.217896 0.407593
vn 0.889276 -0.089198 0.448588
vn 0.753697 -0.509298 0.415398
vn 0.751129 -0.316712 0.579222
vn 0.751390 0.315596 -0.579493
vn 0.666402 -0.353801 0.656302
vn 0.665719 -0.575317 0.475214
vn 0.668526 -0.707128 0.230309
vn 0.678500 -0.734600 -0.000000
vn 0.669704 -0.707404 -0.226001
vn 0.665702 -0.578302 -0.471601
vn 0.668393 -0.355796 -0.653193
vn 0.678811 -0.142202 -0.720412
vn 0.666021 0.352811 -0.657221
vn 0.665719 0.575317 -0.475214
vn 0.668526 0.707128 -0.230309
vn 0.678500 0.734600 -0.000000
vn 0.753785 0.417691 -0.507290
vn 0.758203 0.580702 -0.296501
vn 0.662786 0.665686 -0.342893
vn 0.665720 0.472414 -0.577617
vn 0.757708 -0.073801 -0.648407
vn 0.771509 -0.357604 -0.526206
vn 0.773780 0.633383 0.009500
vn 0.753795 0.191799 -0.628496
vn 0.650021 -0.431214 -0.625721
vn 0.662157 -0.087394 -0.744252
vn 0.665726 0.215409 -0.714428
vn 0.653179 0.757176 0.006500
vn 0.659828 0.665129 0.349615
vn 0.662090 -0.655590 0.363095
vn -0.000900 -0.401522 0.915849
vn -0.445489 -0.894278 -0.042499
vn -0.013100 -0.167206 0.985835
vn -0.214504 -0.401208 -0.890517
vn -0.066597 -0.922262 -0.380784
vn -0.001700 0.989518 -0.144403
vn 0.692979 0.720078 0.035599
vn 0.298205 0.435007 -0.849613
vn 0.271597 -0.934990 -0.228098
vn 0.383418 -0.255112 0.887642
vn 0.093598 0.993977 0.056999
vn 0.013901 0.403815 0.914735
vn 0.008700 -0.844998 0.534699
vn 0.011800 -0.854695 -0.518997
vn 0.010600 0.998289 0.057499
vn -0.221701 -0.405501 0.886802
vn 0.409010 0.912523 -0.003600
vn -0.002900 0.991783 0.127898
vn -0.064202 -0.949926 0.305808
vn -0.518288 -0.786482 0.335892
vn 0.011200 -0.999937 0.000600
vn 0.145895 0.977367 -0.153195
vn 0.729390 0.557692 0.396194
vn 0.177306 0.812927 0.554718
vn 0.739876 -0.671878 -0.034099
vn 0.938020 -0.346207 -0.016100
vn -0.001700 0.999998 0.001100
vn -0.065003 -0.996642 -0.049802
vn -0.454080 0.890961 -0.000600
vn -0.069598 0.997575 -0.000000
vn -0.222886 0.404975 0.886745
vn 0.456817 -0.403015 0.793030
vn 0.068999 -0.336396 0.939189
vn 0.166999 -0.873597 0.457099
vn -0.068598 0.930972 0.358589
vn -0.532567 0.753154 0.386176
vn 0.699811 -0.714311 0.005000
vn 0.106897 -0.994270 0.001100
vn 0.149295 -0.819170 -0.553780
vn 0.014401 -0.384916 0.922839
vn 0.369100 -0.422701 -0.827701
vn -0.221196 0.387394 -0.894985
vn -0.068598 0.932578 -0.354391
vn -0.000700 0.360781 0.932650
vn -0.013900 0.160603 0.986921
vn 0.007000 -0.000000 -0.999976
vn 0.014400 0.423898 -0.905596
vn 0.975275 0.000100 -0.220994
vn 0.291303 -0.465005 -0.836010
vn 0.113603 -0.000400 0.993526
vn 0.899173 0.002400 0.437587
vn -0.237214 -0.000000 0.971457
vn -0.811688 -0.000000 0.584091
vn -0.043902 -0.000000 0.999036
vn 0.114305 -0.000100 -0.993446
vn 0.007200 -0.000000 0.999974
vn 0.302904 0.003700 -0.953014
vn -0.807697 -0.000000 -0.589598
vn 0.642218 -0.001000 0.766521
vn 0.000600 -0.000100 -1.000000
vn -0.230706 -0.000000 -0.973024
vn -0.035898 0.000200 -0.999355
vn -0.014100 -0.000000 0.999901
vn 0.203602 0.977508 0.055000
vn 0.162200 0.113600 0.980197
vn 0.076199 -0.001000 -0.997092
vn -0.343215 0.937941 0.049702
vn 0.190497 -0.981687 -0.001100
vn 0.194000 -0.000000 0.981001
vn 0.159391 0.983945 0.080295
vn 0.910411 0.000600 -0.413705
vn 0.156208 0.975848 -0.152708
vn -0.597662 -0.000000 0.801748
vn -0.001000 0.326111 -0.945331
vn 0.164706 -0.104104 0.980834
vn 0.999956 0.009400 0.000500
vn 0.999910 0.000100 -0.013400
vn 0.999962 -0.008700 -0.001000
vn 0.999913 -0.000000 0.013200
vn -0.001700 -0.998723 -0.050501
vn -0.001200 -0.997023 0.077102
vn -0.001400 -0.986309 -0.164902
vn -0.000700 -0.343605 -0.939114
vn -0.017199 0.000500 -0.999852
vn -0.000200 0.000200 -1.000000
vn 0.000300 0.000100 1.000000
vn 0.000500 0.000100 1.000000
vn -0.000900 -0.401401 0.915902
vn -0.013101 -0.167109 0.985851
vn -0.066600 -0.922298 -0.380699
vn -0.001700 0.989546 -0.144207
vn 0.693029 0.720030 0.035601
vn 0.297607 0.435011 -0.849821
vn 0.290401 -0.928504 -0.231401
vn 0.384792 -0.254295 0.887282
vn 0.013900 0.403899 0.914698
vn 0.011799 -0.854650 -0.519070
vn 0.409381 0.912357 -0.003600
vn -0.002900 0.991770 0.127996
vn -0.064198 -0.949965 0.305689
vn -0.518215 -0.786523 0.335910
vn 0.145403 0.977423 -0.153304
vn 0.760863 -0.648068 -0.033098
vn 0.937827 -0.346710 -0.016500
vn -0.222895 0.404891 0.886781
vn 0.456799 -0.402900 0.793099
vn 0.167104 -0.873519 0.457210
vn -0.532699 0.753099 0.386100
vn 0.149205 -0.819227 -0.553719
vn -0.068502 0.932729 -0.354011
vn -0.000700 0.360814 0.932637
vn -0.013900 0.160798 0.986889
vn 0.014399 0.423980 -0.905557
vn 0.691182 -0.000800 -0.722681
vn 0.152806 -0.375514 -0.914133
vn 0.899212 0.002400 0.437506
vn 0.642326 -0.001000 0.766431
vn 0.000100 -0.000000 -1.000000
vn 0.176697 0.982783 0.053999
vn 0.163800 0.107700 0.980597
vn 0.062901 -0.000600 -0.998020
vn 0.933417 0.358106 0.022200
vn 0.190401 -0.981706 -0.001100
vn 0.892418 -0.000100 -0.451209
vn 0.141700 0.989898 0.004900
vn -0.575025 -0.000000 0.818136
vn 0.999985 -0.000000 0.005400
vn 0.164704 -0.104202 0.980823
vn 0.999995 -0.003100 -0.001000
vn -0.001000 0.325901 -0.945403
vn 0.999956 -0.000000 0.009400
vn -0.001400 -0.986293 -0.164999
vn -0.001000 -0.355109 -0.934824
vn -1.000000 -0.000100 -0.000000
vn -0.000100 -1.000000 0.000200
vn 1.000000 0.000100 -0.000000
vn 0.000100 1.000000 0.000200
vn -0.013099 -0.167092 0.985854
vn -0.066599 -0.922383 -0.380493
vn -0.000000 0.881071 -0.472984
vn 0.291418 -0.928158 -0.231514
vn 0.382794 -0.255196 0.887887
vn 0.105898 0.992882 0.054499
vn 0.008700 -0.845043 0.534627
vn 0.011800 -0.854926 -0.518616
vn 0.008900 0.998306 0.057500
vn 0.944680 0.327993 -0.000100
vn -0.518329 -0.786444 0.335919
vn 0.104705 0.915345 0.388819
vn 0.013400 0.975135 0.221208
vn 0.760635 -0.648330 -0.033202
vn 0.938345 -0.345316 -0.016301
vn -0.001200 0.999999 -0.000000
vn 0.068997 -0.336485 0.939158
vn 0.167006 -0.873534 0.457218
vn -0.068600 0.931005 0.358502
vn 0.149201 -0.819306 -0.553604
vn 0.014400 -0.385207 0.922718
vn 0.369116 -0.422618 -0.827736
vn -0.070700 0.921496 -0.381898
vn -0.000700 0.360694 0.932684
vn 0.663277 -0.000100 -0.748374
vn 0.014401 0.424018 -0.905539
vn 0.154507 -0.376017 -0.913641
vn 0.106897 0.000100 0.994270
vn 0.007800 -0.000200 0.999970
vn 0.642277 -0.001000 0.766472
vn 0.000100 -0.000200 -1.000000
vn -0.179703 0.001900 -0.983719
vn -0.039601 0.000800 -0.999215
vn 0.196007 0.979036 0.055402
vn 0.168901 -0.114101 -0.979006
vn 0.094800 -0.000800 -0.995496
vn -0.287194 0.956482 0.051599
vn 0.218603 -0.975814 -0.000000
vn -0.001300 0.316497 -0.948592
vn 0.159303 0.983918 0.080801
vn -0.621397 -0.000400 -0.783496
vn 0.156796 0.978878 -0.131197
vn 0.146306 0.000400 0.989239
vn 0.166409 -0.098205 0.981154
vn 0.999932 0.000100 -0.011700
vn 0.999987 -0.005100 -0.000000
vn 0.999857 0.000100 0.016899
vn -0.001200 -0.997030 0.077002
vn -0.002200 0.000700 -0.999997
vn -1.000000 0.000100 0.000100
vn 0.000100 -1.000000 -0.000200
vn 1.000000 -0.000100 -0.000000
vn -0.000100 1.000000 -0.000100
vn -0.008200 0.823527 -0.567218
vn 0.008200 -0.823480 -0.567286
vn -0.008200 -0.567218 -0.823527
vn 0.008200 -0.567218 0.823527
vn -0.008200 0.823480 -0.567286
vn -0.000000 0.097999 0.995187
vn -0.000000 0.290310 0.956933
vn -0.000000 0.471408 0.881915
vn -0.000000 0.634402 0.773003
vn -0.000000 0.773003 0.634402
vn -0.000000 0.881915 0.471408
vn -0.000000 0.956933 0.290310
vn -0.000000 0.995187 0.097999
vn -0.000000 0.995187 -0.097999
vn -0.000000 0.956933 -0.290310
vn -0.000000 0.881915 -0.471408
vn -0.000000 0.773003 -0.634402
vn -0.000000 0.634402 -0.773003
vn -0.000000 0.471408 -0.881915
vn -0.000000 0.290310 -0.956933
vn -0.000000 0.097999 -0.995187
vn -0.000000 -0.097999 -0.995187
vn -0.000000 -0.290310 -0.956933
vn -0.000000 -0.471408 -0.881915
vn -0.000000 -0.634402 -0.773003
vn -0.000000 -0.773003 -0.634402
vn -0.000000 -0.881915 -0.471408
vn -0.000000 -0.956933 -0.290310
vn -0.000000 -0.995187 -0.097999
vn -0.000000 -0.995187 0.097999
vn -0.000000 -0.956933 0.290310
vn -0.000000 -0.881915 0.471408
vn -0.000000 -0.773003 0.634402
vn -0.000000 -0.634402 0.773003
vn -0.000000 -0.471408 0.881915
vn -0.000000 -0.097999 0.995187
vn -0.000000 -0.290310 0.956933
vn -0.493484 0.085197 0.865572
vn -0.493484 -0.085197 0.865572
vn -0.493495 -0.252497 0.832291
vn -0.513412 -0.421810 0.747318
vn -0.513392 -0.650690 0.559492
vn -0.493479 -0.767068 0.409983
vn -0.493495 -0.832291 0.252497
vn -0.513410 -0.855716 0.064501
vn -0.513399 -0.826698 -0.230199
vn -0.493479 -0.767068 -0.409983
vn -0.493497 -0.672296 -0.551796
vn -0.513402 -0.529002 -0.675703
vn -0.513425 -0.267913 -0.815240
vn -0.493480 -0.085297 -0.865565
vn -0.513427 0.103705 -0.851844
vn -0.513412 0.387009 -0.765919
vn -0.493497 0.551796 -0.672296
vn -0.493497 0.672296 -0.551796
vn -0.493517 0.767026 -0.410014
vn -0.513399 0.826698 -0.230199
vn -0.513410 0.855716 0.064501
vn -0.493495 0.832291 0.252497
vn -0.493517 0.767026 0.410014
vn -0.513392 0.650690 0.559492
vn -0.513412 0.421810 0.747318
vn -0.493495 0.252497 0.832291
vn -1.000000 0.000100 -0.000000
vn -1.000000 -0.000000 -0.000100
vn -1.000000 0.000100 -0.000200
vn -1.000000 0.000200 -0.000000
vn -1.000000 -0.000000 0.000100
vn -1.000000 0.000100 0.000200
vn -1.000000 -0.000100 0.000100
vn -1.000000 -0.000100 0.000200
vn -1.000000 -0.000200 -0.000000
vn -1.000000 -0.000100 -0.000100
vn -0.001800 0.953057 -0.302786
vn -0.000900 0.633967 0.773360
vn -0.002600 0.997232 0.074302
vn 0.002600 0.949755 0.312985
vn 0.001600 -0.501985 -0.864875
vn -0.004300 0.881907 0.471404
vn 0.001800 0.764692 0.644393
vn -0.001600 -0.256604 -0.966515
vn 0.004100 -0.270503 0.962710
vn -0.007000 -0.509828 0.860248
vn -0.010400 -0.783987 0.620690
vn -0.006600 -0.949400 0.314000
vn 0.002300 -0.996091 0.088299
vn 0.006900 -0.452395 0.891791
vn -0.007200 0.118503 -0.992928
vn -0.012300 -0.667925 0.744127
vn 0.000400 0.772279 -0.635283
vn -0.018400 -0.889894 0.455797
vn -0.003500 0.952698 -0.303899
vn -0.018400 -0.996585 0.080499
vn 0.000300 0.292912 0.956139
vn -0.018299 -0.951569 -0.306890
vn -0.018600 0.994203 0.105900
vn -0.018001 -0.763024 -0.646120
vn -0.005100 0.875562 0.483079
vn -0.000200 -0.472513 -0.881324
vn -0.000200 -0.095503 0.995429
vn -0.765177 -0.561783 0.314490
vn -0.012300 -0.247596 -0.968785
vn -0.769481 0.097498 0.631184
vn -0.770892 -0.211598 0.600793
vn -0.760437 -0.202510 -0.617030
vn -0.769077 -0.637181 -0.050199
vn -0.771118 -0.535113 -0.345008
vn -0.753093 0.074399 -0.653694
vn -0.764097 0.640097 0.080200
vn -0.768478 0.380589 -0.514386
vn -0.768601 0.578600 -0.272900
vn -0.761307 0.420904 0.493205
vn -0.603114 0.593514 -0.532912
vn -0.089302 0.717113 -0.691212
vn -0.132898 0.719090 -0.682091
vn -0.063600 0.651703 -0.755803
vn -0.562231 0.574932 -0.594433
vn -0.288201 0.653403 -0.700003
vn -0.356103 0.717706 -0.598405
vn -0.341782 0.520973 -0.782159
vn -0.103801 0.572504 -0.813305
vn -0.028901 0.594713 -0.803418
vn -0.575815 0.649317 -0.496813
vn -0.256789 0.481880 -0.837765
vn -0.063502 0.779224 -0.623520
vn -0.041402 0.532319 -0.845531
vn 0.299398 0.648896 0.699496
vn -0.002200 0.581294 -0.813691
vn 0.482991 0.609588 0.628588
vn 0.299502 0.562004 0.771006
vn 0.529497 0.551596 0.644496
vn 0.118199 0.640396 0.758895
vn 0.178195 0.505084 0.844474
vn 0.024401 0.615923 0.787429
vn 0.079900 0.579001 0.811402
vn 0.108003 0.717419 0.688219
vn 0.022501 0.576427 0.816839
vn 0.288892 0.687080 0.666680
vn 0.015800 0.486202 0.873704
vn 0.042699 0.522486 0.851578
vn 0.668236 0.537329 0.514528
vn -0.002200 -0.992479 -0.122397
vn 0.001800 0.553406 0.832909
vn -0.001800 0.551187 0.834380
vn -0.050003 0.459528 0.886754
vn 0.005600 -0.987117 -0.159903
vn -0.001100 -0.997962 -0.063798
vn 0.004500 -0.995533 -0.094303
vn -0.002700 -0.982167 -0.187994
vn -0.008900 0.641702 0.766902
vn 0.004700 0.662474 0.749070
vn 0.002600 0.634678 0.772773
vn -0.004300 0.595698 0.803197
vn 0.000500 0.593178 0.805071
vn -0.011100 0.658393 -0.752592
vn -0.004900 0.569011 0.822316
vn 0.011700 0.724293 0.689393
vn -0.008600 0.616787 -0.787083
vn -0.002000 0.653085 -0.757282
vn -0.014700 0.711913 -0.702113
vn -0.000900 0.708305 -0.705905
vn 0.006600 0.862029 -0.506817
vn -0.016500 0.740097 -0.672297
vn 0.001100 0.741097 -0.671397
vn 0.007000 0.759252 -0.650759
vn -0.014600 0.829987 -0.557591
vn 0.009800 0.904619 -0.426109
vn -0.013500 0.882023 -0.471012
vn 0.006600 0.797105 -0.603804
vn -0.011600 0.913126 -0.407512
vn 0.007800 0.924040 -0.382216
vn -0.012000 0.799306 -0.600804
vn -0.028399 0.881471 -0.471384
vn -0.026700 0.913304 -0.406402
vn 0.014000 0.942113 -0.335004
vn -0.028801 0.928140 -0.371116
vn -0.008700 0.946261 -0.323287
vn 0.011700 0.947108 -0.320703
vn 0.013900 0.933967 -0.357088
vn -0.008900 0.957014 -0.289904
vn -0.005900 0.932427 -0.361310
vn -0.032899 0.938579 -0.343492
vn -0.028800 0.948490 -0.315497
vn 0.017100 0.955527 -0.294408
vn -0.000600 0.957116 -0.289705
vn -0.026001 0.956823 -0.289507
vn 0.015000 0.961897 -0.272999
vn -0.009200 0.962789 -0.270097
vn 0.011900 0.962196 -0.272099
vn 0.015701 0.966546 -0.256012
vn 0.001700 0.962236 -0.272210
vn -0.002800 0.961550 -0.274614
vn -0.008700 0.968617 -0.248404
vn -0.008000 0.965684 -0.259596
vn 0.000200 0.965311 -0.261103
vn 0.001600 0.968935 -0.247309
vn -0.029199 0.964656 -0.261888
vn -0.027600 0.968315 -0.248204
vn -0.015600 0.972614 -0.231903
vn 0.003800 0.973535 -0.228508
vn 0.016100 0.968703 -0.247701
vn -0.008500 0.978113 -0.207903
vn -0.025900 0.971407 -0.236002
vn -0.009200 0.975341 -0.220509
vn 0.006400 0.977359 -0.211491
vn -0.043199 0.965286 -0.257596
vn 0.020300 0.969890 -0.242697
vn 0.005400 0.952623 -0.304107
vn -0.007600 0.958380 -0.285394
vn 0.070399 0.954283 -0.290495
vn -0.034099 0.978585 -0.202997
vn -0.043598 0.959362 -0.278789
vn 0.977958 0.002300 -0.208791
vn 0.025499 0.977756 -0.208191
vn 0.880728 0.002700 -0.473615
vn 0.742330 0.003000 -0.670027
vn 0.546410 0.002300 -0.837515
vn 0.371097 0.001800 -0.928592
vn 0.971389 0.132199 -0.197298
vn 0.906373 0.369189 -0.205394
vn 0.732616 0.264106 -0.627314
vn 0.538017 0.189206 -0.821425
vn 0.347998 0.153199 -0.924893
vn 0.719464 0.671967 -0.175591
vn 0.601076 0.595876 -0.532578
vn 0.402302 0.910106 -0.099301
vn 0.378192 0.854082 -0.357092
vn 0.282596 0.651890 -0.703689
vn 0.160996 0.975475 -0.150096
vn 0.155392 0.900754 -0.405579
vn 0.239993 0.001400 -0.970773
vn 0.236504 0.129102 -0.963015
vn 0.071198 0.994578 -0.075798
vn 0.372304 0.001800 0.928109
vn 0.543084 0.002400 0.839675
vn 0.742709 0.003000 0.669608
vn 0.880580 0.002700 0.473889
vn 0.977978 0.002300 0.208695
vn 0.971333 0.131704 0.197907
vn 0.997554 0.001200 0.069897
vn 0.915794 0.124399 0.381898
vn 0.347598 0.153499 0.924994
vn 0.537810 0.189403 0.821515
vn 0.732115 0.264306 0.627813
vn 0.905914 0.369306 0.207203
vn 0.860898 0.264699 0.434499
vn 0.599518 0.596517 0.533616
vn 0.380590 0.407989 0.829877
vn 0.504423 0.396118 0.767234
vn 0.718585 0.672486 0.177196
vn 0.297712 0.641025 0.707428
vn 0.376202 0.854705 0.357702
vn 0.401173 0.910539 0.099893
vn 0.144003 0.912116 0.383807
vn 0.160301 0.975403 0.151301
vn 0.061899 0.994983 0.078599
vn 0.214702 0.975107 0.055400
vn 0.198705 0.507013 0.838722
vn 0.087201 0.962013 0.258703
vn 0.150700 0.745800 0.648900
vn 0.236409 0.129105 0.963038
vn 0.238298 0.001400 0.971191
vn -0.978064 0.002300 0.208292
vn -0.880792 0.002700 0.473496
vn -0.742375 0.003000 0.669978
vn -0.546410 0.002300 0.837515
vn -0.372597 0.001800 0.927992
vn -0.971421 0.132103 0.197204
vn -0.906517 0.368607 0.205804
vn -0.732616 0.264106 0.627314
vn -0.538088 0.189196 0.821381
vn -0.347998 0.153199 0.924893
vn -0.719510 0.671810 0.176003
vn -0.601112 0.595811 0.532610
vn -0.402215 0.910133 0.099404
vn -0.378192 0.854082 0.357092
vn -0.282596 0.651890 0.703689
vn -0.159307 0.975643 0.150807
vn -0.154204 0.903622 0.399610
vn -0.238298 0.001500 0.971191
vn -0.236409 0.129105 0.963038
vn -0.372304 0.001800 -0.928109
vn -0.543084 0.002400 -0.839675
vn -0.742709 0.003000 -0.669608
vn -0.880580 0.002700 -0.473889
vn -0.977871 0.002300 -0.209194
vn -0.971256 0.131994 -0.198091
vn -0.997525 0.001200 -0.070302
vn -0.915708 0.124401 -0.382103
vn -0.347598 0.153499 -0.924994
vn -0.537800 0.189500 -0.821499
vn -0.732115 0.264306 -0.627813
vn -0.905737 0.370015 -0.206709
vn -0.860961 0.264688 -0.434380
vn -0.599486 0.596486 -0.533687
vn -0.380590 0.407989 -0.829877
vn -0.504384 0.396087 -0.767276
vn -0.718613 0.672612 -0.176603
vn -0.297693 0.641084 -0.707383
vn -0.376189 0.854675 -0.357789
vn -0.401381 0.910458 -0.099795
vn -0.143099 0.913893 -0.379897
vn -0.157702 0.976012 -0.150102
vn -0.198702 0.507204 -0.838607
vn -0.216803 0.974614 -0.055901
vn -0.072499 0.994993 -0.068799
vn -0.150796 0.745882 -0.648784
vn -0.236409 0.129105 -0.963038
vn -0.238298 0.001400 -0.971191
vn -0.016200 0.977610 0.209802
vn 0.021400 0.955996 0.292599
vn -0.039000 0.961308 0.272702
vn 0.011600 0.959812 0.280404
vn 0.026601 0.969030 0.245508
vn 0.002500 0.976699 0.214600
vn -0.017799 0.972268 0.233192
vn 0.029600 0.928201 0.370900
vn 0.023800 0.976609 0.213702
vn -0.005100 0.972629 0.232307
vn 0.026700 0.959892 0.279098
vn 0.006800 0.969422 0.245306
vn -0.005900 0.967058 0.254489
vn 0.014101 0.970643 0.240111
vn -0.020201 0.965530 0.259508
vn 0.027100 0.966297 0.255999
vn 0.011900 0.964721 0.263006
vn -0.014400 0.962216 0.271905
vn 0.006200 0.961082 0.276195
vn -0.004100 0.962487 0.271296
vn -0.027999 0.961381 0.273794
vn -0.007300 0.960063 0.279689
vn 0.006900 0.953913 0.300004
vn 0.005700 0.958600 0.284700
vn -0.013900 0.958009 0.286403
vn -0.025700 0.951715 0.305905
vn -0.003500 0.952187 0.305496
vn 0.027600 0.954292 0.297598
vn 0.026698 0.946845 0.320581
vn -0.017101 0.944136 0.329113
vn 0.005100 0.941235 0.337713
vn -0.029600 0.935606 0.351802
vn -0.001200 0.935966 0.352087
vn 0.024800 0.938899 0.343299
vn 0.012100 0.911379 0.411390
vn 0.012500 0.926174 0.376889
vn -0.010400 0.924924 0.380010
vn 0.013399 0.869657 0.493475
vn -0.009400 0.891712 0.452506
vn -0.007800 0.836232 0.548321
vn 0.008500 0.838048 0.545531
vn 0.013601 0.798134 0.602326
vn -0.007500 0.799425 0.600719
vn -0.024001 0.923843 0.382018
vn -0.024500 0.891584 0.452192
vn -0.006700 0.755415 0.655213
vn 0.012600 0.755791 0.654692
vn 0.001800 -0.999261 0.038398
vn -0.001200 -0.999478 0.032299
vn -0.005200 -0.957915 0.287005
vn 0.005000 -0.993707 0.111901
vn -0.000800 -0.989809 0.142401
vn 0.005600 -0.983097 0.182999
vn -0.010600 -0.987108 0.159701
vn -0.005600 -0.994707 0.102601
vn -0.006100 -0.997976 0.063298
vn 0.002600 -0.956044 0.293213
vn -0.005500 -0.943120 0.332407
vn 0.002900 -0.942920 0.333007
vn -0.003700 -0.975290 0.220898
vn 0.004800 -0.940380 0.340093
vn 0.005300 -0.934203 0.356701
vn -0.005400 -0.936320 0.351107
vn -0.001500 -0.941033 0.338312
vn -0.007300 -0.941936 0.335713
vn 0.006100 -0.962786 0.270196
vn 0.003900 -0.948786 0.315895
vn 0.001500 -0.957508 0.288402
vn -0.006100 -0.957819 0.287306
vn 0.013499 -0.953564 0.300889
vn 0.005900 -0.958661 0.284489
vn -0.001200 -0.963026 0.269407
vn -0.006200 -0.968382 0.249395
vn -0.001100 -0.962125 0.272607
vn -0.000200 -0.961874 0.273493
vn 0.002500 -0.963804 0.266601
vn -0.006200 -0.965589 0.259997
vn -0.007600 -0.961326 0.275307
vn 0.003400 -0.968443 0.249211
vn -0.001300 -0.968834 0.247709
vn 0.008300 -0.999670 0.024299
vn -0.005500 -0.973996 0.226499
vn -0.003900 -0.972971 0.230893
vn 0.009400 -0.968460 0.248990
vn 0.005000 -0.974599 0.223900
vn -0.002900 -0.982376 0.186895
vn 0.007100 -0.981622 0.190704
vn 0.005200 -0.983174 0.182595
vn -0.004200 -0.989598 0.143800
vn 0.002800 -0.987816 0.155602
vn -0.012100 -0.976911 0.213302
vn 0.006500 -0.992716 0.120302
vn -0.013200 -0.986088 0.165698
vn 0.007000 -0.993684 0.111998
vn -0.003200 -0.998616 0.052501
vn 0.000900 -0.998345 0.057503
vn -0.006700 -0.999481 0.031499
vn 0.000700 -0.996199 0.087100
vn -0.000400 -1.000000 -0.000300
vn -0.005300 -0.999194 0.039800
vn -0.014400 -0.996888 0.077499
vn 0.000100 -0.999792 0.020400
vn 0.007900 -0.999969 -0.000100
vn -0.002300 -0.977463 -0.211092
vn -0.000900 -0.999892 -0.014700
vn 0.000900 -0.999944 -0.010500
vn -0.004600 -0.999989 0.000200
vn -0.005500 -0.999964 -0.006500
vn -0.006600 -0.999330 -0.036001
vn 0.002400 -0.999422 -0.033901
vn -0.003000 -0.997313 -0.073201
vn 0.001400 -0.996794 -0.080000
vn 0.005400 -0.999685 -0.024500
vn 0.005500 -0.992856 -0.119195
vn -0.004700 -0.993157 -0.116695
vn -0.005900 -0.989179 -0.146597
vn 0.003900 -0.988373 -0.151996
vn -0.004300 -0.987574 -0.157096
vn -0.002200 -0.983260 -0.182193
vn 0.003900 -0.982104 -0.188301
vn 0.005500 -0.973009 -0.230702
vn 0.002300 -0.968422 -0.249306
vn -0.007800 -0.977865 -0.209092
vn 0.005500 -0.977600 -0.210400
vn 0.004500 -0.941526 -0.336909
vn -0.010500 -0.974509 -0.224102
vn 0.002100 -0.968113 -0.250503
vn -0.003800 -0.967461 -0.252990
vn -0.011300 -0.969126 -0.246307
vn -0.001600 -0.964360 -0.264589
vn 0.002700 -0.964351 -0.264614
vn 0.000600 -0.961073 -0.276292
vn -0.002700 -0.961637 -0.274311
vn 0.005200 -0.961575 -0.274493
vn 0.007800 -0.960984 -0.276495
vn 0.005700 -0.957311 -0.289003
vn -0.002300 -0.957780 -0.287494
vn 0.006800 -0.956450 -0.291815
vn 0.006100 -0.955629 -0.294509
vn -0.011900 -0.953106 -0.302402
vn 0.003100 -0.950993 -0.309198
vn -0.002100 -0.933830 -0.357711
vn -0.002100 -0.941139 -0.338014
vn -0.003000 -0.949852 -0.312684
vn 0.004800 -0.933754 -0.357882
vn -0.002700 -0.952479 -0.304593
vn 0.004200 -0.951438 -0.307812
vn 0.004800 -0.971354 -0.237589
vn -0.003000 -0.970073 -0.242793
vn 0.123605 0.633227 -0.764032
vn -0.008700 -0.934598 -0.355599
vn 0.118006 0.545830 -0.829545
vn 0.033799 0.582985 -0.811779
vn 0.362196 0.505395 -0.783192
vn 0.017400 0.622684 -0.782280
vn 0.350800 0.584300 -0.731801
vn 0.302289 0.690274 -0.657376
vn 0.545202 0.573002 -0.611902
vn 0.028500 0.680497 -0.732197
vn 0.524489 0.630486 -0.572188
vn 0.186602 0.700909 -0.688409
vn 0.636986 0.671785 -0.378092
vn 0.113503 0.778324 -0.617519
vn 0.231091 0.478082 -0.847369
vn 0.443404 0.779306 -0.442804
vn 0.258305 0.837915 -0.480809
vn 0.127202 0.858314 -0.497108
vn 0.676001 0.669401 -0.308100
vn 0.768686 0.584089 -0.260695
vn 0.472020 0.801834 -0.366415
vn 0.278999 0.872697 -0.400699
vn 0.138699 0.899096 -0.415198
vn 0.592723 0.655825 -0.467518
vn 0.390889 0.742779 -0.543585
vn 0.117198 0.790085 -0.601689
vn 0.235191 0.789371 -0.567079
vn 0.035800 0.862790 -0.504294
vn 0.032100 0.812990 -0.581393
vn 0.040499 0.905975 -0.421389
vn 0.788424 0.580318 -0.204006
vn 0.680197 0.691897 -0.242099
vn 0.490801 0.822401 -0.287700
vn 0.293790 0.902270 -0.315589
vn 0.156094 0.931767 -0.327788
vn 0.790999 0.571699 -0.217900
vn 0.676101 0.688501 -0.262400
vn 0.486323 0.816439 -0.311315
vn 0.290193 0.894078 -0.341192
vn 0.145900 0.924101 -0.353200
vn 0.044098 0.932762 -0.357785
vn 0.044601 0.941727 -0.333409
vn 0.791996 0.584997 -0.174699
vn 0.684111 0.698311 -0.210603
vn 0.496298 0.831197 -0.250599
vn 0.296893 0.914277 -0.275593
vn 0.170507 0.943839 -0.283012
vn 0.076297 0.955460 -0.285088
vn 0.079803 0.959432 -0.270409
vn 0.126503 0.943522 -0.306207
vn 0.073801 0.949712 -0.304304
vn 0.041901 0.958231 -0.282909
vn 0.798191 0.579793 -0.163498
vn 0.500076 0.833461 -0.235089
vn 0.160692 0.949955 -0.267887
vn 0.036201 0.961925 -0.270907
vn 0.799612 0.581609 -0.149502
vn 0.688813 0.697714 -0.196804
vn 0.299001 0.918404 -0.259101
vn 0.041699 0.961282 -0.272395
vn 0.690200 0.700900 -0.179900
vn 0.501027 0.838246 -0.215212
vn 0.082598 0.965182 -0.248195
vn 0.156399 0.956595 -0.245899
vn 0.423984 0.890066 -0.167394
vn 0.031801 0.966125 -0.256107
vn 0.040699 0.967983 -0.247696
vn 0.309408 0.921024 -0.236606
vn 0.273893 0.936776 -0.217794
vn 0.071603 0.971443 -0.226210
vn 0.152500 0.963802 -0.218700
vn 0.309497 0.932191 -0.187698
vn 0.076898 0.975968 -0.203893
vn 0.202408 0.959137 -0.197708
vn 0.686431 0.715732 -0.128606
vn 0.565980 0.810972 -0.148295
vn 0.706634 0.691733 -0.148907
vn 0.781368 0.610275 -0.130495
vn 0.502186 0.845176 -0.182995
vn 0.738763 0.625768 -0.250287
vn 0.065800 0.971996 -0.225599
vn 0.151600 0.957700 -0.244600
vn 0.822414 0.565610 -0.061001
vn 0.343692 0.891679 -0.294593
vn 0.670013 0.712114 -0.209704
vn 0.824894 0.560396 -0.074199
vn 0.848655 0.516072 -0.115994
vn 0.855934 0.513521 -0.060602
vn 0.761326 0.641722 -0.092603
vn 0.472485 0.863872 -0.174594
vn 0.171796 0.928680 -0.328693
vn 0.305599 0.909597 -0.281499
vn 0.632007 0.695708 -0.341404
vn 0.622019 0.759723 0.189506
vn 0.869838 0.493321 -0.004100
vn 0.930312 0.366705 -0.006900
vn 0.947680 0.319193 -0.004300
vn 0.916814 0.399306 -0.002600
vn 0.882610 0.470105 0.000400
vn 0.874617 0.484809 0.002300
vn 0.940009 0.341103 0.005600
vn 0.863002 0.475201 0.171500
vn 0.812203 0.576202 0.091200
vn 0.798417 0.596913 0.078902
vn 0.692725 0.711925 0.115304
vn 0.550121 0.775529 0.309712
vn 0.322997 0.905292 0.275898
vn 0.177199 0.962695 0.204499
vn 0.489601 0.851702 0.186800
vn 0.366801 0.910102 0.192800
vn 0.129100 0.961800 0.241400
vn 0.700697 0.701497 0.130099
vn 0.788317 0.603513 0.119703
vn 0.489794 0.853889 0.175998
vn 0.288203 0.936811 0.198302
vn 0.089203 0.974030 0.208106
vn 0.311405 0.924316 0.220604
vn 0.604782 0.782576 0.147695
vn 0.296007 0.930022 0.217805
vn 0.128504 0.961727 0.242007
vn 0.055797 0.963457 0.261988
vn 0.776300 0.613200 0.146100
vn 0.449975 0.868651 0.207288
vn 0.158897 0.960180 0.229795
vn 0.073803 0.969742 0.232710
vn 0.667370 0.668170 0.328885
vn 0.654890 0.738289 0.161398
vn 0.649608 0.736709 0.187802
vn 0.291404 0.924613 0.245304
vn 0.451409 0.861817 0.231305
vn 0.137998 0.956589 0.256697
vn 0.790476 0.591282 0.159795
vn 0.646569 0.734265 0.206890
vn 0.081204 0.962347 0.259413
vn 0.035799 0.962169 0.270091
vn 0.270407 0.926125 0.263007
vn 0.458594 0.853890 0.246097
vn 0.135601 0.952006 0.274402
vn 0.067298 0.960170 0.271191
vn 0.074798 0.957579 0.278294
vn 0.777721 0.603816 0.174805
vn 0.262086 0.924351 0.277285
vn 0.643907 0.731608 0.223903
vn 0.470627 0.841749 0.264515
vn 0.117799 0.947396 0.297599
vn 0.088798 0.950679 0.297193
vn 0.779284 0.596888 0.190896
vn 0.245199 0.917795 0.312298
vn 0.057900 0.945103 0.321601
vn 0.630600 0.729900 0.263800
vn 0.488997 0.819294 0.299398
vn 0.119400 0.932597 0.340599
vn 0.076297 0.934464 0.347787
vn 0.262295 0.901783 0.343494
vn 0.773698 0.593199 0.222500
vn 0.055200 0.922098 0.382999
vn 0.431301 0.824102 0.367201
vn 0.124599 0.909890 0.395696
vn 0.751924 0.592719 0.288609
vn 0.145700 0.885601 0.441001
vn 0.229999 0.872598 0.430899
vn 0.617787 0.662886 0.422991
vn 0.407107 0.795114 0.449508
vn 0.145292 0.828657 0.540572
vn 0.196301 0.821403 0.535502
vn 0.114301 0.755409 0.645208
vn 0.368502 0.755203 0.542102
vn 0.110998 0.789685 0.603388
vn 0.035699 0.909581 0.413991
vn 0.030301 0.866815 0.497709
vn 0.035898 0.813060 0.581072
vn 0.367285 0.717072 0.592376
vn 0.568091 0.635990 0.522292
vn -0.168901 0.559403 0.811505
vn -0.049500 0.532797 0.844794
vn -0.051801 0.591116 0.804922
vn -0.494682 0.554280 0.669376
vn -0.449094 0.521793 0.725291
vn -0.237900 0.621401 0.746501
vn -0.077396 0.640965 0.763658
vn -0.063197 0.799168 0.597776
vn -0.465205 0.620207 0.631607
vn -0.052303 0.714440 0.697739
vn -0.206102 0.709107 0.674307
vn -0.668014 0.537811 0.514311
vn -0.276891 0.455885 0.845872
vn -0.697280 0.587483 0.410688
vn -0.201592 0.785969 0.584477
vn -0.431587 0.759776 0.486285
vn -0.576583 0.689279 0.438687
vn -0.252588 0.814960 0.521574
vn -0.071901 0.837810 0.541207
vn -0.481325 0.788041 0.383820
vn -0.649183 0.685082 0.330491
vn -0.268285 0.863052 0.427976
vn -0.078499 0.887183 0.454691
vn -0.164702 0.886412 0.432606
vn -0.078703 0.921337 0.380715
vn -0.762382 0.591986 0.261394
vn -0.120305 0.918442 0.376817
vn -0.234701 0.738402 0.632201
vn -0.517600 0.658601 0.546201
vn -0.391205 0.714609 0.579907
vn -0.057101 0.756314 0.651712
vn -0.782594 0.583896 0.215898
vn -0.291707 0.895622 0.335808
vn -0.652408 0.712708 0.257703
vn -0.136603 0.931720 0.336507
vn -0.067001 0.943612 0.324204
vn -0.144194 0.940760 0.306887
vn -0.444812 0.838623 0.314409
vn -0.782030 0.595023 0.185407
vn -0.064701 0.934921 0.348908
vn -0.296495 0.909686 0.290795
vn -0.695971 0.685971 0.212291
vn -0.143898 0.946789 0.287897
vn -0.063798 0.956374 0.285092
vn -0.448800 0.851199 0.272100
vn -0.284195 0.920782 0.267195
vn -0.044398 0.953350 0.298584
vn -0.663597 0.718997 0.206599
vn -0.145499 0.950891 0.273197
vn -0.065198 0.959975 0.272393
vn -0.484787 0.839677 0.244793
vn -0.300201 0.927802 0.221501
vn -0.040001 0.961434 0.272110
vn -0.471816 0.848628 0.239208
vn -0.789587 0.590591 0.166597
vn -0.034201 0.965135 0.259509
vn -0.657698 0.727498 0.195399
vn -0.151700 0.954700 0.256000
vn -0.074797 0.963861 0.255690
vn -0.480819 0.847933 0.223209
vn -0.786006 0.598705 0.154101
vn -0.256895 0.932981 0.252095
vn -0.479485 0.853773 0.202894
vn -0.163295 0.959371 0.230093
vn -0.082898 0.969178 0.231995
vn -0.038001 0.971732 0.233008
vn -0.791328 0.595821 0.137105
vn -0.668651 0.722547 0.175587
vn -0.177199 0.962695 0.204499
vn -0.288295 0.936784 0.198297
vn -0.089998 0.973981 0.207996
vn -0.040801 0.977020 0.209204
vn -0.785874 0.607180 0.117196
vn -0.501974 0.847057 0.174691
vn -0.366707 0.910118 0.192904
vn -0.135302 0.959212 0.248203
vn -0.664828 0.730631 0.155507
vn -0.063203 0.962747 0.262913
vn -0.056401 0.972909 0.224202
vn -0.723303 0.681403 0.111901
vn -0.308407 0.925321 0.220605
vn -0.622723 0.768528 0.146905
vn -0.808406 0.582205 0.086701
vn -0.820388 0.568192 0.064199
vn -0.622019 0.759723 0.189506
vn -0.354707 0.887417 0.294406
vn -0.750213 0.640611 0.163703
vn -0.836128 0.542018 -0.084303
vn -0.874427 0.479815 0.071802
vn -0.489601 0.851702 0.186800
vn -0.305187 0.908962 0.283988
vn -0.631829 0.694732 0.343716
vn -0.874603 0.484802 0.006100
vn -0.946940 0.321214 0.011200
vn -0.883722 0.468012 0.000800
vn -0.923257 0.384182 -0.000900
vn -0.937230 0.348711 0.000500
vn -0.862588 0.501893 -0.063599
vn -0.610595 0.771193 -0.180098
vn -0.802014 0.589010 -0.099202
vn -0.889384 0.456992 -0.012400
vn -0.827930 0.557720 -0.059002
vn -0.680024 0.721025 -0.133005
vn -0.323390 0.906871 -0.270191
vn -0.549789 0.776884 -0.306894
vn -0.249002 0.941307 -0.227902
vn -0.134200 0.958797 -0.250399
vn -0.412488 0.895075 -0.169395
vn -0.802927 0.589620 -0.087503
vn -0.563985 0.812378 -0.148196
vn -0.502228 0.845147 -0.183010
vn -0.155203 0.956916 -0.245404
vn -0.686382 0.715781 -0.128597
vn -0.195805 0.959926 -0.200505
vn -0.309407 0.932220 -0.187704
vn -0.119497 0.942474 -0.312191
vn -0.045501 0.977324 -0.206805
vn -0.706634 0.691733 -0.148907
vn -0.690022 0.701022 -0.180106
vn -0.798908 0.588106 -0.126001
vn -0.273300 0.936901 -0.218000
vn -0.068901 0.971219 -0.228004
vn -0.155400 0.963202 -0.219300
vn -0.798527 0.583020 -0.149805
vn -0.504380 0.836366 -0.214691
vn -0.305801 0.922203 -0.236701
vn -0.156204 0.956624 -0.245906
vn -0.083298 0.965174 -0.247993
vn -0.299991 0.917772 -0.260192
vn -0.062802 0.963129 -0.261608
vn -0.478214 0.844926 -0.239607
vn -0.687299 0.698499 -0.199300
vn -0.799188 0.577991 -0.164998
vn -0.081401 0.958506 -0.273202
vn -0.160206 0.949236 -0.270710
vn -0.499291 0.834686 -0.232396
vn -0.040199 0.960376 -0.275793
vn -0.799412 0.578808 -0.161002
vn -0.685293 0.701593 -0.195298
vn -0.300385 0.918853 -0.255887
vn -0.159694 0.950963 -0.264890
vn -0.079201 0.960213 -0.267804
vn -0.790665 0.585774 -0.178092
vn -0.040299 0.962772 -0.267292
vn -0.685811 0.695911 -0.213003
vn -0.495788 0.830379 -0.254294
vn -0.297708 0.912823 -0.279507
vn -0.158303 0.944118 -0.289105
vn -0.084698 0.953274 -0.289992
vn -0.784740 0.582729 -0.211211
vn -0.678670 0.690769 -0.249489
vn -0.489406 0.820210 -0.296204
vn -0.293206 0.899219 -0.324707
vn -0.155806 0.929134 -0.335312
vn -0.083802 0.936718 -0.339907
vn -0.659722 0.667322 -0.345612
vn -0.055600 0.947396 -0.315199
vn -0.056601 0.910415 -0.409807
vn -0.749164 0.591371 -0.298386
vn -0.458287 0.789477 -0.408288
vn -0.263394 0.854882 -0.446990
vn -0.087601 0.879213 -0.468307
vn -0.147700 0.879499 -0.452400
vn -0.606342 0.669347 -0.429330
vn -0.418897 0.760795 -0.495697
vn -0.244888 0.811362 -0.530775
vn -0.073902 0.831218 -0.551012
vn -0.780803 0.579503 -0.233501
vn -0.670971 0.686670 -0.279788
vn -0.482109 0.811216 -0.330907
vn -0.288600 0.886500 -0.361700
vn -0.153905 0.914932 -0.373113
vn -0.083800 0.923797 -0.373599
vn -0.066602 0.792427 -0.606320
vn -0.619282 0.169395 0.766678
vn -0.195010 0.781739 -0.592330
vn -0.395801 0.190301 0.898403
vn -0.796953 0.131892 0.589466
vn -0.913246 0.092895 0.396677
vn -0.978566 0.067398 0.194593
vn -0.996665 0.057898 0.057498
vn -0.634090 0.352794 0.688089
vn -0.435501 0.389201 0.811703
vn -0.814406 0.274802 0.511104
vn -0.921389 0.202698 0.331596
vn -0.973998 0.156200 0.164100
vn -0.990514 0.126402 0.053901
vn -0.445692 0.599290 0.664989
vn -0.784069 0.483981 0.388585
vn -0.621181 0.555883 0.552383
vn -0.574525 0.070603 0.815436
vn -0.973075 0.221394 0.064098
vn -0.380878 0.083495 0.920848
vn -0.773115 0.054601 0.631912
vn -0.932148 0.346581 0.104794
vn -0.995132 0.029901 0.093903
vn -0.238906 0.804820 0.543313
vn -0.884997 0.407898 0.224499
vn -0.418399 0.762497 0.493498
vn -0.267806 0.639414 0.720715
vn -0.268209 0.344311 0.899730
vn -0.996692 0.058800 -0.056100
vn -0.243890 0.142594 0.959262
vn -0.998328 0.057802 0.000100
vn -0.993097 0.117300 -0.000100
vn -0.998311 0.058101 0.000100
vn -0.993073 0.117497 -0.000100
vn -0.978592 0.205798 -0.002000
vn -0.983666 0.179994 -0.001800
vn -0.469484 0.145495 -0.870871
vn -0.979264 0.069497 -0.190293
vn -0.915325 0.097603 -0.390710
vn -0.803388 0.140298 -0.578692
vn -0.627919 0.179806 -0.757223
vn -0.990253 0.129994 -0.049998
vn -0.482782 0.306189 -0.820469
vn -0.972691 0.161299 -0.166898
vn -0.928315 0.221104 -0.298905
vn -0.813713 0.304205 -0.495308
vn -0.651294 0.388897 -0.651594
vn -0.436421 0.446322 -0.781238
vn -0.599867 0.662864 -0.448075
vn -0.445686 0.680278 -0.581881
vn -0.934398 0.338099 -0.112200
vn -0.751891 0.568893 -0.333196
vn -0.765318 0.059301 -0.640915
vn -0.936596 0.042700 -0.347799
vn -0.592563 0.077895 -0.801749
vn -0.298610 0.483516 -0.822827
vn -0.302391 0.104197 -0.947472
vn -0.339299 0.248000 -0.907399
vn -0.256403 0.679708 -0.687208
vn -0.185406 0.892530 -0.411114
vn -0.247706 0.802019 -0.543513
vn 0.441802 0.203601 -0.873704
vn -0.353805 0.873611 -0.334104
vn -0.853682 0.500290 -0.144697
vn 0.619319 0.169505 -0.766624
vn 0.797000 0.131900 -0.589400
vn 0.913229 0.092903 -0.396713
vn 0.978553 0.067297 -0.194691
vn 0.996642 0.057802 -0.058002
vn 0.447903 0.419602 -0.789504
vn 0.634087 0.353193 -0.687886
vn 0.814425 0.274908 -0.511016
vn 0.921420 0.202704 -0.331507
vn 0.973998 0.156200 -0.164100
vn 0.990508 0.126401 -0.054000
vn 0.437696 0.607994 -0.662394
vn 0.786090 0.482294 -0.386595
vn 0.621275 0.556578 -0.551578
vn 0.272089 0.097096 -0.957361
vn 0.970293 0.232698 -0.066200
vn 0.411201 0.086800 -0.907403
vn 0.574592 0.070599 -0.815389
vn 0.773066 0.054598 -0.631972
vn 0.933180 0.342293 -0.109598
vn 0.995154 0.029199 -0.093896
vn 0.238702 0.807305 -0.539703
vn 0.881906 0.403003 -0.244602
vn 0.418412 0.764221 -0.490814
vn 0.271502 0.655605 -0.704605
vn 0.287410 0.476917 -0.830630
vn 0.263294 0.212695 -0.940977
vn 0.999630 0.027201 -0.000000
vn 0.993097 0.117300 0.000100
vn 0.935061 0.354485 -0.001000
vn 0.998282 0.058599 -0.000100
vn 0.993854 0.110695 0.000600
vn 0.985359 0.170493 -0.000400
vn 0.996720 0.058901 0.055501
vn 0.469413 0.145404 0.870924
vn 0.979264 0.069497 0.190293
vn 0.915289 0.097599 0.390795
vn 0.803388 0.140298 0.578692
vn 0.627883 0.179695 0.757280
vn 0.990442 0.129006 0.048802
vn 0.482695 0.305997 0.820592
vn 0.974646 0.169808 0.145707
vn 0.923104 0.228501 0.309301
vn 0.813633 0.303912 0.495620
vn 0.651211 0.388506 0.651911
vn 0.436402 0.445702 0.781603
vn 0.599990 0.661589 0.449792
vn 0.445791 0.678487 0.583889
vn 0.752137 0.568028 0.334117
vn 0.765318 0.059301 0.640915
vn 0.936596 0.042700 0.347799
vn 0.592498 0.077900 0.801797
vn 0.298592 0.482587 0.823378
vn 0.302391 0.104197 0.947472
vn 0.339197 0.247798 0.907492
vn 0.256714 0.677736 0.689037
vn 0.182089 0.896148 0.404676
vn 0.248089 0.799064 0.547675
vn 0.946605 0.320702 0.033000
vn 0.353099 0.874698 0.331999
vn 0.836988 0.511793 0.193697
vn -0.060299 0.165997 -0.984281
vn 0.953907 0.300102 -0.000700
vn 0.019299 0.166995 -0.985769
vn -0.061900 0.251799 -0.965798
vn 0.020100 0.253201 -0.967205
vn 0.112102 0.222704 -0.968419
vn -0.061903 0.371816 -0.926240
vn 0.020000 0.373092 -0.927579
vn 0.108606 0.380820 -0.918249
vn -0.059001 0.526511 -0.848118
vn 0.018900 0.527403 -0.849405
vn 0.099301 0.521903 -0.847205
vn -0.052098 0.692569 -0.719468
vn 0.016500 0.693484 -0.720283
vn 0.100902 0.661513 -0.743115
vn -0.153095 0.098697 -0.983270
vn -0.037799 0.853883 -0.519090
vn 0.047999 0.790489 -0.610592
vn -0.059899 0.094898 -0.993683
vn 0.020600 0.095502 -0.995216
vn -0.021301 0.111504 -0.993536
vn 0.091902 0.102102 -0.990520
vn 0.173294 0.104897 -0.979268
vn 0.177694 0.512383 -0.840172
vn 0.190908 0.320414 -0.927841
vn 0.100001 0.903709 -0.416304
vn 0.139498 0.788890 -0.598492
vn 0.033801 0.906934 -0.419916
vn -0.009800 0.909403 -0.415801
vn -0.065899 0.903686 -0.423094
vn -0.149998 0.686190 -0.711789
vn -0.113107 0.845454 -0.521933
vn -0.163800 0.502700 -0.848800
vn -0.155394 0.248590 -0.956063
vn -0.183695 0.369291 -0.910978
vn 0.060299 0.165997 0.984281
vn -0.175698 0.163998 -0.970688
vn -0.019300 0.166898 0.985785
vn 0.061897 0.251588 0.965853
vn -0.020101 0.253108 0.967229
vn -0.112096 0.222493 0.968469
vn 0.061900 0.371403 0.926406
vn -0.020000 0.372506 0.927814
vn -0.108602 0.380408 0.918420
vn 0.059000 0.525097 0.848995
vn -0.018900 0.525989 0.850282
vn -0.099295 0.520676 0.847961
vn 0.052097 0.689864 0.722062
vn -0.016499 0.690677 0.722976
vn -0.100897 0.659078 0.745276
vn 0.153095 0.098697 0.983270
vn 0.038000 0.850311 0.524907
vn -0.047998 0.786462 0.615770
vn 0.059899 0.094898 0.993683
vn -0.020600 0.095502 0.995216
vn 0.021301 0.111504 0.993536
vn -0.091902 0.102102 0.990520
vn -0.173294 0.104897 0.979268
vn -0.177699 0.511196 0.840893
vn -0.190795 0.320092 0.927976
vn -0.108404 0.905931 0.409314
vn -0.139492 0.785554 0.602865
vn 0.149999 0.683895 0.713995
vn -0.056598 0.895875 0.440687
vn -0.007100 0.890104 0.455702
vn 0.009100 0.915109 0.403104
vn 0.058103 0.919945 0.387719
vn 0.113599 0.842492 0.526595
vn 0.163793 0.501579 0.849465
vn 0.155402 0.248403 0.956110
vn 0.183599 0.368799 0.911196
vn 0.025001 0.998021 -0.057701
vn 0.175601 0.164001 0.970705
vn 0.015000 0.982225 -0.187105
vn -0.015900 0.997817 -0.064101
vn -0.041498 0.996849 -0.067597
vn 0.004700 0.999706 -0.023800
vn 0.023801 0.997848 0.061103
vn 0.040998 0.981960 -0.184592
vn 0.023301 0.999729 -0.000000
vn -0.015600 0.999878 -0.000500
vn -0.003100 0.999995 -0.000100
vn -0.028500 0.999594 0.000600
vn -0.039301 0.999227 -0.000400
vn 0.003500 0.999994 0.000800
vn -0.040799 0.985079 0.167196
vn -0.012801 0.997944 0.062803
vn -0.029400 0.998603 0.043900
vn 0.019200 0.989009 0.146601
vn -0.011900 0.993738 0.111104
vn -0.731278 0.682080 0.000100
vn -0.403697 0.914893 -0.000000
vn -0.170396 0.985376 0.000100
vn -0.072299 0.997383 0.000200
vn 0.089003 0.001300 -0.996031
vn 0.016100 0.001600 -0.999869
vn -0.051897 0.001700 -0.998651
vn -0.016100 0.000500 -0.999870
vn 0.087805 0.084405 -0.992555
vn -0.092997 0.000400 -0.995666
vn 0.045700 0.399498 -0.915594
vn 0.043201 0.099203 -0.994129
vn -0.053499 0.056299 -0.996980
vn -0.016000 0.365992 -0.930480
vn -0.083801 0.408705 -0.908811
vn 0.037302 0.750042 -0.660337
vn -0.012100 0.725216 -0.688415
vn -0.065400 0.751399 -0.656599
vn -0.145802 0.001400 -0.989313
vn -0.144199 0.096899 -0.984793
vn -0.030199 0.951460 -0.306287
vn -0.138707 0.374120 -0.916949
vn 0.095398 0.761684 -0.640887
vn -0.008700 0.904914 -0.425506
vn 0.013800 0.950210 -0.311303
vn 0.134999 0.463995 -0.875491
vn 0.148499 0.103399 -0.983492
vn 0.150501 0.001200 -0.988609
vn 0.991063 0.133395 -0.000100
vn 0.402712 0.915327 -0.000000
vn 0.171805 0.985131 -0.000000
vn -0.990791 0.135399 -0.000100
vn -0.089003 0.001300 0.996031
vn -0.936633 0.350312 -0.000100
vn -0.016100 0.001600 0.999869
vn 0.051897 0.001700 0.998651
vn 0.016100 0.000500 0.999870
vn -0.087904 0.084404 0.992547
vn 0.092997 0.000400 0.995666
vn -0.048103 0.415222 0.908448
vn -0.043201 0.099203 0.994129
vn 0.053499 0.056199 0.996985
vn 0.016000 0.365992 0.930480
vn 0.083702 0.408708 0.908819
vn 0.012100 0.725216 0.688415
vn -0.029899 0.741967 0.669770
vn 0.065400 0.751399 0.656599
vn 0.145802 0.001400 0.989313
vn 0.144199 0.096899 0.984793
vn 0.033700 0.951596 0.305499
vn 0.138707 0.374120 0.916949
vn 0.001800 0.943877 0.330292
vn -0.129196 0.478785 0.868374
vn -0.045000 0.923893 0.379997
vn -0.148499 0.103399 0.983492
vn -0.150501 0.001200 0.988609
vn 0.935843 0.352416 0.000100
vn 0.731278 0.682080 0.000100
vn -0.834848 0.512868 -0.199988
vn 0.404718 0.914441 -0.000000
vn 0.074899 0.997191 0.000100
vn -0.831305 0.514003 -0.211501
vn -0.821197 0.518598 -0.238099
vn -0.798791 0.528794 -0.286897
vn -0.811232 0.538521 -0.227809
vn -0.842985 0.514791 -0.156097
vn -0.762718 0.543513 -0.350508
vn -0.813424 0.539916 -0.216406
vn -0.837399 0.513499 -0.187300
vn -0.840117 0.514710 -0.171103
vn -0.846427 0.517817 0.124204
vn -0.844416 0.516110 -0.143503
vn -0.844519 0.515912 -0.143603
vn -0.843638 0.516423 -0.146907
vn -0.845333 0.517520 -0.132605
vn -0.845606 0.517204 -0.132101
vn -0.849788 0.520292 -0.084599
vn -0.847294 0.519396 -0.110999
vn -0.852974 0.520884 -0.033399
vn -0.853124 0.521515 -0.014200
vn -0.851582 0.521189 -0.056299
vn -0.852960 0.521976 0.000100
vn -0.852885 0.520891 0.035499
vn -0.851303 0.521302 0.059400
vn -0.852999 0.521299 0.025300
vn -0.853124 0.521515 0.014200
vn -0.849311 0.520607 0.087401
vn -0.847727 0.518516 0.111804
vn -0.765018 0.533513 0.360709
vn -0.843087 0.516492 0.149798
vn -0.841787 0.514992 0.161797
vn -0.839644 0.513766 0.176188
vn -0.836533 0.512420 0.194008
vn -0.788500 0.542800 0.289200
vn -0.797424 0.520716 0.304909
vn -0.781021 0.540515 0.312809
vn -0.410910 0.520312 0.748618
vn -0.831895 0.517097 0.201399
vn -0.225397 0.429695 0.874390
vn -0.337286 0.528777 0.778867
vn -0.550219 0.570419 0.609821
vn -0.516901 0.529801 0.672402
vn -0.644878 0.584880 0.491983
vn -0.604377 0.547279 0.578978
vn -0.743217 0.597313 0.301407
vn -0.715683 0.555387 0.423490
vn -0.180393 0.404285 0.896667
vn -0.404405 0.469106 0.785109
vn -0.740850 0.534564 0.406673
vn -0.786433 0.555824 0.269411
vn -0.482213 0.582416 0.654418
vn -0.716919 0.604716 0.346909
vn -0.581803 0.640704 0.501003
vn -0.378917 0.527123 0.760633
vn -0.277706 0.469510 0.838117
vn 0.832984 0.510990 0.212196
vn 0.817909 0.515106 0.256303
vn 0.791648 0.524666 0.313080
vn 0.788523 0.542815 0.289108
vn 0.766861 0.534973 0.354582
vn 0.840087 0.514092 0.173097
vn 0.781060 0.540473 0.312784
vn 0.831895 0.517097 0.201399
vn 0.837700 0.512200 0.189500
vn 0.850043 0.519726 0.085504
vn 0.842232 0.516020 0.156106
vn 0.844227 0.514916 0.148805
vn 0.844594 0.516996 0.139199
vn 0.845640 0.515924 0.136806
vn 0.847095 0.519397 0.112499
vn 0.845796 0.518097 0.127299
vn 0.851590 0.520494 -0.062299
vn 0.852804 0.521103 0.034300
vn 0.853151 0.521470 0.014199
vn 0.852767 0.520780 0.039698
vn 0.851298 0.521299 0.059500
vn 0.852960 0.521976 0.000100
vn 0.852174 0.521984 -0.036499
vn 0.853132 0.521520 -0.013501
vn 0.848167 0.519380 -0.104196
vn 0.850131 0.520519 -0.079603
vn 0.789494 0.533696 -0.303098
vn 0.846367 0.518180 -0.123095
vn 0.845426 0.517216 -0.133204
vn 0.843957 0.516274 -0.145593
vn 0.843071 0.516082 -0.151295
vn 0.840917 0.515010 -0.166203
vn 0.838986 0.512992 -0.181497
vn 0.836397 0.511998 -0.195699
vn 0.794084 0.527589 -0.301794
vn 0.829182 0.509289 -0.230395
vn 0.819808 0.518005 -0.244102
vn 0.812196 0.537198 -0.227499
vn 0.229099 0.490998 -0.840497
vn 0.837935 0.517321 -0.173907
vn 0.327813 0.518520 -0.789731
vn 0.580493 0.569893 -0.581593
vn 0.424382 0.557677 -0.713370
vn 0.433498 0.504798 -0.746497
vn 0.610511 0.581410 -0.537809
vn 0.736520 0.572716 -0.359910
vn 0.660114 0.548511 -0.513211
vn 0.184401 0.496703 -0.848105
vn 0.729790 0.547692 -0.409194
vn 0.151498 0.481794 -0.863089
vn 0.117607 0.461426 -0.879349
vn 0.609583 0.549585 -0.571284
vn 0.193399 0.479799 -0.855798
vn 0.520474 0.511574 -0.683666
vn 0.803628 0.564120 -0.189607
vn 0.514105 0.582705 -0.629406
vn 0.746233 0.591126 -0.306114
vn 0.742995 0.589896 -0.316198
vn 0.624194 0.619294 -0.476295
vn 0.390308 0.549911 -0.738415
vn 0.278096 0.520992 -0.806988
vn 0.046999 0.252395 0.966482
vn 0.078198 0.294394 0.952480
vn -0.048099 0.254893 0.965772
vn 0.016001 0.230108 0.973034
vn -0.016000 0.231005 0.972821
vn 0.124004 0.335811 0.933731
vn -0.075296 0.291684 0.953547
vn -0.125994 0.337783 0.932753
vn 0.640910 0.584909 0.497108
vn 0.715683 0.555387 0.423490
vn 0.550374 0.563074 0.616471
vn 0.627894 0.539995 0.560495
vn 0.438790 0.545087 0.714383
vn 0.493283 0.511382 0.703676
vn 0.348806 0.539109 0.766613
vn 0.310903 0.480205 0.820209
vn 0.245405 0.454609 0.856217
vn 0.786433 0.555824 0.269411
vn 0.740994 0.532895 0.408596
vn 0.393297 0.481097 0.783494
vn 0.490688 0.583086 0.647484
vn 0.193810 0.422822 0.885245
vn 0.743194 0.597295 0.301498
vn 0.581803 0.640704 0.501003
vn 0.716919 0.604716 0.346909
vn -0.035998 0.510776 -0.858960
vn -0.073902 0.502816 -0.861228
vn -0.122495 0.489481 -0.863367
vn -0.004300 0.518412 -0.855120
vn 0.026301 0.516111 -0.856118
vn 0.055797 0.504074 -0.861856
vn -0.062001 0.482108 -0.873915
vn 0.068098 0.475883 -0.876868
vn 0.117204 0.495216 -0.860828
vn -0.723996 0.571897 -0.385698
vn -0.576517 0.577517 -0.578017
vn -0.655196 0.555497 -0.511997
vn -0.605985 0.588885 -0.534787
vn -0.324506 0.519710 -0.790315
vn -0.422585 0.564980 -0.708675
vn -0.413493 0.501592 -0.759888
vn -0.229699 0.496999 -0.836798
vn -0.798660 0.571071 -0.189790
vn -0.769377 0.565083 -0.297891
vn -0.120299 0.469696 -0.874593
vn -0.755829 0.538821 -0.372014
vn -0.518209 0.519609 -0.679312
vn -0.193903 0.487508 -0.851315
vn -0.143596 0.488486 -0.860675
vn -0.184196 0.500890 -0.845684
vn -0.277303 0.526305 -0.803807
vn -0.388415 0.556022 -0.734829
vn -0.510605 0.589406 -0.626006
vn -0.071498 -0.987079 0.143397
vn -0.618910 0.626010 -0.474407
vn -0.736875 0.597580 -0.316089
vn -0.739893 0.598694 -0.306797
vn -0.187692 -0.972458 0.138194
vn -0.471218 -0.875934 0.103404
vn -0.972209 -0.066401 -0.224502
vn -0.570323 -0.821234 -0.017501
vn -0.833986 0.464592 -0.297695
vn -0.060402 -0.995936 0.066802
vn -0.166502 -0.985913 0.015900
vn -0.391716 -0.914336 -0.102704
vn -0.886378 -0.018600 -0.462589
vn -0.731605 0.017500 -0.681504
vn -0.770188 0.454293 -0.447693
vn -0.553008 -0.716210 -0.425706
vn -0.151404 -0.973125 -0.173505
vn -0.054899 -0.998477 -0.005400
vn -0.538617 0.014500 -0.842426
vn -0.359103 -0.830606 -0.425603
vn -0.383017 0.082604 -0.920041
vn -0.156401 -0.957309 -0.243102
vn -0.217200 -0.526599 -0.821899
vn -0.851895 0.500897 -0.152899
vn -0.261511 0.136206 -0.955542
vn -0.038699 -0.991776 -0.121997
vn 0.015201 0.150206 -0.988538
vn -0.019800 -0.998987 -0.040399
vn -0.102199 -0.371996 -0.922591
vn -0.035702 -0.894954 -0.444727
vn -0.062799 0.147999 -0.986992
vn -0.001500 -0.998327 -0.057802
vn -0.007300 -0.980735 -0.195207
vn -0.024001 -0.315507 -0.948620
vn 0.011500 -0.829897 -0.557798
vn 0.005200 -0.998623 -0.052201
vn -0.148408 -0.413022 -0.898548
vn 0.061699 -0.428392 -0.901484
vn 0.106905 0.123705 -0.986544
vn -0.045602 -0.971140 -0.234110
vn 0.153706 -0.976136 -0.153406
vn 0.159601 -0.421003 -0.892907
vn 0.036200 -0.981194 -0.189599
vn 0.019701 -0.994732 -0.100603
vn 0.096000 -0.983097 -0.155899
vn 0.490489 -0.863880 -0.114597
vn 0.944408 -0.323603 0.058100
vn 0.873874 -0.217494 0.434787
vn 0.031900 -0.990400 -0.134500
vn 0.960916 0.017200 0.276305
vn 0.202798 -0.979191 -0.007600
vn 0.432595 -0.899689 0.058499
vn 0.139098 -0.989985 0.024100
vn 0.022300 -0.996979 -0.074398
vn 0.716538 -0.198410 0.668735
vn 0.530196 -0.194799 0.825194
vn 0.148199 -0.980795 0.126799
vn 0.075303 -0.988237 0.133105
vn 0.360104 -0.253503 0.897809
vn 0.001100 -0.999990 0.004400
vn 0.244496 -0.351794 0.903584
vn 0.062597 -0.986150 0.153592
vn 0.015401 -0.996747 0.079104
vn 0.061499 -0.868085 0.492591
vn 0.051901 -0.590307 0.805509
vn -0.023701 -0.924925 0.379410
vn 0.012600 -0.901266 0.433084
vn -0.005500 -0.999098 0.042100
vn 0.371087 0.061398 -0.926566
vn -0.094702 -0.506008 0.857314
vn 0.118699 -0.706295 0.697895
vn -0.103502 -0.846018 0.523011
vn -0.011500 -0.999196 0.038400
vn 0.066600 -0.994503 -0.080800
vn 0.306493 -0.698284 -0.646886
vn 0.350896 -0.823491 -0.445795
vn 0.074198 -0.995467 -0.059498
vn 0.152596 -0.979873 -0.128696
vn 0.543493 0.073499 -0.836190
vn 0.731511 0.017300 -0.681610
vn 0.034599 -0.997769 0.057098
vn 0.556999 -0.709499 -0.431699
vn 0.182096 -0.983281 -0.000400
vn 0.397388 -0.911273 -0.107997
vn 0.886287 -0.017800 -0.462793
vn 0.029600 -0.992596 0.117800
vn 0.773911 0.447306 -0.448306
vn 0.972220 -0.065201 -0.224805
vn 0.577212 -0.816317 -0.021300
vn 0.837800 0.458000 -0.297200
vn 0.186991 -0.974454 0.124394
vn 0.477881 -0.872565 0.101296
vn 0.031599 -0.981758 0.187492
vn 0.125799 -0.922590 -0.364696
vn 0.269708 0.059102 -0.961127
vn 0.856524 0.493614 -0.150704
vn 0.037000 -0.954904 0.294601
vn 0.076801 -0.951908 0.296602
vn 0.214606 -0.930924 0.295508
vn 0.592303 -0.754003 0.284001
vn 0.920063 0.370685 -0.126795
vn 0.227006 -0.910924 0.344509
vn 0.191607 -0.956033 0.222008
vn 0.105196 -0.968665 0.224992
vn 0.602925 -0.772732 0.198408
vn 0.998384 -0.055799 0.010800
vn 0.912706 0.382402 -0.144001
vn 0.080999 -0.932490 0.351996
vn 0.994599 -0.097200 0.036400
vn 0.031901 -0.934734 0.353913
vn 0.028900 -0.940991 0.337197
vn 0.581403 -0.766304 0.273401
vn 0.179996 -0.926379 0.330792
vn 0.577405 -0.779706 0.242202
vn 0.897060 0.416781 -0.146893
vn 0.056399 -0.946582 0.317494
vn 0.009700 -0.948609 0.316303
vn 0.017399 -0.954970 0.296191
vn 0.191902 -0.936811 0.292503
vn 0.994897 -0.096300 0.030100
vn 0.923246 0.366718 -0.114606
vn 0.033601 -0.961934 0.271209
vn 0.073601 -0.955517 0.285605
vn 0.090898 -0.958477 0.270294
vn 0.034199 -0.967978 0.248694
vn 0.589279 -0.777572 0.219392
vn 0.202904 -0.942121 0.266906
vn 0.910919 0.397008 -0.112302
vn 0.854621 0.499712 -0.141103
vn 0.014101 -0.962247 0.271813
vn 0.995501 -0.091200 0.025700
vn 0.090097 -0.964666 0.247591
vn 0.227996 -0.943084 0.242096
vn 0.594290 -0.778987 0.199997
vn 0.995558 -0.091196 0.023399
vn 0.919166 0.381586 -0.097596
vn 0.088503 -0.982431 0.164305
vn 0.857767 0.498181 -0.126695
vn 0.011200 -0.968593 0.248398
vn 0.232393 -0.959472 0.159395
vn 0.090598 -0.973474 0.210094
vn 0.911878 0.404890 -0.067398
vn 0.994555 -0.103295 0.013799
vn 0.022699 -0.977267 0.210793
vn 0.230903 -0.951113 0.205103
vn 0.567998 -0.805197 0.170399
vn 0.995827 -0.089302 0.018801
vn 0.924892 0.371997 -0.078699
vn 0.572396 -0.813894 0.099699
vn 0.926875 0.372390 -0.047199
vn 0.233795 -0.965580 0.113998
vn 0.089597 -0.989165 0.116296
vn 0.028300 -0.997700 0.061600
vn 0.036699 -0.991986 0.120898
vn 0.092097 -0.993965 0.059598
vn 0.234801 -0.970305 0.058100
vn 0.604222 -0.795429 0.047002
vn 0.091704 -0.995745 0.009100
vn 0.904911 0.424705 -0.027600
vn 0.994163 -0.107796 0.004400
vn 0.922570 0.385687 -0.010500
vn 0.018700 -0.999784 0.009100
vn 0.234801 -0.972003 0.008900
vn 0.606302 -0.795203 0.007100
vn 0.091704 -0.995744 -0.009200
vn 0.995265 -0.097197 0.000100
vn 0.918419 0.395608 -0.000100
vn 0.018800 -0.999781 -0.009200
vn 0.234895 -0.971979 -0.009000
vn 0.606302 -0.795202 -0.007200
vn 0.026300 -0.997584 -0.064299
vn 0.092096 -0.993762 -0.062898
vn 0.234803 -0.970114 -0.061201
vn 0.604085 -0.795381 -0.049499
vn 0.929990 0.367396 0.011800
vn 0.909712 0.414406 0.026300
vn 0.993903 -0.110200 -0.003600
vn 0.026699 -0.981960 -0.187192
vn 0.911744 0.405519 0.065403
vn 0.100499 -0.977587 -0.184998
vn 0.231597 -0.956389 -0.177998
vn 0.028099 -0.991960 -0.123395
vn 0.994272 -0.104897 -0.020499
vn 0.912914 0.399706 0.082601
vn 0.091503 -0.987335 -0.129605
vn 0.233501 -0.964106 -0.126401
vn 0.576182 -0.810075 -0.108597
vn 0.995649 -0.092395 -0.012099
vn 0.928312 0.369105 0.044701
vn 0.028201 -0.974019 -0.224704
vn 0.235501 -0.949704 -0.206401
vn 0.207899 -0.950894 -0.229299
vn 0.994510 -0.101801 -0.024200
vn 0.068902 -0.974728 -0.212506
vn 0.563184 -0.807977 -0.173195
vn 0.912210 0.395504 0.107001
vn 0.921935 0.376814 0.089703
vn 0.022299 -0.965675 -0.258793
vn 0.070099 -0.968388 -0.239397
vn 0.564095 -0.801693 -0.197698
vn 0.024400 -0.960590 -0.276897
vn 0.995167 -0.094797 -0.025599
vn 0.207804 -0.944319 -0.255105
vn 0.013100 -0.965196 -0.261199
vn 0.010900 -0.970734 -0.239908
vn 0.072996 -0.962252 -0.262187
vn 0.581022 -0.785330 -0.213708
vn 0.918986 0.378694 0.109798
vn 0.995401 -0.092000 -0.026700
vn 0.592689 -0.773686 -0.223896
vn 0.224391 -0.936063 -0.270989
vn 0.921704 0.369702 0.117400
vn 0.088703 -0.956735 -0.277110
vn 0.995319 -0.092002 -0.029601
vn 0.551411 -0.794816 -0.253405
vn 0.225100 -0.929300 -0.292800
vn 0.225496 -0.920783 -0.318294
vn 0.071097 -0.951354 -0.299785
vn 0.001300 -0.956572 -0.291492
vn 0.015399 -0.950159 -0.311386
vn 0.071002 -0.942627 -0.326209
vn 0.082104 -0.930942 -0.355816
vn 0.884224 0.439812 0.157204
vn 0.016199 -0.939164 -0.343087
vn 0.031700 -0.932606 -0.359502
vn 0.995193 -0.091499 -0.034900
vn 0.593311 -0.752414 -0.286105
vn 0.079598 -0.946777 -0.311893
vn 0.906420 0.393809 0.152703
vn 0.214893 -0.926269 -0.309590
vn 0.203607 -0.947433 -0.246809
vn 0.621193 -0.749392 -0.229197
vn 0.210804 -0.913217 -0.348707
vn 0.907636 0.401116 0.123705
vn 0.999857 -0.016799 0.001900
vn 0.071101 -0.967617 -0.242204
vn 0.017000 -0.950586 -0.309995
vn 0.016900 -0.968612 -0.248003
vn -0.015800 -0.999873 0.002100
vn -0.085900 -0.985696 0.144999
vn -0.367202 -0.248601 0.896304
vn -0.532101 -0.215100 0.818902
vn -0.148297 -0.980780 0.126797
vn -0.024301 -0.997622 -0.064501
vn -0.139196 -0.989972 0.024099
vn -0.716490 -0.198397 0.668791
vn -0.873851 -0.217513 0.434825
vn -0.202702 -0.979211 -0.007600
vn -0.432676 -0.899650 0.058497
vn -0.028201 -0.990741 -0.132805
vn -0.171993 -0.974458 -0.144394
vn -0.960916 0.017200 0.276305
vn -0.490683 -0.863770 -0.114596
vn -0.944408 -0.323603 0.058100
vn -0.030199 -0.979270 -0.200294
vn -0.252700 -0.274800 0.927700
vn -0.032900 -0.951399 -0.306200
vn -0.621085 -0.749482 -0.229194
vn -0.076598 -0.947877 -0.309293
vn -0.214798 -0.926289 -0.309596
vn -0.995193 -0.091499 -0.034900
vn -0.906457 0.393881 0.152293
vn -0.593201 -0.752502 -0.286101
vn -0.033901 -0.933716 -0.356406
vn -0.085900 -0.930605 -0.355802
vn -0.184496 -0.952778 -0.241195
vn -0.103004 -0.964640 -0.242610
vn -0.087399 -0.941391 -0.325797
vn -0.999857 -0.016799 0.001800
vn -0.907636 0.401116 0.123705
vn -0.210804 -0.913217 -0.348707
vn -0.009899 -0.934250 -0.356481
vn -0.900458 0.407781 0.151293
vn -0.028501 -0.944626 -0.326909
vn -0.225496 -0.920783 -0.318294
vn -0.087997 -0.950065 -0.299389
vn -0.907351 0.398379 0.134193
vn -0.915884 0.382994 0.120298
vn -0.030401 -0.953326 -0.300408
vn -0.225005 -0.929321 -0.292807
vn -0.551411 -0.794816 -0.253405
vn -0.995319 -0.092002 -0.029601
vn -0.088703 -0.956735 -0.277110
vn -0.008600 -0.954468 -0.298190
vn -0.914079 0.389591 0.112597
vn -0.030799 -0.960061 -0.278089
vn -0.226612 -0.935549 -0.270914
vn -0.590095 -0.775493 -0.224498
vn -0.995404 -0.092000 -0.026600
vn -0.591906 -0.777708 -0.211702
vn -0.009200 -0.960797 -0.277099
vn -0.917470 0.383588 0.105397
vn -0.227701 -0.939504 -0.255901
vn -0.089199 -0.960992 -0.261798
vn -0.594009 -0.781012 -0.192803
vn -0.029200 -0.964408 -0.262802
vn -0.912834 0.395515 0.101504
vn -0.995165 -0.094797 -0.025699
vn -0.229001 -0.945006 -0.233501
vn -0.089697 -0.966870 -0.238993
vn -0.570593 -0.802891 -0.172598
vn -0.024700 -0.970484 -0.239896
vn -0.994508 -0.101801 -0.024300
vn -0.922127 0.376511 0.089003
vn -0.909196 0.406898 0.088300
vn -0.230512 -0.950751 -0.207211
vn -0.087599 -0.973184 -0.212696
vn -0.088702 -0.979326 -0.181805
vn -0.016500 -0.976429 -0.215206
vn -0.026701 -0.982034 -0.186806
vn -0.231597 -0.956389 -0.177998
vn -0.923508 0.376703 0.072301
vn -0.994272 -0.104897 -0.020499
vn -0.925211 0.376405 0.048001
vn -0.995650 -0.092395 -0.011999
vn -0.576182 -0.810075 -0.108597
vn -0.233407 -0.964128 -0.126404
vn -0.091602 -0.987326 -0.129603
vn -0.026500 -0.991612 -0.126502
vn -0.030001 -0.997342 -0.066403
vn -0.080998 -0.994573 -0.065298
vn -0.234709 -0.970137 -0.061202
vn -0.604085 -0.795381 -0.049499
vn -0.929990 0.367396 0.011800
vn -0.905904 0.422502 0.028800
vn -0.073903 -0.997241 -0.007000
vn -0.993903 -0.110200 -0.003600
vn -0.019399 -0.999362 -0.029999
vn -0.234895 -0.971979 -0.009000
vn -0.606302 -0.795202 -0.007200
vn -0.025600 -0.999618 0.010400
vn -0.017199 -0.999852 0.000400
vn -0.995265 -0.097197 0.000100
vn -0.091704 -0.995745 0.009100
vn -0.234895 -0.971980 0.008900
vn -0.606302 -0.795203 0.007100
vn -0.092097 -0.993965 0.059598
vn -0.918456 0.395524 -0.000100
vn -0.994164 -0.107796 0.004300
vn -0.017901 -0.998050 0.059803
vn -0.234803 -0.970311 0.058001
vn -0.604174 -0.795465 0.046998
vn -0.087398 -0.982880 0.162197
vn -0.910614 0.412407 -0.026500
vn -0.922594 0.385598 -0.011600
vn -0.994555 -0.103295 0.013799
vn -0.037601 -0.984932 0.168805
vn -0.232393 -0.959472 0.159395
vn -0.032101 -0.992636 0.116804
vn -0.917752 0.392379 -0.061397
vn -0.091699 -0.988890 0.116999
vn -0.233795 -0.965580 0.113998
vn -0.572401 -0.813902 0.099600
vn -0.923947 0.374419 -0.078304
vn -0.917962 0.394084 -0.045198
vn -0.995827 -0.089302 0.018801
vn -0.567884 -0.805278 0.170395
vn -0.230804 -0.951116 0.205203
vn -0.087899 -0.973591 0.210698
vn -0.029500 -0.968184 0.248496
vn -0.010301 -0.978748 0.204810
vn -0.007400 -0.987948 0.154608
vn -0.912387 0.398294 -0.094399
vn -0.089795 -0.964645 0.247786
vn -0.228892 -0.942868 0.242092
vn -0.594589 -0.778785 0.199896
vn -0.995528 -0.091503 0.023501
vn -0.916347 0.387720 -0.099905
vn -0.031500 -0.961100 0.274400
vn -0.583629 -0.780939 0.222511
vn -0.088399 -0.957888 0.273197
vn -0.226298 -0.936693 0.267198
vn -0.911902 0.394801 -0.112100
vn -0.996053 -0.085396 0.024199
vn -0.226792 -0.938267 0.261191
vn -0.034200 -0.962811 0.268003
vn -0.922192 0.372597 -0.103599
vn -0.086504 -0.959747 0.267213
vn -0.591379 -0.776873 0.216192
vn -0.032200 -0.957090 0.287997
vn -0.081398 -0.953774 0.289292
vn -0.236807 -0.929728 0.282008
vn -0.569792 -0.786389 0.238597
vn -0.215394 -0.914273 0.343090
vn -0.903606 0.409903 -0.124401
vn -0.013200 -0.956666 0.290890
vn -0.068399 -0.941290 0.330597
vn -0.522396 -0.803594 0.285198
vn -0.903689 0.403995 -0.141898
vn -0.032001 -0.947616 0.317805
vn -0.184806 -0.931428 0.313510
vn -0.992898 -0.113000 0.037200
vn -0.020001 -0.939629 0.341610
vn -0.091501 -0.932307 0.349903
vn -0.593326 -0.753833 0.282312
vn -0.038398 -0.956654 0.288686
vn -0.208600 -0.933299 0.292300
vn -0.085003 -0.948933 0.303811
vn -0.033500 -0.935211 0.352504
vn -0.914390 0.380696 -0.137699
vn -0.908810 0.390304 -0.147402
vn -0.994956 -0.093896 0.035298
vn -0.998353 -0.056297 0.010999
vn -0.596798 -0.777298 0.199099
vn -0.202406 -0.952029 0.229507
vn -0.036200 -0.971803 0.233001
vn -0.100003 0.047902 0.993833
vn -0.048801 0.050701 0.997521
vn 0.016200 0.052799 0.998474
vn 0.095900 0.048600 0.994204
vn 0.052700 0.044800 0.997605
vn -0.094396 0.018799 0.995357
vn -0.048598 0.018199 0.998653
vn 0.018400 0.016400 0.999696
vn -0.019000 0.021200 0.999595
vn 0.091099 0.017700 0.995685
vn 0.159206 0.044602 0.986237
vn 0.152996 0.017500 0.988072
vn -0.153693 0.017899 0.987956
vn -0.160597 0.045299 0.985980
vn 0.100003 0.047902 -0.993833
vn -0.999944 0.010600 0.000100
vn -0.999998 0.001800 -0.000000
vn 0.999998 0.001900 0.000100
vn 0.048801 0.050701 -0.997521
vn -0.016200 0.052799 -0.998474
vn -0.095900 0.048600 -0.994204
vn -0.052700 0.044800 -0.997605
vn 0.094396 0.018799 -0.995357
vn 0.048602 0.018301 -0.998651
vn -0.018400 0.016400 -0.999696
vn 0.019000 0.021200 -0.999595
vn -0.091099 0.017700 -0.995685
vn -0.159206 0.044602 -0.986237
vn -0.152996 0.017500 -0.988072
vn 0.153693 0.017899 -0.987956
vn 0.160597 0.045299 -0.985980
vn -0.548888 0.029299 -0.835382
vn -0.999938 0.011100 -0.000100
vn -0.999998 0.002000 -0.000100
vn -0.370393 0.035899 -0.928181
vn -0.977020 0.015200 -0.212604
vn -0.869906 0.020200 -0.492803
vn -0.998581 0.011900 -0.051899
vn -0.998547 0.012101 0.052502
vn -0.355403 0.014000 -0.934608
vn -0.706801 0.012500 -0.707301
vn -0.996712 0.002000 -0.081001
vn -0.237793 0.059798 -0.969473
vn -0.229392 0.022799 -0.973067
vn -0.976535 0.015401 0.214808
vn -0.752295 0.013100 0.658696
vn -0.603619 0.034501 0.796526
vn -0.407215 0.023401 0.913033
vn -0.919400 0.009900 0.393200
vn -0.541976 0.014899 0.840262
vn 0.548888 0.029299 0.835382
vn -0.423018 0.059903 0.904139
vn -0.272608 0.043801 0.961128
vn -0.260387 0.017199 0.965351
vn 0.370393 0.035899 0.928181
vn 0.976999 0.015200 0.212700
vn 0.869906 0.020200 0.492803
vn 0.998606 0.012000 0.051400
vn 0.998522 0.012000 -0.053001
vn 0.355403 0.014000 0.934608
vn 0.706701 0.012500 0.707401
vn 0.996655 0.002000 0.081696
vn 0.237792 0.059898 0.969467
vn 0.229392 0.022799 0.973067
vn 0.976535 0.015401 -0.214808
vn 0.392603 0.038400 -0.918906
vn 0.603619 0.034501 -0.796526
vn 0.752344 0.013201 -0.658638
vn 0.919348 0.009901 -0.393321
vn 0.542021 0.014901 -0.840233
vn 0.378990 0.015200 -0.925276
vn 0.256201 0.042200 -0.965702
vn 0.245607 0.016600 -0.969227
vn -0.132799 0.719197 -0.681997
vn -0.562266 0.574865 -0.594464
vn -0.288293 0.653384 -0.699983
vn -0.041399 0.532391 -0.845486
vn 0.529568 0.551567 0.644462
vn 0.178210 0.505127 0.844445
vn 0.079896 0.579068 0.811355
vn 0.022401 0.576429 0.816840
vn 0.015700 0.486398 0.873596
vn 0.668291 0.537293 0.514493
vn 0.001800 0.553476 0.832863
vn -0.001700 0.551187 0.834380
vn -0.050001 0.459607 0.886714
vn -0.008600 0.616835 -0.787045
vn -0.005900 0.932474 -0.361190
vn -0.032900 0.938611 -0.343404
vn -0.029201 0.964649 -0.261913
vn -0.034000 0.978589 -0.202998
vn 0.977978 0.002300 -0.208695
vn 0.025399 0.977758 -0.208191
vn 0.742375 0.003000 -0.669978
vn 0.546294 0.002300 -0.837590
vn 0.971376 0.132297 -0.197295
vn 0.906392 0.369197 -0.205298
vn 0.732635 0.264013 -0.627330
vn 0.538088 0.189196 -0.821381
vn 0.719477 0.671978 -0.175494
vn 0.402386 0.910069 -0.099297
vn 0.378178 0.854051 -0.357180
vn 0.971352 0.131707 0.197811
vn 0.905881 0.369392 0.207196
vn 0.860912 0.264804 0.434406
vn 0.599486 0.596486 0.533687
vn 0.380606 0.408106 0.829812
vn 0.504403 0.396202 0.767204
vn 0.718598 0.672498 0.177099
vn 0.061799 0.994989 0.078599
vn 0.214797 0.975086 0.055399
vn 0.150699 0.745893 0.648794
vn 0.236504 0.129102 0.963015
vn -0.371097 0.001800 0.928592
vn -0.971440 0.132105 0.197108
vn -0.732589 0.263996 0.627391
vn -0.348003 0.153101 0.924908
vn -0.719594 0.671695 0.176099
vn -0.402094 0.910187 0.099399
vn -0.378106 0.854114 0.357106
vn -0.282706 0.651814 0.703715
vn -0.239993 0.001400 0.970773
vn -0.977892 0.002300 -0.209098
vn -0.971288 0.131898 -0.197997
vn -0.915743 0.124406 -0.382018
vn -0.905719 0.370008 -0.206804
vn -0.860860 0.264688 -0.434580
vn -0.380606 0.408106 -0.829812
vn -0.718600 0.672600 -0.176700
vn -0.376103 0.854707 -0.357803
vn -0.401298 0.910495 -0.099799
vn -0.143094 0.913859 -0.379983
vn -0.198712 0.507130 -0.838649
vn -0.216804 0.974619 -0.055801
vn -0.236504 0.129102 -0.963015
vn -0.038899 0.961285 0.272796
vn -0.000800 -0.989823 0.142303
vn 0.005600 -0.983079 0.183096
vn 0.008000 -0.992251 0.123994
vn 0.003700 -0.995091 0.098899
vn -0.003200 -0.998647 0.051902
vn 0.005100 -0.998197 0.059800
vn 0.006400 -0.996240 0.086403
vn -0.004900 -0.999786 0.020100
vn 0.000900 -0.999870 0.016100
vn -0.013500 -0.999909 0.000600
vn -0.000700 -0.999962 -0.008700
vn 0.004500 -0.999981 -0.004300
vn -0.000000 -0.999942 -0.010800
vn -0.004200 -0.999991 -0.001100
vn -0.002500 -0.997641 -0.068603
vn -0.002000 -0.999670 -0.025599
vn 0.004000 -0.994012 -0.109201
vn -0.004400 -0.994021 -0.109102
vn 0.004900 -0.933867 -0.357587
vn 0.002900 -0.952025 -0.306008
vn 0.002700 -0.952093 -0.305798
vn -0.003100 -0.943801 -0.330500
vn 0.003500 -0.942496 -0.334199
vn 0.004300 -0.943094 -0.332498
vn -0.003000 -0.949783 -0.312894
vn -0.002000 -0.934644 -0.355579
vn -0.001200 -0.934183 -0.356793
vn -0.007700 -0.933838 -0.357614
vn 0.123596 0.633178 -0.764074
vn 0.117997 0.545784 -0.829576
vn 0.362215 0.505320 -0.783232
vn 0.545170 0.573069 -0.611867
vn 0.186699 0.700896 -0.688396
vn 0.637112 0.671713 -0.378007
vn 0.676076 0.669376 -0.307989
vn 0.768600 0.584200 -0.260700
vn 0.592788 0.655786 -0.467490
vn 0.235097 0.789389 -0.567092
vn 0.032101 0.813037 -0.581326
vn 0.680314 0.691814 -0.242005
vn 0.773983 0.597687 -0.209095
vn 0.796117 0.565812 -0.214605
vn 0.790629 0.586122 -0.177107
vn 0.170604 0.943823 -0.283007
vn 0.079801 0.959406 -0.270502
vn 0.126499 0.943493 -0.306298
vn 0.800525 0.576818 -0.162605
vn 0.500088 0.833480 -0.234994
vn 0.160697 0.949980 -0.267794
vn 0.800308 0.580806 -0.148901
vn 0.688914 0.697614 -0.196804
vn 0.298910 0.918431 -0.259109
vn 0.501102 0.838204 -0.215201
vn 0.156501 0.956603 -0.245801
vn 0.412608 0.895018 -0.169403
vn 0.040599 0.967987 -0.247697
vn 0.797293 0.596995 -0.088999
vn 0.563917 0.812424 -0.148204
vn 0.800936 0.585427 -0.125606
vn 0.706684 0.691684 -0.148897
vn 0.610595 0.771193 -0.180098
vn 0.823518 0.564012 -0.060901
vn 0.680024 0.721025 -0.133005
vn 0.754614 0.636912 -0.157803
vn 0.894194 0.447397 -0.015900
vn 0.858723 0.475913 -0.190005
vn 0.631986 0.695684 -0.341492
vn 0.611612 0.769415 0.184204
vn 0.883421 0.468511 -0.008000
vn 0.948388 0.317096 -0.003300
vn 0.874120 0.485711 0.000100
vn 0.871317 0.490710 0.003300
vn 0.892599 0.450800 0.006800
vn 0.878689 0.473494 0.060899
vn 0.866748 0.469526 0.168209
vn 0.811083 0.577588 0.092398
vn 0.695333 0.705234 0.138407
vn 0.366621 0.910151 0.192911
vn 0.782306 0.611305 0.119601
vn 0.523205 0.834607 0.172301
vn 0.679207 0.718808 0.148302
vn 0.702829 0.692028 0.164707
vn 0.805998 0.585999 0.083500
vn 0.623714 0.768217 0.144303
vn 0.788403 0.598402 0.142601
vn 0.496777 0.844260 0.201091
vn 0.158799 0.960195 0.229799
vn 0.671537 0.706139 0.224512
vn 0.672144 0.716047 0.188412
vn 0.463818 0.855633 0.229709
vn 0.787133 0.595425 0.160907
vn 0.081202 0.962322 0.259506
vn 0.270290 0.926164 0.262990
vn 0.471090 0.847582 0.244295
vn 0.652282 0.729080 0.207294
vn 0.074800 0.957606 0.278202
vn 0.789385 0.589689 0.170697
vn 0.261993 0.924375 0.277292
vn 0.500778 0.825764 0.259489
vn 0.117796 0.947367 0.297690
vn 0.677014 0.689114 0.258405
vn 0.787288 0.587291 0.187797
vn 0.245105 0.917817 0.312306
vn 0.456698 0.835596 0.305298
vn 0.119395 0.932565 0.340687
vn 0.660104 0.674804 0.330002
vn 0.769309 0.598207 0.224303
vn 0.430527 0.824452 0.367323
vn 0.779115 0.569411 0.262205
vn 0.230104 0.872615 0.430807
vn 0.637899 0.653599 0.407299
vn 0.406991 0.795183 0.449490
vn 0.196311 0.821447 0.535431
vn 0.368395 0.755190 0.542193
vn 0.560506 0.638907 0.526906
vn 0.676190 0.580691 0.453393
vn -0.494715 0.554317 0.669320
vn -0.449118 0.521720 0.725328
vn -0.720875 0.573880 0.388587
vn -0.052203 0.714444 0.697743
vn -0.668070 0.537776 0.514277
vn -0.201496 0.785985 0.584489
vn -0.576689 0.689187 0.438692
vn -0.481210 0.788117 0.383808
vn -0.642602 0.690102 0.332901
vn -0.788518 0.568713 0.234105
vn -0.517708 0.658510 0.546208
vn -0.391098 0.714596 0.579996
vn -0.783789 0.582992 0.213997
vn -0.652425 0.712727 0.257610
vn -0.785002 0.592001 0.182500
vn -0.296504 0.909712 0.290704
vn -0.696034 0.685933 0.212210
vn -0.663701 0.718901 0.206600
vn -0.145596 0.950877 0.273193
vn -0.484710 0.839718 0.244805
vn -0.790122 0.589816 0.166805
vn -0.471687 0.848676 0.239293
vn -0.480830 0.847952 0.223114
vn -0.785435 0.599427 0.154207
vn -0.256801 0.933005 0.252101
vn -0.479613 0.853722 0.202805
vn -0.806604 0.575703 0.134001
vn -0.668711 0.722512 0.175503
vn -0.288203 0.936811 0.198302
vn -0.802684 0.585389 0.114098
vn -0.366714 0.910135 0.192807
vn -0.664884 0.730582 0.155496
vn -0.622784 0.768480 0.146896
vn -0.806663 0.584573 0.086996
vn -0.820393 0.568195 0.064099
vn -0.750304 0.640504 0.163701
vn -0.836385 0.541590 -0.084498
vn -0.878610 0.472005 0.072501
vn -0.489525 0.851744 0.186810
vn -0.892775 0.450387 0.010200
vn -0.896810 0.442405 0.003100
vn -0.947778 0.318892 0.005000
vn -0.880449 0.474073 -0.008000
vn -0.886511 0.462706 -0.000800
vn -0.935855 0.352383 0.000900
vn -0.862786 0.501592 -0.063299
vn -0.789916 0.603213 -0.110302
vn -0.549831 0.776844 -0.306918
vn -0.824003 0.563302 -0.060900
vn -0.902981 0.394492 -0.170296
vn -0.323300 0.906901 -0.270200
vn -0.134298 0.958784 -0.250396
vn -0.412608 0.895018 -0.169403
vn -0.760879 0.642282 -0.092397
vn -0.563917 0.812424 -0.148204
vn -0.502186 0.845176 -0.182995
vn -0.309497 0.932191 -0.187698
vn -0.706684 0.691684 -0.148897
vn -0.690074 0.700974 -0.180093
vn -0.787615 0.602512 -0.129003
vn -0.273393 0.936875 -0.217994
vn -0.800190 0.580893 -0.149198
vn -0.504305 0.836409 -0.214702
vn -0.478174 0.844954 -0.239587
vn -0.687399 0.698399 -0.199300
vn -0.160191 0.949246 -0.270685
vn -0.499216 0.834727 -0.232408
vn -0.799365 0.578875 -0.160993
vn -0.685341 0.701542 -0.195312
vn -0.300412 0.918837 -0.255910
vn -0.791264 0.584874 -0.178392
vn -0.685864 0.695864 -0.212989
vn -0.780287 0.587490 -0.214496
vn -0.678734 0.690734 -0.249412
vn -0.659801 0.667301 -0.345501
vn -0.749097 0.591398 -0.298499
vn -0.458305 0.789509 -0.408205
vn -0.606469 0.669265 -0.429278
vn -0.777962 0.582472 -0.235589
vn -0.670990 0.686690 -0.279696
vn -0.441811 0.203505 0.873721
vn -0.195094 0.781678 -0.592383
vn -0.619330 0.169408 0.766637
vn -0.796917 0.131903 0.589513
vn -0.913291 0.092799 0.396596
vn -0.978549 0.067303 0.194710
vn -0.996711 0.058001 0.056601
vn -0.447909 0.419008 0.789816
vn -0.633986 0.352792 0.688185
vn -0.814428 0.274710 0.511118
vn -0.921358 0.202691 0.331685
vn -0.974014 0.156102 0.164102
vn -0.990508 0.126401 0.054000
vn -0.437722 0.606731 0.663534
vn -0.621216 0.555814 0.552414
vn -0.272089 0.097096 0.957361
vn -0.970332 0.232508 0.066302
vn -0.411201 0.086800 0.907403
vn -0.773066 0.054598 0.631972
vn -0.932051 0.346782 0.104994
vn -0.995120 0.030001 0.094002
vn -0.238887 0.804855 0.543270
vn -0.884977 0.407889 0.224594
vn -0.418410 0.762418 0.493612
vn -0.271607 0.653716 0.706318
vn -0.287390 0.475984 0.831172
vn -0.263392 0.212594 0.940972
vn -0.980818 0.067401 -0.182903
vn -0.993096 0.117300 -0.000600
vn -0.944777 0.327692 0.003900
vn -0.999262 0.038399 0.000800
vn -0.992182 0.124798 -0.000100
vn -0.978613 0.205703 -0.002000
vn -0.959348 0.282214 -0.002500
vn -0.469491 0.145397 -0.870883
vn -0.997453 0.071097 0.005800
vn -0.973807 0.165701 -0.155701
vn -0.482822 0.306214 -0.820437
vn -0.993582 0.108498 -0.031999
vn -0.928308 0.221002 -0.299003
vn -0.813738 0.304114 -0.495323
vn -0.599803 0.662903 -0.448102
vn -0.445716 0.680224 -0.581921
vn -0.934301 0.338300 -0.112400
vn -0.751849 0.568961 -0.333177
vn -0.592610 0.077901 -0.801714
vn -0.298585 0.483476 -0.822859
vn -0.302300 0.104200 -0.947500
vn -0.853612 0.500407 -0.144702
vn 0.913282 0.092898 -0.396592
vn 0.996665 0.057798 -0.057598
vn 0.634006 0.353104 -0.688007
vn 0.814500 0.274900 -0.510900
vn 0.921389 0.202698 -0.331596
vn 0.990514 0.126402 -0.053901
vn 0.784130 0.484419 -0.387915
vn 0.621309 0.556608 -0.551508
vn 0.970309 0.232602 -0.066301
vn 0.574525 0.070603 -0.815436
vn 0.773115 0.054601 -0.631912
vn 0.934872 0.334090 -0.119996
vn 0.995131 0.029301 -0.094103
vn 0.238796 0.807286 -0.539691
vn 0.902393 0.379297 -0.204499
vn 0.418494 0.764189 -0.490793
vn 0.263387 0.212689 -0.940952
vn 0.998317 0.058001 -0.000000
vn 0.950078 0.311993 -0.003600
vn 0.993073 0.117497 0.000100
vn 0.978592 0.205798 0.002000
vn 0.996703 0.058800 0.055900
vn 0.951832 0.306610 0.002600
vn 0.469406 0.145502 0.870912
vn 0.915325 0.097603 0.390710
vn 0.990253 0.129994 0.049998
vn 0.974651 0.169791 0.145693
vn 0.813707 0.303903 0.495504
vn 0.651168 0.388481 0.651968
vn 0.445822 0.678433 0.583928
vn 0.752094 0.568096 0.334098
vn 0.765408 0.059301 0.640807
vn 0.936564 0.042698 0.347887
vn 0.256696 0.677689 0.689089
vn 0.837005 0.511803 0.193601
vn -0.061900 0.371902 -0.926206
vn 0.099295 0.521976 -0.847161
vn 0.177703 0.512309 -0.840215
vn -0.113098 0.845482 -0.521889
vn -0.175601 0.164001 -0.970705
vn 0.061903 0.371316 0.926441
vn -0.018901 0.525916 0.850326
vn 0.052101 0.689811 0.722112
vn 0.150010 0.683944 0.713946
vn -0.056499 0.895880 0.440690
vn 0.009100 0.915072 0.403188
vn 0.113605 0.842536 0.526523
vn 0.023701 0.997850 0.061103
vn 0.087904 0.084404 -0.992547
vn -0.083702 0.408708 -0.908819
vn -0.138695 0.374086 -0.916964
vn 0.013801 0.950240 -0.311213
vn 0.135005 0.463917 -0.875531
vn 0.150599 0.001200 -0.988594
vn -0.990778 0.135497 -0.000100
vn 0.171902 0.985114 -0.000000
vn -0.047998 0.415186 0.908469
vn 0.053499 0.056299 0.996980
vn 0.138702 0.374206 0.916914
vn 0.935856 0.352383 0.000100
vn 0.731231 0.682129 0.000100
vn -0.811621 0.524613 -0.257007
vn 0.404681 0.914458 -0.000000
vn -0.830983 0.513990 -0.212796
vn -0.820370 0.519681 -0.238591
vn -0.781678 0.540385 -0.311391
vn -0.836687 0.511792 -0.194997
vn -0.825293 0.529895 -0.195198
vn -0.792276 0.546683 -0.270992
vn -0.839980 0.513488 -0.175396
vn -0.842943 0.514826 -0.156208
vn -0.836822 0.512814 -0.191705
vn -0.845288 0.517493 -0.132998
vn -0.851590 0.520494 -0.062299
vn -0.846367 0.518180 -0.123095
vn -0.850125 0.520515 -0.079702
vn -0.848113 0.519408 -0.104502
vn -0.853237 0.521523 0.000200
vn -0.853516 0.520910 0.012800
vn -0.844458 0.517274 0.138993
vn -0.853108 0.520605 0.034300
vn -0.853012 0.521307 0.024700
vn -0.851370 0.521282 0.058598
vn -0.853474 0.520984 0.012600
vn -0.848130 0.519519 0.103804
vn -0.850200 0.520300 0.080300
vn -0.846288 0.518592 0.121898
vn -0.837788 0.512093 0.189397
vn -0.843994 0.515096 0.149499
vn -0.842261 0.515976 0.156093
vn -0.840348 0.513829 0.172610
vn -0.792794 0.523996 0.311298
vn -0.817524 0.515715 0.256307
vn -0.832490 0.511294 0.213397
vn -0.765615 0.534811 0.357507
vn -0.781085 0.540490 0.312694
vn -0.337303 0.528705 0.778908
vn -0.550288 0.570388 0.609787
vn -0.644916 0.584814 0.492012
vn -0.604412 0.547310 0.578911
vn -0.743194 0.597295 0.301498
vn 0.766395 0.533296 0.358098
vn 0.797019 0.519512 0.308007
vn 0.788500 0.542800 0.289200
vn 0.845635 0.516821 0.133406
vn 0.781021 0.540515 0.312809
vn 0.838491 0.513695 0.181798
vn 0.841028 0.515117 0.165306
vn 0.843097 0.516098 0.151099
vn 0.844020 0.516112 0.145803
vn 0.844117 0.516010 0.145603
vn 0.844642 0.516726 0.139907
vn 0.847987 0.518092 0.111798
vn 0.846514 0.518409 0.121102
vn 0.850086 0.519492 -0.086499
vn 0.849311 0.520607 0.087401
vn 0.852813 0.521008 0.035501
vn 0.853196 0.521397 0.014200
vn 0.852903 0.521402 0.026400
vn 0.851303 0.521302 0.059400
vn 0.852933 0.522020 0.000200
vn 0.853090 0.520694 -0.033400
vn 0.853080 0.521588 -0.014200
vn 0.847837 0.518422 -0.111405
vn 0.851688 0.520393 -0.061799
vn 0.817776 0.533185 -0.216694
vn 0.845278 0.517587 -0.132697
vn 0.843800 0.516500 -0.145700
vn 0.842489 0.515693 -0.155798
vn 0.836185 0.512991 -0.193997
vn 0.839871 0.514782 -0.172094
vn 0.229088 0.491074 -0.840455
vn 0.791804 0.530203 -0.303202
vn 0.819264 0.518777 -0.244289
vn 0.783958 0.527972 -0.326582
vn 0.837366 0.518179 -0.174093
vn 0.327787 0.518479 -0.789769
vn 0.580426 0.569926 -0.581627
vn 0.433509 0.504910 -0.746415
vn 0.610478 0.581379 -0.537880
vn 0.660170 0.548475 -0.513177
vn 0.769489 0.566292 -0.295296
vn 0.726101 0.548301 -0.414901
vn 0.193303 0.479808 -0.855814
vn 0.520401 0.511601 -0.683701
vn 0.791663 0.542975 -0.280087
vn 0.771315 0.567611 -0.287906
vn 0.756560 0.594769 -0.271786
vn 0.390301 0.549801 -0.738501
vn 0.015301 0.229308 0.973234
vn -0.015000 0.229805 0.973121
vn 0.715634 0.555426 0.423520
vn 0.550304 0.563105 0.616505
vn 0.627834 0.540029 0.560530
vn 0.393382 0.481078 0.783464
vn 0.743217 0.597313 0.301407
vn 0.055802 0.504118 -0.861830
vn -0.576483 0.577483 -0.578083
vn -0.605988 0.588788 -0.534889
vn -0.324579 0.519766 -0.790248
vn -0.422609 0.564912 -0.708715
vn -0.799092 0.569794 -0.191798
vn -0.796537 0.558426 -0.231711
vn -0.750867 0.541876 -0.377583
vn -0.518182 0.519682 -0.679277
vn -0.388387 0.555981 -0.734875
vn -0.510679 0.589376 -0.625974
vn -0.618871 0.626071 -0.474378
vn -0.187710 -0.972452 0.138207
vn -0.972196 -0.066600 -0.224499
vn -0.834010 0.464606 -0.297604
vn -0.391595 -0.914388 -0.102699
vn -0.886376 -0.018700 -0.462588
vn -0.770223 0.454213 -0.447713
vn -0.552984 -0.716180 -0.425788
vn -0.538617 0.014400 -0.842427
vn -0.359190 -0.830577 -0.425588
vn -0.851837 0.501022 -0.152807
vn -0.261486 0.136193 -0.955550
vn -0.035701 -0.894915 -0.444807
vn -0.062899 0.147998 -0.986985
vn -0.148402 -0.413105 -0.898511
vn 0.061702 -0.428513 -0.901427
vn -0.045599 -0.971169 -0.233992
vn 0.159594 -0.420884 -0.892965
vn 0.490607 -0.863812 -0.114602
vn 0.944352 -0.323784 0.057997
vn 0.873855 -0.217589 0.434778
vn 0.960918 0.017100 0.276305
vn 0.202702 -0.979211 -0.007600
vn 0.432676 -0.899650 0.058497
vn 0.139098 -0.989983 0.024200
vn 0.022200 -0.996981 -0.074399
vn 0.530207 -0.194702 0.825210
vn 0.244500 -0.352001 0.903502
vn 0.051899 -0.590194 0.805592
vn 0.012500 -0.901267 0.433084
vn -0.103601 -0.846009 0.523006
vn 0.306605 -0.698212 -0.646911
vn 0.543481 0.073797 -0.836171
vn 0.731510 0.017400 -0.681609
vn 0.034699 -0.997765 0.057098
vn 0.397304 -0.911310 -0.108001
vn 0.972226 -0.065102 -0.224806
vn 0.577213 -0.816318 -0.021200
vn 0.837825 0.458013 -0.297109
vn 0.186993 -0.974466 0.124296
vn 0.477804 -0.872606 0.101301
vn 0.269711 0.058902 -0.961138
vn 0.856511 0.493606 -0.150802
vn 0.076701 -0.951915 0.296605
vn 0.920013 0.370805 -0.126802
vn 0.105204 -0.968637 0.225109
vn 0.602879 -0.772773 0.198393
vn 0.998372 -0.055998 0.010800
vn 0.912641 0.382517 -0.144106
vn 0.994566 -0.097497 0.036499
vn 0.577338 -0.779751 0.242216
vn 0.897003 0.416901 -0.146900
vn 0.191999 -0.936793 0.292498
vn 0.994875 -0.096498 0.030199
vn 0.923202 0.366801 -0.114700
vn 0.090799 -0.958486 0.270296
vn 0.589324 -0.777532 0.219409
vn 0.202910 -0.942146 0.266813
vn 0.910819 0.397208 -0.112402
vn 0.854578 0.499787 -0.141096
vn 0.995480 -0.091398 0.025799
vn 0.594302 -0.779003 0.199901
vn 0.995537 -0.091403 0.023501
vn 0.918720 0.382608 -0.097802
vn 0.088404 -0.982440 0.164307
vn 0.858060 0.497677 -0.126694
vn 0.232510 -0.959442 0.159407
vn 0.911787 0.405094 -0.067399
vn 0.994532 -0.103503 0.013900
vn 0.230809 -0.951135 0.205108
vn 0.995816 -0.089401 0.018900
vn 0.924801 0.372200 -0.078800
vn 0.572401 -0.813902 0.099600
vn 0.918372 0.392988 -0.046399
vn 0.023699 -0.997959 0.059298
vn 0.027599 -0.992171 0.121796
vn 0.028599 -0.999561 0.007800
vn 0.910614 0.412407 -0.026500
vn 0.994141 -0.108004 0.004300
vn 0.922559 0.385683 -0.011599
vn 0.234895 -0.971980 0.008900
vn 0.028399 -0.999565 -0.007900
vn 0.995246 -0.097395 0.000100
vn 0.918383 0.395693 -0.000100
vn 0.014299 -0.999863 0.008300
vn 0.089899 -0.993988 -0.062499
vn 0.014300 -0.999870 -0.007500
vn 0.021799 -0.997568 -0.066198
vn 0.929908 0.367603 0.011800
vn 0.905866 0.422584 0.028799
vn 0.993881 -0.110398 -0.003600
vn 0.926535 0.369214 0.072203
vn 0.994039 -0.106904 -0.021401
vn 0.088897 -0.987469 -0.130396
vn 0.576229 -0.810040 -0.108605
vn 0.995630 -0.092603 -0.012100
vn 0.925176 0.376490 0.047999
vn 0.207994 -0.950875 -0.229294
vn 0.069001 -0.974721 -0.212505
vn 0.563230 -0.807942 -0.173209
vn 0.927074 0.363390 0.092097
vn 0.908381 0.408692 0.088398
vn 0.992968 -0.114696 -0.029299
vn 0.028299 -0.960658 -0.276288
vn 0.903413 0.413006 0.115202
vn 0.072897 -0.962259 -0.262189
vn 0.581088 -0.785284 -0.213696
vn 0.923623 0.368209 0.106503
vn 0.994633 -0.099403 -0.028701
vn 0.592624 -0.773732 -0.223909
vn 0.224507 -0.936029 -0.271009
vn 0.077899 -0.957592 -0.277398
vn 0.037399 -0.955076 -0.293993
vn 0.904814 0.406706 0.126102
vn 0.921329 0.368512 0.123904
vn 0.073699 -0.951184 -0.299695
vn 0.010700 -0.958109 -0.286203
vn 0.993538 -0.107604 -0.036101
vn 0.901736 0.405316 0.150306
vn 0.018200 -0.939521 -0.342008
vn 0.014201 -0.949444 -0.313615
vn 0.995295 -0.090500 -0.034600
vn 0.906439 0.393917 0.152307
vn 0.621132 -0.749438 -0.229212
vn 0.907563 0.401284 0.123695
vn 0.999854 -0.016999 0.001800
vn -0.367192 -0.248695 0.896282
vn -0.532090 -0.215196 0.818884
vn -0.148299 -0.980793 0.126699
vn -0.139196 -0.989969 0.024199
vn -0.873855 -0.217389 0.434878
vn -0.432595 -0.899689 0.058499
vn -0.960893 0.017000 0.276398
vn -0.944311 -0.323904 0.058001
vn -0.621179 -0.749374 -0.229292
vn -0.214893 -0.926269 -0.309590
vn -0.906439 0.393917 0.152307
vn -0.593311 -0.752414 -0.286105
vn -0.030698 -0.933454 -0.357382
vn -0.085801 -0.930613 -0.355805
vn -0.210900 -0.913198 -0.348699
vn -0.025700 -0.944708 -0.326903
vn -0.911330 0.393213 0.121904
vn -0.225100 -0.929300 -0.292800
vn -0.551367 -0.794852 -0.253385
vn -0.995328 -0.091903 -0.029601
vn -0.920427 0.375411 0.109003
vn -0.590029 -0.775539 -0.224511
vn -0.907168 0.405286 0.113096
vn -0.227790 -0.939458 -0.255989
vn -0.913658 0.393582 0.101595
vn -0.995167 -0.094797 -0.025599
vn -0.228996 -0.944983 -0.233596
vn -0.570707 -0.802809 -0.172602
vn -0.917258 0.387782 0.090896
vn -0.909360 0.406982 0.086196
vn -0.230391 -0.950763 -0.207292
vn -0.087698 -0.973175 -0.212695
vn -0.927377 0.367691 0.069098
vn -0.927651 0.370580 0.046198
vn -0.576229 -0.810040 -0.108605
vn -0.233410 -0.964140 -0.126305
vn -0.088897 -0.987469 -0.130396
vn -0.079102 -0.994719 -0.065401
vn -0.604197 -0.795296 -0.049500
vn -0.015200 -0.997417 -0.070201
vn -0.906368 0.421485 0.029099
vn -0.013200 -0.999564 -0.026399
vn -0.904158 0.427180 0.003900
vn -0.995275 -0.097098 0.000100
vn -0.017400 -0.999807 0.009100
vn -0.090503 -0.994129 0.059302
vn -0.917023 0.398810 -0.004300
vn -0.994174 -0.107697 0.004300
vn -0.023800 -0.997799 0.061900
vn -0.234801 -0.970305 0.058100
vn -0.912908 0.406704 -0.034500
vn -0.011900 -0.999567 0.026899
vn -0.926803 0.375301 -0.013600
vn -0.994565 -0.103196 0.013800
vn -0.232488 -0.959450 0.159392
vn -0.029801 -0.992918 0.115002
vn -0.911878 0.404890 -0.067398
vn -0.090496 -0.988954 0.117394
vn -0.572334 -0.813949 0.099606
vn -0.924892 0.371997 -0.078699
vn -0.926792 0.372597 -0.047200
vn -0.995836 -0.089203 0.018801
vn -0.567930 -0.805243 0.170409
vn -0.230809 -0.951135 0.205108
vn -0.010400 -0.978747 0.204810
vn -0.913643 0.393718 -0.101205
vn -0.860350 0.493729 -0.126607
vn -0.583695 -0.780893 0.222498
vn -0.911777 0.395090 -0.112097
vn -0.226697 -0.938288 0.261197
vn -0.922369 0.372188 -0.103497
vn -0.086603 -0.959739 0.267211
vn -0.591425 -0.776833 0.216209
vn -0.903577 0.410090 -0.123997
vn -0.522569 -0.803452 0.285283
vn -0.909913 0.391905 -0.135902
vn -0.031901 -0.947619 0.317806
vn -0.992883 -0.113098 0.037299
vn -0.091497 -0.932274 0.349990
vn -0.593391 -0.753788 0.282296
vn -0.918779 0.372192 -0.131597
vn -0.907741 0.392518 -0.148107
vn -0.994953 -0.093896 0.035398
vn -0.596909 -0.777212 0.199103
vn -0.999933 0.011600 0.000100
vn -0.999938 0.011100 0.000400
vn -0.976999 0.015200 -0.212700
vn -0.869972 0.020299 -0.492684
vn -0.998303 0.012400 -0.056900
vn -0.998542 0.012101 0.052602
vn -0.706902 0.012500 -0.707202
vn -0.996728 0.002000 -0.080802
vn -0.976561 0.015399 0.214691
vn -0.392603 0.038400 0.918906
vn -0.752294 0.013200 0.658695
vn -0.542021 0.014901 0.840233
vn -0.378990 0.015200 0.925276
vn -0.256201 0.042200 0.965702
vn -0.245701 0.016600 0.969204
vn 0.977041 0.015201 0.212509
vn 0.869862 0.020299 0.492878
vn 0.998637 0.012000 0.050802
vn 0.998470 0.011900 -0.053998
vn 0.355316 0.014001 0.934641
vn 0.706801 0.012500 0.707301
vn 0.996589 0.002000 0.082499
vn 0.229392 0.022899 0.973065
vn 0.976561 0.015399 -0.214691
vn 0.752294 0.013200 -0.658695
vn 0.919364 0.009900 -0.393284
s 0
usemtl metal
f 2//1 4//1 1//1
f 1//1 4//1 3//1
usemtl metal
f 188//2 128//2 13//2
f 188//3 7//3 126//3
f 188//4 126//4 127//4
f 188//5 127//5 128//5
f 763//6 1002//6 1001//6
f 547//7 569//7 1002//7
f 189//8 1310//8 574//8
f 1005//9 575//9 1310//9
f 1298//10 566//10 1299//10
f 566//11 559//11 1299//11
f 162//12 70//12 562//12
f 779//13 163//13 1298//13
f 567//14 1305//14 1304//14
f 777//15 1304//15 774//15
f 777//16 567//16 1304//16
f 12//17 476//17 474//17
f 67//18 476//18 760//18
f 67//19 59//19 58//19
f 67//20 475//20 59//20
f 475//21 761//21 169//21
f 759//22 169//22 761//22
f 153//23 468//23 467//23
f 797//24 783//24 1006//24
f 1006//25 65//25 526//25
f 1007//26 538//26 820//26
f 1542//27 20//27 1543//27
f 20//28 470//28 1543//28
f 10//29 459//29 125//29
f 172//30 18//30 459//30
f 1010//31 1011//31 787//31
f 1011//32 541//32 497//32
f 820//33 538//33 814//33
f 151//34 1012//34 462//34
f 449//35 450//35 452//35
f 175//36 451//36 450//36
f 451//37 457//37 452//37
f 452//38 457//38 56//38
f 146//39 147//39 451//39
f 147//40 454//40 1194//40
f 1194//41 1193//41 455//41
f 60//42 1013//42 477//42
f 1013//43 484//43 477//43
f 1013//44 478//44 484//44
f 1006//45 524//45 1014//45
f 122//46 258//46 140//46
f 28//47 261//47 285//47
f 285//48 271//48 276//48
f 140//49 1063//49 138//49
f 122//50 140//50 138//50
f 224//51 225//51 1063//51
f 225//52 257//52 25//52
f 225//53 224//53 238//53
f 257//54 225//54 253//54
f 1016//55 238//55 224//55
f 224//56 141//56 1016//56
f 253//57 238//57 244//57
f 1016//58 239//58 238//58
f 138//59 191//59 132//59
f 191//60 223//60 23//60
f 190//61 198//61 191//61
f 198//62 203//62 136//62
f 219//63 198//63 212//63
f 136//64 208//64 212//64
f 121//65 9//65 132//65
f 134//66 187//66 186//66
f 208//67 187//67 185//67
f 188//68 136//68 137//68
f 5//69 121//69 116//69
f 114//70 121//70 129//70
f 115//71 121//71 114//71
f 116//72 121//72 115//72
f 129//73 187//73 13//73
f 926//74 1017//74 927//74
f 881//75 1017//75 926//75
f 49//76 404//76 1018//76
f 196//77 1019//77 980//77
f 1019//78 211//78 937//78
f 1020//79 302//79 1021//79
f 879//80 836//80 1020//80
f 1020//81 308//81 302//81
f 1021//82 302//82 303//82
f 835//83 1021//83 303//83
f 878//84 1022//84 283//84
f 877//85 848//85 1023//85
f 283//86 1022//86 284//86
f 1026//87 330//87 1027//87
f 925//88 1026//88 267//88
f 1026//89 34//89 330//89
f 1027//90 330//90 268//90
f 267//91 1027//91 268//91
f 1029//92 308//92 1028//92
f 1028//93 308//93 836//93
f 923//94 1031//94 1030//94
f 923//95 905//95 1031//95
f 881//96 1030//96 49//96
f 976//97 1032//97 977//97
f 110//98 939//98 976//98
f 1032//99 342//99 944//99
f 934//100 1033//100 933//100
f 974//101 937//101 1033//101
f 1033//102 211//102 366//102
f 1034//103 231//103 875//103
f 1037//104 1038//104 295//104
f 973//105 972//105 1037//105
f 938//106 295//106 31//106
f 133//107 192//107 193//107
f 9//108 138//108 132//108
f 143//109 270//109 239//109
f 16//110 27//110 203//110
f 1039//111 239//111 27//111
f 244//112 1039//112 26//112
f 941//113 1040//113 940//113
f 971//114 941//114 111//114
f 971//115 1040//115 941//115
f 1040//116 342//116 341//116
f 940//117 341//117 359//117
f 1042//92 320//92 1041//92
f 1041//118 320//118 903//118
f 112//119 1044//119 969//119
f 1043//120 945//120 946//120
f 51//121 415//121 1047//121
f 108//122 1049//122 921//122
f 108//123 894//123 1049//123
f 1048//124 262//124 892//124
f 948//125 1051//125 947//125
f 968//126 948//126 112//126
f 968//127 1051//127 948//127
f 967//128 953//128 1051//128
f 1051//129 30//129 290//129
f 105//130 1052//130 920//130
f 105//131 884//131 1052//131
f 883//132 33//132 1053//132
f 1054//133 413//133 414//133
f 871//134 1054//134 839//134
f 870//135 875//135 1054//135
f 1054//136 231//136 413//136
f 839//137 414//137 51//137
f 868//138 857//138 1055//138
f 857//139 856//139 1056//139
f 235//140 429//140 1058//140
f 919//141 1059//141 884//141
f 888//142 887//142 1060//142
f 1060//143 32//143 300//143
f 883//144 300//144 33//144
f 45//145 379//145 1062//145
f 1063//146 226//146 184//146
f 29//147 1064//147 1016//147
f 271//148 143//148 1064//148
f 1065//149 39//149 949//149
f 961//150 245//150 965//150
f 246//151 376//151 1065//151
f 1066//152 30//152 953//152
f 1067//153 427//153 847//153
f 427//154 437//154 847//154
f 1069//155 1068//155 916//155
f 1069//156 1070//156 1068//156
f 298//157 299//157 1070//157
f 1070//158 299//158 887//158
f 887//159 299//159 32//159
f 1071//160 377//160 378//160
f 915//161 1071//161 889//161
f 1071//136 262//136 377//136
f 889//162 378//162 45//162
f 914//163 1072//163 894//163
f 913//164 265//164 1072//164
f 268//165 393//165 1075//165
f 1076//166 297//166 1077//166
f 911//167 1076//167 900//167
f 910//168 903//168 1076//168
f 1076//169 320//169 297//169
f 1077//170 297//170 298//170
f 900//171 1077//171 298//171
f 958//172 1079//172 963//172
f 275//173 40//173 1080//173
f 1080//174 344//174 1078//174
f 955//175 1078//175 954//175
f 855//176 1081//176 865//176
f 855//177 279//177 1081//177
f 280//178 36//178 1082//178
f 1084//179 1085//179 1083//179
f 284//180 440//180 1085//180
f 1086//153 391//153 904//153
f 391//181 401//181 904//181
f 140//182 260//182 183//182
f 140//183 28//183 259//183
f 360//184 361//184 1089//184
f 1091//185 341//185 342//185
f 31//186 1087//186 296//186
f 365//187 357//187 358//187
f 365//188 358//188 1093//188
f 1093//189 359//189 362//189
f 1096//190 1098//190 1095//190
f 1097//191 1098//191 1096//191
f 368//192 355//192 363//192
f 354//193 353//193 1094//193
f 211//194 356//194 1097//194
f 1097//195 356//195 1098//195
f 1098//196 357//196 365//196
f 336//197 335//197 1100//197
f 352//198 338//198 335//198
f 340//199 31//199 295//199
f 1101//200 1102//200 354//200
f 350//201 349//201 1101//201
f 334//202 333//202 1103//202
f 42//109 368//109 348//109
f 1105//203 350//203 1104//203
f 345//204 1104//204 346//204
f 38//205 1107//205 331//205
f 40//206 1112//206 344//206
f 374//207 375//207 1113//207
f 375//208 348//208 372//208
f 1114//209 1116//209 1115//209
f 1115//210 1116//210 346//210
f 343//211 373//211 40//211
f 343//212 1114//212 373//212
f 346//213 347//213 1117//213
f 1123//214 268//214 330//214
f 402//215 397//215 394//215
f 397//216 398//216 1124//216
f 1125//217 50//217 393//217
f 1127//218 1128//218 389//218
f 390//219 389//219 1126//219
f 400//220 401//220 1127//220
f 1129//221 392//221 399//221
f 399//222 392//222 50//222
f 328//223 329//223 1130//223
f 47//109 403//109 402//109
f 386//224 1131//224 1132//224
f 48//225 1131//225 385//225
f 1131//226 404//226 388//226
f 1132//227 388//227 389//227
f 298//228 323//228 299//228
f 321//229 384//229 324//229
f 324//230 325//230 1134//230
f 1135//231 1136//231 382//231
f 46//232 1135//232 381//232
f 405//233 385//233 1135//233
f 385//234 386//234 1136//234
f 319//235 1137//235 320//235
f 407//236 408//236 1141//236
f 1138//237 298//237 297//237
f 380//238 1142//238 406//238
f 379//239 409//239 1142//239
f 45//240 409//240 379//240
f 1144//241 1147//241 1146//241
f 1144//242 1145//242 1147//242
f 377//243 262//243 1145//243
f 1145//244 412//244 381//244
f 381//245 382//245 1148//245
f 383//246 47//246 411//246
f 1154//247 235//247 318//247
f 438//248 433//248 430//248
f 433//249 434//249 1155//249
f 1156//250 55//250 429//250
f 1158//251 1159//251 425//251
f 426//252 425//252 1157//252
f 436//253 437//253 1158//253
f 1160//254 428//254 435//254
f 435//255 428//255 55//255
f 316//256 317//256 1161//256
f 53//109 439//109 438//109
f 422//257 1162//257 1163//257
f 54//258 1162//258 421//258
f 1162//259 440//259 424//259
f 1163//260 424//260 425//260
f 303//261 311//261 304//261
f 309//262 420//262 312//262
f 312//263 313//263 1165//263
f 1166//264 1167//264 418//264
f 52//265 1166//265 417//265
f 441//266 421//266 1166//266
f 421//267 422//267 1167//267
f 307//268 1168//268 308//268
f 443//269 444//269 1172//269
f 1169//270 303//270 302//270
f 416//271 1173//271 442//271
f 415//272 445//272 1173//272
f 51//273 445//273 415//273
f 1175//274 1178//274 1177//274
f 1175//275 1176//275 1178//275
f 413//276 231//276 1176//276
f 1176//277 448//277 417//277
f 417//278 418//278 1179//278
f 419//279 53//279 447//279
f 861//280 1180//280 862//280
f 835//281 1180//281 861//281
f 303//282 304//282 1181//282
f 1181//283 304//283 833//283
f 833//284 304//284 35//284
f 111//285 1183//285 962//285
f 940//286 359//286 1184//286
f 1184//287 358//287 1182//287
f 196//288 1182//288 197//288
f 1185//289 1187//289 246//289
f 961//290 1185//290 245//290
f 960//291 1186//291 1185//291
f 860//292 1188//292 279//292
f 102//293 834//293 1188//293
f 1189//294 35//294 305//294
f 280//295 305//295 36//295
f 274//296 1190//296 275//296
f 959//297 274//297 958//297
f 959//298 1190//298 274//298
f 1190//299 39//299 343//299
f 275//300 343//300 40//300
f 1191//301 318//301 1192//301
f 859//302 1191//302 234//302
f 1191//303 37//303 318//303
f 1192//304 318//304 235//304
f 234//305 1192//305 235//305
f 182//306 490//306 489//306
f 182//307 489//307 488//307
f 1195//308 536//308 813//308
f 537//309 66//309 1195//309
f 1196//310 1197//310 1198//310
f 1197//311 62//311 511//311
f 182//312 488//312 1200//312
f 1199//313 62//313 800//313
f 147//314 1202//314 454//314
f 1204//315 148//315 147//315
f 1204//316 147//316 180//316
f 1206//317 1207//317 1208//317
f 1207//318 525//318 523//318
f 1211//319 508//319 507//319
f 175//320 177//320 17//320
f 174//321 459//321 176//321
f 18//322 176//322 459//322
f 174//323 175//323 458//323
f 458//324 450//324 124//324
f 470//325 152//325 151//325
f 149//326 173//326 150//326
f 173//327 471//327 151//327
f 1214//328 982//328 983//328
f 171//329 173//329 172//329
f 171//330 472//330 471//330
f 10//331 172//331 459//331
f 170//332 172//332 10//332
f 475//333 157//333 20//333
f 59//334 475//334 168//334
f 11//335 474//335 476//335
f 482//336 143//336 271//336
f 482//337 271//337 483//337
f 483//338 271//338 261//338
f 483//339 261//339 484//339
f 477//340 261//340 258//340
f 511//341 62//341 1219//341
f 1221//342 488//342 513//342
f 1222//343 513//343 514//343
f 1223//344 1224//344 514//344
f 490//345 515//345 1226//345
f 531//346 532//346 1233//346
f 985//347 1240//347 986//347
f 64//348 1243//348 984//348
f 509//349 987//349 1246//349
f 1245//350 988//350 1244//350
f 1251//351 1252//351 1253//351
f 983//352 1248//352 1247//352
f 982//353 464//353 1249//353
f 514//354 1256//354 504//354
f 514//355 504//355 1222//355
f 1269//356 1270//356 1268//356
f 63//357 1269//357 1276//357
f 527//358 500//358 1272//358
f 1271//359 501//359 496//359
f 1275//360 1276//360 499//360
f 498//361 1273//361 491//361
f 497//362 541//362 1274//362
f 493//363 499//363 494//363
f 1277//364 61//364 485//364
f 100//365 1277//365 806//365
f 782//366 1280//366 1279//366
f 96//367 782//367 1279//367
f 1278//368 527//368 789//368
f 826//369 821//369 1291//369
f 826//370 815//370 821//370
f 821//371 509//371 64//371
f 805//372 1285//372 460//372
f 1286//373 527//373 63//373
f 1289//374 535//374 534//374
f 1290//375 541//375 540//375
f 99//376 540//376 786//376
f 826//377 1291//377 822//377
f 821//378 510//378 1291//378
f 551//379 67//379 760//379
f 546//380 552//380 551//380
f 552//381 761//381 551//381
f 547//382 763//382 552//382
f 21//383 554//383 548//383
f 553//384 555//384 556//384
f 553//385 68//385 555//385
f 555//386 68//386 69//386
f 549//387 554//387 556//387
f 556//388 555//388 1292//388
f 1295//389 992//389 993//389
f 1295//390 1296//390 992//390
f 1294//391 561//391 1296//391
f 1296//392 994//392 992//392
f 562//393 995//393 1296//393
f 779//394 1298//394 775//394
f 162//395 563//395 70//395
f 994//396 1300//396 996//396
f 995//397 1300//397 994//397
f 563//398 999//398 1302//398
f 1305//399 561//399 1303//399
f 1303//400 571//400 570//400
f 566//401 557//401 558//401
f 1309//402 997//402 998//402
f 575//403 615//403 69//403
f 577//404 1310//404 576//404
f 576//405 1310//405 575//405
f 1318//406 75//406 576//406
f 758//407 693//407 609//407
f 610//408 77//408 81//408
f 694//409 79//409 1312//409
f 1312//410 636//410 691//410
f 1311//411 692//411 693//411
f 756//412 1313//412 695//412
f 756//413 708//413 1313//413
f 1313//414 707//414 85//414
f 755//415 1314//415 626//415
f 88//416 701//416 1314//416
f 700//417 78//417 638//417
f 1315//418 82//418 1316//418
f 754//419 1315//419 592//419
f 1316//420 82//420 663//420
f 592//421 1316//421 593//421
f 704//422 661//422 605//422
f 605//423 661//423 659//423
f 573//424 74//424 1318//424
f 752//425 1319//425 596//425
f 92//426 719//426 1319//426
f 90//427 712//427 1320//427
f 622//428 658//428 657//428
f 620//429 1320//429 621//429
f 749//430 1322//430 582//430
f 749//431 722//431 1322//431
f 721//432 653//432 84//432
f 633//433 22//433 573//433
f 600//434 615//434 1005//434
f 619//435 616//435 189//435
f 616//436 1005//436 1310//436
f 1323//437 682//437 1324//437
f 748//438 1323//438 630//438
f 1324//439 682//439 681//439
f 630//440 1324//440 631//440
f 1326//441 83//441 590//441
f 1325//442 589//442 588//442
f 625//443 612//443 619//443
f 608//444 616//444 612//444
f 91//445 1327//445 746//445
f 91//446 715//446 1327//446
f 1327//447 1315//447 699//447
f 745//448 588//448 701//448
f 593//449 660//449 704//449
f 1329//450 704//450 705//450
f 596//451 1331//451 1330//451
f 741//452 1330//452 708//452
f 1330//453 707//453 708//453
f 628//454 612//454 625//454
f 712//455 604//455 711//455
f 710//456 659//456 658//456
f 738//457 1332//457 715//457
f 737//458 609//458 1332//458
f 610//459 81//459 639//459
f 632//460 1340//460 628//460
f 620//461 621//461 1334//461
f 621//462 1335//462 1334//462
f 734//463 1334//463 722//463
f 622//464 657//464 654//464
f 622//465 654//465 1335//465
f 1335//466 653//466 721//466
f 1334//467 721//467 722//467
f 732//468 1336//468 733//468
f 732//469 626//469 1336//469
f 1336//470 1323//470 724//470
f 730//471 1339//471 731//471
f 630//472 631//472 1339//472
f 1338//473 727//473 728//473
f 76//474 1340//474 632//474
f 633//475 76//475 603//475
f 1342//476 634//476 1357//476
f 634//477 669//477 665//477
f 665//478 80//478 662//478
f 637//479 635//479 651//479
f 651//480 1343//480 1348//480
f 652//481 654//481 657//481
f 654//482 1345//482 653//482
f 1350//483 652//483 649//483
f 647//484 1350//484 1351//484
f 650//485 651//485 647//485
f 1351//486 649//486 648//486
f 647//487 1351//487 645//487
f 645//488 648//488 646//488
f 662//489 647//489 644//489
f 644//490 645//490 642//490
f 643//491 642//491 1352//491
f 662//492 644//492 641//492
f 639//493 1354//493 640//493
f 1353//494 663//494 82//494
f 639//495 1356//495 1354//495
f 1358//496 680//496 1359//496
f 635//497 1358//497 1343//497
f 1361//498 1362//498 1360//498
f 681//499 1361//499 676//499
f 682//500 678//500 1361//500
f 1361//501 678//501 1362//501
f 675//502 635//502 1363//502
f 675//503 676//503 677//503
f 671//504 1363//504 669//504
f 1363//505 637//505 80//505
f 80//506 637//506 662//506
f 688//507 669//507 634//507
f 1364//508 634//508 1342//508
f 1365//509 1366//509 1367//509
f 666//510 687//510 79//510
f 666//511 1365//511 687//511
f 85//512 689//512 1366//512
f 729//513 1368//513 629//513
f 725//514 1369//514 624//514
f 1369//515 733//515 623//515
f 726//516 732//516 1369//516
f 1370//517 723//517 617//517
f 617//518 734//518 722//518
f 723//519 751//519 734//519
f 720//520 1371//520 611//520
f 716//521 717//521 607//521
f 717//522 738//522 606//522
f 22//523 607//523 73//523
f 713//524 1372//524 598//524
f 1373//525 709//525 594//525
f 594//526 741//526 708//526
f 709//527 752//527 741//527
f 706//528 1374//528 591//528
f 702//529 703//529 587//529
f 703//530 745//530 586//530
f 574//531 587//531 189//531
f 607//532 1375//532 585//532
f 1375//533 746//533 584//533
f 606//534 91//534 1375//534
f 696//535 697//535 702//535
f 697//536 747//536 703//536
f 624//537 1376//537 729//537
f 619//538 624//538 625//538
f 696//539 1377//539 697//539
f 1377//540 749//540 697//540
f 577//541 618//541 696//541
f 618//542 617//542 1377//542
f 629//543 1378//543 720//543
f 1380//544 90//544 751//544
f 75//545 1379//545 1370//545
f 598//546 1380//546 1379//546
f 1382//547 92//547 752//547
f 632//548 1381//548 1373//548
f 611//549 1382//549 1381//549
f 591//550 1383//550 713//550
f 74//551 713//551 75//551
f 585//552 1384//552 706//552
f 73//553 706//553 74//553
f 587//554 586//554 725//554
f 586//555 755//555 726//555
f 189//556 725//556 619//556
f 581//557 1385//557 580//557
f 1385//558 756//558 580//558
f 595//559 594//559 1385//559
f 581//560 580//560 579//560
f 580//561 757//561 578//561
f 603//562 579//562 22//562
f 579//563 578//563 716//563
f 578//564 758//564 717//564
f 565//565 777//565 774//565
f 161//566 1389//566 1387//566
f 549//567 564//567 548//567
f 1386//568 779//568 1389//568
f 565//569 774//569 1391//569
f 564//570 1391//570 1390//570
f 569//571 1388//571 95//571
f 1386//572 1392//572 779//572
f 159//573 160//573 1395//573
f 1398//574 773//574 772//574
f 58//575 1399//575 784//575
f 1400//576 790//576 99//576
f 1402//577 790//577 1400//577
f 20//578 1404//578 168//578
f 544//579 791//579 98//579
f 1403//580 544//580 545//580
f 1409//581 990//581 1408//581
f 167//582 1412//582 543//582
f 1415//583 97//583 797//583
f 1417//584 805//584 802//584
f 146//585 801//585 180//585
f 1417//586 806//586 805//586
f 802//587 805//587 803//587
f 1418//588 1420//588 1419//588
f 1421//589 465//589 1422//589
f 1422//590 806//590 1417//590
f 177//591 1423//591 466//591
f 176//592 1423//592 177//592
f 1424//593 100//593 465//593
f 466//594 1424//594 465//594
f 1428//595 1429//595 808//595
f 149//596 179//596 18//596
f 1436//597 811//597 812//597
f 1436//598 799//598 811//598
f 1425//599 1433//599 807//599
f 457//600 816//600 56//600
f 479//601 155//601 1439//601
f 155//602 154//602 1441//602
f 57//603 453//603 1442//603
f 1443//604 101//604 826//604
f 1446//605 1447//605 989//605
f 1448//606 1449//606 154//606
f 483//607 1448//607 155//607
f 1449//608 814//608 828//608
f 1451//609 814//609 1449//609
f 1456//610 852//610 859//610
f 29//611 278//611 844//611
f 278//612 277//612 1456//612
f 1457//613 860//613 854//613
f 141//614 853//614 142//614
f 194//615 102//615 1457//615
f 854//616 860//616 855//616
f 1458//617 862//617 194//617
f 1460//618 864//618 281//618
f 858//619 863//619 1460//619
f 1459//620 281//620 282//620
f 1461//621 1462//621 277//621
f 1462//622 855//622 865//622
f 142//623 853//623 1461//623
f 277//624 865//624 852//624
f 850//625 866//625 1464//625
f 1064//626 849//626 276//626
f 1464//627 848//627 249//627
f 845//628 867//628 1466//628
f 29//629 844//629 1064//629
f 1466//630 851//630 850//630
f 282//631 1467//631 233//631
f 285//632 233//632 28//632
f 1468//633 870//633 871//633
f 840//634 841//634 1468//634
f 229//635 872//635 1470//635
f 1470//636 873//636 220//636
f 1471//637 1472//637 841//637
f 28//638 1471//638 840//638
f 28//639 233//639 1471//639
f 220//640 876//640 1474//640
f 1474//641 836//641 204//641
f 250//642 249//642 1475//642
f 249//643 878//643 858//643
f 276//644 1475//644 285//644
f 1475//645 858//645 1459//645
f 183//646 205//646 141//646
f 907//647 909//647 1477//647
f 26//648 906//648 244//648
f 1477//649 905//649 286//649
f 901//650 902//650 1478//650
f 902//651 911//651 269//651
f 1478//652 269//652 1483//652
f 898//653 912//653 1480//653
f 27//654 897//654 26//654
f 1480//655 908//655 907//655
f 1481//656 914//656 263//656
f 253//657 264//657 257//657
f 896//658 913//658 1481//658
f 263//659 914//659 108//659
f 1482//660 892//660 915//660
f 25//661 890//661 256//661
f 890//662 891//662 1482//662
f 1484//663 916//663 254//663
f 184//664 1483//664 139//664
f 269//665 109//665 1484//665
f 1483//666 254//666 1487//666
f 255//667 917//667 1486//667
f 25//668 256//668 226//668
f 1486//669 918//669 240//669
f 254//670 106//670 1488//670
f 16//671 1489//671 228//671
f 16//672 237//672 1489//672
f 1491//673 1492//673 891//673
f 1492//674 108//674 921//674
f 257//675 264//675 1491//675
f 891//676 921//676 892//676
f 240//677 922//677 1494//677
f 226//678 1493//678 184//678
f 1494//679 903//679 902//679
f 244//680 287//680 253//680
f 27//681 228//681 897//681
f 1496//682 927//682 896//682
f 1498//683 950//683 959//683
f 192//684 1497//684 956//684
f 957//685 959//685 958//685
f 951//686 1499//686 952//686
f 219//687 202//687 951//687
f 24//688 216//688 928//688
f 928//689 1500//689 929//689
f 273//690 1501//690 272//690
f 1501//691 958//691 963//691
f 272//692 963//692 113//692
f 1504//693 964//693 1503//693
f 193//694 248//694 15//694
f 193//695 273//695 1502//695
f 223//696 1505//696 243//696
f 223//697 951//697 1505//697
f 242//698 966//698 950//698
f 15//699 1507//699 134//699
f 248//700 247//700 1507//700
f 217//701 969//701 972//701
f 216//702 1509//702 215//702
f 214//703 217//703 1510//703
f 134//704 218//704 214//704
f 214//705 1510//705 213//705
f 936//706 974//706 1511//706
f 1511//707 975//707 209//707
f 1512//708 213//708 1513//708
f 135//709 214//709 1512//709
f 201//710 978//710 979//710
f 209//711 978//711 201//711
f 981//712 1516//712 453//712
f 453//713 1517//713 101//713
f 123//714 449//714 1013//714
f 1201//715 1013//715 449//715
f 56//716 478//716 1013//716
f 1193//717 481//717 480//717
f 468//718 1522//718 473//718
f 473//719 1523//719 97//719
f 521//720 520//720 1533//720
f 1539//721 65//721 783//721
f 170//722 467//722 171//722
f 1543//723 470//723 471//723
f 764//724 996//724 767//724
f 996//725 764//725 993//725
f 555//726 761//726 552//726
f 21//727 991//727 554//727
f 759//728 761//728 69//728
f 68//729 760//729 12//729
f 1548//730 776//730 166//730
f 1550//731 558//731 557//731
f 765//732 769//732 766//732
f 767//733 768//733 765//733
f 1560//734 1559//734 762//734
f 1004//2208 1003//2208 1001//2208 1002//2208
f 600//2379 608//2379 118//2379
f 600//2380 118//2380 119//2380
f 600//2381 119//2381 120//2381
f 600//2382 120//2382 8//2382
f 95//2383 1004//2383 1002//2383 569//2383
f 763//2384 547//2384 1002//2384
f 1006//2385 1014//2385 793//2385 797//2385
f 759//2386 69//2386 615//2386
f 566//2387 558//2387 559//2387
f 1298//2388 163//2388 566//2388
f 567//2389 162//2389 1305//2389
f 1305//2390 162//2390 562//2390
f 12//2391 760//2391 476//2391
f 67//2392 58//2392 476//2392
f 67//2393 761//2393 475//2393
f 11//2394 153//2394 170//2394
f 153//2395 467//2395 170//2395
f 1006//2396 783//2396 65//2396
f 530//2397 1007//2397 1008//2397 1009//2397
f 797//2398 97//2398 783//2398
f 1007//2399 832//2399 831//2399 1008//2399
f 832//2400 1007//2400 820//2400
f 539//2401 538//2401 1007//2401 530//2401
f 1009//2402 529//2402 530//2402
f 1010//2403 796//2403 795//2403 1011//2403
f 20//2404 157//2404 470//2404
f 788//2405 1010//2405 787//2405
f 796//2406 1010//2406 788//2406
f 1011//2407 795//2407 786//2407 540//2407
f 497//2408 498//2408 787//2408 1011//2408
f 1011//2409 540//2409 541//2409
f 539//2410 537//2410 156//2410 538//2410
f 538//2411 156//2411 830//2411 814//2411
f 147//2412 1194//2412 457//2412 451//2412
f 461//2413 151//2413 462//2413
f 461//2414 19//2414 151//2414
f 151//2415 152//2415 1012//2415
f 124//2416 450//2416 449//2416
f 449//2417 452//2417 1201//2417
f 450//2418 451//2418 452//2418
f 175//2419 17//2419 451//2419
f 451//2420 17//2420 145//2420
f 525//2421 456//2421 1014//2421 524//2421
f 145//2422 146//2422 451//2422
f 146//2423 180//2423 147//2423
f 57//2424 457//2424 1194//2424
f 1194//2425 454//2425 1193//2425
f 123//2426 1013//2426 60//2426
f 456//2427 794//2427 793//2427 1014//2427
f 480//2428 482//2428 483//2428 479//2428
f 1006//2429 526//2429 524//2429
f 1039//2430 244//2430 238//2430 239//2430
f 480//2431 1015//2431 482//2431
f 480//2432 481//2432 1015//2432
f 258//2433 261//2433 28//2433
f 285//2434 261//2434 271//2434
f 140//2435 224//2435 1063//2435
f 224//2436 183//2436 141//2436
f 253//2437 225//2437 238//2437
f 1016//2438 141//2438 142//2438
f 142//2439 29//2439 1016//2439
f 1016//2440 143//2440 239//2440
f 219//2441 223//2441 191//2441 198//2441
f 9//2442 122//2442 138//2442
f 138//2443 190//2443 191//2443
f 190//2444 184//2444 139//2444
f 203//2445 190//2445 139//2445 16//2445
f 190//2446 203//2446 198//2446
f 266//2447 265//2447 1017//2447 1018//2447
f 212//2448 198//2448 136//2448
f 203//2449 239//2449 136//2449
f 270//2450 137//2450 239//2450
f 132//2451 133//2451 186//2451
f 186//2452 121//2452 132//2452
f 133//2453 15//2453 186//2453
f 186//2454 15//2454 134//2454
f 134//2455 135//2455 187//2455
f 135//2456 185//2456 187//2456
f 187//2457 208//2457 136//2457
f 136//2458 188//2458 187//2458
f 121//2459 186//2459 129//2459
f 186//73 187//73 129//73
f 13//70 187//70 188//70
f 6//2460 130//2460 117//2460
f 130//2461 131//2461 117//2461
f 131//2462 601//2462 117//2462
f 14//2463 608//2463 601//2463
f 136//2464 239//2464 137//2464
f 185//2465 24//2465 208//2465
f 24//2466 212//2466 208//2466
f 1018//2467 1017//2467 881//2467 49//2467
f 913//2468 927//2468 265//2468
f 927//2469 1017//2469 265//2469
f 924//2470 881//2470 926//2470
f 48//2471 266//2471 1018//2471 404//2471
f 356//2472 1019//2472 197//2472 357//2472
f 196//2473 197//2473 1019//2473
f 980//2474 1019//2474 937//2474
f 930//2475 196//2475 980//2475
f 1020//2476 835//2476 880//2476 879//2476
f 1019//2477 356//2477 211//2477
f 835//2478 1020//2478 1021//2478
f 1023//2479 1022//2479 878//2479 877//2479
f 1020//2480 836//2480 308//2480
f 863//2481 878//2481 283//2481
f 437//2482 436//2482 1022//2482 1023//2482
f 1023//2483 848//2483 847//2483
f 1023//2484 847//2484 437//2484
f 931//2485 932//2485 1024//2485 1025//2485
f 284//2486 1022//2486 436//2486
f 932//2487 979//2487 978//2487 1024//2487
f 1024//2488 978//2488 975//2488 934//2488
f 1025//2489 1024//2489 934//2489 933//2489
f 367//2490 1025//2490 933//2490 44//2490
f 43//2491 931//2491 1025//2491 367//2491
f 1028//2492 836//2492 876//2492 1029//2492
f 267//2493 1026//2493 1027//2493
f 899//2494 925//2494 267//2494
f 925//2495 882//2495 1026//2495
f 1026//2496 882//2496 34//2496
f 838//2497 1029//2497 876//2497 873//2497
f 307//2498 1029//2498 837//2498 416//2498
f 838//2499 837//2499 1029//2499
f 1030//2500 881//2500 924//2500 923//2500
f 1029//2501 307//2501 308//2501
f 401//2502 400//2502 1030//2502 1031//2502
f 1031//2483 905//2483 904//2483
f 1031//2503 904//2503 401//2503
f 296//2504 1032//2504 938//2504 31//2504
f 49//2505 1030//2505 400//2505
f 939//2506 938//2506 1032//2506
f 977//2507 1032//2507 944//2507
f 976//2508 939//2508 1032//2508
f 1033//2509 934//2509 975//2509 974//2509
f 1032//2510 296//2510 342//2510
f 366//2511 44//2511 933//2511 1033//2511
f 1033//2512 937//2512 211//2512
f 1034//2513 875//2513 874//2513 1035//2513
f 1035//2514 1036//2514 1034//2514
f 843//2515 1035//2515 874//2515 869//2515
f 1036//2516 1035//2516 843//2516 842//2516
f 448//2517 1036//2517 842//2517 52//2517
f 231//2518 1034//2518 1036//2518 448//2518
f 1037//2519 939//2519 110//2519 973//2519
f 1037//2520 972//2520 946//2520
f 1037//2521 946//2521 1038//2521
f 294//2522 1038//2522 945//2522 293//2522
f 970//2523 946//2523 972//2523
f 946//2524 945//2524 1038//2524
f 295//2525 938//2525 939//2525 1037//2525
f 295//2526 1038//2526 294//2526
f 23//2527 192//2527 133//2527 191//2527
f 133//2528 193//2528 15//2528
f 132//2529 191//2529 133//2529
f 1041//2530 903//2530 922//2530 1042//2530
f 203//2531 27//2531 239//2531
f 26//2532 1039//2532 27//2532
f 971//2533 944//2533 1040//2533
f 1040//2534 944//2534 342//2534
f 940//2535 1040//2535 341//2535
f 886//2497 1042//2497 922//2497 918//2497
f 319//2536 1042//2536 885//2536 380//2536
f 886//2537 885//2537 1042//2537
f 945//2538 1043//2538 1044//2538 1045//2538
f 1042//2539 319//2539 320//2539
f 1043//2540 970//2540 969//2540 1044//2540
f 970//2541 1043//2541 946//2541
f 1045//2542 1044//2542 948//2542 947//2542
f 112//2543 948//2543 1044//2543
f 292//2544 1045//2544 947//2544 291//2544
f 293//2545 945//2545 1045//2545 292//2545
f 1047//2546 837//2546 838//2546 1046//2546
f 1046//2547 838//2547 873//2547 872//2547
f 1046//2548 872//2548 103//2548 839//2548
f 1047//2549 1046//2549 839//2549 51//2549
f 415//2550 416//2550 837//2550 1047//2550
f 1050//2551 1049//2551 894//2551 893//2551
f 1049//2552 1050//2552 1048//2552
f 921//2553 1048//2553 892//2553
f 921//2554 1049//2554 1048//2554
f 412//2555 1050//2555 893//2555 46//2555
f 262//2556 1048//2556 1050//2556 412//2556
f 290//2557 291//2557 947//2557 1051//2557
f 968//2558 967//2558 1051//2558
f 1051//2559 953//2559 30//2559
f 301//2560 34//2560 1052//2560 1053//2560
f 1053//2561 1052//2561 884//2561 883//2561
f 920//2562 34//2562 882//2562
f 920//2563 1052//2563 34//2563
f 1056//2564 842//2564 843//2564 1055//2564
f 1053//2565 33//2565 301//2565
f 839//2566 1054//2566 414//2566
f 103//2567 871//2567 839//2567
f 871//2568 870//2568 1054//2568
f 1054//2569 875//2569 231//2569
f 1055//2570 843//2570 869//2570 868//2570
f 1055//2571 857//2571 1056//2571
f 54//2572 441//2572 1056//2572 856//2572
f 868//2573 104//2573 857//2573
f 441//2574 52//2574 842//2574 1056//2574
f 1058//2575 252//2575 251//2575 1057//2575
f 1057//2576 251//2576 851//2576 867//2576
f 1057//2577 867//2577 846//2577 234//2577
f 1058//2578 1057//2578 234//2578 235//2578
f 429//2579 55//2579 252//2579 1058//2579
f 1060//2580 883//2580 884//2580 1059//2580
f 888//2581 1059//2581 919//2581 106//2581
f 1059//2582 888//2582 1060//2582
f 105//2583 919//2583 884//2583
f 1062//2584 885//2584 886//2584 1061//2584
f 1060//2585 887//2585 32//2585
f 883//2586 1060//2586 300//2586
f 1061//2547 886//2547 918//2547 917//2547
f 1061//2548 917//2548 107//2548 889//2548
f 1062//2587 1061//2587 889//2587 45//2587
f 379//2588 380//2588 885//2588 1062//2588
f 949//2589 966//2589 965//2589 1065//2589
f 138//2590 1063//2590 184//2590
f 138//2591 184//2591 190//2591
f 1063//2592 25//2592 226//2592
f 1063//2593 225//2593 25//2593
f 1016//2594 1064//2594 143//2594
f 276//2595 271//2595 1064//2595
f 245//2596 246//2596 1065//2596
f 966//2597 949//2597 950//2597
f 1066//2598 964//2598 113//2598 955//2598
f 965//2599 245//2599 1065//2599
f 246//2600 41//2600 376//2600
f 1065//2601 376//2601 39//2601
f 955//2602 954//2602 1066//2602
f 964//2603 1066//2603 953//2603
f 331//2604 1066//2604 954//2604 38//2604
f 847//2605 848//2605 866//2605 1067//2605
f 1066//2606 331//2606 30//2606
f 251//2607 1067//2607 866//2607 851//2607
f 428//2608 1067//2608 252//2608 55//2608
f 251//2609 252//2609 1067//2609
f 1068//2610 888//2610 106//2610 916//2610
f 1067//2611 428//2611 427//2611
f 1068//2612 1070//2612 887//2612
f 1070//2613 1069//2613 900//2613 298//2613
f 109//2614 1069//2614 916//2614
f 109//2615 900//2615 1069//2615
f 1073//2616 893//2616 894//2616 1072//2616
f 888//2617 1068//2617 887//2617
f 889//2618 1071//2618 378//2618
f 107//2619 915//2619 889//2619
f 915//2620 892//2620 1071//2620
f 1071//2621 892//2621 262//2621
f 266//2622 1073//2622 1072//2622 265//2622
f 108//2623 914//2623 894//2623
f 914//2624 913//2624 1072//2624
f 48//2625 405//2625 1073//2625 266//2625
f 405//2626 46//2626 893//2626 1073//2626
f 1075//2627 289//2627 288//2627 1074//2627
f 1074//2576 288//2576 908//2576 912//2576
f 1074//2577 912//2577 899//2577 267//2577
f 1075//2628 1074//2628 267//2628 268//2628
f 393//2629 50//2629 289//2629 1075//2629
f 1078//2630 955//2630 113//2630 963//2630
f 900//2631 1076//2631 1077//2631
f 109//2632 911//2632 900//2632
f 911//2633 910//2633 1076//2633
f 1076//2634 903//2634 320//2634
f 1079//2635 1080//2635 1078//2635
f 1080//2636 1079//2636 274//2636 275//2636
f 963//2637 1079//2637 1078//2637
f 958//2638 274//2638 1079//2638
f 344//2639 38//2639 954//2639 1078//2639
f 1080//2640 40//2640 344//2640
f 306//2641 37//2641 1081//2641 1082//2641
f 1082//2642 1081//2642 279//2642 280//2642
f 865//2643 37//2643 852//2643
f 865//2644 1081//2644 37//2644
f 1083//2645 857//2645 104//2645 864//2645
f 1082//2646 36//2646 306//2646
f 1083//2647 1085//2647 856//2647
f 1083//2648 864//2648 863//2648 1084//2648
f 1085//2649 1084//2649 283//2649 284//2649
f 863//2650 283//2650 1084//2650
f 54//2651 856//2651 1085//2651 440//2651
f 904//2652 905//2652 909//2652 1086//2652
f 857//2653 1083//2653 856//2653
f 288//2654 1086//2654 909//2654 908//2654
f 392//2655 1086//2655 289//2655 50//2655
f 288//2656 289//2656 1086//2656
f 1090//2657 1088//2657 1089//2657 361//2657
f 1086//2658 392//2658 391//2658
f 140//2659 183//2659 224//2659
f 140//2660 259//2660 260//2660
f 140//2661 258//2661 28//2661
f 1087//2662 1088//2662 1090//2662
f 362//2663 1091//2663 1090//2663 361//2663
f 1087//2664 1090//2664 1091//2664
f 1087//2665 340//2665 339//2665 1088//2665
f 31//2666 340//2666 1087//2666
f 1088//2667 339//2667 338//2667 1089//2667
f 1089//2668 338//2668 352//2668 360//2668
f 1092//2669 360//2669 363//2669 364//2669
f 362//2670 359//2670 341//2670
f 1091//2671 362//2671 341//2671
f 296//2672 1091//2672 342//2672
f 296//2673 1087//2673 1091//2673
f 1093//2674 1092//2674 364//2674 365//2674
f 360//2675 352//2675 368//2675 363//2675
f 362//2676 361//2676 1092//2676 1093//2676
f 1093//2677 358//2677 359//2677
f 1096//2678 1095//2678 355//2678 1094//2678
f 360//2679 1092//2679 361//2679
f 1096//2680 1094//2680 353//2680 1097//2680
f 1097//2681 353//2681 44//2681 366//2681
f 355//2682 354//2682 1094//2682
f 1098//2683 365//2683 364//2683 1095//2683
f 366//2684 211//2684 1097//2684
f 1098//2685 356//2685 357//2685
f 1095//2686 364//2686 363//2686 355//2686
f 340//2687 1099//2687 1100//2687 339//2687
f 339//2688 1100//2688 335//2688 338//2688
f 1099//2689 294//2689 293//2689 337//2689
f 1100//2690 1099//2690 337//2690 336//2690
f 295//2691 294//2691 1099//2691 340//2691
f 354//2692 355//2692 351//2692 1101//2692
f 1101//2693 349//2693 1102//2693
f 367//2694 1102//2694 349//2694 43//2694
f 351//2695 350//2695 1101//2695
f 44//2696 353//2696 1102//2696 367//2696
f 336//2697 337//2697 1103//2697 333//2697
f 354//2698 1102//2698 353//2698
f 368//2699 351//2699 355//2699
f 335//2700 336//2700 333//2700 332//2700
f 1103//2701 292//2701 291//2701 334//2701
f 352//2702 335//2702 332//2702 348//2702
f 337//2703 293//2703 292//2703 1103//2703
f 351//2704 347//2704 1104//2704 350//2704
f 348//109 368//109 352//109
f 345//2705 1105//2705 1104//2705
f 1105//2706 345//2706 41//2706 369//2706
f 346//2707 1104//2707 347//2707
f 43//2708 349//2708 1105//2708 369//2708
f 368//2709 42//2709 347//2709 351//2709
f 350//2710 1105//2710 349//2710
f 334//2711 1106//2711 1108//2711 1110//2711
f 1107//2712 1108//2712 1106//2712
f 1107//2713 1109//2713 1108//2713
f 1111//2714 1110//2714 1108//2714 1109//2714
f 290//2715 30//2715 331//2715 1106//2715
f 371//2716 1109//2716 1107//2716 370//2716
f 331//2717 1107//2717 1106//2717
f 38//2718 370//2718 1107//2718
f 372//2719 1111//2719 1109//2719 371//2719
f 348//2720 332//2720 1111//2720 372//2720
f 332//2721 333//2721 1110//2721 1111//2721
f 291//2722 290//2722 1106//2722 334//2722
f 334//2723 1110//2723 333//2723
f 371//2724 370//2724 1112//2724 1113//2724
f 372//2725 371//2725 1113//2725 375//2725
f 1113//2726 1112//2726 373//2726 374//2726
f 38//2727 344//2727 370//2727
f 344//2728 1112//2728 370//2728
f 40//2729 373//2729 1112//2729
f 1115//2730 374//2730 373//2730 1114//2730
f 375//2731 42//2731 348//2731
f 1117//2732 374//2732 1115//2732 346//2732
f 376//2733 1116//2733 1114//2733 39//2733
f 343//2734 39//2734 1114//2734
f 41//2735 345//2735 1116//2735 376//2735
f 42//2736 375//2736 1117//2736 347//2736
f 1116//2737 345//2737 346//2737
f 1121//2738 1120//2738 329//2738 1118//2738
f 374//2739 1117//2739 375//2739
f 1121//2740 1118//2740 1119//2740 1122//2740
f 1118//2741 328//2741 327//2741 1119//2741
f 1120//2742 1121//2742 1123//2742
f 1121//2743 1122//2743 1123//2743
f 328//2744 1118//2744 329//2744
f 1119//2745 327//2745 402//2745 394//2745
f 1122//2746 1119//2746 394//2746 395//2746
f 1123//2747 1122//2747 395//2747 396//2747
f 330//2748 34//2748 301//2748 1120//2748
f 1123//2749 396//2749 268//2749
f 1120//2750 1123//2750 330//2750
f 1120//2751 301//2751 33//2751 329//2751
f 1124//2752 395//2752 394//2752 397//2752
f 1125//2753 396//2753 395//2753 1124//2753
f 399//2754 1125//2754 1124//2754 398//2754
f 402//2755 403//2755 397//2755
f 1128//2756 398//2756 1126//2756 389//2756
f 1125//2757 399//2757 50//2757
f 396//2758 1125//2758 393//2758
f 396//2759 393//2759 268//2759
f 399//2760 398//2760 1128//2760 1129//2760
f 1129//2761 1128//2761 1127//2761 401//2761
f 1126//2762 397//2762 403//2762 390//2762
f 1127//2763 388//2763 49//2763 400//2763
f 389//2764 388//2764 1127//2764
f 392//2765 1129//2765 401//2765 391//2765
f 1130//2766 326//2766 325//2766 328//2766
f 397//2767 1126//2767 398//2767
f 328//2768 325//2768 324//2768 327//2768
f 327//2769 324//2769 384//2769 402//2769
f 33//2770 300//2770 1130//2770 329//2770
f 300//2771 32//2771 326//2771 1130//2771
f 1132//2772 390//2772 387//2772 386//2772
f 384//109 47//109 402//109
f 390//2773 403//2773 47//2773 387//2773
f 1132//2774 1131//2774 388//2774
f 385//2775 1131//2775 386//2775
f 1131//2776 48//2776 404//2776
f 388//2777 404//2777 49//2777
f 390//2778 1132//2778 389//2778
f 1134//2779 1133//2779 323//2779 322//2779
f 324//2780 1134//2780 322//2780 321//2780
f 326//2781 1133//2781 1134//2781 325//2781
f 32//2782 299//2782 1133//2782 326//2782
f 387//2783 383//2783 382//2783 1136//2783
f 299//2784 323//2784 1133//2784
f 1139//2785 1137//2785 406//2785 407//2785
f 1135//2786 385//2786 1136//2786
f 381//2787 1135//2787 382//2787
f 46//2788 405//2788 1135//2788
f 405//2789 48//2789 385//2789
f 1136//2790 386//2790 387//2790
f 383//2791 387//2791 47//2791
f 1137//2792 1139//2792 1138//2792
f 1141//2793 1140//2793 1139//2793 407//2793
f 1139//2794 1140//2794 1138//2794
f 384//2795 321//2795 1141//2795 408//2795
f 320//2796 1137//2796 297//2796
f 319//2797 406//2797 1137//2797
f 319//2798 380//2798 406//2798
f 321//2799 322//2799 1140//2799 1141//2799
f 322//2800 323//2800 1138//2800 1140//2800
f 410//2801 1143//2801 1142//2801 409//2801
f 1138//2802 323//2802 298//2802
f 1137//2803 1138//2803 297//2803
f 411//2804 408//2804 1143//2804 410//2804
f 47//2805 384//2805 408//2805 411//2805
f 380//2806 379//2806 1142//2806
f 1143//2807 407//2807 406//2807 1142//2807
f 407//2808 1143//2808 408//2808
f 383//2809 1146//2809 1147//2809 1148//2809
f 381//2810 1148//2810 1147//2810 1145//2810
f 1144//2811 409//2811 45//2811 378//2811
f 1145//2812 1144//2812 378//2812 377//2812
f 411//2813 410//2813 1146//2813 383//2813
f 1145//2814 262//2814 412//2814
f 412//2815 46//2815 381//2815
f 1148//2816 382//2816 383//2816
f 410//2817 409//2817 1144//2817 1146//2817
f 1152//2818 1151//2818 317//2818 1149//2818
f 1152//2819 1149//2819 1150//2819 1153//2819
f 1149//2820 316//2820 315//2820 1150//2820
f 1151//2821 1152//2821 1154//2821
f 1152//2822 1153//2822 1154//2822
f 316//2823 1149//2823 317//2823
f 1150//2824 315//2824 438//2824 430//2824
f 1153//2825 1150//2825 430//2825 431//2825
f 1154//2826 1153//2826 431//2826 432//2826
f 318//2827 37//2827 306//2827 1151//2827
f 1154//2828 432//2828 235//2828
f 1151//2829 1154//2829 318//2829
f 1151//2830 306//2830 36//2830 317//2830
f 1155//2831 431//2831 430//2831 433//2831
f 1156//2832 432//2832 431//2832 1155//2832
f 435//2833 1156//2833 1155//2833 434//2833
f 438//2834 439//2834 433//2834
f 1159//2835 434//2835 1157//2835 425//2835
f 1156//2836 435//2836 55//2836
f 432//2837 1156//2837 429//2837
f 432//2838 429//2838 235//2838
f 435//2839 434//2839 1159//2839 1160//2839
f 1160//2840 1159//2840 1158//2840 437//2840
f 1157//2841 433//2841 439//2841 426//2841
f 1158//2842 424//2842 284//2842 436//2842
f 425//2843 424//2843 1158//2843
f 428//2844 1160//2844 437//2844 427//2844
f 1161//2845 314//2845 313//2845 316//2845
f 433//2846 1157//2846 434//2846
f 316//2847 313//2847 312//2847 315//2847
f 315//2848 312//2848 420//2848 438//2848
f 36//2849 305//2849 1161//2849 317//2849
f 305//2850 35//2850 314//2850 1161//2850
f 1163//2851 426//2851 423//2851 422//2851
f 420//109 53//109 438//109
f 426//2852 439//2852 53//2852 423//2852
f 1163//2853 1162//2853 424//2853
f 421//2854 1162//2854 422//2854
f 1162//2855 54//2855 440//2855
f 424//2856 440//2856 284//2856
f 426//2857 1163//2857 425//2857
f 1165//2858 1164//2858 311//2858 310//2858
f 312//2859 1165//2859 310//2859 309//2859
f 314//2860 1164//2860 1165//2860 313//2860
f 35//2861 304//2861 1164//2861 314//2861
f 423//2862 419//2862 418//2862 1167//2862
f 304//2863 311//2863 1164//2863
f 1170//2864 1168//2864 442//2864 443//2864
f 1166//2865 421//2865 1167//2865
f 417//2866 1166//2866 418//2866
f 52//2867 441//2867 1166//2867
f 441//2868 54//2868 421//2868
f 1167//2869 422//2869 423//2869
f 419//2870 423//2870 53//2870
f 1168//2871 1170//2871 1169//2871
f 1172//2872 1171//2872 1170//2872 443//2872
f 1170//2873 1171//2873 1169//2873
f 420//2874 309//2874 1172//2874 444//2874
f 308//2875 1168//2875 302//2875
f 307//2876 442//2876 1168//2876
f 307//2877 416//2877 442//2877
f 309//2878 310//2878 1171//2878 1172//2878
f 310//2879 311//2879 1169//2879 1171//2879
f 446//2880 1174//2880 1173//2880 445//2880
f 1169//2881 311//2881 303//2881
f 1168//2882 1169//2882 302//2882
f 447//2883 444//2883 1174//2883 446//2883
f 53//2884 420//2884 444//2884 447//2884
f 416//2885 415//2885 1173//2885
f 1174//2886 443//2886 442//2886 1173//2886
f 443//2887 1174//2887 444//2887
f 419//2888 1177//2888 1178//2888 1179//2888
f 417//2889 1179//2889 1178//2889 1176//2889
f 1175//2890 445//2890 51//2890 414//2890
f 1176//2891 1175//2891 414//2891 413//2891
f 447//2892 446//2892 1177//2892 419//2892
f 1176//2893 231//2893 448//2893
f 448//2894 52//2894 417//2894
f 1179//2895 418//2895 419//2895
f 446//2896 445//2896 1175//2896 1177//2896
f 833//2897 834//2897 1180//2897 1181//2897
f 1181//2898 1180//2898 835//2898 303//2898
f 102//2899 862//2899 834//2899
f 862//2900 1180//2900 834//2900
f 880//2901 835//2901 861//2901
f 1182//2902 196//2902 930//2902 962//2902
f 1183//2903 1184//2903 1182//2903
f 1184//2904 1183//2904 941//2904 940//2904
f 962//2905 1183//2905 1182//2905
f 111//2906 941//2906 1183//2906
f 358//2907 357//2907 197//2907 1182//2907
f 1184//2908 359//2908 358//2908
f 1186//2909 960//2909 979//2909 932//2909
f 1185//2910 1186//2910 1187//2910
f 961//2911 960//2911 1185//2911
f 1187//2912 1186//2912 932//2912 931//2912
f 369//2913 1187//2913 931//2913 43//2913
f 369//2914 41//2914 246//2914 1187//2914
f 1189//2915 280//2915 279//2915 1188//2915
f 245//2916 1185//2916 246//2916
f 833//2917 1189//2917 1188//2917 834//2917
f 855//2918 860//2918 279//2918
f 860//2919 102//2919 1188//2919
f 490//2920 182//2920 181//2920 144//2920
f 1189//2921 833//2921 35//2921
f 280//2922 1189//2922 305//2922
f 959//2923 950//2923 1190//2923
f 1190//2924 950//2924 949//2924
f 1190//2925 949//2925 39//2925
f 275//2926 1190//2926 343//2926
f 234//302 1191//302 1192//302
f 846//2927 859//2927 234//2927
f 859//2928 852//2928 1191//2928
f 1191//2929 852//2929 37//2929
f 981//2930 57//2930 1194//2930
f 144//2931 181//2931 812//2931 811//2931
f 813//2932 829//2932 828//2932 1195//2932
f 811//2933 799//2933 144//2933
f 1195//2934 828//2934 830//2934 156//2934
f 1198//2935 1217//2935 1216//2935 1196//2935
f 156//2936 537//2936 1195//2936
f 1195//2937 66//2937 536//2937
f 1196//2938 1216//2938 807//2938 1433//2938
f 1217//2939 1198//2939 512//2939 502//2939
f 1196//2940 1433//2940 1434//2940 1197//2940
f 1197//2941 1434//2941 810//2941 800//2941
f 511//2942 512//2942 1198//2942 1197//2942
f 1197//2943 800//2943 62//2943
f 1199//2944 810//2944 809//2944 1200//2944
f 810//2945 1199//2945 800//2945
f 1200//2946 809//2946 812//2946 181//2946
f 62//2947 1199//2947 1200//2947 488//2947
f 181//2948 182//2948 1200//2948
f 1202//2949 148//2949 1205//2949 1203//2949
f 1201//2950 452//2950 56//2950
f 147//2951 148//2951 1202//2951
f 1203//2952 1205//2952 462//2952 1012//2952
f 1205//2953 1204//2953 461//2953 462//2953
f 1204//2954 1205//2954 148//2954
f 1206//2955 990//2955 1409//2955 1207//2955
f 456//2956 1207//2956 1409//2956 794//2956
f 523//2957 522//2957 1208//2957 1207//2957
f 1207//2958 456//2958 525//2958
f 508//2959 1211//2959 1209//2959 1210//2959
f 1210//2960 1209//2960 808//2960 1429//2960
f 460//2961 1210//2961 1429//2961 803//2961
f 487//2962 508//2962 1210//2962 460//2962
f 1280//2963 782//2963 1206//2963 1208//2963
f 782//2964 96//2964 990//2964 1206//2964
f 501//2965 1280//2965 1208//2965 522//2965
f 151//2966 19//2966 150//2966 173//2966
f 175//2967 174//2967 176//2967
f 175//2968 176//2968 177//2968
f 458//2969 175//2969 450//2969
f 125//2970 459//2970 174//2970
f 125//2971 174//2971 458//2971
f 151//2972 471//2972 470//2972
f 472//2973 469//2973 471//2973
f 982//2974 1214//2974 1212//2974 1213//2974
f 1213//2975 1212//2975 989//2975 1447//2975
f 463//2976 1213//2976 1447//2976 823//2976
f 464//2977 982//2977 1213//2977 463//2977
f 149//2978 18//2978 172//2978 173//2978
f 503//2979 1215//2979 1216//2979 1217//2979
f 171//2980 471//2980 173//2980
f 171//2981 468//2981 472//2981
f 804//2982 100//2982 1424//2982 1215//2982
f 1215//2983 1424//2983 807//2983 1216//2983
f 61//2984 804//2984 1215//2984 503//2984
f 1217//2985 502//2985 503//2985
f 1521//2986 1520//2986 1287//2986 1289//2986
f 172//2987 170//2987 171//2987
f 475//2988 169//2988 157//2988
f 168//2989 475//2989 20//2989
f 1520//2990 827//2990 825//2990 1287//2990
f 988//2991 1521//2991 1289//2991 534//2991
f 477//2992 258//2992 122//2992 60//2992
f 153//2993 476//2993 167//2993
f 167//2994 476//2994 58//2994
f 153//2995 11//2995 476//2995
f 1015//2996 270//2996 143//2996
f 482//2997 1015//2997 143//2997
f 477//2998 484//2998 261//2998
f 492//2999 1530//2999 1527//2999 491//2999
f 493//3000 1532//3000 1530//3000 492//3000
f 491//3001 1527//3001 517//3001 498//3001
f 1532//3002 493//3002 494//3002 519//3002
f 1535//3003 519//3003 494//3003 495//3003
f 1538//3004 1535//3004 495//3004 496//3004
f 522//3005 1538//3005 496//3005 501//3005
f 1221//3006 1220//3006 1218//3006 1219//3006
f 513//3007 1222//3007 1220//3007 1221//3007
f 1219//3008 1218//3008 512//3008 511//3008
f 488//3009 1221//3009 1219//3009 62//3009
f 1225//3010 1224//3010 1223//3010 1226//3010
f 1223//3011 513//3011 488//3011 489//3011
f 513//3012 1223//3012 514//3012
f 1226//3013 1223//3013 489//3013 490//3013
f 516//3014 1225//3014 1226//3014 515//3014
f 1230//3015 1227//3015 1228//3015 1231//3015
f 1231//3016 1228//3016 1229//3016 1232//3016
f 1233//3017 1231//3017 1232//3017 531//3017
f 1231//3018 1233//3018 1230//3018
f 1227//3019 530//3019 529//3019 1228//3019
f 530//3020 1227//3020 539//3020
f 533//3021 1230//3021 1233//3021 532//3021
f 529//3022 1229//3022 1228//3022
f 66//3023 537//3023 1230//3023 533//3023
f 537//3024 539//3024 1227//3024 1230//3024
f 1236//3025 1235//3025 532//3025 1234//3025
f 533//3026 532//3026 1235//3026
f 1238//3027 1237//3027 533//3027 1235//3027
f 1239//3028 1238//3028 1235//3028 1236//3028
f 534//3029 535//3029 1237//3029 1238//3029
f 532//3030 531//3030 1234//3030
f 1238//3031 1239//3031 534//3031
f 1237//3032 536//3032 66//3032 533//3032
f 536//3033 1237//3033 535//3033
f 1241//3034 1240//3034 985//3034 1242//3034
f 1242//3035 985//3035 984//3035 1243//3035
f 1244//3036 1241//3036 1242//3036 1245//3036
f 1245//3037 1242//3037 1243//3037 1246//3037
f 1246//3038 1243//3038 64//3038 509//3038
f 988//3039 1245//3039 1246//3039 987//3039
f 1251//3040 1250//3040 1247//3040 1248//3040
f 1252//3041 1251//3041 1248//3041 1249//3041
f 1253//3042 986//3042 1250//3042 1251//3042
f 1249//3043 1248//3043 983//3043 982//3043
f 510//3044 1252//3044 1249//3044 464//3044
f 64//3045 984//3045 1252//3045 510//3045
f 984//3046 985//3046 1253//3046 1252//3046
f 1258//3047 1257//3047 1255//3047 1256//3047
f 986//3048 1253//3048 985//3048
f 1254//3049 1255//3049 1257//3049
f 1260//3050 1259//3050 1254//3050 1257//3050
f 1261//3051 1260//3051 1257//3051 1258//3051
f 1254//3052 486//3052 485//3052 506//3052
f 1255//3053 1254//3053 506//3053 505//3053
f 1256//3054 1255//3054 505//3054 504//3054
f 507//3055 508//3055 1259//3055 1260//3055
f 1260//3056 1261//3056 507//3056
f 1259//3057 487//3057 486//3057 1254//3057
f 487//3058 1259//3058 508//3058
f 1258//3059 1256//3059 514//3059 1224//3059
f 1261//3060 1258//3060 1224//3060 1225//3060
f 507//3061 1261//3061 1225//3061 516//3061
f 1265//3062 1262//3062 1263//3062 1266//3062
f 1266//3063 1263//3063 1264//3063 1267//3063
f 506//3064 1265//3064 1266//3064 505//3064
f 505//3065 1266//3065 1267//3065 504//3065
f 1262//3066 503//3066 502//3066 1263//3066
f 503//3067 1262//3067 61//3067
f 485//3068 61//3068 1262//3068 1265//3068
f 502//3069 1264//3069 1263//3069
f 1265//3070 506//3070 485//3070
f 1220//3071 1267//3071 1264//3071 1218//3071
f 1222//3072 504//3072 1267//3072 1220//3072
f 1218//3073 1264//3073 502//3073 512//3073
f 495//3074 494//3074 1268//3074 1270//3074
f 496//3075 495//3075 1270//3075 1271//3075
f 1271//3076 1270//3076 1269//3076 1272//3076
f 1268//3077 499//3077 1276//3077 1269//3077
f 499//3078 1268//3078 494//3078
f 1272//3079 1269//3079 63//3079 527//3079
f 501//3080 1271//3080 1272//3080 500//3080
f 1275//3081 492//3081 491//3081 1273//3081
f 1276//3082 1275//3082 1273//3082 1274//3082
f 499//3083 493//3083 492//3083 1275//3083
f 1274//3084 1273//3084 498//3084 497//3084
f 528//3085 1276//3085 1274//3085 541//3085
f 1278//3086 789//3086 98//3086 791//3086
f 1276//3087 528//3087 63//3087
f 806//3088 1277//3088 1285//3088
f 100//3089 804//3089 1277//3089
f 1277//3090 804//3090 61//3090
f 1285//3091 1277//3091 485//3091
f 1279//3092 1280//3092 1278//3092
f 1279//3093 1278//3093 791//3093 96//3093
f 500//3094 1278//3094 1280//3094 501//3094
f 1283//3095 1281//3095 1282//3095 1284//3095
f 1278//3096 500//3096 527//3096
f 821//3097 815//3097 509//3097
f 826//3098 101//3098 815//3098
f 1281//3099 144//3099 799//3099 1419//3099
f 1282//3100 1281//3100 1419//3100 1420//3100
f 515//3101 1283//3101 1284//3101 516//3101
f 490//3102 144//3102 1281//3102 1283//3102
f 1283//3103 515//3103 490//3103
f 487//3104 460//3104 1285//3104 486//3104
f 789//3105 1286//3105 790//3105 98//3105
f 803//3106 805//3106 460//3106
f 805//3107 806//3107 1285//3107
f 1285//3108 485//3108 486//3108
f 1286//3109 789//3109 527//3109
f 99//3110 790//3110 1286//3110
f 535//3111 1289//3111 1287//3111 1288//3111
f 1288//3112 1287//3112 825//3112 824//3112
f 813//3113 1288//3113 824//3113 829//3113
f 536//3114 535//3114 1288//3114 813//3114
f 1284//3115 1282//3115 1209//3115 1211//3115
f 1282//3116 1420//3116 808//3116 1209//3116
f 516//3117 1284//3117 1211//3117 507//3117
f 528//3118 1290//3118 1286//3118 63//3118
f 99//3119 1290//3119 540//3119
f 99//3120 1286//3120 1290//3120
f 1540//3121 788//3121 787//3121 1541//3121
f 1290//3122 528//3122 541//3122
f 792//3123 796//3123 788//3123 1540//3123
f 1541//3124 787//3124 498//3124 517//3124
f 464//3125 463//3125 1291//3125 510//3125
f 463//3126 823//3126 822//3126 1291//3126
f 1296//3127 1295//3127 1293//3127 1294//3127
f 821//3128 64//3128 510//3128
f 762//3129 546//3129 551//3129
f 546//3130 547//3130 552//3130
f 551//3131 761//3131 67//3131
f 554//3132 553//3132 556//3132
f 549//3133 548//3133 554//3133
f 550//3134 549//3134 556//3134
f 762//3135 551//3135 1560//3135
f 550//3136 556//3136 1292//3136
f 1294//3137 1293//3137 998//3137 997//3137
f 561//3138 1294//3138 997//3138 571//3138
f 994//3139 996//3139 993//3139 992//3139
f 1296//3140 561//3140 562//3140
f 563//3141 162//3141 567//3141 568//3141
f 1296//3142 995//3142 994//3142
f 562//3143 70//3143 995//3143
f 568//3144 567//3144 777//3144 776//3144
f 560//3145 1297//3145 1298//3145 1299//3145
f 164//3146 95//3146 1388//3146 1297//3146
f 1297//3147 1388//3147 775//3147 1298//3147
f 72//3148 164//3148 1297//3148 560//3148
f 1299//3149 559//3149 560//3149
f 1301//3150 1300//3150 995//3150 1302//3150
f 1302//3151 995//3151 70//3151 563//3151
f 1000//3152 1301//3152 1302//3152 999//3152
f 1303//3153 778//3153 774//3153 1304//3153
f 1304//3154 1305//3154 1303//3154
f 778//3155 1303//3155 570//3155
f 557//3156 566//3156 163//3156 1306//3156
f 1305//3157 562//3157 561//3157
f 1303//3158 561//3158 571//3158
f 1306//3159 163//3159 779//3159 1392//3159
f 158//3160 1306//3160 1392//3160 94//3160
f 71//3161 557//3161 1306//3161 158//3161
f 997//3162 1309//3162 1307//3162 1308//3162
f 1308//3163 1307//3163 1394//3163 1395//3163
f 570//3164 1308//3164 1395//3164 778//3164
f 571//3165 997//3165 1308//3165 570//3165
f 691//3166 610//3166 609//3166 692//3166
f 575//3167 1005//3167 615//3167
f 69//3168 576//3168 575//3168
f 577//3169 574//3169 1310//3169
f 75//3170 577//3170 576//3170
f 69//3171 1318//3171 576//3171
f 609//3172 693//3172 692//3172
f 691//3173 692//3173 1311//3173 1312//3173
f 737//3174 758//3174 609//3174
f 758//3175 86//3175 693//3175
f 610//3176 691//3176 77//3176
f 693//3177 86//3177 757//3177 1311//3177
f 1311//3178 757//3178 87//3178 695//3178
f 1312//3179 1311//3179 695//3179 694//3179
f 85//3180 694//3180 695//3180 1313//3180
f 1312//3181 79//3181 636//3181
f 691//3182 636//3182 77//3182
f 700//3183 627//3183 626//3183 1314//3183
f 87//3184 756//3184 695//3184
f 1313//3185 708//3185 707//3185
f 694//3186 85//3186 666//3186
f 694//3187 666//3187 79//3187
f 638//3188 679//3188 627//3188 700//3188
f 732//3189 755//3189 626//3189
f 755//3190 88//3190 1314//3190
f 1314//3191 701//3191 700//3191
f 605//3192 1317//3192 705//3192 704//3192
f 1318//3193 74//3193 75//3193
f 1318//3194 69//3194 68//3194
f 592//3195 1315//3195 1316//3195
f 742//3196 754//3196 592//3196
f 754//3197 699//3197 1315//3197
f 593//3198 1316//3198 663//3198
f 1317//3199 604//3199 739//3199 753//3199
f 705//3200 1317//3200 753//3200 89//3200
f 718//3201 597//3201 1319//3201 719//3201
f 604//3202 1317//3202 605//3202
f 68//3203 573//3203 1318//3203
f 686//3204 690//3204 597//3204 718//3204
f 752//3205 92//3205 1319//3205
f 710//3206 622//3206 1320//3206 711//3206
f 596//3207 1319//3207 597//3207
f 1320//3208 620//3208 751//3208 90//3208
f 614//3209 1321//3209 728//3209 727//3209
f 1320//3210 712//3210 711//3210
f 622//3211 710//3211 658//3211
f 621//3212 1320//3212 622//3212
f 573//3213 73//3213 74//3213
f 1321//3214 613//3214 735//3214 750//3214
f 728//3215 1321//3215 750//3215 93//3215
f 685//3216 614//3216 727//3216 684//3216
f 721//3217 583//3217 582//3217 1322//3217
f 613//3218 1321//3218 614//3218
f 1005//3219 616//3219 608//3219 600//3219
f 698//3220 749//3220 582//3220
f 1322//3221 722//3221 721//3221
f 583//3222 721//3222 84//3222
f 599//3223 573//3223 68//3223
f 599//3224 633//3224 573//3224
f 573//3225 22//3225 73//3225
f 1341//3226 599//3226 12//3226
f 1341//3226 602//3226 599//3226
f 189//3227 616//3227 1310//3227
f 681//3228 683//3228 631//3228 1324//3228
f 630//3229 1323//3229 1324//3229
f 730//3230 748//3230 630//3230
f 748//3231 724//3231 1323//3231
f 590//3232 589//3232 1325//3232 1326//3232
f 588//3233 744//3233 747//3233 1325//3233
f 1325//3234 747//3234 698//3234 582//3234
f 1326//3235 1325//3235 582//3235 583//3235
f 83//3236 1326//3236 583//3236 84//3236
f 640//3237 1328//3237 714//3237 639//3237
f 612//3238 616//3238 619//3238
f 1327//3239 714//3239 1328//3239
f 746//3240 1327//3240 699//3240
f 1327//3241 715//3241 714//3241
f 82//3242 1315//3242 1327//3242 1328//3242
f 1328//3243 640//3243 82//3243
f 590//3244 700//3244 701//3244 589//3244
f 701//3245 588//3245 589//3245
f 704//3246 1329//3246 592//3246 593//3246
f 88//3247 745//3247 701//3247
f 745//3248 744//3248 588//3248
f 590//3249 83//3249 78//3249
f 700//3250 590//3250 78//3250
f 705//3251 89//3251 743//3251 1329//3251
f 1329//3252 743//3252 742//3252 592//3252
f 689//3253 1331//3253 597//3253 690//3253
f 593//3254 663//3254 660//3254
f 704//3255 660//3255 661//3255
f 596//3256 597//3256 1331//3256
f 741//3257 596//3257 1330//3257
f 741//3258 752//3258 596//3258
f 85//3259 707//3259 1331//3259 689//3259
f 605//3260 710//3260 711//3260 604//3260
f 1330//3261 1331//3261 707//3261
f 604//3262 712//3262 740//3262 739//3262
f 90//3263 740//3263 712//3263
f 610//3264 714//3264 715//3264 1332//3264
f 710//3265 605//3265 659//3265
f 1340//3266 601//3266 608//3266 612//3266
f 91//3267 738//3267 715//3267
f 738//3268 737//3268 1332//3268
f 1332//3269 609//3269 610//3269
f 714//3270 610//3270 639//3270
f 628//3271 1340//3271 612//3271
f 614//3272 718//3272 1333//3272 613//3272
f 1333//3273 719//3273 92//3273 736//3273
f 613//3274 1333//3274 736//3274 735//3274
f 685//3275 686//3275 718//3275 614//3275
f 678//3276 1337//3276 627//3276 679//3276
f 719//3277 1333//3277 718//3277
f 621//3278 622//3278 1335//3278
f 734//3279 620//3279 1334//3279
f 734//3280 751//3280 620//3280
f 1335//3281 654//3281 653//3281
f 1334//3282 1335//3282 721//3282
f 1336//3283 627//3283 1337//3283
f 733//3284 1336//3284 724//3284
f 1336//3285 626//3285 627//3285
f 682//3286 1323//3286 1336//3286 1337//3286
f 1337//3287 678//3287 682//3287
f 727//3288 1338//3288 1339//3288 631//3288
f 1338//3289 728//3289 93//3289 731//3289
f 684//3290 727//3290 631//3290 683//3290
f 731//3291 1339//3291 1338//3291
f 730//3292 630//3292 1339//3292
f 1341//3293 117//3293 601//3293 602//3293
f 76//3294 602//3294 1340//3294
f 601//3295 1340//3295 602//3295
f 599//3296 602//3296 633//3296
f 633//3297 603//3297 22//3297
f 633//3298 602//3298 76//3298
f 1342//3299 1356//3299 81//3299 77//3299
f 1357//3300 634//3300 665//3300
f 78//3301 83//3301 1349//3301 1344//3301
f 665//3302 669//3302 80//3302
f 1356//3303 1342//3303 1357//3303
f 651//3304 635//3304 1343//3304
f 1344//3305 1349//3305 1348//3305 1343//3305
f 1346//3306 1345//3306 652//3306 1350//3306
f 655//3307 1346//3307 1350//3307 651//3307
f 656//3308 1347//3308 1346//3308 655//3308
f 1345//3309 1346//3309 1347//3309
f 84//3310 653//3310 1345//3310 1347//3310
f 1347//3311 656//3311 84//3311
f 84//3312 656//3312 1349//3312 83//3312
f 654//3313 652//3313 1345//3313
f 650//3314 637//3314 651//3314
f 656//3315 655//3315 1348//3315 1349//3315
f 657//3316 658//3316 649//3316 652//3316
f 651//3317 1348//3317 655//3317
f 647//3318 651//3318 1350//3318
f 1351//3319 1350//3319 649//3319
f 658//3320 659//3320 648//3320 649//3320
f 645//3321 1351//3321 648//3321
f 659//3322 661//3322 646//3322 648//3322
f 644//3323 647//3323 645//3323
f 662//3324 650//3324 647//3324
f 646//3325 1352//3325 642//3325 645//3325
f 662//506 637//506 650//506
f 1352//3326 660//3326 663//3326 643//3326
f 646//3327 661//3327 660//3327 1352//3327
f 641//3328 644//3328 642//3328
f 643//3329 1353//3329 1355//3329 642//3329
f 1354//3330 1355//3330 1353//3330
f 1354//3331 664//3331 1355//3331
f 642//3332 1355//3332 664//3332 641//3332
f 665//3333 641//3333 664//3333 1357//3333
f 640//3334 1353//3334 82//3334
f 640//3335 1354//3335 1353//3335
f 1353//3336 643//3336 663//3336
f 639//3337 81//3337 1356//3337
f 641//3338 665//3338 662//3338
f 1357//3339 664//3339 1354//3339 1356//3339
f 679//3340 638//3340 1359//3340 680//3340
f 638//3341 78//3341 1344//3341 1359//3341
f 1359//3342 1344//3342 1343//3342 1358//3342
f 1358//3343 635//3343 677//3343 1360//3343
f 1360//3344 677//3344 676//3344 1361//3344
f 680//3345 1358//3345 1360//3345 1362//3345
f 679//3346 680//3346 1362//3346 678//3346
f 683//3347 681//3347 676//3347
f 681//3348 682//3348 1361//3348
f 683//3349 676//3349 674//3349 684//3349
f 675//3350 674//3350 676//3350
f 1363//3351 635//3351 637//3351
f 675//3352 673//3352 672//3352 674//3352
f 675//3353 677//3353 635//3353
f 673//3354 675//3354 1363//3354
f 674//3355 672//3355 685//3355 684//3355
f 673//3356 671//3356 670//3356 672//3356
f 671//3357 673//3357 1363//3357
f 672//3358 670//3358 686//3358 685//3358
f 669//3359 1363//3359 80//3359
f 671//3360 668//3360 667//3360 670//3360
f 668//3361 671//3361 669//3361
f 670//3362 667//3362 690//3362 686//3362
f 634//3363 1364//3363 687//3363 688//3363
f 1342//3364 77//3364 636//3364 1364//3364
f 1364//3365 636//3365 79//3365 687//3365
f 1367//3366 688//3366 687//3366 1365//3366
f 668//3367 669//3367 688//3367 1367//3367
f 667//3368 668//3368 1367//3368 1366//3368
f 1366//3369 1365//3369 666//3369 85//3369
f 690//3370 667//3370 1366//3370 689//3370
f 93//3371 1378//3371 1368//3371 731//3371
f 1368//3372 730//3372 731//3372
f 625//3373 729//3373 629//3373
f 611//3374 632//3374 628//3374 720//3374
f 629//3375 1368//3375 1378//3375
f 624//3376 1369//3376 623//3376
f 1369//3377 732//3377 733//3377
f 619//3378 725//3378 624//3378
f 725//3379 726//3379 1369//3379
f 623//3380 733//3380 724//3380
f 617//3381 723//3381 734//3381
f 577//3382 1370//3382 618//3382
f 577//3383 75//3383 1370//3383
f 618//3384 1370//3384 617//3384
f 1371//3385 735//3385 736//3385
f 92//3386 1382//3386 1371//3386 736//3386
f 90//3387 1380//3387 1372//3387 740//3387
f 611//3388 1371//3388 1382//3388
f 607//3389 717//3389 606//3389
f 717//3390 737//3390 738//3390
f 22//3391 716//3391 607//3391
f 606//3392 738//3392 91//3392
f 1372//3393 739//3393 740//3393
f 75//3394 713//3394 598//3394
f 89//3395 1383//3395 1374//3395 743//3395
f 598//3396 1372//3396 1380//3396
f 594//3397 709//3397 741//3397
f 76//3398 1373//3398 595//3398
f 76//3399 632//3399 1373//3399
f 595//3400 1373//3400 594//3400
f 1374//3401 742//3401 743//3401
f 74//3402 706//3402 591//3402
f 748//3403 1376//3403 623//3403 724//3403
f 591//3404 1374//3404 1383//3404
f 587//3405 703//3405 586//3405
f 703//3406 744//3406 745//3406
f 574//3407 702//3407 587//3407
f 586//3408 745//3408 88//3408
f 585//3409 1375//3409 584//3409
f 1375//3410 91//3410 746//3410
f 73//3411 607//3411 585//3411
f 607//3412 606//3412 1375//3412
f 584//3413 746//3413 699//3413
f 702//3414 697//3414 703//3414
f 697//3415 698//3415 747//3415
f 574//3416 696//3416 702//3416
f 703//3417 747//3417 744//3417
f 624//3418 623//3418 1376//3418
f 730//3419 1368//3419 1376//3419 748//3419
f 625//3420 624//3420 729//3420
f 722//3421 749//3421 1377//3421 617//3421
f 729//3422 1376//3422 1368//3422
f 696//3423 618//3423 1377//3423
f 574//3424 577//3424 696//3424
f 720//3425 628//3425 625//3425 629//3425
f 697//3426 749//3426 698//3426
f 1378//3427 93//3427 750//3427
f 735//3428 1371//3428 1378//3428 750//3428
f 1380//3429 723//3429 1370//3429 1379//3429
f 720//3430 1378//3430 1371//3430
f 75//3431 598//3431 1379//3431
f 723//3432 1380//3432 751//3432
f 1382//3433 709//3433 1373//3433 1381//3433
f 632//3434 611//3434 1381//3434
f 709//3435 1382//3435 752//3435
f 739//3436 1372//3436 1383//3436 753//3436
f 1383//3437 89//3437 753//3437
f 74//3438 591//3438 713//3438
f 754//3439 1384//3439 584//3439 699//3439
f 713//3440 1383//3440 1372//3440
f 585//3441 584//3441 1384//3441
f 742//3442 1374//3442 1384//3442 754//3442
f 73//3443 585//3443 706//3443
f 595//3444 581//3444 603//3444 76//3444
f 706//3445 1384//3445 1374//3445
f 725//3446 586//3446 726//3446
f 586//3447 88//3447 755//3447
f 189//3448 587//3448 725//3448
f 726//3449 755//3449 732//3449
f 581//3450 595//3450 1385//3450
f 708//3451 756//3451 1385//3451 594//3451
f 166//3452 565//3452 564//3452 165//3452
f 580//3453 756//3453 87//3453
f 579//3454 580//3454 578//3454
f 580//3455 87//3455 757//3455
f 603//3456 581//3456 579//3456
f 578//3457 757//3457 86//3457
f 716//3458 578//3458 717//3458
f 578//3459 86//3459 758//3459
f 22//3460 579//3460 716//3460
f 717//3461 758//3461 737//3461
f 1389//3462 779//3462 775//3462
f 547//3463 546//3463 1387//3463
f 546//3464 161//3464 1387//3464
f 161//3465 1386//3465 1389//3465
f 564//3466 565//3466 1391//3466
f 548//3467 564//3467 1390//3467
f 776//3468 777//3468 565//3468 166//3468
f 165//3469 564//3469 549//3469 550//3469
f 1388//3470 569//3470 1387//3470 1389//3470
f 160//3471 159//3471 1390//3471 1391//3471
f 1389//3472 775//3472 1388//3472
f 547//3473 1387//3473 569//3473
f 778//3474 160//3474 1391//3474 774//3474
f 159//3475 21//3475 548//3475 1390//3475
f 1392//3476 1386//3476 161//3476 572//3476
f 572//3477 161//3477 546//3477 762//3477
f 1395//3478 1394//3478 1393//3478 159//3478
f 572//3479 94//3479 1392//3479
f 159//3480 1393//3480 991//3480 21//3480
f 773//3481 1398//3481 1396//3481 1397//3481
f 1395//3482 160//3482 778//3482
f 1397//3483 1396//3483 1003//3483 1004//3483
f 164//3484 1397//3484 1004//3484 95//3484
f 72//3485 773//3485 1397//3485 164//3485
f 542//3486 1524//3486 1522//3486 543//3486
f 796//3487 792//3487 1524//3487 542//3487
f 543//3488 1522//3488 468//3488 153//3488
f 1400//3489 785//3489 784//3489 1399//3489
f 1402//3490 1401//3490 545//3490 544//3490
f 785//3491 1400//3491 99//3491
f 58//3492 59//3492 1399//3492
f 785//3493 99//3493 786//3493
f 1402//3494 98//3494 790//3494
f 59//3495 1401//3495 1399//3495
f 59//3496 545//3496 1401//3496
f 1400//3497 1399//3497 1401//3497 1402//3497
f 1402//3498 544//3498 98//3498
f 544//3499 1403//3499 1404//3499 1405//3499
f 96//3500 791//3500 544//3500 1405//3500
f 545//3501 59//3501 168//3501 1403//3501
f 1405//3502 1404//3502 1406//3502 1408//3502
f 168//3503 1404//3503 1403//3503
f 96//3504 1405//3504 1408//3504 990//3504
f 1404//3505 20//3505 1542//3505 1406//3505
f 1408//3506 1406//3506 1407//3506 1409//3506
f 1406//3507 1542//3507 469//3507 1407//3507
f 1409//3508 1407//3508 780//3508 781//3508
f 469//3509 780//3509 1407//3509
f 781//3510 780//3510 1410//3510 1411//3510
f 781//3511 794//3511 1409//3511
f 794//3512 781//3512 1411//3512 793//3512
f 780//3513 469//3513 472//3513 1410//3513
f 1413//3514 542//3514 543//3514 1412//3514
f 796//3515 542//3515 1413//3515 795//3515
f 784//3516 1412//3516 167//3516 58//3516
f 153//3517 167//3517 543//3517
f 785//3518 1413//3518 1412//3518 784//3518
f 795//3519 1413//3519 785//3519 786//3519
f 473//3520 1414//3520 472//3520 468//3520
f 472//3521 1414//3521 1410//3521
f 97//3522 1415//3522 1414//3522 473//3522
f 797//3523 793//3523 1411//3523 1415//3523
f 1415//3524 1411//3524 1410//3524 1414//3524
f 1420//3525 1418//3525 1426//3525 1428//3525
f 802//3526 801//3526 1416//3526 1417//3526
f 1418//3527 461//3527 1204//3527 1426//3527
f 146//3528 1416//3528 801//3528
f 146//3529 145//3529 1416//3529
f 1428//3530 808//3530 1420//3530
f 1418//3531 798//3531 19//3531 461//3531
f 1419//3532 799//3532 798//3532 1418//3532
f 100//3533 806//3533 1422//3533 465//3533
f 466//3534 1421//3534 145//3534 17//3534
f 145//3535 1421//3535 1416//3535
f 1422//3536 1417//3536 1416//3536 1421//3536
f 1421//3537 466//3537 465//3537
f 1424//3538 466//3538 1423//3538 1425//3538
f 1429//3539 1428//3539 1426//3539 1427//3539
f 1425//3540 807//3540 1424//3540
f 17//3541 177//3541 466//3541
f 1426//3542 1204//3542 180//3542 1427//3542
f 1429//3543 1427//3543 801//3543 802//3543
f 180//3544 801//3544 1427//3544
f 178//3545 179//3545 1430//3545 1431//3545
f 1429//3546 802//3546 803//3546
f 810//3547 178//3547 1431//3547 809//3547
f 1434//3548 1432//3548 179//3548 178//3548
f 149//3549 1430//3549 179//3549
f 1432//3550 1434//3550 1433//3550
f 18//3551 179//3551 1432//3551
f 1430//3552 149//3552 150//3552 1435//3552
f 178//3553 810//3553 1434//3553
f 798//3554 1435//3554 150//3554 19//3554
f 799//3555 1436//3555 1435//3555 798//3555
f 812//3556 809//3556 1431//3556 1436//3556
f 1436//3557 1431//3557 1430//3557 1435//3557
f 1433//3558 1425//3558 1423//3558 1432//3558
f 1432//3559 1423//3559 176//3559 18//3559
f 817//3560 816//3560 1437//3560 1438//3560
f 823//3561 817//3561 1438//3561 822//3561
f 1441//3562 1440//3562 1439//3562 155//3562
f 457//3563 1437//3563 816//3563
f 457//3564 57//3564 1437//3564
f 824//3565 825//3565 1440//3565 1441//3565
f 829//3566 824//3566 1441//3566 154//3566
f 479//3567 483//3567 155//3567
f 101//3568 1443//3568 1442//3568 453//3568
f 57//3569 1442//3569 1437//3569
f 826//3570 822//3570 1438//3570 1443//3570
f 1443//3571 1438//3571 1437//3571 1442//3571
f 1447//3572 1446//3572 1444//3572 1445//3572
f 1447//3573 1445//3573 816//3573 817//3573
f 56//3574 1445//3574 1444//3574
f 56//3575 816//3575 1445//3575
f 1518//3576 1516//3576 1439//3576 1440//3576
f 817//3577 823//3577 1447//3577
f 827//3578 1518//3578 1440//3578 825//3578
f 1439//3579 1516//3579 981//3579 479//3579
f 828//3580 829//3580 154//3580 1449//3580
f 1451//3581 1450//3581 818//3581 819//3581
f 483//3582 484//3582 1448//3582
f 828//3583 814//3583 830//3583
f 155//3584 1448//3584 154//3584
f 484//3585 1450//3585 1448//3585
f 484//3586 818//3586 1450//3586
f 814//3587 1451//3587 819//3587 820//3587
f 1449//3588 1448//3588 1450//3588 1451//3588
f 1454//3589 1452//3589 1453//3589 1455//3589
f 832//3590 1454//3590 1455//3590 831//3590
f 818//3591 484//3591 478//3591 1452//3591
f 820//3592 819//3592 1454//3592 832//3592
f 478//3593 1453//3593 1452//3593
f 819//3594 818//3594 1452//3594 1454//3594
f 846//3595 845//3595 1456//3595 859//3595
f 844//3596 278//3596 1456//3596
f 1456//3597 277//3597 852//3597
f 1457//3598 853//3598 195//3598 194//3598
f 844//3599 1456//3599 845//3599
f 853//3600 1457//3600 854//3600
f 1457//3601 102//3601 860//3601
f 141//3602 195//3602 853//3602
f 1458//3603 195//3603 200//3603 199//3603
f 195//3604 1458//3604 194//3604
f 1458//3605 861//3605 862//3605
f 141//3606 200//3606 195//3606
f 861//3607 1458//3607 199//3607 880//3607
f 1461//3608 278//3608 29//3608 142//3608
f 194//3609 862//3609 102//3609
f 1459//3610 1460//3610 281//3610
f 1460//3611 863//3611 864//3611
f 285//3612 1459//3612 282//3612
f 1459//3613 858//3613 1460//3613
f 281//3614 864//3614 104//3614
f 277//3615 1462//3615 865//3615
f 854//3616 1462//3616 1461//3616 853//3616
f 1464//3617 1463//3617 849//3617 850//3617
f 1462//3618 854//3618 855//3618
f 278//3619 1461//3619 277//3619
f 249//3620 250//3620 1463//3620 1464//3620
f 1464//3621 866//3621 848//3621
f 276//3622 1463//3622 250//3622
f 276//3623 849//3623 1463//3623
f 850//3624 851//3624 866//3624
f 1466//3625 1465//3625 844//3625 845//3625
f 850//3626 849//3626 1465//3626 1466//3626
f 1466//3627 867//3627 851//3627
f 1064//3628 1465//3628 849//3628
f 1064//3629 844//3629 1465//3629
f 845//3630 846//3630 867//3630
f 869//3631 232//3631 1467//3631 868//3631
f 233//3632 1467//3632 232//3632
f 868//3633 1467//3633 281//3633 104//3633
f 285//3634 282//3634 233//3634
f 282//3635 281//3635 1467//3635
f 840//3636 230//3636 259//3636 28//3636
f 230//3637 840//3637 1468//3637
f 875//3638 870//3638 1468//3638 841//3638
f 103//3639 229//3639 1468//3639 871//3639
f 1470//3640 1469//3640 230//3640 229//3640
f 230//3641 1468//3641 229//3641
f 1469//3642 260//3642 259//3642 230//3642
f 1470//3643 872//3643 873//3643
f 260//3644 1469//3644 221//3644
f 220//3645 221//3645 1469//3645 1470//3645
f 229//3646 103//3646 872//3646
f 874//3647 875//3647 841//3647 1472//3647
f 232//3648 1472//3648 1471//3648 233//3648
f 869//3649 874//3649 1472//3649 232//3649
f 1474//3650 1473//3650 221//3650 220//3650
f 840//3651 1471//3651 841//3651
f 1473//3652 183//3652 260//3652 221//3652
f 1474//3653 876//3653 836//3653
f 183//3654 1473//3654 205//3654
f 204//3655 205//3655 1473//3655 1474//3655
f 220//3656 873//3656 876//3656
f 199//3657 200//3657 205//3657 204//3657
f 1475//3658 249//3658 858//3658
f 249//3659 877//3659 878//3659
f 285//3660 1475//3660 1459//3660
f 276//3661 250//3661 1475//3661
f 249//3662 848//3662 877//3662
f 858//3663 878//3663 863//3663
f 880//3664 199//3664 204//3664 879//3664
f 1477//3665 1476//3665 906//3665 907//3665
f 141//3666 205//3666 200//3666
f 204//3667 836//3667 879//3667
f 286//3668 287//3668 1476//3668 1477//3668
f 1477//3669 909//3669 905//3669
f 244//3670 1476//3670 287//3670
f 244//3671 906//3671 1476//3671
f 907//3672 908//3672 909//3672
f 1480//3673 1479//3673 897//3673 898//3673
f 1478//3674 902//3674 269//3674
f 902//3675 910//3675 911//3675
f 184//3676 1478//3676 1483//3676
f 184//3677 901//3677 1478//3677
f 902//3678 903//3678 910//3678
f 269//3679 911//3679 109//3679
f 907//3680 906//3680 1479//3680 1480//3680
f 1480//3681 912//3681 908//3681
f 26//3682 1479//3682 906//3682
f 26//3683 897//3683 1479//3683
f 898//3684 899//3684 912//3684
f 1481//3685 264//3685 895//3685 896//3685
f 264//3686 1481//3686 263//3686
f 1481//3687 913//3687 914//3687
f 253//3688 895//3688 264//3688
f 107//3689 255//3689 1482//3689 915//3689
f 256//3690 890//3690 1482//3690
f 1482//3691 891//3691 892//3691
f 1486//3692 1485//3692 256//3692 255//3692
f 256//3693 1482//3693 255//3693
f 1483//3694 1484//3694 254//3694
f 1484//3695 109//3695 916//3695
f 139//3696 1483//3696 1487//3696
f 1483//3697 269//3697 1484//3697
f 254//3698 916//3698 106//3698
f 240//3699 241//3699 1485//3699 1486//3699
f 1486//3700 917//3700 918//3700
f 226//3701 1485//3701 241//3701
f 226//3702 256//3702 1485//3702
f 255//3703 107//3703 917//3703
f 1487//3704 237//3704 16//3704 139//3704
f 1488//3705 106//3705 919//3705
f 919//3706 105//3706 236//3706 1488//3706
f 1487//3707 254//3707 1488//3707
f 1488//3708 236//3708 237//3708 1487//3708
f 236//3709 1490//3709 1489//3709 237//3709
f 105//3710 920//3710 1490//3710 236//3710
f 920//3711 882//3711 227//3711 1490//3711
f 1490//3712 227//3712 228//3712 1489//3712
f 1491//3713 890//3713 25//3713 257//3713
f 891//3714 1492//3714 921//3714
f 263//3715 1492//3715 1491//3715 264//3715
f 1494//3716 1493//3716 241//3716 240//3716
f 1492//3717 263//3717 108//3717
f 890//3718 1491//3718 891//3718
f 902//3719 901//3719 1493//3719 1494//3719
f 1494//3720 922//3720 903//3720
f 184//3721 1493//3721 901//3721
f 226//3722 241//3722 1493//3722
f 240//3723 918//3723 922//3723
f 206//3724 207//3724 287//3724 286//3724
f 924//3725 206//3725 286//3725 923//3725
f 227//3726 1495//3726 897//3726 228//3726
f 253//3727 287//3727 207//3727
f 286//3728 905//3728 923//3728
f 882//3729 925//3729 1495//3729 227//3729
f 899//3730 898//3730 1495//3730 925//3730
f 27//3731 16//3731 228//3731
f 1496//3732 895//3732 207//3732 206//3732
f 897//3733 1495//3733 898//3733
f 895//3734 1496//3734 896//3734
f 1496//3735 926//3735 927//3735
f 253//3736 207//3736 895//3736
f 926//3737 1496//3737 206//3737 924//3737
f 1498//3738 957//3738 956//3738 1497//3738
f 896//3739 927//3739 913//3739
f 243//3740 1497//3740 192//3740 23//3740
f 957//3741 1498//3741 959//3741
f 242//3742 1498//3742 1497//3742 243//3742
f 960//3743 961//3743 952//3743 1499//3743
f 1498//3744 242//3744 950//3744
f 201//3745 1499//3745 951//3745 202//3745
f 223//3746 219//3746 951//3746
f 979//3747 960//3747 1499//3747 201//3747
f 215//3748 1500//3748 928//3748 216//3748
f 111//3749 962//3749 1500//3749 215//3749
f 962//3750 930//3750 929//3750 1500//3750
f 956//3751 273//3751 193//3751 192//3751
f 272//3752 1501//3752 963//3752
f 957//3753 1501//3753 273//3753 956//3753
f 1503//3754 248//3754 1502//3754 1504//3754
f 1501//3755 957//3755 958//3755
f 272//3756 1504//3756 1502//3756 273//3756
f 1504//3757 113//3757 964//3757
f 193//3758 1502//3758 248//3758
f 953//3759 247//3759 1503//3759 964//3759
f 1504//3760 272//3760 113//3760
f 1506//3761 242//3761 243//3761 1505//3761
f 248//3762 1503//3762 247//3762
f 965//3763 966//3763 242//3763 1506//3763
f 952//3764 1506//3764 1505//3764 951//3764
f 23//3765 223//3765 243//3765
f 961//3766 965//3766 1506//3766 952//3766
f 968//3767 1508//3767 247//3767 967//3767
f 1507//3768 247//3768 1508//3768
f 112//3769 222//3769 1508//3769 968//3769
f 134//3770 1507//3770 218//3770
f 15//3771 248//3771 1507//3771
f 247//3772 953//3772 967//3772
f 222//3773 218//3773 1507//3773 1508//3773
f 969//3774 217//3774 222//3774 112//3774
f 218//3775 222//3775 217//3775
f 943//3776 1509//3776 216//3776 942//3776
f 972//3777 969//3777 970//3777
f 944//3778 971//3778 1509//3778 943//3778
f 942//3779 216//3779 24//3779 185//3779
f 971//3780 111//3780 215//3780 1509//3780
f 972//3781 973//3781 1510//3781 217//3781
f 973//3782 110//3782 213//3782 1510//3782
f 135//3783 134//3783 214//3783
f 214//3784 218//3784 217//3784
f 1511//3785 210//3785 935//3785 936//3785
f 210//3786 219//3786 212//3786 935//3786
f 1511//3787 974//3787 975//3787
f 110//3788 977//3788 1513//3788 213//3788
f 936//3789 937//3789 974//3789
f 210//3790 1511//3790 209//3790
f 1512//3791 942//3791 185//3791 135//3791
f 977//3792 944//3792 943//3792 1513//3792
f 1512//3793 214//3793 213//3793
f 977//3794 110//3794 976//3794
f 1513//3795 943//3795 942//3795 1512//3795
f 201//3796 202//3796 210//3796 209//3796
f 929//3797 1515//3797 1514//3797 928//3797
f 219//3798 210//3798 202//3798
f 209//3799 975//3799 978//3799
f 930//3800 980//3800 1515//3800 929//3800
f 937//3801 936//3801 1515//3801 980//3801
f 212//3802 1514//3802 935//3802
f 212//3803 928//3803 1514//3803
f 212//3804 24//3804 928//3804
f 936//3805 935//3805 1514//3805 1515//3805
f 1517//3806 453//3806 1516//3806 1518//3806
f 1446//3807 1455//3807 1453//3807 1444//3807
f 1518//3808 827//3808 1517//3808
f 57//3809 981//3809 453//3809
f 989//3810 831//3810 1455//3810 1446//3810
f 1453//3811 478//3811 56//3811 1444//3811
f 1250//3812 1232//3812 1229//3812 1247//3812
f 986//3813 531//3813 1232//3813 1250//3813
f 1247//3814 1229//3814 529//3814 983//3814
f 1236//3815 1234//3815 1240//3815 1241//3815
f 1239//3816 1236//3816 1241//3816 1244//3816
f 1234//3817 531//3817 986//3817 1240//3817
f 534//3818 1239//3818 1244//3818 988//3818
f 1214//3819 1009//3819 1008//3819 1212//3819
f 1212//3820 1008//3820 831//3820 989//3820
f 1009//3821 1214//3821 983//3821 529//3821
f 987//3822 1519//3822 1520//3822 1521//3822
f 815//3823 101//3823 1517//3823 1519//3823
f 1519//3824 1517//3824 827//3824 1520//3824
f 509//3825 815//3825 1519//3825 987//3825
f 1521//3826 988//3826 987//3826
f 455//3827 480//3827 479//3827 1194//3827
f 1201//3828 56//3828 1013//3828
f 1524//3829 1523//3829 473//3829 1522//3829
f 479//3830 981//3830 1194//3830
f 455//717 1193//717 480//717
f 1528//3831 1525//3831 1526//3831 1529//3831
f 1523//3832 1524//3832 792//3832
f 1529//3833 1526//3833 1527//3833 1530//3833
f 521//3834 1528//3834 1529//3834 1531//3834
f 1531//3835 1529//3835 1530//3835 1532//3835
f 1525//3836 518//3836 517//3836 1526//3836
f 518//3837 1525//3837 65//3837
f 520//3838 1531//3838 1532//3838 519//3838
f 517//3839 1527//3839 1526//3839
f 526//3840 65//3840 1525//3840 1528//3840
f 1531//3841 520//3841 521//3841
f 1528//3842 521//3842 526//3842
f 1535//3843 1534//3843 520//3843 519//3843
f 1533//3844 520//3844 1534//3844
f 1537//3845 1536//3845 1533//3845 1534//3845
f 1538//3846 1537//3846 1534//3846 1535//3846
f 1533//3847 524//3847 526//3847 521//3847
f 522//3848 523//3848 1536//3848 1537//3848
f 1537//3849 1538//3849 522//3849
f 1536//3850 525//3850 524//3850 1533//3850
f 525//3851 1536//3851 523//3851
f 783//3852 97//3852 1523//3852 1539//3852
f 1540//3853 1541//3853 1539//3853
f 1540//3854 1539//3854 1523//3854 792//3854
f 518//3855 1539//3855 1541//3855 517//3855
f 999//3856 1544//3856 1545//3856 1546//3856
f 1539//3857 518//3857 65//3857
f 171//3858 467//3858 468//3858
f 469//3859 1542//3859 471//3859
f 1542//3860 1543//3860 471//3860
f 568//3861 776//3861 1548//3861 1544//3861
f 1544//3862 1548//3862 1549//3862 1545//3862
f 563//3863 568//3863 1544//3863 999//3863
f 1546//3864 1000//3864 999//3864
f 1562//3865 1560//3865 1393//3865 1394//3865
f 1558//3866 1557//3866 1307//3866 1309//3866
f 991//3867 1393//3867 1560//3867
f 1557//3868 1562//3868 1394//3868 1307//3868
f 770//3869 1558//3869 1309//3869 998//3869
f 1553//3870 767//3870 996//3870 1300//3870
f 1555//3871 1553//3871 1300//3871 1301//3871
f 772//3872 1555//3872 1301//3872 1000//3872
f 1295//3873 1552//3873 1551//3873 1293//3873
f 993//3874 764//3874 1552//3874 1295//3874
f 1293//3875 1551//3875 770//3875 998//3875
f 552//3876 763//3876 1292//3876 555//3876
f 1548//3877 165//3877 1547//3877 1549//3877
f 555//3878 69//3878 761//3878
f 554//3879 991//3879 553//3879
f 599//3880 68//3880 12//3880
f 165//3881 550//3881 1292//3881 1547//3881
f 766//3882 1550//3882 1552//3882 765//3882
f 165//3883 1548//3883 166//3883
f 1551//3884 1552//3884 1550//3884
f 557//3885 71//3885 771//3885 1550//3885
f 1552//3886 764//3886 765//3886
f 1550//3887 771//3887 770//3887 1551//3887
f 559//3888 558//3888 766//3888 769//3888
f 1550//3889 766//3889 558//3889
f 764//3890 767//3890 765//3890
f 765//3891 768//3891 769//3891
f 1555//3892 1554//3892 769//3892 1553//3892
f 769//3893 768//3893 1553//3893
f 768//3894 767//3894 1553//3894
f 772//3895 773//3895 1554//3895 1555//3895
f 773//3896 72//3896 560//3896 1554//3896
f 1554//3897 560//3897 559//3897 769//3897
f 771//3898 1556//3898 1557//3898 1558//3898
f 158//3899 94//3899 1561//3899 1556//3899
f 1556//3900 1561//3900 1562//3900 1557//3900
f 71//3901 158//3901 1556//3901 771//3901
f 1558//3902 770//3902 771//3902
f 1561//3903 1559//3903 1560//3903 1562//3903
f 94//3904 572//3904 1559//3904 1561//3904
f 762//3905 1559//3905 572//3905
f 1398//3906 1546//3906 1545//3906 1396//3906
f 1396//3907 1545//3907 1549//3907 1003//3907
f 1546//3908 1398//3908 772//3908 1000//3908
f 551//3909 553//3909 991//3909 1560//3909
f 553//3910 551//3910 760//3910 68//3910
f 1003//3911 1549//3911 1547//3911 1001//3911
f 1001//3912 1547//3912 1292//3912 763//3912
usemtl metal
f 1715//735 1709//735 1584//735
f 1580//736 1724//736 1703//736 1704//736
f 1579//737 1585//737 1630//737
f 1586//735 1588//735 1582//735
f 1588//735 1589//735 1582//735
f 1589//735 1590//735 1582//735
f 1590//735 1591//735 1582//735
f 1591//735 1592//735 1582//735
f 1592//735 1593//735 1582//735
f 1593//735 1594//735 1582//735
f 1594//735 1595//735 1582//735
f 1595//735 1596//735 1582//735
f 1596//735 1587//735 1582//735
f 1666//735 1598//735 1715//735
f 1598//735 1599//735 1715//735
f 1599//735 1600//735 1715//735
f 1600//735 1601//735 1715//735
f 1601//735 1602//735 1715//735
f 1602//735 1603//735 1715//735
f 1603//735 1604//735 1715//735
f 1604//735 1605//735 1715//735
f 1605//735 1606//735 1715//735
f 1606//735 1597//735 1715//735
f 1660//738 1647//738 1629//738 1672//738
f 1646//739 1585//739 1647//739 1649//739
f 1635//740 1634//740 1583//740
f 1637//741 1641//741 1584//741
f 1630//742 1579//742 1583//742
f 1633//743 1632//743 1583//743
f 1639//1 1638//1 1584//1
f 1631//744 1635//744 1583//744
f 1641//741 1640//741 1584//741
f 1634//740 1633//740 1583//740
f 1632//743 1630//743 1583//743
f 1638//744 1636//744 1584//744
f 1640//741 1639//741 1584//741
f 1628//741 1637//741 1584//741
f 1653//738 1656//738 1655//738
f 1656//745 1657//745 1655//745
f 1657//738 1658//738 1655//738
f 1658//745 1659//745 1655//745
f 1659//745 1654//745 1655//745
f 1660//738 1661//738 1647//738
f 1661//738 1662//738 1647//738
f 1662//738 1663//738 1647//738
f 1663//745 1664//745 1647//745
f 1665//745 1667//745 1666//745
f 1667//738 1668//738 1666//738
f 1668//745 1669//745 1666//745
f 1669//738 1670//738 1666//738
f 1671//745 1673//745 1629//745
f 1673//738 1674//738 1629//738
f 1674//738 1675//738 1629//738
f 1675//738 1676//738 1629//738
f 1676//738 1672//738 1629//738
f 1679//746 1681//746 1680//746
f 1679//746 1682//746 1681//746
f 1679//746 1683//746 1682//746
f 1678//746 1684//746 1685//746
f 1678//747 1685//747 1686//747
f 1678//746 1686//746 1687//746
f 1678//746 1687//746 1688//746
f 1677//746 1690//746 1689//746
f 1677//746 1691//746 1690//746
f 1677//746 1692//746 1691//746
f 1677//746 1693//746 1692//746
f 1694//746 1696//746 1695//746
f 1694//746 1697//746 1696//746
f 1694//746 1698//746 1697//746
f 1694//746 1699//746 1698//746
f 1700//748 1701//748 1582//748
f 1701//749 1702//749 1582//749
f 1702//750 1703//750 1582//750
f 1704//751 1706//751 1705//751
f 1706//752 1707//752 1705//752
f 1707//753 1708//753 1705//753
f 1709//754 1711//754 1710//754
f 1711//755 1712//755 1710//755
f 1712//756 1713//756 1710//756
f 1713//757 1714//757 1710//757
f 1725//758 1716//758 1715//758
f 1716//759 1717//759 1715//759
f 1717//760 1718//760 1715//760
f 1582//761 1708//761 1700//761
f 1726//762 1728//762 1724//762
f 1728//763 1729//763 1724//763
f 1729//763 1730//763 1724//763
f 1730//762 1727//762 1724//762
f 1731//762 1733//762 1723//762
f 1733//764 1734//764 1723//764
f 1734//763 1735//763 1723//763
f 1735//762 1732//762 1723//762
f 1736//763 1737//763 1582//763
f 1740//763 1742//763 1715//763
f 1582//763 1738//763 1739//763
f 1582//762 1737//762 1738//762
f 1715//762 1744//762 1741//762
f 1715//763 1742//763 1743//763
f 1745//765 1747//765 1746//765
f 1745//766 1748//766 1747//766
f 1745//767 1749//767 1748//767
f 1753//768 1751//768 1750//768
f 1753//768 1750//768 1752//768
f 1754//769 1755//769 1756//769
f 1759//770 1757//770 1758//770
f 1582//735 1715//735 1597//735 1586//735
f 1719//3914 1762//3914 1765//3914 1720//3914
f 1722//3915 1720//3915 1765//3915 1771//3915
f 1722//3916 1771//3916 1766//3916 1721//3916
f 1710//3917 1705//3917 1708//3917 1583//3917 1584//3917 1709//3917
f 1581//3918 1714//3918 1725//3918 1723//3918
f 1581//3919 1580//3919 1704//3919 1705//3919 1710//3919 1714//3919
f 1715//763 1582//763 1739//763 1740//763
f 1608//3920 1586//3920 1597//3920 1618//3920
f 1647//735 1585//735 1607//735 1629//735
f 1694//746 1678//746 1679//746 1677//746
f 1584//735 1628//735 1666//735 1715//735
f 1628//3921 1637//3921 1647//3921
f 1583//735 1582//735 1587//735 1579//735
f 1642//3922 1648//3922 1636//3922 1631//3922
f 1627//3923 1598//3923 1666//3923 1629//3923
f 1626//3924 1599//3924 1598//3924 1627//3924
f 1625//3925 1600//3925 1599//3925 1626//3925
f 1624//3926 1601//3926 1600//3926 1625//3926
f 1602//3927 1601//3927 1624//3927 1623//3927
f 1603//3928 1602//3928 1623//3928 1622//3928
f 1604//3929 1603//3929 1622//3929 1621//3929
f 1605//3930 1604//3930 1621//3930 1620//3930
f 1606//3931 1605//3931 1620//3931 1619//3931
f 1597//3932 1606//3932 1619//3932 1618//3932
f 1609//3933 1607//3933 1587//3933 1596//3933
f 1610//3934 1609//3934 1596//3934 1595//3934
f 1611//3935 1610//3935 1595//3935 1594//3935
f 1612//3936 1611//3936 1594//3936 1593//3936
f 1592//3937 1613//3937 1612//3937 1593//3937
f 1591//3938 1614//3938 1613//3938 1592//3938
f 1590//3939 1615//3939 1614//3939 1591//3939
f 1589//3940 1616//3940 1615//3940 1590//3940
f 1588//3941 1617//3941 1616//3941 1589//3941
f 1586//3942 1608//3942 1617//3942 1588//3942
f 1607//3943 1585//3943 1579//3943 1587//3943
f 1627//735 1629//735 1607//735 1609//735
f 1626//735 1627//735 1609//735 1610//735
f 1625//735 1626//735 1610//735 1611//735
f 1624//735 1625//735 1611//735 1612//735
f 1623//735 1624//735 1612//735 1613//735
f 1622//735 1623//735 1613//735 1614//735
f 1615//735 1621//735 1622//735 1614//735
f 1620//735 1621//735 1615//735 1616//735
f 1617//735 1619//735 1620//735 1616//735
f 1608//735 1618//735 1619//735 1617//735
f 1677//3944 1679//3944 1665//3944 1654//3944
f 1683//3945 1688//3945 1671//3945 1670//3945
f 1628//738 1647//738 1664//738 1653//738 1655//738
f 1671//738 1629//738 1666//738 1670//738
f 1678//3946 1694//3946 1660//3946 1672//3946
f 1654//738 1665//738 1666//738 1628//738 1655//738
f 1646//3947 1632//3947 1630//3947 1585//3947
f 1645//3948 1633//3948 1632//3948 1646//3948
f 1634//3949 1633//3949 1645//3949 1644//3949
f 1635//3950 1634//3950 1644//3950 1643//3950
f 1631//3951 1635//3951 1643//3951 1642//3951
f 1649//3952 1647//3952 1637//3952 1641//3952
f 1650//3953 1649//3953 1641//3953 1640//3953
f 1639//3954 1651//3954 1650//3954 1640//3954
f 1638//3955 1652//3955 1651//3955 1639//3955
f 1636//3956 1648//3956 1652//3956 1638//3956
f 1633//3957 1634//3957 1635//3957 1631//3957 1636//3957 1638//3957 1639//3957 1640//3957 1641//3957 1637//3957 1628//3957 1579//3957 1630//3957 1632//3957
f 1645//3958 1646//3958 1649//3958 1650//3958
f 1644//3958 1645//3958 1650//3958 1651//3958
f 1652//3958 1643//3958 1644//3958 1651//3958
f 1642//739 1643//739 1652//739 1648//739
f 1583//3959 1584//3959 1636//3959 1631//3959
f 1667//3960 1665//3960 1679//3960 1680//3960
f 1668//3961 1667//3961 1680//3961 1681//3961
f 1669//3962 1668//3962 1681//3962 1682//3962
f 1670//3963 1669//3963 1682//3963 1683//3963
f 1684//3964 1678//3964 1672//3964 1676//3964
f 1685//3965 1684//3965 1676//3965 1675//3965
f 1686//3966 1685//3966 1675//3966 1674//3966
f 1687//3967 1686//3967 1674//3967 1673//3967
f 1688//3968 1687//3968 1673//3968 1671//3968
f 1690//3969 1656//3969 1653//3969 1689//3969
f 1691//3970 1657//3970 1656//3970 1690//3970
f 1692//3971 1658//3971 1657//3971 1691//3971
f 1693//3972 1659//3972 1658//3972 1692//3972
f 1677//3973 1654//3973 1659//3973 1693//3973
f 1695//3974 1661//3974 1660//3974 1694//3974
f 1696//3975 1662//3975 1661//3975 1695//3975
f 1697//3976 1663//3976 1662//3976 1696//3976
f 1698//3977 1664//3977 1663//3977 1697//3977
f 1689//3978 1653//3978 1664//3978 1699//3978
f 1664//3979 1698//3979 1699//3979
f 1699//746 1694//746 1677//746 1689//746
f 1688//746 1683//746 1679//746 1678//746
f 1707//3980 1701//3980 1700//3980 1708//3980
f 1706//3981 1702//3981 1701//3981 1707//3981
f 1704//3982 1703//3982 1702//3982 1706//3982
f 1711//3983 1709//3983 1715//3983 1718//3983
f 1712//3984 1711//3984 1718//3984 1717//3984
f 1713//3985 1712//3985 1717//3985 1716//3985
f 1714//3986 1713//3986 1716//3986 1725//3986
f 1723//3987 1724//3987 1768//3987 1769//3987
f 1582//3988 1583//3988 1708//3988
f 1580//3989 1581//3989 1763//3989 1760//3989
f 1581//3990 1723//3990 1769//3990 1763//3990
f 1768//3991 1724//3991 1580//3991 1760//3991
f 1756//3992 1736//3992 1727//3992 1751//3992
f 1754//3993 1759//3993 1740//3993 1739//3993
f 1753//3994 1745//3994 1759//3994 1754//3994
f 1726//763 1724//763 1723//763 1732//763
f 1736//3995 1582//3995 1703//3995 1724//3995 1727//3995
f 1715//3996 1741//3996 1731//3996 1723//3996 1725//3996
f 1757//3997 1746//3997 1731//3997 1741//3997
f 1733//3998 1731//3998 1746//3998 1747//3998
f 1734//3999 1733//3999 1747//3999 1748//3999
f 1735//4000 1734//4000 1748//4000 1749//4000
f 1732//4001 1735//4001 1749//4001 1745//4001
f 1730//4002 1750//4002 1751//4002 1727//4002
f 1729//4003 1752//4003 1750//4003 1730//4003
f 1728//4004 1753//4004 1752//4004 1729//4004
f 1755//4005 1754//4005 1739//4005 1738//4005
f 1753//4006 1728//4006 1726//4006
f 1736//4007 1756//4007 1755//4007 1737//4007
f 1738//4008 1737//4008 1755//4008
f 1758//4009 1757//4009 1741//4009 1744//4009
f 1742//4010 1759//4010 1758//4010 1743//4010
f 1758//4011 1744//4011 1743//4011
f 1745//4012 1753//4012 1726//4012 1732//4012
f 1759//4013 1742//4013 1740//4013
f 1751//4014 1753//4014 1754//4014 1756//4014
f 1715//763 1743//763 1744//763
f 1757//770 1759//770 1745//770 1746//770
f 1767//4015 1768//4015 1760//4015 1761//4015
f 1766//4016 1767//4016 1761//4016 1762//4016
f 1761//4017 1760//4017 1763//4017 1764//4017
f 1762//4018 1761//4018 1764//4018 1765//4018
f 1770//4019 1764//4019 1763//4019 1769//4019
f 1771//4020 1765//4020 1764//4020 1770//4020
f 1770//4021 1769//4021 1768//4021 1767//4021
f 1771//4022 1770//4022 1767//4022 1766//4022
f 1721//4023 1766//4023 1762//4023 1719//4023
usemtl wood
f 1564//735 1563//735 1566//735 1565//735
f 2872//3913 2870//3913 2871//3913 2873//3913
f 2876//1 2872//1 2873//1 2877//1
f 2874//1108 2876//1108 2877//1108 2875//1108
f 2870//735 2874//735 2875//735 2871//735
f 2870//1107 2872//1107 2876//1107 2874//1107
f 2875//1106 2877//1106 2873//1106 2871//1106
f 2880//3913 2878//3913 2879//3913 2881//3913
f 2884//1 2880//1 2881//1 2885//1
f 2882//1108 2884//1108 2885//1108 2883//1108
f 2878//735 2882//735 2883//735 2879//735
f 2878//1107 2880//1107 2884//1107 2882//1107
f 2883//1106 2885//1106 2881//1106 2879//1106
f 2888//3913 2886//3913 2887//3913 2889//3913
f 2892//1 2888//1 2889//1 2893//1
f 2890//1108 2892//1108 2893//1108 2891//1108
f 2886//735 2890//735 2891//735 2887//735
f 2886//1107 2888//1107 2892//1107 2890//1107
f 2891//1106 2893//1106 2889//1106 2887//1106
f 2896//3913 2894//3913 2895//3913 2897//3913
f 2900//1 2896//1 2897//1 2901//1
f 2898//1108 2900//1108 2901//1108 2899//1108
f 2894//735 2898//735 2899//735 2895//735
f 2894//1107 2896//1107 2900//1107 2898//1107
f 2899//1106 2901//1106 2897//1106 2895//1106
f 2904//3913 2902//3913 2903//3913 2905//3913
f 2908//1 2904//1 2905//1 2909//1
f 2906//1108 2908//1108 2909//1108 2907//1108
f 2902//735 2906//735 2907//735 2903//735
f 2902//1107 2904//1107 2908//1107 2906//1107
f 2907//1106 2909//1106 2905//1106 2903//1106
f 2912//3913 2910//3913 2911//3913 2913//3913
f 2916//1 2912//1 2913//1 2917//1
f 2914//1108 2916//1108 2917//1108 2915//1108
f 2910//735 2914//735 2915//735 2911//735
f 2910//1107 2912//1107 2916//1107 2914//1107
f 2915//1106 2917//1106 2913//1106 2911//1106
usemtl metal
f 1575//1106 1569//1106 1568//1106 1574//1106
f 1573//1107 1567//1107 1570//1107 1576//1107
f 1577//1108 1566//1108 1563//1108 1571//1108
f 1572//1106 1565//1106 1566//1106 1577//1106
f 1571//1107 1563//1107 1564//1107 1578//1107
f 1578//3913 1564//3913 1565//3913 1572//3913
f 1577//1 1571//1 1574//1 1573//1
f 1578//1 1575//1 1574//1 1571//1
f 1572//1 1576//1 1575//1 1578//1
f 1577//1 1573//1 1576//1 1572//1
f 1576//1108 1570//1108 1569//1108 1575//1108
f 1574//3913 1568//3913 1567//3913 1573//3913
usemtl metal
f 1567//1 1568//1 1569//1 1570//1
s 1
usemtl metal
f 1899//840 1886//841 1885//842
f 1900//843 1887//844 1886//841
f 1901//845 1888//846 1887//844
f 1896//847 1884//848 1883//849
f 1801//4029 1803//805 1805//808 1808//811 1809//4030 1773//772 1776//775 1778//778 1780//4025 1782//781 1784//784 1786//787 1789//790 1791//793 1792//4027 1795//796 1797//799 1799//802
f 1838//4049 1837//834 1836//4050 1835//4051 1834//4052 1833//4053 1832//839 1831//4054 1830//835 1829//4055 1848//4056 1847//4057 1846//4058 1845//4059 1844//4060 1843//4034 1842//4033 1841//4061 1840//837 1839//4062
f 1850//3913 1892//4063 1881//4064 1851//3913
f 1850//3913 1849//3913 1892//4063
f 1852//3913 1881//4064 1882//4065 1853//3913
f 1852//3913 1851//3913 1881//4064
f 1882//4065 1883//849 1856//3913 1855//3913
f 1854//3913 1853//3913 1882//4065
f 1882//4065 1855//3913 1854//3913
f 1858//3913 1883//849 1884//848 1859//3913
f 1883//849 1857//3913 1856//3913
f 1858//3913 1857//3913 1883//849
f 1884//848 1885//842 1862//3913 1861//3913
f 1860//3913 1859//3913 1884//848
f 1884//848 1861//3913 1860//3913
f 1864//3913 1885//842 1886//841 1865//3913
f 1885//842 1863//3913 1862//3913
f 1864//3913 1863//3913 1885//842
f 1866//3913 1886//841 1887//844 1867//3913
f 1866//3913 1865//3913 1886//841
f 1868//3913 1887//844 1888//846 1869//3913
f 1868//3913 1867//3913 1887//844
f 1888//846 1889//4066 1872//3913 1871//3913
f 1870//3913 1869//3913 1888//846
f 1888//846 1871//3913 1870//3913
f 1889//4066 1890//4067 1875//3913 1874//3913
f 1889//4066 1873//3913 1872//3913
f 1874//3913 1873//3913 1889//4066
f 1890//4067 1891//4068 1878//3913 1877//3913
f 1876//3913 1875//3913 1890//4067
f 1890//4067 1877//3913 1876//3913
f 1879//3913 1891//4068 1892//4063 1880//3913
f 1891//4068 1879//3913 1878//3913
f 1849//3913 1880//3913 1892//4063
f 1881//4064 1892//4063 1906//4069 1893//4070
f 1900//843 1899//840 1898//4071 1897//4072 1896//847 1895//4073 1894//4074 1893//4070 1906//4069 1905//4075 1904//4076 1903//4077 1902//4078 1901//845
f 1898//4071 1899//840 1885//842
f 1891//4068 1890//4067 1904//4076 1905//4075
f 1882//4065 1881//4064 1893//4070 1894//4074
f 1899//840 1900//843 1886//841
f 1892//4063 1891//4068 1905//4075 1906//4069
f 1883//849 1882//4065 1894//4074 1895//4073
f 1900//843 1901//845 1887//844
f 1889//4066 1888//846 1902//4078 1903//4077
f 1901//845 1902//4078 1888//846
f 1895//4073 1896//847 1883//849
f 1890//4067 1889//4066 1903//4077 1904//4076
f 1896//847 1897//4072 1884//848
f 1885//842 1884//848 1897//4072 1898//4071
f 1958//4084 1960//872 1962//875 1964//878 1966//881 1968//884 1971//887 1972//4086 1974//890 1939//4079 1941//851 1943//854 1945//857 1947//860 1950//863 1952//866 1954//4081 1956//869
f 2065//942 2064//934 2063//951 2062//949 2061//947 2060//945 2059//940 2058//931 2071//944 2070//937 2069//4104 2068//4109 2067//4108 2066//4107
f 2104//4079 2106//953 2107//4112 2109//956 2111//4025 2113//959 2115//4115 2117//962 2119//965 2121//968 2123//4116 2125//971 2127//875 2129//878 2131//978 2133//4119 2135//981 2137//984 2139//987
f 2227//1026 2226//1023 2225//4153 2224//4154 2237//4155 2236//4148 2235//4147 2234//4156 2233//4157 2232//1021 2231//1019 2230//1016 2229//1028 2228//4158
usemtl metal
f 1907//771 1773//772 1810//773
f 1909//774 1776//775 1908//776
f 1911//777 1778//778 1910//779
f 1914//780 1782//781 1913//782
f 1916//783 1784//784 1915//785
f 1918//786 1786//787 1917//788
f 1920//789 1789//790 1919//791
f 1922//792 1791//793 1921//794
f 1925//795 1795//796 1924//797
f 1927//798 1797//799 1926//800
f 1929//801 1799//802 1928//803
f 1932//804 1803//805 1931//806
f 1934//807 1805//808 1933//809
f 1936//810 1808//811 1935//812
f 1775//813 1812//814 1774//815
f 1814//816 1777//817 1779//818
f 1783//819 1816//820 1781//821
f 1785//822 1817//823 1783//819
f 1818//824 1785//822 1787//825
f 1794//826 1821//827 1793//828
f 1796//829 1822//830 1794//826
f 1825//831 1800//832 1802//833
f 1837//834 1787//825 1785//822
f 1830//835 1774//815 1772//836
f 1840//837 1793//828 1790//838
f 1832//839 1777//817 1775//813
f 2073//850 1941//851 2072//852
f 2075//853 1943//854 2074//855
f 2077//856 1945//857 2076//858
f 2079//859 1947//860 2078//861
f 2081//862 1950//863 2080//864
f 2083//865 1952//866 2082//867
f 2086//868 1956//869 2085//870
f 2089//871 1960//872 2088//873
f 2091//874 1962//875 2090//876
f 2093//877 1964//878 2092//879
f 2095//880 1966//881 2094//882
f 2097//883 1968//884 2096//885
f 2099//886 1971//887 2098//888
f 2102//889 1974//890 2101//891
f 1940//892 1976//893 1938//894
f 1942//895 1977//896 1940//892
f 1982//897 1951//898 1953//899
f 1984//900 1955//901 1957//902
f 1959//903 1985//904 1957//902
f 1961//905 1986//906 1959//903
f 1987//907 1961//905 1963//908
f 1988//909 1963//908 1965//910
f 1990//911 1967//912 1969//913
f 1973//914 1992//915 1970//916
f 1938//894 1993//917 1973//914
f 1998//918 1948//919 1946//920
f 2000//921 1951//898 1949//922
f 2009//923 1970//916 1969//913
f 1994//924 1940//892 1938//894
f 2002//925 1957//902 1955//901
f 2010//926 1973//914 1970//916
f 1995//927 1942//895 1940//892
f 2003//928 1959//903 1957//902
f 2011//929 1938//894 1973//914
f 2004//930 1961//905 1959//903
f 2239//952 2106//953 2238//954
f 2242//955 2109//956 2241//957
f 2245//958 2113//959 2244//960
f 2248//961 2117//962 2247//963
f 2250//964 2119//965 2249//966
f 2252//967 2121//968 2251//969
f 2255//970 2125//971 2254//972
f 2257//973 2127//875 2256//974
f 2259//975 2129//878 2258//976
f 2261//977 2131//978 2260//979
f 2264//980 2135//981 2263//982
f 2266//983 2137//984 2265//985
f 2268//986 2139//987 2267//988
f 2108//989 2143//990 2105//991
f 2110//992 2144//993 2108//989
f 2146//994 2112//995 2114//996
f 2122//997 2150//998 2120//999
f 2151//1000 2122//997 2124//1001
f 2126//1002 2152//1003 2124//1001
f 2128//1004 2153//1005 2126//1002
f 2132//1006 2155//1007 2130//910
f 2134//1008 2156//1009 2132//1006
f 2120//999 2168//1010 2122//997
f 2169//1011 2124//1001 2122//997
f 2177//1012 2103//1013 2138//1014
f 2170//1015 2126//1002 2124//1001
f 1773//772 1907//771 1908//776 1776//775
f 1776//775 1909//774 1910//779 1778//778
f 1778//778 1911//777 1912//4024 1780//4025
f 1780//4025 1912//4024 1913//782 1782//781
f 1782//781 1914//780 1915//785 1784//784
f 1784//784 1916//783 1917//788 1786//787
f 1786//787 1918//786 1919//791 1789//790
f 1789//790 1920//789 1921//794 1791//793
f 1791//793 1922//792 1923//4026 1792//4027
f 1792//4027 1923//4026 1924//797 1795//796
f 1795//796 1925//795 1926//800 1797//799
f 1797//799 1927//798 1928//803 1799//802
f 1799//802 1929//801 1930//4028 1801//4029
f 1801//4029 1930//4028 1931//806 1803//805
f 1803//805 1932//804 1933//809 1805//808
f 1805//808 1934//807 1935//812 1808//811
f 1809//4030 1808//811 1936//810 1937//4031
f 1809//4030 1937//4031 1810//773 1773//772
f 1798//4032 1796//829 1842//4033 1843//4034
f 1907//771 1811//4035 1812//814 1908//776
f 1811//4035 1907//771 1810//773
f 1909//774 1812//814 1813//4036 1910//779
f 1812//814 1909//774 1908//776
f 1813//4036 1814//816 1911//777 1910//779
f 1814//816 1815//4037 1913//782 1912//4024
f 1912//4024 1911//777 1814//816
f 1815//4037 1816//820 1914//780 1913//782
f 1915//785 1816//820 1817//823 1916//783
f 1915//785 1914//780 1816//820
f 1817//823 1818//824 1918//786 1917//788
f 1817//823 1917//788 1916//783
f 1919//791 1818//824 1819//4038 1920//789
f 1919//791 1918//786 1818//824
f 1819//4038 1820//4039 1922//792 1921//794
f 1921//794 1920//789 1819//4038
f 1820//4039 1821//827 1924//797 1923//4026
f 1923//4026 1922//792 1820//4039
f 1925//795 1821//827 1822//830 1926//800
f 1925//795 1924//797 1821//827
f 1822//830 1823//4040 1928//803 1927//798
f 1927//798 1926//800 1822//830
f 1929//801 1823//4040 1824//4041 1930//4028
f 1823//4040 1929//801 1928//803
f 1930//4028 1824//4041 1825//831 1931//806
f 1825//831 1826//4042 1933//809 1932//804
f 1932//804 1931//806 1825//831
f 1934//807 1826//4042 1827//4043 1935//812
f 1826//4042 1934//807 1933//809
f 1827//4043 1828//4044 1936//810 1935//812
f 1828//4044 1811//4035 1810//773 1937//4031
f 1937//4031 1936//810 1828//4044
f 1811//4035 1772//836 1774//815 1812//814
f 1813//4036 1775//813 1777//817 1814//816
f 1775//813 1813//4036 1812//814
f 1779//818 1781//821 1816//820 1815//4037
f 1779//818 1815//4037 1814//816
f 1787//825 1788//4045 1819//4038 1818//824
f 1817//823 1816//820 1783//819
f 1818//824 1817//823 1785//822
f 1788//4045 1790//838 1820//4039 1819//4038
f 1820//4039 1790//838 1793//828 1821//827
f 1796//829 1798//4032 1823//4040 1822//830
f 1794//826 1822//830 1821//827
f 1798//4032 1800//832 1824//4041 1823//4040
f 1802//833 1804//4046 1826//4042 1825//831
f 1800//832 1825//831 1824//4041
f 1804//4046 1806//4047 1827//4043 1826//4042
f 1827//4043 1806//4047 1807//4048 1828//4044
f 1828//4044 1807//4048 1772//836 1811//4035
f 1783//819 1781//821 1834//4052 1835//4051
f 1800//832 1798//4032 1843//4034 1844//4060
f 1785//822 1783//819 1835//4051 1836//4050
f 1802//833 1800//832 1844//4060 1845//4059
f 1836//4050 1837//834 1785//822
f 1804//4046 1802//833 1845//4059 1846//4058
f 1788//4045 1787//825 1837//834 1838//4049
f 1806//4047 1804//4046 1846//4058 1847//4057
f 1829//4055 1830//835 1772//836
f 1790//838 1788//4045 1838//4049 1839//4062
f 1775//813 1774//815 1830//835 1831//4054
f 1807//4048 1806//4047 1847//4057 1848//4056
f 1772//836 1807//4048 1848//4056 1829//4055
f 1839//4062 1840//837 1790//838
f 1831//4054 1832//839 1775//813
f 1794//826 1793//828 1840//837 1841//4061
f 1779//818 1777//817 1832//839 1833//4053
f 1796//829 1794//826 1841//4061 1842//4033
f 1781//821 1779//818 1833//4053 1834//4052
f 1939//4079 1975//4080 2072//852 1941//851
f 1941//851 2073//850 2074//855 1943//854
f 1943//854 2075//853 2076//858 1945//857
f 1945//857 2077//856 2078//861 1947//860
f 1947//860 2079//859 2080//864 1950//863
f 1950//863 2081//862 2082//867 1952//866
f 1954//4081 1952//866 2083//865 2084//4082
f 1954//4081 2084//4082 2085//870 1956//869
f 1956//869 2086//868 2087//4083 1958//4084
f 1958//4084 2087//4083 2088//873 1960//872
f 1960//872 2089//871 2090//876 1962//875
f 1962//875 2091//874 2092//879 1964//878
f 1964//878 2093//877 2094//882 1966//881
f 1966//881 2095//880 2096//885 1968//884
f 1968//884 2097//883 2098//888 1971//887
f 1971//887 2099//886 2100//4085 1972//4086
f 1972//4086 2100//4085 2101//891 1974//890
f 1974//890 2102//889 1975//4080 1939//4079
f 1963//908 1961//905 2005//4087 2006//4088
f 1975//4080 1993//917 1976//893 2072//852
f 1976//893 1977//896 2074//855 2073//850
f 1976//893 2073//850 2072//852
f 2075//853 1977//896 1978//4089 2076//858
f 2075//853 2074//855 1977//896
f 1978//4089 1979//4090 2078//861 2077//856
f 2077//856 2076//858 1978//4089
f 2079//859 1979//4090 1980//4091 2080//864
f 2079//859 2078//861 1979//4090
f 1980//4091 1981//4092 2081//862 2080//864
f 2082//867 1981//4092 1982//897 2083//865
f 1981//4092 2082//867 2081//862
f 2084//4082 1982//897 1983//4093 2085//870
f 2084//4082 2083//865 1982//897
f 1983//4093 1984//900 2086//868 2085//870
f 2087//4083 1984//900 1985//904 2088//873
f 1984//900 2087//4083 2086//868
f 1985//904 1986//906 2090//876 2089//871
f 1985//904 2089//871 2088//873
f 1986//906 1987//907 2092//879 2091//874
f 1986//906 2091//874 2090//876
f 1987//907 1988//909 2094//882 2093//877
f 2093//877 2092//879 1987//907
f 2095//880 1988//909 1989//4094 2096//885
f 1988//909 2095//880 2094//882
f 2096//885 1989//4094 1990//911 2097//883
f 2098//888 1990//911 1991//4095 2099//886
f 1990//911 2098//888 2097//883
f 1991//4095 1992//915 2100//4085 2099//886
f 1992//915 1993//917 2102//889 2101//891
f 2101//891 2100//4085 1992//915
f 1977//896 1942//895 1944//4096 1978//4089
f 1993//917 1975//4080 2102//889
f 1938//894 1976//893 1993//917
f 1940//892 1977//896 1976//893
f 1978//4089 1944//4096 1946//920 1979//4090
f 1979//4090 1946//920 1948//919 1980//4091
f 1948//919 1949//922 1981//4092 1980//4091
f 1949//922 1951//898 1982//897 1981//4092
f 1953//899 1955//901 1984//900 1983//4093
f 1983//4093 1982//897 1953//899
f 1988//909 1965//910 1967//912 1989//4094
f 1957//902 1985//904 1984//900
f 1959//903 1986//906 1985//904
f 1961//905 1987//907 1986//906
f 1963//908 1988//909 1987//907
f 1990//911 1969//913 1970//916 1991//4095
f 1990//911 1989//4094 1967//912
f 1992//915 1991//4095 1970//916
f 1973//914 1993//917 1992//915
f 1999//4100 1949//922 1948//919 1998//918
f 1965//910 1963//908 2006//4088 2007//4098
f 1967//912 1965//910 2007//4098 2008//4097
f 1999//4100 2000//921 1949//922
f 1953//899 1951//898 2000//921 2001//4099
f 1969//913 1967//912 2008//4097 2009//923
f 1955//901 1953//899 2001//4099 2002//925
f 2011//929 1994//924 1938//894
f 1944//4096 1942//895 1995//927 1996//4102
f 2009//923 2010//926 1970//916
f 1994//924 1995//927 1940//892
f 2002//925 2003//928 1957//902
f 2010//926 2011//929 1973//914
f 1946//920 1944//4096 1996//4102 1997//4101
f 2003//928 2004//930 1959//903
f 2004//930 2005//4087 1961//905
f 1997//4101 1998//918 1946//920
f 2104//4079 2140//4110 2238//954 2106//953
f 2106//953 2239//952 2240//4111 2107//4112
f 2107//4112 2240//4111 2241//957 2109//956
f 2109//956 2242//955 2243//4113 2111//4025
f 2111//4025 2243//4113 2244//960 2113//959
f 2113//959 2245//958 2246//4114 2115//4115
f 2115//4115 2246//4114 2247//963 2117//962
f 2117//962 2248//961 2249//966 2119//965
f 2119//965 2250//964 2251//969 2121//968
f 2123//4116 2121//968 2252//967 2253//4117
f 2123//4116 2253//4117 2254//972 2125//971
f 2125//971 2255//970 2256//974 2127//875
f 2127//875 2257//973 2258//976 2129//878
f 2129//878 2259//975 2260//979 2131//978
f 2131//978 2261//977 2262//4118 2133//4119
f 2133//4119 2262//4118 2263//982 2135//981
f 2135//981 2264//980 2265//985 2137//984
f 2137//984 2266//983 2267//988 2139//987
f 2139//987 2268//986 2140//4110 2104//4079
f 2128//1004 2126//1002 2171//4087 2172//4088
f 2238//954 2141//4120 2142//4121 2239//952
f 2141//4120 2238//954 2140//4110
f 2239//952 2142//4121 2143//990 2240//4111
f 2143//990 2144//993 2242//955 2241//957
f 2241//957 2240//4111 2143//990
f 2243//4113 2144//993 2145//4122 2244//960
f 2243//4113 2242//955 2144//993
f 2145//4122 2146//994 2245//958 2244//960
f 2246//4114 2146//994 2147//4123 2247//963
f 2146//994 2246//4114 2245//958
f 2147//4123 2148//4124 2248//961 2247//963
f 2249//966 2148//4124 2149//4125 2250//964
f 2148//4124 2249//966 2248//961
f 2149//4125 2150//998 2252//967 2251//969
f 2149//4125 2251//969 2250//964
f 2150//998 2151//1000 2254//972 2253//4117
f 2253//4117 2252//967 2150//998
f 2255//970 2151//1000 2152//1003 2256//974
f 2255//970 2254//972 2151//1000
f 2152//1003 2153//1005 2258//976 2257//973
f 2152//1003 2257//973 2256//974
f 2259//975 2153//1005 2154//4126 2260//979
f 2259//975 2258//976 2153//1005
f 2154//4126 2155//1007 2261//977 2260//979
f 2262//4118 2155//1007 2156//1009 2263//982
f 2155//1007 2262//4118 2261//977
f 2264//980 2156//1009 2157//4127 2265//985
f 2156//1009 2264//980 2263//982
f 2157//4127 2158//4128 2266//983 2265//985
f 2267//988 2158//4128 2159//4129 2268//986
f 2158//4128 2267//988 2266//983
f 2159//4129 2141//4120 2140//4110 2268//986
f 2103//1013 2105//991 2142//4121 2141//4120
f 2145//4122 2110//992 2112//995 2146//994
f 2143//990 2142//4121 2105//991
f 2144//993 2143//990 2108//989
f 2110//992 2145//4122 2144//993
f 2114//996 2116//4130 2148//4124 2147//4123
f 2147//4123 2146//994 2114//996
f 2116//4130 2118//4131 2149//4125 2148//4124
f 2149//4125 2118//4131 2120//999 2150//998
f 2128//1004 2130//910 2155//1007 2154//4126
f 2151//1000 2150//998 2122//997
f 2152//1003 2151//1000 2124//1001
f 2126//1002 2153//1005 2152//1003
f 2128//1004 2154//4126 2153//1005
f 2134//1008 2136//4132 2158//4128 2157//4127
f 2132//1006 2156//1009 2155//1007
f 2134//1008 2157//4127 2156//1009
f 2136//4132 2138//1014 2159//4129 2158//4128
f 2138//1014 2103//1013 2141//4120 2159//4129
f 2114//996 2112//995 2164//4136 2165//4135
f 2130//910 2128//1004 2172//4088 2173//4144
f 2116//4130 2114//996 2165//4135 2166//4134
f 2132//1006 2130//910 2173//4144 2174//4143
f 2118//4131 2116//4130 2166//4134 2167//4133
f 2134//1008 2132//1006 2174//4143 2175//4142
f 2120//999 2118//4131 2167//4133 2168//1010
f 2177//1012 2160//4140 2103//1013
f 2105//991 2103//1013 2160//4140 2161//4139
f 2136//4132 2134//1008 2175//4142 2176//4141
f 2108//989 2105//991 2161//4139 2162//4138
f 2122//997 2168//1010 2169//1011
f 2138//1014 2136//4132 2176//4141 2177//1012
f 2110//992 2108//989 2162//4138 2163//4137
f 2169//1011 2170//1015 2124//1001
f 2112//995 2110//992 2163//4137 2164//4136
f 2170//1015 2171//4087 2126//1002
usemtl metal
f 2058//931 2045//932 2044//933
f 2064//934 2051//935 2050//936
f 2070//937 2057//938 2056//939
f 2059//940 2046//941 2045//932
f 2065//942 2052//943 2051//935
f 2071//944 2044//933 2057//938
f 2060//945 2047//946 2046//941
f 2061//947 2048//948 2047//946
f 2062//949 2049//950 2048//948
f 2063//951 2050//936 2049//950
f 1994//924 2011//929 2010//926 2009//923 2008//4097 2007//4098 2006//4088 2005//4087 2004//930 2003//928 2002//925 2001//4099 2000//921 1999//4100 1998//918 1997//4101 1996//4102 1995//927
f 2056//939 2055//4103 2069//4104 2070//937
f 2013//3913 2044//933 2045//932 2014//3913
f 2013//3913 2012//3913 2044//933
f 2015//3913 2045//932 2046//941 2016//3913
f 2015//3913 2014//3913 2045//932
f 2046//941 2047//946 2018//3913 2017//3913
f 2017//3913 2016//3913 2046//941
f 2047//946 2048//948 2021//3913 2020//3913
f 2019//3913 2018//3913 2047//946
f 2047//946 2020//3913 2019//3913
f 2023//3913 2048//948 2049//950 2024//3913
f 2022//3913 2021//3913 2048//948
f 2048//948 2023//3913 2022//3913
f 2025//3913 2049//950 2050//936 2026//3913
f 2025//3913 2024//3913 2049//950
f 2027//3913 2050//936 2051//935 2028//3913
f 2027//3913 2026//3913 2050//936
f 2029//3913 2051//935 2052//943 2030//3913
f 2029//3913 2028//3913 2051//935
f 2052//943 2053//4105 2033//3913 2032//3913
f 2031//3913 2030//3913 2052//943
f 2052//943 2032//3913 2031//3913
f 2034//3913 2053//4105 2054//4106 2035//3913
f 2034//3913 2033//3913 2053//4105
f 2054//4106 2055//4103 2038//3913 2037//3913
f 2054//4106 2036//3913 2035//3913
f 2037//3913 2036//3913 2054//4106
f 2039//3913 2055//4103 2056//939 2040//3913
f 2039//3913 2038//3913 2055//4103
f 2041//3913 2056//939 2057//938 2042//3913
f 2041//3913 2040//3913 2056//939
f 2043//3913 2057//938 2044//933 2012//3913
f 2043//3913 2042//3913 2057//938
f 2053//4105 2052//943 2066//4107 2067//4108
f 2063//951 2064//934 2050//936
f 2058//931 2059//940 2045//932
f 2064//934 2065//942 2051//935
f 2070//937 2071//944 2057//938
f 2059//940 2060//945 2046//941
f 2065//942 2066//4107 2052//943
f 2054//4106 2053//4105 2067//4108 2068//4109
f 2060//945 2061//947 2047//946
f 2055//4103 2054//4106 2068//4109 2069//4104
f 2061//947 2062//949 2048//948
f 2062//949 2063//951 2049//950
f 2071//944 2058//931 2044//933
usemtl metal
f 2230//1016 2217//1017 2216//1018
f 2231//1019 2218//1020 2217//1017
f 2232//1021 2219//1022 2218//1020
f 2226//1023 2213//1024 2212//1025
f 2227//1026 2214//1027 2213//1024
f 2229//1028 2216//1018 2215//1029
f 2169//1011 2168//1010 2167//4133 2166//4134 2165//4135 2164//4136 2163//4137 2162//4138 2161//4139 2160//4140 2177//1012 2176//4141 2175//4142 2174//4143 2173//4144 2172//4088 2171//4087 2170//1015
f 2222//4145 2221//4146 2235//4147 2236//4148
f 2179//3913 2210//4149 2211//4150 2180//3913
f 2179//3913 2178//3913 2210//4149
f 2211//4150 2212//1025 2183//3913 2182//3913
f 2211//4150 2181//3913 2180//3913
f 2211//4150 2182//3913 2181//3913
f 2212//1025 2213//1024 2185//3913 2184//3913
f 2212//1025 2184//3913 2183//3913
f 2186//3913 2213//1024 2214//1027 2187//3913
f 2186//3913 2185//3913 2213//1024
f 2189//3913 2214//1027 2215//1029 2190//3913
f 2214//1027 2188//3913 2187//3913
f 2189//3913 2188//3913 2214//1027
f 2215//1029 2216//1018 2192//3913 2191//3913
f 2191//3913 2190//3913 2215//1029
f 2193//3913 2216//1018 2217//1017 2194//3913
f 2193//3913 2192//3913 2216//1018
f 2195//3913 2217//1017 2218//1020 2196//3913
f 2195//3913 2194//3913 2217//1017
f 2218//1020 2219//1022 2198//3913 2197//3913
f 2218//1020 2197//3913 2196//3913
f 2219//1022 2220//4151 2201//3913 2200//3913
f 2219//1022 2199//3913 2198//3913
f 2200//3913 2199//3913 2219//1022
f 2203//3913 2220//4151 2221//4146 2204//3913
f 2220//4151 2202//3913 2201//3913
f 2203//3913 2202//3913 2220//4151
f 2221//4146 2222//4145 2206//3913 2205//3913
f 2221//4146 2205//3913 2204//3913
f 2207//3913 2222//4145 2223//4152 2208//3913
f 2207//3913 2206//3913 2222//4145
f 2209//3913 2223//4152 2210//4149 2178//3913
f 2223//4152 2209//3913 2208//3913
f 2211//4150 2210//4149 2224//4154 2225//4153
f 2229//1028 2230//1016 2216//1018
f 2223//4152 2222//4145 2236//4148 2237//4155
f 2212//1025 2211//4150 2225//4153 2226//1023
f 2230//1016 2231//1019 2217//1017
f 2210//4149 2223//4152 2237//4155 2224//4154
f 2220//4151 2219//1022 2233//4157 2234//4156
f 2231//1019 2232//1021 2218//1020
f 2219//1022 2232//1021 2233//4157
f 2226//1023 2227//1026 2213//1024
f 2215//1029 2214//1027 2228//4158 2229//1028
f 2227//1026 2228//4158 2214//1027
f 2221//4146 2220//4151 2234//4156 2235//4147
s 0
usemtl metal
f 2318//1030 2317//1030 2316//1030
f 2322//1031 2321//1031 2320//1031
f 2322//1032 2288//1032 2321//1032
f 2303//1033 2288//1033 2322//1033
f 2281//1034 2288//1034 2286//1034
f 2290//1035 2295//1035 2282//1035
f 2291//1036 2288//1036 2281//1036
f 2308//1037 2292//1037 2350//1037
f 2292//1038 2275//1038 2350//1038
f 2327//1039 2329//1039 2328//1039
f 2291//1040 2298//1040 2284//1040
f 2338//1041 2340//1041 2339//1041
f 2342//1042 2344//1042 2343//1042
f 2303//1043 2290//1043 2286//1043
f 2290//1044 2303//1044 2289//1044
f 2346//1045 2312//1045 2308//1045
f 2333//1046 2327//1046 2331//1046
f 2299//1047 2328//1047 2283//1047
f 2340//1048 2320//1048 2339//1048
f 2341//1049 2310//1049 2350//1049
f 2283//1050 2306//1050 2280//1050
f 2306//1051 2305//1051 2349//1051
f 2304//1052 2284//1052 2298//1052
f 2349//1053 2282//1053 2294//1053
f 2310//1054 2309//1054 2304//1054
f 2308//1055 2350//1055 2305//1055
f 2350//1056 2307//1056 2305//1056
f 2304//1057 2308//1057 2306//1057
f 2279//1058 2351//1058 2278//1058
f 2351//1059 2352//1059 2302//1059
f 2352//1060 2277//1060 2302//1060
f 2419//1030 2418//1030 2417//1030
f 2423//1061 2422//1061 2421//1061
f 2423//1062 2389//1062 2422//1062
f 2404//1063 2389//1063 2423//1063
f 2382//1064 2389//1064 2387//1064
f 2391//1065 2396//1065 2383//1065
f 2392//1036 2389//1036 2382//1036
f 2409//1066 2393//1066 2450//1066
f 2393//1067 2376//1067 2450//1067
f 2428//1068 2430//1068 2429//1068
f 2392//1069 2399//1069 2385//1069
f 2439//1041 2441//1041 2440//1041
f 2443//1070 2445//1070 2444//1070
f 2404//1043 2391//1043 2387//1043
f 2391//1044 2404//1044 2390//1044
f 2410//1071 2413//1071 2409//1071
f 2434//1046 2428//1046 2432//1046
f 2400//1047 2429//1047 2384//1047
f 2441//1048 2421//1048 2440//1048
f 2442//1072 2411//1072 2450//1072
f 2384//1073 2407//1073 2381//1073
f 2407//1074 2406//1074 2449//1074
f 2405//1075 2385//1075 2399//1075
f 2449//1076 2383//1076 2395//1076
f 2411//1077 2410//1077 2405//1077
f 2409//1055 2450//1055 2406//1055
f 2405//1078 2409//1078 2407//1078
f 2380//1079 2451//1079 2379//1079
f 2451//1059 2452//1059 2403//1059
f 2452//1060 2378//1060 2403//1060
f 2518//1080 2517//1080 2516//1080
f 2471//1081 2480//1081 2498//1081
f 2522//1082 2521//1082 2520//1082
f 2522//1083 2489//1083 2521//1083
f 2505//1063 2489//1063 2522//1063
f 2482//1084 2489//1084 2487//1084
f 2491//1085 2496//1085 2483//1085
f 2500//1086 2489//1086 2482//1086
f 2471//1087 2493//1087 2548//1087
f 2493//1088 2476//1088 2548//1088
f 2527//1089 2529//1089 2528//1089
f 2492//1090 2499//1090 2485//1090
f 2538//1041 2540//1041 2539//1041
f 2542//1070 2544//1070 2543//1070
f 2542//1091 2545//1091 2544//1091
f 2480//1092 2479//1092 2545//1092
f 2505//1043 2491//1043 2487//1043
f 2491//1044 2505//1044 2490//1044
f 2533//1046 2527//1046 2531//1046
f 2501//1093 2492//1093 2484//1093
f 2492//1094 2501//1094 2528//1094
f 2540//1048 2520//1048 2539//1048
f 2541//1095 2510//1095 2548//1095
f 2484//1096 2508//1096 2481//1096
f 2485//1097 2547//1097 2484//1097
f 2506//1098 2485//1098 2499//1098
f 2506//1099 2508//1099 2547//1099
f 2507//1100 2483//1100 2495//1100
f 2549//1101 2509//1101 2506//1101
f 2469//1102 2548//1102 2507//1102
f 2548//1103 2549//1103 2507//1103
f 2506//1104 2469//1104 2508//1104
f 2479//1105 2550//1105 2504//1105
f 2550//1060 2478//1060 2504//1060
f 2272//4159 2269//4159 2300//4159 2315//4159
f 2317//4160 2325//4160 2326//4160 2316//4160
f 2315//4161 2301//4161 2272//4161
f 2317//4162 2318//4162 2319//4162 2302//4162
f 2276//4163 2317//4163 2302//4163 2277//4163
f 2279//4164 2297//4164 2270//4164 2271//4164
f 2329//4165 2330//4165 2320//4165 2321//4165
f 2312//4166 2271//4166 2308//4166
f 2296//4167 2314//4167 2309//4167
f 2300//4168 2269//4168 2310//4168
f 2291//4169 2329//4169 2321//4169 2288//4169
f 2284//4170 2328//4170 2291//4170
f 2280//4171 2287//4171 2283//4171
f 2282//4172 2295//4172 2294//4172
f 2298//4173 2291//4173 2281//4173
f 2325//4174 2301//4174 2323//4174 2324//4174
f 2308//4175 2270//4175 2292//4175
f 2292//4176 2274//4176 2275//4176
f 2293//4177 2272//4177 2301//4177 2325//4177
f 2324//4178 2326//4178 2325//4178
f 2287//4179 2280//4179 2294//4179 2295//4179
f 2308//4180 2271//4180 2270//4180
f 2327//4181 2330//4181 2329//4181
f 2328//4182 2329//4182 2291//4182
f 2296//4183 2309//4183 2269//4183 2313//4183
f 2310//4184 2269//4184 2309//4184
f 2292//4185 2270//4185 2297//4185 2274//4185
f 2276//4186 2293//4186 2325//4186 2317//4186
f 2343//4187 2337//4187 2335//4187 2342//4187
f 2274//4188 2297//4188 2342//4188 2335//4188
f 2334//4189 2273//4189 2335//4189 2336//4189
f 2332//4190 2333//4190 2331//4190
f 2287//4191 2331//4191 2299//4191
f 2287//4192 2332//4192 2331//4192
f 2273//4193 2275//4193 2274//4193 2335//4193
f 2335//4194 2337//4194 2336//4194
f 2338//4195 2339//4195 2333//4195 2332//4195
f 2295//4196 2338//4196 2332//4196 2287//4196
f 2289//4197 2338//4197 2295//4197 2290//4197
f 2287//4198 2299//4198 2283//4198
f 2338//4199 2289//4199 2340//4199
f 2345//4200 2344//4200 2342//4200 2278//4200
f 2278//4201 2342//4201 2297//4201 2279//4201
f 2341//4202 2350//4202 2275//4202 2311//4202
f 2316//1108 2326//1108 2337//1108 2343//1108
f 2275//4203 2273//4203 2311//4203
f 2286//4204 2290//4204 2282//4204
f 2288//4205 2303//4205 2286//4205
f 2309//4206 2346//4206 2308//4206
f 2309//4207 2314//4207 2346//4207
f 2328//4208 2299//4208 2331//4208 2327//4208
f 2333//4209 2330//4209 2327//4209
f 2324//4210 2323//4210 2334//4210 2336//4210
f 2326//4211 2324//4211 2336//4211 2337//4211
f 2323//4212 2301//4212 2273//4212 2334//4212
f 2339//3913 2320//3913 2330//3913 2333//3913
f 2289//4213 2303//4213 2322//4213 2340//4213
f 2283//4214 2328//4214 2284//4214
f 2340//4215 2322//4215 2320//4215
f 2318//4216 2316//4216 2343//4216 2344//4216
f 2341//4217 2300//4217 2310//4217
f 2312//4218 2346//4218 2352//4218
f 2319//4219 2318//4219 2344//4219 2345//4219
f 2302//4220 2319//4220 2345//4220 2278//4220
f 2301//4221 2315//4221 2311//4221 2273//4221
f 2304//4222 2298//4222 2281//4222 2285//4222
f 2284//4223 2304//4223 2347//4223
f 2286//4224 2282//4224 2349//4224 2307//4224
f 2285//4225 2307//4225 2304//4225
f 2349//4226 2294//4226 2280//4226 2306//4226
f 2348//4227 2283//4227 2284//4227 2347//4227
f 2286//4228 2285//4228 2281//4228
f 2307//4229 2349//4229 2305//4229
f 2307//4230 2285//4230 2286//4230
f 2306//4231 2348//4231 2347//4231 2304//4231
f 2312//4232 2351//4232 2279//4232 2271//4232
f 2348//4233 2306//4233 2283//4233
f 2307//4234 2310//4234 2304//4234
f 2350//4235 2310//4235 2307//4235
f 2306//4236 2308//4236 2305//4236
f 2304//4237 2309//4237 2308//4237
f 2296//4238 2313//4238 2293//4238 2276//4238
f 2313//4239 2269//4239 2272//4239 2293//4239
f 2296//4240 2276//4240 2277//4240 2314//4240
f 2277//4241 2352//4241 2346//4241 2314//4241
f 2278//4242 2351//4242 2302//4242
f 2351//4243 2312//4243 2352//4243
f 2341//4244 2315//4244 2300//4244
f 2315//4245 2341//4245 2311//4245
f 2373//4246 2369//4246 2401//4246 2416//4246
f 2418//4160 2426//4160 2427//4160 2417//4160
f 2416//4247 2402//4247 2373//4247
f 2418//4162 2419//4162 2420//4162 2403//4162
f 2377//4248 2418//4248 2403//4248 2378//4248
f 2380//4249 2398//4249 2370//4249 2371//4249
f 2430//4250 2431//4250 2421//4250 2422//4250
f 2413//4251 2371//4251 2409//4251
f 2397//4252 2415//4252 2410//4252
f 2401//4253 2369//4253 2411//4253
f 2392//4169 2430//4169 2422//4169 2389//4169
f 2385//4254 2429//4254 2392//4254
f 2381//4171 2388//4171 2384//4171
f 2383//4255 2396//4255 2395//4255
f 2399//4173 2392//4173 2382//4173
f 2426//4174 2402//4174 2424//4174 2425//4174
f 2409//4256 2370//4256 2393//4256
f 2393//4257 2375//4257 2376//4257
f 2394//4258 2373//4258 2402//4258 2426//4258
f 2425//4259 2427//4259 2426//4259
f 2388//4179 2381//4179 2395//4179 2396//4179
f 2409//4260 2371//4260 2370//4260
f 2428//4181 2431//4181 2430//4181
f 2429//4182 2430//4182 2392//4182
f 2397//4261 2410//4261 2369//4261 2414//4261
f 2411//4262 2369//4262 2410//4262
f 2393//4185 2370//4185 2398//4185 2375//4185
f 2377//4186 2394//4186 2426//4186 2418//4186
f 2444//4187 2438//4187 2436//4187 2443//4187
f 2375//4188 2398//4188 2443//4188 2436//4188
f 2435//4263 2374//4263 2436//4263 2437//4263
f 2433//4264 2434//4264 2432//4264
f 2388//4191 2432//4191 2400//4191
f 2388//4265 2433//4265 2432//4265
f 2374//4193 2376//4193 2375//4193 2436//4193
f 2436//4266 2438//4266 2437//4266
f 2439//4195 2440//4195 2434//4195 2433//4195
f 2396//4196 2439//4196 2433//4196 2388//4196
f 2390//4267 2439//4267 2396//4267 2391//4267
f 2388//4198 2400//4198 2384//4198
f 2439//4199 2390//4199 2441//4199
f 2446//4200 2445//4200 2443//4200 2379//4200
f 2379//4268 2443//4268 2398//4268 2380//4268
f 2442//4269 2450//4269 2376//4269 2412//4269
f 2417//1108 2427//1108 2438//1108 2444//1108
f 2376//4270 2374//4270 2412//4270
f 2387//4204 2391//4204 2383//4204
f 2389//4271 2404//4271 2387//4271
f 2410//4272 2372//4272 2413//4272
f 2410//4273 2415//4273 2372//4273
f 2429//4208 2400//4208 2432//4208 2428//4208
f 2434//4274 2431//4274 2428//4274
f 2425//4210 2424//4210 2435//4210 2437//4210
f 2427//4211 2425//4211 2437//4211 2438//4211
f 2424//4212 2402//4212 2374//4212 2435//4212
f 2440//3913 2421//3913 2431//3913 2434//3913
f 2390//4213 2404//4213 2423//4213 2441//4213
f 2384//4214 2429//4214 2385//4214
f 2441//4215 2423//4215 2421//4215
f 2419//4216 2417//4216 2444//4216 2445//4216
f 2442//4275 2401//4275 2411//4275
f 2413//4276 2372//4276 2452//4276
f 2420//4219 2419//4219 2445//4219 2446//4219
f 2403//4220 2420//4220 2446//4220 2379//4220
f 2402//4221 2416//4221 2412//4221 2374//4221
f 2405//4277 2399//4277 2382//4277 2386//4277
f 2385//4278 2405//4278 2447//4278
f 2387//4279 2383//4279 2449//4279 2386//4279
f 2386//4280 2408//4280 2405//4280
f 2449//4281 2395//4281 2381//4281 2407//4281
f 2406//4282 2408//4282 2386//4282 2449//4282
f 2387//4283 2386//4283 2382//4283
f 2448//4227 2384//4227 2385//4227 2447//4227
f 2407//4284 2448//4284 2447//4284 2405//4284
f 2408//4285 2406//4285 2450//4285 2411//4285
f 2448//4286 2407//4286 2384//4286
f 2408//4287 2411//4287 2405//4287
f 2407//4236 2409//4236 2406//4236
f 2413//4288 2451//4288 2380//4288 2371//4288
f 2405//4289 2410//4289 2409//4289
f 2397//4238 2414//4238 2394//4238 2377//4238
f 2414//4239 2369//4239 2373//4239 2394//4239
f 2397//4290 2377//4290 2378//4290 2415//4290
f 2378//4291 2452//4291 2372//4291 2415//4291
f 2379//4242 2451//4242 2403//4242
f 2451//4243 2413//4243 2452//4243
f 2442//4244 2416//4244 2401//4244
f 2416//4245 2442//4245 2412//4245
f 2473//4246 2470//4246 2502//4246 2515//4246
f 2517//4160 2525//4160 2526//4160 2516//4160
f 2515//4296 2503//4296 2473//4296
f 2517//4162 2518//4162 2519//4162 2504//4162
f 2477//4297 2517//4297 2504//4297 2478//4297
f 2529//4165 2530//4165 2520//4165 2521//4165
f 2471//4298 2469//4298 2480//4298
f 2497//4299 2514//4299 2509//4299
f 2502//4300 2470//4300 2510//4300
f 2500//4301 2529//4301 2521//4301 2489//4301
f 2481//4302 2488//4302 2484//4302
f 2483//4303 2496//4303 2495//4303
f 2499//4304 2500//4304 2482//4304
f 2525//4174 2503//4174 2523//4174 2524//4174
f 2469//4305 2471//4305 2548//4305
f 2493//4176 2475//4176 2476//4176
f 2494//4258 2473//4258 2503//4258 2525//4258
f 2524//4306 2526//4306 2525//4306
f 2500//4307 2492//4307 2528//4307 2529//4307
f 2527//4181 2530//4181 2529//4181
f 2488//4179 2481//4179 2495//4179 2496//4179
f 2492//4308 2500//4308 2499//4308
f 2497//4309 2509//4309 2470//4309 2513//4309
f 2510//4310 2470//4310 2509//4310
f 2493//4311 2471//4311 2498//4311 2475//4311
f 2477//4186 2494//4186 2525//4186 2517//4186
f 2543//4187 2537//4187 2535//4187 2542//4187
f 2475//4188 2498//4188 2542//4188 2535//4188
f 2534//4263 2474//4263 2535//4263 2536//4263
f 2532//4264 2533//4264 2531//4264
f 2488//4312 2531//4312 2501//4312
f 2488//4313 2532//4313 2531//4313
f 2474//4314 2476//4314 2475//4314 2535//4314
f 2535//4266 2537//4266 2536//4266
f 2538//4195 2539//4195 2533//4195 2532//4195
f 2496//4196 2538//4196 2532//4196 2488//4196
f 2490//4315 2538//4315 2496//4315 2491//4315
f 2488//4316 2501//4316 2484//4316
f 2538//4317 2490//4317 2540//4317
f 2545//4318 2542//4318 2498//4318 2480//4318
f 2541//4319 2548//4319 2476//4319 2511//4319
f 2512//4320 2469//4320 2509//4320 2472//4320
f 2476//4203 2474//4203 2511//4203
f 2487//4204 2491//4204 2483//4204
f 2489//4321 2505//4321 2487//4321
f 2516//1108 2526//1108 2537//1108 2543//1108
f 2509//4322 2514//4322 2472//4322
f 2528//4323 2501//4323 2531//4323 2527//4323
f 2533//4274 2530//4274 2527//4274
f 2524//4210 2523//4210 2534//4210 2536//4210
f 2526//4211 2524//4211 2536//4211 2537//4211
f 2523//4212 2503//4212 2474//4212 2534//4212
f 2539//3913 2520//3913 2530//3913 2533//3913
f 2490//4213 2505//4213 2522//4213 2540//4213
f 2484//4324 2492//4324 2485//4324
f 2540//4215 2522//4215 2520//4215
f 2518//4216 2516//4216 2543//4216 2544//4216
f 2541//4325 2502//4325 2510//4325
f 2512//4326 2472//4326 2550//4326
f 2519//4327 2518//4327 2544//4327 2545//4327
f 2504//4328 2519//4328 2545//4328 2479//4328
f 2503//4221 2515//4221 2511//4221 2474//4221
f 2506//4329 2499//4329 2482//4329 2486//4329
f 2483//4330 2507//4330 2546//4330
f 2487//4331 2483//4331 2546//4331 2549//4331
f 2486//4332 2549//4332 2506//4332
f 2507//4333 2495//4333 2481//4333 2508//4333
f 2512//4334 2479//4334 2480//4334 2469//4334
f 2487//4335 2486//4335 2482//4335
f 2549//4336 2546//4336 2507//4336
f 2549//4337 2486//4337 2487//4337
f 2485//4338 2506//4338 2547//4338
f 2547//4339 2508//4339 2484//4339
f 2549//1054 2510//1054 2509//1054
f 2548//4340 2510//4340 2549//4340
f 2508//4341 2469//4341 2507//4341
f 2506//4342 2509//4342 2469//4342
f 2497//4238 2513//4238 2494//4238 2477//4238
f 2513//4343 2470//4343 2473//4343 2494//4343
f 2497//4290 2477//4290 2478//4290 2514//4290
f 2478//4291 2550//4291 2472//4291 2514//4291
f 2479//4344 2512//4344 2550//4344
f 2541//4244 2515//4244 2502//4244
f 2515//4245 2541//4245 2511//4245
usemtl metal
f 2358//735 2357//735 2353//735 2354//735
f 2360//1108 2359//1108 2357//1108 2358//1108
f 2367//1106 2363//1106 2361//1106 2365//1106
f 2356//1107 2360//1107 2358//1107 2354//1107
f 2354//3913 2353//3913 2355//3913 2356//3913
f 2356//1 2355//1 2359//1 2360//1
f 2366//735 2365//735 2361//735 2362//735
f 2368//1108 2367//1108 2365//1108 2366//1108
f 2364//1107 2368//1107 2366//1107 2362//1107
f 2362//3913 2361//3913 2363//3913 2364//3913
f 2364//1 2363//1 2367//1 2368//1
f 2359//1106 2355//1106 2353//1106 2357//1106
f 2458//735 2457//735 2453//735 2454//735
f 2460//4292 2459//4292 2457//4292 2458//4292
f 2467//1106 2463//1106 2461//1106 2465//1106
f 2456//4293 2460//4293 2458//4293 2454//4293
f 2454//4294 2453//4294 2455//4294 2456//4294
f 2460//1 2456//1 2455//1 2459//1
f 2466//735 2465//735 2461//735 2462//735
f 2468//1108 2467//1108 2465//1108 2466//1108
f 2464//1107 2468//1107 2466//1107 2462//1107
f 2462//3913 2461//3913 2463//3913 2464//3913
f 2464//1 2463//1 2467//1 2468//1
f 2459//4295 2455//4295 2453//4295 2457//4295
f 2552//735 2556//735 2555//735 2551//735
f 2558//4345 2557//4345 2555//4345 2556//4345
f 2565//1106 2561//1106 2559//1106 2563//1106
f 2554//4346 2558//4346 2556//4346 2552//4346
f 2552//4347 2551//4347 2553//4347 2554//4347
f 2554//1 2553//1 2557//1 2558//1
f 2564//735 2563//735 2559//735 2560//735
f 2566//1108 2565//1108 2563//1108 2564//1108
f 2562//1107 2566//1107 2564//1107 2560//1107
f 2560//3913 2559//3913 2561//3913 2562//3913
f 2562//1 2561//1 2565//1 2566//1
f 2557//4348 2553//4348 2551//4348 2555//4348
usemtl metal
f 2575//1106 2571//1106 2569//1106
f 2574//1107 2583//1107 2570//1107
f 2580//1108 2569//1108 2581//1108
f 2582//1108 2583//1108 2584//1108
f 2585//1108 2567//1108 2586//1108
f 2587//1108 2568//1108 2588//1108
f 2584//1109 2598//1109 2582//1109
f 2599//1110 2580//1110 2600//1110
f 2577//1111 2596//1111 2576//1111
f 2590//1112 2608//1112 2589//1112
f 2603//1113 2587//1113 2604//1113
f 2601//1114 2585//1114 2602//1114
f 2593//1113 2578//1113 2594//1113
f 2592//1109 2606//1109 2591//1109
f 2677//1115 2666//1115 2668//1115
f 2658//1116 2681//1116 2656//1116
f 2685//1117 2646//1117 2648//1117
f 2640//1118 2688//1118 2638//1118
f 2693//1119 2626//1119 2628//1119
f 2697//1120 2616//1120 2618//1120
f 2732//1108 2763//1108 2734//1108
f 2764//1108 2736//1108 2735//1108
f 2765//1108 2738//1108 2737//1108
f 2739//1108 2766//1108 2740//1108
f 2741//1108 2767//1108 2742//1108
f 2743//1108 2768//1108 2744//1108
f 2769//1108 2746//1108 2745//1108
f 2748//1108 2771//1108 2749//1108
f 2750//1108 2772//1108 2751//1108
f 2752//1108 2773//1108 2753//1108
f 2754//1108 2774//1108 2755//1108
f 2778//1108 2760//1108 2759//1108
f 2761//1108 2779//1108 2762//1108
f 2733//1108 2780//1108 2731//1108
f 2795//1121 2776//1121 2775//1121
f 2784//1122 2765//1122 2764//1122
f 2785//1123 2766//1123 2765//1123
f 2782//1108 2800//1108 2781//1108
f 2801//1108 2783//1108 2781//1108
f 2804//1108 2787//1108 2786//1108
f 2787//1108 2805//1108 2788//1108
f 2788//1108 2806//1108 2789//1108
f 2808//1108 2791//1108 2790//1108
f 2795//1108 2814//1108 2796//1108
f 2798//1108 2816//1108 2799//1108
f 2817//1108 2782//1108 2799//1108
f 2827//1124 2809//1124 2808//1124
f 2821//1125 2803//1125 2802//1125
f 2822//1126 2804//1126 2803//1126
f 2823//1127 2805//1127 2804//1127
f 2831//1128 2814//1128 2813//1128
f 2824//1129 2806//1129 2805//1129
f 2832//1130 2815//1130 2814//1130
f 2825//1131 2807//1131 2806//1131
f 2818//1132 2835//1132 2819//1132
f 2836//1133 2820//1133 2819//1133
f 2820//1134 2836//1134 2821//1134
f 2822//1135 2837//1135 2823//1135
f 2823//1136 2838//1136 2824//1136
f 2824//1137 2839//1137 2825//1137
f 2839//1138 2826//1138 2825//1138
f 2828//1139 2841//1139 2829//1139
f 2829//1140 2842//1140 2830//1140
f 2843//1141 2831//1141 2830//1141
f 2832//1142 2844//1142 2833//1142
f 2845//1143 2818//1143 2834//1143
f 2581//1107 2578//1107 2593//1107 2600//1107
f 2588//1 2585//1 2601//1 2604//1
f 2570//1107 2567//1107 2572//1107 2574//1107
f 2568//1106 2571//1106 2575//1106 2573//1106
f 2569//1 2583//1 2574//1 2575//1
f 2567//735 2568//735 2573//735 2572//735
f 2577//1106 2582//1106 2597//1106 2596//1106
f 2569//1108 2580//1108 2584//1108 2583//1108
f 2584//735 2580//735 2599//735 2598//735
f 2579//1108 2578//1108 2571//1108 2570//1108 2576//1108
f 2586//1106 2591//1106 2605//1106 2602//1106
f 2592//735 2589//735 2607//735 2606//735
f 2567//1108 2585//1108 2588//1108 2568//1108
f 2593//1108 2594//1108 2595//1108 2596//1108 2597//1108 2598//1108 2599//1108 2600//1108
f 2603//1108 2604//1108 2601//1108 2602//1108 2605//1108 2606//1108 2607//1108 2608//1108
f 2590//1108 2589//1108 2571//1108 2568//1108 2587//1108
f 2570//1108 2591//1108 2586//1108 2567//1108
f 2571//1108 2578//1108 2581//1108 2569//1108
f 2592//1108 2591//1108 2570//1108 2571//1108 2589//1108
f 2577//1108 2576//1108 2570//1108 2583//1108 2582//1108
f 2590//1107 2587//1107 2603//1107 2608//1107
f 2579//1 2576//1 2595//1 2594//1
f 2582//4349 2598//4349 2597//4349
f 2600//4350 2580//4350 2581//4350
f 2576//1114 2596//1114 2595//1114
f 2589//4351 2608//4351 2607//4351
f 2604//4352 2587//4352 2588//4352
f 2602//1111 2585//1111 2586//1111
f 2594//4352 2578//4352 2579//4352
f 2591//4353 2606//4353 2605//4353
f 2610//4354 2609//4354 2611//4354 2612//4354
f 2612//4355 2611//4355 2613//4355 2614//4355
f 2614//4356 2613//4356 2615//4356 2616//4356
f 2616//4357 2615//4357 2617//4357 2618//4357
f 2618//4358 2617//4358 2619//4358 2620//4358
f 2620//4359 2619//4359 2621//4359 2622//4359
f 2622//4360 2621//4360 2623//4360 2624//4360
f 2624//4361 2623//4361 2625//4361 2626//4361
f 2626//4362 2625//4362 2627//4362 2628//4362
f 2628//4363 2627//4363 2629//4363 2630//4363
f 2630//4364 2629//4364 2631//4364 2632//4364
f 2632//4365 2631//4365 2633//4365 2634//4365
f 2634//4366 2633//4366 2635//4366 2636//4366
f 2636//4367 2635//4367 2637//4367 2638//4367
f 2638//4368 2637//4368 2639//4368 2640//4368
f 2640//4369 2639//4369 2641//4369 2642//4369
f 2642//4370 2641//4370 2643//4370 2644//4370
f 2644//4371 2643//4371 2645//4371 2646//4371
f 2646//4372 2645//4372 2647//4372 2648//4372
f 2648//4373 2647//4373 2649//4373 2650//4373
f 2650//4374 2649//4374 2651//4374 2652//4374
f 2652//4375 2651//4375 2653//4375 2654//4375
f 2654//4376 2653//4376 2655//4376 2656//4376
f 2656//4377 2655//4377 2657//4377 2658//4377
f 2658//4378 2657//4378 2659//4378 2660//4378
f 2660//4379 2659//4379 2661//4379 2662//4379
f 2662//4380 2661//4380 2663//4380 2664//4380
f 2664//4381 2663//4381 2665//4381 2666//4381
f 2666//4382 2665//4382 2667//4382 2668//4382
f 2668//4383 2667//4383 2669//4383 2670//4383
f 2717//4384 2716//4384 2749//4384 2750//4384
f 2670//4385 2669//4385 2671//4385 2672//4385
f 2672//4384 2671//4384 2609//4384 2610//4384
f 2655//3913 2653//3913 2651//3913 2649//3913 2647//3913 2645//3913 2643//3913 2641//3913 2639//3913 2637//3913 2635//3913 2633//3913 2631//3913 2629//3913 2627//3913 2625//3913 2623//3913 2621//3913 2619//3913 2617//3913 2615//3913 2613//3913 2611//3913 2609//3913 2671//3913 2669//3913 2667//3913 2665//3913 2663//3913 2661//3913 2659//3913 2657//3913
f 2674//4386 2610//4386 2612//4386 2673//4386
f 2672//4387 2610//4387 2674//4387 2675//4387
f 2670//4388 2672//4388 2675//4388 2676//4388
f 2668//4389 2670//4389 2676//4389 2677//4389
f 2678//4390 2664//4390 2666//4390 2677//4390
f 2662//4391 2664//4391 2678//4391 2679//4391
f 2660//4392 2662//4392 2679//4392 2680//4392
f 2658//4393 2660//4393 2680//4393 2681//4393
f 2682//4394 2654//4394 2656//4394 2681//4394
f 2652//4395 2654//4395 2682//4395 2683//4395
f 2684//4396 2650//4396 2652//4396 2683//4396
f 2648//4397 2650//4397 2684//4397 2685//4397
f 2686//4398 2644//4398 2646//4398 2685//4398
f 2687//4399 2642//4399 2644//4399 2686//4399
f 2640//4400 2642//4400 2687//4400 2688//4400
f 2689//4401 2636//4401 2638//4401 2688//4401
f 2690//4402 2634//4402 2636//4402 2689//4402
f 2691//4403 2632//4403 2634//4403 2690//4403
f 2630//4404 2632//4404 2691//4404 2692//4404
f 2628//4405 2630//4405 2692//4405 2693//4405
f 2694//4406 2624//4406 2626//4406 2693//4406
f 2695//4407 2622//4407 2624//4407 2694//4407
f 2696//4408 2620//4408 2622//4408 2695//4408
f 2618//4409 2620//4409 2696//4409 2697//4409
f 2698//4410 2614//4410 2616//4410 2697//4410
f 2673//4411 2612//4411 2614//4411 2698//4411
f 2674//1108 2673//1108 2699//1108 2700//1108
f 2701//1108 2675//1108 2674//1108 2700//1108
f 2702//1108 2676//1108 2675//1108 2701//1108
f 2677//4412 2676//4412 2702//4412 2703//4412
f 2678//4413 2677//4413 2704//4413 2705//4413
f 2703//4414 2704//4414 2677//4414
f 2706//1108 2679//1108 2678//1108 2705//1108
f 2707//1108 2680//1108 2679//1108 2706//1108
f 2681//4345 2680//4345 2707//4345 2708//4345
f 2682//4412 2681//4412 2709//4412 2710//4412
f 2681//4415 2708//4415 2709//4415
f 2683//1108 2682//1108 2710//1108 2711//1108
f 2684//1108 2683//1108 2711//1108 2712//1108
f 2685//4416 2684//4416 2712//4416 2713//4416
f 2715//4412 2686//4412 2685//4412 2714//4412
f 2685//4417 2713//4417 2714//4417
f 2716//1108 2687//1108 2686//1108 2715//1108
f 2688//4418 2687//4418 2716//4418 2717//4418
f 2689//4416 2688//4416 2718//4416 2719//4416
f 2688//4419 2717//4419 2718//4419
f 2690//1108 2689//1108 2719//1108 2720//1108
f 2691//1108 2690//1108 2720//1108 2721//1108
f 2722//1108 2692//1108 2691//1108 2721//1108
f 2723//4292 2693//4292 2692//4292 2722//4292
f 2694//4418 2693//4418 2724//4418 2725//4418
f 2693//4420 2723//4420 2724//4420
f 2726//1108 2695//1108 2694//1108 2725//1108
f 2696//1108 2695//1108 2726//1108 2727//1108
f 2697//4413 2696//4413 2727//4413 2728//4413
f 2730//4292 2698//4292 2697//4292 2729//4292
f 2697//4421 2728//4421 2729//4421
f 2699//1108 2673//1108 2698//1108 2730//1108
f 2775//4422 2774//4422 2794//4422 2795//4422
f 2704//4366 2703//4366 2736//4366 2737//4366
f 2718//4385 2717//4385 2750//4385 2751//4385
f 2705//4365 2704//4365 2737//4365 2738//4365
f 2719//4383 2718//4383 2751//4383 2752//4383
f 2706//4364 2705//4364 2738//4364 2739//4364
f 2720//4382 2719//4382 2752//4382 2753//4382
f 2707//4363 2706//4363 2739//4363 2740//4363
f 2721//4381 2720//4381 2753//4381 2754//4381
f 2708//4362 2707//4362 2740//4362 2741//4362
f 2722//4380 2721//4380 2754//4380 2755//4380
f 2709//4361 2708//4361 2741//4361 2742//4361
f 2723//4379 2722//4379 2755//4379 2756//4379
f 2710//4360 2709//4360 2742//4360 2743//4360
f 2724//4378 2723//4378 2756//4378 2757//4378
f 2711//4359 2710//4359 2743//4359 2744//4359
f 2725//4377 2724//4377 2757//4377 2758//4377
f 2712//4358 2711//4358 2744//4358 2745//4358
f 2700//4370 2699//4370 2731//4370 2732//4370
f 2726//4376 2725//4376 2758//4376 2759//4376
f 2713//4357 2712//4357 2745//4357 2746//4357
f 2699//4371 2730//4371 2733//4371 2731//4371
f 2727//4375 2726//4375 2759//4375 2760//4375
f 2714//4356 2713//4356 2746//4356 2747//4356
f 2701//4369 2700//4369 2732//4369 2734//4369
f 2728//4374 2727//4374 2760//4374 2761//4374
f 2715//4355 2714//4355 2747//4355 2748//4355
f 2702//4368 2701//4368 2734//4368 2735//4368
f 2729//4373 2728//4373 2761//4373 2762//4373
f 2716//4354 2715//4354 2748//4354 2749//4354
f 2703//4367 2702//4367 2735//4367 2736//4367
f 2730//4372 2729//4372 2762//4372 2733//4372
f 2732//1108 2731//1108 2780//1108 2763//1108
f 2764//1108 2735//1108 2734//1108 2763//1108
f 2765//1108 2737//1108 2736//1108 2764//1108
f 2766//1108 2739//1108 2738//1108 2765//1108
f 2741//1108 2740//1108 2766//1108 2767//1108
f 2768//1108 2743//1108 2742//1108 2767//1108
f 2769//1108 2745//1108 2744//1108 2768//1108
f 2770//1108 2747//1108 2746//1108 2769//1108
f 2748//1108 2747//1108 2770//1108 2771//1108
f 2772//1108 2750//1108 2749//1108 2771//1108
f 2752//1108 2751//1108 2772//1108 2773//1108
f 2754//1108 2753//1108 2773//1108 2774//1108
f 2775//1108 2756//1108 2755//1108 2774//1108
f 2757//1108 2756//1108 2775//1108 2776//1108
f 2758//1108 2757//1108 2776//1108 2777//1108
f 2759//1108 2758//1108 2777//1108 2778//1108
f 2779//1108 2761//1108 2760//1108 2778//1108
f 2780//1108 2733//1108 2762//1108 2779//1108
f 2817//4423 2816//4423 2833//4423 2834//4423
f 2768//4376 2767//4376 2787//4376 2788//4376
f 2796//4424 2777//4424 2776//4424 2795//4424
f 2769//4374 2768//4374 2788//4374 2789//4374
f 2763//4354 2780//4354 2782//4354 2781//4354
f 2797//4425 2778//4425 2777//4425 2796//4425
f 2770//4426 2769//4426 2789//4426 2790//4426
f 2797//4427 2798//4427 2778//4427
f 2779//4428 2778//4428 2798//4428 2799//4428
f 2771//4429 2770//4429 2790//4429 2791//4429
f 2764//4430 2763//4430 2781//4430 2783//4430
f 2780//4356 2779//4356 2799//4356 2782//4356
f 2783//4431 2784//4431 2764//4431
f 2772//4369 2771//4369 2791//4369 2792//4369
f 2773//4367 2772//4367 2792//4367 2793//4367
f 2784//4432 2785//4432 2765//4432
f 2774//4365 2773//4365 2793//4365 2794//4365
f 2785//4433 2786//4433 2766//4433
f 2767//4434 2766//4434 2786//4434 2787//4434
f 2802//1108 2784//1108 2783//1108 2801//1108
f 2800//1108 2801//1108 2781//1108
f 2785//1108 2784//1108 2802//1108 2803//1108
f 2804//1108 2786//1108 2785//1108 2803//1108
f 2808//1108 2790//1108 2789//1108 2807//1108
f 2787//1108 2804//1108 2805//1108
f 2805//1108 2806//1108 2788//1108
f 2806//1108 2807//1108 2789//1108
f 2792//1108 2791//1108 2809//1108 2810//1108
f 2791//1108 2808//1108 2809//1108
f 2793//1108 2792//1108 2810//1108 2811//1108
f 2794//1108 2793//1108 2811//1108 2812//1108
f 2813//1108 2795//1108 2794//1108 2812//1108
f 2797//1108 2796//1108 2814//1108 2815//1108
f 2813//1108 2814//1108 2795//1108
f 2798//1108 2797//1108 2815//1108 2816//1108
f 2799//1108 2816//1108 2817//1108
f 2782//1108 2817//1108 2800//1108
f 2802//4435 2801//4435 2819//4435 2820//4435
f 2840//1108 2839//1108 2838//1108 2837//1108 2836//1108 2835//1108 2845//1108 2844//1108 2843//1108 2842//1108 2841//1108
f 2810//4436 2809//4436 2827//4436 2828//4436
f 2811//4367 2810//4367 2828//4367 2829//4367
f 2820//4437 2821//4437 2802//4437
f 2812//4438 2811//4438 2829//4438 2830//4438
f 2821//4439 2822//4439 2803//4439
f 2813//4440 2812//4440 2830//4440 2831//4440
f 2822//4441 2823//4441 2804//4441
f 2800//4442 2817//4442 2834//4442 2818//4442
f 2823//4443 2824//4443 2805//4443
f 2831//4444 2832//4444 2814//4444
f 2824//4445 2825//4445 2806//4445
f 2833//4446 2816//4446 2815//4446 2832//4446
f 2808//4447 2807//4447 2825//4447 2826//4447
f 2801//4448 2800//4448 2818//4448 2819//4448
f 2837//4449 2822//4449 2821//4449 2836//4449
f 2826//4450 2827//4450 2808//4450
f 2818//4451 2845//4451 2835//4451
f 2819//4452 2835//4452 2836//4452
f 2840//4453 2827//4453 2826//4453 2839//4453
f 2837//4454 2838//4454 2823//4454
f 2838//4455 2839//4455 2824//4455
f 2841//4456 2828//4456 2827//4456 2840//4456
f 2832//4457 2831//4457 2843//4457 2844//4457
f 2829//4458 2841//4458 2842//4458
f 2842//4459 2843//4459 2830//4459
f 2845//4460 2834//4460 2833//4460 2844//4460
usemtl metal
f 2847//3913 2846//3913 2848//3913 2849//3913
f 2849//1 2848//1 2852//1 2853//1
f 2853//1108 2852//1108 2850//1108 2851//1108
f 2851//735 2850//735 2846//735 2847//735
f 2852//1106 2848//1106 2846//1106 2850//1106
f 2849//1107 2853//1107 2851//1107 2847//1107
f 2855//3913 2854//3913 2856//3913 2857//3913
f 2857//1 2856//1 2860//1 2861//1
f 2861//1108 2860//1108 2858//1108 2859//1108
f 2859//735 2858//735 2854//735 2855//735
f 2860//1106 2856//1106 2854//1106 2858//1106
f 2857//1107 2861//1107 2859//1107 2855//1107
f 2863//3913 2862//3913 2864//3913 2865//3913
f 2865//1 2864//1 2868//1 2869//1
f 2869//1108 2868//1108 2866//1108 2867//1108
f 2867//735 2866//735 2862//735 2863//735
f 2868//1106 2864//1106 2862//1106 2866//1106
f 2865//1107 2869//1107 2867//1107 2863//1107
usemtl metal
f 3609//1144 3610//1144 3611//1144
f 3611//1145 3613//1145 3504//1145
f 3610//1146 3612//1146 3613//1146
f 3504//1147 3613//1147 3505//1147
f 3612//1148 3614//1148 3613//1148
f 3614//1149 3615//1149 3613//1149
f 3614//1150 3616//1150 3615//1150
f 2944//1151 3506//1151 3614//1151
f 3461//1152 3609//1152 4234//1152
f 3459//1153 3458//1153 3610//1153
f 3631//1154 3500//1154 3506//1154
f 3616//1155 3506//1155 4243//1155
f 3505//1156 3615//1156 4241//1156
f 3631//1157 4230//1157 3500//1157
f 4230//1158 2948//1158 3501//1158
f 3501//1159 2948//1159 3502//1159
f 3413//1160 3619//1160 3495//1160
f 3617//1161 3618//1161 3620//1161
f 3619//1162 3620//1162 3496//1162
f 2955//1163 3621//1163 3618//1163
f 3621//1164 3622//1164 3620//1164
f 3497//1165 3622//1165 3498//1165
f 2956//1166 3623//1166 3621//1166
f 3623//1167 4227//1167 3499//1167
f 3414//1168 3413//1168 4216//1168
f 3126//1169 2954//1169 3618//1169
f 2954//1170 2955//1170 3618//1170
f 2957//1171 3491//1171 3623//1171
f 3623//1172 3358//1172 4227//1172
f 2957//1173 4214//1173 3491//1173
f 4214//1174 3624//1174 3493//1174
f 4214//1175 2960//1175 3624//1175
f 3624//1176 2985//1176 3355//1176
f 3625//1177 3022//1177 3626//1177
f 3627//1178 2941//1178 2940//1178
f 3627//1179 2959//1179 2941//1179
f 3148//1180 3203//1180 3625//1180
f 3628//1181 3629//1181 2954//1181
f 3628//1182 2988//1182 3629//1182
f 3630//1183 2956//1183 2955//1183
f 2960//1184 2957//1184 2956//1184
f 3125//1185 3628//1185 2954//1185
f 2918//1186 3628//1186 3125//1186
f 3631//1187 3632//1187 2948//1187
f 2948//1188 3632//1188 3055//1188
f 3055//1189 3633//1189 3056//1189
f 3634//1190 2924//1190 3086//1190
f 3635//1191 3636//1191 3637//1191
f 3637//1192 3638//1192 3639//1192
f 3639//1193 3088//1193 3089//1193
f 3021//1194 3020//1194 3636//1194
f 3640//1195 3641//1195 3642//1195
f 3088//1196 3641//1196 3640//1196
f 3088//1197 3017//1197 3641//1197
f 3641//1198 3016//1198 3090//1198
f 3091//1199 3092//1199 3642//1199
f 3092//1200 3062//1200 3061//1200
f 3091//1201 3643//1201 3092//1201
f 3643//1202 3095//1202 3062//1202
f 3644//1203 3096//1203 3095//1203
f 3094//1204 3645//1204 3644//1204
f 3093//1205 2923//1205 3645//1205
f 3094//1206 3644//1206 3643//1206
f 3093//1207 3014//1207 2923//1207
f 3645//1208 3097//1208 3647//1208
f 3645//1209 2923//1209 3097//1209
f 2923//1210 2922//1210 3097//1210
f 3648//1211 3649//1211 3646//1211
f 3649//1212 3098//1212 3064//1212
f 3097//1213 3013//1213 3650//1213
f 3651//1214 3100//1214 3098//1214
f 3652//1215 3100//1215 3651//1215
f 3650//1216 3012//1216 3653//1216
f 3100//1217 3373//1217 3098//1217
f 3100//1218 3654//1218 3065//1218
f 3654//1219 3657//1219 3656//1219
f 3655//1220 3657//1220 3654//1220
f 3065//1221 3656//1221 3658//1221
f 3656//1222 3102//1222 3658//1222
f 3655//1223 3101//1223 3657//1223
f 3658//1224 3102//1224 3103//1224
f 4526//1225 4131//1225 3607//1225
f 3660//1226 3664//1226 3659//1226
f 3660//1227 3665//1227 3664//1227
f 3667//1228 3670//1228 3666//1228
f 3668//1229 3670//1229 3667//1229
f 3671//1230 3603//1230 4132//1230
f 3351//1231 3352//1231 3668//1231
f 3353//1232 3340//1232 3673//1232
f 4511//1233 3601//1233 3602//1233
f 3697//1234 3701//1234 3696//1234
f 3697//1235 3702//1235 3701//1235
f 3704//1236 3707//1236 3703//1236
f 3705//1237 3707//1237 3704//1237
f 3708//1238 4116//1238 4115//1238
f 3105//1239 3106//1239 3705//1239
f 3336//1240 3337//1240 4116//1240
f 3584//1241 3339//1241 4104//1241
f 3732//1242 3733//1242 3731//1242
f 3110//1243 2999//1243 3732//1243
f 3732//1244 2999//1244 3735//1244
f 3735//1245 3734//1245 3733//1245
f 2999//1246 2998//1246 3735//1246
f 3734//1247 3112//1247 3075//1247
f 3111//1248 3110//1248 3732//1248
f 3736//1249 3112//1249 3734//1249
f 3731//1250 3075//1250 2930//1250
f 3112//1251 3113//1251 3737//1251
f 3736//1252 3113//1252 3112//1252
f 3076//1253 3112//1253 3737//1253
f 3738//1254 3114//1254 3113//1254
f 2920//1255 3740//1255 3738//1255
f 3739//1256 3114//1256 3115//1256
f 3737//1257 3739//1257 3077//1257
f 3740//1258 3741//1258 3114//1258
f 3115//1259 3741//1259 3742//1259
f 3115//1260 3742//1260 3078//1260
f 3743//1261 3117//1261 3741//1261
f 3116//1262 3743//1262 3740//1262
f 3742//1263 3117//1263 3118//1263
f 3116//1264 3744//1264 3117//1264
f 2996//1265 2995//1265 3116//1265
f 2995//1266 3119//1266 3744//1266
f 3121//1267 3120//1267 3745//1267
f 3119//1268 3746//1268 3120//1268
f 3120//1269 3746//1269 3123//1269
f 2993//1270 3122//1270 3746//1270
f 3745//1271 3123//1271 3124//1271
f 2994//1272 2993//1272 3119//1272
f 3122//1273 3747//1273 3746//1273
f 3748//1274 3749//1274 3747//1274
f 3750//1275 3751//1275 3749//1275
f 3124//1276 3123//1276 3082//1276
f 2991//1277 2990//1277 3750//1277
f 2952//1278 3756//1278 3755//1278
f 3755//1279 3756//1279 3757//1279
f 2951//1280 3127//1280 3756//1280
f 2946//1281 2947//1281 3754//1281
f 3757//1282 3127//1282 3128//1282
f 2962//1283 3757//1283 2963//1283
f 2961//1284 3755//1284 2962//1284
f 3054//1285 3053//1285 3758//1285
f 3054//1286 3758//1286 3127//1286
f 3051//1287 3129//1287 3760//1287
f 3760//1288 3129//1288 3130//1288
f 2966//1289 3130//1289 4465//1289
f 3130//1290 3761//1290 2967//1290
f 3049//1291 3048//1291 3761//1291
f 3761//1292 3131//1292 2967//1292
f 2967//1293 3131//1293 3762//1293
f 3131//1294 3763//1294 3762//1294
f 3762//1295 3763//1295 3132//1295
f 3046//1296 3132//1296 3763//1296
f 3133//1297 3132//1297 3135//1297
f 3133//1298 3135//1298 3259//1298
f 3045//1299 3766//1299 3134//1299
f 3259//1300 3135//1300 2968//1300
f 3136//1301 3766//1301 3765//1301
f 2968//1302 3765//1302 3764//1302
f 3768//1303 3770//1303 3767//1303
f 3044//1304 3043//1304 3768//1304
f 3769//1305 3771//1305 2971//1305
f 3042//1306 3041//1306 3771//1306
f 2971//1307 3772//1307 3139//1307
f 3137//1308 3770//1308 3769//1308
f 3041//1309 3138//1309 3772//1309
f 3772//1310 3138//1310 3139//1310
f 2969//1311 3769//1311 2970//1311
f 3040//1312 3775//1312 3773//1312
f 3139//1313 3773//1313 3243//1313
f 3039//1314 3775//1314 3040//1314
f 3775//1315 3776//1315 3774//1315
f 4433//1316 3776//1316 3778//1316
f 3776//1317 3777//1317 3778//1317
f 4433//1318 3778//1318 2972//1318
f 3780//1319 4348//1319 3140//1319
f 3778//1320 2973//1320 2972//1320
f 3777//1321 4348//1321 3780//1321
f 3781//1322 2975//1322 2974//1322
f 3781//1323 2976//1323 2975//1323
f 3782//1324 3036//1324 3783//1324
f 3141//1325 2974//1325 2973//1325
f 3141//1326 3140//1326 3782//1326
f 3140//1327 3037//1327 3782//1327
f 3782//1328 3037//1328 3036//1328
f 3783//1329 3035//1329 3784//1329
f 3783//1330 3784//1330 2976//1330
f 3035//1331 3034//1331 3785//1331
f 3785//1332 3787//1332 2978//1332
f 3034//1333 4363//1333 3786//1333
f 3789//1334 3790//1334 3788//1334
f 3789//1335 3031//1335 3790//1335
f 3033//1336 3032//1336 3031//1336
f 3790//1337 2980//1337 2979//1337
f 3791//1338 3792//1338 3790//1338
f 3791//1339 3030//1339 3142//1339
f 3142//1340 3143//1340 3792//1340
f 3792//1341 3143//1341 2980//1341
f 3142//1342 3029//1342 3144//1342
f 3142//1343 3793//1343 3143//1343
f 3793//1344 2981//1344 3143//1344
f 3794//1345 2982//1345 2981//1345
f 3145//1346 3796//1346 2982//1346
f 3795//1347 3147//1347 3796//1347
f 3145//1348 3026//1348 3025//1348
f 3796//1349 3147//1349 3213//1349
f 3796//1350 3213//1350 3214//1350
f 3797//1351 2984//1351 2983//1351
f 3357//1352 2948//1352 3801//1352
f 3800//1353 3804//1353 3486//1353
f 3801//1354 3802//1354 3804//1354
f 3804//1355 3803//1355 3486//1355
f 3803//1356 3488//1356 3487//1356
f 3804//1357 3805//1357 3803//1357
f 3802//1358 3055//1358 3806//1358
f 3805//1359 3807//1359 3488//1359
f 3807//1360 3490//1360 3489//1360
f 3056//1361 3808//1361 3806//1361
f 3502//1362 2948//1362 3357//1362
f 3056//1363 3087//1363 3808//1363
f 3801//1364 3800//1364 4203//1364
f 3490//1365 3484//1365 3361//1365
f 3827//1366 4193//1366 4195//1366
f 3061//1367 3062//1367 3831//1367
f 3834//1368 3365//1368 3833//1368
f 3836//1369 3364//1369 3835//1369
f 3365//1370 4192//1370 2931//1370
f 3364//1371 3839//1371 3834//1371
f 3363//1372 3840//1372 3836//1372
f 3840//1373 3369//1373 3364//1373
f 3064//1374 3366//1374 3362//1374
f 3367//1375 3368//1375 3840//1375
f 3371//1376 4189//1376 3372//1376
f 3367//1377 3375//1377 3368//1377
f 3098//1378 3373//1378 3366//1378
f 3373//1379 3374//1379 3367//1379
f 3841//1380 4190//1380 4189//1380
f 3374//1381 3844//1381 3375//1381
f 3374//1382 3066//1382 3845//1382
f 3841//1383 4191//1383 4190//1383
f 3843//1384 3846//1384 3842//1384
f 3846//1385 4191//1385 3841//1385
f 3844//1386 3845//1386 3849//1386
f 3375//1387 3843//1387 3369//1387
f 3373//1388 3065//1388 3066//1388
f 3066//1389 2929//1389 3376//1389
f 3847//1390 3483//1390 4191//1390
f 3848//1391 3847//1391 3377//1391
f 3849//1392 3847//1392 3848//1392
f 3068//1393 3850//1393 3849//1393
f 3850//1394 3851//1394 3847//1394
f 3377//1395 3847//1395 3846//1395
f 3845//1396 3376//1396 3849//1396
f 3070//1397 3852//1397 3851//1397
f 3853//1398 3482//1398 3483//1398
f 3855//1399 4048//1399 3856//1399
f 3857//1400 3859//1400 3858//1400
f 3859//1401 3861//1401 3380//1401
f 3858//1402 3860//1402 3381//1402
f 2932//1403 3072//1403 3855//1403
f 3857//1404 3073//1404 3859//1404
f 3074//1405 3379//1405 3861//1405
f 3864//1406 3865//1406 3380//1406
f 3383//1407 3862//1407 4186//1407
f 3382//1408 3863//1408 3867//1408
f 3862//1409 3867//1409 3868//1409
f 3863//1410 3865//1410 3869//1410
f 3383//1411 3382//1411 3862//1411
f 3381//1412 3380//1412 3863//1412
f 3075//1413 3076//1413 3866//1413
f 3868//1414 3870//1414 3389//1414
f 4186//1415 3868//1415 4185//1415
f 3867//1416 3869//1416 3870//1416
f 3076//1417 3737//1417 3077//1417
f 4185//1418 3389//1418 2933//1418
f 3870//1419 3388//1419 3871//1419
f 3387//1420 3386//1420 3391//1420
f 2933//1421 3389//1421 3481//1421
f 3388//1422 3391//1422 3392//1422
f 3386//1423 3077//1423 3390//1423
f 3389//1424 3871//1424 3394//1424
f 3481//1425 3394//1425 3395//1425
f 3871//1426 3392//1426 3393//1426
f 3077//1427 3115//1427 3872//1427
f 3391//1428 3390//1428 3397//1428
f 3392//1429 3397//1429 3398//1429
f 3390//1430 3078//1430 3396//1430
f 3394//1431 3393//1431 3399//1431
f 3397//1432 3396//1432 3401//1432
f 3393//1433 3398//1433 3403//1433
f 3395//1434 3399//1434 4184//1434
f 3398//1435 3401//1435 3402//1435
f 3396//1436 3079//1436 3400//1436
f 3399//1437 3403//1437 3404//1437
f 4184//1438 3404//1438 4183//1438
f 3401//1439 3400//1439 3873//1439
f 3403//1440 3402//1440 3408//1440
f 4183//1441 3404//1441 3410//1441
f 3402//1442 3873//1442 3407//1442
f 3400//1443 3081//1443 3405//1443
f 3873//1444 3405//1444 3406//1444
f 3404//1445 3408//1445 3409//1445
f 3410//1446 3409//1446 3478//1446
f 3407//1447 3406//1447 3874//1447
f 3408//1448 3874//1448 3876//1448
f 3874//1449 3877//1449 3879//1449
f 3876//1450 3879//1450 3880//1450
f 3124//1451 3082//1451 3875//1451
f 3875//1452 3083//1452 3878//1452
f 3878//1453 3084//1453 3881//1453
f 3480//1454 3413//1454 3414//1454
f 3473//1455 3884//1455 3883//1455
f 2985//1456 2986//1456 3884//1456
f 3883//1457 3885//1457 3474//1457
f 3883//1458 3884//1458 3885//1458
f 3885//1459 3475//1459 3474//1459
f 3886//1460 3887//1460 3475//1460
f 3888//1461 3890//1461 3477//1461
f 3889//1462 3416//1462 3888//1462
f 3355//1463 2985//1463 3473//1463
f 3628//1464 2918//1464 2988//1464
f 2988//1465 3415//1465 3889//1465
f 3416//1466 3417//1466 3890//1466
f 3890//1467 3417//1467 4179//1467
f 3473//1468 3883//1468 4169//1468
f 3891//1469 3894//1469 3417//1469
f 3894//1470 3472//1470 3471//1470
f 3896//1471 3472//1471 3894//1471
f 3899//1472 3420//1472 3472//1472
f 3899//1473 3905//1473 3420//1473
f 3903//1474 3906//1474 3899//1474
f 2993//1475 3907//1475 3419//1475
f 3905//1476 4162//1476 4161//1476
f 2994//1477 3422//1477 3907//1477
f 3419//1478 3904//1478 3901//1478
f 3906//1479 3910//1479 3905//1479
f 3908//1480 3911//1480 3906//1480
f 3422//1481 3909//1481 3904//1481
f 2995//1482 2996//1482 3422//1482
f 3910//1483 3470//1483 4160//1483
f 3913//1484 3915//1484 3911//1484
f 2996//1485 3916//1485 3912//1485
f 3912//1486 3914//1486 3909//1486
f 3914//1487 3424//1487 3913//1487
f 3915//1488 3917//1488 3910//1488
f 3910//1489 4159//1489 3470//1489
f 3424//1490 3919//1490 3915//1490
f 3423//1491 3920//1491 3916//1491
f 3918//1492 3425//1492 3424//1492
f 3919//1493 3426//1493 3917//1493
f 3917//1494 4158//1494 4159//1494
f 3916//1495 3918//1495 3914//1495
f 2920//1496 3921//1496 3423//1496
f 3426//1497 4157//1497 4158//1497
f 3922//1498 3427//1498 3426//1498
f 3425//1499 3922//1499 3919//1499
f 3427//1500 4156//1500 4157//1500
f 3927//1501 3931//1501 3427//1501
f 3928//1502 3932//1502 3923//1502
f 3931//1503 3430//1503 4156//1503
f 3932//1504 3931//1504 3927//1504
f 3928//1505 3929//1505 3934//1505
f 3923//1506 3927//1506 3922//1506
f 3929//1507 2927//1507 3935//1507
f 3934//1508 3428//1508 3932//1508
f 3933//1509 3937//1509 3428//1509
f 3002//1510 3938//1510 3934//1510
f 3936//1511 3468//1511 4155//1511
f 3004//1512 3468//1512 3936//1512
f 3429//1513 4155//1513 3430//1513
f 3428//1514 3429//1514 3931//1514
f 2927//1515 3001//1515 3935//1515
f 3003//1516 3004//1516 3938//1516
f 3939//1517 3467//1517 3469//1517
f 3941//1518 3431//1518 3467//1518
f 3942//1519 3005//1519 3943//1519
f 3465//1520 3945//1520 3466//1520
f 3946//1521 3948//1521 3947//1521
f 3945//1522 3947//1522 3437//1522
f 3948//1523 3949//1523 3434//1523
f 3946//1524 3006//1524 3948//1524
f 3007//1525 3008//1525 3949//1525
f 3437//1526 3435//1526 3436//1526
f 3466//1527 3437//1527 3438//1527
f 3437//1528 3436//1528 3950//1528
f 3433//1529 3952//1529 3434//1529
f 3438//1530 3950//1530 4154//1530
f 3436//1531 3951//1531 3953//1531
f 3010//1532 3439//1532 3433//1532
f 3952//1533 3439//1533 3440//1533
f 4154//1534 3950//1534 3444//1534
f 3009//1535 3010//1535 3432//1535
f 3951//1536 3440//1536 3441//1536
f 3440//1537 3954//1537 3955//1537
f 3439//1538 3011//1538 3012//1538
f 3444//1539 3443//1539 3450//1539
f 3450//1540 3449//1540 3457//1540
f 3446//1541 3445//1541 3453//1541
f 3448//1542 3454//1542 3455//1542
f 3456//1543 3455//1543 3956//1543
f 3457//1544 3956//1544 3464//1544
f 4153//1545 3961//1545 4151//1545
f 4147//1546 3971//1546 3462//1546
f 3264//1547 3980//1547 3983//1547
f 3983//1548 3984//1548 3989//1548
f 3990//1549 3991//1549 3996//1549
f 3995//1550 3996//1550 3001//1550
f 3992//1551 3993//1551 3004//1551
f 2921//1552 3264//1552 3307//1552
f 3267//1553 3268//1553 3982//1553
f 3994//1554 3940//1554 3939//1554
f 3996//1555 3003//1555 3002//1555
f 3001//1556 2927//1556 3302//1556
f 3989//1557 3304//1557 3305//1557
f 3307//1558 3983//1558 3306//1558
f 3310//1559 3997//1559 3940//1559
f 4500//1560 3311//1560 3308//1560
f 3998//1561 3997//1561 3310//1561
f 3589//1562 3311//1562 4500//1562
f 4002//1563 4007//1563 4001//1563
f 4009//1564 3005//1564 3998//1564
f 4011//1565 3944//1565 4010//1565
f 4015//1566 3007//1566 4013//1566
f 3270//1567 3311//1567 3589//1567
f 3275//1568 4001//1568 3274//1568
f 3313//1569 4002//1569 3275//1569
f 4002//1570 3314//1570 4008//1570
f 3006//1571 3946//1571 4011//1571
f 3944//1572 3943//1572 4009//1572
f 4009//1573 3943//1573 3005//1573
f 4027//1574 4028//1574 4033//1574
f 4032//1575 4033//1575 3067//1575
f 4029//1576 4030//1576 3070//1576
f 3279//1577 3280//1577 4019//1577
f 4031//1578 3327//1578 3853//1578
f 4033//1579 3069//1579 3068//1579
f 3067//1580 2929//1580 3318//1580
f 4020//1581 3321//1581 3322//1581
f 3326//1582 3071//1582 3327//1582
f 4036//1583 3071//1583 3326//1583
f 4034//1584 3325//1584 3324//1584
f 4040//1585 4045//1585 4039//1585
f 4047//1586 4036//1586 4035//1586
f 4053//1587 3074//1587 4051//1587
f 3282//1588 4034//1588 3591//1588
f 3287//1589 4039//1589 3286//1589
f 3329//1590 4040//1590 3287//1590
f 4040//1591 3330//1591 4046//1591
f 3073//1592 3857//1592 4049//1592
f 4048//1593 3855//1593 4047//1593
f 4057//1594 4060//1594 4056//1594
f 4072//1595 4075//1595 3317//1595
f 4073//1596 4076//1596 4075//1596
f 4074//1597 4076//1597 4073//1597
f 3319//1598 4077//1598 4074//1598
f 3289//1599 4054//1599 3288//1599
f 3293//1600 4056//1600 3292//1600
f 3323//1601 3322//1601 4057//1601
f 3320//1602 3319//1602 4071//1602
f 4081//1603 4084//1603 4080//1603
f 4096//1604 4099//1604 3333//1604
f 4097//1605 4100//1605 4099//1605
f 4098//1606 4100//1606 4097//1606
f 3303//1607 4101//1607 4098//1607
f 3300//1608 4078//1608 3301//1608
f 3296//1609 4080//1609 3297//1609
f 3307//1610 3306//1610 4081//1610
f 3304//1611 3303//1611 4095//1611
f 4101//1612 3110//1612 4100//1612
f 4099//1613 3111//1613 3731//1613
f 3333//1614 3731//1614 2930//1614
f 3344//1615 4103//1615 3340//1615
f 4104//1616 4103//1616 4102//1616
f 4103//1617 4106//1617 4105//1617
f 4105//1618 4109//1618 3341//1618
f 4108//1619 3335//1619 4105//1619
f 4110//1620 3334//1620 4106//1620
f 4109//1621 3342//1621 3341//1621
f 3334//1622 4111//1622 3335//1622
f 4110//1623 4112//1623 4111//1623
f 4111//1624 3345//1624 3346//1624
f 3337//1625 3336//1625 4112//1625
f 4109//1626 3343//1626 3342//1626
f 3600//1627 4113//1627 3722//1627
f 4495//1628 4118//1628 4494//1628
f 4119//1629 4123//1629 4118//1629
f 4119//1630 4124//1630 4123//1630
f 4120//1631 4125//1631 4124//1631
f 4122//1632 4126//1632 4121//1632
f 3607//1633 4131//1633 3679//1633
f 3603//1634 3341//1634 3342//1634
f 4482//1635 4134//1635 4481//1635
f 4135//1636 4139//1636 4134//1636
f 4135//1637 4140//1637 4139//1637
f 4136//1638 4141//1638 4140//1638
f 4138//1639 4142//1639 4137//1639
f 4145//1640 3345//1640 4142//1640
f 4142//1641 3107//1641 3106//1641
f 3607//1642 3679//1642 3347//1642
f 3679//1643 3606//1643 3681//1643
f 3693//1644 3603//1644 3695//1644
f 4149//1645 3462//1645 4150//1645
f 4150//1646 3463//1646 3526//1646
f 4150//1647 3526//1647 3527//1647
f 4148//1648 4149//1648 3581//1648
f 3579//1649 4151//1649 3580//1649
f 3577//1650 3457//1650 3525//1650
f 3524//1651 3450//1651 3577//1651
f 3523//1652 3444//1652 3576//1652
f 3574//1653 3438//1653 3575//1653
f 3575//1654 4154//1654 3523//1654
f 3573//1655 3438//1655 3574//1655
f 3465//1656 3466//1656 3573//1656
f 3431//1657 3465//1657 3572//1657
f 3570//1658 3431//1658 3571//1658
f 3467//1659 3570//1659 3569//1659
f 4155//1660 3468//1660 3567//1660
f 3469//1661 3467//1661 3568//1661
f 4156//1662 3566//1662 3565//1662
f 3430//1663 3567//1663 3566//1663
f 4159//1664 4158//1664 3563//1664
f 4158//1665 3223//1665 3563//1665
f 4159//1666 3563//1666 4421//1666
f 3470//1667 4159//1667 4421//1667
f 3470//1668 4421//1668 3562//1668
f 4160//1669 3561//1669 3560//1669
f 4160//1670 3562//1670 3561//1670
f 4161//1671 3559//1671 3558//1671
f 4162//1672 3560//1672 3559//1672
f 3471//1673 4165//1673 4164//1673
f 4165//1674 3557//1674 4163//1674
f 4165//1675 4166//1675 3557//1675
f 3472//1676 4166//1676 4165//1676
f 3472//1677 3421//1677 4166//1677
f 3421//1678 3558//1678 4166//1678
f 4167//1679 4169//1679 4168//1679
f 4169//1680 3474//1680 4170//1680
f 4170//1681 4172//1681 4171//1681
f 4171//1682 4174//1682 3556//1682
f 4174//1683 4176//1683 3556//1683
f 4177//1684 4178//1684 4176//1684
f 3477//1685 4179//1685 4177//1685
f 3529//1686 4167//1686 4389//1686
f 3355//1687 3473//1687 4167//1687
f 3475//1688 3476//1688 4173//1688
f 4179//1689 3522//1689 4178//1689
f 4178//1690 4163//1690 3204//1690
f 4180//1691 4181//1691 3555//1691
f 3555//1692 4181//1692 3521//1692
f 3517//1693 4184//1693 3518//1693
f 3516//1694 3481//1694 3553//1694
f 3481//1695 3395//1695 3553//1695
f 3514//1696 4185//1696 3515//1696
f 3552//1697 4186//1697 3514//1697
f 3856//1698 4187//1698 3551//1698
f 3551//1699 4187//1699 3513//1699
f 2932//1700 3855//1700 3550//1700
f 3548//1701 2932//1701 3549//1701
f 3482//1702 3548//1702 3547//1702
f 4188//1703 3545//1703 3544//1703
f 3483//1704 3546//1704 3545//1704
f 3483//1705 3482//1705 3546//1705
f 4190//1706 3543//1706 3542//1706
f 4189//1707 3542//1707 3541//1707
f 3372//1708 3541//1708 2937//1708
f 4192//1709 2937//1709 3540//1709
f 4192//1710 3540//1710 3539//1710
f 2931//1711 3539//1711 3538//1711
f 4193//1712 3538//1712 3537//1712
f 4195//1713 3537//1713 3536//1713
f 4196//1714 4197//1714 2936//1714
f 3485//1715 4198//1715 4196//1715
f 4199//1716 4197//1716 4198//1716
f 4199//1717 3536//1717 4197//1717
f 3511//1718 4196//1718 3512//1718
f 4197//1719 3536//1719 4328//1719
f 4203//1720 3486//1720 4205//1720
f 4204//1721 4207//1721 4206//1721
f 3486//1722 3487//1722 4205//1722
f 3487//1723 4209//1723 4207//1723
f 4208//1724 4210//1724 3534//1724
f 4209//1725 4210//1725 4208//1725
f 3489//1726 3490//1726 4211//1726
f 3511//1727 3512//1727 4212//1727
f 3491//1728 4294//1728 4292//1728
f 3492//1729 4214//1729 4295//1729
f 4214//1730 3493//1730 4298//1730
f 4300//1731 3494//1731 4301//1731
f 4215//1732 4218//1732 4217//1732
f 4216//1733 3495//1733 4218//1733
f 4217//1734 4219//1734 3533//1734
f 4219//1735 4221//1735 3533//1735
f 4220//1736 4223//1736 4222//1736
f 4223//1737 4225//1737 4222//1737
f 4225//1738 4226//1738 4224//1738
f 4226//1739 4291//1739 4289//1739
f 3499//1740 4227//1740 4226//1740
f 3521//1741 4215//1741 3532//1741
f 3520//1742 4216//1742 4215//1742
f 3495//1743 3496//1743 4220//1743
f 3498//1744 3499//1744 4225//1744
f 4227//1745 3358//1745 4291//1745
f 4224//1746 4289//1746 4287//1746
f 3500//1747 4230//1747 4229//1747
f 4230//1748 4271//1748 4268//1748
f 4271//1749 3501//1749 4273//1749
f 4273//1750 4231//1750 4275//1750
f 3501//1751 3502//1751 4231//1751
f 4231//1752 3502//1752 4232//1752
f 4232//1753 3508//1753 3509//1753
f 4275//1754 4232//1754 4277//1754
f 4228//1755 4266//1755 4264//1755
f 4235//1756 4236//1756 3531//1756
f 4235//1757 4237//1757 4236//1757
f 4237//1758 3505//1758 4239//1758
f 4239//1759 4240//1759 4238//1759
f 3503//1760 3504//1760 4237//1760
f 3261//1761 3260//1761 4248//1761
f 2961//1762 4257//1762 3754//1762
f 4258//1763 4261//1763 4260//1763
f 4263//1764 4265//1764 2946//1764
f 4264//1765 4266//1765 4265//1765
f 4265//1766 4268//1766 4267//1766
f 4267//1767 4270//1767 4269//1767
f 4268//1768 4271//1768 4270//1768
f 4272//1769 4274//1769 4269//1769
f 4273//1770 4275//1770 4272//1770
f 4275//1771 4276//1771 4274//1771
f 4277//1772 2935//1772 4276//1772
f 4276//1773 2949//1773 4274//1773
f 3203//1774 3202//1774 3022//1774
f 4281//1775 3533//1775 4282//1775
f 3022//1776 4278//1776 3627//1776
f 3533//1777 4284//1777 4282//1777
f 3627//1778 4285//1778 2959//1778
f 4290//1779 3510//1779 2958//1779
f 4292//1780 4294//1780 4293//1780
f 4295//1781 4297//1781 4296//1781
f 4297//1782 4298//1782 4296//1782
f 4301//1783 3529//1783 4299//1783
f 2950//1784 4304//1784 2953//1784
f 4302//1785 4305//1785 2950//1785
f 4308//1786 4312//1786 4304//1786
f 4320//1787 3150//1787 4319//1787
f 2935//1788 4302//1788 2949//1788
f 4304//1789 2952//1789 2953//1789
f 3152//1790 3053//1790 3054//1790
f 4323//1791 4327//1791 4322//1791
f 4325//1792 3051//1792 3052//1792
f 4324//1793 3154//1793 4323//1793
f 2936//1794 4324//1794 4320//1794
f 3155//1795 3156//1795 4326//1795
f 3156//1796 3161//1796 3157//1796
f 3153//1797 3158//1797 3154//1797
f 3159//1798 3160//1798 3156//1798
f 3161//1799 3047//1799 3049//1799
f 3160//1800 4329//1800 3161//1800
f 4329//1801 3046//1801 3047//1801
f 4330//1802 4333//1802 3160//1802
f 4334//1803 3163//1803 4333//1803
f 3163//1804 3164//1804 4329//1804
f 4332//1805 3162//1805 4331//1805
f 4331//1806 4334//1806 4330//1806
f 3540//1807 4335//1807 4332//1807
f 3165//1808 2925//1808 3045//1808
f 3170//1809 3043//1809 3044//1809
f 4336//1810 3042//1810 3043//1810
f 4336//1811 4341//1811 3042//1811
f 4339//1812 4343//1812 4338//1812
f 3543//1813 3171//1813 4340//1813
f 3171//1814 3172//1814 4339//1814
f 4341//1815 3040//1815 3041//1815
f 4341//1816 3041//1816 3042//1816
f 3171//1817 3177//1817 3172//1817
f 3546//1818 3176//1818 3171//1818
f 3545//1819 3546//1819 3544//1819
f 3180//1820 3038//1820 3039//1820
f 3176//1821 4347//1821 3177//1821
f 3547//1822 3181//1822 3176//1822
f 3548//1823 3549//1823 3547//1823
f 4344//1824 4348//1824 3038//1824
f 4347//1825 3181//1825 4352//1825
f 4352//1826 4353//1826 4357//1826
f 4348//1827 4349//1827 3037//1827
f 3035//1828 4358//1828 3034//1828
f 4360//1829 4361//1829 4366//1829
f 4362//1830 3552//1830 4367//1830
f 4364//1831 4368//1831 4371//1831
f 4369//1832 4370//1832 3183//1832
f 4367//1833 3514//1833 3182//1833
f 4363//1834 4364//1834 3033//1834
f 4361//1835 4367//1835 4370//1835
f 3032//1836 4371//1836 4374//1836
f 4371//1837 4372//1837 4374//1837
f 4374//1838 4372//1838 3184//1838
f 4368//1839 3183//1839 4372//1839
f 4370//1840 3182//1840 4373//1840
f 3515//1841 3516//1841 3553//1841
f 3183//1842 4373//1842 3187//1842
f 3031//1843 4374//1843 3030//1843
f 3185//1844 3184//1844 3029//1844
f 4372//1845 3187//1845 4375//1845
f 4373//1846 3186//1846 4376//1846
f 3030//1847 3185//1847 3029//1847
f 3184//1848 4375//1848 3192//1848
f 3028//1849 3192//1849 3026//1849
f 3192//1850 3196//1850 4377//1850
f 3195//1851 3194//1851 4379//1851
f 4377//1852 3197//1852 3198//1852
f 4377//1853 4378//1853 3197//1853
f 3518//1854 3554//1854 3519//1854
f 3026//1855 4377//1855 3025//1855
f 4378//1856 4380//1856 4382//1856
f 3193//1857 3519//1857 4384//1857
f 4380//1858 4383//1858 4387//1858
f 4383//1859 4384//1859 3199//1859
f 4379//1860 3194//1860 4380//1860
f 3555//1861 3521//1861 3532//1861
f 4387//1862 3199//1862 3200//1862
f 4385//1863 3202//1863 3203//1863
f 3198//1864 4381//1864 3024//1864
f 4397//1865 3556//1865 4400//1865
f 3556//1866 4402//1866 4400//1866
f 3529//1867 4388//1867 3528//1867
f 4405//1868 4406//1868 3205//1868
f 4406//1869 4409//1869 4404//1869
f 3558//1870 3208//1870 4405//1870
f 4409//1871 3211//1871 4408//1871
f 3207//1872 2984//1872 3149//1872
f 3205//1873 4404//1873 3206//1873
f 4163//1874 3557//1874 3204//1874
f 3209//1875 3210//1875 4409//1875
f 3209//1876 4412//1876 3210//1876
f 4410//1877 3214//1877 3213//1877
f 4413//1878 4418//1878 3214//1878
f 3560//1879 4417//1879 3208//1879
f 4418//1880 2981//1880 2982//1880
f 3218//1881 4420//1881 4418//1881
f 3561//1882 4419//1882 4417//1882
f 3562//1883 4421//1883 3561//1883
f 4420//1884 3143//1884 2981//1884
f 4419//1885 3219//1885 3215//1885
f 4420//1886 2980//1886 3143//1886
f 3222//1887 2980//1887 4420//1887
f 3563//1888 4422//1888 4419//1888
f 4422//1889 3224//1889 3219//1889
f 3227//1890 2979//1890 2980//1890
f 3223//1891 3228//1891 4422//1891
f 3228//1892 3229//1892 3224//1892
f 3227//1893 3232//1893 2979//1893
f 3229//1894 4425//1894 3230//1894
f 4423//1895 2977//1895 2978//1895
f 3232//1896 2978//1896 3787//1896
f 3237//1897 2975//1897 2976//1897
f 3233//1898 3239//1898 3234//1898
f 3241//1899 3242//1899 4427//1899
f 4427//1900 3242//1900 2974//1900
f 3238//1901 4431//1901 3239//1901
f 4428//1902 2972//1902 3242//1902
f 3238//1903 3571//1903 4432//1903
f 4431//1904 4432//1904 4437//1904
f 3569//1905 3570//1905 3571//1905
f 4432//1906 3572//1906 4438//1906
f 4433//1907 4434//1907 4439//1907
f 4437//1908 4438//1908 4443//1908
f 4439//1909 4440//1909 3243//1909
f 4438//1910 3574//1910 4448//1910
f 4446//1911 4447//1911 4450//1911
f 4443//1912 4438//1912 4447//1912
f 2969//1913 3248//1913 4451//1913
f 2969//1914 4451//1914 3137//1914
f 3576//1915 3524//1915 3577//1915
f 3764//1916 3253//1916 2968//1916
f 3250//1917 3249//1917 3255//1917
f 3251//1918 3255//1918 3256//1918
f 3258//1919 3257//1919 4452//1919
f 3259//1920 4452//1920 4453//1920
f 3255//1921 3254//1921 4456//1921
f 3259//1922 4453//1922 3133//1922
f 4456//1923 3254//1923 4460//1923
f 4458//1924 4462//1924 4464//1924
f 4461//1925 4466//1925 4465//1925
f 4461//1926 4464//1926 4466//1926
f 4460//1927 4463//1927 4467//1927
f 3762//1928 4461//1928 2967//1928
f 4457//1929 4458//1929 4461//1929
f 4459//1930 4460//1930 4462//1930
f 3254//1931 3579//1931 4463//1931
f 4467//1932 4469//1932 4472//1932
f 2966//1933 4468//1933 2965//1933
f 4471//1934 4472//1934 4474//1934
f 4466//1935 4464//1935 4468//1935
f 4469//1936 3581//1936 3260//1936
f 4473//1937 3263//1937 2963//1937
f 3354//1938 3592//1938 3591//1938
f 3298//1939 4477//1939 3297//1939
f 4478//1940 4485//1940 4484//1940
f 3354//1941 4487//1941 3592//1941
f 3592//1942 3607//1942 3347//1942
f 3291//1943 4490//1943 3292//1943
f 4491//1944 4498//1944 4497//1944
f 3272//1945 4504//1945 3273//1945
f 4503//1946 4507//1946 4502//1946
f 4504//1947 4508//1947 4503//1947
f 4505//1948 4509//1948 3272//1948
f 3274//1949 4502//1949 3275//1949
f 4507//1950 3588//1950 3108//1950
f 4502//1951 3108//1951 3109//1951
f 3268//1952 3267//1952 4512//1952
f 3265//1953 4510//1953 4513//1953
f 4513//1954 4514//1954 4517//1954
f 4501//1955 4511//1955 3602//1955
f 3264//1956 2921//1956 4510//1956
f 4510//1957 3582//1957 4514//1957
f 3284//1958 4520//1958 3285//1958
f 4519//1959 4523//1959 4518//1959
f 4520//1960 4524//1960 4519//1960
f 4521//1961 4525//1961 3284//1961
f 3286//1962 4518//1962 3287//1962
f 4523//1963 3597//1963 3348//1963
f 4518//1964 3348//1964 3349//1964
f 3280//1965 3279//1965 4527//1965
f 4487//1966 4526//1966 3607//1966
f 5216//1144 5217//1144 5218//1144
f 5218//1967 5220//1967 5116//1967
f 5217//1968 5219//1968 5220//1968
f 5116//1969 5220//1969 5117//1969
f 5219//1970 5221//1970 5220//1970
f 5221//1971 5222//1971 5220//1971
f 5221//1972 5223//1972 5222//1972
f 4559//1151 5118//1151 5221//1151
f 5072//1973 5216//1973 5850//1973
f 5070//1153 5069//1153 5217//1153
f 5238//1154 5112//1154 5118//1154
f 5223//1155 5118//1155 5859//1155
f 5117//1156 5222//1156 5857//1156
f 5238//1157 5846//1157 5112//1157
f 5846//1158 4563//1158 5113//1158
f 5113//1159 4563//1159 5114//1159
f 5028//1974 5226//1974 5107//1974
f 5224//1161 5225//1161 5227//1161
f 5226//1162 5227//1162 5108//1162
f 4570//1975 5228//1975 5225//1975
f 5228//1164 5229//1164 5227//1164
f 5109//1976 5229//1976 5110//1976
f 4571//1166 5230//1166 5228//1166
f 5230//1167 5843//1167 5111//1167
f 5029//1168 5028//1168 5832//1168
f 4742//1169 4569//1169 5225//1169
f 4569//1170 4570//1170 5225//1170
f 4572//1171 5102//1171 5230//1171
f 5230//1172 4974//1172 5843//1172
f 4572//1173 5104//1173 5102//1173
f 5104//1977 5231//1977 5105//1977
f 5104//1175 4575//1175 5231//1175
f 5231//1176 4600//1176 4971//1176
f 5232//1177 4637//1177 5233//1177
f 5234//1178 4556//1178 4555//1178
f 5234//1179 4574//1179 4556//1179
f 4764//1180 4818//1180 5232//1180
f 5235//1181 5236//1181 4569//1181
f 5235//1182 4603//1182 5236//1182
f 5237//1183 4571//1183 4570//1183
f 4575//1184 4572//1184 4571//1184
f 4741//1185 5235//1185 4569//1185
f 4534//1186 5235//1186 4741//1186
f 5238//1187 5239//1187 4563//1187
f 4563//1188 5239//1188 4671//1188
f 4671//1189 5240//1189 4672//1189
f 5241//1190 4540//1190 4702//1190
f 5242//1191 5243//1191 5244//1191
f 5244//1192 5245//1192 5246//1192
f 5246//1193 4704//1193 4705//1193
f 4636//1194 4635//1194 5243//1194
f 5247//1195 5248//1195 5249//1195
f 4704//1196 5248//1196 5247//1196
f 4704//1197 4632//1197 5248//1197
f 5248//1198 4631//1198 4706//1198
f 4707//1199 4708//1199 5249//1199
f 4708//1200 4678//1200 4677//1200
f 4707//1201 5250//1201 4708//1201
f 5250//1202 4711//1202 4678//1202
f 5251//1203 4712//1203 4711//1203
f 4710//1204 5252//1204 5251//1204
f 4709//1205 4539//1205 5252//1205
f 4710//1206 5251//1206 5250//1206
f 4709//1207 4629//1207 4539//1207
f 5252//1208 4713//1208 5254//1208
f 5252//1209 4539//1209 4713//1209
f 4539//1210 4538//1210 4713//1210
f 5255//1211 5256//1211 5253//1211
f 5256//1212 4714//1212 4680//1212
f 4713//1213 4628//1213 5257//1213
f 5258//1214 4716//1214 4714//1214
f 5259//1215 4716//1215 5258//1215
f 5257//1216 4627//1216 5260//1216
f 4716//1217 4988//1217 4714//1217
f 4716//1218 5261//1218 4681//1218
f 5261//1219 5264//1219 5263//1219
f 5262//1220 5264//1220 5261//1220
f 4681//1221 5263//1221 5265//1221
f 5263//1222 4718//1222 5265//1222
f 5262//1223 4717//1223 5264//1223
f 5265//1224 4718//1224 4719//1224
f 6142//1978 5742//1978 5213//1978
f 5267//1979 5271//1979 5266//1979
f 5267//1980 5272//1980 5271//1980
f 5274//1228 5277//1228 5273//1228
f 5275//1981 5277//1981 5274//1981
f 5278//1982 5209//1982 5743//1982
f 4967//1231 4968//1231 5275//1231
f 4969//1232 4957//1232 5280//1232
f 6126//1983 5208//1983 5723//1983
f 5304//1984 5308//1984 5303//1984
f 5304//1985 5309//1985 5308//1985
f 5311//1236 5314//1236 5310//1236
f 5312//1237 5314//1237 5311//1237
f 5315//1986 5727//1986 5726//1986
f 4721//1987 4722//1987 5312//1987
f 4953//1240 4954//1240 5727//1240
f 5192//1241 4956//1241 5714//1241
f 5339//1242 5340//1242 5338//1242
f 4726//1243 4614//1243 5339//1243
f 5339//1244 4614//1244 5342//1244
f 5342//1245 5341//1245 5340//1245
f 4614//1246 4613//1246 5342//1246
f 5341//1247 4728//1247 4691//1247
f 4727//1988 4726//1988 5339//1988
f 5343//1249 4728//1249 5341//1249
f 5338//1250 4691//1250 4546//1250
f 4728//1251 4729//1251 5344//1251
f 5343//1252 4729//1252 4728//1252
f 4692//1253 4728//1253 5344//1253
f 5345//1254 4730//1254 4729//1254
f 4536//1255 5347//1255 5345//1255
f 5346//1256 4730//1256 4731//1256
f 5344//1257 5346//1257 4693//1257
f 5347//1258 5348//1258 4730//1258
f 4731//1259 5348//1259 5349//1259
f 4731//1989 5349//1989 4694//1989
f 5350//1261 4733//1261 5348//1261
f 4732//1262 5350//1262 5347//1262
f 5349//1263 4733//1263 4734//1263
f 4732//1264 5351//1264 4733//1264
f 4611//1265 4610//1265 4732//1265
f 4610//1266 4735//1266 5351//1266
f 4737//1267 4736//1267 5352//1267
f 4735//1268 5353//1268 4736//1268
f 4736//1269 5353//1269 4739//1269
f 4608//1270 4738//1270 5353//1270
f 5352//1271 4739//1271 4740//1271
f 4609//1272 4608//1272 4735//1272
f 4738//1273 5354//1273 5353//1273
f 5355//1274 5356//1274 5354//1274
f 5357//1275 5358//1275 5356//1275
f 4740//1276 4739//1276 4698//1276
f 4606//1990 4605//1990 5357//1990
f 4567//1278 5363//1278 5362//1278
f 5362//1279 5363//1279 5364//1279
f 4566//1280 4743//1280 5363//1280
f 4561//1281 4562//1281 5361//1281
f 5364//1282 4743//1282 4744//1282
f 4577//1283 5364//1283 4578//1283
f 4576//1284 5362//1284 4577//1284
f 4670//1285 4669//1285 5365//1285
f 4670//1286 5365//1286 4743//1286
f 4667//1287 4745//1287 5367//1287
f 5367//1288 4745//1288 4746//1288
f 4581//1991 4746//1991 6081//1991
f 4746//1290 5368//1290 4582//1290
f 4665//1992 4664//1992 5368//1992
f 5368//1292 4747//1292 4582//1292
f 4582//1293 4747//1293 5369//1293
f 4747//1294 5370//1294 5369//1294
f 5369//1295 5370//1295 4748//1295
f 4662//1296 4748//1296 5370//1296
f 4749//1297 4748//1297 4751//1297
f 4749//1298 4751//1298 4875//1298
f 4661//1299 5373//1299 4750//1299
f 4875//1300 4751//1300 4583//1300
f 4752//1301 5373//1301 5372//1301
f 4583//1302 5372//1302 5371//1302
f 5375//1303 5377//1303 5374//1303
f 4660//1304 4659//1304 5375//1304
f 5376//1305 5378//1305 4586//1305
f 4658//1306 4657//1306 5378//1306
f 4586//1307 5379//1307 4755//1307
f 4753//1993 5377//1993 5376//1993
f 4657//1309 4754//1309 5379//1309
f 5379//1310 4754//1310 4755//1310
f 4584//1311 5376//1311 4585//1311
f 4859//1994 4757//1994 5381//1994
f 4655//1995 4756//1995 4757//1995
f 4755//1313 5380//1313 4859//1313
f 4654//1996 4756//1996 4655//1996
f 4654//1997 4653//1997 4756//1997
f 5381//1998 4757//1998 5382//1998
f 4653//1999 5383//1999 4756//1999
f 4653//2000 5384//2000 5383//2000
f 4652//2001 5384//2001 4653//2001
f 5383//2002 4587//2002 5382//2002
f 5383//2000 5384//2000 5385//2000
f 5384//2003 5964//2003 4758//2003
f 5385//2004 5386//2004 4587//2004
f 4758//2005 5964//2005 5387//2005
f 5387//2006 4588//2006 5386//2006
f 5387//2007 5388//2007 4588//2007
f 5387//2008 4650//2008 5388//2008
f 5964//2009 4651//2009 5387//2009
f 5387//2010 4651//2010 4650//2010
f 5388//2011 4649//2011 5389//2011
f 5388//2012 5389//2012 4589//2012
f 4649//1331 4648//1331 5390//1331
f 5390//1332 5392//1332 4591//1332
f 4648//1333 5979//1333 5391//1333
f 5394//1334 5395//1334 5393//1334
f 5394//1335 4645//1335 5395//1335
f 4647//1336 4646//1336 4645//1336
f 5395//1337 4593//1337 4592//1337
f 5396//1338 5397//1338 5395//1338
f 5396//1339 4644//1339 4759//1339
f 4759//1340 4760//1340 5397//1340
f 5397//2013 4760//2013 4593//2013
f 4759//2014 4643//2014 4761//2014
f 4759//1343 5398//1343 4760//1343
f 5398//1344 4594//1344 4760//1344
f 5399//1345 4595//1345 4594//1345
f 4762//1346 5401//1346 4595//1346
f 5402//2015 4597//2015 5401//2015
f 5402//2016 4763//2016 4597//2016
f 5401//2017 4597//2017 4596//2017
f 5401//2018 4596//2018 4829//2018
f 5403//1351 4599//1351 4598//1351
f 4973//1352 4563//1352 5407//1352
f 5406//2019 5410//2019 5097//2019
f 5407//1354 5408//1354 5410//1354
f 5410//2020 5409//2020 5097//2020
f 5409//2021 5099//2021 5098//2021
f 5410//2022 5411//2022 5409//2022
f 5408//1358 4671//1358 5412//1358
f 5411//2023 5413//2023 5099//2023
f 5413//2024 5101//2024 5100//2024
f 4672//2025 5414//2025 5412//2025
f 5114//1362 4563//1362 4973//1362
f 4672//2026 4703//2026 5414//2026
f 5407//2027 5406//2027 5820//2027
f 5101//2028 5095//2028 4977//2028
f 5433//2029 5811//2029 5812//2029
f 4677//1367 4678//1367 5437//1367
f 5440//1368 4981//1368 5439//1368
f 5442//2030 4980//2030 5441//2030
f 4981//2031 5094//2031 4547//2031
f 4980//2032 5445//2032 5440//2032
f 4979//1372 5446//1372 5442//1372
f 5446//2033 4985//2033 4980//2033
f 4680//1374 4982//1374 4978//1374
f 4983//2034 4984//2034 5446//2034
f 4983//2035 4990//2035 4984//2035
f 4714//1378 4988//1378 4982//1378
f 4988//1379 4989//1379 4983//1379
f 4989//1381 5450//1381 4990//1381
f 4989//1382 4682//1382 5451//1382
f 5447//2036 5809//2036 5808//2036
f 5449//2037 5452//2037 5448//2037
f 5452//2038 4993//2038 5447//2038
f 5450//2039 5451//2039 5453//2039
f 4990//2040 5449//2040 4985//2040
f 4988//2041 4681//2041 4682//2041
f 4682//1389 4545//1389 4991//1389
f 4993//2042 5807//2042 5809//2042
f 5455//2043 5454//2043 4993//2043
f 4684//1393 5456//1393 5453//1393
f 5454//2044 5093//2044 5807//2044
f 4686//2045 5093//2045 5454//2045
f 4687//2046 5457//2046 5093//2046
f 4992//2047 4993//2047 5452//2047
f 5451//1396 4991//1396 5453//1396
f 4685//2048 4686//2048 5456//2048
f 5092//2049 5460//2049 5461//2049
f 5459//2050 5458//2050 5460//2050
f 5458//2051 4688//2051 4994//2051
f 4994//2052 5658//2052 5462//2052
f 5462//2053 5464//2053 5806//2053
f 5462//2054 5465//2054 5464//2054
f 5463//2055 5466//2055 5465//2055
f 5466//1401 5467//1401 4996//1401
f 5461//2056 4994//2056 5091//2056
f 5463//1404 4689//1404 5466//1404
f 4690//2057 4995//2057 5467//2057
f 5464//2058 4997//2058 5468//2058
f 5806//2059 5464//2059 4998//2059
f 5468//2060 5469//2060 5471//2060
f 5470//1406 5472//1406 4996//1406
f 4998//2061 5468//2061 5805//2061
f 5468//2062 5471//2062 5474//2062
f 5469//2063 5472//2063 5475//2063
f 5471//2064 5475//2064 5001//2064
f 4997//2065 4996//2065 5469//2065
f 4691//1413 4692//1413 5473//1413
f 5803//2066 5474//2066 5804//2066
f 5805//2067 5474//2067 5803//2067
f 4692//1417 5344//1417 4693//1417
f 5804//2068 5006//2068 5802//2068
f 5005//2069 5004//2069 5476//2069
f 5003//1420 5002//1420 5008//1420
f 5004//2070 5008//2070 5009//2070
f 5002//2071 4693//2071 5007//2071
f 5006//2072 5476//2072 5010//2072
f 5802//2073 5010//2073 5478//2073
f 4693//1427 4731//1427 5477//1427
f 5478//2074 5010//2074 5479//2074
f 5008//1428 5007//1428 5012//1428
f 5009//2075 5012//2075 5013//2075
f 5007//2076 4694//2076 5011//2076
f 5476//2077 5009//2077 5014//2077
f 5010//2078 5014//2078 5015//2078
f 5012//1432 5011//1432 5017//1432
f 5013//1435 5017//1435 5018//1435
f 5011//1436 4695//1436 5016//1436
f 5479//2079 5015//2079 5090//2079
f 5014//2080 5018//2080 5019//2080
f 5017//1439 5016//1439 5480//1439
f 5800//2081 5020//2081 5801//2081
f 5018//2082 5480//2082 5023//2082
f 5016//1443 4697//1443 5021//1443
f 5090//2083 5020//2083 5800//2083
f 5480//2084 5021//2084 5022//2084
f 5019//2085 5023//2085 5024//2085
f 5023//2086 5022//2086 5481//2086
f 5024//2087 5481//2087 5483//2087
f 5481//1449 5484//1449 5486//1449
f 5088//2088 5487//2088 5089//2088
f 5483//2089 5486//2089 5488//2089
f 5801//2090 5025//2090 5796//2090
f 4740//1451 4698//1451 5482//1451
f 5482//1452 4699//1452 5485//1452
f 5485//2091 4700//2091 5489//2091
f 5083//2092 5492//2092 5491//2092
f 4600//1456 4601//1456 5492//1456
f 5491//1457 5493//1457 5084//1457
f 5491//1458 5492//1458 5493//1458
f 5493//1459 5085//1459 5084//1459
f 5494//1460 5495//1460 5085//1460
f 5496//2093 5498//2093 5087//2093
f 5497//2094 5031//2094 5496//2094
f 4971//1463 4600//1463 5083//1463
f 5235//1464 4534//1464 4603//1464
f 4603//2095 5030//2095 5497//2095
f 5031//2096 5032//2096 5498//2096
f 5498//1467 5032//1467 5795//1467
f 5083//2097 5491//2097 5785//2097
f 5499//1469 5502//1469 5032//1469
f 5502//2098 5782//2098 5082//2098
f 5504//2099 5782//2099 5502//2099
f 5507//2100 5035//2100 5782//2100
f 5507//2101 5513//2101 5035//2101
f 5511//1474 5514//1474 5507//1474
f 4608//1475 5515//1475 5034//1475
f 5513//2102 5774//2102 5777//2102
f 4609//1477 5036//1477 5515//1477
f 5034//1478 5512//1478 5509//1478
f 5514//2103 5518//2103 5513//2103
f 5516//2104 5519//2104 5514//2104
f 5036//1481 5517//1481 5512//1481
f 4610//2105 4611//2105 5036//2105
f 5521//1484 5523//1484 5519//1484
f 4611//2106 5524//2106 5520//2106
f 5520//1486 5522//1486 5517//1486
f 5522//2107 5038//2107 5521//2107
f 5523//2108 5525//2108 5518//2108
f 5525//2109 5773//2109 5080//2109
f 5038//1490 5527//1490 5523//1490
f 5037//1491 5528//1491 5524//1491
f 5526//2110 5039//2110 5038//2110
f 5527//2111 5040//2111 5525//2111
f 5524//1495 5526//1495 5522//1495
f 4536//1496 5529//1496 5037//1496
f 5530//2112 5041//2112 5040//2112
f 5039//2113 5530//2113 5527//2113
f 5535//2114 5539//2114 5041//2114
f 5536//2115 5540//2115 5531//2115
f 5539//2116 5044//2116 5771//2116
f 5540//2117 5539//2117 5535//2117
f 5536//2118 5537//2118 5542//2118
f 5531//2119 5535//2119 5530//2119
f 5537//2120 4543//2120 5543//2120
f 5542//1508 5042//1508 5540//1508
f 5541//2121 5545//2121 5042//2121
f 4617//2122 5546//2122 5542//2122
f 5544//2123 5078//2123 5770//2123
f 4619//2124 5078//2124 5544//2124
f 5043//2125 5770//2125 5044//2125
f 5042//1514 5043//1514 5539//1514
f 4543//2126 4616//2126 5543//2126
f 4618//2127 4619//2127 5546//2127
f 5547//2128 5077//2128 5079//2128
f 5045//2129 5550//2129 5077//2129
f 5045//2130 5549//2130 5550//2130
f 5549//2131 4620//2131 5046//2131
f 5075//2132 5555//2132 5076//2132
f 5552//1521 5554//1521 5553//1521
f 5554//1523 5556//1523 5049//1523
f 5550//2133 5046//2133 5075//2133
f 5552//2134 4621//2134 5554//2134
f 4622//2135 4623//2135 5556//2135
f 5555//2136 5050//2136 5051//2136
f 5768//2137 5051//2137 5557//2137
f 5048//2138 5559//2138 5049//2138
f 5768//2139 5557//2139 5769//2139
f 5051//2140 5558//2140 5560//2140
f 4625//2141 5052//2141 5048//2141
f 5559//1533 5052//1533 5053//1533
f 5769//2142 5557//2142 4548//2142
f 4624//1535 4625//1535 5047//1535
f 5558//1536 5053//1536 5054//1536
f 5053//1537 5561//1537 5562//1537
f 4548//2143 5056//2143 5767//2143
f 5052//1538 4626//1538 4627//1538
f 5767//2144 5056//2144 5765//2144
f 5765//2145 5061//2145 5068//2145
f 5058//1541 5057//1541 5064//1541
f 5060//2146 5065//2146 5066//2146
f 5067//2147 5066//2147 5563//2147
f 5068//2148 5563//2148 5564//2148
f 5763//2149 5569//2149 5762//2149
f 5758//2150 5580//2150 5073//2150
f 5600//2151 5601//2151 5606//2151
f 5605//1550 5606//1550 4616//1550
f 5602//2152 5603//2152 4619//2152
f 4883//2153 4884//2153 5592//2153
f 5604//2154 4927//2154 5547//2154
f 5606//2155 4618//2155 4617//2155
f 4616//1556 4543//1556 4918//1556
f 5593//2156 4921//2156 4922//2156
f 4926//2157 5607//2157 4927//2157
f 6116//2158 4928//2158 4924//2158
f 5608//2159 4925//2159 4924//2159
f 5608//2160 4929//2160 4925//2160
f 5609//2161 5607//2161 4926//2161
f 4886//2162 5608//2162 4928//2162
f 5613//1563 5617//1563 5612//1563
f 5619//1564 4620//1564 5609//1564
f 5621//2163 5551//2163 5620//2163
f 5625//2164 4622//2164 5623//2164
f 4891//1568 5612//1568 4890//1568
f 4930//1569 5613//1569 4891//1569
f 5613//2165 4931//2165 5618//2165
f 4621//1571 5552//1571 5621//1571
f 5551//2166 5046//2166 5619//2166
f 5619//2167 5046//2167 4620//2167
f 5637//1574 5638//1574 5643//1574
f 5642//2168 5643//2168 4683//2168
f 5639//2169 5640//2169 4686//2169
f 4895//2170 4896//2170 5629//2170
f 5641//2171 4944//2171 5457//2171
f 5643//1579 4685//1579 4684//1579
f 4683//1580 4545//1580 4935//1580
f 5630//1581 4938//1581 4939//1581
f 4943//2172 5644//2172 4944//2172
f 5646//2173 5644//2173 4943//2173
f 5650//1585 5655//1585 5649//1585
f 5657//2174 4688//2174 5646//2174
f 5663//1587 4690//1587 5661//1587
f 4898//2175 5645//2175 5198//2175
f 4903//1589 5649//1589 4902//1589
f 4946//1590 5650//1590 4903//1590
f 5650//2176 4947//2176 5656//2176
f 4689//2177 5463//2177 5659//2177
f 5658//2178 4994//2178 5657//2178
f 5657//2179 4994//2179 4688//2179
f 5667//1594 5670//1594 5666//1594
f 5682//1595 5685//1595 4934//1595
f 5683//1596 5686//1596 5685//1596
f 5684//1597 5686//1597 5683//1597
f 4936//1598 5687//1598 5684//1598
f 4905//1599 5664//1599 4904//1599
f 4909//1600 5666//1600 4908//1600
f 4940//1601 4939//1601 5667//1601
f 4937//1602 4936//1602 5681//1602
f 5691//1603 5694//1603 5690//1603
f 5706//1604 5709//1604 4950//1604
f 5707//1605 5710//1605 5709//1605
f 5708//1606 5710//1606 5707//1606
f 4919//1607 5711//1607 5708//1607
f 4916//1608 5688//1608 4917//1608
f 4912//1609 5690//1609 4913//1609
f 4923//1610 4922//1610 5691//1610
f 4920//1611 4919//1611 5705//1611
f 5711//1612 4726//1612 5710//1612
f 5709//1613 4727//1613 5338//1613
f 4950//1614 5338//1614 4546//1614
f 4961//1615 5713//1615 4957//1615
f 5714//1616 5713//1616 5712//1616
f 5713//1617 5716//1617 5715//1617
f 5715//1618 5719//1618 4958//1618
f 5718//1619 4952//1619 5715//1619
f 5720//1620 4951//1620 5716//1620
f 5719//1621 4959//1621 4958//1621
f 4951//1622 5721//1622 4952//1622
f 5720//1623 5722//1623 5721//1623
f 5721//1624 4962//1624 4963//1624
f 4954//1625 4953//1625 5722//1625
f 5719//1626 4960//1626 4959//1626
f 5723//2180 5208//2180 5215//2180
f 5207//1627 5724//1627 5329//1627
f 6111//1628 5729//1628 6110//1628
f 5730//1629 5734//1629 5729//1629
f 5730//1630 5735//1630 5734//1630
f 5731//1631 5736//1631 5735//1631
f 5733//1632 5737//1632 5732//1632
f 5213//1633 5742//1633 5286//1633
f 5742//2181 5212//2181 5286//2181
f 5209//1634 4958//1634 4959//1634
f 5215//2182 5208//2182 5322//2182
f 6098//1635 5745//1635 6097//1635
f 5746//1636 5750//1636 5745//1636
f 5746//1637 5751//1637 5750//1637
f 5747//1638 5752//1638 5751//1638
f 5749//2183 5753//2183 5748//2183
f 5756//1640 4962//1640 5753//1640
f 5753//2184 4723//2184 4722//2184
f 5213//1642 5286//1642 5214//1642
f 5286//1643 5212//1643 5288//1643
f 5300//1644 5209//1644 5302//1644
f 5760//2185 5761//2185 5138//2185
f 5574//2186 5758//2186 5759//2186
f 5068//2187 5564//2187 5764//2187
f 5765//2188 5068//2188 5135//2188
f 5135//1650 5068//1650 5136//1650
f 5766//2189 5765//2189 5135//2189
f 5134//2190 5767//2190 5186//2190
f 5184//2191 5769//2191 5185//2191
f 5185//2192 4548//2192 5134//2192
f 5182//2193 5075//2193 5183//2193
f 5075//2194 5076//2194 5183//2194
f 5183//2195 5076//2195 5133//2195
f 5550//2196 5075//2196 5182//2196
f 5181//2197 5550//2197 5182//2197
f 5770//1660 5078//1660 5179//1660
f 5772//2198 5177//2198 5176//2198
f 5771//2199 5178//2199 5177//2199
f 5044//2200 5179//2200 5178//2200
f 5773//2201 5176//2201 4838//2201
f 5773//2202 4838//2202 5175//2202
f 5080//2203 5174//2203 5173//2203
f 5775//2204 5080//2204 5173//2204
f 5774//2205 5172//2205 4828//2205
f 5780//1674 5169//1674 5778//1674
f 5780//2206 5781//2206 5169//2206
f 5783//2207 5785//2207 5784//2207
f 5785//2209 5084//2209 5786//2209
f 5786//2210 5788//2210 5787//2210
f 5787//1682 5790//1682 5168//1682
f 5790//2211 5792//2211 5168//2211
f 5793//1684 5794//1684 5792//1684
f 5087//2212 5795//2212 5793//2212
f 5140//1686 5783//1686 6007//1686
f 4971//1687 5083//1687 5783//1687
f 5085//1688 5086//1688 5789//1688
f 5795//1689 5132//1689 5794//1689
f 5794//1690 5778//1690 4819//1690
f 5801//2213 5796//2213 5129//2213
f 5129//2214 5796//2214 5797//2214
f 5796//2215 5088//2215 5797//2215
f 5797//1691 5798//1691 5167//1691
f 5797//2216 5088//2216 5798//2216
f 5167//2217 5798//2217 5131//2217
f 5798//2218 5089//2218 5799//2218
f 5128//2219 5800//2219 5166//2219
f 5166//2220 5801//2220 5129//2220
f 5127//2221 5090//2221 5128//2221
f 5126//2222 5479//2222 5127//2222
f 5164//2223 5804//2223 5124//2223
f 5162//2224 5805//2224 5163//2224
f 5161//2225 4998//2225 5162//2225
f 5462//2226 5806//2226 5161//2226
f 5461//2227 5091//2227 5160//2227
f 5158//2228 5461//2228 5159//2228
f 5092//1702 5158//1702 5157//1702
f 5807//2229 5093//2229 5155//2229
f 5093//2230 5092//2230 5156//2230
f 5810//2231 5152//2231 4552//2231
f 5094//2232 4552//2232 5151//2232
f 5094//2233 5151//2233 5150//2233
f 4547//2234 5150//2234 5149//2234
f 5811//2235 5149//2235 5148//2235
f 5812//2236 5148//2236 5147//2236
f 5096//2237 5815//2237 5813//2237
f 5816//2238 5814//2238 5815//2238
f 5816//2239 5147//2239 5814//2239
f 5813//2240 4551//2240 5123//2240
f 5814//2241 5147//2241 5944//2241
f 5820//2242 5097//2242 5822//2242
f 5821//2243 5824//2243 5823//2243
f 5097//1722 5098//1722 5822//1722
f 5098//2244 5826//2244 5824//2244
f 5825//2245 5827//2245 5145//2245
f 5826//1725 5827//1725 5825//1725
f 5828//2246 5829//2246 5827//2246
f 5100//2247 5101//2247 5828//2247
f 5101//2248 4977//2248 5829//2248
f 5123//2249 4551//2249 5146//2249
f 5102//1728 5910//1728 5908//1728
f 5916//2250 5106//2250 5917//2250
f 5831//1732 5834//1732 5833//1732
f 5832//2251 5107//2251 5834//2251
f 5833//1734 5835//1734 5144//1734
f 5835//1735 5837//1735 5144//1735
f 5836//2252 5839//2252 5838//2252
f 5839//1737 5841//1737 5838//1737
f 5841//1738 5842//1738 5840//1738
f 5842//2253 5907//2253 5905//2253
f 5111//1740 5843//1740 5842//1740
f 5131//1741 5831//1741 5143//1741
f 5130//2254 5832//2254 5831//2254
f 5107//1743 5108//1743 5836//1743
f 5110//1744 5111//1744 5841//1744
f 5843//1745 4974//1745 5907//1745
f 5840//1746 5905//1746 5903//1746
f 5112//1747 5846//1747 5845//1747
f 5846//1748 5887//1748 5884//1748
f 5887//2255 5113//2255 5889//2255
f 5889//1750 5847//1750 5891//1750
f 5113//1751 5114//1751 5847//1751
f 5847//1752 5114//1752 5848//1752
f 5848//1753 5120//1753 5121//1753
f 5891//1754 5848//1754 5893//1754
f 5844//1755 5882//1755 5880//1755
f 5851//2256 5852//2256 5142//2256
f 5851//1757 5853//1757 5852//1757
f 5853//1758 5117//1758 5855//1758
f 5855//1759 5856//1759 5854//1759
f 5137//2257 5850//2257 5849//2257
f 5115//2258 5116//2258 5853//2258
f 4877//2259 4876//2259 5864//2259
f 4576//1762 5873//1762 5361//1762
f 5874//1763 5877//1763 5876//1763
f 5879//2260 5881//2260 4561//2260
f 5880//2261 5882//2261 5881//2261
f 5881//1766 5884//1766 5883//1766
f 5883//1767 5886//1767 5885//1767
f 5884//1768 5887//1768 5886//1768
f 5888//1769 5890//1769 5885//1769
f 5889//2262 5891//2262 5888//2262
f 5891//1771 5892//1771 5890//1771
f 5893//1772 4550//1772 5892//1772
f 5892//2263 4564//2263 5890//2263
f 4818//1774 4817//1774 4637//1774
f 5897//2264 5144//2264 5898//2264
f 4637//1776 5894//1776 5234//1776
f 5144//2265 5900//2265 5898//2265
f 5234//1778 5901//1778 4574//1778
f 5906//1779 5122//1779 4573//1779
f 5908//2266 5910//2266 5909//2266
f 5911//2267 5913//2267 5912//2267
f 5913//2268 5914//2268 5912//2268
f 5917//1783 5140//1783 5915//1783
f 4565//1784 5920//1784 4568//1784
f 5918//2269 5921//2269 4565//2269
f 5924//1786 5928//1786 5920//1786
f 5936//2270 4766//2270 5935//2270
f 4550//2271 5918//2271 4564//2271
f 5920//1789 4567//1789 4568//1789
f 4768//2272 4669//2272 4670//2272
f 5939//2273 5943//2273 5938//2273
f 5941//1792 4667//1792 4668//1792
f 5940//2274 4770//2274 5939//2274
f 4551//2275 5940//2275 5936//2275
f 4771//2276 4772//2276 5942//2276
f 4772//2277 4777//2277 4773//2277
f 4769//2278 4774//2278 4770//2278
f 4775//2279 4776//2279 4772//2279
f 4777//1799 4663//1799 4665//1799
f 4776//1800 5945//1800 4777//1800
f 5945//2280 4662//2280 4663//2280
f 5946//1802 5949//1802 4776//1802
f 5950//1803 4779//1803 5949//1803
f 4779//1804 4780//1804 5945//1804
f 5948//2281 4778//2281 5947//2281
f 5947//2282 5950//2282 5946//2282
f 5151//2283 5951//2283 5948//2283
f 4781//2284 4541//2284 4661//2284
f 4786//1809 4659//1809 4660//1809
f 5952//1810 4658//1810 4659//1810
f 5952//1811 5957//1811 4658//1811
f 5955//1812 5959//1812 5954//1812
f 5154//2285 4787//2285 5956//2285
f 4787//2286 4788//2286 5955//2286
f 5957//2287 4656//2287 4657//2287
f 5957//1816 4657//1816 4658//1816
f 4791//2288 4655//2288 4656//2288
f 4787//2289 4793//2289 4788//2289
f 5156//2290 4792//2290 4787//2290
f 4796//2291 4653//2291 4654//2291
f 4792//2292 5963//2292 4793//2292
f 5157//2293 4797//2293 4792//2293
f 5158//1823 5159//1823 5157//1823
f 5963//2294 4797//2294 5968//2294
f 5968//2295 5969//2295 5973//2295
f 5964//2296 5965//2296 4651//2296
f 4650//2297 5970//2297 4649//2297
f 4651//2298 5970//2298 4650//2298
f 4649//1828 5974//1828 4648//1828
f 5976//2299 5977//2299 5982//2299
f 5970//2300 5974//2300 4649//2300
f 5980//1831 5984//1831 5987//1831
f 5985//2301 5986//2301 4799//2301
f 5979//1834 5980//1834 4647//1834
f 5977//2302 5983//2302 5986//2302
f 4646//1836 5987//1836 5990//1836
f 5987//1837 5988//1837 5990//1837
f 5990//1838 5988//1838 4800//1838
f 5984//1839 4799//1839 5988//1839
f 5986//2303 5983//2303 5989//2303
f 5164//2304 5124//2304 5165//2304
f 4799//1842 5989//1842 4802//1842
f 4645//1843 5990//1843 4644//1843
f 4801//1844 4800//1844 4643//1844
f 5988//1845 4802//1845 5992//1845
f 5989//2305 5991//2305 5993//2305
f 5165//2306 5125//2306 5126//2306
f 4644//1847 4801//1847 4643//1847
f 4800//2307 5992//2307 4807//2307
f 5993//2308 4803//2308 4804//2308
f 4807//2309 4806//2309 4811//2309
f 4804//2310 4803//2310 4808//2310
f 4641//2311 4811//2311 4640//2311
f 4811//2312 4810//2312 5994//2312
f 4809//1851 4808//1851 5997//1851
f 5994//1852 4812//1852 4813//1852
f 5994//1853 5996//1853 4812//1853
f 5996//2313 5998//2313 6000//2313
f 5995//2314 5129//2314 6002//2314
f 5998//1858 6001//1858 6005//1858
f 6001//2315 6002//2315 4814//2315
f 5997//2316 4808//2316 5998//2316
f 5167//1861 5131//1861 5143//1861
f 6005//2317 4814//2317 4815//2317
f 6003//1863 4817//1863 4818//1863
f 4813//1864 5999//1864 4639//1864
f 6015//2318 5168//2318 6018//2318
f 5168//2319 6020//2319 6018//2319
f 5140//2320 6006//2320 5139//2320
f 6023//2321 6024//2321 4820//2321
f 6024//2322 6027//2322 6022//2322
f 5170//2323 4823//2323 6023//2323
f 6027//2324 4826//2324 6026//2324
f 4822//1872 4599//1872 4765//1872
f 4820//1873 6022//1873 4821//1873
f 5778//1874 5169//1874 4819//1874
f 4824//2325 4825//2325 6027//2325
f 4827//2326 4596//2326 4597//2326
f 4824//2327 6030//2327 4825//2327
f 6028//2328 4829//2328 4596//2328
f 6031//1878 6036//1878 4829//1878
f 4828//2329 6035//2329 4823//2329
f 6036//1880 4594//1880 4595//1880
f 4833//2330 6038//2330 6036//2330
f 5172//2331 6037//2331 6035//2331
f 6038//1884 4760//1884 4594//1884
f 5174//2332 5175//2332 5173//2332
f 6037//2333 4834//2333 4830//2333
f 6038//1886 4593//1886 4760//1886
f 4837//2334 4593//2334 6038//2334
f 5175//2335 6039//2335 6037//2335
f 6039//2336 4839//2336 4834//2336
f 4842//1890 4592//1890 4593//1890
f 4838//2337 4843//2337 6039//2337
f 4843//1892 4844//1892 4839//1892
f 4842//1893 4847//1893 4592//1893
f 4844//2338 6042//2338 4845//2338
f 6040//1895 4590//1895 4591//1895
f 6040//2339 4852//2339 4590//2339
f 4847//1896 4591//1896 5392//1896
f 4848//1898 4855//1898 4849//1898
f 4852//2340 4589//2340 4590//2340
f 4853//2341 4854//2341 4848//2341
f 4857//2342 4858//2342 6044//2342
f 6044//2343 5386//2343 4588//2343
f 4854//1901 6048//1901 4855//1901
f 5180//2344 5181//2344 4853//2344
f 6045//2345 6050//2345 4858//2345
f 4858//2346 6050//2346 4587//2346
f 4858//2347 4587//2347 5386//2347
f 4854//2348 5181//2348 6049//2348
f 6048//2349 6049//2349 6054//2349
f 6049//2350 5183//2350 6055//2350
f 6054//2351 6055//2351 6059//2351
f 6050//2352 6051//2352 5381//2352
f 5381//2353 6056//2353 4859//2353
f 6055//2354 5184//2354 6064//2354
f 6062//2355 6063//2355 6066//2355
f 6059//2356 6055//2356 6063//2356
f 4584//1913 4864//1913 6067//1913
f 4584//1914 6067//1914 4753//1914
f 5134//2357 5766//2357 5135//2357
f 5371//1916 4869//1916 4583//1916
f 4866//2358 4865//2358 4871//2358
f 4867//1918 4871//1918 4872//1918
f 4874//1919 4873//1919 6068//1919
f 4875//1920 6068//1920 6069//1920
f 4871//2359 4870//2359 6072//2359
f 4875//1922 6069//1922 4749//1922
f 6072//2360 4870//2360 6076//2360
f 6074//1924 6078//1924 6080//1924
f 6077//2361 6082//2361 6081//2361
f 6077//1926 6080//1926 6082//1926
f 6076//2362 6079//2362 6083//2362
f 5369//1928 6077//1928 4582//1928
f 6073//1929 6074//1929 6077//1929
f 6075//2363 6076//2363 6078//2363
f 4870//2364 5187//2364 6079//2364
f 6083//1932 6085//1932 6088//1932
f 4581//1933 6084//1933 4580//1933
f 6087//2365 6088//2365 6090//2365
f 6082//2366 6080//2366 6084//2366
f 6085//2367 5189//2367 4876//2367
f 6089//1937 4879//1937 4578//1937
f 4970//2368 5199//2368 5198//2368
f 6103//2369 5214//2369 5199//2369
f 4914//1939 6093//1939 4913//1939
f 6094//2370 6101//2370 6100//2370
f 4970//2371 6103//2371 5199//2371
f 6103//2372 5213//2372 5214//2372
f 4907//1943 6106//1943 4908//1943
f 6107//2373 6114//2373 6113//2373
f 4888//1945 6120//1945 4889//1945
f 6119//1946 6123//1946 6118//1946
f 6120//2374 6124//2374 6119//2374
f 6121//2375 6125//2375 4888//2375
f 4890//1949 6118//1949 4891//1949
f 6123//1950 5196//1950 4724//1950
f 6118//1951 4724//1951 4725//1951
f 4884//2376 4883//2376 6127//2376
f 6117//1955 6126//1955 5723//1955
f 4900//2377 6136//2377 4901//2377
f 6135//1959 6139//1959 6134//1959
f 6136//1960 6140//1960 6135//1960
f 6137//1961 6141//1961 4900//1961
f 4902//1962 6134//1962 4903//1962
f 6139//1963 5204//1963 4964//1963
f 6134//1964 4964//1964 4965//1964
f 4896//1965 4895//1965 6143//1965
f 6103//2378 6142//2378 5213//2378
f 3611//4461 3503//4461 4234//4461 3609//4461
f 2943//4462 3612//4462 3458//4462 2942//4462
f 3610//4463 3458//4463 3612//4463
f 3614//4464 3612//4464 2943//4464 2944//4464
f 3503//4465 3611//4465 3504//4465
f 3611//4466 3610//4466 3613//4466
f 3610//4467 3609//4467 3460//4467 3459//4467
f 3505//4468 3613//4468 3615//4468
f 3614//4469 3506//4469 3616//4469
f 2944//4470 3631//4470 3506//4470
f 3461//4471 3460//4471 3609//4471
f 4243//4472 4241//4472 3615//4472 3616//4472
f 3458//4473 2924//4473 2942//4473
f 3506//4474 3500//4474 3356//4474
f 3620//4475 3619//4475 3412//4475 3617//4475
f 3631//4476 2948//4476 4230//4476
f 3413//4477 3412//4477 3619//4477
f 3622//4478 3497//4478 3496//4478 3620//4478
f 3495//4479 3619//4479 3496//4479
f 3620//4480 3618//4480 3621//4480
f 3499//4481 3498//4481 3622//4481 3623//4481
f 2955//4482 2956//4482 3621//4482
f 3621//4483 3623//4483 3622//4483
f 3618//4484 3617//4484 3411//4484 3126//4484
f 2956//4485 2957//4485 3623//4485
f 3412//4486 3411//4486 3617//4486
f 3492//4487 4213//4487 3491//4487 4214//4487
f 3623//4488 3491//4488 3358//4488
f 4216//4489 3413//4489 3495//4489
f 2939//4490 2938//4490 3625//4490 3626//4490
f 2957//4491 2960//4491 4214//4491
f 3624//4492 2960//4492 2985//4492
f 3494//4493 3624//4493 3355//4493
f 3625//4494 3203//4494 3022//4494
f 2940//4495 2939//4495 3626//4495 3627//4495
f 3626//4496 3022//4496 3627//4496
f 2938//4497 3149//4497 3148//4497 3625//4497
f 2987//4498 3630//4498 3629//4498 2988//4498
f 2954//4499 3629//4499 2955//4499
f 3629//4500 3630//4500 2955//4500
f 2986//4501 2960//4501 3630//4501 2987//4501
f 3630//4502 2960//4502 2956//4502
f 3633//4503 3632//4503 2944//4503 2943//4503
f 2960//4504 2986//4504 2985//4504
f 3126//4505 3125//4505 2954//4505
f 3631//4506 2944//4506 3632//4506
f 3055//4507 3632//4507 3633//4507
f 3634//4508 3633//4508 2943//4508 2942//4508
f 3056//4509 3633//4509 3634//4509
f 3058//4510 3057//4510 3635//4510 3637//4510
f 3634//4511 2942//4511 2924//4511
f 3056//4512 3634//4512 3086//4512
f 3056//4513 3086//4513 3087//4513
f 3635//4514 3021//4514 3636//4514
f 3059//4515 3058//4515 3637//4515 3639//4515
f 3637//4516 3636//4516 3638//4516
f 3057//4517 3087//4517 3086//4517 3635//4517
f 3639//4518 3638//4518 3088//4518
f 3639//4519 3089//4519 3059//4519
f 3021//4520 3635//4520 3086//4520 2924//4520
f 3019//4521 3638//4521 3636//4521 3020//4521
f 3018//4522 3088//4522 3638//4522 3019//4522
f 3061//4523 3060//4523 3640//4523 3642//4523
f 3088//4524 3018//4524 3017//4524
f 3090//4525 3091//4525 3642//4525 3641//4525
f 3642//4526 3092//4526 3061//4526
f 3060//4527 3059//4527 3089//4527 3640//4527
f 3093//4528 3094//4528 3091//4528 3090//4528
f 3089//4529 3088//4529 3640//4529
f 3641//4530 3017//4530 3016//4530
f 3090//4531 3016//4531 3015//4531
f 3092//4532 3643//4532 3062//4532
f 3091//4533 3094//4533 3643//4533
f 3014//4534 3093//4534 3090//4534 3015//4534
f 3063//4535 3096//4535 3644//4535 3646//4535
f 3094//4536 3093//4536 3645//4536
f 3643//4537 3644//4537 3095//4537
f 3064//4538 3063//4538 3646//4538 3649//4538
f 3644//4539 3647//4539 3646//4539
f 3644//4540 3645//4540 3647//4540
f 3653//4541 3652//4541 3648//4541 3650//4541
f 3650//4542 3648//4542 3647//4542 3097//4542
f 3647//4543 3648//4543 3646//4543
f 3651//4544 3649//4544 3648//4544 3652//4544
f 3097//4545 2922//4545 3013//4545
f 3650//4546 3013//4546 3012//4546
f 3652//4547 3653//4547 3011//4547
f 3652//4548 3099//4548 3100//4548
f 3649//4549 3651//4549 3098//4549
f 3654//4550 3099//4550 3011//4550 3655//4550
f 3653//4551 3012//4551 3011//4551
f 3099//4552 3652//4552 3011//4552
f 3100//4553 3099//4553 3654//4553
f 3101//4554 3655//4554 3010//4554 3009//4554
f 3065//4555 3654//4555 3656//4555
f 3656//4556 3657//4556 3102//4556
f 3657//4557 3101//4557 3102//4557
f 3103//4558 2929//4558 3066//4558 3658//4558
f 3011//4559 3010//4559 3655//4559
f 3009//4560 2928//4560 3101//4560
f 4131//4561 4526//4561 4527//4561 3659//4561
f 3373//4562 3100//4562 3065//4562
f 3659//4563 4527//4563 4530//4563 3660//4563
f 3660//4564 4530//4564 4531//4564 3661//4564
f 3661//4565 4531//4565 4532//4565 3662//4565
f 3662//4566 4532//4566 4533//4566 3663//4566
f 3606//4567 4131//4567 3659//4567 3664//4567
f 3605//4568 3606//4568 3664//4568 3665//4568
f 3665//4569 3660//4569 3661//4569 3666//4569
f 3666//4570 3661//4570 3662//4570 3667//4570
f 3667//4571 3662//4571 3663//4571 3668//4571
f 3604//4572 3605//4572 3665//4572 3669//4572
f 3669//4573 3665//4573 3666//4573 3670//4573
f 4132//4574 3604//4574 3669//4574 3671//4574
f 3671//4575 3669//4575 3670//4575 3672//4575
f 3672//4576 3670//4576 3668//4576 3352//4576
f 3603//4577 3671//4577 3672//4577 3673//4577
f 3673//4578 3672//4578 3352//4578 3353//4578
f 3663//4579 4533//4579 3599//4579 3350//4579
f 3668//4580 3663//4580 3350//4580 3351//4580
f 3341//4581 3603//4581 3673//4581 3340//4581
f 3675//4582 3674//4582 4523//4582 4524//4582
f 3676//4583 3675//4583 4524//4583 4520//4583
f 3677//4584 3676//4584 4520//4584 4525//4584
f 3678//4585 3677//4585 4525//4585 4521//4585
f 3679//4586 3678//4586 4521//4586 4522//4586
f 3681//4587 3680//4587 3678//4587 3679//4587
f 4522//4588 3347//4588 3679//4588
f 3677//4589 3678//4589 3680//4589
f 3683//4590 3682//4590 3674//4590 3675//4590
f 3684//4591 3683//4591 3675//4591 3676//4591
f 3685//4592 3684//4592 3676//4592 3677//4592
f 3686//4593 3685//4593 3680//4593 3681//4593
f 3677//4594 3680//4594 3685//4594
f 3688//4595 3687//4595 3684//4595 3685//4595
f 3682//4596 3683//4596 3687//4596
f 3683//4597 3684//4597 3687//4597
f 3689//4598 3688//4598 3685//4598 3686//4598
f 3691//4599 3690//4599 3682//4599 3687//4599
f 3692//4600 3691//4600 3687//4600 3688//4600
f 3693//4601 3692//4601 3688//4601 3689//4601
f 3694//4602 3593//4602 3690//4602 3691//4602
f 3695//4603 3694//4603 3691//4603 3692//4603
f 3342//4604 3343//4604 3694//4604 3695//4604
f 3692//4605 3693//4605 3695//4605
f 3690//4606 3594//4606 3595//4606 3682//4606
f 3593//4607 3694//4607 3343//4607
f 3594//4608 3690//4608 3593//4608
f 3682//4609 3595//4609 3596//4609 3674//4609
f 3674//4610 3596//4610 3597//4610 4523//4610
f 3601//4611 4511//4611 4512//4611 3696//4611
f 3696//4612 4512//4612 4515//4612 3697//4612
f 3697//4613 4515//4613 4516//4613 3698//4613
f 3698//4614 4516//4614 4517//4614 3699//4614
f 3699//4615 4517//4615 4514//4615 3700//4615
f 3600//4616 3601//4616 3696//4616 3701//4616
f 4113//4617 3600//4617 3701//4617 3702//4617
f 3702//4618 3697//4618 3698//4618 3703//4618
f 3703//4619 3698//4619 3699//4619 3704//4619
f 3704//4620 3699//4620 3700//4620 3705//4620
f 4114//4621 4113//4621 3702//4621 3706//4621
f 3706//4622 3702//4622 3703//4622 3707//4622
f 4115//4623 4114//4623 3706//4623 3708//4623
f 3708//4624 3706//4624 3707//4624 3709//4624
f 3709//4625 3707//4625 3705//4625 3106//4625
f 4116//4626 3708//4626 3709//4626 3336//4626
f 3336//4627 3709//4627 3106//4627 3107//4627
f 3700//4628 4514//4628 3583//4628 3104//4628
f 3705//4629 3700//4629 3104//4629 3105//4629
f 3711//4630 3710//4630 4507//4630 4508//4630
f 3712//4631 3711//4631 4508//4631 4504//4631
f 3713//4632 3712//4632 4504//4632 4509//4632
f 3714//4633 3713//4633 4509//4633 4505//4633
f 3715//4634 3714//4634 4505//4634 4506//4634
f 3717//4635 3716//4635 3714//4635 3715//4635
f 4506//4636 3608//4636 3715//4636
f 3713//4637 3714//4637 3716//4637
f 3719//4638 3718//4638 3710//4638 3711//4638
f 3720//4639 3719//4639 3711//4639 3712//4639
f 3721//4640 3720//4640 3712//4640 3713//4640
f 3722//4641 3721//4641 3716//4641 3717//4641
f 3713//4642 3716//4642 3721//4642
f 3724//4643 3723//4643 3720//4643 3721//4643
f 3718//4644 3719//4644 3723//4644
f 3719//4645 3720//4645 3723//4645
f 3725//4646 3724//4646 3721//4646 3722//4646
f 3727//4647 3726//4647 3718//4647 3723//4647
f 3728//4648 3727//4648 3723//4648 3724//4648
f 3729//4649 3728//4649 3724//4649 3725//4649
f 3339//4650 3584//4650 3726//4650 3727//4650
f 3730//4651 3339//4651 3727//4651 3728//4651
f 3726//4652 3585//4652 3586//4652 3718//4652
f 3728//4653 3729//4653 3730//4653
f 3339//4654 3730//4654 3338//4654
f 3585//4655 3726//4655 3584//4655
f 3718//4656 3586//4656 3587//4656 3710//4656
f 3710//4657 3587//4657 3588//4657 4507//4657
f 2997//4658 3736//4658 3735//4658 2998//4658
f 3731//4659 3733//4659 3075//4659
f 3110//4660 3000//4660 2999//4660
f 3732//4661 3735//4661 3733//4661
f 3733//4662 3734//4662 3075//4662
f 3734//4663 3735//4663 3736//4663
f 3738//4664 3736//4664 2997//4664 2920//4664
f 3111//4665 3732//4665 3731//4665
f 3075//4666 3112//4666 3076//4666
f 3736//4667 3738//4667 3113//4667
f 3118//4668 3079//4668 3078//4668 3742//4668
f 3739//4669 3113//4669 3114//4669
f 3738//4670 3740//4670 3114//4670
f 3737//4671 3113//4671 3739//4671
f 2920//4672 2919//4672 3740//4672
f 3077//4673 3739//4673 3115//4673
f 3115//4674 3114//4674 3741//4674
f 2919//4675 3116//4675 3740//4675
f 3742//4676 3741//4676 3117//4676
f 3740//4677 3743//4677 3741//4677
f 2919//4678 2996//4678 3116//4678
f 3743//4679 3116//4679 3117//4679
f 3120//4680 3121//4680 3118//4680 3744//4680
f 3118//4681 3117//4681 3744//4681
f 3116//4682 2995//4682 3744//4682
f 2995//4683 2994//4683 3119//4683
f 3744//4684 3119//4684 3120//4684
f 3121//4685 3080//4685 3079//4685 3118//4685
f 3745//4686 3081//4686 3080//4686 3121//4686
f 3119//4687 2993//4687 3746//4687
f 3745//4688 3120//4688 3123//4688
f 2993//4689 3418//4689 3122//4689
f 3123//4690 3746//4690 3747//4690
f 3081//4691 3745//4691 3124//4691
f 3749//4692 3083//4692 3082//4692 3747//4692
f 3082//4693 3123//4693 3747//4693
f 3122//4694 3748//4694 3747//4694
f 3751//4695 3084//4695 3083//4695 3749//4695
f 3748//4696 3750//4696 3749//4696
f 3752//4697 3751//4697 3750//4697 2990//4697
f 3084//4698 3751//4698 3752//4698
f 3753//4699 3085//4699 3084//4699 3752//4699
f 3753//4700 3752//4700 2990//4700 2989//4700
f 3748//4701 3122//4701 3418//4701 2992//4701
f 3750//4702 3748//4702 2992//4702 2991//4702
f 3125//4703 3753//4703 2989//4703 2918//4703
f 3125//4704 3126//4704 3085//4704 3753//4704
f 3755//4705 2947//4705 2953//4705 2952//4705
f 3754//4706 2947//4706 3755//4706
f 3759//4707 2965//4707 2964//4707 3758//4707
f 2952//4708 2951//4708 3756//4708
f 3757//4709 3756//4709 3127//4709
f 2951//4710 3054//4710 3127//4710
f 2963//4711 3757//4711 3128//4711
f 2962//4712 3755//4712 3757//4712
f 2961//4713 3754//4713 3755//4713
f 3759//4714 3758//4714 3053//4714 3052//4714
f 3760//4715 2966//4715 2965//4715 3759//4715
f 3760//4716 3759//4716 3052//4716 3051//4716
f 3758//4717 2964//4717 3128//4717 3127//4717
f 3761//4718 3129//4718 3050//4718 3049//4718
f 3051//4719 3050//4719 3129//4719
f 2966//4720 3760//4720 3130//4720
f 3130//4721 3129//4721 3761//4721
f 4465//4722 3130//4722 2967//4722
f 3134//4723 3132//4723 3046//4723 3045//4723
f 3761//4724 3048//4724 3131//4724
f 3048//4725 3763//4725 3131//4725
f 3133//4726 3762//4726 3132//4726
f 3048//4727 3047//4727 3763//4727
f 3047//4728 3046//4728 3763//4728
f 3135//4729 3132//4729 3134//4729
f 3767//4730 4451//4730 3764//4730 3765//4730
f 3135//4731 3134//4731 3136//4731
f 3134//4732 3766//4732 3136//4732
f 3045//4733 2925//4733 3766//4733
f 2968//4734 3136//4734 3765//4734
f 2968//4735 3135//4735 3136//4735
f 3767//4736 3766//4736 2925//4736 3768//4736
f 3765//4737 3766//4737 3767//4737
f 3777//4738 3775//4738 3039//4738 3038//4738
f 4451//4739 3767//4739 3137//4739
f 3137//4740 3767//4740 3770//4740
f 2925//4741 3044//4741 3768//4741
f 3768//4742 3043//4742 3770//4742
f 3769//4743 3770//4743 3771//4743
f 3770//4744 3043//4744 3771//4744
f 3043//4745 3042//4745 3771//4745
f 2971//4746 3771//4746 3772//4746
f 3771//4747 3041//4747 3772//4747
f 2969//4748 3137//4748 3769//4748
f 3041//4749 3040//4749 3138//4749
f 2970//4750 3769//4750 2971//4750
f 3138//4751 3040//4751 3773//4751
f 3243//4752 3773//4752 3774//4752
f 3773//4753 3775//4753 3774//4753
f 4433//4754 3774//4754 3776//4754
f 3139//4755 3138//4755 3773//4755
f 3780//4756 3779//4756 3778//4756 3777//4756
f 4439//4757 3774//4757 4433//4757
f 4439//4758 3243//4758 3774//4758
f 3775//4759 3777//4759 3776//4759
f 3777//4760 3038//4760 4348//4760
f 3788//4761 3787//4761 3786//4761 3789//4761
f 3779//4762 3780//4762 3141//4762
f 3141//4763 3780//4763 3140//4763
f 3778//4764 3779//4764 2973//4764
f 3779//4765 3141//4765 2973//4765
f 3141//4766 3781//4766 2974//4766
f 3141//4767 3782//4767 3781//4767
f 3781//4768 3783//4768 2976//4768
f 3781//4769 3782//4769 3783//4769
f 3140//4770 4348//4770 3037//4770
f 3783//4771 3036//4771 3035//4771
f 2976//4772 3784//4772 2977//4772
f 3784//4773 3785//4773 2977//4773
f 3784//4774 3035//4774 3785//4774
f 2977//4775 3785//4775 2978//4775
f 3785//4776 3786//4776 3787//4776
f 3785//4777 3034//4777 3786//4777
f 3789//4778 3033//4778 3031//4778
f 3790//4779 3031//4779 3791//4779
f 3787//4780 3788//4780 2979//4780
f 3033//4781 3789//4781 3786//4781 4363//4781
f 3198//4782 3146//4782 3795//4782 3025//4782
f 3788//4783 3790//4783 2979//4783
f 3791//4784 3031//4784 3030//4784
f 3791//4785 3142//4785 3792//4785
f 3790//4786 3792//4786 2980//4786
f 3142//4787 3144//4787 3793//4787
f 3142//4788 3030//4788 3029//4788
f 3144//4789 3794//4789 3793//4789
f 3793//4790 3794//4790 2981//4790
f 3794//4791 3144//4791 3028//4791
f 3144//4792 3029//4792 3028//4792
f 3794//4793 3028//4793 3027//4793
f 3794//4794 3145//4794 2982//4794
f 3794//4795 3027//4795 3145//4795
f 3145//4796 3027//4796 3026//4796
f 2982//4797 3796//4797 3214//4797
f 3795//4798 3145//4798 3025//4798
f 3797//4799 3147//4799 3146//4799 3798//4799
f 3795//4800 3146//4800 3147//4800
f 3145//4801 3795//4801 3796//4801
f 3024//4802 3798//4802 3146//4802 3198//4802
f 2984//4803 3797//4803 3798//4803 3799//4803
f 3023//4804 3799//4804 3798//4804 3024//4804
f 3203//4805 3148//4805 3799//4805 3023//4805
f 3149//4806 2984//4806 3799//4806 3148//4806
f 3806//4807 3805//4807 3804//4807 3802//4807
f 3147//4808 3797//4808 2983//4808
f 3800//4809 3801//4809 3804//4809
f 3801//4810 2948//4810 3802//4810
f 3486//4811 3803//4811 3487//4811
f 3802//4812 2948//4812 3055//4812
f 3803//4813 3805//4813 3488//4813
f 3360//4814 3807//4814 3805//4814 3359//4814
f 3488//4815 3807//4815 3489//4815
f 3806//4816 3055//4816 3056//4816
f 3807//4817 3360//4817 3490//4817
f 3359//4818 3805//4818 3806//4818 3808//4818
f 3485//4819 3484//4819 3809//4819 3813//4819
f 3808//4820 3087//4820 3359//4820
f 4203//4821 3800//4821 3486//4821
f 3813//4822 3809//4822 3810//4822 3814//4822
f 3814//4823 3810//4823 3811//4823 3815//4823
f 3815//4824 3811//4824 3812//4824 3816//4824
f 3817//4825 3485//4825 3813//4825 3818//4825
f 3485//4826 3817//4826 4199//4826
f 3818//4827 3813//4827 3814//4827 3819//4827
f 3819//4828 3814//4828 3815//4828 3820//4828
f 3820//4829 3815//4829 3816//4829 3821//4829
f 3484//4830 3490//4830 3360//4830 3809//4830
f 3809//4831 3360//4831 3359//4831 3810//4831
f 3811//4832 3359//4832 3087//4832 3812//4832
f 3359//4833 3811//4833 3810//4833
f 3816//4834 3812//4834 3057//4834 3058//4834
f 3087//4835 3057//4835 3812//4835
f 3821//4836 3816//4836 3058//4836 3059//4836
f 4195//4837 4194//4837 3822//4837 3827//4837
f 3827//4838 3822//4838 3823//4838 3828//4838
f 3828//4839 3823//4839 3824//4839 3829//4839
f 3829//4840 3824//4840 3825//4840 3830//4840
f 3830//4841 3825//4841 3826//4841 3831//4841
f 4194//4842 4199//4842 3817//4842 3822//4842
f 3822//4843 3817//4843 3818//4843 3823//4843
f 3823//4844 3818//4844 3819//4844 3824//4844
f 3824//4845 3819//4845 3820//4845 3825//4845
f 3825//4846 3820//4846 3821//4846 3826//4846
f 3826//4847 3821//4847 3059//4847 3060//4847
f 3831//4848 3826//4848 3060//4848 3061//4848
f 2931//4849 4193//4849 3827//4849 3833//4849
f 3833//4850 3827//4850 3828//4850 3834//4850
f 3834//4851 3828//4851 3829//4851 3835//4851
f 3835//4852 3829//4852 3830//4852 3836//4852
f 3836//4853 3830//4853 3832//4853 3837//4853
f 3837//4854 3832//4854 3062//4854 3838//4854
f 3363//4855 3837//4855 3838//4855 3362//4855
f 3831//4856 3832//4856 3830//4856
f 3831//4857 3062//4857 3832//4857
f 3062//4858 3095//4858 3838//4858
f 3833//4859 3365//4859 2931//4859
f 3835//4860 3364//4860 3834//4860
f 3837//4861 3363//4861 3836//4861
f 3362//4862 3838//4862 3095//4862 3096//4862
f 3372//4863 4192//4863 3365//4863 3371//4863
f 3834//4864 3839//4864 3365//4864
f 3836//4865 3840//4865 3364//4865
f 3096//4866 3063//4866 3362//4866
f 3371//4867 3365//4867 3839//4867 3370//4867
f 3370//4868 3839//4868 3364//4868 3369//4868
f 3367//4869 3363//4869 3362//4869 3366//4869
f 3363//4870 3367//4870 3840//4870
f 3377//4871 3843//4871 3844//4871 3849//4871
f 3063//4872 3064//4872 3362//4872
f 3064//4873 3098//4873 3366//4873
f 3840//4874 3368//4874 3369//4874
f 3368//4875 3375//4875 3369//4875
f 3366//4876 3373//4876 3367//4876
f 3367//4877 3374//4877 3375//4877
f 3375//4878 3844//4878 3843//4878
f 3374//4879 3373//4879 3066//4879
f 3844//4880 3374//4880 3845//4880
f 3842//4881 3846//4881 3841//4881
f 3843//4882 3377//4882 3846//4882
f 3841//4883 3371//4883 3370//4883 3842//4883
f 3371//4884 3841//4884 4189//4884
f 3842//4885 3370//4885 3369//4885 3843//4885
f 3851//4886 3850//4886 3069//4886 3070//4886
f 3066//4887 3065//4887 3658//4887
f 3845//4888 3066//4888 3376//4888
f 4191//4889 3483//4889 4188//4889
f 3849//4890 3376//4890 3068//4890
f 3849//4891 3850//4891 3847//4891
f 3847//4892 3851//4892 3483//4892
f 3851//4893 3852//4893 3483//4893
f 3852//4894 3853//4894 3483//4894
f 3846//4895 3847//4895 4191//4895
f 3849//4896 3848//4896 3377//4896
f 3376//4897 2929//4897 3067//4897
f 3376//4898 3067//4898 3068//4898
f 3068//4899 3069//4899 3850//4899
f 3380//4900 3860//4900 3858//4900 3859//4900
f 3853//4901 3378//4901 3482//4901
f 3853//4902 3854//4902 3378//4902
f 3327//4903 3854//4903 3853//4903
f 3854//4904 3071//4904 3378//4904
f 3378//4905 2932//4905 3482//4905
f 2932//4906 3378//4906 3072//4906
f 3378//4907 3071//4907 3072//4907
f 3856//4908 4048//4908 3857//4908
f 3856//4909 3857//4909 3858//4909
f 3382//4910 3383//4910 4187//4910 3856//4910
f 3381//4911 3382//4911 3856//4911 3858//4911
f 3074//4912 3861//4912 3859//4912 3073//4912
f 3861//4913 3379//4913 3380//4913
f 3384//4914 3385//4914 3865//4914 3864//4914
f 3381//4915 3860//4915 3380//4915
f 3863//4916 3380//4916 3865//4916
f 2930//4917 3866//4917 3864//4917
f 3862//4918 3382//4918 3867//4918
f 4186//4919 3862//4919 3868//4919
f 3867//4920 3863//4920 3869//4920
f 3869//4921 3865//4921 3385//4921
f 3076//4922 3384//4922 3864//4922 3866//4922
f 3387//4923 3388//4923 3869//4923 3385//4923
f 3382//4924 3381//4924 3863//4924
f 3379//4925 3864//4925 3380//4925
f 3379//4926 2930//4926 3864//4926
f 2930//4927 3075//4927 3866//4927
f 4185//4928 3868//4928 3389//4928
f 3870//4929 3869//4929 3388//4929
f 3386//4930 3387//4930 3385//4930 3384//4930
f 3077//4931 3386//4931 3384//4931 3076//4931
f 3876//4932 3479//4932 3409//4932 3408//4932
f 3868//4933 3867//4933 3870//4933
f 3389//4934 3870//4934 3871//4934
f 3388//4935 3387//4935 3391//4935
f 3871//4936 3388//4936 3392//4936
f 3391//4937 3386//4937 3390//4937
f 3481//4938 3389//4938 3394//4938
f 3394//4939 3871//4939 3393//4939
f 3390//4940 3077//4940 3872//4940
f 3872//4941 3115//4941 3078//4941
f 3392//4942 3391//4942 3397//4942
f 3393//4943 3392//4943 3398//4943
f 3397//4944 3390//4944 3396//4944
f 3390//4945 3872//4945 3078//4945
f 3396//4946 3078//4946 3079//4946
f 3395//4947 3394//4947 3399//4947
f 3398//4948 3397//4948 3401//4948
f 3399//4949 3393//4949 3403//4949
f 3403//4950 3398//4950 3402//4950
f 3401//4951 3396//4951 3400//4951
f 3400//4952 3079//4952 3080//4952
f 4184//4953 3399//4953 3404//4953
f 3402//4954 3401//4954 3873//4954
f 3400//4955 3080//4955 3081//4955
f 3404//4956 3403//4956 3408//4956
f 3408//4957 3402//4957 3407//4957
f 3873//4958 3400//4958 3405//4958
f 3405//4959 3081//4959 3124//4959
f 3407//4960 3873//4960 3406//4960
f 3410//4961 3404//4961 3409//4961
f 3405//4962 3124//4962 3875//4962
f 3408//4963 3407//4963 3874//4963
f 3406//4964 3405//4964 3875//4964
f 3478//4965 3409//4965 3479//4965
f 3878//4966 3877//4966 3406//4966 3875//4966
f 3874//4967 3406//4967 3877//4967
f 3880//4968 3480//4968 3479//4968 3876//4968
f 3876//4969 3874//4969 3879//4969
f 3881//4970 3882//4970 3877//4970 3878//4970
f 3879//4971 3877//4971 3882//4971
f 3126//4972 3411//4972 3882//4972 3085//4972
f 3880//4973 3879//4973 3882//4973
f 3882//4974 3881//4974 3085//4974
f 3875//4975 3082//4975 3083//4975
f 3878//4976 3083//4976 3084//4976
f 3881//4977 3084//4977 3085//4977
f 3411//4978 3412//4978 3880//4978 3882//4978
f 3412//4979 3413//4979 3480//4979 3880//4979
f 3886//4980 3475//4980 3885//4980 3884//4980
f 3473//4981 2985//4981 3884//4981
f 2987//4982 3886//4982 3884//4982 2986//4982
f 3477//4983 3476//4983 3887//4983 3888//4983
f 3475//4984 3887//4984 3476//4984
f 3888//4985 3887//4985 3886//4985 3889//4985
f 2988//4986 3889//4986 3886//4986 2987//4986
f 3895//4987 3893//4987 2989//4987 2990//4987
f 3888//4988 3416//4988 3890//4988
f 2988//4989 2918//4989 3415//4989
f 3889//4990 3415//4990 3416//4990
f 3477//4991 3890//4991 4179//4991
f 4169//4992 3883//4992 3474//4992
f 3417//4993 3894//4993 3471//4993
f 3893//4994 3895//4994 3892//4994
f 3896//4995 3891//4995 3892//4995 3897//4995
f 3891//4996 3896//4996 3894//4996
f 3897//4997 3892//4997 3895//4997 3898//4997
f 3898//4998 3895//4998 2990//4998 2991//4998
f 3899//4999 3896//4999 3897//4999 3900//4999
f 3896//5000 3899//5000 3472//5000
f 3900//5001 3897//5001 3898//5001 3901//5001
f 3902//5002 3898//5002 2991//5002 2992//5002
f 3898//5003 3902//5003 3901//5003
f 3419//5004 3902//5004 2992//5004 3418//5004
f 3472//5005 3420//5005 3421//5005
f 3902//5006 3419//5006 3901//5006
f 3892//5007 3416//5007 3415//5007 3893//5007
f 3416//5008 3891//5008 3417//5008
f 3416//5009 3892//5009 3891//5009
f 3893//5010 3415//5010 2918//5010 2989//5010
f 4161//5011 3421//5011 3420//5011 3905//5011
f 3903//5012 3900//5012 3901//5012 3904//5012
f 3899//5013 3906//5013 3905//5013
f 3419//5014 3907//5014 3904//5014
f 2993//5015 2994//5015 3907//5015
f 3907//5016 3422//5016 3904//5016
f 3900//5017 3903//5017 3899//5017
f 4160//5018 4162//5018 3905//5018 3910//5018
f 3418//5019 2993//5019 3419//5019
f 3908//5020 3903//5020 3904//5020 3909//5020
f 3906//5021 3911//5021 3910//5021
f 3422//5022 3912//5022 3909//5022
f 3422//5023 2996//5023 3912//5023
f 3903//5024 3908//5024 3906//5024
f 3913//5025 3908//5025 3909//5025 3914//5025
f 2994//5026 2995//5026 3422//5026
f 3911//5027 3915//5027 3910//5027
f 3912//5028 3916//5028 3914//5028
f 2996//5029 3423//5029 3916//5029
f 3908//5030 3913//5030 3911//5030
f 3923//5031 3425//5031 3918//5031 3924//5031
f 2996//5032 2919//5032 3423//5032
f 3913//5033 3424//5033 3915//5033
f 3910//5034 3917//5034 4159//5034
f 2919//5035 2920//5035 3423//5035
f 3915//5036 3919//5036 3917//5036
f 3916//5037 3920//5037 3918//5037
f 3423//5038 3921//5038 3920//5038
f 3424//5039 3425//5039 3919//5039
f 3917//5040 3426//5040 4158//5040
f 3914//5041 3918//5041 3424//5041
f 3425//5042 3923//5042 3922//5042
f 3924//5043 3918//5043 3920//5043 3925//5043
f 3925//5044 3920//5044 3921//5044 3926//5044
f 3926//5045 3921//5045 2920//5045 2997//5045
f 3426//5046 3427//5046 4157//5046
f 3919//5047 3922//5047 3426//5047
f 3928//5048 3924//5048 3925//5048 3929//5048
f 3924//5049 3928//5049 3923//5049
f 3929//5050 3925//5050 3926//5050 3930//5050
f 2998//5051 3930//5051 3926//5051 2997//5051
f 3427//5052 3931//5052 4156//5052
f 3923//5053 3932//5053 3927//5053
f 3928//5054 3934//5054 3932//5054
f 3929//5055 3930//5055 2927//5055
f 3922//5056 3927//5056 3427//5056
f 3000//5057 2927//5057 3930//5057 2999//5057
f 3930//5058 2998//5058 2999//5058
f 3936//5059 3429//5059 3428//5059 3937//5059
f 3934//5060 3929//5060 3935//5060
f 3932//5061 3428//5061 3931//5061
f 3931//5062 3429//5062 3430//5062
f 3429//5063 3936//5063 4155//5063
f 3937//5064 3933//5064 3934//5064 3938//5064
f 3934//5065 3935//5065 3002//5065
f 3936//5066 3937//5066 3938//5066 3004//5066
f 3946//5067 3945//5067 3465//5067 3944//5067
f 3468//5068 3939//5068 3469//5068
f 3934//5069 3933//5069 3428//5069
f 3935//5070 3001//5070 3002//5070
f 3002//5071 3003//5071 3938//5071
f 3939//5072 3941//5072 3467//5072
f 3939//5073 3940//5073 3941//5073
f 3941//5074 3942//5074 3431//5074
f 3941//5075 3940//5075 3942//5075
f 3942//5076 3940//5076 3005//5076
f 3465//5077 3943//5077 3944//5077
f 3434//5078 3435//5078 3947//5078 3948//5078
f 3945//5079 3946//5079 3947//5079
f 3943//5080 3465//5080 3431//5080 3942//5080
f 3466//5081 3945//5081 3437//5081
f 3437//5082 3947//5082 3435//5082
f 3949//5083 3008//5083 3434//5083
f 3007//5084 3949//5084 3948//5084 3006//5084
f 3433//5085 3434//5085 3008//5085 3432//5085
f 3008//5086 2928//5086 3432//5086
f 3952//5087 3951//5087 3435//5087 3434//5087
f 3438//5088 3437//5088 3950//5088
f 3436//5089 3435//5089 3951//5089
f 3441//5090 3442//5090 3953//5090 3951//5090
f 3432//5091 3010//5091 3433//5091
f 3950//5092 3436//5092 3953//5092
f 3433//5093 3439//5093 3952//5093
f 3951//5094 3952//5094 3440//5094
f 2928//5095 3009//5095 3432//5095
f 3010//5096 3011//5096 3439//5096
f 3442//5097 3443//5097 3950//5097 3953//5097
f 3448//5098 3449//5098 3443//5098 3442//5098
f 3444//5099 3950//5099 3443//5099
f 3441//5100 3440//5100 3955//5100
f 3954//5101 3439//5101 3012//5101
f 3440//5102 3439//5102 3954//5102
f 3450//5103 3443//5103 3449//5103
f 3447//5104 3448//5104 3442//5104 3441//5104
f 3446//5105 3447//5105 3441//5105 3955//5105
f 3445//5106 3446//5106 3955//5106 3954//5106
f 3013//5107 3445//5107 3954//5107 3012//5107
f 3453//5108 3454//5108 3447//5108 3446//5108
f 3445//5109 3013//5109 2922//5109
f 3448//5110 3447//5110 3454//5110
f 3455//5111 3456//5111 3449//5111 3448//5111
f 3457//5112 3449//5112 3456//5112
f 3451//5113 3452//5113 3445//5113 2922//5113
f 3453//5114 3445//5114 3452//5114
f 3958//5115 3957//5115 3455//5115 3454//5115
f 3451//5116 2922//5116 2923//5116
f 3457//5117 3456//5117 3956//5117
f 3956//5118 3455//5118 3957//5118
f 3959//5119 3958//5119 3454//5119 3453//5119
f 3960//5120 3959//5120 3453//5120 3452//5120
f 3014//5121 3960//5121 3452//5121 3451//5121
f 3961//5122 4153//5122 3464//5122 3956//5122
f 3451//5123 2923//5123 3014//5123
f 3962//5124 3961//5124 3956//5124 3957//5124
f 3963//5125 3962//5125 3957//5125 3958//5125
f 3964//5126 3963//5126 3958//5126 3959//5126
f 3965//5127 3964//5127 3959//5127 3960//5127
f 3015//5128 3965//5128 3960//5128 3014//5128
f 3966//5129 4152//5129 4151//5129 3961//5129
f 3967//5130 3966//5130 3961//5130 3962//5130
f 3968//5131 3967//5131 3962//5131 3963//5131
f 3969//5132 3968//5132 3963//5132 3964//5132
f 3970//5133 3969//5133 3964//5133 3965//5133
f 3017//5134 3970//5134 3965//5134 3016//5134
f 3976//5135 3463//5135 3971//5135 3972//5135
f 3965//5136 3015//5136 3016//5136
f 3975//5137 3018//5137 3019//5137
f 3462//5138 3971//5138 3463//5138
f 3977//5139 3976//5139 3972//5139 3973//5139
f 3978//5140 3977//5140 3973//5140 3974//5140
f 3020//5141 3978//5141 3975//5141 3019//5141
f 3974//5142 3975//5142 3978//5142
f 3460//5143 3461//5143 3463//5143 3976//5143
f 3459//5144 3460//5144 3976//5144 3977//5144
f 3979//5145 3459//5145 3977//5145 3978//5145
f 3021//5146 3979//5146 3978//5146 3020//5146
f 3971//5147 4147//5147 4152//5147 3966//5147
f 3972//5148 3971//5148 3966//5148 3967//5148
f 3973//5149 3972//5149 3967//5149 3968//5149
f 3974//5150 3973//5150 3968//5150 3969//5150
f 3975//5151 3974//5151 3969//5151 3970//5151
f 3018//5152 3975//5152 3970//5152 3017//5152
f 2924//5153 3458//5153 3979//5153 3021//5153
f 3985//5154 3984//5154 3980//5154 3981//5154
f 3459//5155 3979//5155 3458//5155
f 3983//5156 3980//5156 3984//5156
f 3986//5157 3985//5157 3981//5157 3982//5157
f 3987//5158 3986//5158 3982//5158 3268//5158
f 3988//5159 3987//5159 3268//5159 3269//5159
f 3309//5160 3988//5160 3269//5160 3308//5160
f 3991//5161 3990//5161 3984//5161 3985//5161
f 3989//5162 3984//5162 3990//5162
f 3992//5163 3991//5163 3985//5163 3986//5163
f 3993//5164 3992//5164 3986//5164 3987//5164
f 3994//5165 3993//5165 3987//5165 3988//5165
f 3310//5166 3994//5166 3988//5166 3309//5166
f 3996//5167 3995//5167 3989//5167 3990//5167
f 3004//5168 3003//5168 3991//5168 3992//5168
f 3996//5169 3991//5169 3003//5169
f 3981//5170 3980//5170 3265//5170 3266//5170
f 3994//5171 3310//5171 3940//5171
f 3264//5172 3265//5172 3980//5172
f 3982//5173 3981//5173 3266//5173 3267//5173
f 3939//5174 3468//5174 3993//5174 3994//5174
f 3269//5175 4500//5175 3308//5175
f 3302//5176 3303//5176 3995//5176 3001//5176
f 3004//5177 3993//5177 3468//5177
f 3001//5178 3996//5178 3002//5178
f 3303//5179 3304//5179 3989//5179 3995//5179
f 3305//5180 3306//5180 3983//5180 3989//5180
f 3312//5181 3311//5181 3270//5181 4003//5181
f 3307//5182 3264//5182 3983//5182
f 3308//5183 3311//5183 3309//5183
f 3309//5184 3312//5184 3310//5184
f 3311//5185 3312//5185 3309//5185
f 3312//5186 3998//5186 3310//5186
f 3998//5187 3005//5187 3997//5187
f 3997//5188 3005//5188 3940//5188
f 3275//5189 4002//5189 4001//5189
f 4003//5190 3270//5190 3271//5190 4004//5190
f 4004//5191 3271//5191 3999//5191 4005//5191
f 4005//5192 3999//5192 4000//5192 4006//5192
f 4006//5193 4000//5193 4001//5193 4007//5193
f 3998//5194 3312//5194 4003//5194 4009//5194
f 4002//5195 4008//5195 4007//5195
f 4009//5196 4003//5196 4004//5196 4010//5196
f 4010//5197 4004//5197 4005//5197 4011//5197
f 4011//5198 4005//5198 4006//5198 4012//5198
f 4012//5199 4006//5199 4007//5199 4013//5199
f 4013//5200 4007//5200 4008//5200 4014//5200
f 3006//5201 4012//5201 4013//5201 3007//5201
f 4014//5202 4015//5202 4013//5202
f 4010//5203 3944//5203 4009//5203
f 4012//5204 3006//5204 4011//5204
f 3999//5205 3272//5205 3273//5205 4000//5205
f 3272//5206 3999//5206 3271//5206
f 4000//5207 3273//5207 3274//5207 4001//5207
f 3315//5208 4014//5208 4008//5208 3314//5208
f 3109//5209 3313//5209 3275//5209
f 3313//5210 3314//5210 4002//5210
f 3316//5211 4015//5211 4014//5211 3315//5211
f 2928//5212 3008//5212 4015//5212 3317//5212
f 4015//5213 3316//5213 3317//5213
f 4021//5214 4020//5214 4016//5214 4017//5214
f 4015//5215 3008//5215 3007//5215
f 4011//5216 3946//5216 3944//5216
f 4022//5217 4021//5217 4017//5217 4018//5217
f 4023//5218 4022//5218 4018//5218 4019//5218
f 4024//5219 4023//5219 4019//5219 3280//5219
f 4025//5220 4024//5220 3280//5220 3281//5220
f 3325//5221 4025//5221 3281//5221 3324//5221
f 4027//5222 4026//5222 4020//5222 4021//5222
f 4028//5223 4027//5223 4021//5223 4022//5223
f 4029//5224 4028//5224 4022//5224 4023//5224
f 4030//5225 4029//5225 4023//5225 4024//5225
f 4031//5226 4030//5226 4024//5226 4025//5226
f 3326//5227 4031//5227 4025//5227 3325//5227
f 4033//5228 4032//5228 4026//5228 4027//5228
f 3070//5229 3069//5229 4028//5229 4029//5229
f 4033//5230 4028//5230 3069//5230
f 4016//5231 3323//5231 2926//5231 3276//5231
f 4031//5232 3326//5232 3327//5232
f 4017//5233 4016//5233 3276//5233 3277//5233
f 4018//5234 4017//5234 3277//5234 3278//5234
f 4019//5235 4018//5235 3278//5235 3279//5235
f 3853//5236 3852//5236 4030//5236 4031//5236
f 3281//5237 3354//5237 3324//5237
f 3318//5238 3319//5238 4032//5238 3067//5238
f 3070//5239 4030//5239 3852//5239
f 3067//5240 4033//5240 3068//5240
f 3319//5241 3320//5241 4026//5241 4032//5241
f 3320//5242 3321//5242 4020//5242 4026//5242
f 4020//5243 3322//5243 3323//5243 4016//5243
f 3324//5244 3354//5244 3591//5244 4034//5244
f 3325//5245 3328//5245 3326//5245
f 3327//5246 3071//5246 3854//5246
f 4034//5247 3328//5247 3325//5247
f 3328//5248 4035//5248 3326//5248
f 4035//5249 4036//5249 3326//5249
f 3328//5250 4034//5250 3282//5250 4041//5250
f 3287//5251 4040//5251 4039//5251
f 4041//5252 3282//5252 3283//5252 4042//5252
f 4042//5253 3283//5253 4037//5253 4043//5253
f 4043//5254 4037//5254 4038//5254 4044//5254
f 4044//5255 4038//5255 4039//5255 4045//5255
f 4035//5256 3328//5256 4041//5256 4047//5256
f 4040//5257 4046//5257 4045//5257
f 4047//5258 4041//5258 4042//5258 4048//5258
f 4048//5259 4042//5259 4043//5259 4049//5259
f 4049//5260 4043//5260 4044//5260 4050//5260
f 4050//5261 4044//5261 4045//5261 4051//5261
f 4051//5262 4045//5262 4046//5262 4052//5262
f 3073//5263 4050//5263 4051//5263 3074//5263
f 4052//5264 4053//5264 4051//5264
f 4050//5265 3073//5265 4049//5265
f 4037//5266 3284//5266 3285//5266 4038//5266
f 3284//5267 4037//5267 3283//5267
f 4038//5268 3285//5268 3286//5268 4039//5268
f 3331//5269 4052//5269 4046//5269 3330//5269
f 3349//5270 3329//5270 3287//5270
f 3329//5271 3330//5271 4040//5271
f 3332//5272 4053//5272 4052//5272 3331//5272
f 2930//5273 3379//5273 4053//5273 3333//5273
f 4053//5274 3332//5274 3333//5274
f 3072//5275 4036//5275 4047//5275 3855//5275
f 4053//5276 3379//5276 3074//5276
f 4049//5277 3857//5277 4048//5277
f 4059//5278 4058//5278 4054//5278 4055//5278
f 4036//5279 3072//5279 3071//5279
f 4059//5280 4055//5280 4056//5280 4060//5280
f 4062//5281 4061//5281 4058//5281 4059//5281
f 4062//5282 4059//5282 4060//5282 4063//5282
f 4063//5283 4060//5283 4057//5283 3322//5283
f 4065//5284 4064//5284 4061//5284 4062//5284
f 4065//5285 4062//5285 4063//5285 4066//5285
f 4066//5286 4063//5286 3322//5286 4067//5286
f 4069//5287 4068//5287 4064//5287 4065//5287
f 4069//5288 4065//5288 4066//5288 4070//5288
f 4070//5289 4066//5289 4067//5289 4071//5289
f 4073//5290 4072//5290 4068//5290 4069//5290
f 4073//5291 4069//5291 4070//5291 4074//5291
f 4074//5292 4070//5292 4071//5292 3319//5292
f 3313//5293 3109//5293 3288//5293 4054//5293
f 4072//5294 4073//5294 4075//5294
f 4074//5295 4077//5295 4076//5295
f 4055//5296 4054//5296 3289//5296 3290//5296
f 4055//5297 3291//5297 3292//5297 4056//5297
f 3290//5298 3291//5298 4055//5298
f 4057//5299 4056//5299 3293//5299 3294//5299
f 3323//5300 4057//5300 3294//5300 2926//5300
f 4071//5301 4067//5301 3321//5301 3320//5301
f 3322//5302 3321//5302 4067//5302
f 3103//5303 4077//5303 3318//5303 2929//5303
f 3319//5304 3318//5304 4077//5304
f 3102//5305 4076//5305 4077//5305 3103//5305
f 3102//5306 3101//5306 4075//5306 4076//5306
f 3101//5307 2928//5307 3317//5307 4075//5307
f 4072//5308 3316//5308 3315//5308 4068//5308
f 3316//5309 4072//5309 3317//5309
f 4068//5310 3315//5310 3314//5310 4064//5310
f 4061//5311 3314//5311 3313//5311 4058//5311
f 3314//5312 4061//5312 4064//5312
f 4083//5313 4082//5313 4078//5313 4079//5313
f 3313//5314 4054//5314 4058//5314
f 4083//5315 4079//5315 4080//5315 4084//5315
f 4086//5316 4085//5316 4082//5316 4083//5316
f 4086//5317 4083//5317 4084//5317 4087//5317
f 4087//5318 4084//5318 4081//5318 3306//5318
f 4089//5319 4088//5319 4085//5319 4086//5319
f 4089//5320 4086//5320 4087//5320 4090//5320
f 4090//5321 4087//5321 3306//5321 4091//5321
f 4093//5322 4092//5322 4088//5322 4089//5322
f 4093//5323 4089//5323 4090//5323 4094//5323
f 4094//5324 4090//5324 4091//5324 4095//5324
f 4097//5325 4096//5325 4092//5325 4093//5325
f 4097//5326 4093//5326 4094//5326 4098//5326
f 4098//5327 4094//5327 4095//5327 3303//5327
f 3329//5328 3349//5328 3301//5328 4078//5328
f 4096//5329 4097//5329 4099//5329
f 4098//5330 4101//5330 4100//5330
f 4079//5331 4078//5331 3300//5331 3299//5331
f 4079//5332 3298//5332 3297//5332 4080//5332
f 3299//5333 3298//5333 4079//5333
f 4081//5334 4080//5334 3296//5334 3295//5334
f 3307//5335 4081//5335 3295//5335 2921//5335
f 4095//5336 4091//5336 3305//5336 3304//5336
f 3306//5337 3305//5337 4091//5337
f 3000//5338 4101//5338 3302//5338 2927//5338
f 3303//5339 3302//5339 4101//5339
f 4096//5340 3332//5340 3331//5340 4092//5340
f 4101//5341 3000//5341 3110//5341
f 4100//5342 3110//5342 3111//5342
f 4099//5343 4100//5343 3111//5343
f 3333//5344 4099//5344 3731//5344
f 3332//5345 4096//5345 3333//5345
f 4092//5346 3331//5346 3330//5346 4088//5346
f 4085//5347 3330//5347 3329//5347 4082//5347
f 3330//5348 4085//5348 4088//5348
f 4105//5349 3341//5349 3340//5349 4103//5349
f 3329//5350 4078//5350 4082//5350
f 3344//5351 4102//5351 4103//5351
f 4106//5352 4103//5352 4104//5352 4107//5352
f 4107//5353 4104//5353 3339//5353 3338//5353
f 4105//5354 4106//5354 4108//5354
f 3343//5355 4109//5355 3335//5355 4111//5355
f 3353//5356 3344//5356 3340//5356
f 4109//5357 4105//5357 3335//5357
f 4106//5358 4107//5358 4110//5358
f 4106//5359 3334//5359 4108//5359
f 4110//5360 4107//5360 3337//5360
f 3338//5361 3337//5361 4107//5361
f 4108//5362 3334//5362 3335//5362
f 3107//5363 3345//5363 4112//5363 3336//5363
f 3334//5364 4110//5364 4111//5364
f 4110//5365 3337//5365 4112//5365
f 4111//5366 3346//5366 3343//5366
f 4111//5367 4112//5367 3345//5367
f 4114//5368 3725//5368 3722//5368 4113//5368
f 3729//5369 3725//5369 4114//5369 4115//5369
f 4116//5370 3730//5370 3729//5370 4115//5370
f 3338//5371 3730//5371 4116//5371 3337//5371
f 4117//5372 4493//5372 4494//5372 4118//5372
f 4118//5373 4495//5373 4496//5373 4119//5373
f 4120//5374 4119//5374 4497//5374 4498//5374
f 4496//5375 4497//5375 4119//5375
f 4121//5376 4117//5376 4118//5376 4122//5376
f 4498//5377 4499//5377 4120//5377
f 4126//5378 4122//5378 4123//5378 4127//5378
f 4118//5379 4123//5379 4122//5379
f 4119//5380 4120//5380 4124//5380
f 4128//5381 4127//5381 4123//5381 4124//5381
f 3585//5382 4128//5382 4124//5382 4125//5382
f 3344//5383 4126//5383 4127//5383 4129//5383
f 4130//5384 4129//5384 4127//5384 4128//5384
f 3584//5385 4130//5385 4128//5385 3585//5385
f 3587//5386 4120//5386 4499//5386 3588//5386
f 3586//5387 4125//5387 4120//5387 3587//5387
f 4104//5388 4102//5388 4130//5388 3584//5388
f 4125//5389 3586//5389 3585//5389
f 3353//5390 3352//5390 4126//5390 3344//5390
f 4129//5391 4130//5391 4102//5391
f 4129//5392 4102//5392 3344//5392
f 3352//5393 3351//5393 4121//5393 4126//5393
f 3351//5394 3350//5394 4117//5394 4121//5394
f 3350//5395 3599//5395 4493//5395 4117//5395
f 3601//2182 3715//2182 3608//2182 3602//2182
f 3679//5396 4131//5396 3606//5396
f 3604//5397 4132//5397 3693//5397
f 3693//5398 4132//5398 3603//5398
f 3600//5399 3717//5399 3715//5399 3601//5399
f 4133//5400 4480//5400 4481//5400 4134//5400
f 3717//5401 3600//5401 3722//5401
f 4134//5402 4482//5402 4483//5402 4135//5402
f 4136//5403 4135//5403 4484//5403 4485//5403
f 4483//5404 4484//5404 4135//5404
f 4137//5405 4133//5405 4134//5405 4138//5405
f 4485//5406 4486//5406 4136//5406
f 4142//5407 4138//5407 4139//5407 4143//5407
f 4134//5408 4139//5408 4138//5408
f 4135//5409 4136//5409 4140//5409
f 4144//5410 4143//5410 4139//5410 4140//5410
f 3594//5411 4144//5411 4140//5411 4141//5411
f 4146//5412 4145//5412 4143//5412 4144//5412
f 4143//5413 4145//5413 4142//5413
f 3593//5414 4146//5414 4144//5414 3594//5414
f 3596//5415 4136//5415 4486//5415 3597//5415
f 3595//5416 4141//5416 4136//5416 3596//5416
f 3343//5417 3346//5417 4146//5417 3593//5417
f 4141//5418 3595//5418 3594//5418
f 3346//5419 3345//5419 4145//5419 4146//5419
f 3106//5420 3105//5420 4137//5420 4142//5420
f 4142//5421 3345//5421 3107//5421
f 3105//5422 3104//5422 4133//5422 4137//5422
f 3104//5423 3583//5423 4480//5423 4133//5423
f 3605//5424 3686//5424 3681//5424 3606//5424
f 3689//5425 3686//5425 3605//5425 3604//5425
f 4147//5426 4148//5426 3580//5426 4152//5426
f 3689//5427 3604//5427 3693//5427
f 3695//5428 3603//5428 3342//5428
f 4148//5429 4147//5429 4149//5429
f 4149//5430 4147//5430 3462//5430
f 4150//5431 3462//5431 3463//5431
f 3581//5432 4149//5432 4150//5432
f 4153//5433 3579//5433 3578//5433 3464//5433
f 3526//5434 3463//5434 3461//5434
f 3581//5435 4150//5435 3527//5435
f 3580//5436 4151//5436 4152//5436
f 3579//5437 4153//5437 4151//5437
f 3564//5438 3223//5438 4158//5438 4157//5438
f 3525//5439 3457//5439 3464//5439
f 3578//5440 3525//5440 3464//5440
f 3577//5441 3450//5441 3457//5441
f 3524//5442 3444//5442 3450//5442
f 3576//5443 3444//5443 3524//5443
f 3575//5444 3438//5444 4154//5444
f 3523//5445 4154//5445 3444//5445
f 3572//5446 3465//5446 3573//5446
f 3571//5447 3431//5447 3572//5447
f 3573//5448 3466//5448 3438//5448
f 3467//5449 3431//5449 3570//5449
f 3567//5450 3468//5450 3568//5450
f 3430//5451 4155//5451 3567//5451
f 3468//5452 3469//5452 3568//5452
f 3568//5453 3467//5453 3569//5453
f 4156//5454 3430//5454 3566//5454
f 3565//5455 3564//5455 4157//5455 4156//5455
f 4164//5456 3522//5456 3417//5456 3471//5456
f 4160//5457 3470//5457 3562//5457
f 4162//5458 4160//5458 3560//5458
f 4161//5459 4162//5459 3559//5459
f 3421//5460 4161//5460 3558//5460
f 4164//5461 4165//5461 4163//5461
f 3471//5462 3472//5462 4165//5462
f 3522//5463 4164//5463 4163//5463
f 4173//5464 4172//5464 4170//5464 3474//5464
f 3557//5465 4166//5465 3558//5465
f 4167//5466 3473//5466 4169//5466
f 4168//5467 4169//5467 4170//5467
f 4174//5468 4171//5468 4172//5468 4175//5468
f 4175//5469 4172//5469 4173//5469 3476//5469
f 4176//5470 4174//5470 4175//5470 4177//5470
f 4177//5471 4175//5471 3476//5471 3477//5471
f 3204//5472 4402//5472 4176//5472 4178//5472
f 4177//5473 4179//5473 4178//5473
f 3529//5474 3355//5474 4167//5474
f 3474//5475 3475//5475 4173//5475
f 4179//5476 3417//5476 3522//5476
f 4178//5477 3522//5477 4163//5477
f 4171//5478 4397//5478 4394//5478 4170//5478
f 3556//5479 4176//5479 4402//5479
f 4397//5480 4171//5480 3556//5480
f 4170//5481 4394//5481 4392//5481 4168//5481
f 4168//5482 4392//5482 4389//5482 4167//5482
f 3478//5483 4180//5483 3519//5483 3410//5483
f 3479//5484 4181//5484 4180//5484 3478//5484
f 3480//5485 4182//5485 4181//5485 3479//5485
f 3521//5486 4181//5486 4182//5486
f 3414//5487 3520//5487 4182//5487 3480//5487
f 4183//5488 3554//5488 3518//5488 4184//5488
f 3521//5489 4182//5489 3520//5489
f 3519//5490 4180//5490 3555//5490
f 3410//5491 3519//5491 3554//5491 4183//5491
f 4186//5492 3552//5492 3513//5492 3383//5492
f 3517//5493 3395//5493 4184//5493
f 3553//5494 3395//5494 3517//5494
f 3516//5495 2933//5495 3481//5495
f 3515//5496 2933//5496 3516//5496
f 3514//5497 4186//5497 4185//5497
f 3515//5498 4185//5498 2933//5498
f 3544//5499 3543//5499 4191//5499 4188//5499
f 3550//5500 3856//5500 3551//5500
f 3549//5501 2932//5501 3550//5501
f 3550//5502 3855//5502 3856//5502
f 3513//5503 4187//5503 3383//5503
f 3482//5504 2932//5504 3548//5504
f 4188//5505 3483//5505 3545//5505
f 3546//5506 3482//5506 3547//5506
f 4189//5507 4190//5507 3542//5507
f 4190//5508 4191//5508 3543//5508
f 4196//5509 3511//5509 3361//5509 3484//5509
f 3372//5510 4189//5510 3541//5510
f 4192//5511 3372//5511 2937//5511
f 2931//5512 4192//5512 3539//5512
f 4193//5513 2931//5513 3538//5513
f 4195//5514 4193//5514 3537//5514
f 4194//5515 4195//5515 3536//5515
f 4199//5516 4194//5516 3536//5516
f 3484//5517 3485//5517 4196//5517
f 4196//5518 4198//5518 4197//5518
f 3485//5519 4199//5519 4198//5519
f 3512//5520 4196//5520 2936//5520
f 4203//5521 4202//5521 4200//5521 4201//5521
f 2936//5522 4197//5522 4328//5522
f 4205//5523 4204//5523 4202//5523 4203//5523
f 4208//5524 4206//5524 4207//5524 4209//5524
f 4204//5525 4205//5525 4207//5525
f 4205//5526 3487//5526 4207//5526
f 4206//5527 4208//5527 3534//5527
f 4212//5528 4210//5528 4211//5528 3511//5528
f 4209//5529 4211//5529 4210//5529
f 4200//5530 4303//5530 2935//5530 3509//5530
f 4211//5531 3490//5531 3511//5531
f 4201//5532 4200//5532 3509//5532 3508//5532
f 3801//5533 4201//5533 3508//5533 3357//5533
f 4211//5534 4209//5534 3488//5534 3489//5534
f 4201//5535 3801//5535 4203//5535
f 3487//5536 3488//5536 4209//5536
f 2936//5537 3535//5537 4212//5537 3512//5537
f 3490//5531 3361//5531 3511//5531
f 4206//5538 4314//5538 4311//5538 4204//5538
f 4210//5539 4212//5539 3535//5539
f 3534//5540 4210//5540 3535//5540
f 4314//5541 4206//5541 3534//5541
f 4204//5542 4311//5542 4307//5542 4202//5542
f 4202//5543 4307//5543 4303//5543 4200//5543
f 4295//5544 4294//5544 4213//5544 3492//5544
f 3491//5545 4213//5545 4294//5545
f 3624//5546 4300//5546 4298//5546 3493//5546
f 4295//5547 4214//5547 4297//5547
f 4297//5548 4214//5548 4298//5548
f 4292//5549 3510//5549 3358//5549 3491//5549
f 4300//5550 3624//5550 3494//5550
f 3355//5551 3529//5551 4301//5551 3494//5551
f 4220//5552 4219//5552 4217//5552 4218//5552
f 4215//5553 4216//5553 4218//5553
f 4222//5554 4221//5554 4219//5554 4220//5554
f 4218//5555 3495//5555 4220//5555
f 4224//5556 4221//5556 4222//5556 4225//5556
f 3497//5557 4223//5557 4220//5557 3496//5557
f 4224//5558 4226//5558 4289//5558
f 4225//5559 3499//5559 4226//5559
f 4226//5560 4227//5560 4291//5560
f 3521//5561 3520//5561 4215//5561
f 3520//5562 3414//5562 4216//5562
f 3498//5563 4225//5563 4223//5563 3497//5563
f 4287//5564 4284//5564 4221//5564 4224//5564
f 4291//5565 3358//5565 3510//5565
f 4217//5566 4281//5566 3532//5566 4215//5566
f 3533//5567 4221//5567 4284//5567
f 4281//5568 4217//5568 3533//5568
f 4268//5569 4266//5569 4229//5569 4230//5569
f 4228//5570 4229//5570 4266//5570
f 4264//5571 2934//5571 3507//5571 4228//5571
f 4230//5572 3501//5572 4271//5572
f 4273//5573 3501//5573 4231//5573
f 4275//5574 4231//5574 4232//5574
f 4229//5575 4228//5575 3356//5575 3500//5575
f 3357//5576 3508//5576 4232//5576 3502//5576
f 3509//5577 2935//5577 4277//5577 4232//5577
f 3503//5578 4235//5578 4233//5578 4234//5578
f 4239//5579 4238//5579 4236//5579 4237//5579
f 4235//5580 3503//5580 4237//5580
f 3531//5581 4236//5581 4238//5581
f 4242//5582 4240//5582 4241//5582 4243//5582
f 4239//5583 4241//5583 4240//5583
f 4239//5584 3505//5584 4241//5584
f 4244//5585 4242//5585 4243//5585 4245//5585
f 4233//5586 3530//5586 3581//5586 3527//5586
f 4234//5587 4233//5587 3527//5587 3526//5587
f 4228//5588 4245//5588 3506//5588 3356//5588
f 3526//5589 3461//5589 4234//5589
f 4237//5590 3504//5590 3505//5590
f 4243//5591 3506//5591 4245//5591
f 3507//5592 4244//5592 4245//5592 4228//5592
f 2934//5593 4262//5593 4244//5593 3507//5593
f 4262//5594 4259//5594 4242//5594 4244//5594
f 4259//5595 4256//5595 4240//5595 4242//5595
f 4256//5596 4254//5596 4238//5596 4240//5596
f 4246//5597 2962//5597 2963//5597 3263//5597
f 3531//5598 4238//5598 4254//5598
f 3530//5599 4235//5599 3531//5599
f 3530//5600 4233//5600 4235//5600
f 4247//5601 4246//5601 3263//5601 3262//5601
f 4248//5602 4247//5602 3262//5602 3261//5602
f 4250//5603 4249//5603 4248//5603 3260//5603
f 4247//5604 4248//5604 4249//5604
f 3531//5605 4250//5605 3260//5605 3530//5605
f 4251//5606 2961//5606 2962//5606 4246//5606
f 4252//5607 4251//5607 4246//5607 4247//5607
f 4253//5608 4252//5608 4247//5608 4249//5608
f 4254//5609 4253//5609 4249//5609 4250//5609
f 4256//5610 4255//5610 4253//5610 4254//5610
f 4250//5611 3531//5611 4254//5611
f 4252//5612 4253//5612 4255//5612
f 4258//5613 4257//5613 4251//5613 4252//5613
f 2961//5614 4251//5614 4257//5614
f 4259//5615 4258//5615 4255//5615 4256//5615
f 4252//5616 4255//5616 4258//5616
f 4262//5617 4261//5617 4258//5617 4259//5617
f 4257//5618 4258//5618 4260//5618
f 2934//5619 2945//5619 4260//5619 4261//5619
f 3260//5620 3581//5620 3530//5620
f 4261//5621 4262//5621 2934//5621
f 2945//5622 2946//5622 4257//5622 4260//5622
f 4272//5623 4270//5623 4271//5623 4273//5623
f 3754//5624 4257//5624 2946//5624
f 4263//5625 4264//5625 4265//5625
f 2946//5626 4265//5626 4267//5626
f 4265//5627 4266//5627 4268//5627
f 2947//5628 2946//5628 4269//5628
f 2946//5629 4267//5629 4269//5629
f 4267//5630 4268//5630 4270//5630
f 4270//5631 4272//5631 4269//5631
f 2953//5632 2947//5632 4269//5632 4274//5632
f 4264//5633 4263//5633 2945//5633 2934//5633
f 4272//5634 4275//5634 4274//5634
f 4275//5635 4277//5635 4276//5635
f 2946//5636 2945//5636 4263//5636
f 4279//5637 4278//5637 3201//5637 3200//5637
f 4276//5638 2935//5638 2949//5638
f 4274//5639 2949//5639 2950//5639
f 4274//5640 2950//5640 2953//5640
f 3202//5641 3201//5641 4278//5641
f 4280//5642 4279//5642 3200//5642 3199//5642
f 4281//5643 4280//5643 3199//5643 3532//5643
f 4284//5644 4283//5644 4280//5644 4282//5644
f 3022//5645 3202//5645 4278//5645
f 4280//5646 4281//5646 4282//5646
f 4278//5647 4279//5647 4283//5647
f 4279//5648 4280//5648 4283//5648
f 4286//5649 4285//5649 4278//5649 4283//5649
f 3627//5650 4278//5650 4285//5650
f 4287//5651 4286//5651 4283//5651 4284//5651
f 4289//5652 4288//5652 4286//5652 4287//5652
f 4285//5653 4286//5653 4288//5653
f 4290//5654 2959//5654 4285//5654 4288//5654
f 4291//5655 4290//5655 4288//5655 4289//5655
f 4296//5656 2941//5656 2959//5656 4293//5656
f 4290//5657 4291//5657 3510//5657
f 2959//5658 4290//5658 2958//5658
f 2959//5659 2958//5659 4293//5659
f 2958//5660 4292//5660 4293//5660
f 4293//5661 4294//5661 4295//5661
f 4299//5662 4296//5662 4298//5662 4300//5662
f 4293//5663 4295//5663 4296//5663
f 4296//5664 4299//5664 2941//5664
f 4306//5665 4302//5665 4303//5665 4307//5665
f 4300//5666 4301//5666 4299//5666
f 2958//5667 3510//5667 4292//5667
f 4299//5668 3529//5668 3528//5668
f 4299//5669 3528//5669 2941//5669
f 2950//5670 4305//5670 4304//5670
f 4302//5671 4306//5671 4305//5671
f 4309//5672 4305//5672 4306//5672 4310//5672
f 4305//5673 4308//5673 4304//5673
f 4305//5674 4309//5674 4308//5674
f 4310//5675 4306//5675 4307//5675 4311//5675
f 4313//5676 4310//5676 4311//5676 4314//5676
f 4304//5677 4312//5677 2952//5677
f 4310//5678 4313//5678 4309//5678
f 4312//5679 4308//5679 4309//5679 4315//5679
f 4315//5680 4309//5680 4313//5680 4316//5680
f 4316//5681 4313//5681 4314//5681 4317//5681
f 2951//5682 2952//5682 4312//5682 4318//5682
f 4314//5683 3534//5683 4317//5683
f 4319//5684 4316//5684 4317//5684 4320//5684
f 4316//5685 4319//5685 4315//5685
f 4320//5686 4317//5686 3534//5686 3535//5686
f 4318//5687 4312//5687 4315//5687 3151//5687
f 3151//5688 4315//5688 4319//5688 3150//5688
f 3054//5689 2951//5689 4318//5689 3152//5689
f 2949//5690 4302//5690 2950//5690
f 2935//5691 4303//5691 4302//5691
f 3535//5692 2936//5692 4320//5692
f 3052//5693 3053//5693 3152//5693 4325//5693
f 4325//5694 3152//5694 4321//5694 4326//5694
f 4326//5695 4321//5695 4322//5695 4327//5695
f 3155//5696 4327//5696 4323//5696 3154//5696
f 2936//5697 4328//5697 4324//5697
f 4327//5698 3155//5698 4326//5698
f 4321//5699 4318//5699 3151//5699 4322//5699
f 4318//5700 4321//5700 3152//5700
f 4322//5701 3151//5701 3150//5701 4323//5701
f 4323//5702 3150//5702 4320//5702 4324//5702
f 3153//5703 4324//5703 4328//5703 3536//5703
f 3157//5704 4325//5704 4326//5704 3156//5704
f 4324//5705 3153//5705 3154//5705
f 3050//5706 3051//5706 4325//5706 3157//5706
f 3049//5707 3050//5707 3157//5707 3161//5707
f 3159//5708 3155//5708 3154//5708 3158//5708
f 3155//5709 3159//5709 3156//5709
f 4330//5710 3159//5710 3158//5710 4331//5710
f 3536//5711 3537//5711 3153//5711
f 3156//5712 3160//5712 3161//5712
f 3049//5713 3047//5713 3048//5713
f 3161//5714 4329//5714 3047//5714
f 3159//5715 4330//5715 3160//5715
f 4331//5716 3158//5716 3153//5716 4332//5716
f 4332//5717 3153//5717 3537//5717 3538//5717
f 3165//5718 3046//5718 4329//5718 3164//5718
f 3160//5719 4333//5719 4329//5719
f 4333//5720 3163//5720 4329//5720
f 3044//5721 3165//5721 3164//5721 3170//5721
f 4331//5722 3162//5722 4334//5722
f 4330//5723 4334//5723 4333//5723
f 3538//5724 3540//5724 4332//5724
f 3538//5725 3539//5725 3540//5725
f 3046//5726 3165//5726 3045//5726
f 4332//5727 4335//5727 3162//5727
f 3170//5728 3164//5728 3163//5728 3169//5728
f 3169//5729 3163//5729 4334//5729 3168//5729
f 3168//5730 4334//5730 3162//5730 3167//5730
f 3167//5731 3162//5731 4335//5731 3166//5731
f 3166//5732 4335//5732 3540//5732 3541//5732
f 4341//5733 4336//5733 4337//5733 4342//5733
f 3540//5734 2937//5734 3541//5734
f 3165//5735 3044//5735 2925//5735
f 4342//5736 4337//5736 4338//5736 4343//5736
f 4336//5737 3170//5737 3169//5737 4337//5737
f 3542//5738 3543//5738 4340//5738
f 4340//5739 3171//5739 4339//5739
f 3170//5740 4336//5740 3043//5740
f 4337//5741 3169//5741 3168//5741 4338//5741
f 4338//5742 3168//5742 3167//5742 4339//5742
f 4339//5743 3167//5743 3166//5743 4340//5743
f 4340//5744 3166//5744 3541//5744 3542//5744
f 3173//5745 4343//5745 4339//5745 3172//5745
f 3543//5746 3544//5746 3171//5746
f 3174//5747 4342//5747 4343//5747 3173//5747
f 3175//5748 4341//5748 4342//5748 3174//5748
f 3039//5749 3040//5749 3175//5749 3180//5749
f 4341//5750 3175//5750 3040//5750
f 3180//5751 3175//5751 3174//5751 3179//5751
f 3179//5752 3174//5752 3173//5752 3178//5752
f 3178//5753 3173//5753 3172//5753 3177//5753
f 4344//5754 3180//5754 3179//5754 4345//5754
f 3544//5755 3546//5755 3171//5755
f 3171//5756 3176//5756 3177//5756
f 3546//5757 3547//5757 3176//5757
f 3180//5758 4344//5758 3038//5758
f 4345//5759 3179//5759 3178//5759 4346//5759
f 4346//5760 3178//5760 3177//5760 4347//5760
f 4350//5761 4349//5761 4344//5761 4345//5761
f 3176//5762 3181//5762 4347//5762
f 3547//5763 3549//5763 3181//5763
f 4348//5764 4344//5764 4349//5764
f 4351//5765 4350//5765 4345//5765 4346//5765
f 4352//5766 4351//5766 4346//5766 4347//5766
f 4354//5767 3036//5767 3037//5767 4349//5767
f 4355//5768 4354//5768 4349//5768 4350//5768
f 4356//5769 4355//5769 4350//5769 4351//5769
f 4357//5770 4356//5770 4351//5770 4352//5770
f 3550//5771 4353//5771 3181//5771 3549//5771
f 4353//5772 3550//5772 3551//5772
f 4352//5773 3181//5773 4353//5773
f 4364//5774 4363//5774 3034//5774 4358//5774
f 4362//5775 3513//5775 3552//5775
f 4365//5776 4364//5776 4358//5776 4359//5776
f 4366//5777 4365//5777 4359//5777 4360//5777
f 4358//5778 3035//5778 3036//5778 4354//5778
f 4361//5779 4362//5779 4367//5779
f 4367//5780 3552//5780 3514//5780
f 4359//5781 4358//5781 4354//5781 4355//5781
f 4360//5782 4359//5782 4355//5782 4356//5782
f 4361//5783 4360//5783 4356//5783 4357//5783
f 4362//5784 4361//5784 4357//5784 4353//5784
f 3513//5785 4362//5785 4353//5785 3551//5785
f 4371//5786 3032//5786 3033//5786 4364//5786
f 4369//5787 4368//5787 4365//5787 4366//5787
f 4368//5788 4369//5788 3183//5788
f 4370//5789 4367//5789 3182//5789
f 4364//5790 4365//5790 4368//5790
f 4370//5791 4369//5791 4366//5791 4361//5791
f 3553//5792 3186//5792 3182//5792 3515//5792
f 3182//5793 3514//5793 3515//5793
f 3185//5794 4374//5794 3184//5794
f 4371//5795 4368//5795 4372//5795
f 3183//5796 4370//5796 4373//5796
f 3192//5797 3028//5797 3029//5797 3184//5797
f 4373//5798 3182//5798 3186//5798
f 4372//5799 3183//5799 3187//5799
f 3030//5800 4374//5800 3185//5800
f 3031//5801 3032//5801 4374//5801
f 3184//5802 4372//5802 4375//5802
f 3187//5803 4373//5803 4376//5803
f 3517//5804 3188//5804 3186//5804 3553//5804
f 3188//5805 3189//5805 4376//5805 3186//5805
f 3189//5806 3190//5806 3187//5806 4376//5806
f 3190//5807 3191//5807 4375//5807 3187//5807
f 3518//5808 3193//5808 3188//5808 3517//5808
f 3192//5809 4375//5809 3191//5809
f 3193//5810 3194//5810 3189//5810 3188//5810
f 3194//5811 3195//5811 3190//5811 3189//5811
f 3195//5812 3196//5812 3191//5812 3190//5812
f 4379//5813 4378//5813 3196//5813 3195//5813
f 3192//5814 3191//5814 3196//5814
f 3027//5815 3028//5815 3026//5815
f 3026//5816 3192//5816 4377//5816
f 4377//5817 3196//5817 4378//5817
f 4382//5818 4381//5818 3197//5818 4378//5818
f 3193//5819 3518//5819 3519//5819
f 3025//5820 4377//5820 3198//5820
f 3198//5821 3197//5821 4381//5821
f 4384//5822 4383//5822 3194//5822 3193//5822
f 4380//5823 3194//5823 4383//5823
f 4386//5824 4385//5824 4381//5824 4382//5824
f 4384//5825 3519//5825 3555//5825
f 4387//5826 4386//5826 4382//5826 4380//5826
f 3200//5827 3201//5827 4386//5827 4387//5827
f 4387//5828 4383//5828 3199//5828
f 4378//5829 4379//5829 4380//5829
f 4384//5830 3555//5830 3532//5830
f 3199//5831 4384//5831 3532//5831
f 3201//5832 3202//5832 4385//5832 4386//5832
f 4385//5833 3023//5833 3024//5833 4381//5833
f 3023//5834 4385//5834 3203//5834
f 2940//5835 2941//5835 3528//5835 4390//5835
f 4390//5836 3528//5836 4388//5836 4391//5836
f 4391//5837 4388//5837 4389//5837 4392//5837
f 4393//5838 4391//5838 4392//5838 4394//5838
f 4391//5839 4393//5839 4390//5839
f 2939//5840 2940//5840 4390//5840 4395//5840
f 4395//5841 4390//5841 4393//5841 4396//5841
f 4396//5842 4393//5842 4394//5842 4397//5842
f 4399//5843 4396//5843 4397//5843 4400//5843
f 4396//5844 4398//5844 4395//5844
f 4396//5845 4399//5845 4398//5845
f 2938//5846 2939//5846 4395//5846 4401//5846
f 4401//5847 4395//5847 4398//5847 3206//5847
f 4400//5848 4402//5848 4399//5848
f 3206//5849 4398//5849 4399//5849 3205//5849
f 3205//5850 4399//5850 4402//5850 3204//5850
f 3149//5851 2938//5851 4401//5851 3207//5851
f 3529//5852 4389//5852 4388//5852
f 2983//5853 2984//5853 3207//5853 4407//5853
f 3205//5854 4406//5854 4404//5854
f 4407//5855 3207//5855 4403//5855 4408//5855
f 4408//5856 4403//5856 4404//5856 4409//5856
f 3209//5857 4406//5857 4405//5857 3208//5857
f 3557//5858 3558//5858 4405//5858
f 4406//5859 3209//5859 4409//5859
f 3213//5860 2983//5860 4407//5860 3212//5860
f 3212//5861 4407//5861 4408//5861 3211//5861
f 4403//5862 4401//5862 3206//5862 4404//5862
f 4401//5863 4403//5863 3207//5863
f 4410//5864 3212//5864 3211//5864 4411//5864
f 3204//5865 4405//5865 3205//5865
f 3204//5866 3557//5866 4405//5866
f 4409//5867 3210//5867 3211//5867
f 2983//5868 3213//5868 3147//5868
f 3558//5869 3559//5869 3208//5869
f 3212//5870 4410//5870 3213//5870
f 4411//5871 3211//5871 3210//5871 4412//5871
f 4413//5872 4410//5872 4411//5872 4414//5872
f 3559//5873 3560//5873 3208//5873
f 3560//5874 3561//5874 4417//5874
f 4410//5875 4413//5875 3214//5875
f 4414//5876 4411//5876 4412//5876 4415//5876
f 4415//5877 4412//5877 3209//5877 4416//5877
f 4416//5878 3209//5878 3208//5878 4417//5878
f 3218//5879 4413//5879 4414//5879 3217//5879
f 3214//5880 4418//5880 2982//5880
f 3561//5881 4421//5881 4419//5881
f 4413//5882 3218//5882 4418//5882
f 3217//5883 4414//5883 4415//5883 3216//5883
f 3216//5884 4415//5884 4416//5884 3215//5884
f 3215//5885 4416//5885 4417//5885 4419//5885
f 3220//5886 3216//5886 3215//5886 3219//5886
f 4418//5887 4420//5887 2981//5887
f 4421//5888 3563//5888 4419//5888
f 3221//5889 3217//5889 3216//5889 3220//5889
f 3222//5890 3218//5890 3217//5890 3221//5890
f 3225//5891 3220//5891 3219//5891 3224//5891
f 3218//5892 3222//5892 4420//5892
f 3563//5893 3223//5893 4422//5893
f 4419//5894 4422//5894 3219//5894
f 3226//5895 3221//5895 3220//5895 3225//5895
f 3227//5896 3222//5896 3221//5896 3226//5896
f 3230//5897 3225//5897 3224//5897 3229//5897
f 3222//5898 3227//5898 2980//5898
f 4422//5899 3228//5899 3224//5899
f 3223//5900 3564//5900 3228//5900
f 3564//5901 3565//5901 3228//5901
f 3231//5902 3226//5902 3225//5902 3230//5902
f 3232//5903 3227//5903 3226//5903 3231//5903
f 4423//5904 3232//5904 3231//5904 4424//5904
f 2979//5905 3232//5905 3787//5905
f 3232//5906 4423//5906 2978//5906
f 4424//5907 3231//5907 3230//5907 4425//5907
f 4426//5908 3228//5908 3565//5908 3566//5908
f 3228//5909 4426//5909 3229//5909
f 3233//5910 4426//5910 3566//5910 3567//5910
f 3234//5911 3229//5911 4426//5911 3233//5911
f 3235//5912 4425//5912 3229//5912 3234//5912
f 3236//5913 4424//5913 4425//5913 3235//5913
f 3237//5914 4423//5914 4424//5914 3236//5914
f 2976//5915 2977//5915 4423//5915 3237//5915
f 2974//5916 2975//5916 3237//5916 4427//5916
f 4427//5917 3237//5917 3236//5917 3241//5917
f 3241//5918 3236//5918 3235//5918 3240//5918
f 3240//5919 3235//5919 3234//5919 3239//5919
f 3238//5920 3233//5920 3568//5920 3569//5920
f 3567//5921 3568//5921 3233//5921
f 4428//5922 3242//5922 3241//5922 4429//5922
f 3233//5923 3238//5923 3239//5923
f 2974//5924 3242//5924 2973//5924
f 4429//5925 3241//5925 3240//5925 4430//5925
f 4430//5926 3240//5926 3239//5926 4431//5926
f 4434//5927 4433//5927 2972//5927 4428//5927
f 2973//5928 3242//5928 2972//5928
f 4431//5929 3238//5929 4432//5929
f 4435//5930 4434//5930 4428//5930 4429//5930
f 4436//5931 4435//5931 4429//5931 4430//5931
f 4437//5932 4436//5932 4430//5932 4431//5932
f 4441//5933 4440//5933 4434//5933 4435//5933
f 3238//5934 3569//5934 3571//5934
f 4437//5935 4432//5935 4438//5935
f 4439//5936 4434//5936 4440//5936
f 4442//5937 4441//5937 4435//5937 4436//5937
f 4443//5938 4442//5938 4436//5938 4437//5938
f 4449//5939 2970//5939 4444//5939 4445//5939
f 4438//5940 3572//5940 3573//5940
f 4432//5941 3571//5941 3572//5941
f 4447//5942 4438//5942 4448//5942
f 3139//5943 4444//5943 2970//5943
f 4450//5944 4449//5944 4445//5944 4446//5944
f 4444//5945 3139//5945 3243//5945 4440//5945
f 4448//5946 3574//5946 3575//5946
f 4445//5947 4444//5947 4440//5947 4441//5947
f 4446//5948 4445//5948 4441//5948 4442//5948
f 4447//5949 4446//5949 4442//5949 4443//5949
f 3523//5950 3244//5950 4448//5950 3575//5950
f 4438//5951 3573//5951 3574//5951
f 3244//5952 3245//5952 4447//5952 4448//5952
f 3245//5953 3246//5953 4450//5953 4447//5953
f 3246//5954 3247//5954 4449//5954 4450//5954
f 3247//5955 3248//5955 2970//5955 4449//5955
f 3253//5956 3764//5956 4451//5956 3248//5956
f 2969//5957 2970//5957 3248//5957
f 2971//5958 3139//5958 2970//5958
f 3244//5959 3523//5959 3576//5959
f 3252//5960 3253//5960 3248//5960 3247//5960
f 3251//5961 3252//5961 3247//5961 3246//5961
f 3250//5962 3251//5962 3246//5962 3245//5962
f 3249//5963 3250//5963 3245//5963 3244//5963
f 3577//5964 3249//5964 3244//5964 3576//5964
f 3258//5965 3259//5965 2968//5965 3253//5965
f 3251//5966 3250//5966 3255//5966
f 3257//5967 3258//5967 3253//5967 3252//5967
f 3256//5968 3257//5968 3252//5968 3251//5968
f 3525//5969 3254//5969 3249//5969 3577//5969
f 3255//5970 3249//5970 3254//5970
f 4455//5971 4454//5971 3257//5971 3256//5971
f 3259//5972 3258//5972 4452//5972
f 3254//5973 3525//5973 3578//5973
f 4452//5974 3257//5974 4454//5974
f 4456//5975 4455//5975 3256//5975 3255//5975
f 4457//5976 3762//5976 4453//5976 4452//5976
f 4458//5977 4457//5977 4452//5977 4454//5977
f 4459//5978 4458//5978 4454//5978 4455//5978
f 4460//5979 4459//5979 4455//5979 4456//5979
f 4471//5980 4470//5980 4464//5980 4462//5980
f 3254//5981 3578//5981 3579//5981
f 3133//5982 4453//5982 3762//5982
f 4461//5983 4458//5983 4464//5983
f 4462//5984 4460//5984 4467//5984
f 4463//5985 3579//5985 3580//5985
f 3762//5986 4457//5986 4461//5986
f 4458//5987 4459//5987 4462//5987
f 4460//5988 3254//5988 4463//5988
f 2967//5989 4461//5989 4465//5989
f 4468//5990 4464//5990 4470//5990
f 4472//5991 4471//5991 4462//5991 4467//5991
f 4473//5992 2964//5992 2965//5992 4468//5992
f 4474//5993 4473//5993 4470//5993 4471//5993
f 4468//5994 4470//5994 4473//5994
f 4468//5995 2966//5995 4465//5995 4466//5995
f 4469//5996 4148//5996 3581//5996
f 4148//5997 4469//5997 4463//5997 3580//5997
f 4467//5998 4463//5998 4469//5998
f 3260//5999 3261//5999 4472//5999 4469//5999
f 3261//6000 3262//6000 4474//6000 4472//6000
f 3262//6001 3263//6001 4473//6001 4474//6001
f 2963//6002 3128//6002 2964//6002 4473//6002
f 4476//6003 4475//6003 3295//6003 3296//6003
f 4476//6004 3296//6004 3297//6004 4477//6004
f 4478//6005 4477//6005 3298//6005 3299//6005
f 4478//6006 3300//6006 3301//6006 4479//6006
f 3299//6007 3300//6007 4478//6007
f 4480//6008 4475//6008 4476//6008 4481//6008
f 4481//6009 4476//6009 4477//6009 4482//6009
f 4484//6010 4483//6010 4477//6010 4478//6010
f 4477//6011 4483//6011 4482//6011
f 4486//6012 4485//6012 4478//6012 4479//6012
f 4479//6013 3301//6013 3349//6013 3348//6013
f 4486//6014 4479//6014 3348//6014 3597//6014
f 4480//6015 3583//6015 3582//6015 4475//6015
f 4475//6016 3582//6016 2921//6016 3295//6016
f 4489//6017 4488//6017 3294//6017 3293//6017
f 3589//6018 4501//6018 3590//6018
f 3590//6019 3602//6019 3608//6019
f 3592//6020 4487//6020 3607//6020
f 4489//6021 3293//6021 3292//6021 4490//6021
f 4491//6022 4490//6022 3291//6022 3290//6022
f 4491//6023 3289//6023 3288//6023 4492//6023
f 3290//6024 3289//6024 4491//6024
f 4493//6025 4488//6025 4489//6025 4494//6025
f 4494//6026 4489//6026 4490//6026 4495//6026
f 4497//6027 4496//6027 4490//6027 4491//6027
f 4490//6028 4496//6028 4495//6028
f 4499//6029 4498//6029 4491//6029 4492//6029
f 4492//6030 3288//6030 3109//6030 3108//6030
f 4499//6031 4492//6031 3108//6031 3588//6031
f 4493//6032 3599//6032 3598//6032 4488//6032
f 4488//6033 3598//6033 2926//6033 3294//6033
f 4503//6034 3274//6034 3273//6034 4504//6034
f 3589//6035 4500//6035 4501//6035
f 3590//6036 4501//6036 3602//6036
f 3274//6037 4503//6037 4502//6037
f 4505//6038 3271//6038 3270//6038 4506//6038
f 3271//6039 4505//6039 3272//6039
f 4506//6040 3270//6040 3589//6040 3590//6040
f 4511//6041 4501//6041 4500//6041 3269//6041
f 4503//6042 4508//6042 4507//6042
f 3272//6043 4509//6043 4504//6043
f 3590//6044 3608//6044 4506//6044
f 3275//6045 4502//6045 3109//6045
f 4502//6046 4507//6046 3108//6046
f 4512//6047 4511//6047 3269//6047 3268//6047
f 4516//6048 4515//6048 3267//6048 3266//6048
f 3266//6049 3265//6049 4513//6049
f 4513//6050 4510//6050 4514//6050
f 4512//6051 3267//6051 4515//6051
f 4517//6052 4516//6052 3266//6052 4513//6052
f 4519//6053 3286//6053 3285//6053 4520//6053
f 3265//6054 3264//6054 4510//6054
f 4510//6055 2921//6055 3582//6055
f 4514//6056 3582//6056 3583//6056
f 3286//6057 4519//6057 4518//6057
f 4521//6058 3283//6058 3282//6058 4522//6058
f 3283//6059 4521//6059 3284//6059
f 4522//6060 3282//6060 3591//6060 3592//6060
f 4526//6061 4487//6061 3354//6061 3281//6061
f 4519//6062 4524//6062 4523//6062
f 3284//6063 4525//6063 4520//6063
f 3592//6064 3347//6064 4522//6064
f 3287//6065 4518//6065 3349//6065
f 4518//6066 4523//6066 3348//6066
f 4527//6067 4526//6067 3281//6067 3280//6067
f 4529//6068 4528//6068 3277//6068 3276//6068
f 3278//6069 3277//6069 4528//6069
f 4531//6070 4530//6070 3279//6070 3278//6070
f 4527//6071 3279//6071 4530//6071
f 4532//6072 4531//6072 3278//6072 4528//6072
f 4533//6073 4532//6073 4528//6073 4529//6073
f 3598//6074 4529//6074 3276//6074 2926//6074
f 3599//6075 4533//6075 4529//6075 3598//6075
f 5218//4461 5115//4461 5850//4461 5216//4461
f 4558//4462 5219//4462 5069//4462 4557//4462
f 5217//6076 5069//6076 5219//6076
f 5221//4464 5219//4464 4558//4464 4559//4464
f 5115//6077 5218//6077 5116//6077
f 5218//6078 5217//6078 5220//6078
f 5217//4467 5216//4467 5071//4467 5070//4467
f 5117//4468 5220//4468 5222//4468
f 5221//4469 5118//4469 5223//4469
f 4559//4470 5238//4470 5118//4470
f 5072//4471 5071//4471 5216//4471
f 5859//4472 5857//4472 5222//4472 5223//4472
f 5069//4473 4540//4473 4557//4473
f 5118//6079 5112//6079 4972//6079
f 5227//4475 5226//4475 5027//4475 5224//4475
f 5238//4476 4563//4476 5846//4476
f 5028//4477 5027//4477 5226//4477
f 5229//4478 5109//4478 5108//4478 5227//4478
f 5107//6080 5226//6080 5108//6080
f 5227//4480 5225//4480 5228//4480
f 5111//6081 5110//6081 5229//6081 5230//6081
f 4570//4482 4571//4482 5228//4482
f 5228//6082 5230//6082 5229//6082
f 5225//4484 5224//4484 5026//4484 4742//4484
f 4571//6083 4572//6083 5230//6083
f 5027//4486 5026//4486 5224//4486
f 5103//6084 5830//6084 5102//6084 5104//6084
f 5230//4488 5102//4488 4974//4488
f 5832//6085 5028//6085 5107//6085
f 4554//4490 4553//4490 5232//4490 5233//4490
f 4572//6086 4575//6086 5104//6086
f 5231//6087 4575//6087 4600//6087
f 5106//6088 5231//6088 4971//6088
f 5232//4494 4818//4494 4637//4494
f 4555//4495 4554//4495 5233//4495 5234//4495
f 5233//4496 4637//4496 5234//4496
f 4553//4497 4765//4497 4764//4497 5232//4497
f 4602//4498 5237//4498 5236//4498 4603//4498
f 4569//4499 5236//4499 4570//4499
f 5236//4500 5237//4500 4570//4500
f 4601//4501 4575//4501 5237//4501 4602//4501
f 5237//4502 4575//4502 4571//4502
f 5240//4503 5239//4503 4559//4503 4558//4503
f 4575//4504 4601//4504 4600//4504
f 4742//4505 4741//4505 4569//4505
f 5238//6089 4559//6089 5239//6089
f 4671//4507 5239//4507 5240//4507
f 5241//4508 5240//4508 4558//4508 4557//4508
f 4672//4509 5240//4509 5241//4509
f 4674//4510 4673//4510 5242//4510 5244//4510
f 5241//4511 4557//4511 4540//4511
f 4672//4512 5241//4512 4702//4512
f 4672//4513 4702//4513 4703//4513
f 5242//4514 4636//4514 5243//4514
f 4675//4515 4674//4515 5244//4515 5246//4515
f 5244//4516 5243//4516 5245//4516
f 4673//4517 4703//4517 4702//4517 5242//4517
f 5246//4518 5245//4518 4704//4518
f 5246//4519 4705//4519 4675//4519
f 4636//4520 5242//4520 4702//4520 4540//4520
f 4634//4521 5245//4521 5243//4521 4635//4521
f 4633//4522 4704//4522 5245//4522 4634//4522
f 4677//4523 4676//4523 5247//4523 5249//4523
f 4704//4524 4633//4524 4632//4524
f 4706//4525 4707//4525 5249//4525 5248//4525
f 5249//4526 4708//4526 4677//4526
f 4676//4527 4675//4527 4705//4527 5247//4527
f 4709//4528 4710//4528 4707//4528 4706//4528
f 4705//6090 4704//6090 5247//6090
f 5248//6091 4632//6091 4631//6091
f 4706//4531 4631//4531 4630//4531
f 4708//4532 5250//4532 4678//4532
f 4707//4533 4710//4533 5250//4533
f 4629//4534 4709//4534 4706//4534 4630//4534
f 4679//4535 4712//4535 5251//4535 5253//4535
f 4710//4536 4709//4536 5252//4536
f 5250//4537 5251//4537 4711//4537
f 4680//4538 4679//4538 5253//4538 5256//4538
f 5251//4539 5254//4539 5253//4539
f 5251//4540 5252//4540 5254//4540
f 5260//4541 5259//4541 5255//4541 5257//4541
f 5257//4542 5255//4542 5254//4542 4713//4542
f 5254//4543 5255//4543 5253//4543
f 5258//4544 5256//4544 5255//4544 5259//4544
f 4713//6092 4538//6092 4628//6092
f 5257//4546 4628//4546 4627//4546
f 5259//4547 5260//4547 4626//4547
f 5259//4548 4715//4548 4716//4548
f 5256//4549 5258//4549 4714//4549
f 5261//4550 4715//4550 4626//4550 5262//4550
f 5260//4551 4627//4551 4626//4551
f 4715//4552 5259//4552 4626//4552
f 4716//4553 4715//4553 5261//4553
f 4717//4554 5262//4554 4625//4554 4624//4554
f 4681//4555 5261//4555 5263//4555
f 5263//4556 5264//4556 4718//4556
f 5264//4557 4717//4557 4718//4557
f 4719//4558 4545//4558 4682//4558 5265//4558
f 4626//6093 4625//6093 5262//6093
f 4624//4560 4544//4560 4717//4560
f 5742//6094 6142//6094 6143//6094 5266//6094
f 4988//6095 4716//6095 4681//6095
f 5266//4563 6143//4563 6146//4563 5267//4563
f 5267//6096 6146//6096 6147//6096 5268//6096
f 5268//6097 6147//6097 6148//6097 5269//6097
f 5269//4566 6148//4566 6149//4566 5270//4566
f 5212//6098 5742//6098 5266//6098 5271//6098
f 5211//6099 5212//6099 5271//6099 5272//6099
f 5272//6100 5267//6100 5268//6100 5273//6100
f 5273//6101 5268//6101 5269//6101 5274//6101
f 5274//4571 5269//4571 5270//4571 5275//4571
f 5210//6102 5211//6102 5272//6102 5276//6102
f 5276//4573 5272//4573 5273//4573 5277//4573
f 5743//6103 5210//6103 5276//6103 5278//6103
f 5278//6104 5276//6104 5277//6104 5279//6104
f 5279//4576 5277//4576 5275//4576 4968//4576
f 5209//4577 5278//4577 5279//4577 5280//4577
f 5280//4578 5279//4578 4968//4578 4969//4578
f 5270//4579 6149//4579 5206//4579 4966//4579
f 5275//4580 5270//4580 4966//4580 4967//4580
f 4958//4581 5209//4581 5280//4581 4957//4581
f 5282//4582 5281//4582 6139//4582 6140//4582
f 5283//4583 5282//4583 6140//4583 6136//4583
f 5284//4584 5283//4584 6136//4584 6141//4584
f 5285//4585 5284//4585 6141//4585 6137//4585
f 5286//4586 5285//4586 6137//4586 6138//4586
f 5288//6105 5287//6105 5285//6105 5286//6105
f 6138//4588 5214//4588 5286//4588
f 5284//4589 5285//4589 5287//4589
f 5290//4590 5289//4590 5281//4590 5282//4590
f 5291//4591 5290//4591 5282//4591 5283//4591
f 5292//4592 5291//4592 5283//4592 5284//4592
f 5293//6106 5292//6106 5287//6106 5288//6106
f 5284//6107 5287//6107 5292//6107
f 5295//6108 5294//6108 5291//6108 5292//6108
f 5289//6109 5290//6109 5294//6109
f 5290//6110 5291//6110 5294//6110
f 5296//6111 5295//6111 5292//6111 5293//6111
f 5298//4599 5297//4599 5289//4599 5294//4599
f 5299//4600 5298//4600 5294//4600 5295//4600
f 5300//4601 5299//4601 5295//4601 5296//4601
f 5301//4602 5200//4602 5297//4602 5298//4602
f 5302//4603 5301//4603 5298//4603 5299//4603
f 4959//6112 4960//6112 5301//6112 5302//6112
f 5299//6113 5300//6113 5302//6113
f 5297//4606 5201//4606 5202//4606 5289//4606
f 5200//4607 5301//4607 4960//4607
f 5201//6114 5297//6114 5200//6114
f 5289//6115 5202//6115 5203//6115 5281//6115
f 5281//4610 5203//4610 5204//4610 6139//4610
f 5208//4611 6126//4611 6127//4611 5303//4611
f 5303//4612 6127//4612 6130//4612 5304//4612
f 5304//4613 6130//4613 6131//4613 5305//4613
f 5305//4614 6131//4614 6132//4614 5306//4614
f 5306//6116 6132//6116 6133//6116 5307//6116
f 5207//6117 5208//6117 5303//6117 5308//6117
f 5724//4617 5207//4617 5308//4617 5309//4617
f 5309//6118 5304//6118 5305//6118 5310//6118
f 5310//4619 5305//4619 5306//4619 5311//4619
f 5311//6119 5306//6119 5307//6119 5312//6119
f 5725//6120 5724//6120 5309//6120 5313//6120
f 5313//4622 5309//4622 5310//4622 5314//4622
f 5726//6121 5725//6121 5313//6121 5315//6121
f 5315//6122 5313//6122 5314//6122 5316//6122
f 5316//6123 5314//6123 5312//6123 4722//6123
f 5727//4626 5315//4626 5316//4626 4953//4626
f 4953//4627 5316//4627 4722//4627 4723//4627
f 5307//6124 6133//6124 5191//6124 4720//6124
f 5312//4629 5307//4629 4720//4629 4721//4629
f 5318//4630 5317//4630 6123//4630 6124//4630
f 5319//4631 5318//4631 6124//4631 6120//4631
f 5320//4632 5319//4632 6120//4632 6125//4632
f 5321//4633 5320//4633 6125//4633 6121//4633
f 5322//6125 5321//6125 6121//6125 6122//6125
f 5324//6126 5323//6126 5321//6126 5322//6126
f 6122//4636 5215//4636 5322//4636
f 5320//6127 5321//6127 5323//6127
f 5326//4638 5325//4638 5317//4638 5318//4638
f 5327//4639 5326//4639 5318//4639 5319//4639
f 5328//4640 5327//4640 5319//4640 5320//4640
f 5329//6128 5328//6128 5323//6128 5324//6128
f 5320//6129 5323//6129 5328//6129
f 5331//4643 5330//4643 5327//4643 5328//4643
f 5325//6130 5326//6130 5330//6130
f 5326//4645 5327//4645 5330//4645
f 5332//6131 5331//6131 5328//6131 5329//6131
f 5334//4647 5333//4647 5325//4647 5330//4647
f 5335//6132 5334//6132 5330//6132 5331//6132
f 5336//6133 5335//6133 5331//6133 5332//6133
f 4956//6134 5192//6134 5333//6134 5334//6134
f 5337//4651 4956//4651 5334//4651 5335//4651
f 5333//6135 5193//6135 5194//6135 5325//6135
f 5335//6136 5336//6136 5337//6136
f 4956//4654 5337//4654 4955//4654
f 5193//4655 5333//4655 5192//4655
f 5325//6137 5194//6137 5195//6137 5317//6137
f 5317//4657 5195//4657 5196//4657 6123//4657
f 4612//4658 5343//4658 5342//4658 4613//4658
f 5338//4659 5340//4659 4691//4659
f 4726//6138 4615//6138 4614//6138
f 5339//4661 5342//4661 5340//4661
f 5340//4662 5341//4662 4691//4662
f 5341//4663 5342//4663 5343//4663
f 5345//4664 5343//4664 4612//4664 4536//4664
f 4727//4665 5339//4665 5338//4665
f 4691//4666 4728//4666 4692//4666
f 5343//4667 5345//4667 4729//4667
f 4734//4668 4695//4668 4694//4668 5349//4668
f 5346//4669 4729//4669 4730//4669
f 5345//4670 5347//4670 4730//4670
f 5344//4671 4729//4671 5346//4671
f 4536//4672 4535//4672 5347//4672
f 4693//4673 5346//4673 4731//4673
f 4731//4674 4730//4674 5348//4674
f 4535//4675 4732//4675 5347//4675
f 5349//4676 5348//4676 4733//4676
f 5347//4677 5350//4677 5348//4677
f 4535//4678 4611//4678 4732//4678
f 5350//4679 4732//4679 4733//4679
f 4736//4680 4737//4680 4734//4680 5351//4680
f 4734//4681 4733//4681 5351//4681
f 4732//4682 4610//4682 5351//4682
f 4610//4683 4609//4683 4735//4683
f 5351//4684 4735//4684 4736//4684
f 4737//4685 4696//4685 4695//4685 4734//4685
f 5352//4686 4697//4686 4696//4686 4737//4686
f 4735//4687 4608//4687 5353//4687
f 5352//4688 4736//4688 4739//4688
f 4608//4689 5033//4689 4738//4689
f 4739//4690 5353//4690 5354//4690
f 4697//4691 5352//4691 4740//4691
f 5356//4692 4699//4692 4698//4692 5354//4692
f 4698//4693 4739//4693 5354//4693
f 4738//4694 5355//4694 5354//4694
f 5358//4695 4700//4695 4699//4695 5356//4695
f 5355//4696 5357//4696 5356//4696
f 5359//4697 5358//4697 5357//4697 4605//4697
f 4700//4698 5358//4698 5359//4698
f 5360//4699 4701//4699 4700//4699 5359//4699
f 5360//4700 5359//4700 4605//4700 4604//4700
f 5355//4701 4738//4701 5033//4701 4607//4701
f 5357//4702 5355//4702 4607//4702 4606//4702
f 4741//4703 5360//4703 4604//4703 4534//4703
f 4741//4704 4742//4704 4701//4704 5360//4704
f 5362//4705 4562//4705 4568//4705 4567//4705
f 5361//4706 4562//4706 5362//4706
f 5366//4707 4580//4707 4579//4707 5365//4707
f 4567//4708 4566//4708 5363//4708
f 5364//6139 5363//6139 4743//6139
f 4566//6140 4670//6140 4743//6140
f 4578//4711 5364//4711 4744//4711
f 4577//4712 5362//4712 5364//4712
f 4576//4713 5361//4713 5362//4713
f 5366//4714 5365//4714 4669//4714 4668//4714
f 5367//4715 4581//4715 4580//4715 5366//4715
f 5367//4716 5366//4716 4668//4716 4667//4716
f 5365//4717 4579//4717 4744//4717 4743//4717
f 5368//4718 4745//4718 4666//4718 4665//4718
f 4667//4719 4666//4719 4745//4719
f 4581//4720 5367//4720 4746//4720
f 4746//4721 4745//4721 5368//4721
f 6081//4722 4746//4722 4582//4722
f 4750//4723 4748//4723 4662//4723 4661//4723
f 5368//4724 4664//4724 4747//4724
f 4664//4725 5370//4725 4747//4725
f 4749//4726 5369//4726 4748//4726
f 4664//4727 4663//4727 5370//4727
f 4663//4728 4662//4728 5370//4728
f 4751//4729 4748//4729 4750//4729
f 5374//4730 6067//4730 5371//4730 5372//4730
f 4751//4731 4750//4731 4752//4731
f 4750//4732 5373//4732 4752//4732
f 4661//4733 4541//4733 5373//4733
f 4583//4734 4752//4734 5372//4734
f 4583//4735 4751//4735 4752//4735
f 5374//4736 5373//4736 4541//4736 5375//4736
f 5372//4737 5373//4737 5374//4737
f 5393//4761 5392//4761 5391//4761 5394//4761
f 6067//4739 5374//4739 4753//4739
f 4753//4740 5374//4740 5377//4740
f 4541//4741 4660//4741 5375//4741
f 5375//4742 4659//4742 5377//4742
f 5376//4743 5377//4743 5378//4743
f 5377//4744 4659//4744 5378//4744
f 4659//4745 4658//4745 5378//4745
f 4586//4746 5378//4746 5379//4746
f 5378//4747 4657//4747 5379//4747
f 4584//4748 4753//4748 5376//4748
f 4657//6141 4656//6141 4754//6141
f 4585//4750 5376//4750 4586//4750
f 4754//6142 4655//6142 5380//6142
f 4859//6143 5380//6143 4757//6143
f 5380//6144 4655//6144 4757//6144
f 4755//4755 4754//4755 5380//4755
f 4656//6145 4655//6145 4754//6145
f 5382//6146 4757//6146 5383//6146
f 4757//6147 4756//6147 5383//6147
f 5382//6148 4587//6148 6050//6148
f 5385//6149 5384//6149 4758//6149
f 5384//6150 4652//6150 5964//6150
f 5385//6151 4758//6151 5386//6151
f 4587//6152 5383//6152 5385//6152
f 4588//6153 5388//6153 4589//6153
f 4758//6154 5387//6154 5386//6154
f 5388//6155 4650//6155 4649//6155
f 4589//6156 5389//6156 4590//6156
f 5389//4773 5390//4773 4590//4773
f 5389//4774 4649//4774 5390//4774
f 4590//4775 5390//4775 4591//4775
f 5390//4776 5391//4776 5392//4776
f 5390//4777 4648//4777 5391//4777
f 5394//4778 4647//4778 4645//4778
f 5395//4779 4645//4779 5396//4779
f 5392//4780 5393//4780 4592//4780
f 4647//4781 5394//4781 5391//4781 5979//4781
f 4639//6157 5404//6157 5402//6157 4813//6157
f 5393//4783 5395//4783 4592//4783
f 5396//4784 4645//4784 4644//4784
f 5396//4785 4759//4785 5397//4785
f 5395//4786 5397//4786 4593//4786
f 4759//4787 4761//4787 5398//4787
f 4759//4788 4644//4788 4643//4788
f 4761//4789 5399//4789 5398//4789
f 5398//4790 5399//4790 4594//4790
f 5399//4791 4761//4791 4642//4791
f 4761//4792 4643//4792 4642//4792
f 5399//4793 4642//4793 4641//4793
f 5399//4794 4762//4794 4595//4794
f 5399//4795 4641//4795 4762//4795
f 4762//6158 4641//6158 4640//6158
f 4595//4797 5401//4797 4829//4797
f 5400//6159 4762//6159 4640//6159
f 5400//6160 5402//6160 5401//6160
f 5400//6161 4640//6161 5402//6161
f 5402//6162 4640//6162 4813//6162
f 4762//6163 5400//6163 5401//6163
f 4763//6164 5404//6164 5403//6164
f 4763//6165 5402//6165 5404//6165
f 4599//4803 5403//4803 5404//4803 5405//4803
f 4638//4804 5405//4804 5404//4804 4639//4804
f 4818//4805 4764//4805 5405//4805 4638//4805
f 4765//4806 4599//4806 5405//4806 4764//4806
f 4598//6166 4597//6166 4763//6166 5403//6166
f 5412//6167 5411//6167 5410//6167 5408//6167
f 5406//6168 5407//6168 5410//6168
f 5407//4810 4563//4810 5408//4810
f 5097//6169 5409//6169 5098//6169
f 5408//4812 4563//4812 4671//4812
f 5409//4813 5411//4813 5099//4813
f 4976//4814 5413//4814 5411//4814 4975//4814
f 5099//6170 5413//6170 5100//6170
f 5412//4816 4671//4816 4672//4816
f 5413//4817 4976//4817 5101//4817
f 4975//6171 5411//6171 5412//6171 5414//6171
f 5096//6172 5095//6172 5415//6172 5419//6172
f 5414//4820 4703//4820 4975//4820
f 5820//4821 5406//4821 5097//4821
f 5419//4822 5415//4822 5416//4822 5420//4822
f 5420//4823 5416//4823 5417//4823 5421//4823
f 5421//4824 5417//4824 5418//4824 5422//4824
f 5423//6173 5096//6173 5419//6173 5424//6173
f 5096//6174 5423//6174 5816//6174
f 5424//4827 5419//4827 5420//4827 5425//4827
f 5425//4828 5420//4828 5421//4828 5426//4828
f 5426//4829 5421//4829 5422//4829 5427//4829
f 5095//6175 5101//6175 4976//6175 5415//6175
f 5415//4831 4976//4831 4975//4831 5416//4831
f 5417//4832 4975//4832 4703//4832 5418//4832
f 4975//6176 5417//6176 5416//6176
f 5422//4834 5418//4834 4673//4834 4674//4834
f 4703//6177 4673//6177 5418//6177
f 5427//4836 5422//4836 4674//4836 4675//4836
f 5433//6178 5428//6178 5429//6178 5434//6178
f 5428//6179 5433//6179 5812//6179
f 5434//4839 5429//4839 5430//4839 5435//4839
f 5435//4840 5430//4840 5431//4840 5436//4840
f 5436//4841 5431//4841 5432//4841 5437//4841
f 5812//6180 5816//6180 5423//6180 5428//6180
f 5428//4843 5423//4843 5424//4843 5429//4843
f 5429//4844 5424//4844 5425//4844 5430//4844
f 5430//4845 5425//4845 5426//4845 5431//4845
f 5431//4846 5426//4846 5427//4846 5432//4846
f 5432//4847 5427//4847 4675//4847 4676//4847
f 5437//4848 5432//4848 4676//4848 4677//4848
f 4547//6181 5811//6181 5433//6181 5439//6181
f 5439//4850 5433//4850 5434//4850 5440//4850
f 5440//4851 5434//4851 5435//4851 5441//4851
f 5441//4852 5435//4852 5436//4852 5442//4852
f 5442//6182 5436//6182 5438//6182 5443//6182
f 5443//4854 5438//4854 4678//4854 5444//4854
f 4979//6183 5443//6183 5444//6183 4978//6183
f 5437//6184 5438//6184 5436//6184
f 5437//4857 4678//4857 5438//4857
f 4678//4858 4711//4858 5444//4858
f 5439//6185 4981//6185 4547//6185
f 5441//6186 4980//6186 5440//6186
f 5443//6187 4979//6187 5442//6187
f 4978//4862 5444//4862 4711//4862 4712//4862
f 5810//6188 5094//6188 4981//6188 4987//6188
f 5440//6189 5445//6189 4981//6189
f 5442//6190 5446//6190 4980//6190
f 4712//4866 4679//4866 4978//4866
f 4987//4867 4981//4867 5445//4867 4986//4867
f 4986//6191 5445//6191 4980//6191 4985//6191
f 4983//4869 4979//4869 4978//4869 4982//4869
f 4979//6192 4983//6192 5446//6192
f 4992//6193 5449//6193 5450//6193 5453//6193
f 4679//4872 4680//4872 4978//4872
f 4680//6194 4714//6194 4982//6194
f 5446//4874 4984//4874 4985//4874
f 4984//4875 4990//4875 4985//4875
f 4982//4876 4988//4876 4983//4876
f 4983//4877 4989//4877 4990//4877
f 4990//4878 5450//4878 5449//4878
f 4989//4879 4988//4879 4682//4879
f 5450//4880 4989//4880 5451//4880
f 5448//4881 5452//4881 5447//4881
f 5447//6195 4993//6195 5809//6195
f 5449//6196 4992//6196 5452//6196
f 5808//6197 5810//6197 4987//6197 5447//6197
f 5447//6198 4987//6198 4986//6198 5448//6198
f 5448//4885 4986//4885 4985//4885 5449//4885
f 5455//6199 4992//6199 5453//6199 5456//6199
f 4682//4887 4681//4887 5265//4887
f 5451//4888 4682//4888 4991//4888
f 4993//6200 5454//6200 5807//6200
f 4992//6201 5455//6201 4993//6201
f 5453//4890 4991//4890 4684//4890
f 5454//6202 5455//6202 5456//6202 4686//6202
f 5092//6203 5093//6203 5457//6203 5459//6203
f 4686//6204 4687//6204 5093//6204
f 4991//4897 4545//4897 4683//4897
f 4991//4898 4683//4898 4684//4898
f 4684//6205 4685//6205 5456//6205
f 4996//6206 4997//6206 5465//6206 5466//6206
f 5457//6207 5458//6207 5459//6207
f 4944//6208 5458//6208 5457//6208
f 5459//6209 5460//6209 5092//6209
f 5461//6210 5460//6210 4994//6210
f 5460//6211 5458//6211 4994//6211
f 5091//6212 4994//6212 5462//6212
f 5462//6213 5658//6213 5463//6213
f 5462//6214 5463//6214 5465//6214
f 4690//4912 5467//4912 5466//4912 4689//4912
f 5464//6215 5465//6215 4997//6215
f 5467//4913 4995//4913 4996//4913
f 4999//4914 5000//4914 5472//4914 5470//4914
f 5469//6216 4996//6216 5472//6216
f 4546//4917 5473//4917 5470//4917
f 5805//6217 5468//6217 5474//6217
f 5471//6218 5469//6218 5475//6218
f 5474//6219 5471//6219 5001//6219
f 5475//4921 5472//4921 5000//4921
f 4692//4922 4999//4922 5470//4922 5473//4922
f 5005//6220 5006//6220 5474//6220 5001//6220
f 4998//6221 5464//6221 5468//6221
f 5468//6222 4997//6222 5469//6222
f 4995//4925 5470//4925 4996//4925
f 4995//4926 4546//4926 5470//4926
f 4546//4927 4691//4927 5473//4927
f 5804//6223 5474//6223 5006//6223
f 5004//6224 5005//6224 5001//6224 5475//6224
f 5003//4923 5004//4923 5475//4923 5000//4923
f 5002//6225 5003//6225 5000//6225 4999//6225
f 4693//4931 5002//4931 4999//4931 4692//4931
f 5019//6226 5020//6226 5015//6226 5014//6226
f 5006//6227 5005//6227 5476//6227
f 5004//4935 5003//4935 5008//4935
f 5476//6228 5004//6228 5009//6228
f 5008//4937 5002//4937 5007//4937
f 5802//6229 5006//6229 5010//6229
f 5007//6230 4693//6230 5477//6230
f 5477//4941 4731//4941 4694//4941
f 5009//6231 5008//6231 5012//6231
f 5014//6232 5009//6232 5013//6232
f 5012//4944 5007//4944 5011//4944
f 5010//6233 5476//6233 5014//6233
f 5007//4945 5477//4945 4694//4945
f 5011//6234 4694//6234 4695//6234
f 5479//6235 5010//6235 5015//6235
f 5013//6236 5012//6236 5017//6236
f 5014//6237 5013//6237 5018//6237
f 5017//6238 5011//6238 5016//6238
f 5016//4952 4695//4952 4696//4952
f 5024//6239 5025//6239 5020//6239 5019//6239
f 5090//6240 5015//6240 5020//6240
f 5018//6241 5017//6241 5480//6241
f 5016//4955 4696//4955 4697//4955
f 5019//6242 5018//6242 5023//6242
f 5480//6243 5016//6243 5021//6243
f 5021//4959 4697//4959 4740//4959
f 5023//4960 5480//4960 5022//4960
f 5483//6244 5088//6244 5025//6244 5024//6244
f 5801//6245 5020//6245 5025//6245
f 5021//4962 4740//4962 5482//4962
f 5024//6246 5023//6246 5481//6246
f 5022//4964 5021//4964 5482//4964
f 5796//6247 5025//6247 5088//6247
f 5485//4966 5484//4966 5022//4966 5482//4966
f 5481//6248 5022//6248 5484//6248
f 5488//6249 5487//6249 5088//6249 5483//6249
f 5483//6250 5481//6250 5486//6250
f 5489//4970 5490//4970 5484//4970 5485//4970
f 5486//6251 5484//6251 5490//6251
f 4742//4972 5026//4972 5490//4972 4701//4972
f 5488//6252 5486//6252 5490//6252
f 5490//4974 5489//4974 4701//4974
f 5482//4975 4698//4975 4699//4975
f 5485//4976 4699//4976 4700//4976
f 5489//4977 4700//4977 4701//4977
f 5026//4978 5027//4978 5488//4978 5490//4978
f 5027//6253 5028//6253 5487//6253 5488//6253
f 5028//6254 5029//6254 5089//6254 5487//6254
f 5494//4980 5085//4980 5493//4980 5492//4980
f 5083//4981 4600//4981 5492//4981
f 4602//4982 5494//4982 5492//4982 4601//4982
f 5087//6255 5086//6255 5495//6255 5496//6255
f 5085//6256 5495//6256 5086//6256
f 5496//4985 5495//4985 5494//4985 5497//4985
f 4603//4986 5497//4986 5494//4986 4602//4986
f 5082//6257 5081//6257 5032//6257 5502//6257
f 5496//4988 5031//4988 5498//4988
f 4603//6258 4534//6258 5030//6258
f 5497//4990 5030//4990 5031//4990
f 5087//6259 5498//6259 5795//6259
f 5785//4992 5491//4992 5084//4992
f 5503//4987 5501//4987 4604//4987 4605//4987
f 5501//6260 5503//6260 5500//6260
f 5504//4995 5499//4995 5500//4995 5505//4995
f 5499//6261 5504//6261 5502//6261
f 5505//4997 5500//4997 5503//4997 5506//4997
f 5506//4998 5503//4998 4605//4998 4606//4998
f 5507//6262 5504//6262 5505//6262 5508//6262
f 5504//6263 5507//6263 5782//6263
f 5508//5001 5505//5001 5506//5001 5509//5001
f 5510//5002 5506//5002 4606//5002 4607//5002
f 5506//5003 5510//5003 5509//5003
f 5034//5004 5510//5004 4607//5004 5033//5004
f 5782//6264 5035//6264 5776//6264
f 5510//5006 5034//5006 5509//5006
f 5500//5007 5031//5007 5030//5007 5501//5007
f 5031//6265 5499//6265 5032//6265
f 5031//6266 5500//6266 5499//6266
f 5501//5010 5030//5010 4534//5010 4604//5010
f 5777//6267 5776//6267 5035//6267 5513//6267
f 5511//5012 5508//5012 5509//5012 5512//5012
f 5507//6268 5514//6268 5513//6268
f 5034//5014 5515//5014 5512//5014
f 4608//5015 4609//5015 5515//5015
f 5515//5016 5036//5016 5512//5016
f 5508//5017 5511//5017 5507//5017
f 5775//6269 5774//6269 5513//6269 5518//6269
f 5033//5019 4608//5019 5034//5019
f 5516//6270 5511//6270 5512//6270 5517//6270
f 5514//6271 5519//6271 5518//6271
f 5036//5022 5520//5022 5517//5022
f 5036//5023 4611//5023 5520//5023
f 5511//5024 5516//5024 5514//5024
f 5521//5025 5516//5025 5517//5025 5522//5025
f 4609//5026 4610//5026 5036//5026
f 5519//6272 5523//6272 5518//6272
f 5520//6273 5524//6273 5522//6273
f 4611//5029 5037//5029 5524//5029
f 5516//6274 5521//6274 5519//6274
f 5080//6275 5775//6275 5518//6275 5525//6275
f 4611//5032 4535//5032 5037//5032
f 5521//6276 5038//6276 5523//6276
f 5531//5031 5039//5031 5526//5031 5532//5031
f 4535//5035 4536//5035 5037//5035
f 5523//5036 5527//5036 5525//5036
f 5524//5037 5528//5037 5526//5037
f 5037//5038 5529//5038 5528//5038
f 5038//6277 5039//6277 5527//6277
f 5525//6278 5040//6278 5773//6278
f 5522//6279 5526//6279 5038//6279
f 5039//6280 5531//6280 5530//6280
f 5532//5043 5526//5043 5528//5043 5533//5043
f 5533//5044 5528//5044 5529//5044 5534//5044
f 5772//6281 5773//6281 5040//6281 5041//6281
f 5534//5045 5529//5045 4536//5045 4612//5045
f 5527//6282 5530//6282 5040//6282
f 5536//5048 5532//5048 5533//5048 5537//5048
f 5532//6283 5536//6283 5531//6283
f 5537//5050 5533//5050 5534//5050 5538//5050
f 5771//6284 5772//6284 5041//6284 5539//6284
f 4613//5051 5538//5051 5534//5051 4612//5051
f 5531//5053 5540//5053 5535//5053
f 5536//6285 5542//6285 5540//6285
f 5537//5055 5538//5055 4543//5055
f 5530//6286 5535//6286 5041//6286
f 4615//5057 4543//5057 5538//5057 4614//5057
f 5538//5058 4613//5058 4614//5058
f 5544//5059 5043//5059 5042//5059 5545//5059
f 5542//5060 5537//5060 5543//5060
f 5540//6287 5042//6287 5539//6287
f 5539//6288 5043//6288 5044//6288
f 5043//6289 5544//6289 5770//6289
f 5545//5064 5541//5064 5542//5064 5546//5064
f 5542//5065 5543//5065 4617//5065
f 5544//6290 5545//6290 5546//6290 4619//6290
f 5552//6291 5555//6291 5075//6291 5551//6291
f 5078//6292 5547//6292 5079//6292
f 5542//6293 5541//6293 5042//6293
f 5543//5070 4616//5070 4617//5070
f 4617//5071 4618//5071 5546//5071
f 5547//6294 5548//6294 5077//6294
f 5077//6295 5548//6295 5045//6295
f 4927//6296 5548//6296 5547//6296
f 5550//6297 5549//6297 5046//6297
f 5045//6298 5548//6298 5549//6298
f 5549//6299 5548//6299 4620//6299
f 5075//6300 5046//6300 5551//6300
f 5049//5078 5050//5078 5553//5078 5554//5078
f 5555//6301 5552//6301 5553//6301
f 4622//6302 5556//6302 5554//6302 4621//6302
f 5076//6303 5555//6303 5768//6303
f 5555//6304 5553//6304 5050//6304
f 5556//6305 4623//6305 5049//6305
f 5048//5085 5049//5085 4623//5085 5047//5085
f 4623//6306 4544//6306 5047//6306
f 5559//6307 5558//6307 5050//6307 5049//6307
f 5768//6308 5555//6308 5051//6308
f 5051//6309 5050//6309 5558//6309
f 5054//6310 5055//6310 5560//6310 5558//6310
f 5047//5091 4625//5091 5048//5091
f 5557//5092 5051//5092 5560//5092
f 5048//5093 5052//5093 5559//5093
f 5558//6311 5559//6311 5053//6311
f 4544//5095 4624//5095 5047//5095
f 4625//5096 4626//5096 5052//5096
f 5055//6312 5056//6312 5557//6312 5560//6312
f 5060//6313 5061//6313 5056//6313 5055//6313
f 4548//6314 5557//6314 5056//6314
f 5054//6315 5053//6315 5562//6315
f 5561//5101 5052//5101 4627//5101
f 5053//5102 5052//5102 5561//5102
f 5765//6316 5056//6316 5061//6316
f 5059//6317 5060//6317 5055//6317 5054//6317
f 5058//5105 5059//5105 5054//5105 5562//5105
f 5057//5106 5058//5106 5562//5106 5561//5106
f 4628//5107 5057//5107 5561//5107 4627//5107
f 5064//5108 5065//5108 5059//5108 5058//5108
f 5057//5109 4628//5109 4538//5109
f 5060//6318 5059//6318 5065//6318
f 5066//6319 5067//6319 5061//6319 5060//6319
f 5068//5112 5061//5112 5067//5112
f 5062//5113 5063//5113 5057//5113 4538//5113
f 5064//6320 5057//6320 5063//6320
f 5566//6321 5565//6321 5066//6321 5065//6321
f 5062//5116 4538//5116 4539//5116
f 5068//6322 5067//6322 5563//6322
f 5563//6323 5066//6323 5565//6323
f 5567//6324 5566//6324 5065//6324 5064//6324
f 5568//5120 5567//5120 5064//5120 5063//5120
f 4629//5121 5568//5121 5063//5121 5062//5121
f 5569//6325 5763//6325 5564//6325 5563//6325
f 5062//5123 4539//5123 4629//5123
f 5570//6326 5569//6326 5563//6326 5565//6326
f 5571//5125 5570//5125 5565//5125 5566//5125
f 5572//5126 5571//5126 5566//5126 5567//5126
f 5573//5127 5572//5127 5567//5127 5568//5127
f 4630//5128 5573//5128 5568//5128 4629//5128
f 5575//6327 5574//6327 5762//6327 5569//6327
f 5576//6328 5575//6328 5569//6328 5570//6328
f 5577//5131 5576//5131 5570//5131 5571//5131
f 5578//5132 5577//5132 5571//5132 5572//5132
f 5579//5133 5578//5133 5572//5133 5573//5133
f 4632//5134 5579//5134 5573//5134 4631//5134
f 5585//6329 5074//6329 5580//6329 5581//6329
f 5573//5136 4630//5136 4631//5136
f 5584//5137 4633//5137 4634//5137
f 5073//6330 5580//6330 5074//6330
f 5586//6331 5585//6331 5581//6331 5582//6331
f 5587//5140 5586//5140 5582//5140 5583//5140
f 4635//5141 5587//5141 5584//5141 4634//5141
f 5583//5142 5584//5142 5587//5142
f 5071//6332 5072//6332 5074//6332 5585//6332
f 5070//5144 5071//5144 5585//5144 5586//5144
f 5588//5145 5070//5145 5586//5145 5587//5145
f 4636//5146 5588//5146 5587//5146 4635//5146
f 5580//6333 5758//6333 5574//6333 5575//6333
f 5581//6334 5580//6334 5575//6334 5576//6334
f 5582//5149 5581//5149 5576//5149 5577//5149
f 5583//5150 5582//5150 5577//5150 5578//5150
f 5584//5151 5583//5151 5578//5151 5579//5151
f 4633//5152 5584//5152 5579//5152 4632//5152
f 4540//5153 5069//5153 5588//5153 4636//5153
f 5594//6335 5593//6335 5589//6335 5590//6335
f 5070//6336 5588//6336 5069//6336
f 5595//6337 5594//6337 5590//6337 5591//6337
f 5596//6338 5595//6338 5591//6338 5592//6338
f 5597//6339 5596//6339 5592//6339 4884//6339
f 5598//6340 5597//6340 4884//6340 4885//6340
f 4925//6341 5598//6341 4885//6341 4924//6341
f 5600//6342 5599//6342 5593//6342 5594//6342
f 5601//6343 5600//6343 5594//6343 5595//6343
f 5602//6344 5601//6344 5595//6344 5596//6344
f 5603//6345 5602//6345 5596//6345 5597//6345
f 5604//6346 5603//6346 5597//6346 5598//6346
f 4926//6347 5604//6347 5598//6347 4925//6347
f 5606//6348 5605//6348 5599//6348 5600//6348
f 4619//5168 4618//5168 5601//5168 5602//5168
f 5606//6349 5601//6349 4618//6349
f 5589//6350 4923//6350 4537//6350 4880//6350
f 5604//6351 4926//6351 4927//6351
f 5590//6352 5589//6352 4880//6352 4881//6352
f 5591//5170 5590//5170 4881//5170 4882//5170
f 5592//6353 5591//6353 4882//6353 4883//6353
f 5547//6354 5078//6354 5603//6354 5604//6354
f 4885//6355 6116//6355 4924//6355
f 4918//6356 4919//6356 5605//6356 4616//6356
f 4619//6357 5603//6357 5078//6357
f 4616//6358 5606//6358 4617//6358
f 4919//6359 4920//6359 5599//6359 5605//6359
f 4920//6360 4921//6360 5593//6360 5599//6360
f 5593//6361 4922//6361 4923//6361 5589//6361
f 4929//6362 4886//6362 4887//6362 5614//6362
f 4925//6363 4929//6363 4926//6363
f 4927//6364 5607//6364 5548//6364
f 4928//6365 5608//6365 4924//6365
f 4929//6366 5609//6366 4926//6366
f 5609//6367 4620//6367 5607//6367
f 5607//6368 4620//6368 5548//6368
f 4891//6369 5613//6369 5612//6369
f 4886//6370 4929//6370 5608//6370
f 5614//5191 4887//5191 5610//5191 5615//5191
f 5615//5192 5610//5192 5611//5192 5616//5192
f 5616//5193 5611//5193 5612//5193 5617//5193
f 5619//6371 4929//6371 5614//6371 5620//6371
f 5613//6372 5618//6372 5617//6372
f 4929//6373 5619//6373 5609//6373
f 5620//6374 5614//6374 5615//6374 5621//6374
f 5621//6375 5615//6375 5616//6375 5622//6375
f 5622//5199 5616//5199 5617//5199 5623//5199
f 5623//5200 5617//5200 5618//5200 5624//5200
f 4621//6376 5622//6376 5623//6376 4622//6376
f 5624//6377 5625//6377 5623//6377
f 5620//6378 5551//6378 5619//6378
f 5622//6379 4621//6379 5621//6379
f 5610//5205 4888//5205 4889//5205 5611//5205
f 4888//5206 5610//5206 4887//5206
f 5611//6380 4889//6380 4890//6380 5612//6380
f 4932//6381 5624//6381 5618//6381 4931//6381
f 4725//6382 4930//6382 4891//6382
f 4930//5210 4931//5210 5613//5210
f 4933//5211 5625//5211 5624//5211 4932//5211
f 4544//5212 4623//5212 5625//5212 4934//5212
f 5625//5213 4933//5213 4934//5213
f 5631//5214 5630//5214 5626//5214 5627//5214
f 5625//5215 4623//5215 4622//5215
f 5621//6383 5552//6383 5551//6383
f 5632//5217 5631//5217 5627//5217 5628//5217
f 5633//5218 5632//5218 5628//5218 5629//5218
f 5634//6384 5633//6384 5629//6384 4896//6384
f 5635//5220 5634//5220 4896//5220 4897//5220
f 4942//6385 5635//6385 4897//6385 4941//6385
f 5637//5222 5636//5222 5630//5222 5631//5222
f 5638//6386 5637//6386 5631//6386 5632//6386
f 5639//6387 5638//6387 5632//6387 5633//6387
f 5640//6388 5639//6388 5633//6388 5634//6388
f 5641//5226 5640//5226 5634//5226 5635//5226
f 4943//6389 5641//6389 5635//6389 4942//6389
f 5643//5228 5642//5228 5636//5228 5637//5228
f 4686//6390 4685//6390 5638//6390 5639//6390
f 5643//6391 5638//6391 4685//6391
f 5626//5231 4940//5231 4542//5231 4892//5231
f 5641//6392 4943//6392 4944//6392
f 5627//5233 5626//5233 4892//5233 4893//5233
f 5628//6393 5627//6393 4893//6393 4894//6393
f 5629//6394 5628//6394 4894//6394 4895//6394
f 5457//6395 4687//6395 5640//6395 5641//6395
f 4897//6396 4970//6396 4941//6396
f 4935//6397 4936//6397 5642//6397 4683//6397
f 4686//6398 5640//6398 4687//6398
f 4683//6399 5643//6399 4684//6399
f 4936//5241 4937//5241 5636//5241 5642//5241
f 4937//5242 4938//5242 5630//5242 5636//5242
f 5630//6400 4939//6400 4940//6400 5626//6400
f 4942//6401 4941//6401 5645//6401 4945//6401
f 4942//5245 4945//5245 4943//5245
f 4944//6402 5644//6402 5458//6402
f 4941//5244 4970//5244 5198//5244 5645//5244
f 4945//6403 5646//6403 4943//6403
f 5646//6404 4688//6404 5644//6404
f 4945//6405 5645//6405 4898//6405 5651//6405
f 5644//6406 4688//6406 5458//6406
f 4903//6407 5650//6407 5649//6407
f 5651//5252 4898//5252 4899//5252 5652//5252
f 5652//6408 4899//6408 5647//6408 5653//6408
f 5653//5254 5647//5254 5648//5254 5654//5254
f 5654//5255 5648//5255 5649//5255 5655//5255
f 5646//6409 4945//6409 5651//6409 5657//6409
f 5650//5257 5656//5257 5655//5257
f 5657//6410 5651//6410 5652//6410 5658//6410
f 5658//5259 5652//5259 5653//5259 5659//5259
f 5659//6411 5653//6411 5654//6411 5660//6411
f 5660//6412 5654//6412 5655//6412 5661//6412
f 5661//5262 5655//5262 5656//5262 5662//5262
f 4689//5263 5660//5263 5661//5263 4690//5263
f 5662//6413 5663//6413 5661//6413
f 5660//6414 4689//6414 5659//6414
f 5647//6415 4900//6415 4901//6415 5648//6415
f 4900//6416 5647//6416 4899//6416
f 5648//5268 4901//5268 4902//5268 5649//5268
f 4948//5269 5662//5269 5656//5269 4947//5269
f 4965//5270 4946//5270 4903//5270
f 4946//5271 4947//5271 5650//5271
f 4949//6417 5663//6417 5662//6417 4948//6417
f 4546//5273 4995//5273 5663//5273 4950//5273
f 5663//5274 4949//5274 4950//5274
f 5669//5278 5668//5278 5664//5278 5665//5278
f 5663//5276 4995//5276 4690//5276
f 5659//6418 5463//6418 5658//6418
f 5669//5280 5665//5280 5666//5280 5670//5280
f 5672//5281 5671//5281 5668//5281 5669//5281
f 5672//5282 5669//5282 5670//5282 5673//5282
f 5673//5283 5670//5283 5667//5283 4939//5283
f 5675//6419 5674//6419 5671//6419 5672//6419
f 5675//5285 5672//5285 5673//5285 5676//5285
f 5676//5286 5673//5286 4939//5286 5677//5286
f 5679//5287 5678//5287 5674//5287 5675//5287
f 5679//5288 5675//5288 5676//5288 5680//5288
f 5680//6420 5676//6420 5677//6420 5681//6420
f 5683//5290 5682//5290 5678//5290 5679//5290
f 5683//5291 5679//5291 5680//5291 5684//5291
f 5684//5292 5680//5292 5681//5292 4936//5292
f 4930//5293 4725//5293 4904//5293 5664//5293
f 5682//5294 5683//5294 5685//5294
f 5684//5295 5687//5295 5686//5295
f 5665//5296 5664//5296 4905//5296 4906//5296
f 5665//5297 4907//5297 4908//5297 5666//5297
f 4906//5298 4907//5298 5665//5298
f 5667//5299 5666//5299 4909//5299 4910//5299
f 4940//5300 5667//5300 4910//5300 4542//5300
f 5681//6421 5677//6421 4938//6421 4937//6421
f 4939//5302 4938//5302 5677//5302
f 4719//5303 5687//5303 4935//5303 4545//5303
f 4936//5304 4935//5304 5687//5304
f 4718//5305 5686//5305 5687//5305 4719//5305
f 4718//5306 4717//5306 5685//5306 5686//5306
f 4717//5307 4544//5307 4934//5307 5685//5307
f 5682//5308 4933//5308 4932//5308 5678//5308
f 4933//6422 5682//6422 4934//6422
f 5678//5310 4932//5310 4931//5310 5674//5310
f 5671//5311 4931//5311 4930//5311 5668//5311
f 4931//5312 5671//5312 5674//5312
f 5693//5313 5692//5313 5688//5313 5689//5313
f 4930//6423 5664//6423 5668//6423
f 5693//5315 5689//5315 5690//5315 5694//5315
f 5696//5316 5695//5316 5692//5316 5693//5316
f 5696//5317 5693//5317 5694//5317 5697//5317
f 5697//5318 5694//5318 5691//5318 4922//5318
f 5699//6424 5698//6424 5695//6424 5696//6424
f 5699//5320 5696//5320 5697//5320 5700//5320
f 5700//5321 5697//5321 4922//5321 5701//5321
f 5703//5322 5702//5322 5698//5322 5699//5322
f 5703//6425 5699//6425 5700//6425 5704//6425
f 5704//5324 5700//5324 5701//5324 5705//5324
f 5707//6426 5706//6426 5702//6426 5703//6426
f 5707//5326 5703//5326 5704//5326 5708//5326
f 5708//5327 5704//5327 5705//5327 4919//5327
f 4946//5328 4965//5328 4917//5328 5688//5328
f 5706//5329 5707//5329 5709//5329
f 5708//5330 5711//5330 5710//5330
f 5689//5331 5688//5331 4916//5331 4915//5331
f 5689//5332 4914//5332 4913//5332 5690//5332
f 4915//5333 4914//5333 5689//5333
f 5691//5334 5690//5334 4912//5334 4911//5334
f 4923//5335 5691//5335 4911//5335 4537//5335
f 5705//5336 5701//5336 4921//5336 4920//5336
f 4922//5337 4921//5337 5701//5337
f 4615//5338 5711//5338 4918//5338 4543//5338
f 4919//5339 4918//5339 5711//5339
f 5706//6427 4949//6427 4948//6427 5702//6427
f 5711//6428 4615//6428 4726//6428
f 5710//5342 4726//5342 4727//5342
f 5709//6429 5710//6429 4727//6429
f 4950//5344 5709//5344 5338//5344
f 4949//6430 5706//6430 4950//6430
f 5702//5346 4948//5346 4947//5346 5698//5346
f 5695//5347 4947//5347 4946//5347 5692//5347
f 4947//5348 5695//5348 5698//5348
f 5715//5349 4958//5349 4957//5349 5713//5349
f 4946//5350 5688//5350 5692//5350
f 4961//5351 5712//5351 5713//5351
f 5716//5352 5713//5352 5714//5352 5717//5352
f 5717//5353 5714//5353 4956//5353 4955//5353
f 5715//5354 5716//5354 5718//5354
f 4960//6431 5719//6431 4952//6431 5721//6431
f 4969//5356 4961//5356 4957//5356
f 5719//5357 5715//5357 4952//5357
f 5716//5358 5717//5358 5720//5358
f 5716//5359 4951//5359 5718//5359
f 5720//5360 5717//5360 4954//5360
f 4955//5361 4954//5361 5717//5361
f 5718//5362 4951//5362 4952//5362
f 4723//5363 4962//5363 5722//5363 4953//5363
f 4951//5364 5720//5364 5721//5364
f 5720//5365 4954//5365 5722//5365
f 5721//5366 4963//5366 4960//5366
f 5721//5367 5722//5367 4962//5367
f 5725//5368 5332//5368 5329//5368 5724//5368
f 5336//5369 5332//5369 5725//5369 5726//5369
f 5727//5370 5337//5370 5336//5370 5726//5370
f 4955//5371 5337//5371 5727//5371 4954//5371
f 5728//5372 6109//5372 6110//5372 5729//5372
f 5729//5373 6111//5373 6112//5373 5730//5373
f 5731//5374 5730//5374 6113//5374 6114//5374
f 6112//5375 6113//5375 5730//5375
f 5732//6432 5728//6432 5729//6432 5733//6432
f 6114//5377 6115//5377 5731//5377
f 5737//5378 5733//5378 5734//5378 5738//5378
f 5729//5379 5734//5379 5733//5379
f 5730//5380 5731//5380 5735//5380
f 5739//5381 5738//5381 5734//5381 5735//5381
f 5193//6433 5739//6433 5735//6433 5736//6433
f 4961//5383 5737//5383 5738//5383 5740//5383
f 5741//5384 5740//5384 5738//5384 5739//5384
f 5192//5385 5741//5385 5739//5385 5193//5385
f 5195//5386 5731//5386 6115//5386 5196//5386
f 5194//5387 5736//5387 5731//5387 5195//5387
f 5714//5388 5712//5388 5741//5388 5192//5388
f 5736//6434 5194//6434 5193//6434
f 4969//5390 4968//5390 5737//5390 4961//5390
f 5740//5391 5741//5391 5712//5391
f 5740//6435 5712//6435 4961//6435
f 4968//6436 4967//6436 5732//6436 5737//6436
f 4967//5394 4966//5394 5728//5394 5732//5394
f 4966//6437 5206//6437 6109//6437 5728//6437
f 5207//6438 5324//6438 5322//6438 5208//6438
f 5210//5397 5743//5397 5300//5397
f 5300//6439 5743//6439 5209//6439
f 5744//5400 6096//5400 6097//5400 5745//5400
f 5324//5401 5207//5401 5329//5401
f 5745//5402 6098//5402 6099//5402 5746//5402
f 5747//5403 5746//5403 6100//5403 6101//5403
f 6099//5404 6100//5404 5746//5404
f 5748//5405 5744//5405 5745//5405 5749//5405
f 6101//5406 6102//5406 5747//5406
f 5753//6440 5749//6440 5750//6440 5754//6440
f 5745//5408 5750//5408 5749//5408
f 5746//6441 5747//6441 5751//6441
f 5755//5410 5754//5410 5750//5410 5751//5410
f 5201//5411 5755//5411 5751//5411 5752//5411
f 5757//5412 5756//5412 5754//5412 5755//5412
f 5754//5413 5756//5413 5753//5413
f 5200//5414 5757//5414 5755//5414 5201//5414
f 5203//5415 5747//5415 6102//5415 5204//5415
f 5202//5416 5752//5416 5747//5416 5203//5416
f 4960//5417 4963//5417 5757//5417 5200//5417
f 5752//6442 5202//6442 5201//6442
f 4963//5419 4962//5419 5756//5419 5757//5419
f 4722//5420 4721//5420 5748//5420 5753//5420
f 5753//5421 4962//5421 4723//5421
f 4721//5422 4720//5422 5744//5422 5748//5422
f 4720//5423 5191//5423 6096//5423 5744//5423
f 5211//6443 5293//6443 5288//6443 5212//6443
f 5296//6444 5293//6444 5211//6444 5210//6444
f 5074//6445 5761//6445 5760//6445 5073//6445
f 5296//6446 5210//6446 5300//6446
f 5302//5428 5209//5428 4959//5428
f 5759//6447 5758//6447 5760//6447
f 5760//6448 5758//6448 5073//6448
f 5072//6449 5137//6449 5761//6449 5074//6449
f 5188//6450 5574//6450 5759//6450
f 5138//6451 5189//6451 5759//6451 5760//6451
f 5138//6452 5761//6452 5137//6452
f 5762//6453 5188//6453 5187//6453 5763//6453
f 5763//6454 5187//6454 5764//6454 5564//6454
f 5188//6455 5762//6455 5574//6455
f 5765//6456 5766//6456 5186//6456 5767//6456
f 5136//5439 5068//5439 5764//5439
f 5768//6457 5184//6457 5133//6457 5076//6457
f 5134//6458 4548//6458 5767//6458
f 5184//6459 5768//6459 5769//6459
f 5185//6460 5769//6460 4548//6460
f 5181//6461 5180//6461 5077//6461 5550//6461
f 5079//6462 5077//6462 5180//6462
f 5175//6463 5174//6463 5080//6463 5773//6463
f 5179//6464 5078//6464 4853//6464
f 5078//6465 5079//6465 4853//6465
f 5044//6466 5770//6466 5179//6466
f 4853//6467 5079//6467 5180//6467
f 5772//6468 5771//6468 5177//6468
f 5771//6469 5044//6469 5178//6469
f 5773//6470 5772//6470 5176//6470
f 5171//6471 5170//6471 5776//6471 5777//6471
f 5172//6472 5775//6472 5173//6472
f 5774//6473 5775//6473 5172//6473
f 4828//6474 5171//6474 5777//6474 5774//6474
f 5780//6475 5779//6475 5081//6475 5082//6475
f 5779//5461 5780//5461 5778//5461
f 5781//6476 5780//6476 5082//6476 5782//6476
f 5170//6477 5781//6477 5782//6477 5776//6477
f 5779//6478 5132//6478 5032//6478 5081//6478
f 5132//6479 5779//6479 5778//6479
f 5789//5464 5788//5464 5786//5464 5084//5464
f 5169//5465 5781//5465 5170//5465
f 5783//5466 5083//5466 5785//5466
f 5784//6480 5785//6480 5786//6480
f 5790//6481 5787//6481 5788//6481 5791//6481
f 5791//5469 5788//5469 5789//5469 5086//5469
f 5792//6482 5790//6482 5791//6482 5793//6482
f 5793//6483 5791//6483 5086//6483 5087//6483
f 4819//6484 6020//6484 5792//6484 5794//6484
f 5793//5473 5795//5473 5794//5473
f 5140//5474 4971//5474 5783//5474
f 5084//5475 5085//5475 5789//5475
f 5795//5476 5032//5476 5132//5476
f 5794//5477 5132//5477 5778//5477
f 5787//5478 6015//5478 6012//5478 5786//5478
f 5168//5479 5792//5479 6020//5479
f 6015//5480 5787//5480 5168//5480
f 5786//5481 6012//5481 6010//5481 5784//5481
f 5784//5482 6010//5482 6007//5482 5783//5482
f 5029//6485 5130//6485 5799//6485 5089//6485
f 5798//6486 5088//6486 5089//6486
f 5131//6487 5798//6487 5799//6487
f 5802//6488 5165//6488 5124//6488 5804//6488
f 5131//6489 5799//6489 5130//6489
f 5129//5490 5797//5490 5167//5490
f 5166//6490 5800//6490 5801//6490
f 5128//6491 5090//6491 5800//6491
f 5127//6492 5479//6492 5090//6492
f 5126//6493 5478//6493 5479//6493
f 5125//6494 5478//6494 5126//6494
f 5478//6495 5125//6495 5165//6495 5802//6495
f 5803//6496 5164//6496 5163//6496 5805//6496
f 5164//6497 5803//6497 5804//6497
f 5154//6498 5153//6498 5808//6498 5809//6498
f 5162//6499 4998//6499 5805//6499
f 5160//6500 5462//6500 5161//6500
f 5159//6501 5461//6501 5160//6501
f 5160//6502 5091//6502 5462//6502
f 5161//6503 5806//6503 4998//6503
f 5092//6504 5461//6504 5158//6504
f 5155//6505 5093//6505 5156//6505
f 5156//6506 5092//6506 5157//6506
f 5153//6507 5152//6507 5810//6507 5808//6507
f 5155//6508 5154//6508 5809//6508 5807//6508
f 5814//6509 4551//6509 5813//6509 5815//6509
f 5094//6510 5810//6510 4552//6510
f 4547//6511 5094//6511 5150//6511
f 5811//6512 4547//6512 5149//6512
f 5816//6513 5812//6513 5147//6513
f 5812//6514 5811//6514 5148//6514
f 5820//6515 5819//6515 5817//6515 5818//6515
f 5095//6516 5096//6516 5813//6516
f 5096//6517 5816//6517 5815//6517
f 4977//6518 5095//6518 5813//6518
f 4551//6519 5814//6519 5944//6519
f 5822//6520 5821//6520 5819//6520 5820//6520
f 5825//6521 5823//6521 5824//6521 5826//6521
f 5821//5525 5822//5525 5824//5525
f 5822//6522 5098//6522 5824//6522
f 5823//6523 5825//6523 5145//6523
f 5817//5530 5919//5530 4550//5530 5121//5530
f 5826//6524 5828//6524 5827//6524
f 5827//6525 5829//6525 5123//6525
f 5828//6526 5101//6526 5829//6526
f 5818//5532 5817//5532 5121//5532 5120//5532
f 5407//5533 5818//5533 5120//5533 4973//5533
f 5828//5534 5826//5534 5099//5534 5100//5534
f 5818//6527 5407//6527 5820//6527
f 5098//6528 5099//6528 5826//6528
f 5823//5538 5930//5538 5927//5538 5821//5538
f 5829//6529 4977//6529 5813//6529
f 5829//6530 5813//6530 5123//6530
f 5827//6531 5123//6531 5146//6531
f 5145//5540 5827//5540 5146//5540
f 5930//5541 5823//5541 5145//5541
f 5821//6532 5927//6532 5923//6532 5819//6532
f 5819//5543 5923//5543 5919//5543 5817//5543
f 5911//5544 5910//5544 5830//5544 5103//5544
f 5102//5545 5830//5545 5910//5545
f 5913//6533 5911//6533 5103//6533 5104//6533
f 5105//6534 5914//6534 5913//6534 5104//6534
f 5231//5546 5916//5546 5914//5546 5105//5546
f 5908//5549 5122//5549 4974//5549 5102//5549
f 5916//5550 5231//5550 5106//5550
f 4971//5551 5140//5551 5917//5551 5106//5551
f 5836//5552 5835//5552 5833//5552 5834//5552
f 5831//6535 5832//6535 5834//6535
f 5838//6536 5837//6536 5835//6536 5836//6536
f 5834//6537 5107//6537 5836//6537
f 5840//5556 5837//5556 5838//5556 5841//5556
f 5109//5557 5839//5557 5836//5557 5108//5557
f 5840//5558 5842//5558 5905//5558
f 5841//5559 5111//5559 5842//5559
f 5842//5560 5843//5560 5907//5560
f 5131//5561 5130//5561 5831//5561
f 5130//5562 5029//5562 5832//5562
f 5110//6538 5841//6538 5839//6538 5109//6538
f 5903//5564 5900//5564 5837//5564 5840//5564
f 5907//5565 4974//5565 5122//5565
f 5833//6539 5897//6539 5143//6539 5831//6539
f 5144//5567 5837//5567 5900//5567
f 5897//5568 5833//5568 5144//5568
f 5884//5569 5882//5569 5845//5569 5846//5569
f 5844//5570 5845//5570 5882//5570
f 5880//5571 4549//5571 5119//5571 5844//5571
f 5846//5572 5113//5572 5887//5572
f 5889//5573 5113//5573 5847//5573
f 5891//6540 5847//6540 5848//6540
f 5845//5575 5844//5575 4972//5575 5112//5575
f 4973//5576 5120//5576 5848//5576 5114//5576
f 5121//5577 4550//5577 5893//5577 5848//5577
f 5115//5578 5851//5578 5849//5578 5850//5578
f 5855//6541 5854//6541 5852//6541 5853//6541
f 5851//5580 5115//5580 5853//5580
f 5142//6542 5852//6542 5854//6542
f 5858//6543 5856//6543 5857//6543 5859//6543
f 5855//6544 5857//6544 5856//6544
f 5855//5584 5117//5584 5857//5584
f 5860//5585 5858//5585 5859//5585 5861//5585
f 5849//6545 5141//6545 5189//6545 5138//6545
f 5844//5588 5861//5588 5118//5588 4972//5588
f 5138//6546 5137//6546 5849//6546
f 5137//6547 5072//6547 5850//6547
f 5853//6548 5116//6548 5117//6548
f 5859//5591 5118//5591 5861//5591
f 5119//5592 5860//5592 5861//5592 5844//5592
f 4549//5593 5878//5593 5860//5593 5119//5593
f 5878//5594 5875//5594 5858//5594 5860//5594
f 5875//6549 5872//6549 5856//6549 5858//6549
f 5872//6550 5870//6550 5854//6550 5856//6550
f 5862//5597 4577//5597 4578//5597 4879//5597
f 5142//6551 5854//6551 5870//6551
f 5141//5599 5851//5599 5142//5599
f 5141//5600 5849//5600 5851//5600
f 5863//6552 5862//6552 4879//6552 4878//6552
f 5864//5602 5863//5602 4878//5602 4877//5602
f 5866//6553 5865//6553 5864//6553 4876//6553
f 5863//5604 5864//5604 5865//5604
f 5142//6554 5866//6554 4876//6554 5141//6554
f 5867//5606 4576//5606 4577//5606 5862//5606
f 5868//5607 5867//5607 5862//5607 5863//5607
f 5869//6555 5868//6555 5863//6555 5865//6555
f 5870//6556 5869//6556 5865//6556 5866//6556
f 5872//5610 5871//5610 5869//5610 5870//5610
f 5866//6557 5142//6557 5870//6557
f 5868//6558 5869//6558 5871//6558
f 5874//5613 5873//5613 5867//5613 5868//5613
f 4576//5614 5867//5614 5873//5614
f 5875//6559 5874//6559 5871//6559 5872//6559
f 5868//6560 5871//6560 5874//6560
f 5878//5617 5877//5617 5874//5617 5875//5617
f 5873//5618 5874//5618 5876//5618
f 4549//5619 4560//5619 5876//5619 5877//5619
f 4876//6561 5189//6561 5141//6561
f 5877//6562 5878//6562 4549//6562
f 4560//5622 4561//5622 5873//5622 5876//5622
f 5888//5623 5886//5623 5887//5623 5889//5623
f 5361//5624 5873//5624 4561//5624
f 5879//5625 5880//5625 5881//5625
f 4561//6563 5881//6563 5883//6563
f 5881//6564 5882//6564 5884//6564
f 4562//5628 4561//5628 5885//5628
f 4561//5629 5883//5629 5885//5629
f 5883//5630 5884//5630 5886//5630
f 5886//5631 5888//5631 5885//5631
f 4568//5632 4562//5632 5885//5632 5890//5632
f 5880//6565 5879//6565 4560//6565 4549//6565
f 5888//6566 5891//6566 5890//6566
f 5891//5635 5893//5635 5892//5635
f 4561//6567 4560//6567 5879//6567
f 5895//5637 5894//5637 4816//5637 4815//5637
f 5892//6568 4550//6568 4564//6568
f 5890//5639 4564//5639 4565//5639
f 5890//5640 4565//5640 4568//5640
f 4817//5641 4816//5641 5894//5641
f 5896//6569 5895//6569 4815//6569 4814//6569
f 5897//6570 5896//6570 4814//6570 5143//6570
f 5900//6571 5899//6571 5896//6571 5898//6571
f 4637//5645 4817//5645 5894//5645
f 5896//6572 5897//6572 5898//6572
f 5894//6573 5895//6573 5899//6573
f 5895//6574 5896//6574 5899//6574
f 5902//6575 5901//6575 5894//6575 5899//6575
f 5234//6576 5894//6576 5901//6576
f 5903//5651 5902//5651 5899//5651 5900//5651
f 5905//6577 5904//6577 5902//6577 5903//6577
f 5901//5653 5902//5653 5904//5653
f 5906//5654 4574//5654 5901//5654 5904//5654
f 5907//5655 5906//5655 5904//5655 5905//5655
f 5912//5656 4556//5656 4574//5656 5909//5656
f 5906//6578 5907//6578 5122//6578
f 4574//5658 5906//5658 4573//5658
f 4574//5659 4573//5659 5909//5659
f 4573//5660 5908//5660 5909//5660
f 5909//6579 5910//6579 5911//6579
f 5915//5662 5912//5662 5914//5662 5916//5662
f 5909//6580 5911//6580 5912//6580
f 5912//5664 5915//5664 4556//5664
f 5922//5665 5918//5665 5919//5665 5923//5665
f 5916//5666 5917//5666 5915//5666
f 4573//5667 5122//5667 5908//5667
f 5915//6581 5140//6581 5139//6581
f 5915//5669 5139//5669 4556//5669
f 4565//5670 5921//5670 5920//5670
f 5918//6582 5922//6582 5921//6582
f 5925//5672 5921//5672 5922//5672 5926//5672
f 5921//5673 5924//5673 5920//5673
f 5921//5674 5925//5674 5924//5674
f 5926//6583 5922//6583 5923//6583 5927//6583
f 5929//6584 5926//6584 5927//6584 5930//6584
f 5920//6585 5928//6585 4567//6585
f 5926//5678 5929//5678 5925//5678
f 5928//5679 5924//5679 5925//5679 5931//5679
f 5931//6586 5925//6586 5929//6586 5932//6586
f 5932//5681 5929//5681 5930//5681 5933//5681
f 4566//5682 4567//5682 5928//5682 5934//5682
f 5930//5683 5145//5683 5933//5683
f 5935//6587 5932//6587 5933//6587 5936//6587
f 5932//6588 5935//6588 5931//6588
f 5936//6589 5933//6589 5145//6589 5146//6589
f 5934//6590 5928//6590 5931//6590 4767//6590
f 4767//6591 5931//6591 5935//6591 4766//6591
f 4670//5689 4566//5689 5934//5689 4768//5689
f 4564//5690 5918//5690 4565//5690
f 4550//6592 5919//6592 5918//6592
f 5146//6593 4551//6593 5936//6593
f 4668//5693 4669//5693 4768//5693 5941//5693
f 5941//6594 4768//6594 5937//6594 5942//6594
f 5942//5695 5937//5695 5938//5695 5943//5695
f 4771//5696 5943//5696 5939//5696 4770//5696
f 4551//6595 5944//6595 5940//6595
f 5943//5698 4771//5698 5942//5698
f 5937//5699 5934//5699 4767//5699 5938//5699
f 5934//6596 5937//6596 4768//6596
f 5938//6597 4767//6597 4766//6597 5939//6597
f 5939//6598 4766//6598 5936//6598 5940//6598
f 4769//6599 5940//6599 5944//6599 5147//6599
f 4773//5704 5941//5704 5942//5704 4772//5704
f 5940//6600 4769//6600 4770//6600
f 4666//5706 4667//5706 5941//5706 4773//5706
f 4665//5707 4666//5707 4773//5707 4777//5707
f 4775//5708 4771//5708 4770//5708 4774//5708
f 4771//5709 4775//5709 4772//5709
f 5946//6601 4775//6601 4774//6601 5947//6601
f 5147//6602 5148//6602 4769//6602
f 4772//5712 4776//5712 4777//5712
f 4665//5713 4663//5713 4664//5713
f 4777//5714 5945//5714 4663//5714
f 4775//6603 5946//6603 4776//6603
f 5947//6604 4774//6604 4769//6604 5948//6604
f 5948//6605 4769//6605 5148//6605 5149//6605
f 4781//5718 4662//5718 5945//5718 4780//5718
f 4776//5719 5949//5719 5945//5719
f 5949//6606 4779//6606 5945//6606
f 4660//5721 4781//5721 4780//5721 4786//5721
f 5947//6607 4778//6607 5950//6607
f 5946//6608 5950//6608 5949//6608
f 5149//6609 5151//6609 5948//6609
f 5149//6610 5150//6610 5151//6610
f 4662//5726 4781//5726 4661//5726
f 5948//6611 5951//6611 4778//6611
f 4786//5728 4780//5728 4779//5728 4785//5728
f 4785//5729 4779//5729 5950//5729 4784//5729
f 4784//6612 5950//6612 4778//6612 4783//6612
f 4783//6613 4778//6613 5951//6613 4782//6613
f 4782//6614 5951//6614 5151//6614 5152//6614
f 5957//6615 5952//6615 5953//6615 5958//6615
f 5151//6616 4552//6616 5152//6616
f 4781//5735 4660//5735 4541//5735
f 5958//6617 5953//6617 5954//6617 5959//6617
f 5952//5737 4786//5737 4785//5737 5953//5737
f 5153//6618 5154//6618 5956//6618
f 5956//6619 4787//6619 5955//6619
f 4786//5740 5952//5740 4659//5740
f 5953//6620 4785//6620 4784//6620 5954//6620
f 5954//5742 4784//5742 4783//5742 5955//5742
f 5955//6621 4783//6621 4782//6621 5956//6621
f 5956//6622 4782//6622 5152//6622 5153//6622
f 4789//6623 5959//6623 5955//6623 4788//6623
f 5154//6624 5155//6624 4787//6624
f 4790//5747 5958//5747 5959//5747 4789//5747
f 4791//5748 5957//5748 5958//5748 4790//5748
f 4654//6625 4655//6625 4791//6625 4796//6625
f 5957//6626 4791//6626 4656//6626
f 4796//5751 4791//5751 4790//5751 4795//5751
f 4795//5752 4790//5752 4789//5752 4794//5752
f 4794//5753 4789//5753 4788//5753 4793//5753
f 4798//6627 4653//6627 4796//6627 5960//6627
f 5155//6628 5156//6628 4787//6628
f 4787//6629 4792//6629 4793//6629
f 5156//6630 5157//6630 4792//6630
f 5960//5754 4796//5754 4795//5754 5961//5754
f 5961//6631 4795//6631 4794//6631 5962//6631
f 5962//5760 4794//5760 4793//5760 5963//5760
f 5965//6632 5964//6632 4798//6632 5960//6632
f 4792//6633 4797//6633 5963//6633
f 5157//6634 5159//6634 4797//6634
f 4653//6635 4798//6635 4652//6635
f 5966//5761 5965//5761 5960//5761 5961//5761
f 5967//5765 5966//5765 5961//5765 5962//5765
f 5968//5766 5967//5766 5962//5766 5963//5766
f 5971//6636 5970//6636 5965//6636 5966//6636
f 4652//6637 4798//6637 5964//6637
f 4651//6638 5965//6638 5970//6638
f 5972//5769 5971//5769 5966//5769 5967//5769
f 5973//5770 5972//5770 5967//5770 5968//5770
f 5160//6639 5969//6639 4797//6639 5159//6639
f 5969//6640 5160//6640 5161//6640
f 5968//6641 4797//6641 5969//6641
f 5980//5774 5979//5774 4648//5774 5974//5774
f 5981//5776 5980//5776 5974//5776 5975//5776
f 5982//5777 5981//5777 5975//5777 5976//5777
f 5163//6642 5983//6642 5978//6642 5162//6642
f 5977//6643 5978//6643 5983//6643
f 5975//6644 5974//6644 5970//6644 5971//6644
f 5976//5782 5975//5782 5971//5782 5972//5782
f 5977//6645 5976//6645 5972//6645 5973//6645
f 5978//6646 5977//6646 5973//6646 5969//6646
f 5162//6647 5978//6647 5969//6647 5161//6647
f 5987//5786 4646//5786 4647//5786 5980//5786
f 5985//5787 5984//5787 5981//5787 5982//5787
f 5984//6648 5985//6648 4799//6648
f 5980//6649 5981//6649 5984//6649
f 5986//6650 5985//6650 5982//6650 5977//6650
f 5165//6651 5991//6651 5983//6651 5164//6651
f 5983//6652 5163//6652 5164//6652
f 5989//6653 5983//6653 5991//6653
f 4807//6654 4642//6654 4643//6654 4800//6654
f 4801//5794 5990//5794 4800//5794
f 5987//5795 5984//5795 5988//5795
f 4799//5796 5986//5796 5989//5796
f 5988//5799 4799//5799 4802//5799
f 4644//5800 5990//5800 4801//5800
f 4645//5801 4646//5801 5990//5801
f 5991//6655 5165//6655 5126//6655
f 4800//6656 5988//6656 5992//6656
f 4802//6657 5989//6657 5993//6657
f 5127//6658 4803//6658 5991//6658 5126//6658
f 5993//6659 5991//6659 4803//6659
f 4804//6660 4805//6660 4802//6660 5993//6660
f 4805//6661 4806//6661 5992//6661 4802//6661
f 4808//5811 4809//5811 4805//5811 4804//5811
f 4807//6662 5992//6662 4806//6662
f 4642//6663 4807//6663 4811//6663
f 4803//6664 5127//6664 5128//6664
f 4809//5812 4810//5812 4806//5812 4805//5812
f 5166//6665 5995//6665 4803//6665 5128//6665
f 4811//6666 4806//6666 4810//6666
f 4641//6667 4642//6667 4811//6667
f 4808//6668 4803//6668 5995//6668
f 5997//5813 5996//5813 4810//5813 4809//5813
f 5994//5817 4810//5817 5996//5817
f 6000//5818 5999//5818 4812//5818 5996//5818
f 5995//6669 5166//6669 5129//6669
f 4640//6670 5994//6670 4813//6670
f 4640//6671 4811//6671 5994//6671
f 4813//5821 4812//5821 5999//5821
f 6002//6672 6001//6672 4808//6672 5995//6672
f 5998//5823 4808//5823 6001//5823
f 6004//5824 6003//5824 5999//5824 6000//5824
f 6002//6673 5129//6673 5167//6673
f 6005//5826 6004//5826 6000//5826 5998//5826
f 4815//5827 4816//5827 6004//5827 6005//5827
f 6005//6674 6001//6674 4814//6674
f 5996//5829 5997//5829 5998//5829
f 6002//6675 5167//6675 5143//6675
f 4814//6676 6002//6676 5143//6676
f 4816//5832 4817//5832 6003//5832 6004//5832
f 6003//5833 4638//5833 4639//5833 5999//5833
f 4638//5834 6003//5834 4818//5834
f 4555//5835 4556//5835 5139//5835 6008//5835
f 6008//5836 5139//5836 6006//5836 6009//5836
f 6009//6677 6006//6677 6007//6677 6010//6677
f 6011//6678 6009//6678 6010//6678 6012//6678
f 6009//6679 6011//6679 6008//6679
f 4554//5840 4555//5840 6008//5840 6013//5840
f 6013//6680 6008//6680 6011//6680 6014//6680
f 6014//5842 6011//5842 6012//5842 6015//5842
f 6017//6681 6014//6681 6015//6681 6018//6681
f 6014//5844 6016//5844 6013//5844
f 6014//6682 6017//6682 6016//6682
f 4553//5846 4554//5846 6013//5846 6019//5846
f 6019//5847 6013//5847 6016//5847 4821//5847
f 6018//6683 6020//6683 6017//6683
f 4821//5849 6016//5849 6017//5849 4820//5849
f 4820//6684 6017//6684 6020//6684 4819//6684
f 4765//5851 4553//5851 6019//5851 4822//5851
f 5140//5852 6007//5852 6006//5852
f 4598//5853 4599//5853 4822//5853 6025//5853
f 4820//6685 6024//6685 6022//6685
f 6025//5855 4822//5855 6021//5855 6026//5855
f 6026//6686 6021//6686 6022//6686 6027//6686
f 4824//5857 6024//5857 6023//5857 4823//5857
f 5169//6687 5170//6687 6023//6687
f 6024//6688 4824//6688 6027//6688
f 4597//6689 4598//6689 6025//6689 4827//6689
f 4827//6690 6025//6690 6026//6690 4826//6690
f 6021//5862 6019//5862 4821//5862 6022//5862
f 6019//5863 6021//5863 4822//5863
f 6028//5864 4827//5864 4826//5864 6029//5864
f 4819//5865 6023//5865 4820//5865
f 4819//5866 5169//5866 6023//5866
f 6027//6691 4825//6691 4826//6691
f 5170//5869 5171//5869 4823//5869
f 4827//6692 6028//6692 4596//6692
f 6029//5871 4826//5871 4825//5871 6030//5871
f 6031//5872 6028//5872 6029//5872 6032//5872
f 5171//5873 4828//5873 4823//5873
f 4828//6693 5172//6693 6035//6693
f 6028//5875 6031//5875 4829//5875
f 6032//6694 6029//6694 6030//6694 6033//6694
f 6033//6695 6030//6695 4824//6695 6034//6695
f 6034//6696 4824//6696 4823//6696 6035//6696
f 4833//5879 6031//5879 6032//5879 4832//5879
f 4829//5880 6036//5880 4595//5880
f 5172//6697 5173//6697 6037//6697
f 6031//5882 4833//5882 6036//5882
f 4832//5883 6032//5883 6033//5883 4831//5883
f 4831//6698 6033//6698 6034//6698 4830//6698
f 4830//5885 6034//5885 6035//5885 6037//5885
f 4835//5886 4831//5886 4830//5886 4834//5886
f 6036//5887 6038//5887 4594//5887
f 5173//6699 5175//6699 6037//6699
f 4836//6700 4832//6700 4831//6700 4835//6700
f 4837//5890 4833//5890 4832//5890 4836//5890
f 4840//5891 4835//5891 4834//5891 4839//5891
f 4833//5892 4837//5892 6038//5892
f 5175//6701 4838//6701 6039//6701
f 6037//6702 6039//6702 4834//6702
f 4841//6703 4836//6703 4835//6703 4840//6703
f 4842//5896 4837//5896 4836//5896 4841//5896
f 4845//6704 4840//6704 4839//6704 4844//6704
f 4837//5898 4842//5898 4593//5898
f 6039//5899 4843//5899 4839//5899
f 4838//6705 5176//6705 4843//6705
f 5176//6706 5177//6706 4843//6706
f 4846//6707 4841//6707 4840//6707 4845//6707
f 4847//6708 4842//6708 4841//6708 4846//6708
f 6040//5904 4847//5904 4846//5904 6041//5904
f 4592//5905 4847//5905 5392//5905
f 4847//5906 6040//5906 4591//5906
f 6041//5907 4846//5907 4845//5907 6042//5907
f 6043//6709 4843//6709 5177//6709 5178//6709
f 4843//5909 6043//5909 4844//5909
f 4848//6710 6043//6710 5178//6710 5179//6710
f 4849//5911 4844//5911 6043//5911 4848//5911
f 4850//6711 6042//6711 4844//6711 4849//6711
f 4851//6712 6041//6712 6042//6712 4850//6712
f 4852//6713 6040//6713 6041//6713 4851//6713
f 6044//6714 4852//6714 4851//6714 4857//6714
f 4857//5918 4851//5918 4850//5918 4856//5918
f 4856//6715 4850//6715 4849//6715 4855//6715
f 4588//6716 4589//6716 4852//6716 6044//6716
f 5179//6717 4853//6717 4848//6717
f 4848//5923 4854//5923 4855//5923
f 6044//6718 4858//6718 5386//6718
f 6045//5922 4858//5922 4857//5922 6046//5922
f 6046//5925 4857//5925 4856//5925 6047//5925
f 6047//5926 4856//5926 4855//5926 6048//5926
f 6052//5930 6051//5930 6045//5930 6046//5930
f 4853//6719 5181//6719 4854//6719
f 6048//6720 4854//6720 6049//6720
f 6050//6721 6045//6721 6051//6721
f 6053//5931 6052//5931 6046//5931 6047//5931
f 6054//5932 6053//5932 6047//5932 6048//5932
f 6057//6722 6056//6722 6051//6722 6052//6722
f 6049//6723 5181//6723 5182//6723
f 6054//6724 6049//6724 6055//6724
f 5381//6725 6051//6725 6056//6725
f 6058//6726 6057//6726 6052//6726 6053//6726
f 6059//5938 6058//5938 6053//5938 6054//5938
f 6065//5939 4585//5939 6060//5939 6061//5939
f 6055//6727 5183//6727 5133//6727
f 5382//6728 6050//6728 5381//6728
f 6049//6729 5182//6729 5183//6729
f 6063//6730 6055//6730 6064//6730
f 4755//5943 6060//5943 4585//5943
f 6066//6731 6065//6731 6061//6731 6062//6731
f 6060//6732 4755//6732 4859//6732 6056//6732
f 6064//6733 5184//6733 5185//6733
f 6061//6734 6060//6734 6056//6734 6057//6734
f 6062//5948 6061//5948 6057//5948 6058//5948
f 6063//6735 6062//6735 6058//6735 6059//6735
f 5134//6736 4860//6736 6064//6736 5185//6736
f 6055//6737 5133//6737 5184//6737
f 4860//6738 4861//6738 6063//6738 6064//6738
f 4861//6739 4862//6739 6066//6739 6063//6739
f 4862//6740 4863//6740 6065//6740 6066//6740
f 4863//5955 4864//5955 4585//5955 6065//5955
f 4869//5956 5371//5956 6067//5956 4864//5956
f 4584//6741 4585//6741 4864//6741
f 4586//5958 4755//5958 4585//5958
f 4868//5960 4869//5960 4864//5960 4863//5960
f 4867//5961 4868//5961 4863//5961 4862//5961
f 4866//5962 4867//5962 4862//5962 4861//5962
f 4865//5963 4866//5963 4861//5963 4860//5963
f 5135//6742 4865//6742 4860//6742 5134//6742
f 4874//5965 4875//5965 4583//5965 4869//5965
f 5134//6743 5186//6743 5766//6743
f 4867//6744 4866//6744 4871//6744
f 4873//5967 4874//5967 4869//5967 4868//5967
f 4872//5968 4873//5968 4868//5968 4867//5968
f 5136//6745 4870//6745 4865//6745 5135//6745
f 4871//5970 4865//5970 4870//5970
f 6071//6746 6070//6746 4873//6746 4872//6746
f 4875//5972 4874//5972 6068//5972
f 4870//6747 5136//6747 5764//6747
f 6068//6748 4873//6748 6070//6748
f 6072//6749 6071//6749 4872//6749 4871//6749
f 6073//5976 5369//5976 6069//5976 6068//5976
f 6074//5977 6073//5977 6068//5977 6070//5977
f 6075//5978 6074//5978 6070//5978 6071//5978
f 6076//5979 6075//5979 6071//5979 6072//5979
f 6087//5980 6086//5980 6080//5980 6078//5980
f 4870//6750 5764//6750 5187//6750
f 4749//5982 6069//5982 5369//5982
f 6077//5983 6074//5983 6080//5983
f 6078//6751 6076//6751 6083//6751
f 6079//6752 5187//6752 5188//6752
f 5369//6753 6073//6753 6077//6753
f 6074//5987 6075//5987 6078//5987
f 6076//6754 4870//6754 6079//6754
f 4582//5989 6077//5989 6081//5989
f 6084//6755 6080//6755 6086//6755
f 6088//6756 6087//6756 6078//6756 6083//6756
f 6089//5992 4579//5992 4580//5992 6084//5992
f 6090//5993 6089//5993 6086//5993 6087//5993
f 6084//5994 6086//5994 6089//5994
f 6084//5995 4581//5995 6081//5995 6082//5995
f 6085//6757 5759//6757 5189//6757
f 5759//6758 6085//6758 6079//6758 5188//6758
f 6083//6759 6079//6759 6085//6759
f 4876//5999 4877//5999 6088//5999 6085//5999
f 4877//6760 4878//6760 6090//6760 6088//6760
f 4878//6001 4879//6001 6089//6001 6090//6001
f 4578//6002 4744//6002 4579//6002 6089//6002
f 6092//6003 6091//6003 4911//6003 4912//6003
f 6092//6004 4912//6004 4913//6004 6093//6004
f 6094//6005 6093//6005 4914//6005 4915//6005
f 6094//6006 4916//6006 4917//6006 6095//6006
f 4915//6007 4916//6007 6094//6007
f 6096//6008 6091//6008 6092//6008 6097//6008
f 6097//6009 6092//6009 6093//6009 6098//6009
f 6100//6010 6099//6010 6093//6010 6094//6010
f 6093//6011 6099//6011 6098//6011
f 6102//6012 6101//6012 6094//6012 6095//6012
f 6095//6013 4917//6013 4965//6013 4964//6013
f 6102//6014 6095//6014 4964//6014 5204//6014
f 6096//6015 5191//6015 5190//6015 6091//6015
f 6091//6016 5190//6016 4537//6016 4911//6016
f 6105//6017 6104//6017 4910//6017 4909//6017
f 4928//6761 6117//6761 5197//6761
f 5197//6019 5723//6019 5215//6019
f 6105//6021 4909//6021 4908//6021 6106//6021
f 6107//6022 6106//6022 4907//6022 4906//6022
f 6107//6023 4905//6023 4904//6023 6108//6023
f 4906//6024 4905//6024 6107//6024
f 6109//6025 6104//6025 6105//6025 6110//6025
f 6110//6026 6105//6026 6106//6026 6111//6026
f 6113//6027 6112//6027 6106//6027 6107//6027
f 6106//6028 6112//6028 6111//6028
f 6115//6029 6114//6029 6107//6029 6108//6029
f 6108//6030 4904//6030 4725//6030 4724//6030
f 6115//6031 6108//6031 4724//6031 5196//6031
f 6109//6032 5206//6032 5205//6032 6104//6032
f 6104//6033 5205//6033 4542//6033 4910//6033
f 6119//6034 4890//6034 4889//6034 6120//6034
f 4928//6762 6116//6762 6117//6762
f 5197//6036 6117//6036 5723//6036
f 4890//6037 6119//6037 6118//6037
f 6121//6763 4887//6763 4886//6763 6122//6763
f 4887//6764 6121//6764 4888//6764
f 6122//6765 4886//6765 4928//6765 5197//6765
f 6126//6766 6117//6766 6116//6766 4885//6766
f 6119//6042 6124//6042 6123//6042
f 4888//6767 6125//6767 6120//6767
f 5197//6768 5215//6768 6122//6768
f 4891//6045 6118//6045 4725//6045
f 6118//6046 6123//6046 4724//6046
f 6127//6769 6126//6769 4885//6769 4884//6769
f 6129//6770 6128//6770 4881//6770 4880//6770
f 4882//6049 4881//6049 6128//6049
f 6131//6771 6130//6771 4883//6771 4882//6771
f 6127//6051 4883//6051 6130//6051
f 6132//6772 6131//6772 4882//6772 6128//6772
f 6133//6773 6132//6773 6128//6773 6129//6773
f 5190//6774 6129//6774 4880//6774 4537//6774
f 5191//6775 6133//6775 6129//6775 5190//6775
f 6135//6053 4902//6053 4901//6053 6136//6053
f 4902//6057 6135//6057 6134//6057
f 6137//6776 4899//6776 4898//6776 6138//6776
f 4899//6777 6137//6777 4900//6777
f 6138//6778 4898//6778 5198//6778 5199//6778
f 6142//6779 6103//6779 4970//6779 4897//6779
f 6135//6780 6140//6780 6139//6780
f 4900//6781 6141//6781 6136//6781
f 5199//6782 5214//6782 6138//6782
f 4903//6065 6134//6065 4965//6065
f 6134//6783 6139//6783 4964//6783
f 6143//6784 6142//6784 4897//6784 4896//6784
f 6145//6068 6144//6068 4893//6068 4892//6068
f 4894//6069 4893//6069 6144//6069
f 6147//6785 6146//6785 4895//6785 4894//6785
f 6143//6786 4895//6786 6146//6786
f 6148//6072 6147//6072 4894//6072 6144//6072
f 6149//6073 6148//6073 6144//6073 6145//6073
f 5205//6074 6145//6074 4892//6074 4542//6074
f 5206//6075 6149//6075 6145//6075 5205//6075
