# UyDosh storage8 catalog variant (imported from Desktop/3D)
mtllib storage8.mtl
g storage8
# UyDosh storage8 catalog variant (imported from Desktop/3D)
v -0.888690 2.122229 1.014542
v -0.888690 3.222854 1.014542
v -0.888690 2.122229 0.902542
v -0.888690 3.222854 0.902542
v -0.688690 2.122229 1.014542
v -0.688690 3.222854 1.014542
v -0.688690 2.122229 0.902542
v -0.688690 3.222854 0.902542
v 0.696587 2.122229 1.014542
v 0.696587 3.222854 1.014542
v 0.696587 2.122229 0.902542
v 0.696587 3.222854 0.902542
v 0.896587 2.122229 1.014542
v 0.896587 3.222854 1.014542
v 0.896587 2.122229 0.902542
v 0.896587 3.222854 0.902542
v -0.992004 3.212754 1.024727
v 0.927996 3.212754 1.024727
v -0.992004 3.212754 0.892358
v 0.927996 3.212754 0.892358
v -0.992004 3.012754 1.024727
v 0.927996 3.012754 1.024727
v -0.992004 3.012754 0.892358
v 0.927996 3.012754 0.892358
v -0.992004 2.234517 1.024727
v 0.927996 2.234517 1.024727
v -0.992004 2.234517 0.892358
v 0.927996 2.234517 0.892358
v -0.992004 2.052754 1.024727
v 0.927996 2.052754 1.024727
v -0.992004 2.052754 0.892358
v 0.927996 2.052754 0.892358
v -0.980000 0.662430 1.066455
v -0.980000 0.862430 1.066455
v -0.980000 0.662430 0.866455
v -0.980000 0.862430 0.866455
v 0.980000 0.662430 1.066455
v 0.980000 0.862430 1.066455
v 0.980000 0.662430 0.866455
v 0.980000 0.862430 0.866455
v 1.100000 0.662430 0.946455
v 1.100000 0.862430 0.946455
v 0.900000 0.662430 0.946454
v 0.900000 0.862430 0.946454
v 1.100000 0.662430 -1.013545
v 1.100000 0.862430 -1.013545
v 0.900000 0.662430 -1.013546
v 0.900000 0.862430 -1.013546
v -0.900000 0.662430 0.946455
v -0.900000 0.862430 0.946455
v -1.100000 0.662430 0.946454
v -1.100000 0.862430 0.946454
v -0.900000 0.662430 -1.013545
v -0.900000 0.862430 -1.013545
v -1.100000 0.662430 -1.013546
v -1.100000 0.862430 -1.013546
v 0.979936 0.662932 -1.136246
v 0.979936 0.862932 -1.136246
v 0.979936 0.662932 -0.936246
v 0.979936 0.862932 -0.936246
v -0.980064 0.662932 -1.136246
v -0.980064 0.862932 -1.136246
v -0.980064 0.662932 -0.936246
v -0.980064 0.862932 -0.936246
v -0.980000 1.856188 1.066455
v -0.980000 2.056188 1.066455
v -0.980000 1.856188 0.866455
v -0.980000 2.056188 0.866455
v 0.980000 1.856188 1.066455
v 0.980000 2.056188 1.066455
v 0.980000 1.856188 0.866455
v 0.980000 2.056188 0.866455
v 1.100000 1.856188 0.946455
v 1.100000 2.056188 0.946455
v 0.900000 1.856188 0.946454
v 0.900000 2.056188 0.946454
v 1.100000 1.856188 -1.013545
v 1.100000 2.056188 -1.013545
v 0.900000 1.856188 -1.013546
v 0.900000 2.056188 -1.013546
v -0.900000 1.856188 0.946455
v -0.900000 2.056188 0.946455
v -1.100000 1.856188 0.946454
v -1.100000 2.056188 0.946454
v -0.900000 1.856188 -1.013545
v -0.900000 2.056188 -1.013545
v -1.100000 1.856188 -1.013546
v -1.100000 2.056188 -1.013546
v 0.979936 1.856691 -1.136246
v 0.979936 2.056691 -1.136246
v 0.979936 1.856691 -0.936246
v 0.979936 2.056691 -0.936246
v -0.980064 1.856691 -1.136246
v -0.980064 2.056691 -1.136246
v -0.980064 1.856691 -0.936246
v -0.980064 2.056691 -0.936246
v 0.934007 0.772642 0.966455
v 0.934007 3.212789 0.966455
v 0.934007 0.772642 -1.033546
v 0.934007 3.212789 -1.033546
v 1.065994 0.772642 0.966455
v 1.065994 3.212789 0.966455
v 1.065994 0.772642 -1.033546
v 1.065994 3.212789 -1.033546
v -1.070000 0.772642 0.966455
v -1.070000 3.212789 0.966455
v -1.070000 0.772642 -1.033546
v -1.070000 3.212789 -1.033546
v -0.930000 0.772642 0.966455
v -0.930000 3.212789 0.966455
v -0.930000 0.772642 -1.033546
v -0.930000 3.212789 -1.033546
v 1.000000 0.772642 -0.984205
v 1.000000 3.212788 -0.984205
v -1.000000 0.772642 -0.984205
v -1.000000 3.212788 -0.984205
v 1.000000 0.772642 -1.102813
v 1.000000 3.212788 -1.102813
v -1.000000 0.772642 -1.102813
v -1.000000 3.212788 -1.102813
v 1.000000 3.008538 1.103588
v 1.000000 3.015291 1.101986
v 1.000000 3.021515 1.099384
v 1.000000 3.026971 1.095882
v 1.000000 3.031448 1.091616
v 1.000000 3.034774 1.086748
v 1.000000 3.036823 1.081466
v 1.001370 3.008403 1.103588
v 1.002688 3.015026 1.101986
v 1.003902 3.021131 1.099384
v 1.004966 3.026481 1.095882
v 1.005840 3.030872 1.091616
v 1.006489 3.034135 1.086748
v 1.006888 3.036144 1.081466
v 1.002688 3.008003 1.103588
v 1.005272 3.014243 1.101986
v 1.007654 3.019993 1.099384
v 1.009742 3.025033 1.095882
v 1.011455 3.029169 1.091616
v 1.012728 3.032242 1.086748
v 1.013512 3.034135 1.081466
v 1.003902 3.007354 1.103588
v 1.007654 3.012969 1.101986
v 1.011112 3.018144 1.099384
v 1.014143 3.022680 1.095882
v 1.016630 3.026403 1.091616
v 1.018478 3.029169 1.086748
v 1.019616 3.030872 1.081466
v 1.004966 3.006481 1.103588
v 1.009742 3.011256 1.101986
v 1.014143 3.015657 1.099384
v 1.018000 3.019514 1.095882
v 1.021166 3.022680 1.091616
v 1.023518 3.025033 1.086748
v 1.024967 3.026481 1.081466
v 1.005840 3.005417 1.103588
v 1.011455 3.009169 1.101986
v 1.016630 3.012626 1.099384
v 1.021166 3.015657 1.095882
v 1.024888 3.018144 1.091616
v 1.027655 3.019993 1.086748
v 1.029358 3.021131 1.081466
v 1.006489 3.004202 1.103588
v 1.012728 3.006787 1.101986
v 1.018478 3.009169 1.099384
v 1.023518 3.011256 1.095882
v 1.027655 3.012969 1.091616
v 1.030728 3.014243 1.086748
v 1.032621 3.015026 1.081466
v 1.006888 3.002885 1.103588
v 1.013512 3.004202 1.101986
v 1.019616 3.005417 1.099384
v 1.024967 3.006481 1.095882
v 1.029358 3.007354 1.091616
v 1.032621 3.008003 1.086748
v 1.034630 3.008403 1.081466
v 1.007023 3.001515 1.103588
v 1.013777 3.001515 1.101986
v 1.020001 3.001515 1.099384
v 1.025456 3.001515 1.095882
v 1.029933 3.001515 1.091616
v 1.033260 3.001515 1.086748
v 1.035308 3.001515 1.081466
v 1.006888 3.000144 1.103588
v 1.013512 2.998827 1.101986
v 1.019616 2.997613 1.099384
v 1.024967 2.996548 1.095882
v 1.029358 2.995675 1.091616
v 1.032621 2.995026 1.086748
v 1.034630 2.994626 1.081466
v 1.006489 2.998827 1.103588
v 1.012728 2.996242 1.101986
v 1.018478 2.993861 1.099384
v 1.023518 2.991773 1.095882
v 1.027655 2.990060 1.091616
v 1.030728 2.988787 1.086748
v 1.032621 2.988003 1.081466
v 1.005840 2.997613 1.103588
v 1.011455 2.993861 1.101986
v 1.016630 2.990403 1.099384
v 1.021166 2.987372 1.095882
v 1.024888 2.984885 1.091616
v 1.027655 2.983036 1.086748
v 1.029358 2.981898 1.081466
v 1.004966 2.996548 1.103588
v 1.009742 2.991773 1.101986
v 1.014143 2.987372 1.099384
v 1.018000 2.983514 1.095882
v 1.021166 2.980349 1.091616
v 1.023518 2.977996 1.086748
v 1.024967 2.976548 1.081466
v 1.003902 2.995675 1.103588
v 1.007654 2.990060 1.101986
v 1.011112 2.984885 1.099384
v 1.014143 2.980349 1.095882
v 1.016630 2.976626 1.091616
v 1.018478 2.973860 1.086748
v 1.019616 2.972157 1.081466
v 1.002688 2.995026 1.103588
v 1.005272 2.988787 1.101986
v 1.007654 2.983036 1.099384
v 1.009742 2.977996 1.095882
v 1.011455 2.973860 1.091616
v 1.012728 2.970787 1.086748
v 1.013512 2.968894 1.081466
v 1.001370 2.994626 1.103588
v 1.002688 2.988003 1.101986
v 1.003902 2.981898 1.099384
v 1.004966 2.976548 1.095882
v 1.005840 2.972157 1.091616
v 1.006489 2.968894 1.086748
v 1.006888 2.966885 1.081466
v 1.000000 2.994491 1.103588
v 1.000000 2.987738 1.101986
v 1.000000 2.981514 1.099384
v 1.000000 2.976059 1.095882
v 1.000000 2.971582 1.091616
v 1.000000 2.968255 1.086748
v 1.000000 2.966206 1.081466
v 0.998630 2.994626 1.103588
v 0.997312 2.988003 1.101986
v 0.996098 2.981898 1.099384
v 0.995034 2.976548 1.095882
v 0.994161 2.972157 1.091616
v 0.993511 2.968894 1.086748
v 0.993112 2.966885 1.081466
v 0.997312 2.995026 1.103588
v 0.994728 2.988787 1.101986
v 0.992346 2.983036 1.099384
v 0.990259 2.977996 1.095882
v 0.988545 2.973860 1.091616
v 0.987272 2.970787 1.086748
v 0.986488 2.968894 1.081466
v 0.996098 2.995675 1.103588
v 0.992346 2.990060 1.101986
v 0.988888 2.984885 1.099384
v 0.985858 2.980349 1.095882
v 0.983370 2.976626 1.091616
v 0.981522 2.973860 1.086748
v 0.980384 2.972157 1.081466
v 1.000000 3.001515 1.104129
v 0.995034 2.996548 1.103588
v 0.990259 2.991773 1.101986
v 0.985858 2.987372 1.099384
v 0.982000 2.983514 1.095882
v 0.978834 2.980349 1.091616
v 0.976482 2.977996 1.086748
v 0.975033 2.976548 1.081466
v 0.994161 2.997613 1.103588
v 0.988545 2.993861 1.101986
v 0.983370 2.990403 1.099384
v 0.978834 2.987372 1.095882
v 0.975112 2.984885 1.091616
v 0.972346 2.983036 1.086748
v 0.970642 2.981898 1.081466
v 0.993511 2.998827 1.103588
v 0.987272 2.996242 1.101986
v 0.981522 2.993861 1.099384
v 0.976482 2.991773 1.095882
v 0.972346 2.990060 1.091616
v 0.969272 2.988787 1.086748
v 0.967380 2.988003 1.081466
v 0.993112 3.000144 1.103588
v 0.986488 2.998827 1.101986
v 0.980384 2.997613 1.099384
v 0.975033 2.996548 1.095882
v 0.970642 2.995675 1.091616
v 0.967380 2.995026 1.086748
v 0.965370 2.994626 1.081466
v 0.992977 3.001515 1.103588
v 0.986223 3.001515 1.101986
v 0.980000 3.001515 1.099384
v 0.974544 3.001515 1.095882
v 0.970067 3.001515 1.091616
v 0.966740 3.001515 1.086748
v 0.964692 3.001515 1.081466
v 0.993112 3.002885 1.103588
v 0.986488 3.004202 1.101986
v 0.980384 3.005417 1.099384
v 0.975033 3.006481 1.095882
v 0.970642 3.007354 1.091616
v 0.967380 3.008003 1.086748
v 0.965370 3.008403 1.081466
v 0.993511 3.004202 1.103588
v 0.987272 3.006787 1.101986
v 0.981522 3.009169 1.099384
v 0.976482 3.011256 1.095882
v 0.972346 3.012969 1.091616
v 0.969272 3.014243 1.086748
v 0.967380 3.015026 1.081466
v 0.994161 3.005417 1.103588
v 0.988545 3.009169 1.101986
v 0.983370 3.012626 1.099384
v 0.978834 3.015657 1.095882
v 0.975112 3.018144 1.091616
v 0.972346 3.019993 1.086748
v 0.970642 3.021131 1.081466
v 0.995034 3.006481 1.103588
v 0.990259 3.011256 1.101986
v 0.985858 3.015657 1.099384
v 0.982000 3.019514 1.095882
v 0.978834 3.022680 1.091616
v 0.976482 3.025033 1.086748
v 0.975033 3.026481 1.081466
v 0.996098 3.007354 1.103588
v 0.992346 3.012969 1.101986
v 0.988888 3.018144 1.099384
v 0.985858 3.022680 1.095882
v 0.983370 3.026403 1.091616
v 0.981522 3.029169 1.086748
v 0.980384 3.030872 1.081466
v 0.997312 3.008003 1.103588
v 0.994728 3.014243 1.101986
v 0.992346 3.019993 1.099384
v 0.990259 3.025033 1.095882
v 0.988545 3.029169 1.091616
v 0.987272 3.032242 1.086748
v 0.986488 3.034135 1.081466
v 0.998630 3.008403 1.103588
v 0.997312 3.015026 1.101986
v 0.996098 3.021131 1.099384
v 0.995034 3.026481 1.095882
v 0.994161 3.030872 1.091616
v 0.993511 3.034135 1.086748
v 0.993112 3.036144 1.081466
v -1.000000 3.008538 1.103588
v -1.000000 3.015291 1.101986
v -1.000000 3.021515 1.099384
v -1.000000 3.026971 1.095882
v -1.000000 3.031448 1.091616
v -1.000000 3.034774 1.086748
v -1.000000 3.036823 1.081466
v -0.998630 3.008403 1.103588
v -0.997312 3.015026 1.101986
v -0.996098 3.021131 1.099384
v -0.995034 3.026481 1.095882
v -0.994160 3.030872 1.091616
v -0.993511 3.034135 1.086748
v -0.993111 3.036144 1.081466
v -0.997312 3.008003 1.103588
v -0.994728 3.014243 1.101986
v -0.992346 3.019993 1.099384
v -0.990258 3.025033 1.095882
v -0.988545 3.029169 1.091616
v -0.987272 3.032242 1.086748
v -0.986488 3.034135 1.081466
v -0.996098 3.007354 1.103588
v -0.992346 3.012969 1.101986
v -0.988888 3.018144 1.099384
v -0.985857 3.022680 1.095882
v -0.983370 3.026403 1.091616
v -0.981522 3.029169 1.086748
v -0.980384 3.030872 1.081466
v -0.995034 3.006481 1.103588
v -0.990258 3.011256 1.101986
v -0.985857 3.015657 1.099384
v -0.982000 3.019514 1.095882
v -0.978834 3.022680 1.091616
v -0.976482 3.025033 1.086748
v -0.975033 3.026481 1.081466
v -0.994160 3.005417 1.103588
v -0.988545 3.009169 1.101986
v -0.983370 3.012626 1.099384
v -0.978834 3.015657 1.095882
v -0.975111 3.018144 1.091616
v -0.972345 3.019993 1.086748
v -0.970642 3.021131 1.081466
v -0.993511 3.004202 1.103588
v -0.987272 3.006787 1.101986
v -0.981522 3.009169 1.099384
v -0.976482 3.011256 1.095882
v -0.972345 3.012969 1.091616
v -0.969272 3.014243 1.086748
v -0.967379 3.015026 1.081466
v -0.993111 3.002885 1.103588
v -0.986488 3.004202 1.101986
v -0.980384 3.005417 1.099384
v -0.975033 3.006481 1.095882
v -0.970642 3.007354 1.091616
v -0.967379 3.008003 1.086748
v -0.965370 3.008403 1.081466
v -0.992977 3.001515 1.103588
v -0.986223 3.001515 1.101986
v -0.979999 3.001515 1.099384
v -0.974544 3.001515 1.095882
v -0.970067 3.001515 1.091616
v -0.966740 3.001515 1.086748
v -0.964691 3.001515 1.081466
v -0.993111 3.000144 1.103588
v -0.986488 2.998827 1.101986
v -0.980384 2.997613 1.099384
v -0.975033 2.996548 1.095882
v -0.970642 2.995675 1.091616
v -0.967379 2.995026 1.086748
v -0.965370 2.994626 1.081466
v -0.993511 2.998827 1.103588
v -0.987272 2.996242 1.101986
v -0.981522 2.993861 1.099384
v -0.976482 2.991773 1.095882
v -0.972345 2.990060 1.091616
v -0.969272 2.988787 1.086748
v -0.967379 2.988003 1.081466
v -0.994160 2.997613 1.103588
v -0.988545 2.993861 1.101986
v -0.983370 2.990403 1.099384
v -0.978834 2.987372 1.095882
v -0.975111 2.984885 1.091616
v -0.972345 2.983036 1.086748
v -0.970642 2.981898 1.081466
v -0.995034 2.996548 1.103588
v -0.990258 2.991773 1.101986
v -0.985857 2.987372 1.099384
v -0.982000 2.983514 1.095882
v -0.978834 2.980349 1.091616
v -0.976482 2.977996 1.086748
v -0.975033 2.976548 1.081466
v -0.996098 2.995675 1.103588
v -0.992346 2.990060 1.101986
v -0.988888 2.984885 1.099384
v -0.985857 2.980349 1.095882
v -0.983370 2.976626 1.091616
v -0.981522 2.973860 1.086748
v -0.980384 2.972157 1.081466
v -0.997312 2.995026 1.103588
v -0.994728 2.988787 1.101986
v -0.992346 2.983036 1.099384
v -0.990258 2.977996 1.095882
v -0.988545 2.973860 1.091616
v -0.987272 2.970787 1.086748
v -0.986488 2.968894 1.081466
v -0.998630 2.994626 1.103588
v -0.997312 2.988003 1.101986
v -0.996098 2.981898 1.099384
v -0.995034 2.976548 1.095882
v -0.994160 2.972157 1.091616
v -0.993511 2.968894 1.086748
v -0.993111 2.966885 1.081466
v -1.000000 2.994491 1.103588
v -1.000000 2.987738 1.101986
v -1.000000 2.981514 1.099384
v -1.000000 2.976059 1.095882
v -1.000000 2.971582 1.091616
v -1.000000 2.968255 1.086748
v -1.000000 2.966206 1.081466
v -1.001370 2.994626 1.103588
v -1.002687 2.988003 1.101986
v -1.003902 2.981898 1.099384
v -1.004966 2.976548 1.095882
v -1.005839 2.972157 1.091616
v -1.006488 2.968894 1.086748
v -1.006888 2.966885 1.081466
v -1.002687 2.995026 1.103588
v -1.005272 2.988787 1.101986
v -1.007654 2.983036 1.099384
v -1.009741 2.977996 1.095882
v -1.011455 2.973860 1.091616
v -1.012728 2.970787 1.086748
v -1.013512 2.968894 1.081466
v -1.003902 2.995675 1.103588
v -1.007654 2.990060 1.101986
v -1.011111 2.984885 1.099384
v -1.014142 2.980349 1.095882
v -1.016630 2.976626 1.091616
v -1.018478 2.973860 1.086748
v -1.019616 2.972157 1.081466
v -1.000000 3.001515 1.104129
v -1.004966 2.996548 1.103588
v -1.009741 2.991773 1.101986
v -1.014142 2.987372 1.099384
v -1.018000 2.983514 1.095882
v -1.021165 2.980349 1.091616
v -1.023518 2.977996 1.086748
v -1.024967 2.976548 1.081466
v -1.005839 2.997613 1.103588
v -1.011455 2.993861 1.101986
v -1.016630 2.990403 1.099384
v -1.021165 2.987372 1.095882
v -1.024888 2.984885 1.091616
v -1.027654 2.983036 1.086748
v -1.029358 2.981898 1.081466
v -1.006488 2.998827 1.103588
v -1.012728 2.996242 1.101986
v -1.018478 2.993861 1.099384
v -1.023518 2.991773 1.095882
v -1.027654 2.990060 1.091616
v -1.030728 2.988787 1.086748
v -1.032620 2.988003 1.081466
v -1.006888 3.000144 1.103588
v -1.013512 2.998827 1.101986
v -1.019616 2.997613 1.099384
v -1.024967 2.996548 1.095882
v -1.029358 2.995675 1.091616
v -1.032620 2.995026 1.086748
v -1.034630 2.994626 1.081466
v -1.007023 3.001515 1.103588
v -1.013776 3.001515 1.101986
v -1.020000 3.001515 1.099384
v -1.025456 3.001515 1.095882
v -1.029933 3.001515 1.091616
v -1.033260 3.001515 1.086748
v -1.035308 3.001515 1.081466
v -1.006888 3.002885 1.103588
v -1.013512 3.004202 1.101986
v -1.019616 3.005417 1.099384
v -1.024967 3.006481 1.095882
v -1.029358 3.007354 1.091616
v -1.032620 3.008003 1.086748
v -1.034630 3.008403 1.081466
v -1.006488 3.004202 1.103588
v -1.012728 3.006787 1.101986
v -1.018478 3.009169 1.099384
v -1.023518 3.011256 1.095882
v -1.027654 3.012969 1.091616
v -1.030728 3.014243 1.086748
v -1.032620 3.015026 1.081466
v -1.005839 3.005417 1.103588
v -1.011455 3.009169 1.101986
v -1.016630 3.012626 1.099384
v -1.021165 3.015657 1.095882
v -1.024888 3.018144 1.091616
v -1.027654 3.019993 1.086748
v -1.029358 3.021131 1.081466
v -1.004966 3.006481 1.103588
v -1.009741 3.011256 1.101986
v -1.014142 3.015657 1.099384
v -1.018000 3.019514 1.095882
v -1.021165 3.022680 1.091616
v -1.023518 3.025033 1.086748
v -1.024967 3.026481 1.081466
v -1.003902 3.007354 1.103588
v -1.007654 3.012969 1.101986
v -1.011111 3.018144 1.099384
v -1.014142 3.022680 1.095882
v -1.016630 3.026403 1.091616
v -1.018478 3.029169 1.086748
v -1.019616 3.030872 1.081466
v -1.002687 3.008003 1.103588
v -1.005272 3.014243 1.101986
v -1.007654 3.019993 1.099384
v -1.009741 3.025033 1.095882
v -1.011455 3.029169 1.091616
v -1.012728 3.032242 1.086748
v -1.013512 3.034135 1.081466
v -1.001370 3.008403 1.103588
v -1.002687 3.015026 1.101986
v -1.003902 3.021131 1.099384
v -1.004966 3.026481 1.095882
v -1.005839 3.030872 1.091616
v -1.006488 3.034135 1.086748
v -1.006888 3.036144 1.081466
v 1.000000 1.977060 1.103588
v 1.000000 1.983813 1.101986
v 1.000000 1.990037 1.099384
v 1.000000 1.995493 1.095882
v 1.000000 1.999970 1.091616
v 1.000000 2.003296 1.086748
v 1.000000 2.005345 1.081466
v 1.001370 1.976925 1.103588
v 1.002688 1.983549 1.101986
v 1.003902 1.989653 1.099384
v 1.004966 1.995003 1.095882
v 1.005840 1.999395 1.091616
v 1.006489 2.002657 1.086748
v 1.006888 2.004667 1.081466
v 1.002688 1.976525 1.103588
v 1.005272 1.982765 1.101986
v 1.007654 1.988515 1.099384
v 1.009742 1.993555 1.095882
v 1.011455 1.997691 1.091616
v 1.012728 2.000765 1.086748
v 1.013512 2.002657 1.081466
v 1.003902 1.975876 1.103588
v 1.007654 1.981492 1.101986
v 1.011112 1.986667 1.099384
v 1.014143 1.991203 1.095882
v 1.016630 1.994925 1.091616
v 1.018478 1.997691 1.086748
v 1.019616 1.999395 1.081466
v 1.004966 1.975003 1.103588
v 1.009742 1.979778 1.101986
v 1.014143 1.984179 1.099384
v 1.018000 1.988037 1.095882
v 1.021166 1.991203 1.091616
v 1.023518 1.993555 1.086748
v 1.024967 1.995003 1.081466
v 1.005840 1.973939 1.103588
v 1.011455 1.977691 1.101986
v 1.016630 1.981148 1.099384
v 1.021166 1.984179 1.095882
v 1.024888 1.986667 1.091616
v 1.027655 1.988515 1.086748
v 1.029358 1.989653 1.081466
v 1.006489 1.972724 1.103588
v 1.012728 1.975309 1.101986
v 1.018478 1.977691 1.099384
v 1.023518 1.979778 1.095882
v 1.027655 1.981492 1.091616
v 1.030728 1.982765 1.086748
v 1.032621 1.983549 1.081466
v 1.006888 1.971407 1.103588
v 1.013512 1.972724 1.101986
v 1.019616 1.973939 1.099384
v 1.024967 1.975003 1.095882
v 1.029358 1.975876 1.091616
v 1.032621 1.976525 1.086748
v 1.034630 1.976925 1.081466
v 1.007023 1.970037 1.103588
v 1.013777 1.970037 1.101986
v 1.020001 1.970037 1.099384
v 1.025456 1.970037 1.095882
v 1.029933 1.970037 1.091616
v 1.033260 1.970037 1.086748
v 1.035308 1.970037 1.081466
v 1.006888 1.968667 1.103588
v 1.013512 1.967349 1.101986
v 1.019616 1.966135 1.099384
v 1.024967 1.965070 1.095882
v 1.029358 1.964197 1.091616
v 1.032621 1.963548 1.086748
v 1.034630 1.963148 1.081466
v 1.006489 1.967349 1.103588
v 1.012728 1.964765 1.101986
v 1.018478 1.962383 1.099384
v 1.023518 1.960295 1.095882
v 1.027655 1.958582 1.091616
v 1.030728 1.957309 1.086748
v 1.032621 1.956525 1.081466
v 1.005840 1.966135 1.103588
v 1.011455 1.962383 1.101986
v 1.016630 1.958925 1.099384
v 1.021166 1.955894 1.095882
v 1.024888 1.953407 1.091616
v 1.027655 1.951559 1.086748
v 1.029358 1.950420 1.081466
v 1.004966 1.965070 1.103588
v 1.009742 1.960295 1.101986
v 1.014143 1.955894 1.099384
v 1.018000 1.952037 1.095882
v 1.021166 1.948871 1.091616
v 1.023518 1.946519 1.086748
v 1.024967 1.945070 1.081466
v 1.003902 1.964197 1.103588
v 1.007654 1.958582 1.101986
v 1.011112 1.953407 1.099384
v 1.014143 1.948871 1.095882
v 1.016630 1.945148 1.091616
v 1.018478 1.942382 1.086748
v 1.019616 1.940679 1.081466
v 1.002688 1.963548 1.103588
v 1.005272 1.957309 1.101986
v 1.007654 1.951559 1.099384
v 1.009742 1.946519 1.095882
v 1.011455 1.942382 1.091616
v 1.012728 1.939309 1.086748
v 1.013512 1.937416 1.081466
v 1.001370 1.963148 1.103588
v 1.002688 1.956525 1.101986
v 1.003902 1.950420 1.099384
v 1.004966 1.945070 1.095882
v 1.005840 1.940679 1.091616
v 1.006489 1.937416 1.086748
v 1.006888 1.935407 1.081466
v 1.000000 1.963014 1.103588
v 1.000000 1.956260 1.101986
v 1.000000 1.950036 1.099384
v 1.000000 1.944581 1.095882
v 1.000000 1.940104 1.091616
v 1.000000 1.936777 1.086748
v 1.000000 1.934729 1.081466
v 0.998630 1.963148 1.103588
v 0.997312 1.956525 1.101986
v 0.996098 1.950420 1.099384
v 0.995034 1.945070 1.095882
v 0.994161 1.940679 1.091616
v 0.993511 1.937416 1.086748
v 0.993112 1.935407 1.081466
v 0.997312 1.963548 1.103588
v 0.994728 1.957309 1.101986
v 0.992346 1.951559 1.099384
v 0.990259 1.946519 1.095882
v 0.988545 1.942382 1.091616
v 0.987272 1.939309 1.086748
v 0.986488 1.937416 1.081466
v 0.996098 1.964197 1.103588
v 0.992346 1.958582 1.101986
v 0.988888 1.953407 1.099384
v 0.985858 1.948871 1.095882
v 0.983370 1.945148 1.091616
v 0.981522 1.942382 1.086748
v 0.980384 1.940679 1.081466
v 1.000000 1.970037 1.104129
v 0.995034 1.965070 1.103588
v 0.990259 1.960295 1.101986
v 0.985858 1.955894 1.099384
v 0.982000 1.952037 1.095882
v 0.978834 1.948871 1.091616
v 0.976482 1.946519 1.086748
v 0.975033 1.945070 1.081466
v 0.994161 1.966135 1.103588
v 0.988545 1.962383 1.101986
v 0.983370 1.958925 1.099384
v 0.978834 1.955894 1.095882
v 0.975112 1.953407 1.091616
v 0.972346 1.951559 1.086748
v 0.970642 1.950420 1.081466
v 0.993511 1.967349 1.103588
v 0.987272 1.964765 1.101986
v 0.981522 1.962383 1.099384
v 0.976482 1.960295 1.095882
v 0.972346 1.958582 1.091616
v 0.969272 1.957309 1.086748
v 0.967380 1.956525 1.081466
v 0.993112 1.968667 1.103588
v 0.986488 1.967349 1.101986
v 0.980384 1.966135 1.099384
v 0.975033 1.965071 1.095882
v 0.970642 1.964197 1.091616
v 0.967380 1.963548 1.086748
v 0.965370 1.963148 1.081466
v 0.992977 1.970037 1.103588
v 0.986223 1.970037 1.101986
v 0.980000 1.970037 1.099384
v 0.974544 1.970037 1.095882
v 0.970067 1.970037 1.091616
v 0.966740 1.970037 1.086748
v 0.964692 1.970037 1.081466
v 0.993112 1.971407 1.103588
v 0.986488 1.972724 1.101986
v 0.980384 1.973939 1.099384
v 0.975033 1.975003 1.095882
v 0.970642 1.975876 1.091616
v 0.967380 1.976525 1.086748
v 0.965370 1.976925 1.081466
v 0.993511 1.972724 1.103588
v 0.987272 1.975309 1.101986
v 0.981522 1.977691 1.099384
v 0.976482 1.979778 1.095882
v 0.972346 1.981492 1.091616
v 0.969272 1.982765 1.086748
v 0.967380 1.983549 1.081466
v 0.994161 1.973939 1.103588
v 0.988545 1.977691 1.101986
v 0.983370 1.981148 1.099384
v 0.978834 1.984179 1.095882
v 0.975112 1.986667 1.091616
v 0.972346 1.988515 1.086748
v 0.970642 1.989653 1.081466
v 0.995034 1.975003 1.103588
v 0.990259 1.979778 1.101986
v 0.985858 1.984179 1.099384
v 0.982000 1.988037 1.095882
v 0.978834 1.991203 1.091616
v 0.976482 1.993555 1.086748
v 0.975033 1.995003 1.081466
v 0.996098 1.975876 1.103588
v 0.992346 1.981492 1.101986
v 0.988888 1.986667 1.099384
v 0.985858 1.991203 1.095882
v 0.983370 1.994925 1.091616
v 0.981522 1.997691 1.086748
v 0.980384 1.999395 1.081466
v 0.997312 1.976525 1.103588
v 0.994728 1.982765 1.101986
v 0.992346 1.988515 1.099384
v 0.990259 1.993555 1.095882
v 0.988545 1.997691 1.091616
v 0.987272 2.000765 1.086748
v 0.986488 2.002657 1.081466
v 0.998630 1.976925 1.103588
v 0.997312 1.983549 1.101986
v 0.996098 1.989653 1.099384
v 0.995034 1.995003 1.095882
v 0.994161 1.999395 1.091616
v 0.993511 2.002657 1.086748
v 0.993112 2.004667 1.081466
v -1.000000 1.977060 1.103588
v -1.000000 1.983813 1.101986
v -1.000000 1.990037 1.099384
v -1.000000 1.995493 1.095882
v -1.000000 1.999970 1.091616
v -1.000000 2.003296 1.086748
v -1.000000 2.005345 1.081466
v -0.998630 1.976925 1.103588
v -0.997312 1.983549 1.101986
v -0.996098 1.989653 1.099384
v -0.995034 1.995003 1.095882
v -0.994160 1.999395 1.091616
v -0.993511 2.002657 1.086748
v -0.993111 2.004667 1.081466
v -0.997312 1.976525 1.103588
v -0.994728 1.982765 1.101986
v -0.992346 1.988515 1.099384
v -0.990258 1.993555 1.095882
v -0.988545 1.997691 1.091616
v -0.987272 2.000765 1.086748
v -0.986488 2.002657 1.081466
v -0.996098 1.975876 1.103588
v -0.992346 1.981492 1.101986
v -0.988888 1.986667 1.099384
v -0.985857 1.991203 1.095882
v -0.983370 1.994925 1.091616
v -0.981522 1.997691 1.086748
v -0.980384 1.999395 1.081466
v -0.995034 1.975003 1.103588
v -0.990258 1.979778 1.101986
v -0.985857 1.984179 1.099384
v -0.982000 1.988037 1.095882
v -0.978834 1.991203 1.091616
v -0.976482 1.993555 1.086748
v -0.975033 1.995003 1.081466
v -0.994160 1.973939 1.103588
v -0.988545 1.977691 1.101986
v -0.983370 1.981148 1.099384
v -0.978834 1.984179 1.095882
v -0.975111 1.986667 1.091616
v -0.972345 1.988515 1.086748
v -0.970642 1.989653 1.081466
v -0.993511 1.972724 1.103588
v -0.987272 1.975309 1.101986
v -0.981522 1.977691 1.099384
v -0.976482 1.979778 1.095882
v -0.972345 1.981492 1.091616
v -0.969272 1.982765 1.086748
v -0.967379 1.983549 1.081466
v -0.993111 1.971407 1.103588
v -0.986488 1.972724 1.101986
v -0.980384 1.973939 1.099384
v -0.975033 1.975003 1.095882
v -0.970642 1.975876 1.091616
v -0.967379 1.976525 1.086748
v -0.965370 1.976925 1.081466
v -0.992977 1.970037 1.103588
v -0.986223 1.970037 1.101986
v -0.979999 1.970037 1.099384
v -0.974544 1.970037 1.095882
v -0.970067 1.970037 1.091616
v -0.966740 1.970037 1.086748
v -0.964691 1.970037 1.081466
v -0.993111 1.968667 1.103588
v -0.986488 1.967349 1.101986
v -0.980384 1.966135 1.099384
v -0.975033 1.965070 1.095882
v -0.970642 1.964197 1.091616
v -0.967379 1.963548 1.086748
v -0.965370 1.963148 1.081466
v -0.993511 1.967349 1.103588
v -0.987272 1.964765 1.101986
v -0.981522 1.962383 1.099384
v -0.976482 1.960295 1.095882
v -0.972345 1.958582 1.091616
v -0.969272 1.957309 1.086748
v -0.967379 1.956525 1.081466
v -0.994160 1.966135 1.103588
v -0.988545 1.962383 1.101986
v -0.983370 1.958925 1.099384
v -0.978834 1.955894 1.095882
v -0.975111 1.953407 1.091616
v -0.972345 1.951559 1.086748
v -0.970642 1.950420 1.081466
v -0.995034 1.965070 1.103588
v -0.990258 1.960295 1.101986
v -0.985857 1.955894 1.099384
v -0.982000 1.952037 1.095882
v -0.978834 1.948871 1.091616
v -0.976482 1.946519 1.086748
v -0.975033 1.945070 1.081466
v -0.996098 1.964197 1.103588
v -0.992346 1.958582 1.101986
v -0.988888 1.953407 1.099384
v -0.985857 1.948871 1.095882
v -0.983370 1.945148 1.091616
v -0.981522 1.942382 1.086748
v -0.980384 1.940679 1.081466
v -0.997312 1.963548 1.103588
v -0.994728 1.957309 1.101986
v -0.992346 1.951559 1.099384
v -0.990258 1.946519 1.095882
v -0.988545 1.942382 1.091616
v -0.987272 1.939309 1.086748
v -0.986488 1.937416 1.081466
v -0.998630 1.963148 1.103588
v -0.997312 1.956525 1.101986
v -0.996098 1.950420 1.099384
v -0.995034 1.945070 1.095882
v -0.994160 1.940679 1.091616
v -0.993511 1.937416 1.086748
v -0.993111 1.935407 1.081466
v -1.000000 1.963014 1.103588
v -1.000000 1.956260 1.101986
v -1.000000 1.950036 1.099384
v -1.000000 1.944581 1.095882
v -1.000000 1.940104 1.091616
v -1.000000 1.936777 1.086748
v -1.000000 1.934729 1.081466
v -1.001370 1.963148 1.103588
v -1.002687 1.956525 1.101986
v -1.003902 1.950420 1.099384
v -1.004966 1.945070 1.095882
v -1.005839 1.940679 1.091616
v -1.006488 1.937416 1.086748
v -1.006888 1.935407 1.081466
v -1.002687 1.963548 1.103588
v -1.005272 1.957309 1.101986
v -1.007654 1.951559 1.099384
v -1.009741 1.946519 1.095882
v -1.011455 1.942382 1.091616
v -1.012728 1.939309 1.086748
v -1.013512 1.937416 1.081466
v -1.003902 1.964197 1.103588
v -1.007654 1.958582 1.101986
v -1.011111 1.953407 1.099384
v -1.014142 1.948871 1.095882
v -1.016630 1.945148 1.091616
v -1.018478 1.942382 1.086748
v -1.019616 1.940679 1.081466
v -1.000000 1.970037 1.104129
v -1.004966 1.965070 1.103588
v -1.009741 1.960295 1.101986
v -1.014142 1.955894 1.099384
v -1.018000 1.952037 1.095882
v -1.021165 1.948871 1.091616
v -1.023518 1.946519 1.086748
v -1.024967 1.945070 1.081466
v -1.005839 1.966135 1.103588
v -1.011455 1.962383 1.101986
v -1.016630 1.958925 1.099384
v -1.021165 1.955894 1.095882
v -1.024888 1.953407 1.091616
v -1.027654 1.951559 1.086748
v -1.029358 1.950420 1.081466
v -1.006488 1.967349 1.103588
v -1.012728 1.964765 1.101986
v -1.018478 1.962383 1.099384
v -1.023518 1.960295 1.095882
v -1.027654 1.958582 1.091616
v -1.030728 1.957309 1.086748
v -1.032620 1.956525 1.081466
v -1.006888 1.968667 1.103588
v -1.013512 1.967349 1.101986
v -1.019616 1.966135 1.099384
v -1.024967 1.965071 1.095882
v -1.029358 1.964197 1.091616
v -1.032620 1.963548 1.086748
v -1.034630 1.963148 1.081466
v -1.007023 1.970037 1.103588
v -1.013776 1.970037 1.101986
v -1.020000 1.970037 1.099384
v -1.025456 1.970037 1.095882
v -1.029933 1.970037 1.091616
v -1.033260 1.970037 1.086748
v -1.035308 1.970037 1.081466
v -1.006888 1.971407 1.103588
v -1.013512 1.972724 1.101986
v -1.019616 1.973939 1.099384
v -1.024967 1.975003 1.095882
v -1.029358 1.975876 1.091616
v -1.032620 1.976525 1.086748
v -1.034630 1.976925 1.081466
v -1.006488 1.972724 1.103588
v -1.012728 1.975309 1.101986
v -1.018478 1.977691 1.099384
v -1.023518 1.979778 1.095882
v -1.027654 1.981492 1.091616
v -1.030728 1.982765 1.086748
v -1.032620 1.983549 1.081466
v -1.005839 1.973939 1.103588
v -1.011455 1.977691 1.101986
v -1.016630 1.981148 1.099384
v -1.021165 1.984179 1.095882
v -1.024888 1.986667 1.091616
v -1.027654 1.988515 1.086748
v -1.029358 1.989653 1.081466
v -1.004966 1.975003 1.103588
v -1.009741 1.979778 1.101986
v -1.014142 1.984179 1.099384
v -1.018000 1.988037 1.095882
v -1.021165 1.991203 1.091616
v -1.023518 1.993555 1.086748
v -1.024967 1.995003 1.081466
v -1.003902 1.975876 1.103588
v -1.007654 1.981492 1.101986
v -1.011111 1.986667 1.099384
v -1.014142 1.991203 1.095882
v -1.016630 1.994925 1.091616
v -1.018478 1.997691 1.086748
v -1.019616 1.999395 1.081466
v -1.002687 1.976525 1.103588
v -1.005272 1.982765 1.101986
v -1.007654 1.988515 1.099384
v -1.009741 1.993555 1.095882
v -1.011455 1.997691 1.091616
v -1.012728 2.000765 1.086748
v -1.013512 2.002657 1.081466
v -1.001370 1.976925 1.103588
v -1.002687 1.983549 1.101986
v -1.003902 1.989653 1.099384
v -1.004966 1.995003 1.095882
v -1.005839 1.999395 1.091616
v -1.006488 2.002657 1.086748
v -1.006888 2.004667 1.081466
v 1.000000 0.777060 1.103588
v 1.000000 0.783813 1.101986
v 1.000000 0.790037 1.099384
v 1.000000 0.795493 1.095882
v 1.000000 0.799970 1.091616
v 1.000000 0.803296 1.086748
v 1.000000 0.805345 1.081466
v 1.001370 0.776925 1.103588
v 1.002688 0.783549 1.101986
v 1.003902 0.789653 1.099384
v 1.004966 0.795004 1.095882
v 1.005840 0.799394 1.091616
v 1.006489 0.802657 1.086748
v 1.006888 0.804667 1.081466
v 1.002688 0.776526 1.103588
v 1.005272 0.782765 1.101986
v 1.007654 0.788515 1.099384
v 1.009742 0.793555 1.095882
v 1.011455 0.797691 1.091616
v 1.012728 0.800765 1.086748
v 1.013512 0.802657 1.081466
v 1.003902 0.775876 1.103588
v 1.007654 0.781492 1.101986
v 1.011112 0.786667 1.099384
v 1.014143 0.791203 1.095882
v 1.016630 0.794925 1.091616
v 1.018478 0.797691 1.086748
v 1.019616 0.799394 1.081466
v 1.004966 0.775003 1.103588
v 1.009742 0.779778 1.101986
v 1.014143 0.784179 1.099384
v 1.018000 0.788037 1.095882
v 1.021166 0.791203 1.091616
v 1.023518 0.793555 1.086748
v 1.024967 0.795004 1.081466
v 1.005840 0.773939 1.103588
v 1.011455 0.777691 1.101986
v 1.016630 0.781149 1.099384
v 1.021166 0.784179 1.095882
v 1.024888 0.786667 1.091616
v 1.027655 0.788515 1.086748
v 1.029358 0.789653 1.081466
v 1.006489 0.772724 1.103588
v 1.012728 0.775309 1.101986
v 1.018478 0.777691 1.099384
v 1.023518 0.779778 1.095882
v 1.027655 0.781492 1.091616
v 1.030728 0.782765 1.086748
v 1.032621 0.783549 1.081466
v 1.006888 0.771407 1.103588
v 1.013512 0.772724 1.101986
v 1.019616 0.773939 1.099384
v 1.024967 0.775003 1.095882
v 1.029358 0.775876 1.091616
v 1.032621 0.776526 1.086748
v 1.034630 0.776925 1.081466
v 1.007023 0.770037 1.103588
v 1.013777 0.770037 1.101986
v 1.020001 0.770037 1.099384
v 1.025456 0.770037 1.095882
v 1.029933 0.770037 1.091616
v 1.033260 0.770037 1.086748
v 1.035308 0.770037 1.081466
v 1.006888 0.768667 1.103588
v 1.013512 0.767349 1.101986
v 1.019616 0.766135 1.099384
v 1.024967 0.765071 1.095882
v 1.029358 0.764197 1.091616
v 1.032621 0.763548 1.086748
v 1.034630 0.763148 1.081466
v 1.006489 0.767349 1.103588
v 1.012728 0.764765 1.101986
v 1.018478 0.762383 1.099384
v 1.023518 0.760295 1.095882
v 1.027655 0.758582 1.091616
v 1.030728 0.757309 1.086748
v 1.032621 0.756525 1.081466
v 1.005840 0.766135 1.103588
v 1.011455 0.762383 1.101986
v 1.016630 0.758925 1.099384
v 1.021166 0.755894 1.095882
v 1.024888 0.753407 1.091616
v 1.027655 0.751559 1.086748
v 1.029358 0.750420 1.081466
v 1.004966 0.765071 1.103588
v 1.009742 0.760295 1.101986
v 1.014143 0.755894 1.099384
v 1.018000 0.752037 1.095882
v 1.021166 0.748871 1.091616
v 1.023518 0.746518 1.086748
v 1.024967 0.745070 1.081466
v 1.003902 0.764197 1.103588
v 1.007654 0.758582 1.101986
v 1.011112 0.753407 1.099384
v 1.014143 0.748871 1.095882
v 1.016630 0.745148 1.091616
v 1.018478 0.742382 1.086748
v 1.019616 0.740679 1.081466
v 1.002688 0.763548 1.103588
v 1.005272 0.757309 1.101986
v 1.007654 0.751559 1.099384
v 1.009742 0.746518 1.095882
v 1.011455 0.742382 1.091616
v 1.012728 0.739309 1.086748
v 1.013512 0.737416 1.081466
v 1.001370 0.763148 1.103588
v 1.002688 0.756525 1.101986
v 1.003902 0.750420 1.099384
v 1.004966 0.745070 1.095882
v 1.005840 0.740679 1.091616
v 1.006489 0.737416 1.086748
v 1.006888 0.735407 1.081466
v 1.000000 0.763013 1.103588
v 1.000000 0.756260 1.101986
v 1.000000 0.750036 1.099384
v 1.000000 0.744581 1.095882
v 1.000000 0.740104 1.091616
v 1.000000 0.736777 1.086748
v 1.000000 0.734728 1.081466
v 0.998630 0.763148 1.103588
v 0.997312 0.756525 1.101986
v 0.996098 0.750420 1.099384
v 0.995034 0.745070 1.095882
v 0.994161 0.740679 1.091616
v 0.993511 0.737416 1.086748
v 0.993112 0.735407 1.081466
v 0.997312 0.763548 1.103588
v 0.994728 0.757309 1.101986
v 0.992346 0.751559 1.099384
v 0.990259 0.746519 1.095882
v 0.988545 0.742382 1.091616
v 0.987272 0.739309 1.086748
v 0.986488 0.737416 1.081466
v 0.996098 0.764197 1.103588
v 0.992346 0.758582 1.101986
v 0.988888 0.753407 1.099384
v 0.985858 0.748871 1.095882
v 0.983370 0.745148 1.091616
v 0.981522 0.742382 1.086748
v 0.980384 0.740679 1.081466
v 1.000000 0.770037 1.104129
v 0.995034 0.765071 1.103588
v 0.990259 0.760295 1.101986
v 0.985858 0.755894 1.099384
v 0.982000 0.752037 1.095882
v 0.978834 0.748871 1.091616
v 0.976482 0.746519 1.086748
v 0.975033 0.745070 1.081466
v 0.994161 0.766135 1.103588
v 0.988545 0.762383 1.101986
v 0.983370 0.758925 1.099384
v 0.978834 0.755894 1.095882
v 0.975112 0.753407 1.091616
v 0.972346 0.751559 1.086748
v 0.970642 0.750420 1.081466
v 0.993511 0.767349 1.103588
v 0.987272 0.764765 1.101986
v 0.981522 0.762383 1.099384
v 0.976482 0.760295 1.095882
v 0.972346 0.758582 1.091616
v 0.969272 0.757309 1.086748
v 0.967380 0.756525 1.081466
v 0.993112 0.768667 1.103588
v 0.986488 0.767349 1.101986
v 0.980384 0.766135 1.099384
v 0.975033 0.765071 1.095882
v 0.970642 0.764197 1.091616
v 0.967380 0.763548 1.086748
v 0.965370 0.763148 1.081466
v 0.992977 0.770037 1.103588
v 0.986223 0.770037 1.101986
v 0.980000 0.770037 1.099384
v 0.974544 0.770037 1.095882
v 0.970067 0.770037 1.091616
v 0.966740 0.770037 1.086748
v 0.964692 0.770037 1.081466
v 0.993112 0.771407 1.103588
v 0.986488 0.772724 1.101986
v 0.980384 0.773939 1.099384
v 0.975033 0.775003 1.095882
v 0.970642 0.775876 1.091616
v 0.967380 0.776526 1.086748
v 0.965370 0.776925 1.081466
v 0.993511 0.772724 1.103588
v 0.987272 0.775309 1.101986
v 0.981522 0.777691 1.099384
v 0.976482 0.779778 1.095882
v 0.972346 0.781492 1.091616
v 0.969272 0.782765 1.086748
v 0.967380 0.783549 1.081466
v 0.994161 0.773939 1.103588
v 0.988545 0.777691 1.101986
v 0.983370 0.781149 1.099384
v 0.978834 0.784179 1.095882
v 0.975112 0.786667 1.091616
v 0.972346 0.788515 1.086748
v 0.970642 0.789653 1.081466
v 0.995034 0.775003 1.103588
v 0.990259 0.779778 1.101986
v 0.985858 0.784179 1.099384
v 0.982000 0.788037 1.095882
v 0.978834 0.791203 1.091616
v 0.976482 0.793555 1.086748
v 0.975033 0.795004 1.081466
v 0.996098 0.775876 1.103588
v 0.992346 0.781492 1.101986
v 0.988888 0.786667 1.099384
v 0.985858 0.791203 1.095882
v 0.983370 0.794925 1.091616
v 0.981522 0.797691 1.086748
v 0.980384 0.799394 1.081466
v 0.997312 0.776526 1.103588
v 0.994728 0.782765 1.101986
v 0.992346 0.788515 1.099384
v 0.990259 0.793555 1.095882
v 0.988545 0.797691 1.091616
v 0.987272 0.800765 1.086748
v 0.986488 0.802657 1.081466
v 0.998630 0.776925 1.103588
v 0.997312 0.783549 1.101986
v 0.996098 0.789653 1.099384
v 0.995034 0.795004 1.095882
v 0.994161 0.799394 1.091616
v 0.993511 0.802657 1.086748
v 0.993112 0.804667 1.081466
v -1.000000 0.777060 1.103588
v -1.000000 0.783813 1.101986
v -1.000000 0.790037 1.099384
v -1.000000 0.795493 1.095882
v -1.000000 0.799970 1.091616
v -1.000000 0.803296 1.086748
v -1.000000 0.805345 1.081466
v -0.998630 0.776925 1.103588
v -0.997312 0.783549 1.101986
v -0.996098 0.789653 1.099384
v -0.995034 0.795004 1.095882
v -0.994160 0.799394 1.091616
v -0.993511 0.802657 1.086748
v -0.993111 0.804667 1.081466
v -0.997312 0.776526 1.103588
v -0.994728 0.782765 1.101986
v -0.992346 0.788515 1.099384
v -0.990258 0.793555 1.095882
v -0.988545 0.797691 1.091616
v -0.987272 0.800765 1.086748
v -0.986488 0.802657 1.081466
v -0.996098 0.775876 1.103588
v -0.992346 0.781492 1.101986
v -0.988888 0.786667 1.099384
v -0.985857 0.791203 1.095882
v -0.983370 0.794925 1.091616
v -0.981522 0.797691 1.086748
v -0.980384 0.799394 1.081466
v -0.995034 0.775003 1.103588
v -0.990258 0.779778 1.101986
v -0.985857 0.784179 1.099384
v -0.982000 0.788037 1.095882
v -0.978834 0.791203 1.091616
v -0.976482 0.793555 1.086748
v -0.975033 0.795004 1.081466
v -0.994160 0.773939 1.103588
v -0.988545 0.777691 1.101986
v -0.983370 0.781149 1.099384
v -0.978834 0.784179 1.095882
v -0.975111 0.786667 1.091616
v -0.972345 0.788515 1.086748
v -0.970642 0.789653 1.081466
v -0.993511 0.772724 1.103588
v -0.987272 0.775309 1.101986
v -0.981522 0.777691 1.099384
v -0.976482 0.779778 1.095882
v -0.972345 0.781492 1.091616
v -0.969272 0.782765 1.086748
v -0.967379 0.783549 1.081466
v -0.993111 0.771407 1.103588
v -0.986488 0.772724 1.101986
v -0.980384 0.773939 1.099384
v -0.975033 0.775003 1.095882
v -0.970642 0.775876 1.091616
v -0.967379 0.776526 1.086748
v -0.965370 0.776925 1.081466
v -0.992977 0.770037 1.103588
v -0.986223 0.770037 1.101986
v -0.979999 0.770037 1.099384
v -0.974544 0.770037 1.095882
v -0.970067 0.770037 1.091616
v -0.966740 0.770037 1.086748
v -0.964691 0.770037 1.081466
v -0.993111 0.768667 1.103588
v -0.986488 0.767349 1.101986
v -0.980384 0.766135 1.099384
v -0.975033 0.765071 1.095882
v -0.970642 0.764197 1.091616
v -0.967379 0.763548 1.086748
v -0.965370 0.763148 1.081466
v -0.993511 0.767349 1.103588
v -0.987272 0.764765 1.101986
v -0.981522 0.762383 1.099384
v -0.976482 0.760295 1.095882
v -0.972345 0.758582 1.091616
v -0.969272 0.757309 1.086748
v -0.967379 0.756525 1.081466
v -0.994160 0.766135 1.103588
v -0.988545 0.762383 1.101986
v -0.983370 0.758925 1.099384
v -0.978834 0.755894 1.095882
v -0.975111 0.753407 1.091616
v -0.972345 0.751559 1.086748
v -0.970642 0.750420 1.081466
v -0.995034 0.765071 1.103588
v -0.990258 0.760295 1.101986
v -0.985857 0.755894 1.099384
v -0.982000 0.752037 1.095882
v -0.978834 0.748871 1.091616
v -0.976482 0.746518 1.086748
v -0.975033 0.745070 1.081466
v -0.996098 0.764197 1.103588
v -0.992346 0.758582 1.101986
v -0.988888 0.753407 1.099384
v -0.985857 0.748871 1.095882
v -0.983370 0.745148 1.091616
v -0.981522 0.742382 1.086748
v -0.980384 0.740679 1.081466
v -0.997312 0.763548 1.103588
v -0.994728 0.757309 1.101986
v -0.992346 0.751559 1.099384
v -0.990258 0.746518 1.095882
v -0.988545 0.742382 1.091616
v -0.987272 0.739309 1.086748
v -0.986488 0.737416 1.081466
v -0.998630 0.763148 1.103588
v -0.997312 0.756525 1.101986
v -0.996098 0.750420 1.099384
v -0.995034 0.745070 1.095882
v -0.994160 0.740679 1.091616
v -0.993511 0.737416 1.086748
v -0.993111 0.735407 1.081466
v -1.000000 0.763013 1.103588
v -1.000000 0.756260 1.101986
v -1.000000 0.750036 1.099384
v -1.000000 0.744581 1.095882
v -1.000000 0.740104 1.091616
v -1.000000 0.736777 1.086748
v -1.000000 0.734728 1.081466
v -1.001370 0.763148 1.103588
v -1.002687 0.756525 1.101986
v -1.003902 0.750420 1.099384
v -1.004966 0.745070 1.095882
v -1.005839 0.740679 1.091616
v -1.006488 0.737416 1.086748
v -1.006888 0.735407 1.081466
v -1.002687 0.763548 1.103588
v -1.005272 0.757309 1.101986
v -1.007654 0.751559 1.099384
v -1.009741 0.746519 1.095882
v -1.011455 0.742382 1.091616
v -1.012728 0.739309 1.086748
v -1.013512 0.737416 1.081466
v -1.003902 0.764197 1.103588
v -1.007654 0.758582 1.101986
v -1.011111 0.753407 1.099384
v -1.014142 0.748871 1.095882
v -1.016630 0.745148 1.091616
v -1.018478 0.742382 1.086748
v -1.019616 0.740679 1.081466
v -1.000000 0.770037 1.104129
v -1.004966 0.765071 1.103588
v -1.009741 0.760295 1.101986
v -1.014142 0.755894 1.099384
v -1.018000 0.752037 1.095882
v -1.021165 0.748871 1.091616
v -1.023518 0.746519 1.086748
v -1.024967 0.745070 1.081466
v -1.005839 0.766135 1.103588
v -1.011455 0.762383 1.101986
v -1.016630 0.758925 1.099384
v -1.021165 0.755894 1.095882
v -1.024888 0.753407 1.091616
v -1.027654 0.751559 1.086748
v -1.029358 0.750420 1.081466
v -1.006488 0.767349 1.103588
v -1.012728 0.764765 1.101986
v -1.018478 0.762383 1.099384
v -1.023518 0.760295 1.095882
v -1.027654 0.758582 1.091616
v -1.030728 0.757309 1.086748
v -1.032620 0.756525 1.081466
v -1.006888 0.768667 1.103588
v -1.013512 0.767349 1.101986
v -1.019616 0.766135 1.099384
v -1.024967 0.765071 1.095882
v -1.029358 0.764197 1.091616
v -1.032620 0.763548 1.086748
v -1.034630 0.763148 1.081466
v -1.007023 0.770037 1.103588
v -1.013776 0.770037 1.101986
v -1.020000 0.770037 1.099384
v -1.025456 0.770037 1.095882
v -1.029933 0.770037 1.091616
v -1.033260 0.770037 1.086748
v -1.035308 0.770037 1.081466
v -1.006888 0.771407 1.103588
v -1.013512 0.772724 1.101986
v -1.019616 0.773939 1.099384
v -1.024967 0.775003 1.095882
v -1.029358 0.775876 1.091616
v -1.032620 0.776526 1.086748
v -1.034630 0.776925 1.081466
v -1.006488 0.772724 1.103588
v -1.012728 0.775309 1.101986
v -1.018478 0.777691 1.099384
v -1.023518 0.779778 1.095882
v -1.027654 0.781492 1.091616
v -1.030728 0.782765 1.086748
v -1.032620 0.783549 1.081466
v -1.005839 0.773939 1.103588
v -1.011455 0.777691 1.101986
v -1.016630 0.781149 1.099384
v -1.021165 0.784179 1.095882
v -1.024888 0.786667 1.091616
v -1.027654 0.788515 1.086748
v -1.029358 0.789653 1.081466
v -1.004966 0.775003 1.103588
v -1.009741 0.779778 1.101986
v -1.014142 0.784179 1.099384
v -1.018000 0.788037 1.095882
v -1.021165 0.791203 1.091616
v -1.023518 0.793555 1.086748
v -1.024967 0.795004 1.081466
v -1.003902 0.775876 1.103588
v -1.007654 0.781492 1.101986
v -1.011111 0.786667 1.099384
v -1.014142 0.791203 1.095882
v -1.016630 0.794925 1.091616
v -1.018478 0.797691 1.086748
v -1.019616 0.799394 1.081466
v -1.002687 0.776526 1.103588
v -1.005272 0.782765 1.101986
v -1.007654 0.788515 1.099384
v -1.009741 0.793555 1.095882
v -1.011455 0.797691 1.091616
v -1.012728 0.800765 1.086748
v -1.013512 0.802657 1.081466
v -1.001370 0.776925 1.103588
v -1.002687 0.783549 1.101986
v -1.003902 0.789653 1.099384
v -1.004966 0.795004 1.095882
v -1.005839 0.799394 1.091616
v -1.006488 0.802657 1.086748
v -1.006888 0.804667 1.081466
v -1.000001 3.008538 -1.170524
v -1.000001 3.015291 -1.168922
v -1.000001 3.021515 -1.166320
v -1.000001 3.026970 -1.162818
v -1.000001 3.031447 -1.158551
v -1.000001 3.034774 -1.153683
v -1.000001 3.036823 -1.148401
v -1.001371 3.008403 -1.170524
v -1.002689 3.015026 -1.168922
v -1.003903 3.021131 -1.166320
v -1.004967 3.026481 -1.162818
v -1.005841 3.030872 -1.158551
v -1.006490 3.034135 -1.153683
v -1.006889 3.036144 -1.148401
v -1.002689 3.008003 -1.170524
v -1.005273 3.014242 -1.168922
v -1.007655 3.019992 -1.166320
v -1.009743 3.025033 -1.162818
v -1.011456 3.029169 -1.158551
v -1.012729 3.032242 -1.153683
v -1.013513 3.034135 -1.148401
v -1.003903 3.007354 -1.170524
v -1.007655 3.012969 -1.168922
v -1.011113 3.018144 -1.166320
v -1.014144 3.022680 -1.162818
v -1.016631 3.026403 -1.158551
v -1.018479 3.029169 -1.153683
v -1.019617 3.030872 -1.148401
v -1.004967 3.006481 -1.170524
v -1.009743 3.011256 -1.168922
v -1.014144 3.015657 -1.166320
v -1.018001 3.019514 -1.162818
v -1.021167 3.022680 -1.158551
v -1.023519 3.025033 -1.153683
v -1.024968 3.026481 -1.148401
v -1.005841 3.005417 -1.170524
v -1.011456 3.009168 -1.168922
v -1.016631 3.012626 -1.166320
v -1.021167 3.015657 -1.162818
v -1.024890 3.018144 -1.158551
v -1.027655 3.019992 -1.153683
v -1.029359 3.021131 -1.148401
v -1.006490 3.004202 -1.170524
v -1.012729 3.006786 -1.168922
v -1.018479 3.009168 -1.166320
v -1.023519 3.011256 -1.162818
v -1.027655 3.012969 -1.158551
v -1.030729 3.014242 -1.153683
v -1.032622 3.015026 -1.148401
v -1.006889 3.002885 -1.170524
v -1.013513 3.004202 -1.168922
v -1.019617 3.005417 -1.166320
v -1.024968 3.006481 -1.162818
v -1.029359 3.007354 -1.158551
v -1.032622 3.008003 -1.153683
v -1.034631 3.008403 -1.148401
v -1.007024 3.001515 -1.170524
v -1.013778 3.001515 -1.168922
v -1.020002 3.001515 -1.166320
v -1.025457 3.001515 -1.162818
v -1.029934 3.001515 -1.158551
v -1.033261 3.001515 -1.153683
v -1.035309 3.001515 -1.148401
v -1.006889 3.000144 -1.170524
v -1.013513 2.998827 -1.168922
v -1.019617 2.997613 -1.166320
v -1.024968 2.996548 -1.162818
v -1.029359 2.995675 -1.158551
v -1.032622 2.995026 -1.153683
v -1.034631 2.994626 -1.148401
v -1.006490 2.998827 -1.170524
v -1.012729 2.996242 -1.168922
v -1.018479 2.993861 -1.166320
v -1.023519 2.991773 -1.162818
v -1.027655 2.990060 -1.158551
v -1.030729 2.988787 -1.153683
v -1.032622 2.988003 -1.148401
v -1.005841 2.997613 -1.170524
v -1.011456 2.993861 -1.168922
v -1.016631 2.990403 -1.166320
v -1.021167 2.987372 -1.162818
v -1.024890 2.984885 -1.158551
v -1.027655 2.983036 -1.153683
v -1.029359 2.981898 -1.148401
v -1.004967 2.996548 -1.170524
v -1.009743 2.991773 -1.168922
v -1.014144 2.987372 -1.166320
v -1.018001 2.983514 -1.162818
v -1.021167 2.980349 -1.158551
v -1.023519 2.977996 -1.153683
v -1.024968 2.976548 -1.148401
v -1.003903 2.995675 -1.170524
v -1.007655 2.990060 -1.168922
v -1.011113 2.984885 -1.166320
v -1.014144 2.980349 -1.162818
v -1.016631 2.976626 -1.158551
v -1.018479 2.973860 -1.153683
v -1.019617 2.972157 -1.148401
v -1.002689 2.995026 -1.170524
v -1.005273 2.988787 -1.168922
v -1.007655 2.983036 -1.166320
v -1.009743 2.977996 -1.162818
v -1.011456 2.973860 -1.158551
v -1.012729 2.970786 -1.153683
v -1.013513 2.968894 -1.148401
v -1.001371 2.994626 -1.170524
v -1.002689 2.988003 -1.168922
v -1.003903 2.981898 -1.166320
v -1.004967 2.976548 -1.162818
v -1.005841 2.972157 -1.158551
v -1.006490 2.968894 -1.153683
v -1.006889 2.966885 -1.148401
v -1.000001 2.994491 -1.170524
v -1.000001 2.987738 -1.168922
v -1.000001 2.981514 -1.166320
v -1.000001 2.976059 -1.162818
v -1.000001 2.971582 -1.158551
v -1.000001 2.968255 -1.153683
v -1.000001 2.966206 -1.148401
v -0.998631 2.994626 -1.170524
v -0.997313 2.988003 -1.168922
v -0.996099 2.981898 -1.166320
v -0.995035 2.976548 -1.162818
v -0.994162 2.972157 -1.158551
v -0.993512 2.968894 -1.153683
v -0.993113 2.966885 -1.148401
v -0.997313 2.995026 -1.170524
v -0.994729 2.988787 -1.168922
v -0.992347 2.983036 -1.166320
v -0.990260 2.977996 -1.162818
v -0.988546 2.973860 -1.158551
v -0.987273 2.970786 -1.153683
v -0.986489 2.968894 -1.148401
v -0.996099 2.995675 -1.170524
v -0.992347 2.990060 -1.168922
v -0.988889 2.984885 -1.166320
v -0.985859 2.980349 -1.162818
v -0.983371 2.976626 -1.158551
v -0.981523 2.973860 -1.153683
v -0.980385 2.972157 -1.148401
v -1.000001 3.001515 -1.171065
v -0.995035 2.996548 -1.170524
v -0.990260 2.991773 -1.168922
v -0.985859 2.987372 -1.166320
v -0.982001 2.983514 -1.162818
v -0.978835 2.980349 -1.158551
v -0.976483 2.977996 -1.153683
v -0.975034 2.976548 -1.148401
v -0.994162 2.997613 -1.170524
v -0.988546 2.993861 -1.168922
v -0.983371 2.990403 -1.166320
v -0.978835 2.987372 -1.162818
v -0.975113 2.984885 -1.158551
v -0.972347 2.983036 -1.153683
v -0.970643 2.981898 -1.148401
v -0.993512 2.998827 -1.170524
v -0.987273 2.996242 -1.168922
v -0.981523 2.993861 -1.166320
v -0.976483 2.991773 -1.162818
v -0.972347 2.990060 -1.158551
v -0.969273 2.988787 -1.153683
v -0.967381 2.988003 -1.148401
v -0.993113 3.000144 -1.170524
v -0.986489 2.998827 -1.168922
v -0.980385 2.997613 -1.166320
v -0.975034 2.996548 -1.162818
v -0.970643 2.995675 -1.158551
v -0.967381 2.995026 -1.153683
v -0.965371 2.994626 -1.148401
v -0.992978 3.001515 -1.170524
v -0.986225 3.001515 -1.168922
v -0.980001 3.001515 -1.166320
v -0.974545 3.001515 -1.162818
v -0.970068 3.001515 -1.158551
v -0.966742 3.001515 -1.153683
v -0.964693 3.001515 -1.148401
v -0.993113 3.002885 -1.170524
v -0.986489 3.004202 -1.168922
v -0.980385 3.005416 -1.166320
v -0.975034 3.006481 -1.162818
v -0.970643 3.007354 -1.158551
v -0.967381 3.008003 -1.153683
v -0.965371 3.008403 -1.148401
v -0.993512 3.004202 -1.170524
v -0.987273 3.006786 -1.168922
v -0.981523 3.009168 -1.166320
v -0.976483 3.011256 -1.162818
v -0.972347 3.012969 -1.158551
v -0.969273 3.014242 -1.153683
v -0.967381 3.015026 -1.148401
v -0.994162 3.005417 -1.170524
v -0.988546 3.009168 -1.168922
v -0.983371 3.012626 -1.166320
v -0.978835 3.015657 -1.162818
v -0.975113 3.018144 -1.158551
v -0.972347 3.019992 -1.153683
v -0.970643 3.021131 -1.148401
v -0.995035 3.006481 -1.170524
v -0.990260 3.011256 -1.168922
v -0.985859 3.015657 -1.166320
v -0.982001 3.019514 -1.162818
v -0.978835 3.022680 -1.158551
v -0.976483 3.025033 -1.153683
v -0.975034 3.026481 -1.148401
v -0.996099 3.007354 -1.170524
v -0.992347 3.012969 -1.168922
v -0.988889 3.018144 -1.166320
v -0.985859 3.022680 -1.162818
v -0.983371 3.026403 -1.158551
v -0.981523 3.029169 -1.153683
v -0.980385 3.030872 -1.148401
v -0.997313 3.008003 -1.170524
v -0.994729 3.014242 -1.168922
v -0.992347 3.019992 -1.166320
v -0.990260 3.025033 -1.162818
v -0.988546 3.029169 -1.158551
v -0.987273 3.032242 -1.153683
v -0.986489 3.034135 -1.148401
v -0.998631 3.008403 -1.170524
v -0.997313 3.015026 -1.168922
v -0.996099 3.021131 -1.166320
v -0.995035 3.026481 -1.162818
v -0.994162 3.030872 -1.158551
v -0.993512 3.034135 -1.153683
v -0.993113 3.036144 -1.148401
v 0.999999 3.008538 -1.170524
v 0.999999 3.015291 -1.168922
v 0.999999 3.021515 -1.166320
v 0.999999 3.026970 -1.162819
v 0.999999 3.031447 -1.158552
v 0.999999 3.034774 -1.153684
v 0.999999 3.036823 -1.148402
v 0.998628 3.008403 -1.170524
v 0.997311 3.015026 -1.168922
v 0.996097 3.021131 -1.166320
v 0.995033 3.026481 -1.162819
v 0.994159 3.030872 -1.158552
v 0.993510 3.034135 -1.153684
v 0.993110 3.036144 -1.148402
v 0.997311 3.008003 -1.170524
v 0.994727 3.014242 -1.168922
v 0.992345 3.019992 -1.166320
v 0.990257 3.025033 -1.162819
v 0.988544 3.029169 -1.158552
v 0.987271 3.032242 -1.153684
v 0.986487 3.034135 -1.148402
v 0.996097 3.007354 -1.170524
v 0.992345 3.012969 -1.168922
v 0.988887 3.018144 -1.166320
v 0.985856 3.022680 -1.162819
v 0.983369 3.026403 -1.158552
v 0.981521 3.029169 -1.153684
v 0.980383 3.030872 -1.148402
v 0.995033 3.006481 -1.170524
v 0.990257 3.011256 -1.168922
v 0.985856 3.015657 -1.166320
v 0.981999 3.019514 -1.162819
v 0.978833 3.022680 -1.158552
v 0.976480 3.025033 -1.153684
v 0.975032 3.026481 -1.148402
v 0.994159 3.005417 -1.170524
v 0.988544 3.009168 -1.168922
v 0.983369 3.012626 -1.166320
v 0.978833 3.015657 -1.162819
v 0.975110 3.018144 -1.158552
v 0.972344 3.019992 -1.153684
v 0.970641 3.021131 -1.148402
v 0.993510 3.004202 -1.170524
v 0.987271 3.006786 -1.168922
v 0.981521 3.009168 -1.166320
v 0.976480 3.011256 -1.162819
v 0.972344 3.012969 -1.158552
v 0.969271 3.014242 -1.153684
v 0.967378 3.015026 -1.148402
v 0.993110 3.002885 -1.170524
v 0.986487 3.004202 -1.168922
v 0.980383 3.005417 -1.166320
v 0.975032 3.006481 -1.162819
v 0.970641 3.007354 -1.158552
v 0.967378 3.008003 -1.153684
v 0.965369 3.008403 -1.148402
v 0.992975 3.001515 -1.170524
v 0.986222 3.001515 -1.168922
v 0.979998 3.001515 -1.166320
v 0.974543 3.001515 -1.162819
v 0.970066 3.001515 -1.158552
v 0.966739 3.001515 -1.153684
v 0.964690 3.001515 -1.148402
v 0.993110 3.000144 -1.170524
v 0.986487 2.998827 -1.168922
v 0.980383 2.997613 -1.166320
v 0.975032 2.996548 -1.162819
v 0.970641 2.995675 -1.158552
v 0.967378 2.995026 -1.153684
v 0.965369 2.994626 -1.148402
v 0.993510 2.998827 -1.170524
v 0.987271 2.996242 -1.168922
v 0.981521 2.993861 -1.166320
v 0.976480 2.991773 -1.162819
v 0.972344 2.990060 -1.158552
v 0.969271 2.988787 -1.153684
v 0.967378 2.988003 -1.148402
v 0.994159 2.997613 -1.170524
v 0.988544 2.993861 -1.168922
v 0.983369 2.990403 -1.166320
v 0.978833 2.987372 -1.162819
v 0.975110 2.984885 -1.158552
v 0.972344 2.983036 -1.153684
v 0.970641 2.981898 -1.148402
v 0.995033 2.996548 -1.170524
v 0.990257 2.991773 -1.168922
v 0.985856 2.987372 -1.166320
v 0.981999 2.983514 -1.162819
v 0.978833 2.980349 -1.158552
v 0.976480 2.977996 -1.153684
v 0.975032 2.976548 -1.148402
v 0.996097 2.995675 -1.170524
v 0.992345 2.990060 -1.168922
v 0.988887 2.984885 -1.166320
v 0.985856 2.980349 -1.162819
v 0.983369 2.976626 -1.158552
v 0.981521 2.973860 -1.153684
v 0.980383 2.972157 -1.148402
v 0.997311 2.995026 -1.170524
v 0.994727 2.988787 -1.168922
v 0.992345 2.983036 -1.166320
v 0.990257 2.977996 -1.162819
v 0.988544 2.973860 -1.158552
v 0.987271 2.970786 -1.153684
v 0.986487 2.968894 -1.148402
v 0.998628 2.994626 -1.170524
v 0.997311 2.988003 -1.168922
v 0.996097 2.981898 -1.166320
v 0.995033 2.976548 -1.162819
v 0.994159 2.972157 -1.158552
v 0.993510 2.968894 -1.153684
v 0.993110 2.966885 -1.148402
v 0.999999 2.994491 -1.170524
v 0.999999 2.987738 -1.168922
v 0.999999 2.981514 -1.166320
v 0.999999 2.976059 -1.162819
v 0.999999 2.971582 -1.158552
v 0.999999 2.968255 -1.153684
v 0.999999 2.966206 -1.148402
v 1.001369 2.994626 -1.170524
v 1.002686 2.988003 -1.168922
v 1.003901 2.981898 -1.166320
v 1.004965 2.976548 -1.162819
v 1.005838 2.972157 -1.158552
v 1.006487 2.968894 -1.153684
v 1.006887 2.966885 -1.148402
v 1.002686 2.995026 -1.170524
v 1.005271 2.988787 -1.168922
v 1.007653 2.983036 -1.166320
v 1.009740 2.977996 -1.162819
v 1.011454 2.973860 -1.158552
v 1.012727 2.970786 -1.153684
v 1.013511 2.968894 -1.148402
v 1.003901 2.995675 -1.170524
v 1.007653 2.990060 -1.168922
v 1.011110 2.984885 -1.166320
v 1.014141 2.980349 -1.162819
v 1.016629 2.976626 -1.158552
v 1.018477 2.973860 -1.153684
v 1.019615 2.972157 -1.148402
v 0.999999 3.001515 -1.171065
v 1.004965 2.996548 -1.170524
v 1.009740 2.991773 -1.168922
v 1.014141 2.987372 -1.166320
v 1.017999 2.983514 -1.162819
v 1.021164 2.980349 -1.158552
v 1.023517 2.977996 -1.153684
v 1.024965 2.976548 -1.148402
v 1.005838 2.997613 -1.170524
v 1.011454 2.993861 -1.168922
v 1.016629 2.990403 -1.166320
v 1.021164 2.987372 -1.162819
v 1.024887 2.984885 -1.158552
v 1.027653 2.983036 -1.153684
v 1.029356 2.981898 -1.148402
v 1.006487 2.998827 -1.170524
v 1.012727 2.996242 -1.168922
v 1.018477 2.993861 -1.166320
v 1.023517 2.991773 -1.162819
v 1.027653 2.990060 -1.158552
v 1.030727 2.988787 -1.153684
v 1.032619 2.988003 -1.148402
v 1.006887 3.000144 -1.170524
v 1.013511 2.998827 -1.168922
v 1.019615 2.997613 -1.166320
v 1.024965 2.996548 -1.162819
v 1.029356 2.995675 -1.158552
v 1.032619 2.995026 -1.153684
v 1.034629 2.994626 -1.148402
v 1.007022 3.001515 -1.170524
v 1.013775 3.001515 -1.168922
v 1.019999 3.001515 -1.166320
v 1.025455 3.001515 -1.162819
v 1.029932 3.001515 -1.158552
v 1.033258 3.001515 -1.153684
v 1.035307 3.001515 -1.148402
v 1.006887 3.002885 -1.170524
v 1.013511 3.004202 -1.168922
v 1.019615 3.005416 -1.166320
v 1.024965 3.006481 -1.162819
v 1.029356 3.007354 -1.158552
v 1.032619 3.008003 -1.153684
v 1.034629 3.008403 -1.148402
v 1.006487 3.004202 -1.170524
v 1.012727 3.006786 -1.168922
v 1.018477 3.009168 -1.166320
v 1.023517 3.011256 -1.162819
v 1.027653 3.012969 -1.158552
v 1.030727 3.014242 -1.153684
v 1.032619 3.015026 -1.148402
v 1.005838 3.005417 -1.170524
v 1.011454 3.009168 -1.168922
v 1.016629 3.012626 -1.166320
v 1.021164 3.015657 -1.162819
v 1.024887 3.018144 -1.158552
v 1.027653 3.019992 -1.153684
v 1.029356 3.021131 -1.148402
v 1.004965 3.006481 -1.170524
v 1.009740 3.011256 -1.168922
v 1.014141 3.015657 -1.166320
v 1.017999 3.019514 -1.162819
v 1.021164 3.022680 -1.158552
v 1.023517 3.025033 -1.153684
v 1.024965 3.026481 -1.148402
v 1.003901 3.007354 -1.170524
v 1.007653 3.012969 -1.168922
v 1.011110 3.018144 -1.166320
v 1.014141 3.022680 -1.162819
v 1.016629 3.026403 -1.158552
v 1.018477 3.029169 -1.153684
v 1.019615 3.030872 -1.148402
v 1.002686 3.008003 -1.170524
v 1.005271 3.014242 -1.168922
v 1.007653 3.019992 -1.166320
v 1.009740 3.025033 -1.162819
v 1.011454 3.029169 -1.158552
v 1.012727 3.032242 -1.153684
v 1.013511 3.034135 -1.148402
v 1.001369 3.008403 -1.170524
v 1.002686 3.015026 -1.168922
v 1.003901 3.021131 -1.166320
v 1.004965 3.026481 -1.162819
v 1.005838 3.030872 -1.158552
v 1.006487 3.034135 -1.153684
v 1.006887 3.036144 -1.148402
v -1.000001 1.977060 -1.170524
v -1.000001 1.983813 -1.168922
v -1.000001 1.990037 -1.166320
v -1.000001 1.995493 -1.162818
v -1.000001 1.999970 -1.158551
v -1.000001 2.003296 -1.153683
v -1.000001 2.005345 -1.148401
v -1.001371 1.976925 -1.170524
v -1.002689 1.983549 -1.168922
v -1.003903 1.989653 -1.166320
v -1.004967 1.995003 -1.162818
v -1.005841 1.999395 -1.158551
v -1.006490 2.002657 -1.153683
v -1.006889 2.004667 -1.148401
v -1.002689 1.976525 -1.170524
v -1.005273 1.982765 -1.168922
v -1.007655 1.988515 -1.166320
v -1.009743 1.993555 -1.162818
v -1.011456 1.997691 -1.158551
v -1.012729 2.000765 -1.153683
v -1.013513 2.002657 -1.148401
v -1.003903 1.975876 -1.170524
v -1.007655 1.981492 -1.168922
v -1.011113 1.986667 -1.166320
v -1.014144 1.991203 -1.162818
v -1.016631 1.994925 -1.158551
v -1.018479 1.997691 -1.153683
v -1.019617 1.999395 -1.148401
v -1.004967 1.975003 -1.170524
v -1.009743 1.979778 -1.168922
v -1.014144 1.984179 -1.166320
v -1.018001 1.988037 -1.162818
v -1.021167 1.991203 -1.158551
v -1.023519 1.993555 -1.153683
v -1.024968 1.995003 -1.148401
v -1.005841 1.973939 -1.170524
v -1.011456 1.977691 -1.168922
v -1.016631 1.981148 -1.166320
v -1.021167 1.984179 -1.162818
v -1.024890 1.986667 -1.158551
v -1.027655 1.988515 -1.153683
v -1.029359 1.989653 -1.148401
v -1.006490 1.972724 -1.170524
v -1.012729 1.975309 -1.168922
v -1.018479 1.977691 -1.166320
v -1.023519 1.979778 -1.162818
v -1.027655 1.981492 -1.158551
v -1.030729 1.982765 -1.153683
v -1.032622 1.983549 -1.148401
v -1.006889 1.971407 -1.170524
v -1.013513 1.972724 -1.168922
v -1.019617 1.973939 -1.166320
v -1.024968 1.975003 -1.162818
v -1.029359 1.975876 -1.158551
v -1.032622 1.976525 -1.153683
v -1.034631 1.976925 -1.148401
v -1.007024 1.970037 -1.170524
v -1.013778 1.970037 -1.168922
v -1.020002 1.970037 -1.166320
v -1.025457 1.970037 -1.162818
v -1.029934 1.970037 -1.158551
v -1.033261 1.970037 -1.153683
v -1.035309 1.970037 -1.148401
v -1.006889 1.968667 -1.170524
v -1.013513 1.967349 -1.168922
v -1.019617 1.966135 -1.166320
v -1.024968 1.965070 -1.162818
v -1.029359 1.964197 -1.158551
v -1.032622 1.963548 -1.153683
v -1.034631 1.963148 -1.148401
v -1.006490 1.967349 -1.170524
v -1.012729 1.964765 -1.168922
v -1.018479 1.962383 -1.166320
v -1.023519 1.960295 -1.162818
v -1.027655 1.958582 -1.158551
v -1.030729 1.957309 -1.153683
v -1.032622 1.956525 -1.148401
v -1.005841 1.966135 -1.170524
v -1.011456 1.962383 -1.168922
v -1.016631 1.958925 -1.166320
v -1.021167 1.955894 -1.162818
v -1.024890 1.953407 -1.158551
v -1.027655 1.951559 -1.153683
v -1.029359 1.950420 -1.148401
v -1.004967 1.965070 -1.170524
v -1.009743 1.960295 -1.168922
v -1.014144 1.955894 -1.166320
v -1.018001 1.952037 -1.162818
v -1.021167 1.948871 -1.158551
v -1.023519 1.946519 -1.153683
v -1.024968 1.945070 -1.148401
v -1.003903 1.964197 -1.170524
v -1.007655 1.958582 -1.168922
v -1.011113 1.953407 -1.166320
v -1.014144 1.948871 -1.162818
v -1.016631 1.945148 -1.158551
v -1.018479 1.942382 -1.153683
v -1.019617 1.940679 -1.148401
v -1.002689 1.963548 -1.170524
v -1.005273 1.957309 -1.168922
v -1.007655 1.951559 -1.166320
v -1.009743 1.946519 -1.162818
v -1.011456 1.942382 -1.158551
v -1.012729 1.939309 -1.153683
v -1.013513 1.937416 -1.148401
v -1.001371 1.963148 -1.170524
v -1.002689 1.956525 -1.168922
v -1.003903 1.950420 -1.166320
v -1.004967 1.945070 -1.162818
v -1.005841 1.940679 -1.158551
v -1.006490 1.937416 -1.153683
v -1.006889 1.935407 -1.148401
v -1.000001 1.963014 -1.170524
v -1.000001 1.956260 -1.168922
v -1.000001 1.950036 -1.166320
v -1.000001 1.944581 -1.162818
v -1.000001 1.940104 -1.158551
v -1.000001 1.936777 -1.153683
v -1.000001 1.934729 -1.148401
v -0.998631 1.963148 -1.170524
v -0.997313 1.956525 -1.168922
v -0.996099 1.950420 -1.166320
v -0.995035 1.945070 -1.162818
v -0.994162 1.940679 -1.158551
v -0.993512 1.937416 -1.153683
v -0.993113 1.935407 -1.148401
v -0.997313 1.963548 -1.170524
v -0.994729 1.957309 -1.168922
v -0.992347 1.951559 -1.166320
v -0.990260 1.946519 -1.162818
v -0.988546 1.942382 -1.158551
v -0.987273 1.939309 -1.153683
v -0.986489 1.937416 -1.148401
v -0.996099 1.964197 -1.170524
v -0.992347 1.958582 -1.168922
v -0.988889 1.953407 -1.166320
v -0.985859 1.948871 -1.162818
v -0.983371 1.945148 -1.158551
v -0.981523 1.942382 -1.153683
v -0.980385 1.940679 -1.148401
v -1.000001 1.970037 -1.171065
v -0.995035 1.965070 -1.170524
v -0.990260 1.960295 -1.168922
v -0.985859 1.955894 -1.166320
v -0.982001 1.952037 -1.162818
v -0.978835 1.948871 -1.158551
v -0.976483 1.946519 -1.153683
v -0.975034 1.945070 -1.148401
v -0.994162 1.966135 -1.170524
v -0.988546 1.962383 -1.168922
v -0.983371 1.958925 -1.166320
v -0.978835 1.955894 -1.162818
v -0.975113 1.953407 -1.158551
v -0.972347 1.951559 -1.153683
v -0.970643 1.950420 -1.148401
v -0.993512 1.967349 -1.170524
v -0.987273 1.964765 -1.168922
v -0.981523 1.962383 -1.166320
v -0.976483 1.960295 -1.162818
v -0.972347 1.958582 -1.158551
v -0.969273 1.957309 -1.153683
v -0.967381 1.956525 -1.148401
v -0.993113 1.968667 -1.170524
v -0.986489 1.967349 -1.168922
v -0.980385 1.966135 -1.166320
v -0.975034 1.965071 -1.162818
v -0.970643 1.964197 -1.158551
v -0.967381 1.963548 -1.153683
v -0.965371 1.963148 -1.148401
v -0.992978 1.970037 -1.170524
v -0.986225 1.970037 -1.168922
v -0.980001 1.970037 -1.166320
v -0.974545 1.970037 -1.162818
v -0.970068 1.970037 -1.158551
v -0.966742 1.970037 -1.153683
v -0.964693 1.970037 -1.148401
v -0.993113 1.971407 -1.170524
v -0.986489 1.972724 -1.168922
v -0.980385 1.973939 -1.166320
v -0.975034 1.975003 -1.162818
v -0.970643 1.975876 -1.158551
v -0.967381 1.976525 -1.153683
v -0.965371 1.976925 -1.148401
v -0.993512 1.972724 -1.170524
v -0.987273 1.975309 -1.168922
v -0.981523 1.977691 -1.166320
v -0.976483 1.979778 -1.162818
v -0.972347 1.981492 -1.158551
v -0.969273 1.982765 -1.153683
v -0.967381 1.983549 -1.148401
v -0.994162 1.973939 -1.170524
v -0.988546 1.977691 -1.168922
v -0.983371 1.981148 -1.166320
v -0.978835 1.984179 -1.162818
v -0.975113 1.986667 -1.158551
v -0.972347 1.988515 -1.153683
v -0.970643 1.989653 -1.148401
v -0.995035 1.975003 -1.170524
v -0.990260 1.979778 -1.168922
v -0.985859 1.984179 -1.166320
v -0.982001 1.988037 -1.162818
v -0.978835 1.991203 -1.158551
v -0.976483 1.993555 -1.153683
v -0.975034 1.995003 -1.148401
v -0.996099 1.975876 -1.170524
v -0.992347 1.981492 -1.168922
v -0.988889 1.986667 -1.166320
v -0.985859 1.991203 -1.162818
v -0.983371 1.994925 -1.158551
v -0.981523 1.997691 -1.153683
v -0.980385 1.999395 -1.148401
v -0.997313 1.976525 -1.170524
v -0.994729 1.982765 -1.168922
v -0.992347 1.988515 -1.166320
v -0.990260 1.993555 -1.162818
v -0.988546 1.997691 -1.158551
v -0.987273 2.000765 -1.153683
v -0.986489 2.002657 -1.148401
v -0.998631 1.976925 -1.170524
v -0.997313 1.983549 -1.168922
v -0.996099 1.989653 -1.166320
v -0.995035 1.995003 -1.162818
v -0.994162 1.999395 -1.158551
v -0.993512 2.002657 -1.153683
v -0.993113 2.004667 -1.148401
v 0.999999 1.977060 -1.170524
v 0.999999 1.983813 -1.168922
v 0.999999 1.990037 -1.166320
v 0.999999 1.995493 -1.162819
v 0.999999 1.999970 -1.158552
v 0.999999 2.003296 -1.153684
v 0.999999 2.005345 -1.148402
v 0.998628 1.976925 -1.170524
v 0.997311 1.983549 -1.168922
v 0.996097 1.989653 -1.166320
v 0.995033 1.995003 -1.162819
v 0.994159 1.999395 -1.158552
v 0.993510 2.002657 -1.153684
v 0.993110 2.004667 -1.148402
v 0.997311 1.976525 -1.170524
v 0.994727 1.982765 -1.168922
v 0.992345 1.988515 -1.166320
v 0.990257 1.993555 -1.162819
v 0.988544 1.997691 -1.158552
v 0.987271 2.000765 -1.153684
v 0.986487 2.002657 -1.148402
v 0.996097 1.975876 -1.170524
v 0.992345 1.981492 -1.168922
v 0.988887 1.986667 -1.166320
v 0.985856 1.991203 -1.162819
v 0.983369 1.994925 -1.158552
v 0.981521 1.997691 -1.153684
v 0.980383 1.999395 -1.148402
v 0.995033 1.975003 -1.170524
v 0.990257 1.979778 -1.168922
v 0.985856 1.984179 -1.166320
v 0.981999 1.988037 -1.162819
v 0.978833 1.991203 -1.158552
v 0.976480 1.993555 -1.153684
v 0.975032 1.995003 -1.148402
v 0.994159 1.973939 -1.170524
v 0.988544 1.977691 -1.168922
v 0.983369 1.981148 -1.166320
v 0.978833 1.984179 -1.162819
v 0.975110 1.986667 -1.158552
v 0.972344 1.988515 -1.153684
v 0.970641 1.989653 -1.148402
v 0.993510 1.972724 -1.170524
v 0.987271 1.975309 -1.168922
v 0.981521 1.977691 -1.166320
v 0.976480 1.979778 -1.162819
v 0.972344 1.981492 -1.158552
v 0.969271 1.982765 -1.153684
v 0.967378 1.983549 -1.148402
v 0.993110 1.971407 -1.170524
v 0.986487 1.972724 -1.168922
v 0.980383 1.973939 -1.166320
v 0.975032 1.975003 -1.162819
v 0.970641 1.975876 -1.158552
v 0.967378 1.976525 -1.153684
v 0.965369 1.976925 -1.148402
v 0.992975 1.970037 -1.170524
v 0.986222 1.970037 -1.168922
v 0.979998 1.970037 -1.166320
v 0.974543 1.970037 -1.162819
v 0.970066 1.970037 -1.158552
v 0.966739 1.970037 -1.153684
v 0.964690 1.970037 -1.148402
v 0.993110 1.968667 -1.170524
v 0.986487 1.967349 -1.168922
v 0.980383 1.966135 -1.166320
v 0.975032 1.965070 -1.162819
v 0.970641 1.964197 -1.158552
v 0.967378 1.963548 -1.153684
v 0.965369 1.963148 -1.148402
v 0.993510 1.967349 -1.170524
v 0.987271 1.964765 -1.168922
v 0.981521 1.962383 -1.166320
v 0.976480 1.960295 -1.162819
v 0.972344 1.958582 -1.158552
v 0.969271 1.957309 -1.153684
v 0.967378 1.956525 -1.148402
v 0.994159 1.966135 -1.170524
v 0.988544 1.962383 -1.168922
v 0.983369 1.958925 -1.166320
v 0.978833 1.955894 -1.162819
v 0.975110 1.953407 -1.158552
v 0.972344 1.951559 -1.153684
v 0.970641 1.950420 -1.148402
v 0.995033 1.965070 -1.170524
v 0.990257 1.960295 -1.168922
v 0.985856 1.955894 -1.166320
v 0.981999 1.952037 -1.162819
v 0.978833 1.948871 -1.158552
v 0.976480 1.946519 -1.153684
v 0.975032 1.945070 -1.148402
v 0.996097 1.964197 -1.170524
v 0.992345 1.958582 -1.168922
v 0.988887 1.953407 -1.166320
v 0.985856 1.948871 -1.162819
v 0.983369 1.945148 -1.158552
v 0.981521 1.942382 -1.153684
v 0.980383 1.940679 -1.148402
v 0.997311 1.963548 -1.170524
v 0.994727 1.957309 -1.168922
v 0.992345 1.951559 -1.166320
v 0.990257 1.946519 -1.162819
v 0.988544 1.942382 -1.158552
v 0.987271 1.939309 -1.153684
v 0.986487 1.937416 -1.148402
v 0.998628 1.963148 -1.170524
v 0.997311 1.956525 -1.168922
v 0.996097 1.950420 -1.166320
v 0.995033 1.945070 -1.162819
v 0.994159 1.940679 -1.158552
v 0.993510 1.937416 -1.153684
v 0.993110 1.935407 -1.148402
v 0.999999 1.963014 -1.170524
v 0.999999 1.956260 -1.168922
v 0.999999 1.950036 -1.166320
v 0.999999 1.944581 -1.162819
v 0.999999 1.940104 -1.158552
v 0.999999 1.936777 -1.153684
v 0.999999 1.934729 -1.148402
v 1.001369 1.963148 -1.170524
v 1.002686 1.956525 -1.168922
v 1.003901 1.950420 -1.166320
v 1.004965 1.945070 -1.162819
v 1.005838 1.940679 -1.158552
v 1.006487 1.937416 -1.153684
v 1.006887 1.935407 -1.148402
v 1.002686 1.963548 -1.170524
v 1.005271 1.957309 -1.168922
v 1.007653 1.951559 -1.166320
v 1.009740 1.946519 -1.162819
v 1.011454 1.942382 -1.158552
v 1.012727 1.939309 -1.153684
v 1.013511 1.937416 -1.148402
v 1.003901 1.964197 -1.170524
v 1.007653 1.958582 -1.168922
v 1.011110 1.953407 -1.166320
v 1.014141 1.948871 -1.162819
v 1.016629 1.945148 -1.158552
v 1.018477 1.942382 -1.153684
v 1.019615 1.940679 -1.148402
v 0.999999 1.970037 -1.171065
v 1.004965 1.965070 -1.170524
v 1.009740 1.960295 -1.168922
v 1.014141 1.955894 -1.166320
v 1.017999 1.952037 -1.162819
v 1.021164 1.948871 -1.158552
v 1.023517 1.946519 -1.153684
v 1.024965 1.945070 -1.148402
v 1.005838 1.966135 -1.170524
v 1.011454 1.962383 -1.168922
v 1.016629 1.958925 -1.166320
v 1.021164 1.955894 -1.162819
v 1.024887 1.953407 -1.158552
v 1.027653 1.951559 -1.153684
v 1.029356 1.950420 -1.148402
v 1.006487 1.967349 -1.170524
v 1.012727 1.964765 -1.168922
v 1.018477 1.962383 -1.166320
v 1.023517 1.960295 -1.162819
v 1.027653 1.958582 -1.158552
v 1.030727 1.957309 -1.153684
v 1.032619 1.956525 -1.148402
v 1.006887 1.968667 -1.170524
v 1.013511 1.967349 -1.168922
v 1.019615 1.966135 -1.166320
v 1.024965 1.965071 -1.162819
v 1.029356 1.964197 -1.158552
v 1.032619 1.963548 -1.153684
v 1.034629 1.963148 -1.148402
v 1.007022 1.970037 -1.170524
v 1.013775 1.970037 -1.168922
v 1.019999 1.970037 -1.166320
v 1.025455 1.970037 -1.162819
v 1.029932 1.970037 -1.158552
v 1.033258 1.970037 -1.153684
v 1.035307 1.970037 -1.148402
v 1.006887 1.971407 -1.170524
v 1.013511 1.972724 -1.168922
v 1.019615 1.973939 -1.166320
v 1.024965 1.975003 -1.162819
v 1.029356 1.975876 -1.158552
v 1.032619 1.976525 -1.153684
v 1.034629 1.976925 -1.148402
v 1.006487 1.972724 -1.170524
v 1.012727 1.975309 -1.168922
v 1.018477 1.977691 -1.166320
v 1.023517 1.979778 -1.162819
v 1.027653 1.981492 -1.158552
v 1.030727 1.982765 -1.153684
v 1.032619 1.983549 -1.148402
v 1.005838 1.973939 -1.170524
v 1.011454 1.977691 -1.168922
v 1.016629 1.981148 -1.166320
v 1.021164 1.984179 -1.162819
v 1.024887 1.986667 -1.158552
v 1.027653 1.988515 -1.153684
v 1.029356 1.989653 -1.148402
v 1.004965 1.975003 -1.170524
v 1.009740 1.979778 -1.168922
v 1.014141 1.984179 -1.166320
v 1.017999 1.988037 -1.162819
v 1.021164 1.991203 -1.158552
v 1.023517 1.993555 -1.153684
v 1.024965 1.995003 -1.148402
v 1.003901 1.975876 -1.170524
v 1.007653 1.981492 -1.168922
v 1.011110 1.986667 -1.166320
v 1.014141 1.991203 -1.162819
v 1.016629 1.994925 -1.158552
v 1.018477 1.997691 -1.153684
v 1.019615 1.999395 -1.148402
v 1.002686 1.976525 -1.170524
v 1.005271 1.982765 -1.168922
v 1.007653 1.988515 -1.166320
v 1.009740 1.993555 -1.162819
v 1.011454 1.997691 -1.158552
v 1.012727 2.000765 -1.153684
v 1.013511 2.002657 -1.148402
v 1.001369 1.976925 -1.170524
v 1.002686 1.983549 -1.168922
v 1.003901 1.989653 -1.166320
v 1.004965 1.995003 -1.162819
v 1.005838 1.999395 -1.158552
v 1.006487 2.002657 -1.153684
v 1.006887 2.004667 -1.148402
v -1.000001 0.777060 -1.170524
v -1.000001 0.783813 -1.168922
v -1.000001 0.790037 -1.166320
v -1.000001 0.795493 -1.162818
v -1.000001 0.799970 -1.158551
v -1.000001 0.803296 -1.153683
v -1.000001 0.805345 -1.148401
v -1.001371 0.776925 -1.170524
v -1.002689 0.783549 -1.168922
v -1.003903 0.789653 -1.166320
v -1.004967 0.795004 -1.162818
v -1.005841 0.799394 -1.158551
v -1.006490 0.802657 -1.153683
v -1.006889 0.804667 -1.148401
v -1.002689 0.776526 -1.170524
v -1.005273 0.782765 -1.168922
v -1.007655 0.788515 -1.166320
v -1.009743 0.793555 -1.162818
v -1.011456 0.797691 -1.158551
v -1.012729 0.800765 -1.153683
v -1.013513 0.802657 -1.148401
v -1.003903 0.775876 -1.170524
v -1.007655 0.781492 -1.168922
v -1.011113 0.786667 -1.166320
v -1.014144 0.791203 -1.162818
v -1.016631 0.794925 -1.158551
v -1.018479 0.797691 -1.153683
v -1.019617 0.799394 -1.148401
v -1.004967 0.775003 -1.170524
v -1.009743 0.779778 -1.168922
v -1.014144 0.784179 -1.166320
v -1.018001 0.788037 -1.162818
v -1.021167 0.791203 -1.158551
v -1.023519 0.793555 -1.153683
v -1.024968 0.795004 -1.148401
v -1.005841 0.773939 -1.170524
v -1.011456 0.777691 -1.168922
v -1.016631 0.781149 -1.166320
v -1.021167 0.784179 -1.162818
v -1.024890 0.786667 -1.158551
v -1.027655 0.788515 -1.153683
v -1.029359 0.789653 -1.148401
v -1.006490 0.772724 -1.170524
v -1.012729 0.775309 -1.168922
v -1.018479 0.777691 -1.166320
v -1.023519 0.779778 -1.162818
v -1.027655 0.781492 -1.158551
v -1.030729 0.782765 -1.153683
v -1.032622 0.783549 -1.148401
v -1.006889 0.771407 -1.170524
v -1.013513 0.772724 -1.168922
v -1.019617 0.773939 -1.166320
v -1.024968 0.775003 -1.162818
v -1.029359 0.775876 -1.158551
v -1.032622 0.776526 -1.153683
v -1.034631 0.776925 -1.148401
v -1.007024 0.770037 -1.170524
v -1.013778 0.770037 -1.168922
v -1.020002 0.770037 -1.166320
v -1.025457 0.770037 -1.162818
v -1.029934 0.770037 -1.158551
v -1.033261 0.770037 -1.153683
v -1.035309 0.770037 -1.148401
v -1.006889 0.768667 -1.170524
v -1.013513 0.767349 -1.168922
v -1.019617 0.766135 -1.166320
v -1.024968 0.765071 -1.162818
v -1.029359 0.764197 -1.158551
v -1.032622 0.763548 -1.153683
v -1.034631 0.763148 -1.148401
v -1.006490 0.767349 -1.170524
v -1.012729 0.764765 -1.168922
v -1.018479 0.762383 -1.166320
v -1.023519 0.760295 -1.162818
v -1.027655 0.758582 -1.158551
v -1.030729 0.757309 -1.153683
v -1.032622 0.756525 -1.148401
v -1.005841 0.766135 -1.170524
v -1.011456 0.762383 -1.168922
v -1.016631 0.758925 -1.166320
v -1.021167 0.755894 -1.162818
v -1.024890 0.753407 -1.158551
v -1.027655 0.751559 -1.153683
v -1.029359 0.750421 -1.148401
v -1.004967 0.765071 -1.170524
v -1.009743 0.760295 -1.168922
v -1.014144 0.755894 -1.166320
v -1.018001 0.752037 -1.162818
v -1.021167 0.748871 -1.158551
v -1.023519 0.746518 -1.153683
v -1.024968 0.745070 -1.148401
v -1.003903 0.764197 -1.170524
v -1.007655 0.758582 -1.168922
v -1.011113 0.753407 -1.166320
v -1.014144 0.748871 -1.162818
v -1.016631 0.745148 -1.158551
v -1.018479 0.742382 -1.153683
v -1.019617 0.740679 -1.148401
v -1.002689 0.763548 -1.170524
v -1.005273 0.757309 -1.168922
v -1.007655 0.751559 -1.166320
v -1.009743 0.746518 -1.162818
v -1.011456 0.742382 -1.158551
v -1.012729 0.739309 -1.153683
v -1.013513 0.737416 -1.148401
v -1.001371 0.763148 -1.170524
v -1.002689 0.756525 -1.168922
v -1.003903 0.750421 -1.166320
v -1.004967 0.745070 -1.162818
v -1.005841 0.740679 -1.158551
v -1.006490 0.737416 -1.153683
v -1.006889 0.735407 -1.148401
v -1.000001 0.763013 -1.170524
v -1.000001 0.756260 -1.168922
v -1.000001 0.750036 -1.166320
v -1.000001 0.744581 -1.162818
v -1.000001 0.740104 -1.158551
v -1.000001 0.736777 -1.153683
v -1.000001 0.734728 -1.148401
v -0.998631 0.763148 -1.170524
v -0.997313 0.756525 -1.168922
v -0.996099 0.750421 -1.166320
v -0.995035 0.745070 -1.162818
v -0.994162 0.740679 -1.158551
v -0.993512 0.737416 -1.153683
v -0.993113 0.735407 -1.148401
v -0.997313 0.763548 -1.170524
v -0.994729 0.757309 -1.168922
v -0.992347 0.751559 -1.166320
v -0.990260 0.746519 -1.162818
v -0.988546 0.742382 -1.158551
v -0.987273 0.739309 -1.153683
v -0.986489 0.737416 -1.148401
v -0.996099 0.764197 -1.170524
v -0.992347 0.758582 -1.168922
v -0.988889 0.753407 -1.166320
v -0.985859 0.748871 -1.162818
v -0.983371 0.745148 -1.158551
v -0.981523 0.742382 -1.153683
v -0.980385 0.740679 -1.148401
v -1.000001 0.770037 -1.171065
v -0.995035 0.765071 -1.170524
v -0.990260 0.760295 -1.168922
v -0.985859 0.755894 -1.166320
v -0.982001 0.752037 -1.162818
v -0.978835 0.748871 -1.158551
v -0.976483 0.746519 -1.153683
v -0.975034 0.745070 -1.148401
v -0.994162 0.766135 -1.170524
v -0.988546 0.762383 -1.168922
v -0.983371 0.758925 -1.166320
v -0.978835 0.755894 -1.162818
v -0.975113 0.753407 -1.158551
v -0.972347 0.751559 -1.153683
v -0.970643 0.750421 -1.148401
v -0.993512 0.767349 -1.170524
v -0.987273 0.764765 -1.168922
v -0.981523 0.762383 -1.166320
v -0.976483 0.760295 -1.162818
v -0.972347 0.758582 -1.158551
v -0.969273 0.757309 -1.153683
v -0.967381 0.756525 -1.148401
v -0.993113 0.768667 -1.170524
v -0.986489 0.767349 -1.168922
v -0.980385 0.766135 -1.166320
v -0.975034 0.765071 -1.162818
v -0.970643 0.764197 -1.158551
v -0.967381 0.763548 -1.153683
v -0.965371 0.763148 -1.148401
v -0.992978 0.770037 -1.170524
v -0.986225 0.770037 -1.168922
v -0.980001 0.770037 -1.166320
v -0.974545 0.770037 -1.162818
v -0.970068 0.770037 -1.158551
v -0.966742 0.770037 -1.153683
v -0.964693 0.770037 -1.148401
v -0.993113 0.771407 -1.170524
v -0.986489 0.772724 -1.168922
v -0.980385 0.773939 -1.166320
v -0.975034 0.775003 -1.162818
v -0.970643 0.775876 -1.158551
v -0.967381 0.776526 -1.153683
v -0.965371 0.776925 -1.148401
v -0.993512 0.772724 -1.170524
v -0.987273 0.775309 -1.168922
v -0.981523 0.777691 -1.166320
v -0.976483 0.779778 -1.162818
v -0.972347 0.781492 -1.158551
v -0.969273 0.782765 -1.153683
v -0.967381 0.783549 -1.148401
v -0.994162 0.773939 -1.170524
v -0.988546 0.777691 -1.168922
v -0.983371 0.781149 -1.166320
v -0.978835 0.784179 -1.162818
v -0.975113 0.786667 -1.158551
v -0.972347 0.788515 -1.153683
v -0.970643 0.789653 -1.148401
v -0.995035 0.775003 -1.170524
v -0.990260 0.779778 -1.168922
v -0.985859 0.784179 -1.166320
v -0.982001 0.788037 -1.162818
v -0.978835 0.791203 -1.158551
v -0.976483 0.793555 -1.153683
v -0.975034 0.795004 -1.148401
v -0.996099 0.775876 -1.170524
v -0.992347 0.781492 -1.168922
v -0.988889 0.786667 -1.166320
v -0.985859 0.791203 -1.162818
v -0.983371 0.794925 -1.158551
v -0.981523 0.797691 -1.153683
v -0.980385 0.799394 -1.148401
v -0.997313 0.776526 -1.170524
v -0.994729 0.782765 -1.168922
v -0.992347 0.788515 -1.166320
v -0.990260 0.793555 -1.162818
v -0.988546 0.797691 -1.158551
v -0.987273 0.800765 -1.153683
v -0.986489 0.802657 -1.148401
v -0.998631 0.776925 -1.170524
v -0.997313 0.783549 -1.168922
v -0.996099 0.789653 -1.166320
v -0.995035 0.795004 -1.162818
v -0.994162 0.799394 -1.158551
v -0.993512 0.802657 -1.153683
v -0.993113 0.804667 -1.148401
v 0.999999 0.777060 -1.170524
v 0.999999 0.783813 -1.168922
v 0.999999 0.790037 -1.166320
v 0.999999 0.795493 -1.162819
v 0.999999 0.799970 -1.158552
v 0.999999 0.803296 -1.153684
v 0.999999 0.805345 -1.148402
v 0.998628 0.776925 -1.170524
v 0.997311 0.783549 -1.168922
v 0.996097 0.789653 -1.166320
v 0.995033 0.795004 -1.162819
v 0.994159 0.799394 -1.158552
v 0.993510 0.802657 -1.153684
v 0.993110 0.804667 -1.148402
v 0.997311 0.776526 -1.170524
v 0.994727 0.782765 -1.168922
v 0.992345 0.788515 -1.166320
v 0.990257 0.793555 -1.162819
v 0.988544 0.797691 -1.158552
v 0.987271 0.800765 -1.153684
v 0.986487 0.802657 -1.148402
v 0.996097 0.775876 -1.170524
v 0.992345 0.781492 -1.168922
v 0.988887 0.786667 -1.166320
v 0.985856 0.791203 -1.162819
v 0.983369 0.794925 -1.158552
v 0.981521 0.797691 -1.153684
v 0.980383 0.799394 -1.148402
v 0.995033 0.775003 -1.170524
v 0.990257 0.779778 -1.168922
v 0.985856 0.784179 -1.166320
v 0.981999 0.788037 -1.162819
v 0.978833 0.791203 -1.158552
v 0.976480 0.793555 -1.153684
v 0.975032 0.795004 -1.148402
v 0.994159 0.773939 -1.170524
v 0.988544 0.777691 -1.168922
v 0.983369 0.781149 -1.166320
v 0.978833 0.784179 -1.162819
v 0.975110 0.786667 -1.158552
v 0.972344 0.788515 -1.153684
v 0.970641 0.789653 -1.148402
v 0.993510 0.772724 -1.170524
v 0.987271 0.775309 -1.168922
v 0.981521 0.777691 -1.166320
v 0.976480 0.779778 -1.162819
v 0.972344 0.781492 -1.158552
v 0.969271 0.782765 -1.153684
v 0.967378 0.783549 -1.148402
v 0.993110 0.771407 -1.170524
v 0.986487 0.772724 -1.168922
v 0.980383 0.773939 -1.166320
v 0.975032 0.775003 -1.162819
v 0.970641 0.775876 -1.158552
v 0.967378 0.776526 -1.153684
v 0.965369 0.776925 -1.148402
v 0.992975 0.770037 -1.170524
v 0.986222 0.770037 -1.168922
v 0.979998 0.770037 -1.166320
v 0.974543 0.770037 -1.162819
v 0.970066 0.770037 -1.158552
v 0.966739 0.770037 -1.153684
v 0.964690 0.770037 -1.148402
v 0.993110 0.768667 -1.170524
v 0.986487 0.767349 -1.168922
v 0.980383 0.766135 -1.166320
v 0.975032 0.765071 -1.162819
v 0.970641 0.764197 -1.158552
v 0.967378 0.763548 -1.153684
v 0.965369 0.763148 -1.148402
v 0.993510 0.767349 -1.170524
v 0.987271 0.764765 -1.168922
v 0.981521 0.762383 -1.166320
v 0.976480 0.760295 -1.162819
v 0.972344 0.758582 -1.158552
v 0.969271 0.757309 -1.153684
v 0.967378 0.756525 -1.148402
v 0.994159 0.766135 -1.170524
v 0.988544 0.762383 -1.168922
v 0.983369 0.758925 -1.166320
v 0.978833 0.755894 -1.162819
v 0.975110 0.753407 -1.158552
v 0.972344 0.751559 -1.153684
v 0.970641 0.750421 -1.148402
v 0.995033 0.765071 -1.170524
v 0.990257 0.760295 -1.168922
v 0.985856 0.755894 -1.166320
v 0.981999 0.752037 -1.162819
v 0.978833 0.748871 -1.158552
v 0.976480 0.746518 -1.153684
v 0.975032 0.745070 -1.148402
v 0.996097 0.764197 -1.170524
v 0.992345 0.758582 -1.168922
v 0.988887 0.753407 -1.166320
v 0.985856 0.748871 -1.162819
v 0.983369 0.745148 -1.158552
v 0.981521 0.742382 -1.153684
v 0.980383 0.740679 -1.148402
v 0.997311 0.763548 -1.170524
v 0.994727 0.757309 -1.168922
v 0.992345 0.751559 -1.166320
v 0.990257 0.746518 -1.162819
v 0.988544 0.742382 -1.158552
v 0.987271 0.739309 -1.153684
v 0.986487 0.737416 -1.148402
v 0.998628 0.763148 -1.170524
v 0.997311 0.756525 -1.168922
v 0.996097 0.750421 -1.166320
v 0.995033 0.745070 -1.162819
v 0.994159 0.740679 -1.158552
v 0.993510 0.737416 -1.153684
v 0.993110 0.735407 -1.148402
v 0.999999 0.763013 -1.170524
v 0.999999 0.756260 -1.168922
v 0.999999 0.750036 -1.166320
v 0.999999 0.744581 -1.162819
v 0.999999 0.740104 -1.158552
v 0.999999 0.736777 -1.153684
v 0.999999 0.734728 -1.148402
v 1.001369 0.763148 -1.170524
v 1.002686 0.756525 -1.168922
v 1.003901 0.750421 -1.166320
v 1.004965 0.745070 -1.162819
v 1.005838 0.740679 -1.158552
v 1.006487 0.737416 -1.153684
v 1.006887 0.735407 -1.148402
v 1.002686 0.763548 -1.170524
v 1.005271 0.757309 -1.168922
v 1.007653 0.751559 -1.166320
v 1.009740 0.746519 -1.162819
v 1.011454 0.742382 -1.158552
v 1.012727 0.739309 -1.153684
v 1.013511 0.737416 -1.148402
v 1.003901 0.764197 -1.170524
v 1.007653 0.758582 -1.168922
v 1.011110 0.753407 -1.166320
v 1.014141 0.748871 -1.162819
v 1.016629 0.745148 -1.158552
v 1.018477 0.742382 -1.153684
v 1.019615 0.740679 -1.148402
v 0.999999 0.770037 -1.171065
v 1.004965 0.765071 -1.170524
v 1.009740 0.760295 -1.168922
v 1.014141 0.755894 -1.166320
v 1.017999 0.752037 -1.162819
v 1.021164 0.748871 -1.158552
v 1.023517 0.746519 -1.153684
v 1.024965 0.745070 -1.148402
v 1.005838 0.766135 -1.170524
v 1.011454 0.762383 -1.168922
v 1.016629 0.758925 -1.166320
v 1.021164 0.755894 -1.162819
v 1.024887 0.753407 -1.158552
v 1.027653 0.751559 -1.153684
v 1.029356 0.750421 -1.148402
v 1.006487 0.767349 -1.170524
v 1.012727 0.764765 -1.168922
v 1.018477 0.762383 -1.166320
v 1.023517 0.760295 -1.162819
v 1.027653 0.758582 -1.158552
v 1.030727 0.757309 -1.153684
v 1.032619 0.756525 -1.148402
v 1.006887 0.768667 -1.170524
v 1.013511 0.767349 -1.168922
v 1.019615 0.766135 -1.166320
v 1.024965 0.765071 -1.162819
v 1.029356 0.764197 -1.158552
v 1.032619 0.763548 -1.153684
v 1.034629 0.763148 -1.148402
v 1.007022 0.770037 -1.170524
v 1.013775 0.770037 -1.168922
v 1.019999 0.770037 -1.166320
v 1.025455 0.770037 -1.162819
v 1.029932 0.770037 -1.158552
v 1.033258 0.770037 -1.153684
v 1.035307 0.770037 -1.148402
v 1.006887 0.771407 -1.170524
v 1.013511 0.772724 -1.168922
v 1.019615 0.773939 -1.166320
v 1.024965 0.775003 -1.162819
v 1.029356 0.775876 -1.158552
v 1.032619 0.776526 -1.153684
v 1.034629 0.776925 -1.148402
v 1.006487 0.772724 -1.170524
v 1.012727 0.775309 -1.168922
v 1.018477 0.777691 -1.166320
v 1.023517 0.779778 -1.162819
v 1.027653 0.781492 -1.158552
v 1.030727 0.782765 -1.153684
v 1.032619 0.783549 -1.148402
v 1.005838 0.773939 -1.170524
v 1.011454 0.777691 -1.168922
v 1.016629 0.781149 -1.166320
v 1.021164 0.784179 -1.162819
v 1.024887 0.786667 -1.158552
v 1.027653 0.788515 -1.153684
v 1.029356 0.789653 -1.148402
v 1.004965 0.775003 -1.170524
v 1.009740 0.779778 -1.168922
v 1.014141 0.784179 -1.166320
v 1.017999 0.788037 -1.162819
v 1.021164 0.791203 -1.158552
v 1.023517 0.793555 -1.153684
v 1.024965 0.795004 -1.148402
v 1.003901 0.775876 -1.170524
v 1.007653 0.781492 -1.168922
v 1.011110 0.786667 -1.166320
v 1.014141 0.791203 -1.162819
v 1.016629 0.794925 -1.158552
v 1.018477 0.797691 -1.153684
v 1.019615 0.799394 -1.148402
v 1.002686 0.776526 -1.170524
v 1.005271 0.782765 -1.168922
v 1.007653 0.788515 -1.166320
v 1.009740 0.793555 -1.162819
v 1.011454 0.797691 -1.158552
v 1.012727 0.800765 -1.153684
v 1.013511 0.802657 -1.148402
v 1.001369 0.776925 -1.170524
v 1.002686 0.783549 -1.168922
v 1.003901 0.789653 -1.166320
v 1.004965 0.795004 -1.162819
v 1.005838 0.799394 -1.158552
v 1.006487 0.802657 -1.153684
v 1.006887 0.804667 -1.148402
v 1.137001 2.912840 1.016945
v 1.135399 2.919593 1.016945
v 1.132797 2.925817 1.016945
v 1.129295 2.931272 1.016945
v 1.125028 2.935749 1.016945
v 1.120161 2.939076 1.016945
v 1.114879 2.941125 1.016945
v 1.137001 2.912705 1.015574
v 1.135399 2.919328 1.014257
v 1.132797 2.925433 1.013043
v 1.129295 2.930783 1.011978
v 1.125028 2.935174 1.011105
v 1.120161 2.938437 1.010456
v 1.114879 2.940446 1.010056
v 1.137001 2.912305 1.014257
v 1.135399 2.918544 1.011672
v 1.132797 2.924294 1.009291
v 1.129295 2.929334 1.007203
v 1.125028 2.933471 1.005490
v 1.120161 2.936544 1.004217
v 1.114879 2.938437 1.003433
v 1.137001 2.911656 1.013043
v 1.135399 2.917271 1.009291
v 1.132797 2.922446 1.005833
v 1.129295 2.926982 1.002802
v 1.125028 2.930704 1.000315
v 1.120161 2.933471 0.998466
v 1.114879 2.935174 0.997328
v 1.137001 2.910782 1.011978
v 1.135399 2.915558 1.007203
v 1.132797 2.919959 1.002802
v 1.129295 2.923816 0.998945
v 1.125028 2.926982 0.995779
v 1.120161 2.929334 0.993426
v 1.114879 2.930783 0.991978
v 1.137001 2.909718 1.011105
v 1.135399 2.913470 1.005490
v 1.132797 2.916928 1.000315
v 1.129295 2.919959 0.995779
v 1.125028 2.922446 0.992056
v 1.120161 2.924294 0.989290
v 1.114879 2.925433 0.987587
v 1.137001 2.908504 1.010456
v 1.135399 2.911088 1.004217
v 1.132797 2.913470 0.998466
v 1.129295 2.915558 0.993426
v 1.125028 2.917271 0.989290
v 1.120161 2.918544 0.986217
v 1.114879 2.919328 0.984324
v 1.137001 2.907186 1.010056
v 1.135399 2.908504 1.003433
v 1.132797 2.909718 0.997328
v 1.129295 2.910782 0.991978
v 1.125028 2.911656 0.987587
v 1.120161 2.912305 0.984324
v 1.114879 2.912705 0.982315
v 1.137001 2.905816 1.009921
v 1.135399 2.905816 1.003168
v 1.132797 2.905816 0.996944
v 1.129295 2.905816 0.991489
v 1.125028 2.905816 0.987012
v 1.120161 2.905816 0.983685
v 1.114879 2.905816 0.981636
v 1.137001 2.904446 1.010056
v 1.135399 2.903129 1.003433
v 1.132797 2.901914 0.997328
v 1.129295 2.900850 0.991978
v 1.125028 2.899977 0.987587
v 1.120161 2.899328 0.984324
v 1.114879 2.898928 0.982315
v 1.137001 2.903129 1.010456
v 1.135399 2.900544 1.004217
v 1.132797 2.898162 0.998466
v 1.129295 2.896075 0.993426
v 1.125028 2.894361 0.989290
v 1.120161 2.893088 0.986217
v 1.114879 2.892304 0.984324
v 1.137001 2.901914 1.011105
v 1.135399 2.898162 1.005490
v 1.132797 2.894704 1.000315
v 1.129295 2.891674 0.995779
v 1.125028 2.889187 0.992056
v 1.120161 2.887338 0.989290
v 1.114879 2.886200 0.987587
v 1.137001 2.900850 1.011978
v 1.135399 2.896075 1.007203
v 1.132797 2.891674 1.002802
v 1.129295 2.887816 0.998945
v 1.125028 2.884651 0.995779
v 1.120161 2.882298 0.993426
v 1.114879 2.880849 0.991978
v 1.137001 2.899977 1.013043
v 1.135399 2.894361 1.009291
v 1.132797 2.889187 1.005833
v 1.129295 2.884651 1.002802
v 1.125028 2.880928 1.000315
v 1.120161 2.878162 0.998466
v 1.114879 2.876459 0.997328
v 1.137001 2.899328 1.014257
v 1.135399 2.893088 1.011672
v 1.132797 2.887338 1.009291
v 1.129295 2.882298 1.007203
v 1.125028 2.878162 1.005490
v 1.120161 2.875088 1.004217
v 1.114879 2.873196 1.003433
v 1.137001 2.898928 1.015574
v 1.135399 2.892304 1.014257
v 1.132797 2.886200 1.013043
v 1.129295 2.880849 1.011978
v 1.125028 2.876459 1.011105
v 1.120161 2.873196 1.010456
v 1.114879 2.871186 1.010056
v 1.137001 2.898793 1.016945
v 1.135399 2.892040 1.016945
v 1.132797 2.885816 1.016945
v 1.129295 2.880360 1.016945
v 1.125028 2.875883 1.016945
v 1.120161 2.872557 1.016945
v 1.114879 2.870508 1.016945
v 1.137001 2.898928 1.018315
v 1.135399 2.892304 1.019632
v 1.132797 2.886200 1.020846
v 1.129295 2.880849 1.021911
v 1.125028 2.876459 1.022784
v 1.120161 2.873196 1.023433
v 1.114879 2.871186 1.023833
v 1.137001 2.899328 1.019632
v 1.135399 2.893088 1.022217
v 1.132797 2.887338 1.024598
v 1.129295 2.882298 1.026686
v 1.125028 2.878162 1.028399
v 1.120161 2.875088 1.029672
v 1.114879 2.873196 1.030456
v 1.137001 2.899977 1.020846
v 1.135399 2.894361 1.024598
v 1.132797 2.889187 1.028056
v 1.129295 2.884651 1.031087
v 1.125028 2.880928 1.033574
v 1.120161 2.878162 1.035423
v 1.114879 2.876459 1.036561
v 1.137542 2.905816 1.016945
v 1.137001 2.900850 1.021911
v 1.135399 2.896075 1.026686
v 1.132797 2.891674 1.031087
v 1.129295 2.887816 1.034944
v 1.125028 2.884651 1.038110
v 1.120161 2.882298 1.040463
v 1.114879 2.880849 1.041911
v 1.137001 2.901914 1.022784
v 1.135399 2.898162 1.028399
v 1.132797 2.894704 1.033574
v 1.129295 2.891674 1.038110
v 1.125028 2.889187 1.041833
v 1.120161 2.887338 1.044599
v 1.114879 2.886200 1.046302
v 1.137001 2.903129 1.023433
v 1.135399 2.900544 1.029672
v 1.132797 2.898162 1.035423
v 1.129295 2.896075 1.040463
v 1.125028 2.894361 1.044599
v 1.120161 2.893088 1.047672
v 1.114879 2.892304 1.049565
v 1.137001 2.904446 1.023833
v 1.135399 2.903129 1.030456
v 1.132797 2.901914 1.036561
v 1.129295 2.900850 1.041911
v 1.125028 2.899977 1.046302
v 1.120161 2.899328 1.049565
v 1.114879 2.898928 1.051574
v 1.137001 2.905816 1.023968
v 1.135399 2.905816 1.030721
v 1.132797 2.905816 1.036945
v 1.129295 2.905816 1.042400
v 1.125028 2.905816 1.046877
v 1.120161 2.905816 1.050204
v 1.114879 2.905816 1.052253
v 1.137001 2.907186 1.023833
v 1.135399 2.908504 1.030456
v 1.132797 2.909718 1.036561
v 1.129295 2.910782 1.041911
v 1.125028 2.911656 1.046302
v 1.120161 2.912305 1.049565
v 1.114879 2.912705 1.051574
v 1.137001 2.908504 1.023433
v 1.135399 2.911088 1.029672
v 1.132797 2.913470 1.035423
v 1.129295 2.915558 1.040463
v 1.125028 2.917271 1.044599
v 1.120161 2.918544 1.047672
v 1.114879 2.919328 1.049565
v 1.137001 2.909718 1.022784
v 1.135399 2.913470 1.028399
v 1.132797 2.916928 1.033574
v 1.129295 2.919959 1.038110
v 1.125028 2.922446 1.041833
v 1.120161 2.924294 1.044599
v 1.114879 2.925433 1.046302
v 1.137001 2.910782 1.021911
v 1.135399 2.915558 1.026686
v 1.132797 2.919959 1.031087
v 1.129295 2.923816 1.034944
v 1.125028 2.926982 1.038110
v 1.120161 2.929334 1.040463
v 1.114879 2.930783 1.041911
v 1.137001 2.911656 1.020846
v 1.135399 2.917271 1.024598
v 1.132797 2.922446 1.028056
v 1.129295 2.926982 1.031087
v 1.125028 2.930704 1.033574
v 1.120161 2.933471 1.035423
v 1.114879 2.935174 1.036561
v 1.137001 2.912305 1.019632
v 1.135399 2.918544 1.022217
v 1.132797 2.924294 1.024598
v 1.129295 2.929334 1.026686
v 1.125028 2.933471 1.028399
v 1.120161 2.936544 1.029672
v 1.114879 2.938437 1.030456
v 1.137001 2.912705 1.018315
v 1.135399 2.919328 1.019632
v 1.132797 2.925433 1.020846
v 1.129295 2.930783 1.021911
v 1.125028 2.935174 1.022784
v 1.120161 2.938437 1.023433
v 1.114879 2.940446 1.023833
v 1.137001 1.877245 1.016945
v 1.135399 1.883998 1.016945
v 1.132797 1.890222 1.016945
v 1.129295 1.895678 1.016945
v 1.125028 1.900155 1.016945
v 1.120161 1.903481 1.016945
v 1.114879 1.905530 1.016945
v 1.137001 1.877110 1.015574
v 1.135399 1.883734 1.014257
v 1.132797 1.889838 1.013043
v 1.129295 1.895188 1.011978
v 1.125028 1.899580 1.011105
v 1.120161 1.902842 1.010456
v 1.114879 1.904852 1.010056
v 1.137001 1.876710 1.014257
v 1.135399 1.882950 1.011672
v 1.132797 1.888700 1.009291
v 1.129295 1.893740 1.007203
v 1.125028 1.897876 1.005490
v 1.120161 1.900950 1.004217
v 1.114879 1.902842 1.003433
v 1.137001 1.876061 1.013043
v 1.135399 1.881677 1.009291
v 1.132797 1.886852 1.005833
v 1.129295 1.891388 1.002802
v 1.125028 1.895110 1.000315
v 1.120161 1.897876 0.998466
v 1.114879 1.899580 0.997328
v 1.137001 1.875188 1.011978
v 1.135399 1.879963 1.007203
v 1.132797 1.884364 1.002802
v 1.129295 1.888222 0.998945
v 1.125028 1.891388 0.995779
v 1.120161 1.893740 0.993426
v 1.114879 1.895188 0.991978
v 1.137001 1.874124 1.011105
v 1.135399 1.877876 1.005490
v 1.132797 1.881333 1.000315
v 1.129295 1.884364 0.995779
v 1.125028 1.886852 0.992056
v 1.120161 1.888700 0.989290
v 1.114879 1.889838 0.987587
v 1.137001 1.872909 1.010456
v 1.135399 1.875494 1.004217
v 1.132797 1.877876 0.998466
v 1.129295 1.879963 0.993426
v 1.125028 1.881677 0.989290
v 1.120161 1.882950 0.986217
v 1.114879 1.883734 0.984324
v 1.137001 1.871592 1.010056
v 1.135399 1.872909 1.003433
v 1.132797 1.874124 0.997328
v 1.129295 1.875188 0.991978
v 1.125028 1.876061 0.987587
v 1.120161 1.876710 0.984324
v 1.114879 1.877110 0.982315
v 1.137001 1.870222 1.009921
v 1.135399 1.870222 1.003168
v 1.132797 1.870222 0.996944
v 1.129295 1.870222 0.991489
v 1.125028 1.870222 0.987012
v 1.120161 1.870222 0.983685
v 1.114879 1.870222 0.981636
v 1.137001 1.868852 1.010056
v 1.135399 1.867534 1.003433
v 1.132797 1.866320 0.997328
v 1.129295 1.865255 0.991978
v 1.125028 1.864382 0.987587
v 1.120161 1.863733 0.984324
v 1.114879 1.863333 0.982315
v 1.137001 1.867534 1.010456
v 1.135399 1.864950 1.004217
v 1.132797 1.862568 0.998466
v 1.129295 1.860480 0.993426
v 1.125028 1.858767 0.989290
v 1.120161 1.857494 0.986217
v 1.114879 1.856710 0.984324
v 1.137001 1.866320 1.011105
v 1.135399 1.862568 1.005490
v 1.132797 1.859110 1.000315
v 1.129295 1.856079 0.995779
v 1.125028 1.853592 0.992056
v 1.120161 1.851744 0.989290
v 1.114879 1.850605 0.987587
v 1.137001 1.865255 1.011978
v 1.135399 1.860480 1.007203
v 1.132797 1.856079 1.002802
v 1.129295 1.852222 0.998945
v 1.125028 1.849056 0.995779
v 1.120161 1.846704 0.993426
v 1.114879 1.845255 0.991978
v 1.137001 1.864382 1.013043
v 1.135399 1.858767 1.009291
v 1.132797 1.853592 1.005833
v 1.129295 1.849056 1.002802
v 1.125028 1.845333 1.000315
v 1.120161 1.842567 0.998466
v 1.114879 1.840864 0.997328
v 1.137001 1.863733 1.014257
v 1.135399 1.857494 1.011672
v 1.132797 1.851744 1.009291
v 1.129295 1.846704 1.007203
v 1.125028 1.842567 1.005490
v 1.120161 1.839494 1.004217
v 1.114879 1.837601 1.003433
v 1.137001 1.863333 1.015574
v 1.135399 1.856710 1.014257
v 1.132797 1.850605 1.013043
v 1.129295 1.845255 1.011978
v 1.125028 1.840864 1.011105
v 1.120161 1.837601 1.010456
v 1.114879 1.835592 1.010056
v 1.137001 1.863198 1.016945
v 1.135399 1.856445 1.016945
v 1.132797 1.850221 1.016945
v 1.129295 1.844766 1.016945
v 1.125028 1.840289 1.016945
v 1.120161 1.836962 1.016945
v 1.114879 1.834913 1.016945
v 1.137001 1.863333 1.018315
v 1.135399 1.856710 1.019632
v 1.132797 1.850605 1.020846
v 1.129295 1.845255 1.021911
v 1.125028 1.840864 1.022784
v 1.120161 1.837601 1.023433
v 1.114879 1.835592 1.023833
v 1.137001 1.863733 1.019632
v 1.135399 1.857494 1.022217
v 1.132797 1.851744 1.024598
v 1.129295 1.846704 1.026686
v 1.125028 1.842567 1.028399
v 1.120161 1.839494 1.029672
v 1.114879 1.837601 1.030456
v 1.137001 1.864382 1.020846
v 1.135399 1.858767 1.024598
v 1.132797 1.853592 1.028056
v 1.129295 1.849056 1.031087
v 1.125028 1.845333 1.033574
v 1.120161 1.842567 1.035423
v 1.114879 1.840864 1.036561
v 1.137542 1.870222 1.016945
v 1.137001 1.865255 1.021911
v 1.135399 1.860480 1.026686
v 1.132797 1.856079 1.031087
v 1.129295 1.852222 1.034944
v 1.125028 1.849056 1.038110
v 1.120161 1.846704 1.040463
v 1.114879 1.845255 1.041911
v 1.137001 1.866320 1.022784
v 1.135399 1.862568 1.028399
v 1.132797 1.859110 1.033574
v 1.129295 1.856079 1.038110
v 1.125028 1.853592 1.041833
v 1.120161 1.851744 1.044599
v 1.114879 1.850605 1.046302
v 1.137001 1.867534 1.023433
v 1.135399 1.864950 1.029672
v 1.132797 1.862568 1.035423
v 1.129295 1.860480 1.040463
v 1.125028 1.858767 1.044599
v 1.120161 1.857494 1.047672
v 1.114879 1.856710 1.049565
v 1.137001 1.868852 1.023833
v 1.135399 1.867534 1.030456
v 1.132797 1.866320 1.036561
v 1.129295 1.865255 1.041911
v 1.125028 1.864382 1.046302
v 1.120161 1.863733 1.049565
v 1.114879 1.863333 1.051574
v 1.137001 1.870222 1.023968
v 1.135399 1.870222 1.030721
v 1.132797 1.870222 1.036945
v 1.129295 1.870222 1.042400
v 1.125028 1.870222 1.046877
v 1.120161 1.870222 1.050204
v 1.114879 1.870222 1.052253
v 1.137001 1.871592 1.023833
v 1.135399 1.872909 1.030456
v 1.132797 1.874124 1.036561
v 1.129295 1.875188 1.041911
v 1.125028 1.876061 1.046302
v 1.120161 1.876710 1.049565
v 1.114879 1.877110 1.051574
v 1.137001 1.872909 1.023433
v 1.135399 1.875494 1.029672
v 1.132797 1.877876 1.035423
v 1.129295 1.879963 1.040463
v 1.125028 1.881677 1.044599
v 1.120161 1.882950 1.047672
v 1.114879 1.883734 1.049565
v 1.137001 1.874124 1.022784
v 1.135399 1.877876 1.028399
v 1.132797 1.881333 1.033574
v 1.129295 1.884364 1.038110
v 1.125028 1.886852 1.041833
v 1.120161 1.888700 1.044599
v 1.114879 1.889838 1.046302
v 1.137001 1.875188 1.021911
v 1.135399 1.879963 1.026686
v 1.132797 1.884364 1.031087
v 1.129295 1.888222 1.034944
v 1.125028 1.891387 1.038110
v 1.120161 1.893740 1.040463
v 1.114879 1.895188 1.041911
v 1.137001 1.876061 1.020846
v 1.135399 1.881677 1.024598
v 1.132797 1.886852 1.028056
v 1.129295 1.891387 1.031087
v 1.125028 1.895110 1.033574
v 1.120161 1.897876 1.035423
v 1.114879 1.899580 1.036561
v 1.137001 1.876710 1.019632
v 1.135399 1.882950 1.022217
v 1.132797 1.888700 1.024598
v 1.129295 1.893740 1.026686
v 1.125028 1.897876 1.028399
v 1.120161 1.900950 1.029672
v 1.114879 1.902842 1.030456
v 1.137001 1.877110 1.018315
v 1.135399 1.883734 1.019632
v 1.132797 1.889838 1.020846
v 1.129295 1.895188 1.021911
v 1.125028 1.899580 1.022784
v 1.120161 1.902842 1.023433
v 1.114879 1.904852 1.023833
v 1.137001 0.672939 1.016945
v 1.135399 0.679692 1.016945
v 1.132797 0.685916 1.016945
v 1.129295 0.691372 1.016945
v 1.125028 0.695849 1.016945
v 1.120161 0.699175 1.016945
v 1.114879 0.701224 1.016945
v 1.137001 0.672804 1.015574
v 1.135399 0.679428 1.014257
v 1.132797 0.685532 1.013043
v 1.129295 0.690883 1.011978
v 1.125028 0.695274 1.011105
v 1.120161 0.698537 1.010456
v 1.114879 0.700546 1.010056
v 1.137001 0.672405 1.014257
v 1.135399 0.678644 1.011672
v 1.132797 0.684394 1.009291
v 1.129295 0.689434 1.007203
v 1.125028 0.693570 1.005490
v 1.120161 0.696644 1.004217
v 1.114879 0.698537 1.003433
v 1.137001 0.671755 1.013043
v 1.135399 0.677371 1.009291
v 1.132797 0.682546 1.005833
v 1.129295 0.687082 1.002802
v 1.125028 0.690804 1.000315
v 1.120161 0.693570 0.998466
v 1.114879 0.695274 0.997328
v 1.137001 0.670882 1.011978
v 1.135399 0.675657 1.007203
v 1.132797 0.680058 1.002802
v 1.129295 0.683916 0.998945
v 1.125028 0.687082 0.995779
v 1.120161 0.689434 0.993426
v 1.114879 0.690883 0.991978
v 1.137001 0.669818 1.011105
v 1.135399 0.673570 1.005490
v 1.132797 0.677028 1.000315
v 1.129295 0.680058 0.995779
v 1.125028 0.682546 0.992056
v 1.120161 0.684394 0.989290
v 1.114879 0.685532 0.987587
v 1.137001 0.668604 1.010456
v 1.135399 0.671188 1.004217
v 1.132797 0.673570 0.998466
v 1.129295 0.675657 0.993426
v 1.125028 0.677371 0.989290
v 1.120161 0.678644 0.986217
v 1.114879 0.679428 0.984324
v 1.137001 0.667286 1.010056
v 1.135399 0.668604 1.003433
v 1.132797 0.669818 0.997328
v 1.129295 0.670882 0.991978
v 1.125028 0.671755 0.987587
v 1.120161 0.672404 0.984324
v 1.114879 0.672804 0.982315
v 1.137001 0.665916 1.009921
v 1.135399 0.665916 1.003168
v 1.132797 0.665916 0.996944
v 1.129295 0.665916 0.991489
v 1.125028 0.665916 0.987012
v 1.120161 0.665916 0.983685
v 1.114879 0.665916 0.981636
v 1.137001 0.664546 1.010056
v 1.135399 0.663228 1.003433
v 1.132797 0.662014 0.997328
v 1.129295 0.660950 0.991978
v 1.125028 0.660076 0.987587
v 1.120161 0.659427 0.984324
v 1.114879 0.659028 0.982315
v 1.137001 0.663228 1.010456
v 1.135399 0.660644 1.004217
v 1.132797 0.658262 0.998466
v 1.129295 0.656174 0.993426
v 1.125028 0.654461 0.989290
v 1.120161 0.653188 0.986217
v 1.114879 0.652404 0.984324
v 1.137001 0.662014 1.011105
v 1.135399 0.658262 1.005490
v 1.132797 0.654804 1.000315
v 1.129295 0.651773 0.995779
v 1.125028 0.649286 0.992056
v 1.120161 0.647438 0.989290
v 1.114879 0.646300 0.987587
v 1.137001 0.660950 1.011978
v 1.135399 0.656174 1.007203
v 1.132797 0.651773 1.002802
v 1.129295 0.647916 0.998945
v 1.125028 0.644750 0.995779
v 1.120161 0.642398 0.993426
v 1.114879 0.640949 0.991978
v 1.137001 0.660076 1.013043
v 1.135399 0.654461 1.009291
v 1.132797 0.649286 1.005833
v 1.129295 0.644750 1.002802
v 1.125028 0.641028 1.000315
v 1.120161 0.638261 0.998466
v 1.114879 0.636558 0.997328
v 1.137001 0.659427 1.014257
v 1.135399 0.653188 1.011672
v 1.132797 0.647438 1.009291
v 1.129295 0.642398 1.007203
v 1.125028 0.638261 1.005490
v 1.120161 0.635188 1.004217
v 1.114879 0.633295 1.003433
v 1.137001 0.659028 1.015574
v 1.135399 0.652404 1.014257
v 1.132797 0.646300 1.013043
v 1.129295 0.640949 1.011978
v 1.125028 0.636558 1.011105
v 1.120161 0.633295 1.010456
v 1.114879 0.631286 1.010056
v 1.137001 0.658893 1.016945
v 1.135399 0.652139 1.016945
v 1.132797 0.645915 1.016945
v 1.129295 0.640460 1.016945
v 1.125028 0.635983 1.016945
v 1.120161 0.632656 1.016945
v 1.114879 0.630608 1.016945
v 1.137001 0.659028 1.018315
v 1.135399 0.652404 1.019632
v 1.132797 0.646300 1.020846
v 1.129295 0.640949 1.021911
v 1.125028 0.636558 1.022784
v 1.120161 0.633295 1.023433
v 1.114879 0.631286 1.023833
v 1.137001 0.659427 1.019632
v 1.135399 0.653188 1.022217
v 1.132797 0.647438 1.024598
v 1.129295 0.642398 1.026686
v 1.125028 0.638261 1.028399
v 1.120161 0.635188 1.029672
v 1.114879 0.633295 1.030456
v 1.137001 0.660076 1.020846
v 1.135399 0.654461 1.024598
v 1.132797 0.649286 1.028056
v 1.129295 0.644750 1.031087
v 1.125028 0.641028 1.033574
v 1.120161 0.638261 1.035423
v 1.114879 0.636558 1.036561
v 1.137542 0.665916 1.016945
v 1.137001 0.660950 1.021911
v 1.135399 0.656174 1.026686
v 1.132797 0.651773 1.031087
v 1.129295 0.647916 1.034944
v 1.125028 0.644750 1.038110
v 1.120161 0.642398 1.040463
v 1.114879 0.640949 1.041911
v 1.137001 0.662014 1.022784
v 1.135399 0.658262 1.028399
v 1.132797 0.654804 1.033574
v 1.129295 0.651773 1.038110
v 1.125028 0.649286 1.041833
v 1.120161 0.647438 1.044599
v 1.114879 0.646300 1.046302
v 1.137001 0.663228 1.023433
v 1.135399 0.660644 1.029672
v 1.132797 0.658262 1.035423
v 1.129295 0.656174 1.040463
v 1.125028 0.654461 1.044599
v 1.120161 0.653188 1.047672
v 1.114879 0.652404 1.049565
v 1.137001 0.664546 1.023833
v 1.135399 0.663228 1.030456
v 1.132797 0.662014 1.036561
v 1.129295 0.660950 1.041911
v 1.125028 0.660076 1.046302
v 1.120161 0.659427 1.049565
v 1.114879 0.659028 1.051574
v 1.137001 0.665916 1.023968
v 1.135399 0.665916 1.030721
v 1.132797 0.665916 1.036945
v 1.129295 0.665916 1.042400
v 1.125028 0.665916 1.046877
v 1.120161 0.665916 1.050204
v 1.114879 0.665916 1.052253
v 1.137001 0.667286 1.023833
v 1.135399 0.668604 1.030456
v 1.132797 0.669818 1.036561
v 1.129295 0.670882 1.041911
v 1.125028 0.671755 1.046302
v 1.120161 0.672404 1.049565
v 1.114879 0.672804 1.051574
v 1.137001 0.668604 1.023433
v 1.135399 0.671188 1.029672
v 1.132797 0.673570 1.035423
v 1.129295 0.675657 1.040463
v 1.125028 0.677371 1.044599
v 1.120161 0.678644 1.047672
v 1.114879 0.679428 1.049565
v 1.137001 0.669818 1.022784
v 1.135399 0.673570 1.028399
v 1.132797 0.677028 1.033574
v 1.129295 0.680058 1.038110
v 1.125028 0.682546 1.041833
v 1.120161 0.684394 1.044599
v 1.114879 0.685532 1.046302
v 1.137001 0.670882 1.021911
v 1.135399 0.675657 1.026686
v 1.132797 0.680058 1.031087
v 1.129295 0.683916 1.034944
v 1.125028 0.687082 1.038110
v 1.120161 0.689434 1.040463
v 1.114879 0.690883 1.041911
v 1.137001 0.671755 1.020846
v 1.135399 0.677371 1.024598
v 1.132797 0.682546 1.028056
v 1.129295 0.687082 1.031087
v 1.125028 0.690804 1.033574
v 1.120161 0.693570 1.035423
v 1.114879 0.695274 1.036561
v 1.137001 0.672404 1.019632
v 1.135399 0.678644 1.022217
v 1.132797 0.684394 1.024598
v 1.129295 0.689434 1.026686
v 1.125028 0.693570 1.028399
v 1.120161 0.696644 1.029672
v 1.114879 0.698536 1.030456
v 1.137001 0.672804 1.018315
v 1.135399 0.679428 1.019632
v 1.132797 0.685532 1.020846
v 1.129295 0.690883 1.021911
v 1.125028 0.695274 1.022784
v 1.120161 0.698536 1.023433
v 1.114879 0.700546 1.023833
v -1.137112 2.912840 1.016945
v -1.135510 2.919593 1.016945
v -1.132908 2.925817 1.016945
v -1.129406 2.931272 1.016945
v -1.125140 2.935749 1.016945
v -1.120272 2.939076 1.016945
v -1.114990 2.941124 1.016945
v -1.137112 2.912704 1.018315
v -1.135510 2.919328 1.019632
v -1.132908 2.925432 1.020847
v -1.129406 2.930783 1.021911
v -1.125140 2.935174 1.022784
v -1.120272 2.938437 1.023433
v -1.114990 2.940446 1.023833
v -1.137112 2.912305 1.019632
v -1.135510 2.918544 1.022217
v -1.132908 2.924294 1.024598
v -1.129406 2.929334 1.026686
v -1.125140 2.933471 1.028399
v -1.120272 2.936544 1.029673
v -1.114990 2.938437 1.030457
v -1.137112 2.911656 1.020847
v -1.135510 2.917271 1.024598
v -1.132908 2.922446 1.028056
v -1.129406 2.926982 1.031087
v -1.125140 2.930704 1.033574
v -1.120272 2.933471 1.035423
v -1.114990 2.935174 1.036561
v -1.137112 2.910782 1.021911
v -1.135510 2.915558 1.026686
v -1.132908 2.919959 1.031087
v -1.129406 2.923816 1.034945
v -1.125140 2.926982 1.038110
v -1.120272 2.929334 1.040463
v -1.114990 2.930783 1.041911
v -1.137112 2.909718 1.022784
v -1.135510 2.913470 1.028399
v -1.132908 2.916928 1.033574
v -1.129406 2.919959 1.038110
v -1.125140 2.922446 1.041833
v -1.120272 2.924294 1.044599
v -1.114990 2.925432 1.046302
v -1.137112 2.908504 1.023433
v -1.135510 2.911088 1.029673
v -1.132908 2.913470 1.035423
v -1.129406 2.915558 1.040463
v -1.125140 2.917271 1.044599
v -1.120272 2.918544 1.047673
v -1.114990 2.919328 1.049565
v -1.137112 2.907186 1.023833
v -1.135510 2.908504 1.030457
v -1.132908 2.909718 1.036561
v -1.129406 2.910782 1.041911
v -1.125140 2.911656 1.046302
v -1.120272 2.912305 1.049565
v -1.114990 2.912704 1.051574
v -1.137112 2.905816 1.023968
v -1.135510 2.905816 1.030721
v -1.132908 2.905816 1.036945
v -1.129406 2.905816 1.042400
v -1.125140 2.905816 1.046878
v -1.120272 2.905816 1.050204
v -1.114990 2.905816 1.052253
v -1.137112 2.904446 1.023833
v -1.135510 2.903129 1.030457
v -1.132908 2.901914 1.036561
v -1.129406 2.900850 1.041911
v -1.125140 2.899977 1.046302
v -1.120272 2.899328 1.049565
v -1.114990 2.898928 1.051574
v -1.137112 2.903129 1.023433
v -1.135510 2.900544 1.029673
v -1.132908 2.898162 1.035423
v -1.129406 2.896075 1.040463
v -1.125140 2.894361 1.044599
v -1.120272 2.893088 1.047673
v -1.114990 2.892304 1.049565
v -1.137112 2.901914 1.022784
v -1.135510 2.898162 1.028399
v -1.132908 2.894704 1.033574
v -1.129406 2.891674 1.038110
v -1.125140 2.889186 1.041833
v -1.120272 2.887338 1.044599
v -1.114990 2.886200 1.046302
v -1.137112 2.900850 1.021911
v -1.135510 2.896075 1.026686
v -1.132908 2.891674 1.031087
v -1.129406 2.887816 1.034945
v -1.125140 2.884650 1.038110
v -1.120272 2.882298 1.040463
v -1.114990 2.880849 1.041911
v -1.137112 2.899977 1.020847
v -1.135510 2.894361 1.024598
v -1.132908 2.889186 1.028056
v -1.129406 2.884650 1.031087
v -1.125140 2.880928 1.033574
v -1.120272 2.878162 1.035423
v -1.114990 2.876459 1.036561
v -1.137112 2.899328 1.019632
v -1.135510 2.893088 1.022217
v -1.132908 2.887338 1.024598
v -1.129406 2.882298 1.026686
v -1.125140 2.878162 1.028399
v -1.120272 2.875088 1.029673
v -1.114990 2.873196 1.030457
v -1.137112 2.898928 1.018315
v -1.135510 2.892304 1.019632
v -1.132908 2.886200 1.020847
v -1.129406 2.880849 1.021911
v -1.125140 2.876459 1.022784
v -1.120272 2.873196 1.023433
v -1.114990 2.871186 1.023833
v -1.137112 2.898793 1.016945
v -1.135510 2.892040 1.016945
v -1.132908 2.885816 1.016945
v -1.129406 2.880360 1.016945
v -1.125140 2.875883 1.016945
v -1.120272 2.872557 1.016945
v -1.114990 2.870508 1.016945
v -1.137112 2.898928 1.015575
v -1.135510 2.892304 1.014257
v -1.132908 2.886200 1.013043
v -1.129406 2.880849 1.011978
v -1.125140 2.876459 1.011105
v -1.120272 2.873196 1.010456
v -1.114990 2.871186 1.010056
v -1.137112 2.899328 1.014257
v -1.135510 2.893088 1.011673
v -1.132908 2.887338 1.009291
v -1.129406 2.882298 1.007203
v -1.125140 2.878162 1.005490
v -1.120272 2.875088 1.004217
v -1.114990 2.873196 1.003433
v -1.137112 2.899977 1.013043
v -1.135510 2.894361 1.009291
v -1.132908 2.889186 1.005833
v -1.129406 2.884650 1.002802
v -1.125140 2.880928 1.000315
v -1.120272 2.878162 0.998467
v -1.114990 2.876459 0.997328
v -1.137653 2.905816 1.016945
v -1.137112 2.900850 1.011978
v -1.135510 2.896075 1.007203
v -1.132908 2.891674 1.002802
v -1.129406 2.887816 0.998945
v -1.125140 2.884650 0.995779
v -1.120272 2.882298 0.993426
v -1.114990 2.880849 0.991978
v -1.137112 2.901914 1.011105
v -1.135510 2.898162 1.005490
v -1.132908 2.894704 1.000315
v -1.129406 2.891674 0.995779
v -1.125140 2.889186 0.992056
v -1.120272 2.887338 0.989290
v -1.114990 2.886200 0.987587
v -1.137112 2.903129 1.010456
v -1.135510 2.900544 1.004217
v -1.132908 2.898162 0.998467
v -1.129406 2.896075 0.993426
v -1.125140 2.894361 0.989290
v -1.120272 2.893088 0.986217
v -1.114990 2.892304 0.984324
v -1.137112 2.904446 1.010056
v -1.135510 2.903129 1.003433
v -1.132908 2.901914 0.997328
v -1.129406 2.900850 0.991978
v -1.125140 2.899977 0.987587
v -1.120272 2.899328 0.984324
v -1.114990 2.898928 0.982315
v -1.137112 2.905816 1.009921
v -1.135510 2.905816 1.003168
v -1.132908 2.905816 0.996944
v -1.129406 2.905816 0.991489
v -1.125140 2.905816 0.987012
v -1.120272 2.905816 0.983685
v -1.114990 2.905816 0.981636
v -1.137112 2.907186 1.010056
v -1.135510 2.908504 1.003433
v -1.132908 2.909718 0.997328
v -1.129406 2.910782 0.991978
v -1.125140 2.911656 0.987587
v -1.120272 2.912305 0.984324
v -1.114990 2.912704 0.982315
v -1.137112 2.908504 1.010456
v -1.135510 2.911088 1.004217
v -1.132908 2.913470 0.998467
v -1.129406 2.915558 0.993426
v -1.125140 2.917271 0.989290
v -1.120272 2.918544 0.986217
v -1.114990 2.919328 0.984324
v -1.137112 2.909718 1.011105
v -1.135510 2.913470 1.005490
v -1.132908 2.916928 1.000315
v -1.129406 2.919959 0.995779
v -1.125140 2.922446 0.992056
v -1.120272 2.924294 0.989290
v -1.114990 2.925432 0.987587
v -1.137112 2.910782 1.011978
v -1.135510 2.915558 1.007203
v -1.132908 2.919959 1.002802
v -1.129406 2.923816 0.998945
v -1.125140 2.926982 0.995779
v -1.120272 2.929334 0.993426
v -1.114990 2.930783 0.991978
v -1.137112 2.911656 1.013043
v -1.135510 2.917271 1.009291
v -1.132908 2.922446 1.005833
v -1.129406 2.926982 1.002802
v -1.125140 2.930704 1.000315
v -1.120272 2.933471 0.998467
v -1.114990 2.935174 0.997328
v -1.137112 2.912305 1.014257
v -1.135510 2.918544 1.011673
v -1.132908 2.924294 1.009291
v -1.129406 2.929334 1.007203
v -1.125140 2.933471 1.005490
v -1.120272 2.936544 1.004217
v -1.114990 2.938437 1.003433
v -1.137112 2.912704 1.015575
v -1.135510 2.919328 1.014257
v -1.132908 2.925432 1.013043
v -1.129406 2.930783 1.011978
v -1.125140 2.935174 1.011105
v -1.120272 2.938437 1.010456
v -1.114990 2.940446 1.010056
v -1.137112 1.877245 1.016945
v -1.135510 1.883998 1.016945
v -1.132908 1.890222 1.016945
v -1.129406 1.895678 1.016945
v -1.125140 1.900155 1.016945
v -1.120272 1.903481 1.016945
v -1.114990 1.905530 1.016945
v -1.137112 1.877110 1.018315
v -1.135510 1.883734 1.019632
v -1.132908 1.889838 1.020847
v -1.129406 1.895188 1.021911
v -1.125140 1.899580 1.022784
v -1.120272 1.902842 1.023433
v -1.114990 1.904852 1.023833
v -1.137112 1.876710 1.019632
v -1.135510 1.882950 1.022217
v -1.132908 1.888700 1.024598
v -1.129406 1.893740 1.026686
v -1.125140 1.897876 1.028399
v -1.120272 1.900950 1.029673
v -1.114990 1.902842 1.030457
v -1.137112 1.876061 1.020847
v -1.135510 1.881677 1.024598
v -1.132908 1.886852 1.028056
v -1.129406 1.891388 1.031087
v -1.125140 1.895110 1.033574
v -1.120272 1.897876 1.035423
v -1.114990 1.899580 1.036561
v -1.137112 1.875188 1.021911
v -1.135510 1.879963 1.026686
v -1.132908 1.884364 1.031087
v -1.129406 1.888222 1.034945
v -1.125140 1.891388 1.038110
v -1.120272 1.893740 1.040463
v -1.114990 1.895188 1.041911
v -1.137112 1.874124 1.022784
v -1.135510 1.877876 1.028399
v -1.132908 1.881333 1.033574
v -1.129406 1.884364 1.038110
v -1.125140 1.886852 1.041833
v -1.120272 1.888700 1.044599
v -1.114990 1.889838 1.046302
v -1.137112 1.872909 1.023433
v -1.135510 1.875494 1.029673
v -1.132908 1.877876 1.035423
v -1.129406 1.879963 1.040463
v -1.125140 1.881677 1.044599
v -1.120272 1.882950 1.047673
v -1.114990 1.883734 1.049565
v -1.137112 1.871592 1.023833
v -1.135510 1.872909 1.030457
v -1.132908 1.874124 1.036561
v -1.129406 1.875188 1.041911
v -1.125140 1.876061 1.046302
v -1.120272 1.876710 1.049565
v -1.114990 1.877110 1.051574
v -1.137112 1.870222 1.023968
v -1.135510 1.870222 1.030721
v -1.132908 1.870222 1.036945
v -1.129406 1.870222 1.042400
v -1.125140 1.870222 1.046878
v -1.120272 1.870222 1.050204
v -1.114990 1.870222 1.052253
v -1.137112 1.868852 1.023833
v -1.135510 1.867534 1.030457
v -1.132908 1.866320 1.036561
v -1.129406 1.865255 1.041911
v -1.125140 1.864382 1.046302
v -1.120272 1.863733 1.049565
v -1.114990 1.863333 1.051574
v -1.137112 1.867534 1.023433
v -1.135510 1.864950 1.029673
v -1.132908 1.862568 1.035423
v -1.129406 1.860480 1.040463
v -1.125140 1.858767 1.044599
v -1.120272 1.857494 1.047673
v -1.114990 1.856710 1.049565
v -1.137112 1.866320 1.022784
v -1.135510 1.862568 1.028399
v -1.132908 1.859110 1.033574
v -1.129406 1.856079 1.038110
v -1.125140 1.853592 1.041833
v -1.120272 1.851744 1.044599
v -1.114990 1.850605 1.046302
v -1.137112 1.865255 1.021911
v -1.135510 1.860480 1.026686
v -1.132908 1.856079 1.031087
v -1.129406 1.852222 1.034945
v -1.125140 1.849056 1.038110
v -1.120272 1.846704 1.040463
v -1.114990 1.845255 1.041911
v -1.137112 1.864382 1.020847
v -1.135510 1.858767 1.024598
v -1.132908 1.853592 1.028056
v -1.129406 1.849056 1.031087
v -1.125140 1.845333 1.033574
v -1.120272 1.842567 1.035423
v -1.114990 1.840864 1.036561
v -1.137112 1.863733 1.019632
v -1.135510 1.857494 1.022217
v -1.132908 1.851744 1.024598
v -1.129406 1.846704 1.026686
v -1.125140 1.842567 1.028399
v -1.120272 1.839494 1.029673
v -1.114990 1.837601 1.030457
v -1.137112 1.863333 1.018315
v -1.135510 1.856710 1.019632
v -1.132908 1.850605 1.020847
v -1.129406 1.845255 1.021911
v -1.125140 1.840864 1.022784
v -1.120272 1.837601 1.023433
v -1.114990 1.835592 1.023833
v -1.137112 1.863198 1.016945
v -1.135510 1.856445 1.016945
v -1.132908 1.850221 1.016945
v -1.129406 1.844766 1.016945
v -1.125140 1.840289 1.016945
v -1.120272 1.836962 1.016945
v -1.114990 1.834913 1.016945
v -1.137112 1.863333 1.015575
v -1.135510 1.856710 1.014257
v -1.132908 1.850605 1.013043
v -1.129406 1.845255 1.011978
v -1.125140 1.840864 1.011105
v -1.120272 1.837601 1.010456
v -1.114990 1.835592 1.010056
v -1.137112 1.863733 1.014257
v -1.135510 1.857494 1.011673
v -1.132908 1.851744 1.009291
v -1.129406 1.846704 1.007203
v -1.125140 1.842567 1.005490
v -1.120272 1.839494 1.004217
v -1.114990 1.837601 1.003433
v -1.137112 1.864382 1.013043
v -1.135510 1.858767 1.009291
v -1.132908 1.853592 1.005833
v -1.129406 1.849056 1.002802
v -1.125140 1.845333 1.000315
v -1.120272 1.842567 0.998467
v -1.114990 1.840864 0.997328
v -1.137653 1.870222 1.016945
v -1.137112 1.865255 1.011978
v -1.135510 1.860480 1.007203
v -1.132908 1.856079 1.002802
v -1.129406 1.852222 0.998945
v -1.125140 1.849056 0.995779
v -1.120272 1.846704 0.993426
v -1.114990 1.845255 0.991978
v -1.137112 1.866320 1.011105
v -1.135510 1.862568 1.005490
v -1.132908 1.859110 1.000315
v -1.129406 1.856079 0.995779
v -1.125140 1.853592 0.992056
v -1.120272 1.851744 0.989290
v -1.114990 1.850605 0.987587
v -1.137112 1.867534 1.010456
v -1.135510 1.864950 1.004217
v -1.132908 1.862568 0.998467
v -1.129406 1.860480 0.993426
v -1.125140 1.858767 0.989290
v -1.120272 1.857494 0.986217
v -1.114990 1.856710 0.984324
v -1.137112 1.868852 1.010056
v -1.135510 1.867534 1.003433
v -1.132908 1.866320 0.997328
v -1.129406 1.865255 0.991978
v -1.125140 1.864382 0.987587
v -1.120272 1.863733 0.984324
v -1.114990 1.863333 0.982315
v -1.137112 1.870222 1.009921
v -1.135510 1.870222 1.003168
v -1.132908 1.870222 0.996944
v -1.129406 1.870222 0.991489
v -1.125140 1.870222 0.987012
v -1.120272 1.870222 0.983685
v -1.114990 1.870222 0.981636
v -1.137112 1.871592 1.010056
v -1.135510 1.872909 1.003433
v -1.132908 1.874124 0.997328
v -1.129406 1.875188 0.991978
v -1.125140 1.876061 0.987587
v -1.120272 1.876710 0.984324
v -1.114990 1.877110 0.982315
v -1.137112 1.872909 1.010456
v -1.135510 1.875494 1.004217
v -1.132908 1.877876 0.998467
v -1.129406 1.879963 0.993426
v -1.125140 1.881677 0.989290
v -1.120272 1.882950 0.986217
v -1.114990 1.883734 0.984324
v -1.137112 1.874124 1.011105
v -1.135510 1.877876 1.005490
v -1.132908 1.881333 1.000315
v -1.129406 1.884364 0.995779
v -1.125140 1.886852 0.992056
v -1.120272 1.888700 0.989290
v -1.114990 1.889838 0.987587
v -1.137112 1.875188 1.011978
v -1.135510 1.879963 1.007203
v -1.132908 1.884364 1.002802
v -1.129406 1.888222 0.998945
v -1.125140 1.891387 0.995779
v -1.120272 1.893740 0.993426
v -1.114990 1.895188 0.991978
v -1.137112 1.876061 1.013043
v -1.135510 1.881677 1.009291
v -1.132908 1.886852 1.005833
v -1.129406 1.891387 1.002802
v -1.125140 1.895110 1.000315
v -1.120272 1.897876 0.998467
v -1.114990 1.899580 0.997328
v -1.137112 1.876710 1.014257
v -1.135510 1.882950 1.011673
v -1.132908 1.888700 1.009291
v -1.129406 1.893740 1.007203
v -1.125140 1.897876 1.005490
v -1.120272 1.900950 1.004217
v -1.114990 1.902842 1.003433
v -1.137112 1.877110 1.015575
v -1.135510 1.883734 1.014257
v -1.132908 1.889838 1.013043
v -1.129406 1.895188 1.011978
v -1.125140 1.899580 1.011105
v -1.120272 1.902842 1.010456
v -1.114990 1.904852 1.010056
v -1.137112 0.672939 1.016945
v -1.135510 0.679692 1.016945
v -1.132908 0.685916 1.016945
v -1.129406 0.691372 1.016945
v -1.125140 0.695849 1.016945
v -1.120272 0.699175 1.016945
v -1.114990 0.701224 1.016945
v -1.137112 0.672804 1.018315
v -1.135510 0.679428 1.019632
v -1.132908 0.685532 1.020847
v -1.129406 0.690883 1.021911
v -1.125140 0.695274 1.022784
v -1.120272 0.698537 1.023433
v -1.114990 0.700546 1.023833
v -1.137112 0.672405 1.019632
v -1.135510 0.678644 1.022217
v -1.132908 0.684394 1.024598
v -1.129406 0.689434 1.026686
v -1.125140 0.693570 1.028399
v -1.120272 0.696644 1.029673
v -1.114990 0.698537 1.030457
v -1.137112 0.671755 1.020847
v -1.135510 0.677371 1.024598
v -1.132908 0.682546 1.028056
v -1.129406 0.687082 1.031087
v -1.125140 0.690804 1.033574
v -1.120272 0.693570 1.035423
v -1.114990 0.695274 1.036561
v -1.137112 0.670882 1.021911
v -1.135510 0.675657 1.026686
v -1.132908 0.680058 1.031087
v -1.129406 0.683916 1.034945
v -1.125140 0.687082 1.038110
v -1.120272 0.689434 1.040463
v -1.114990 0.690883 1.041911
v -1.137112 0.669818 1.022784
v -1.135510 0.673570 1.028399
v -1.132908 0.677028 1.033574
v -1.129406 0.680058 1.038110
v -1.125140 0.682546 1.041833
v -1.120272 0.684394 1.044599
v -1.114990 0.685532 1.046302
v -1.137112 0.668604 1.023433
v -1.135510 0.671188 1.029673
v -1.132908 0.673570 1.035423
v -1.129406 0.675657 1.040463
v -1.125140 0.677371 1.044599
v -1.120272 0.678644 1.047673
v -1.114990 0.679428 1.049565
v -1.137112 0.667286 1.023833
v -1.135510 0.668604 1.030457
v -1.132908 0.669818 1.036561
v -1.129406 0.670882 1.041911
v -1.125140 0.671755 1.046302
v -1.120272 0.672405 1.049565
v -1.114990 0.672804 1.051574
v -1.137112 0.665916 1.023968
v -1.135510 0.665916 1.030721
v -1.132908 0.665916 1.036945
v -1.129406 0.665916 1.042400
v -1.125140 0.665916 1.046878
v -1.120272 0.665916 1.050204
v -1.114990 0.665916 1.052253
v -1.137112 0.664546 1.023833
v -1.135510 0.663228 1.030457
v -1.132908 0.662014 1.036561
v -1.129406 0.660950 1.041911
v -1.125140 0.660076 1.046302
v -1.120272 0.659427 1.049565
v -1.114990 0.659028 1.051574
v -1.137112 0.663228 1.023433
v -1.135510 0.660644 1.029673
v -1.132908 0.658262 1.035423
v -1.129406 0.656174 1.040463
v -1.125140 0.654461 1.044599
v -1.120272 0.653188 1.047673
v -1.114990 0.652404 1.049565
v -1.137112 0.662014 1.022784
v -1.135510 0.658262 1.028399
v -1.132908 0.654804 1.033574
v -1.129406 0.651774 1.038110
v -1.125140 0.649286 1.041833
v -1.120272 0.647438 1.044599
v -1.114990 0.646300 1.046302
v -1.137112 0.660950 1.021911
v -1.135510 0.656174 1.026686
v -1.132908 0.651774 1.031087
v -1.129406 0.647916 1.034945
v -1.125140 0.644750 1.038110
v -1.120272 0.642398 1.040463
v -1.114990 0.640949 1.041911
v -1.137112 0.660076 1.020847
v -1.135510 0.654461 1.024598
v -1.132908 0.649286 1.028056
v -1.129406 0.644750 1.031087
v -1.125140 0.641028 1.033574
v -1.120272 0.638261 1.035423
v -1.114990 0.636558 1.036561
v -1.137112 0.659427 1.019632
v -1.135510 0.653188 1.022217
v -1.132908 0.647438 1.024598
v -1.129406 0.642398 1.026686
v -1.125140 0.638261 1.028399
v -1.120272 0.635188 1.029673
v -1.114990 0.633295 1.030457
v -1.137112 0.659028 1.018315
v -1.135510 0.652404 1.019632
v -1.132908 0.646300 1.020847
v -1.129406 0.640949 1.021911
v -1.125140 0.636558 1.022784
v -1.120272 0.633295 1.023433
v -1.114990 0.631286 1.023833
v -1.137112 0.658893 1.016945
v -1.135510 0.652139 1.016945
v -1.132908 0.645915 1.016945
v -1.129406 0.640460 1.016945
v -1.125140 0.635983 1.016945
v -1.120272 0.632656 1.016945
v -1.114990 0.630608 1.016945
v -1.137112 0.659028 1.015575
v -1.135510 0.652404 1.014257
v -1.132908 0.646300 1.013043
v -1.129406 0.640949 1.011978
v -1.125140 0.636558 1.011105
v -1.120272 0.633295 1.010456
v -1.114990 0.631286 1.010056
v -1.137112 0.659427 1.014257
v -1.135510 0.653188 1.011673
v -1.132908 0.647438 1.009291
v -1.129406 0.642398 1.007203
v -1.125140 0.638261 1.005490
v -1.120272 0.635188 1.004217
v -1.114990 0.633295 1.003433
v -1.137112 0.660076 1.013043
v -1.135510 0.654461 1.009291
v -1.132908 0.649286 1.005833
v -1.129406 0.644750 1.002802
v -1.125140 0.641028 1.000315
v -1.120272 0.638261 0.998467
v -1.114990 0.636558 0.997328
v -1.137653 0.665916 1.016945
v -1.137112 0.660950 1.011978
v -1.135510 0.656174 1.007203
v -1.132908 0.651774 1.002802
v -1.129406 0.647916 0.998945
v -1.125140 0.644750 0.995779
v -1.120272 0.642398 0.993426
v -1.114990 0.640949 0.991978
v -1.137112 0.662014 1.011105
v -1.135510 0.658262 1.005490
v -1.132908 0.654804 1.000315
v -1.129406 0.651774 0.995779
v -1.125140 0.649286 0.992056
v -1.120272 0.647438 0.989290
v -1.114990 0.646300 0.987587
v -1.137112 0.663228 1.010456
v -1.135510 0.660644 1.004217
v -1.132908 0.658262 0.998467
v -1.129406 0.656174 0.993426
v -1.125140 0.654461 0.989290
v -1.120272 0.653188 0.986217
v -1.114990 0.652404 0.984324
v -1.137112 0.664546 1.010056
v -1.135510 0.663228 1.003433
v -1.132908 0.662014 0.997328
v -1.129406 0.660950 0.991978
v -1.125140 0.660076 0.987587
v -1.120272 0.659427 0.984324
v -1.114990 0.659028 0.982315
v -1.137112 0.665916 1.009921
v -1.135510 0.665916 1.003168
v -1.132908 0.665916 0.996944
v -1.129406 0.665916 0.991489
v -1.125140 0.665916 0.987012
v -1.120272 0.665916 0.983685
v -1.114990 0.665916 0.981636
v -1.137112 0.667286 1.010056
v -1.135510 0.668604 1.003433
v -1.132908 0.669818 0.997328
v -1.129406 0.670882 0.991978
v -1.125140 0.671755 0.987587
v -1.120272 0.672405 0.984324
v -1.114990 0.672804 0.982315
v -1.137112 0.668604 1.010456
v -1.135510 0.671188 1.004217
v -1.132908 0.673570 0.998467
v -1.129406 0.675657 0.993426
v -1.125140 0.677371 0.989290
v -1.120272 0.678644 0.986217
v -1.114990 0.679428 0.984324
v -1.137112 0.669818 1.011105
v -1.135510 0.673570 1.005490
v -1.132908 0.677028 1.000315
v -1.129406 0.680058 0.995779
v -1.125140 0.682546 0.992056
v -1.120272 0.684394 0.989290
v -1.114990 0.685532 0.987587
v -1.137112 0.670882 1.011978
v -1.135510 0.675657 1.007203
v -1.132908 0.680058 1.002802
v -1.129406 0.683916 0.998945
v -1.125140 0.687082 0.995779
v -1.120272 0.689434 0.993426
v -1.114990 0.690883 0.991978
v -1.137112 0.671755 1.013043
v -1.135510 0.677371 1.009291
v -1.132908 0.682546 1.005833
v -1.129406 0.687082 1.002802
v -1.125140 0.690804 1.000315
v -1.120272 0.693570 0.998467
v -1.114990 0.695274 0.997328
v -1.137112 0.672405 1.014257
v -1.135510 0.678644 1.011673
v -1.132908 0.684394 1.009291
v -1.129406 0.689434 1.007203
v -1.125140 0.693570 1.005490
v -1.120272 0.696644 1.004217
v -1.114990 0.698536 1.003433
v -1.137112 0.672804 1.015575
v -1.135510 0.679428 1.014257
v -1.132908 0.685532 1.013043
v -1.129406 0.690883 1.011978
v -1.125140 0.695274 1.011105
v -1.120272 0.698536 1.010456
v -1.114990 0.700546 1.010056
v -1.137112 2.912840 -1.053055
v -1.135510 2.919593 -1.053055
v -1.132908 2.925817 -1.053055
v -1.129406 2.931272 -1.053055
v -1.125140 2.935749 -1.053055
v -1.120272 2.939076 -1.053055
v -1.114990 2.941124 -1.053055
v -1.137112 2.912704 -1.051685
v -1.135510 2.919328 -1.050368
v -1.132908 2.925432 -1.049153
v -1.129406 2.930783 -1.048089
v -1.125140 2.935174 -1.047216
v -1.120272 2.938437 -1.046567
v -1.114990 2.940446 -1.046167
v -1.137112 2.912305 -1.050368
v -1.135510 2.918544 -1.047783
v -1.132908 2.924294 -1.045402
v -1.129406 2.929334 -1.043314
v -1.125140 2.933471 -1.041601
v -1.120272 2.936544 -1.040328
v -1.114990 2.938437 -1.039544
v -1.137112 2.911656 -1.049153
v -1.135510 2.917271 -1.045402
v -1.132908 2.922446 -1.041944
v -1.129406 2.926982 -1.038913
v -1.125140 2.930704 -1.036426
v -1.120272 2.933471 -1.034577
v -1.114990 2.935174 -1.033439
v -1.137112 2.910782 -1.048089
v -1.135510 2.915558 -1.043314
v -1.132908 2.919959 -1.038913
v -1.129406 2.923816 -1.035055
v -1.125140 2.926982 -1.031890
v -1.120272 2.929334 -1.029537
v -1.114990 2.930783 -1.028089
v -1.137112 2.909718 -1.047216
v -1.135510 2.913470 -1.041601
v -1.132908 2.916928 -1.036426
v -1.129406 2.919959 -1.031890
v -1.125140 2.922446 -1.028167
v -1.120272 2.924294 -1.025401
v -1.114990 2.925432 -1.023697
v -1.137112 2.908504 -1.046567
v -1.135510 2.911088 -1.040328
v -1.132908 2.913470 -1.034577
v -1.129406 2.915558 -1.029537
v -1.125140 2.917271 -1.025401
v -1.120272 2.918544 -1.022327
v -1.114990 2.919328 -1.020435
v -1.137112 2.907186 -1.046167
v -1.135510 2.908504 -1.039544
v -1.132908 2.909718 -1.033439
v -1.129406 2.910782 -1.028089
v -1.125140 2.911656 -1.023697
v -1.120272 2.912305 -1.020435
v -1.114990 2.912704 -1.018426
v -1.137112 2.905816 -1.046032
v -1.135510 2.905816 -1.039279
v -1.132908 2.905816 -1.033055
v -1.129406 2.905816 -1.027599
v -1.125140 2.905816 -1.023122
v -1.120272 2.905816 -1.019796
v -1.114990 2.905816 -1.017747
v -1.137112 2.904446 -1.046167
v -1.135510 2.903129 -1.039544
v -1.132908 2.901914 -1.033439
v -1.129406 2.900850 -1.028089
v -1.125140 2.899977 -1.023697
v -1.120272 2.899328 -1.020435
v -1.114990 2.898928 -1.018426
v -1.137112 2.903129 -1.046567
v -1.135510 2.900544 -1.040328
v -1.132908 2.898162 -1.034577
v -1.129406 2.896075 -1.029537
v -1.125140 2.894361 -1.025401
v -1.120272 2.893088 -1.022327
v -1.114990 2.892304 -1.020435
v -1.137112 2.901914 -1.047216
v -1.135510 2.898162 -1.041601
v -1.132908 2.894704 -1.036426
v -1.129406 2.891674 -1.031890
v -1.125140 2.889186 -1.028167
v -1.120272 2.887338 -1.025401
v -1.114990 2.886200 -1.023697
v -1.137112 2.900850 -1.048089
v -1.135510 2.896075 -1.043314
v -1.132908 2.891674 -1.038913
v -1.129406 2.887816 -1.035055
v -1.125140 2.884650 -1.031890
v -1.120272 2.882298 -1.029537
v -1.114990 2.880849 -1.028089
v -1.137112 2.899977 -1.049153
v -1.135510 2.894361 -1.045402
v -1.132908 2.889186 -1.041944
v -1.129406 2.884650 -1.038913
v -1.125140 2.880928 -1.036426
v -1.120272 2.878162 -1.034577
v -1.114990 2.876459 -1.033439
v -1.137112 2.899328 -1.050368
v -1.135510 2.893088 -1.047783
v -1.132908 2.887338 -1.045402
v -1.129406 2.882298 -1.043314
v -1.125140 2.878162 -1.041601
v -1.120272 2.875088 -1.040328
v -1.114990 2.873196 -1.039544
v -1.137112 2.898928 -1.051685
v -1.135510 2.892304 -1.050368
v -1.132908 2.886200 -1.049153
v -1.129406 2.880849 -1.048089
v -1.125140 2.876459 -1.047216
v -1.120272 2.873196 -1.046567
v -1.114990 2.871186 -1.046167
v -1.137112 2.898793 -1.053055
v -1.135510 2.892040 -1.053055
v -1.132908 2.885816 -1.053055
v -1.129406 2.880360 -1.053055
v -1.125140 2.875883 -1.053055
v -1.120272 2.872557 -1.053055
v -1.114990 2.870508 -1.053055
v -1.137112 2.898928 -1.054426
v -1.135510 2.892304 -1.055743
v -1.132908 2.886200 -1.056957
v -1.129406 2.880849 -1.058022
v -1.125140 2.876459 -1.058895
v -1.120272 2.873196 -1.059544
v -1.114990 2.871186 -1.059944
v -1.137112 2.899328 -1.055743
v -1.135510 2.893088 -1.058327
v -1.132908 2.887338 -1.060709
v -1.129406 2.882298 -1.062797
v -1.125140 2.878162 -1.064510
v -1.120272 2.875088 -1.065784
v -1.114990 2.873196 -1.066567
v -1.137112 2.899977 -1.056957
v -1.135510 2.894361 -1.060709
v -1.132908 2.889186 -1.064167
v -1.129406 2.884650 -1.067198
v -1.125140 2.880928 -1.069685
v -1.120272 2.878162 -1.071533
v -1.114990 2.876459 -1.072671
v -1.137653 2.905816 -1.053055
v -1.137112 2.900850 -1.058022
v -1.135510 2.896075 -1.062797
v -1.132908 2.891674 -1.067198
v -1.129406 2.887816 -1.071055
v -1.125140 2.884650 -1.074221
v -1.120272 2.882298 -1.076573
v -1.114990 2.880849 -1.078022
v -1.137112 2.901914 -1.058895
v -1.135510 2.898162 -1.064510
v -1.132908 2.894704 -1.069685
v -1.129406 2.891674 -1.074221
v -1.125140 2.889186 -1.077944
v -1.120272 2.887338 -1.080710
v -1.114990 2.886200 -1.082413
v -1.137112 2.903129 -1.059544
v -1.135510 2.900544 -1.065784
v -1.132908 2.898162 -1.071533
v -1.129406 2.896075 -1.076573
v -1.125140 2.894361 -1.080710
v -1.120272 2.893088 -1.083783
v -1.114990 2.892304 -1.085676
v -1.137112 2.904446 -1.059944
v -1.135510 2.903129 -1.066567
v -1.132908 2.901914 -1.072671
v -1.129406 2.900850 -1.078022
v -1.125140 2.899977 -1.082413
v -1.120272 2.899328 -1.085676
v -1.114990 2.898928 -1.087685
v -1.137112 2.905816 -1.060079
v -1.135510 2.905816 -1.066832
v -1.132908 2.905816 -1.073056
v -1.129406 2.905816 -1.078511
v -1.125140 2.905816 -1.082988
v -1.120272 2.905816 -1.086315
v -1.114990 2.905816 -1.088364
v -1.137112 2.907186 -1.059944
v -1.135510 2.908504 -1.066567
v -1.132908 2.909718 -1.072671
v -1.129406 2.910782 -1.078022
v -1.125140 2.911656 -1.082413
v -1.120272 2.912305 -1.085676
v -1.114990 2.912704 -1.087685
v -1.137112 2.908504 -1.059544
v -1.135510 2.911088 -1.065784
v -1.132908 2.913470 -1.071533
v -1.129406 2.915558 -1.076573
v -1.125140 2.917271 -1.080710
v -1.120272 2.918544 -1.083783
v -1.114990 2.919328 -1.085676
v -1.137112 2.909718 -1.058895
v -1.135510 2.913470 -1.064510
v -1.132908 2.916928 -1.069685
v -1.129406 2.919959 -1.074221
v -1.125140 2.922446 -1.077944
v -1.120272 2.924294 -1.080710
v -1.114990 2.925432 -1.082413
v -1.137112 2.910782 -1.058022
v -1.135510 2.915558 -1.062797
v -1.132908 2.919959 -1.067198
v -1.129406 2.923816 -1.071055
v -1.125140 2.926982 -1.074221
v -1.120272 2.929334 -1.076573
v -1.114990 2.930783 -1.078022
v -1.137112 2.911656 -1.056957
v -1.135510 2.917271 -1.060709
v -1.132908 2.922446 -1.064167
v -1.129406 2.926982 -1.067198
v -1.125140 2.930704 -1.069685
v -1.120272 2.933471 -1.071533
v -1.114990 2.935174 -1.072671
v -1.137112 2.912305 -1.055743
v -1.135510 2.918544 -1.058327
v -1.132908 2.924294 -1.060709
v -1.129406 2.929334 -1.062797
v -1.125140 2.933471 -1.064510
v -1.120272 2.936544 -1.065784
v -1.114990 2.938437 -1.066567
v -1.137112 2.912704 -1.054426
v -1.135510 2.919328 -1.055743
v -1.132908 2.925432 -1.056957
v -1.129406 2.930783 -1.058022
v -1.125140 2.935174 -1.058895
v -1.120272 2.938437 -1.059544
v -1.114990 2.940446 -1.059944
v -1.137112 1.877245 -1.053055
v -1.135510 1.883998 -1.053055
v -1.132908 1.890222 -1.053055
v -1.129406 1.895678 -1.053055
v -1.125140 1.900155 -1.053055
v -1.120272 1.903481 -1.053055
v -1.114990 1.905530 -1.053055
v -1.137112 1.877110 -1.051685
v -1.135510 1.883734 -1.050368
v -1.132908 1.889838 -1.049153
v -1.129406 1.895188 -1.048089
v -1.125140 1.899580 -1.047216
v -1.120272 1.902842 -1.046567
v -1.114990 1.904852 -1.046167
v -1.137112 1.876710 -1.050368
v -1.135510 1.882950 -1.047783
v -1.132908 1.888700 -1.045402
v -1.129406 1.893740 -1.043314
v -1.125140 1.897876 -1.041601
v -1.120272 1.900950 -1.040328
v -1.114990 1.902842 -1.039544
v -1.137112 1.876061 -1.049153
v -1.135510 1.881677 -1.045402
v -1.132908 1.886852 -1.041944
v -1.129406 1.891388 -1.038913
v -1.125140 1.895110 -1.036426
v -1.120272 1.897876 -1.034577
v -1.114990 1.899580 -1.033439
v -1.137112 1.875188 -1.048089
v -1.135510 1.879963 -1.043314
v -1.132908 1.884364 -1.038913
v -1.129406 1.888222 -1.035055
v -1.125140 1.891388 -1.031890
v -1.120272 1.893740 -1.029537
v -1.114990 1.895188 -1.028089
v -1.137112 1.874124 -1.047216
v -1.135510 1.877876 -1.041601
v -1.132908 1.881333 -1.036426
v -1.129406 1.884364 -1.031890
v -1.125140 1.886852 -1.028167
v -1.120272 1.888700 -1.025401
v -1.114990 1.889838 -1.023697
v -1.137112 1.872909 -1.046567
v -1.135510 1.875494 -1.040328
v -1.132908 1.877876 -1.034577
v -1.129406 1.879963 -1.029537
v -1.125140 1.881677 -1.025401
v -1.120272 1.882950 -1.022327
v -1.114990 1.883734 -1.020435
v -1.137112 1.871592 -1.046167
v -1.135510 1.872909 -1.039544
v -1.132908 1.874124 -1.033439
v -1.129406 1.875188 -1.028089
v -1.125140 1.876061 -1.023697
v -1.120272 1.876710 -1.020435
v -1.114990 1.877110 -1.018426
v -1.137112 1.870222 -1.046032
v -1.135510 1.870222 -1.039279
v -1.132908 1.870222 -1.033055
v -1.129406 1.870222 -1.027599
v -1.125140 1.870222 -1.023122
v -1.120272 1.870222 -1.019796
v -1.114990 1.870222 -1.017747
v -1.137112 1.868852 -1.046167
v -1.135510 1.867534 -1.039544
v -1.132908 1.866320 -1.033439
v -1.129406 1.865255 -1.028089
v -1.125140 1.864382 -1.023697
v -1.120272 1.863733 -1.020435
v -1.114990 1.863333 -1.018426
v -1.137112 1.867534 -1.046567
v -1.135510 1.864950 -1.040328
v -1.132908 1.862568 -1.034577
v -1.129406 1.860480 -1.029537
v -1.125140 1.858767 -1.025401
v -1.120272 1.857494 -1.022327
v -1.114990 1.856710 -1.020435
v -1.137112 1.866320 -1.047216
v -1.135510 1.862568 -1.041601
v -1.132908 1.859110 -1.036426
v -1.129406 1.856079 -1.031890
v -1.125140 1.853592 -1.028167
v -1.120272 1.851744 -1.025401
v -1.114990 1.850605 -1.023697
v -1.137112 1.865255 -1.048089
v -1.135510 1.860480 -1.043314
v -1.132908 1.856079 -1.038913
v -1.129406 1.852222 -1.035055
v -1.125140 1.849056 -1.031890
v -1.120272 1.846704 -1.029537
v -1.114990 1.845255 -1.028089
v -1.137112 1.864382 -1.049153
v -1.135510 1.858767 -1.045402
v -1.132908 1.853592 -1.041944
v -1.129406 1.849056 -1.038913
v -1.125140 1.845333 -1.036426
v -1.120272 1.842567 -1.034577
v -1.114990 1.840864 -1.033439
v -1.137112 1.863733 -1.050368
v -1.135510 1.857494 -1.047783
v -1.132908 1.851744 -1.045402
v -1.129406 1.846704 -1.043314
v -1.125140 1.842567 -1.041601
v -1.120272 1.839494 -1.040328
v -1.114990 1.837601 -1.039544
v -1.137112 1.863333 -1.051685
v -1.135510 1.856710 -1.050368
v -1.132908 1.850605 -1.049153
v -1.129406 1.845255 -1.048089
v -1.125140 1.840864 -1.047216
v -1.120272 1.837601 -1.046567
v -1.114990 1.835592 -1.046167
v -1.137112 1.863198 -1.053055
v -1.135510 1.856445 -1.053055
v -1.132908 1.850221 -1.053055
v -1.129406 1.844766 -1.053055
v -1.125140 1.840289 -1.053055
v -1.120272 1.836962 -1.053055
v -1.114990 1.834913 -1.053055
v -1.137112 1.863333 -1.054426
v -1.135510 1.856710 -1.055743
v -1.132908 1.850605 -1.056957
v -1.129406 1.845255 -1.058022
v -1.125140 1.840864 -1.058895
v -1.120272 1.837601 -1.059544
v -1.114990 1.835592 -1.059944
v -1.137112 1.863733 -1.055743
v -1.135510 1.857494 -1.058327
v -1.132908 1.851744 -1.060709
v -1.129406 1.846704 -1.062797
v -1.125140 1.842567 -1.064510
v -1.120272 1.839494 -1.065784
v -1.114990 1.837601 -1.066567
v -1.137112 1.864382 -1.056957
v -1.135510 1.858767 -1.060709
v -1.132908 1.853592 -1.064167
v -1.129406 1.849056 -1.067198
v -1.125140 1.845333 -1.069685
v -1.120272 1.842567 -1.071533
v -1.114990 1.840864 -1.072671
v -1.137653 1.870222 -1.053055
v -1.137112 1.865255 -1.058022
v -1.135510 1.860480 -1.062797
v -1.132908 1.856079 -1.067198
v -1.129406 1.852222 -1.071055
v -1.125140 1.849056 -1.074221
v -1.120272 1.846704 -1.076573
v -1.114990 1.845255 -1.078022
v -1.137112 1.866320 -1.058895
v -1.135510 1.862568 -1.064510
v -1.132908 1.859110 -1.069685
v -1.129406 1.856079 -1.074221
v -1.125140 1.853592 -1.077944
v -1.120272 1.851744 -1.080710
v -1.114990 1.850605 -1.082413
v -1.137112 1.867534 -1.059544
v -1.135510 1.864950 -1.065784
v -1.132908 1.862568 -1.071533
v -1.129406 1.860480 -1.076573
v -1.125140 1.858767 -1.080710
v -1.120272 1.857494 -1.083783
v -1.114990 1.856710 -1.085676
v -1.137112 1.868852 -1.059944
v -1.135510 1.867534 -1.066567
v -1.132908 1.866320 -1.072671
v -1.129406 1.865255 -1.078022
v -1.125140 1.864382 -1.082413
v -1.120272 1.863733 -1.085676
v -1.114990 1.863333 -1.087685
v -1.137112 1.870222 -1.060079
v -1.135510 1.870222 -1.066832
v -1.132908 1.870222 -1.073056
v -1.129406 1.870222 -1.078511
v -1.125140 1.870222 -1.082988
v -1.120272 1.870222 -1.086315
v -1.114990 1.870222 -1.088364
v -1.137112 1.871592 -1.059944
v -1.135510 1.872909 -1.066567
v -1.132908 1.874124 -1.072671
v -1.129406 1.875188 -1.078022
v -1.125140 1.876061 -1.082413
v -1.120272 1.876710 -1.085676
v -1.114990 1.877110 -1.087685
v -1.137112 1.872909 -1.059544
v -1.135510 1.875494 -1.065784
v -1.132908 1.877876 -1.071533
v -1.129406 1.879963 -1.076573
v -1.125140 1.881677 -1.080710
v -1.120272 1.882950 -1.083783
v -1.114990 1.883734 -1.085676
v -1.137112 1.874124 -1.058895
v -1.135510 1.877876 -1.064510
v -1.132908 1.881333 -1.069685
v -1.129406 1.884364 -1.074221
v -1.125140 1.886852 -1.077944
v -1.120272 1.888700 -1.080710
v -1.114990 1.889838 -1.082413
v -1.137112 1.875188 -1.058022
v -1.135510 1.879963 -1.062797
v -1.132908 1.884364 -1.067198
v -1.129406 1.888222 -1.071055
v -1.125140 1.891387 -1.074221
v -1.120272 1.893740 -1.076573
v -1.114990 1.895188 -1.078022
v -1.137112 1.876061 -1.056957
v -1.135510 1.881677 -1.060709
v -1.132908 1.886852 -1.064167
v -1.129406 1.891387 -1.067198
v -1.125140 1.895110 -1.069685
v -1.120272 1.897876 -1.071533
v -1.114990 1.899580 -1.072671
v -1.137112 1.876710 -1.055743
v -1.135510 1.882950 -1.058327
v -1.132908 1.888700 -1.060709
v -1.129406 1.893740 -1.062797
v -1.125140 1.897876 -1.064510
v -1.120272 1.900950 -1.065784
v -1.114990 1.902842 -1.066567
v -1.137112 1.877110 -1.054426
v -1.135510 1.883734 -1.055743
v -1.132908 1.889838 -1.056957
v -1.129406 1.895188 -1.058022
v -1.125140 1.899580 -1.058895
v -1.120272 1.902842 -1.059544
v -1.114990 1.904852 -1.059944
v -1.137112 0.672939 -1.053055
v -1.135510 0.679692 -1.053055
v -1.132908 0.685916 -1.053055
v -1.129406 0.691372 -1.053055
v -1.125140 0.695849 -1.053055
v -1.120272 0.699175 -1.053055
v -1.114990 0.701224 -1.053055
v -1.137112 0.672804 -1.051685
v -1.135510 0.679428 -1.050368
v -1.132908 0.685532 -1.049153
v -1.129406 0.690883 -1.048089
v -1.125140 0.695274 -1.047216
v -1.120272 0.698537 -1.046567
v -1.114990 0.700546 -1.046167
v -1.137112 0.672405 -1.050368
v -1.135510 0.678644 -1.047783
v -1.132908 0.684394 -1.045402
v -1.129406 0.689434 -1.043314
v -1.125140 0.693570 -1.041601
v -1.120272 0.696644 -1.040328
v -1.114990 0.698537 -1.039544
v -1.137112 0.671755 -1.049153
v -1.135510 0.677371 -1.045402
v -1.132908 0.682546 -1.041944
v -1.129406 0.687082 -1.038913
v -1.125140 0.690804 -1.036426
v -1.120272 0.693570 -1.034577
v -1.114990 0.695274 -1.033439
v -1.137112 0.670882 -1.048089
v -1.135510 0.675657 -1.043314
v -1.132908 0.680058 -1.038913
v -1.129406 0.683916 -1.035055
v -1.125140 0.687082 -1.031890
v -1.120272 0.689434 -1.029537
v -1.114990 0.690883 -1.028089
v -1.137112 0.669818 -1.047216
v -1.135510 0.673570 -1.041601
v -1.132908 0.677028 -1.036426
v -1.129406 0.680058 -1.031890
v -1.125140 0.682546 -1.028167
v -1.120272 0.684394 -1.025401
v -1.114990 0.685532 -1.023697
v -1.137112 0.668604 -1.046567
v -1.135510 0.671188 -1.040328
v -1.132908 0.673570 -1.034577
v -1.129406 0.675657 -1.029537
v -1.125140 0.677371 -1.025401
v -1.120272 0.678644 -1.022327
v -1.114990 0.679428 -1.020435
v -1.137112 0.667286 -1.046167
v -1.135510 0.668604 -1.039544
v -1.132908 0.669818 -1.033439
v -1.129406 0.670882 -1.028089
v -1.125140 0.671755 -1.023697
v -1.120272 0.672405 -1.020435
v -1.114990 0.672804 -1.018426
v -1.137112 0.665916 -1.046032
v -1.135510 0.665916 -1.039279
v -1.132908 0.665916 -1.033055
v -1.129406 0.665916 -1.027599
v -1.125140 0.665916 -1.023122
v -1.120272 0.665916 -1.019796
v -1.114990 0.665916 -1.017747
v -1.137112 0.664546 -1.046167
v -1.135510 0.663228 -1.039544
v -1.132908 0.662014 -1.033439
v -1.129406 0.660950 -1.028089
v -1.125140 0.660076 -1.023697
v -1.120272 0.659427 -1.020435
v -1.114990 0.659028 -1.018426
v -1.137112 0.663228 -1.046567
v -1.135510 0.660644 -1.040328
v -1.132908 0.658262 -1.034577
v -1.129406 0.656174 -1.029537
v -1.125140 0.654461 -1.025401
v -1.120272 0.653188 -1.022327
v -1.114990 0.652404 -1.020435
v -1.137112 0.662014 -1.047216
v -1.135510 0.658262 -1.041601
v -1.132908 0.654804 -1.036426
v -1.129406 0.651774 -1.031890
v -1.125140 0.649286 -1.028167
v -1.120272 0.647438 -1.025401
v -1.114990 0.646300 -1.023697
v -1.137112 0.660950 -1.048089
v -1.135510 0.656174 -1.043314
v -1.132908 0.651774 -1.038913
v -1.129406 0.647916 -1.035055
v -1.125140 0.644750 -1.031890
v -1.120272 0.642398 -1.029537
v -1.114990 0.640949 -1.028089
v -1.137112 0.660076 -1.049153
v -1.135510 0.654461 -1.045402
v -1.132908 0.649286 -1.041944
v -1.129406 0.644750 -1.038913
v -1.125140 0.641028 -1.036426
v -1.120272 0.638261 -1.034577
v -1.114990 0.636558 -1.033439
v -1.137112 0.659427 -1.050368
v -1.135510 0.653188 -1.047783
v -1.132908 0.647438 -1.045402
v -1.129406 0.642398 -1.043314
v -1.125140 0.638261 -1.041601
v -1.120272 0.635188 -1.040328
v -1.114990 0.633295 -1.039544
v -1.137112 0.659028 -1.051685
v -1.135510 0.652404 -1.050368
v -1.132908 0.646300 -1.049153
v -1.129406 0.640949 -1.048089
v -1.125140 0.636558 -1.047216
v -1.120272 0.633295 -1.046567
v -1.114990 0.631286 -1.046167
v -1.137112 0.658893 -1.053055
v -1.135510 0.652139 -1.053055
v -1.132908 0.645915 -1.053055
v -1.129406 0.640460 -1.053055
v -1.125140 0.635983 -1.053055
v -1.120272 0.632656 -1.053055
v -1.114990 0.630608 -1.053055
v -1.137112 0.659028 -1.054426
v -1.135510 0.652404 -1.055743
v -1.132908 0.646300 -1.056957
v -1.129406 0.640949 -1.058022
v -1.125140 0.636558 -1.058895
v -1.120272 0.633295 -1.059544
v -1.114990 0.631286 -1.059944
v -1.137112 0.659427 -1.055743
v -1.135510 0.653188 -1.058327
v -1.132908 0.647438 -1.060709
v -1.129406 0.642398 -1.062797
v -1.125140 0.638261 -1.064510
v -1.120272 0.635188 -1.065784
v -1.114990 0.633295 -1.066567
v -1.137112 0.660076 -1.056957
v -1.135510 0.654461 -1.060709
v -1.132908 0.649286 -1.064167
v -1.129406 0.644750 -1.067198
v -1.125140 0.641028 -1.069685
v -1.120272 0.638261 -1.071533
v -1.114990 0.636558 -1.072671
v -1.137653 0.665916 -1.053055
v -1.137112 0.660950 -1.058022
v -1.135510 0.656174 -1.062797
v -1.132908 0.651774 -1.067198
v -1.129406 0.647916 -1.071055
v -1.125140 0.644750 -1.074221
v -1.120272 0.642398 -1.076573
v -1.114990 0.640949 -1.078022
v -1.137112 0.662014 -1.058895
v -1.135510 0.658262 -1.064510
v -1.132908 0.654804 -1.069685
v -1.129406 0.651774 -1.074221
v -1.125140 0.649286 -1.077944
v -1.120272 0.647438 -1.080710
v -1.114990 0.646300 -1.082413
v -1.137112 0.663228 -1.059544
v -1.135510 0.660644 -1.065784
v -1.132908 0.658262 -1.071533
v -1.129406 0.656174 -1.076573
v -1.125140 0.654461 -1.080710
v -1.120272 0.653188 -1.083783
v -1.114990 0.652404 -1.085676
v -1.137112 0.664546 -1.059944
v -1.135510 0.663228 -1.066567
v -1.132908 0.662014 -1.072671
v -1.129406 0.660950 -1.078022
v -1.125140 0.660076 -1.082413
v -1.120272 0.659427 -1.085676
v -1.114990 0.659028 -1.087685
v -1.137112 0.665916 -1.060079
v -1.135510 0.665916 -1.066832
v -1.132908 0.665916 -1.073056
v -1.129406 0.665916 -1.078511
v -1.125140 0.665916 -1.082988
v -1.120272 0.665916 -1.086315
v -1.114990 0.665916 -1.088364
v -1.137112 0.667286 -1.059944
v -1.135510 0.668604 -1.066567
v -1.132908 0.669818 -1.072671
v -1.129406 0.670882 -1.078022
v -1.125140 0.671755 -1.082413
v -1.120272 0.672405 -1.085676
v -1.114990 0.672804 -1.087685
v -1.137112 0.668604 -1.059544
v -1.135510 0.671188 -1.065784
v -1.132908 0.673570 -1.071533
v -1.129406 0.675657 -1.076573
v -1.125140 0.677371 -1.080710
v -1.120272 0.678644 -1.083783
v -1.114990 0.679428 -1.085676
v -1.137112 0.669818 -1.058895
v -1.135510 0.673570 -1.064510
v -1.132908 0.677028 -1.069685
v -1.129406 0.680058 -1.074221
v -1.125140 0.682546 -1.077944
v -1.120272 0.684394 -1.080710
v -1.114990 0.685532 -1.082413
v -1.137112 0.670882 -1.058022
v -1.135510 0.675657 -1.062797
v -1.132908 0.680058 -1.067198
v -1.129406 0.683916 -1.071055
v -1.125140 0.687082 -1.074221
v -1.120272 0.689434 -1.076573
v -1.114990 0.690883 -1.078022
v -1.137112 0.671755 -1.056957
v -1.135510 0.677371 -1.060709
v -1.132908 0.682546 -1.064167
v -1.129406 0.687082 -1.067198
v -1.125140 0.690804 -1.069685
v -1.120272 0.693570 -1.071533
v -1.114990 0.695274 -1.072671
v -1.137112 0.672405 -1.055743
v -1.135510 0.678644 -1.058327
v -1.132908 0.684394 -1.060709
v -1.129406 0.689434 -1.062797
v -1.125140 0.693570 -1.064510
v -1.120272 0.696644 -1.065784
v -1.114990 0.698536 -1.066567
v -1.137112 0.672804 -1.054426
v -1.135510 0.679428 -1.055743
v -1.132908 0.685532 -1.056957
v -1.129406 0.690883 -1.058022
v -1.125140 0.695274 -1.058895
v -1.120272 0.698536 -1.059544
v -1.114990 0.700546 -1.059944
v 1.137004 2.912839 -1.053055
v 1.135402 2.919593 -1.053055
v 1.132800 2.925817 -1.053055
v 1.129298 2.931272 -1.053055
v 1.125032 2.935749 -1.053055
v 1.120164 2.939076 -1.053055
v 1.114882 2.941124 -1.053055
v 1.137004 2.912704 -1.054426
v 1.135402 2.919328 -1.055743
v 1.132800 2.925432 -1.056957
v 1.129298 2.930783 -1.058022
v 1.125032 2.935174 -1.058895
v 1.120164 2.938437 -1.059544
v 1.114882 2.940446 -1.059944
v 1.137004 2.912305 -1.055743
v 1.135402 2.918544 -1.058328
v 1.132800 2.924294 -1.060709
v 1.129298 2.929334 -1.062797
v 1.125032 2.933471 -1.064510
v 1.120164 2.936544 -1.065784
v 1.114882 2.938437 -1.066567
v 1.137004 2.911656 -1.056957
v 1.135402 2.917271 -1.060709
v 1.132800 2.922446 -1.064167
v 1.129298 2.926982 -1.067198
v 1.125032 2.930704 -1.069685
v 1.120164 2.933471 -1.071533
v 1.114882 2.935174 -1.072671
v 1.137004 2.910782 -1.058022
v 1.135402 2.915558 -1.062797
v 1.132800 2.919958 -1.067198
v 1.129298 2.923816 -1.071055
v 1.125032 2.926982 -1.074221
v 1.120164 2.929334 -1.076573
v 1.114882 2.930783 -1.078022
v 1.137004 2.909718 -1.058895
v 1.135402 2.913470 -1.064510
v 1.132800 2.916928 -1.069685
v 1.129298 2.919958 -1.074221
v 1.125032 2.922446 -1.077944
v 1.120164 2.924294 -1.080710
v 1.114882 2.925432 -1.082413
v 1.137004 2.908504 -1.059544
v 1.135402 2.911088 -1.065784
v 1.132800 2.913470 -1.071533
v 1.129298 2.915558 -1.076573
v 1.125032 2.917271 -1.080710
v 1.120164 2.918544 -1.083783
v 1.114882 2.919328 -1.085676
v 1.137004 2.907186 -1.059944
v 1.135402 2.908504 -1.066567
v 1.132800 2.909718 -1.072671
v 1.129298 2.910782 -1.078022
v 1.125032 2.911656 -1.082413
v 1.120164 2.912305 -1.085676
v 1.114882 2.912704 -1.087685
v 1.137004 2.905816 -1.060079
v 1.135402 2.905816 -1.066832
v 1.132800 2.905816 -1.073056
v 1.129298 2.905816 -1.078511
v 1.125032 2.905816 -1.082988
v 1.120164 2.905816 -1.086315
v 1.114882 2.905816 -1.088364
v 1.137004 2.904446 -1.059944
v 1.135402 2.903129 -1.066567
v 1.132800 2.901914 -1.072671
v 1.129298 2.900850 -1.078022
v 1.125032 2.899976 -1.082413
v 1.120164 2.899327 -1.085676
v 1.114882 2.898928 -1.087685
v 1.137004 2.903129 -1.059544
v 1.135402 2.900544 -1.065784
v 1.132800 2.898162 -1.071533
v 1.129298 2.896075 -1.076573
v 1.125032 2.894361 -1.080710
v 1.120164 2.893088 -1.083783
v 1.114882 2.892304 -1.085676
v 1.137004 2.901914 -1.058895
v 1.135402 2.898162 -1.064510
v 1.132800 2.894704 -1.069685
v 1.129298 2.891674 -1.074221
v 1.125032 2.889186 -1.077944
v 1.120164 2.887338 -1.080710
v 1.114882 2.886200 -1.082413
v 1.137004 2.900850 -1.058022
v 1.135402 2.896075 -1.062797
v 1.132800 2.891674 -1.067198
v 1.129298 2.887816 -1.071055
v 1.125032 2.884650 -1.074221
v 1.120164 2.882298 -1.076573
v 1.114882 2.880849 -1.078022
v 1.137004 2.899976 -1.056957
v 1.135402 2.894361 -1.060709
v 1.132800 2.889186 -1.064167
v 1.129298 2.884650 -1.067198
v 1.125032 2.880928 -1.069685
v 1.120164 2.878162 -1.071533
v 1.114882 2.876458 -1.072671
v 1.137004 2.899327 -1.055743
v 1.135402 2.893088 -1.058328
v 1.132800 2.887338 -1.060709
v 1.129298 2.882298 -1.062797
v 1.125032 2.878162 -1.064510
v 1.120164 2.875088 -1.065784
v 1.114882 2.873196 -1.066567
v 1.137004 2.898928 -1.054426
v 1.135402 2.892304 -1.055743
v 1.132800 2.886200 -1.056957
v 1.129298 2.880849 -1.058022
v 1.125032 2.876458 -1.058895
v 1.120164 2.873196 -1.059544
v 1.114882 2.871186 -1.059944
v 1.137004 2.898793 -1.053055
v 1.135402 2.892039 -1.053055
v 1.132800 2.885816 -1.053055
v 1.129298 2.880360 -1.053055
v 1.125032 2.875883 -1.053055
v 1.120164 2.872557 -1.053055
v 1.114882 2.870508 -1.053055
v 1.137004 2.898928 -1.051685
v 1.135402 2.892304 -1.050368
v 1.132800 2.886200 -1.049153
v 1.129298 2.880849 -1.048089
v 1.125032 2.876458 -1.047216
v 1.120164 2.873196 -1.046567
v 1.114882 2.871186 -1.046167
v 1.137004 2.899327 -1.050368
v 1.135402 2.893088 -1.047783
v 1.132800 2.887338 -1.045402
v 1.129298 2.882298 -1.043314
v 1.125032 2.878162 -1.041601
v 1.120164 2.875088 -1.040328
v 1.114882 2.873196 -1.039544
v 1.137004 2.899976 -1.049153
v 1.135402 2.894361 -1.045402
v 1.132800 2.889186 -1.041944
v 1.129298 2.884650 -1.038913
v 1.125032 2.880928 -1.036426
v 1.120164 2.878162 -1.034577
v 1.114882 2.876458 -1.033439
v 1.137545 2.905816 -1.053055
v 1.137004 2.900850 -1.048089
v 1.135402 2.896075 -1.043314
v 1.132800 2.891674 -1.038913
v 1.129298 2.887816 -1.035055
v 1.125032 2.884650 -1.031890
v 1.120164 2.882298 -1.029537
v 1.114882 2.880849 -1.028089
v 1.137004 2.901914 -1.047216
v 1.135402 2.898162 -1.041601
v 1.132800 2.894704 -1.036426
v 1.129298 2.891674 -1.031890
v 1.125032 2.889186 -1.028167
v 1.120164 2.887338 -1.025401
v 1.114882 2.886200 -1.023697
v 1.137004 2.903129 -1.046567
v 1.135402 2.900544 -1.040328
v 1.132800 2.898162 -1.034577
v 1.129298 2.896075 -1.029537
v 1.125032 2.894361 -1.025401
v 1.120164 2.893088 -1.022327
v 1.114882 2.892304 -1.020435
v 1.137004 2.904446 -1.046167
v 1.135402 2.903129 -1.039544
v 1.132800 2.901914 -1.033439
v 1.129298 2.900850 -1.028089
v 1.125032 2.899976 -1.023698
v 1.120164 2.899327 -1.020435
v 1.114882 2.898928 -1.018426
v 1.137004 2.905816 -1.046032
v 1.135402 2.905816 -1.039279
v 1.132800 2.905816 -1.033055
v 1.129298 2.905816 -1.027599
v 1.125032 2.905816 -1.023122
v 1.120164 2.905816 -1.019796
v 1.114882 2.905816 -1.017747
v 1.137004 2.907186 -1.046167
v 1.135402 2.908504 -1.039544
v 1.132800 2.909718 -1.033439
v 1.129298 2.910782 -1.028089
v 1.125032 2.911656 -1.023698
v 1.120164 2.912305 -1.020435
v 1.114882 2.912704 -1.018426
v 1.137004 2.908504 -1.046567
v 1.135402 2.911088 -1.040328
v 1.132800 2.913470 -1.034577
v 1.129298 2.915558 -1.029537
v 1.125032 2.917271 -1.025401
v 1.120164 2.918544 -1.022327
v 1.114882 2.919328 -1.020435
v 1.137004 2.909718 -1.047216
v 1.135402 2.913470 -1.041601
v 1.132800 2.916928 -1.036426
v 1.129298 2.919958 -1.031890
v 1.125032 2.922446 -1.028167
v 1.120164 2.924294 -1.025401
v 1.114882 2.925432 -1.023698
v 1.137004 2.910782 -1.048089
v 1.135402 2.915558 -1.043314
v 1.132800 2.919958 -1.038913
v 1.129298 2.923816 -1.035055
v 1.125032 2.926982 -1.031890
v 1.120164 2.929334 -1.029537
v 1.114882 2.930783 -1.028089
v 1.137004 2.911656 -1.049153
v 1.135402 2.917271 -1.045402
v 1.132800 2.922446 -1.041944
v 1.129298 2.926982 -1.038913
v 1.125032 2.930704 -1.036426
v 1.120164 2.933471 -1.034577
v 1.114882 2.935174 -1.033439
v 1.137004 2.912305 -1.050368
v 1.135402 2.918544 -1.047783
v 1.132800 2.924294 -1.045402
v 1.129298 2.929334 -1.043314
v 1.125032 2.933471 -1.041601
v 1.120164 2.936544 -1.040328
v 1.114882 2.938437 -1.039544
v 1.137004 2.912704 -1.051685
v 1.135402 2.919328 -1.050368
v 1.132800 2.925432 -1.049153
v 1.129298 2.930783 -1.048089
v 1.125032 2.935174 -1.047216
v 1.120164 2.938437 -1.046567
v 1.114882 2.940446 -1.046167
v 1.137004 1.877245 -1.053055
v 1.135402 1.883998 -1.053055
v 1.132800 1.890222 -1.053055
v 1.129298 1.895678 -1.053055
v 1.125032 1.900155 -1.053055
v 1.120164 1.903481 -1.053055
v 1.114882 1.905530 -1.053055
v 1.137004 1.877110 -1.054426
v 1.135402 1.883734 -1.055743
v 1.132800 1.889838 -1.056957
v 1.129298 1.895188 -1.058022
v 1.125032 1.899580 -1.058895
v 1.120164 1.902842 -1.059544
v 1.114882 1.904852 -1.059944
v 1.137004 1.876710 -1.055743
v 1.135402 1.882950 -1.058328
v 1.132800 1.888700 -1.060709
v 1.129298 1.893740 -1.062797
v 1.125032 1.897876 -1.064510
v 1.120164 1.900950 -1.065784
v 1.114882 1.902842 -1.066567
v 1.137004 1.876061 -1.056957
v 1.135402 1.881677 -1.060709
v 1.132800 1.886852 -1.064167
v 1.129298 1.891388 -1.067198
v 1.125032 1.895110 -1.069685
v 1.120164 1.897876 -1.071533
v 1.114882 1.899580 -1.072671
v 1.137004 1.875188 -1.058022
v 1.135402 1.879963 -1.062797
v 1.132800 1.884364 -1.067198
v 1.129298 1.888222 -1.071055
v 1.125032 1.891388 -1.074221
v 1.120164 1.893740 -1.076573
v 1.114882 1.895188 -1.078022
v 1.137004 1.874124 -1.058895
v 1.135402 1.877876 -1.064510
v 1.132800 1.881333 -1.069685
v 1.129298 1.884364 -1.074221
v 1.125032 1.886852 -1.077944
v 1.120164 1.888700 -1.080710
v 1.114882 1.889838 -1.082413
v 1.137004 1.872909 -1.059544
v 1.135402 1.875494 -1.065784
v 1.132800 1.877876 -1.071533
v 1.129298 1.879963 -1.076573
v 1.125032 1.881677 -1.080710
v 1.120164 1.882950 -1.083783
v 1.114882 1.883734 -1.085676
v 1.137004 1.871592 -1.059944
v 1.135402 1.872909 -1.066567
v 1.132800 1.874124 -1.072671
v 1.129298 1.875188 -1.078022
v 1.125032 1.876061 -1.082413
v 1.120164 1.876710 -1.085676
v 1.114882 1.877110 -1.087685
v 1.137004 1.870222 -1.060079
v 1.135402 1.870222 -1.066832
v 1.132800 1.870222 -1.073056
v 1.129298 1.870222 -1.078511
v 1.125032 1.870222 -1.082988
v 1.120164 1.870222 -1.086315
v 1.114882 1.870222 -1.088364
v 1.137004 1.868852 -1.059944
v 1.135402 1.867534 -1.066567
v 1.132800 1.866320 -1.072671
v 1.129298 1.865255 -1.078022
v 1.125032 1.864382 -1.082413
v 1.120164 1.863733 -1.085676
v 1.114882 1.863333 -1.087685
v 1.137004 1.867534 -1.059544
v 1.135402 1.864950 -1.065784
v 1.132800 1.862568 -1.071533
v 1.129298 1.860480 -1.076573
v 1.125032 1.858767 -1.080710
v 1.120164 1.857494 -1.083783
v 1.114882 1.856710 -1.085676
v 1.137004 1.866320 -1.058895
v 1.135402 1.862568 -1.064510
v 1.132800 1.859110 -1.069685
v 1.129298 1.856079 -1.074221
v 1.125032 1.853592 -1.077944
v 1.120164 1.851744 -1.080710
v 1.114882 1.850605 -1.082413
v 1.137004 1.865255 -1.058022
v 1.135402 1.860480 -1.062797
v 1.132800 1.856079 -1.067198
v 1.129298 1.852222 -1.071055
v 1.125032 1.849056 -1.074221
v 1.120164 1.846704 -1.076573
v 1.114882 1.845255 -1.078022
v 1.137004 1.864382 -1.056957
v 1.135402 1.858767 -1.060709
v 1.132800 1.853592 -1.064167
v 1.129298 1.849056 -1.067198
v 1.125032 1.845333 -1.069685
v 1.120164 1.842567 -1.071533
v 1.114882 1.840864 -1.072671
v 1.137004 1.863733 -1.055743
v 1.135402 1.857494 -1.058328
v 1.132800 1.851744 -1.060709
v 1.129298 1.846704 -1.062797
v 1.125032 1.842567 -1.064510
v 1.120164 1.839494 -1.065784
v 1.114882 1.837601 -1.066567
v 1.137004 1.863333 -1.054426
v 1.135402 1.856710 -1.055743
v 1.132800 1.850605 -1.056957
v 1.129298 1.845255 -1.058022
v 1.125032 1.840864 -1.058895
v 1.120164 1.837601 -1.059544
v 1.114882 1.835592 -1.059944
v 1.137004 1.863198 -1.053055
v 1.135402 1.856445 -1.053055
v 1.132800 1.850221 -1.053055
v 1.129298 1.844766 -1.053055
v 1.125032 1.840289 -1.053055
v 1.120164 1.836962 -1.053055
v 1.114882 1.834913 -1.053055
v 1.137004 1.863333 -1.051685
v 1.135402 1.856710 -1.050368
v 1.132800 1.850605 -1.049153
v 1.129298 1.845255 -1.048089
v 1.125032 1.840864 -1.047216
v 1.120164 1.837601 -1.046567
v 1.114882 1.835592 -1.046167
v 1.137004 1.863733 -1.050368
v 1.135402 1.857494 -1.047783
v 1.132800 1.851744 -1.045402
v 1.129298 1.846704 -1.043314
v 1.125032 1.842567 -1.041601
v 1.120164 1.839494 -1.040328
v 1.114882 1.837601 -1.039544
v 1.137004 1.864382 -1.049153
v 1.135402 1.858767 -1.045402
v 1.132800 1.853592 -1.041944
v 1.129298 1.849056 -1.038913
v 1.125032 1.845333 -1.036426
v 1.120164 1.842567 -1.034577
v 1.114882 1.840864 -1.033439
v 1.137545 1.870222 -1.053055
v 1.137004 1.865255 -1.048089
v 1.135402 1.860480 -1.043314
v 1.132800 1.856079 -1.038913
v 1.129298 1.852222 -1.035055
v 1.125032 1.849056 -1.031890
v 1.120164 1.846704 -1.029537
v 1.114882 1.845255 -1.028089
v 1.137004 1.866320 -1.047216
v 1.135402 1.862568 -1.041601
v 1.132800 1.859110 -1.036426
v 1.129298 1.856079 -1.031890
v 1.125032 1.853592 -1.028167
v 1.120164 1.851744 -1.025401
v 1.114882 1.850605 -1.023697
v 1.137004 1.867534 -1.046567
v 1.135402 1.864950 -1.040328
v 1.132800 1.862568 -1.034577
v 1.129298 1.860480 -1.029537
v 1.125032 1.858767 -1.025401
v 1.120164 1.857494 -1.022327
v 1.114882 1.856710 -1.020435
v 1.137004 1.868852 -1.046167
v 1.135402 1.867534 -1.039544
v 1.132800 1.866320 -1.033439
v 1.129298 1.865255 -1.028089
v 1.125032 1.864382 -1.023698
v 1.120164 1.863733 -1.020435
v 1.114882 1.863333 -1.018426
v 1.137004 1.870222 -1.046032
v 1.135402 1.870222 -1.039279
v 1.132800 1.870222 -1.033055
v 1.129298 1.870222 -1.027599
v 1.125032 1.870222 -1.023122
v 1.120164 1.870222 -1.019796
v 1.114882 1.870222 -1.017747
v 1.137004 1.871592 -1.046167
v 1.135402 1.872909 -1.039544
v 1.132800 1.874124 -1.033439
v 1.129298 1.875188 -1.028089
v 1.125032 1.876061 -1.023698
v 1.120164 1.876710 -1.020435
v 1.114882 1.877110 -1.018426
v 1.137004 1.872909 -1.046567
v 1.135402 1.875494 -1.040328
v 1.132800 1.877876 -1.034577
v 1.129298 1.879963 -1.029537
v 1.125032 1.881677 -1.025401
v 1.120164 1.882950 -1.022327
v 1.114882 1.883734 -1.020435
v 1.137004 1.874124 -1.047216
v 1.135402 1.877876 -1.041601
v 1.132800 1.881333 -1.036426
v 1.129298 1.884364 -1.031890
v 1.125032 1.886852 -1.028167
v 1.120164 1.888700 -1.025401
v 1.114882 1.889838 -1.023698
v 1.137004 1.875188 -1.048089
v 1.135402 1.879963 -1.043314
v 1.132800 1.884364 -1.038913
v 1.129298 1.888222 -1.035055
v 1.125032 1.891387 -1.031890
v 1.120164 1.893740 -1.029537
v 1.114882 1.895188 -1.028089
v 1.137004 1.876061 -1.049153
v 1.135402 1.881677 -1.045402
v 1.132800 1.886852 -1.041944
v 1.129298 1.891387 -1.038913
v 1.125032 1.895110 -1.036426
v 1.120164 1.897876 -1.034577
v 1.114882 1.899580 -1.033439
v 1.137004 1.876710 -1.050368
v 1.135402 1.882950 -1.047783
v 1.132800 1.888700 -1.045402
v 1.129298 1.893740 -1.043314
v 1.125032 1.897876 -1.041601
v 1.120164 1.900950 -1.040328
v 1.114882 1.902842 -1.039544
v 1.137004 1.877110 -1.051685
v 1.135402 1.883734 -1.050368
v 1.132800 1.889838 -1.049153
v 1.129298 1.895188 -1.048089
v 1.125032 1.899580 -1.047216
v 1.120164 1.902842 -1.046567
v 1.114882 1.904852 -1.046167
v 1.137004 0.672939 -1.053055
v 1.135402 0.679692 -1.053055
v 1.132800 0.685916 -1.053055
v 1.129298 0.691372 -1.053055
v 1.125032 0.695849 -1.053055
v 1.120164 0.699175 -1.053055
v 1.114882 0.701224 -1.053055
v 1.137004 0.672804 -1.054426
v 1.135402 0.679428 -1.055743
v 1.132800 0.685532 -1.056957
v 1.129298 0.690883 -1.058022
v 1.125032 0.695274 -1.058895
v 1.120164 0.698537 -1.059544
v 1.114882 0.700546 -1.059944
v 1.137004 0.672405 -1.055743
v 1.135402 0.678644 -1.058328
v 1.132800 0.684394 -1.060709
v 1.129298 0.689434 -1.062797
v 1.125032 0.693570 -1.064510
v 1.120164 0.696644 -1.065784
v 1.114882 0.698537 -1.066567
v 1.137004 0.671755 -1.056957
v 1.135402 0.677371 -1.060709
v 1.132800 0.682546 -1.064167
v 1.129298 0.687082 -1.067198
v 1.125032 0.690804 -1.069685
v 1.120164 0.693570 -1.071533
v 1.114882 0.695274 -1.072671
v 1.137004 0.670882 -1.058022
v 1.135402 0.675657 -1.062797
v 1.132800 0.680058 -1.067198
v 1.129298 0.683916 -1.071055
v 1.125032 0.687082 -1.074221
v 1.120164 0.689434 -1.076573
v 1.114882 0.690883 -1.078022
v 1.137004 0.669818 -1.058895
v 1.135402 0.673570 -1.064510
v 1.132800 0.677028 -1.069685
v 1.129298 0.680058 -1.074221
v 1.125032 0.682546 -1.077944
v 1.120164 0.684394 -1.080710
v 1.114882 0.685532 -1.082413
v 1.137004 0.668604 -1.059544
v 1.135402 0.671188 -1.065784
v 1.132800 0.673570 -1.071533
v 1.129298 0.675657 -1.076573
v 1.125032 0.677371 -1.080710
v 1.120164 0.678644 -1.083783
v 1.114882 0.679428 -1.085676
v 1.137004 0.667286 -1.059944
v 1.135402 0.668604 -1.066567
v 1.132800 0.669818 -1.072671
v 1.129298 0.670882 -1.078022
v 1.125032 0.671755 -1.082413
v 1.120164 0.672405 -1.085676
v 1.114882 0.672804 -1.087685
v 1.137004 0.665916 -1.060079
v 1.135402 0.665916 -1.066832
v 1.132800 0.665916 -1.073056
v 1.129298 0.665916 -1.078511
v 1.125032 0.665916 -1.082988
v 1.120164 0.665916 -1.086315
v 1.114882 0.665916 -1.088364
v 1.137004 0.664546 -1.059944
v 1.135402 0.663228 -1.066567
v 1.132800 0.662014 -1.072671
v 1.129298 0.660950 -1.078022
v 1.125032 0.660076 -1.082413
v 1.120164 0.659427 -1.085676
v 1.114882 0.659028 -1.087685
v 1.137004 0.663228 -1.059544
v 1.135402 0.660644 -1.065784
v 1.132800 0.658262 -1.071533
v 1.129298 0.656174 -1.076573
v 1.125032 0.654461 -1.080710
v 1.120164 0.653188 -1.083783
v 1.114882 0.652404 -1.085676
v 1.137004 0.662014 -1.058895
v 1.135402 0.658262 -1.064510
v 1.132800 0.654804 -1.069685
v 1.129298 0.651774 -1.074221
v 1.125032 0.649286 -1.077944
v 1.120164 0.647438 -1.080710
v 1.114882 0.646300 -1.082413
v 1.137004 0.660950 -1.058022
v 1.135402 0.656174 -1.062797
v 1.132800 0.651774 -1.067198
v 1.129298 0.647916 -1.071055
v 1.125032 0.644750 -1.074221
v 1.120164 0.642398 -1.076573
v 1.114882 0.640949 -1.078022
v 1.137004 0.660076 -1.056957
v 1.135402 0.654461 -1.060709
v 1.132800 0.649286 -1.064167
v 1.129298 0.644750 -1.067198
v 1.125032 0.641028 -1.069685
v 1.120164 0.638261 -1.071533
v 1.114882 0.636558 -1.072671
v 1.137004 0.659427 -1.055743
v 1.135402 0.653188 -1.058328
v 1.132800 0.647438 -1.060709
v 1.129298 0.642398 -1.062797
v 1.125032 0.638261 -1.064510
v 1.120164 0.635188 -1.065784
v 1.114882 0.633295 -1.066567
v 1.137004 0.659028 -1.054426
v 1.135402 0.652404 -1.055743
v 1.132800 0.646300 -1.056957
v 1.129298 0.640949 -1.058022
v 1.125032 0.636558 -1.058895
v 1.120164 0.633295 -1.059544
v 1.114882 0.631286 -1.059944
v 1.137004 0.658893 -1.053055
v 1.135402 0.652139 -1.053055
v 1.132800 0.645915 -1.053055
v 1.129298 0.640460 -1.053055
v 1.125032 0.635983 -1.053055
v 1.120164 0.632656 -1.053055
v 1.114882 0.630608 -1.053055
v 1.137004 0.659028 -1.051685
v 1.135402 0.652404 -1.050368
v 1.132800 0.646300 -1.049153
v 1.129298 0.640949 -1.048089
v 1.125032 0.636558 -1.047216
v 1.120164 0.633295 -1.046567
v 1.114882 0.631286 -1.046167
v 1.137004 0.659427 -1.050368
v 1.135402 0.653188 -1.047783
v 1.132800 0.647438 -1.045402
v 1.129298 0.642398 -1.043314
v 1.125032 0.638261 -1.041601
v 1.120164 0.635188 -1.040328
v 1.114882 0.633295 -1.039544
v 1.137004 0.660076 -1.049153
v 1.135402 0.654461 -1.045402
v 1.132800 0.649286 -1.041944
v 1.129298 0.644750 -1.038913
v 1.125032 0.641028 -1.036426
v 1.120164 0.638261 -1.034577
v 1.114882 0.636558 -1.033439
v 1.137545 0.665916 -1.053055
v 1.137004 0.660950 -1.048089
v 1.135402 0.656174 -1.043314
v 1.132800 0.651774 -1.038913
v 1.129298 0.647916 -1.035055
v 1.125032 0.644750 -1.031890
v 1.120164 0.642398 -1.029537
v 1.114882 0.640949 -1.028089
v 1.137004 0.662014 -1.047216
v 1.135402 0.658262 -1.041601
v 1.132800 0.654804 -1.036426
v 1.129298 0.651774 -1.031890
v 1.125032 0.649286 -1.028167
v 1.120164 0.647438 -1.025401
v 1.114882 0.646300 -1.023697
v 1.137004 0.663228 -1.046567
v 1.135402 0.660644 -1.040328
v 1.132800 0.658262 -1.034577
v 1.129298 0.656174 -1.029537
v 1.125032 0.654461 -1.025401
v 1.120164 0.653188 -1.022327
v 1.114882 0.652404 -1.020435
v 1.137004 0.664546 -1.046167
v 1.135402 0.663228 -1.039544
v 1.132800 0.662014 -1.033439
v 1.129298 0.660950 -1.028089
v 1.125032 0.660076 -1.023698
v 1.120164 0.659427 -1.020435
v 1.114882 0.659028 -1.018426
v 1.137004 0.665916 -1.046032
v 1.135402 0.665916 -1.039279
v 1.132800 0.665916 -1.033055
v 1.129298 0.665916 -1.027599
v 1.125032 0.665916 -1.023122
v 1.120164 0.665916 -1.019796
v 1.114882 0.665916 -1.017747
v 1.137004 0.667286 -1.046167
v 1.135402 0.668604 -1.039544
v 1.132800 0.669818 -1.033439
v 1.129298 0.670882 -1.028089
v 1.125032 0.671755 -1.023698
v 1.120164 0.672405 -1.020435
v 1.114882 0.672804 -1.018426
v 1.137004 0.668604 -1.046567
v 1.135402 0.671188 -1.040328
v 1.132800 0.673570 -1.034577
v 1.129298 0.675657 -1.029537
v 1.125032 0.677371 -1.025401
v 1.120164 0.678644 -1.022327
v 1.114882 0.679428 -1.020435
v 1.137004 0.669818 -1.047216
v 1.135402 0.673570 -1.041601
v 1.132800 0.677028 -1.036426
v 1.129298 0.680058 -1.031890
v 1.125032 0.682546 -1.028167
v 1.120164 0.684394 -1.025401
v 1.114882 0.685532 -1.023698
v 1.137004 0.670882 -1.048089
v 1.135402 0.675657 -1.043314
v 1.132800 0.680058 -1.038913
v 1.129298 0.683916 -1.035055
v 1.125032 0.687082 -1.031890
v 1.120164 0.689434 -1.029537
v 1.114882 0.690883 -1.028089
v 1.137004 0.671755 -1.049153
v 1.135402 0.677371 -1.045402
v 1.132800 0.682546 -1.041944
v 1.129298 0.687082 -1.038913
v 1.125032 0.690804 -1.036426
v 1.120164 0.693570 -1.034577
v 1.114882 0.695274 -1.033439
v 1.137004 0.672405 -1.050368
v 1.135402 0.678644 -1.047783
v 1.132800 0.684394 -1.045402
v 1.129298 0.689434 -1.043314
v 1.125032 0.693570 -1.041601
v 1.120164 0.696644 -1.040328
v 1.114882 0.698536 -1.039544
v 1.137004 0.672804 -1.051685
v 1.135402 0.679428 -1.050368
v 1.132800 0.685532 -1.049153
v 1.129298 0.690883 -1.048089
v 1.125032 0.695274 -1.047216
v 1.120164 0.698536 -1.046567
v 1.114882 0.700546 -1.046167
v -1.120000 0.000000 1.086455
v -1.120000 3.200000 1.086455
v -1.120000 0.000000 0.846455
v -1.120000 3.200000 0.846455
v -0.880000 0.000000 1.086455
v -0.880000 3.200000 1.086455
v -0.880000 0.000000 0.846455
v -0.880000 3.200000 0.846455
v 0.880000 0.000000 1.086455
v 0.880000 3.200000 1.086455
v 0.880000 0.000000 0.846455
v 0.880000 3.200000 0.846455
v 1.120000 0.000000 1.086455
v 1.120000 3.200000 1.086455
v 1.120000 0.000000 0.846455
v 1.120000 3.200000 0.846455
v -1.120000 0.000000 -0.913545
v -1.120000 3.200000 -0.913545
v -1.120000 0.000000 -1.153545
v -1.120000 3.200000 -1.153545
v -0.880000 0.000000 -0.913545
v -0.880000 3.200000 -0.913545
v -0.880000 0.000000 -1.153545
v -0.880000 3.200000 -1.153545
v 0.880000 0.000000 -0.913545
v 0.880000 3.200000 -0.913545
v 0.880000 0.000000 -1.153545
v 0.880000 3.200000 -1.153545
v 1.120000 0.000000 -0.913545
v 1.120000 3.200000 -0.913545
v 1.120000 0.000000 -1.153545
v 1.120000 3.200000 -1.153545
v -0.280699 2.731799 1.115599
v -0.280699 2.678914 1.229546
v -0.261190 2.729878 1.115599
v -0.271508 2.678009 1.229546
v -0.242431 2.724187 1.115599
v -0.262670 2.675327 1.229546
v -0.225142 2.714947 1.115599
v -0.254524 2.670974 1.229546
v -0.209989 2.702510 1.115599
v -0.247385 2.665114 1.229546
v -0.197552 2.687357 1.115599
v -0.241525 2.657975 1.229546
v -0.188311 2.670068 1.115599
v -0.237172 2.649830 1.229546
v -0.182621 2.651309 1.115599
v -0.234490 2.640991 1.229546
v -0.180699 2.631800 1.115599
v -0.233585 2.631800 1.229546
v -0.182621 2.612291 1.115599
v -0.234490 2.622608 1.229546
v -0.188311 2.593531 1.115599
v -0.237172 2.613770 1.229546
v -0.197552 2.576243 1.115599
v -0.241525 2.605624 1.229546
v -0.209989 2.561089 1.115599
v -0.247385 2.598485 1.229546
v -0.225142 2.548653 1.115599
v -0.254524 2.592625 1.229546
v -0.242431 2.539412 1.115599
v -0.262670 2.588272 1.229546
v -0.261190 2.533721 1.115599
v -0.271508 2.585590 1.229546
v -0.280699 2.531800 1.115599
v -0.280699 2.584685 1.229546
v -0.300209 2.533721 1.115599
v -0.289891 2.585590 1.229546
v -0.318968 2.539412 1.115599
v -0.298729 2.588272 1.229546
v -0.336257 2.548653 1.115599
v -0.306875 2.592625 1.229546
v -0.351410 2.561089 1.115599
v -0.314014 2.598485 1.229546
v -0.363846 2.576243 1.115599
v -0.319874 2.605624 1.229546
v -0.373087 2.593531 1.115599
v -0.324227 2.613770 1.229546
v -0.378778 2.612291 1.115599
v -0.326908 2.622608 1.229546
v -0.380699 2.631800 1.115599
v -0.327814 2.631800 1.229546
v -0.378778 2.651309 1.115599
v -0.326908 2.640991 1.229546
v -0.373087 2.670068 1.115599
v -0.324227 2.649830 1.229546
v -0.363846 2.687357 1.115599
v -0.319873 2.657975 1.229546
v -0.351410 2.702510 1.115599
v -0.314014 2.665115 1.229546
v -0.336256 2.714947 1.115599
v -0.306875 2.670974 1.229546
v -0.318968 2.724187 1.115599
v -0.298729 2.675327 1.229546
v -0.300208 2.729878 1.115599
v -0.289891 2.678009 1.229546
v -0.261190 2.729878 1.195599
v -0.280699 2.731799 1.195599
v -0.242431 2.724187 1.195599
v -0.225142 2.714947 1.195599
v -0.209989 2.702510 1.195599
v -0.197552 2.687357 1.195599
v -0.188311 2.670068 1.195599
v -0.182621 2.651309 1.195599
v -0.180699 2.631800 1.195599
v -0.182621 2.612291 1.195599
v -0.188311 2.593531 1.195599
v -0.197552 2.576243 1.195599
v -0.209989 2.561089 1.195599
v -0.225142 2.548653 1.195599
v -0.242431 2.539412 1.195599
v -0.261190 2.533721 1.195599
v -0.280699 2.531800 1.195599
v -0.300209 2.533721 1.195599
v -0.318968 2.539412 1.195599
v -0.336257 2.548653 1.195599
v -0.351410 2.561089 1.195599
v -0.363846 2.576243 1.195599
v -0.373087 2.593531 1.195599
v -0.378778 2.612291 1.195599
v -0.380699 2.631800 1.195599
v -0.378778 2.651309 1.195599
v -0.373087 2.670068 1.195599
v -0.363846 2.687357 1.195599
v -0.351410 2.702510 1.195599
v -0.336256 2.714947 1.195599
v -0.318968 2.724187 1.195599
v -0.300208 2.729878 1.195599
v -0.264239 2.714551 1.215599
v -0.280699 2.716172 1.215599
v -0.248411 2.709750 1.215599
v -0.233825 2.701953 1.215599
v -0.221039 2.691460 1.215599
v -0.210546 2.678675 1.215599
v -0.202749 2.664088 1.215599
v -0.197948 2.648260 1.215599
v -0.196327 2.631800 1.215599
v -0.197948 2.615339 1.215599
v -0.202749 2.599512 1.215599
v -0.210546 2.584925 1.215599
v -0.221039 2.572139 1.215599
v -0.233825 2.561646 1.215599
v -0.248411 2.553849 1.215599
v -0.264239 2.549048 1.215599
v -0.280699 2.547427 1.215599
v -0.297160 2.549048 1.215599
v -0.312987 2.553850 1.215599
v -0.327574 2.561646 1.215599
v -0.340360 2.572139 1.215599
v -0.350853 2.584925 1.215599
v -0.358650 2.599512 1.215599
v -0.363451 2.615339 1.215599
v -0.365072 2.631800 1.215599
v -0.363451 2.648260 1.215599
v -0.358650 2.664088 1.215599
v -0.350853 2.678675 1.215599
v -0.340360 2.691460 1.215599
v -0.327574 2.701953 1.215599
v -0.312987 2.709750 1.215599
v -0.297160 2.714551 1.215599
v -0.268160 2.694840 1.229546
v -0.280699 2.696075 1.229546
v -0.256102 2.691183 1.229546
v -0.244990 2.685243 1.229546
v -0.235250 2.677250 1.229546
v -0.227256 2.667509 1.229546
v -0.221316 2.656397 1.229546
v -0.217659 2.644339 1.229546
v -0.216424 2.631800 1.229546
v -0.217659 2.619260 1.229546
v -0.221316 2.607202 1.229546
v -0.227256 2.596090 1.229546
v -0.235250 2.586350 1.229546
v -0.244990 2.578356 1.229546
v -0.256102 2.572416 1.229546
v -0.268160 2.568759 1.229546
v -0.280699 2.567524 1.229546
v -0.293239 2.568759 1.229546
v -0.305297 2.572416 1.229546
v -0.316409 2.578356 1.229546
v -0.326149 2.586350 1.229546
v -0.334143 2.596090 1.229546
v -0.340083 2.607202 1.229546
v -0.343740 2.619260 1.229546
v -0.344975 2.631800 1.229546
v -0.343740 2.644339 1.229546
v -0.340083 2.656397 1.229546
v -0.334143 2.667509 1.229546
v -0.326149 2.677250 1.229546
v -0.316409 2.685243 1.229546
v -0.305297 2.691183 1.229546
v -0.293239 2.694840 1.229546
v -0.271508 2.678009 1.196189
v -0.280699 2.678914 1.196189
v -0.262670 2.675327 1.196189
v -0.254524 2.670974 1.196189
v -0.247385 2.665114 1.196189
v -0.241525 2.657975 1.196189
v -0.237172 2.649830 1.196189
v -0.234490 2.640991 1.196189
v -0.233585 2.631800 1.196189
v -0.234490 2.622608 1.196189
v -0.237172 2.613770 1.196189
v -0.241525 2.605624 1.196189
v -0.247385 2.598485 1.196189
v -0.254524 2.592625 1.196189
v -0.262670 2.588272 1.196189
v -0.271508 2.585590 1.196189
v -0.280699 2.584685 1.196189
v -0.289891 2.585590 1.196189
v -0.298729 2.588272 1.196189
v -0.306875 2.592625 1.196189
v -0.314014 2.598485 1.196189
v -0.319874 2.605624 1.196189
v -0.324227 2.613770 1.196189
v -0.326908 2.622608 1.196189
v -0.327814 2.631800 1.196189
v -0.326908 2.640991 1.196189
v -0.324227 2.649830 1.196189
v -0.319873 2.657975 1.196189
v -0.314014 2.665115 1.196189
v -0.306875 2.670974 1.196189
v -0.298729 2.675327 1.196189
v -0.289891 2.678009 1.196189
v -1.012000 3.317528 0.978455
v -1.196000 3.192009 1.162455
v -1.012000 3.317528 -1.045546
v -1.196000 3.192009 -1.229546
v 1.012000 3.317528 0.978455
v 1.196000 3.192009 1.162455
v 1.012000 3.317528 -1.045546
v 1.196000 3.192009 -1.229546
v -1.196000 3.272009 -1.229546
v -1.196000 3.272009 1.162455
v 1.196000 3.272009 -1.229546
v 1.196000 3.272009 1.162455
v -1.012000 3.341820 -1.045546
v -1.012000 3.341820 0.978455
v 1.012000 3.341820 -1.045546
v 1.012000 3.341820 0.978455
v -0.893739 2.252889 1.048670
v -0.893739 3.012561 1.048670
v -0.893739 2.252889 -0.951330
v -0.893739 3.012561 -0.951330
v -0.833739 2.252889 1.048670
v -0.833739 3.012561 1.048670
v -0.833739 2.252889 -0.951330
v -0.833739 3.012561 -0.951330
v 0.332709 2.252889 1.048670
v 0.332709 3.012561 1.048670
v 0.332709 2.252889 -0.951330
v 0.332709 3.012561 -0.951330
v 0.392709 2.252889 1.048670
v 0.392709 3.012561 1.048670
v 0.392709 2.252889 -0.951330
v 0.392709 3.012561 -0.951330
v -0.903222 2.315119 1.048670
v 0.393796 2.315119 1.048670
v -0.903222 2.315119 -0.968167
v 0.393796 2.315119 -0.968167
v -0.903222 2.234543 1.048670
v 0.393796 2.234543 1.048670
v -0.903222 2.234543 -0.968167
v 0.393796 2.234543 -0.968167
v 0.347928 2.252889 -0.882055
v 0.347928 2.992590 -0.882055
v -0.852073 2.252889 -0.882054
v -0.852073 2.992590 -0.882054
v 0.347928 2.252889 -0.942054
v 0.347928 2.992590 -0.942054
v -0.852073 2.252889 -0.942054
v -0.852073 2.992590 -0.942054
v -0.895274 2.296098 1.096514
v -0.895274 2.953268 1.096514
v -0.962070 2.228684 1.028514
v -0.962070 3.020682 1.028514
v 0.393512 2.296098 1.096513
v 0.393512 2.953268 1.096513
v 0.460308 2.228684 1.028513
v 0.460308 3.020682 1.028513
v -0.962070 2.228684 1.076514
v -0.962070 3.020682 1.076514
v 0.460308 3.020682 1.076513
v 0.460308 2.228684 1.076513
v -0.813709 2.378417 1.119310
v -0.813709 2.870949 1.119310
v 0.311947 2.870949 1.119309
v 0.311947 2.378417 1.119309
v -0.895274 2.296098 1.107679
v -0.895274 2.953268 1.107679
v 0.393512 2.953268 1.107679
v 0.393512 2.296098 1.107679
v -0.813709 2.378417 1.128376
v -0.813709 2.870949 1.128376
v 0.311947 2.870949 1.128375
v 0.311947 2.378417 1.128375
v -0.940738 1.998510 0.928775
v -0.940738 1.898510 0.928775
v -0.940738 1.998510 -1.071225
v -0.940738 1.898510 -1.071225
v 0.940738 1.998510 0.928775
v 0.940738 1.898510 0.928775
v 0.940738 1.998510 -1.071225
v 0.940738 1.898510 -1.071225
v -0.895940 0.812718 0.928775
v -0.895940 0.712718 0.928775
v -0.895940 0.812718 -1.071225
v -0.895940 0.712718 -1.071225
v 0.895941 0.812718 0.928775
v 0.895941 0.712718 0.928775
v 0.895941 0.812718 -1.071225
v 0.895941 0.712718 -1.071225
v -0.895940 2.228510 0.928775
v -0.895940 2.128510 0.928775
v -0.895940 2.228510 -1.071225
v -0.895940 2.128510 -1.071225
v 0.895941 2.228510 0.928775
v 0.895941 2.128510 0.928775
v 0.895941 2.228510 -1.071225
v 0.895941 2.128510 -1.071225
vn -1.000000 -0.000000 -0.000000
vn -0.000000 -0.000000 -1.000000
vn 1.000000 -0.000000 -0.000000
vn -0.000000 -0.000000 1.000000
vn -0.000000 1.000000 -0.000000
vn -0.000000 -1.000000 -0.000000
vn -0.000000 0.468999 0.883199
vn -0.000000 0.313887 0.949460
vn 0.061197 0.307885 0.949453
vn 0.091499 0.459997 0.883194
vn -0.000000 0.621507 0.783409
vn 0.121297 0.609587 0.783384
vn -0.000000 0.764693 0.644394
vn 0.149199 0.749996 0.644396
vn -0.000000 0.886305 0.463102
vn 0.172897 0.869283 0.463091
vn -0.000000 0.932329 0.361611
vn 0.181903 0.914414 0.361606
vn -0.000000 0.158997 0.987279
vn 0.030999 0.155995 0.987271
vn 0.060898 0.146896 0.987275
vn 0.120096 0.289989 0.949465
vn 0.179499 0.433298 0.883195
vn 0.237804 0.574209 0.783412
vn 0.292599 0.706497 0.644397
vn 0.339180 0.818853 0.463073
vn 0.356787 0.861370 0.361587
vn 0.424811 0.635817 0.644417
vn 0.492378 0.736967 0.463080
vn 0.517996 0.775195 0.361598
vn 0.088398 0.132197 0.987274
vn 0.174392 0.260989 0.949459
vn 0.260510 0.389915 0.883233
vn 0.345295 0.516792 0.783388
vn 0.112496 0.112496 0.987264
vn 0.221987 0.221987 0.949444
vn 0.331607 0.331607 0.883218
vn 0.439492 0.439492 0.783386
vn 0.540710 0.540710 0.644411
vn 0.626710 0.626710 0.463108
vn 0.659265 0.659265 0.361581
vn 0.635817 0.424811 0.644417
vn 0.736967 0.492378 0.463080
vn 0.775195 0.517996 0.361598
vn 0.132197 0.088398 0.987274
vn 0.260989 0.174392 0.949459
vn 0.389915 0.260510 0.883233
vn 0.516792 0.345295 0.783388
vn 0.289989 0.120096 0.949465
vn 0.433298 0.179499 0.883195
vn 0.574209 0.237804 0.783412
vn 0.706497 0.292599 0.644397
vn 0.818853 0.339180 0.463073
vn 0.861370 0.356787 0.361587
vn 0.146896 0.060898 0.987275
vn 0.869283 0.172897 0.463091
vn 0.914414 0.181903 0.361606
vn 0.155995 0.030999 0.987271
vn 0.307885 0.061197 0.949453
vn 0.459997 0.091499 0.883194
vn 0.609595 0.121199 0.783393
vn 0.749996 0.149199 0.644396
vn 0.468999 -0.000000 0.883199
vn 0.621507 -0.000000 0.783409
vn 0.764693 -0.000000 0.644394
vn 0.886305 -0.000000 0.463102
vn 0.932329 -0.000000 0.361611
vn 0.158997 -0.000000 0.987279
vn 0.313887 -0.000000 0.949460
vn 0.155995 -0.030999 0.987271
vn 0.307885 -0.061197 0.949453
vn 0.459997 -0.091499 0.883194
vn 0.609587 -0.121297 0.783384
vn 0.749996 -0.149199 0.644396
vn 0.869283 -0.172897 0.463091
vn 0.914414 -0.181903 0.361606
vn 0.433298 -0.179499 0.883195
vn 0.574209 -0.237804 0.783412
vn 0.706497 -0.292599 0.644397
vn 0.818853 -0.339180 0.463073
vn 0.861370 -0.356787 0.361587
vn 0.146896 -0.060898 0.987275
vn 0.289989 -0.120096 0.949465
vn 0.132197 -0.088398 0.987274
vn 0.260989 -0.174392 0.949459
vn 0.389915 -0.260510 0.883233
vn 0.516792 -0.345295 0.783388
vn 0.635817 -0.424811 0.644417
vn 0.736967 -0.492378 0.463080
vn 0.775195 -0.517996 0.361598
vn 0.439492 -0.439492 0.783386
vn 0.540710 -0.540710 0.644411
vn 0.626710 -0.626710 0.463108
vn 0.659265 -0.659265 0.361581
vn 0.112496 -0.112496 0.987264
vn 0.221987 -0.221987 0.949444
vn 0.331607 -0.331607 0.883218
vn 0.088398 -0.132197 0.987274
vn 0.174392 -0.260989 0.949459
vn 0.260510 -0.389915 0.883233
vn 0.345295 -0.516792 0.783388
vn 0.424811 -0.635817 0.644417
vn 0.492378 -0.736967 0.463080
vn 0.517996 -0.775195 0.361598
vn 0.237804 -0.574209 0.783412
vn 0.292599 -0.706497 0.644397
vn 0.339180 -0.818853 0.463073
vn 0.356787 -0.861370 0.361587
vn 0.060898 -0.146896 0.987275
vn 0.120096 -0.289989 0.949465
vn 0.179499 -0.433298 0.883195
vn 0.030999 -0.155995 0.987271
vn 0.061197 -0.307885 0.949453
vn 0.091499 -0.459997 0.883194
vn 0.121297 -0.609587 0.783384
vn 0.149199 -0.749996 0.644396
vn 0.172897 -0.869283 0.463091
vn 0.181903 -0.914414 0.361606
vn -0.000000 -0.764693 0.644394
vn -0.000000 -0.886305 0.463102
vn -0.000000 -0.932329 0.361611
vn -0.000000 -0.158997 0.987279
vn -0.000000 -0.313887 0.949460
vn -0.000000 -0.468999 0.883199
vn -0.000000 -0.621507 0.783409
vn -0.061197 -0.307885 0.949453
vn -0.091499 -0.459997 0.883194
vn -0.121297 -0.609587 0.783384
vn -0.149199 -0.749996 0.644396
vn -0.172897 -0.869283 0.463091
vn -0.181903 -0.914414 0.361606
vn -0.030999 -0.155995 0.987271
vn -0.339180 -0.818853 0.463073
vn -0.356787 -0.861370 0.361587
vn -0.060898 -0.146896 0.987275
vn -0.120096 -0.289989 0.949465
vn -0.179499 -0.433298 0.883195
vn -0.237804 -0.574209 0.783412
vn -0.292599 -0.706497 0.644397
vn -0.174392 -0.260989 0.949459
vn -0.260510 -0.389915 0.883233
vn -0.345295 -0.516792 0.783388
vn -0.424811 -0.635817 0.644417
vn -0.492378 -0.736967 0.463080
vn -0.517996 -0.775195 0.361598
vn -0.088398 -0.132197 0.987274
vn -0.626710 -0.626710 0.463108
vn -0.659265 -0.659265 0.361581
vn -0.112496 -0.112496 0.987264
vn -0.221987 -0.221987 0.949444
vn -0.331607 -0.331607 0.883218
vn -0.439492 -0.439492 0.783386
vn -0.540710 -0.540710 0.644411
vn -0.389915 -0.260510 0.883233
vn -0.516792 -0.345295 0.783388
vn -0.635817 -0.424811 0.644417
vn -0.736967 -0.492378 0.463080
vn -0.775195 -0.517996 0.361598
vn -0.132197 -0.088398 0.987274
vn -0.260989 -0.174392 0.949459
vn -0.146896 -0.060898 0.987275
vn -0.289989 -0.120096 0.949465
vn -0.433298 -0.179499 0.883195
vn -0.574209 -0.237804 0.783412
vn -0.706497 -0.292599 0.644397
vn -0.818853 -0.339180 0.463073
vn -0.861370 -0.356787 0.361587
vn -0.459997 -0.091499 0.883194
vn -0.609587 -0.121297 0.783384
vn -0.749996 -0.149199 0.644396
vn -0.869283 -0.172897 0.463091
vn -0.914414 -0.181903 0.361606
vn -0.155995 -0.030999 0.987271
vn -0.307885 -0.061197 0.949453
vn -0.158997 -0.000000 0.987279
vn -0.313887 -0.000000 0.949460
vn -0.468999 -0.000000 0.883199
vn -0.621507 -0.000000 0.783409
vn -0.764693 -0.000000 0.644394
vn -0.886305 -0.000000 0.463102
vn -0.932329 -0.000000 0.361611
vn -0.609587 0.121297 0.783384
vn -0.749996 0.149199 0.644396
vn -0.869283 0.172897 0.463091
vn -0.914414 0.181903 0.361606
vn -0.155995 0.030999 0.987271
vn -0.307885 0.061197 0.949453
vn -0.459918 0.091504 0.883234
vn -0.146896 0.060898 0.987275
vn -0.289989 0.120096 0.949465
vn -0.433298 0.179499 0.883195
vn -0.574209 0.237804 0.783412
vn -0.706497 0.292599 0.644397
vn -0.818853 0.339180 0.463073
vn -0.861370 0.356787 0.361587
vn -0.635817 0.424811 0.644417
vn -0.736967 0.492378 0.463080
vn -0.775195 0.517996 0.361598
vn -0.132197 0.088398 0.987274
vn -0.260989 0.174392 0.949459
vn -0.389915 0.260510 0.883233
vn -0.516792 0.345295 0.783388
vn -0.112496 0.112496 0.987264
vn -0.221987 0.221987 0.949444
vn -0.331607 0.331607 0.883218
vn -0.439492 0.439492 0.783386
vn -0.540710 0.540710 0.644411
vn -0.626710 0.626710 0.463108
vn -0.659265 0.659265 0.361581
vn -0.424811 0.635817 0.644417
vn -0.492378 0.736967 0.463080
vn -0.517996 0.775195 0.361598
vn -0.088398 0.132197 0.987274
vn -0.174392 0.260989 0.949459
vn -0.260510 0.389915 0.883233
vn -0.345295 0.516792 0.783388
vn -0.120096 0.289989 0.949465
vn -0.179499 0.433298 0.883195
vn -0.237804 0.574209 0.783412
vn -0.292599 0.706497 0.644397
vn -0.339180 0.818853 0.463073
vn -0.356787 0.861370 0.361587
vn -0.060898 0.146896 0.987275
vn -0.172897 0.869283 0.463091
vn -0.181903 0.914414 0.361606
vn -0.030999 0.155995 0.987271
vn -0.061197 0.307885 0.949453
vn -0.091499 0.459997 0.883194
vn -0.121297 0.609587 0.783384
vn -0.149199 0.749996 0.644396
vn 0.091504 0.459918 0.883234
vn 0.459918 0.091504 0.883234
vn 0.609595 -0.121199 0.783393
vn 0.091504 -0.459918 0.883234
vn -0.221892 -0.221992 0.949465
vn -0.609595 -0.121199 0.783393
vn -0.609595 0.121199 0.783393
vn -0.516719 0.345313 0.783429
vn -0.221892 0.221992 0.949465
vn 0.121199 0.609595 0.783393
vn 0.609532 0.121206 0.783441
vn 0.121199 -0.609595 0.783393
vn -0.459997 0.091499 0.883194
vn -0.121199 0.609595 0.783393
vn 0.459918 -0.091504 0.883234
vn -0.121206 0.609532 0.783441
vn 0.609532 -0.121206 0.783441
vn 0.345313 -0.516719 0.783429
vn -0.345313 -0.516719 0.783429
vn -0.221897 0.221897 0.949486
vn 0.339208 0.818820 0.463111
vn 0.221892 0.221992 0.949465
vn -0.091504 -0.459918 0.883234
vn -0.000000 0.468999 -0.883199
vn -0.000000 0.313887 -0.949460
vn -0.061197 0.307885 -0.949453
vn -0.091504 0.459918 -0.883234
vn -0.000000 0.621507 -0.783409
vn -0.121199 0.609595 -0.783393
vn -0.000000 0.764693 -0.644394
vn -0.149199 0.749996 -0.644396
vn -0.000000 0.886305 -0.463102
vn -0.172897 0.869283 -0.463091
vn -0.000000 0.932329 -0.361611
vn -0.181903 0.914414 -0.361606
vn -0.000000 0.158997 -0.987279
vn -0.030999 0.155995 -0.987271
vn -0.060898 0.146994 -0.987261
vn -0.120096 0.289989 -0.949465
vn -0.179499 0.433298 -0.883195
vn -0.237804 0.574209 -0.783412
vn -0.292599 0.706497 -0.644397
vn -0.339180 0.818853 -0.463073
vn -0.356787 0.861370 -0.361587
vn -0.424811 0.635817 -0.644417
vn -0.492378 0.736967 -0.463080
vn -0.517996 0.775195 -0.361598
vn -0.088397 0.132295 -0.987261
vn -0.174392 0.260989 -0.949459
vn -0.260510 0.389915 -0.883233
vn -0.345295 0.516792 -0.783388
vn -0.112496 0.112496 -0.987264
vn -0.221987 0.221987 -0.949444
vn -0.331607 0.331607 -0.883218
vn -0.439492 0.439492 -0.783386
vn -0.540710 0.540710 -0.644411
vn -0.626710 0.626710 -0.463108
vn -0.659308 0.659208 -0.361604
vn -0.635817 0.424811 -0.644417
vn -0.736967 0.492378 -0.463080
vn -0.775195 0.517996 -0.361598
vn -0.132296 0.088297 -0.987270
vn -0.260989 0.174392 -0.949459
vn -0.389905 0.260603 -0.883210
vn -0.516792 0.345295 -0.783388
vn -0.289989 0.120096 -0.949465
vn -0.433305 0.179402 -0.883211
vn -0.574209 0.237804 -0.783412
vn -0.706497 0.292599 -0.644397
vn -0.818853 0.339180 -0.463073
vn -0.861370 0.356787 -0.361587
vn -0.146896 0.060898 -0.987275
vn -0.869283 0.172897 -0.463091
vn -0.914414 0.181903 -0.361606
vn -0.155995 0.030999 -0.987271
vn -0.307885 0.061197 -0.949453
vn -0.459918 0.091504 -0.883234
vn -0.609587 0.121297 -0.783384
vn -0.749996 0.149199 -0.644396
vn -0.468999 -0.000000 -0.883199
vn -0.621507 -0.000000 -0.783409
vn -0.764693 -0.000000 -0.644394
vn -0.886305 -0.000000 -0.463102
vn -0.932329 -0.000000 -0.361611
vn -0.159094 -0.000000 -0.987263
vn -0.313887 -0.000000 -0.949460
vn -0.155995 -0.030999 -0.987271
vn -0.307885 -0.061197 -0.949453
vn -0.459918 -0.091504 -0.883234
vn -0.609587 -0.121297 -0.783384
vn -0.749996 -0.149199 -0.644396
vn -0.869283 -0.172897 -0.463091
vn -0.914414 -0.181903 -0.361606
vn -0.433298 -0.179499 -0.883195
vn -0.574209 -0.237804 -0.783412
vn -0.706497 -0.292599 -0.644397
vn -0.818853 -0.339180 -0.463073
vn -0.861370 -0.356787 -0.361587
vn -0.146896 -0.060898 -0.987275
vn -0.289989 -0.120096 -0.949465
vn -0.132295 -0.088397 -0.987261
vn -0.260989 -0.174392 -0.949459
vn -0.389915 -0.260510 -0.883233
vn -0.516792 -0.345295 -0.783388
vn -0.635817 -0.424811 -0.644417
vn -0.736967 -0.492378 -0.463080
vn -0.775195 -0.517996 -0.361598
vn -0.439492 -0.439492 -0.783386
vn -0.540710 -0.540710 -0.644411
vn -0.626710 -0.626710 -0.463108
vn -0.659308 -0.659208 -0.361604
vn -0.112496 -0.112496 -0.987264
vn -0.221987 -0.221987 -0.949444
vn -0.331607 -0.331607 -0.883218
vn -0.088398 -0.132197 -0.987274
vn -0.174392 -0.260989 -0.949459
vn -0.260510 -0.389915 -0.883233
vn -0.345295 -0.516792 -0.783388
vn -0.424811 -0.635817 -0.644417
vn -0.492415 -0.736922 -0.463114
vn -0.517996 -0.775195 -0.361598
vn -0.237804 -0.574209 -0.783412
vn -0.292599 -0.706497 -0.644397
vn -0.339180 -0.818853 -0.463073
vn -0.356787 -0.861370 -0.361587
vn -0.060898 -0.146896 -0.987275
vn -0.120096 -0.289989 -0.949465
vn -0.179499 -0.433298 -0.883195
vn -0.030999 -0.155995 -0.987271
vn -0.061199 -0.307794 -0.949483
vn -0.091504 -0.459918 -0.883234
vn -0.121297 -0.609587 -0.783384
vn -0.149199 -0.749996 -0.644396
vn -0.172897 -0.869283 -0.463091
vn -0.181903 -0.914414 -0.361606
vn -0.000000 -0.764693 -0.644394
vn -0.000000 -0.886305 -0.463102
vn -0.000000 -0.932329 -0.361611
vn -0.000000 -0.158997 -0.987279
vn -0.000000 -0.313887 -0.949460
vn -0.000000 -0.468999 -0.883199
vn -0.000000 -0.621507 -0.783409
vn 0.061199 -0.307794 -0.949483
vn 0.091499 -0.459997 -0.883194
vn 0.121297 -0.609587 -0.783384
vn 0.149199 -0.749996 -0.644396
vn 0.172897 -0.869283 -0.463091
vn 0.181903 -0.914414 -0.361606
vn 0.030999 -0.155995 -0.987271
vn 0.339180 -0.818853 -0.463073
vn 0.356787 -0.861370 -0.361587
vn 0.060898 -0.146896 -0.987275
vn 0.120096 -0.289989 -0.949465
vn 0.179499 -0.433298 -0.883195
vn 0.237804 -0.574209 -0.783412
vn 0.292599 -0.706497 -0.644397
vn 0.174392 -0.260989 -0.949459
vn 0.260510 -0.389915 -0.883233
vn 0.345295 -0.516792 -0.783388
vn 0.424811 -0.635817 -0.644417
vn 0.492378 -0.736967 -0.463080
vn 0.517996 -0.775195 -0.361598
vn 0.088397 -0.132295 -0.987261
vn 0.626710 -0.626710 -0.463108
vn 0.659265 -0.659265 -0.361581
vn 0.112496 -0.112496 -0.987264
vn 0.221987 -0.221987 -0.949444
vn 0.331607 -0.331607 -0.883218
vn 0.439492 -0.439492 -0.783386
vn 0.540710 -0.540710 -0.644411
vn 0.389915 -0.260510 -0.883233
vn 0.516792 -0.345295 -0.783388
vn 0.635817 -0.424811 -0.644417
vn 0.736967 -0.492378 -0.463080
vn 0.775195 -0.517996 -0.361598
vn 0.132197 -0.088398 -0.987274
vn 0.260989 -0.174392 -0.949459
vn 0.146897 -0.060799 -0.987281
vn 0.289989 -0.120096 -0.949465
vn 0.433298 -0.179499 -0.883195
vn 0.574209 -0.237804 -0.783412
vn 0.706497 -0.292599 -0.644397
vn 0.818853 -0.339180 -0.463073
vn 0.861370 -0.356787 -0.361587
vn 0.459918 -0.091504 -0.883234
vn 0.609595 -0.121199 -0.783393
vn 0.749996 -0.149199 -0.644396
vn 0.869283 -0.172897 -0.463091
vn 0.914414 -0.181903 -0.361606
vn 0.155995 -0.031099 -0.987268
vn 0.307885 -0.061197 -0.949453
vn 0.158997 -0.000000 -0.987279
vn 0.313887 -0.000000 -0.949460
vn 0.468999 -0.000000 -0.883199
vn 0.621507 -0.000000 -0.783409
vn 0.764693 -0.000000 -0.644394
vn 0.886305 -0.000000 -0.463102
vn 0.932329 -0.000000 -0.361611
vn 0.609595 0.121199 -0.783393
vn 0.749996 0.149199 -0.644396
vn 0.869283 0.172897 -0.463091
vn 0.914414 0.181903 -0.361606
vn 0.155995 0.031099 -0.987268
vn 0.307885 0.061197 -0.949453
vn 0.459918 0.091504 -0.883234
vn 0.146897 0.060799 -0.987281
vn 0.289989 0.120096 -0.949465
vn 0.433298 0.179499 -0.883195
vn 0.574209 0.237804 -0.783412
vn 0.706497 0.292599 -0.644397
vn 0.818853 0.339180 -0.463073
vn 0.861370 0.356787 -0.361587
vn 0.635817 0.424811 -0.644417
vn 0.736967 0.492378 -0.463080
vn 0.775195 0.517996 -0.361598
vn 0.132197 0.088398 -0.987274
vn 0.260989 0.174392 -0.949459
vn 0.389905 0.260603 -0.883210
vn 0.516792 0.345295 -0.783388
vn 0.112496 0.112496 -0.987264
vn 0.221987 0.221987 -0.949444
vn 0.331607 0.331607 -0.883218
vn 0.439492 0.439492 -0.783386
vn 0.540710 0.540710 -0.644411
vn 0.626710 0.626710 -0.463108
vn 0.659265 0.659265 -0.361581
vn 0.424811 0.635817 -0.644417
vn 0.492378 0.736967 -0.463080
vn 0.517996 0.775195 -0.361598
vn 0.088397 0.132295 -0.987261
vn 0.174392 0.260989 -0.949459
vn 0.260510 0.389915 -0.883233
vn 0.345295 0.516792 -0.783388
vn 0.120096 0.289989 -0.949465
vn 0.179499 0.433298 -0.883195
vn 0.237804 0.574209 -0.783412
vn 0.292599 0.706497 -0.644397
vn 0.339180 0.818853 -0.463073
vn 0.356787 0.861370 -0.361587
vn 0.060898 0.146896 -0.987275
vn 0.172897 0.869283 -0.463091
vn 0.181903 0.914414 -0.361606
vn 0.030999 0.155995 -0.987271
vn 0.061197 0.307885 -0.949453
vn 0.091504 0.459918 -0.883234
vn 0.121199 0.609595 -0.783393
vn 0.149199 0.749996 -0.644396
vn -0.121206 0.609532 -0.783441
vn -0.000000 0.159094 -0.987263
vn -0.345313 0.516719 -0.783429
vn -0.439411 0.439511 -0.783420
vn -0.132197 0.088398 -0.987274
vn -0.389915 0.260510 -0.883233
vn -0.516719 0.345313 -0.783429
vn -0.609532 0.121206 -0.783441
vn -0.158997 -0.000000 -0.987279
vn -0.307883 -0.061297 -0.949448
vn -0.609532 -0.121206 -0.783441
vn -0.433305 -0.179402 -0.883211
vn -0.132197 -0.088398 -0.987274
vn -0.516719 -0.345313 -0.783429
vn -0.345313 -0.516719 -0.783429
vn -0.061197 -0.307885 -0.949453
vn -0.121305 -0.609525 -0.783432
vn -0.000000 -0.159094 -0.987263
vn 0.061197 -0.307885 -0.949453
vn 0.091504 -0.459918 -0.883234
vn 0.121305 -0.609525 -0.783432
vn 0.060898 -0.146994 -0.987261
vn 0.345313 -0.516719 -0.783429
vn 0.492415 -0.736922 -0.463114
vn 0.088398 -0.132197 -0.987274
vn 0.439411 -0.439511 -0.783420
vn 0.516719 -0.345313 -0.783429
vn 0.146896 -0.060898 -0.987275
vn 0.433305 -0.179402 -0.883211
vn 0.609532 -0.121206 -0.783441
vn 0.155995 -0.030999 -0.987271
vn 0.307883 -0.061297 -0.949448
vn 0.609532 0.121206 -0.783441
vn 0.155995 0.030999 -0.987271
vn 0.307883 0.061297 -0.949448
vn 0.146896 0.060898 -0.987275
vn 0.433305 0.179402 -0.883211
vn 0.389915 0.260510 -0.883233
vn 0.516719 0.345313 -0.783429
vn 0.439411 0.439511 -0.783420
vn 0.088398 0.132197 -0.987274
vn 0.345313 0.516719 -0.783429
vn 0.121206 0.609532 -0.783441
vn -0.121297 0.609587 -0.783384
vn -0.659265 -0.659265 -0.361581
vn -0.492378 -0.736967 -0.463080
vn -0.000000 -0.468921 -0.883240
vn 0.121199 -0.609595 -0.783393
vn 0.221892 0.221992 -0.949465
vn -0.439411 -0.439511 -0.783420
vn -0.121206 -0.609532 -0.783441
vn 0.121206 -0.609532 -0.783441
vn -0.088397 -0.132295 -0.987261
vn -0.121199 -0.609595 -0.783393
vn -0.000000 0.468921 -0.883240
vn -0.088398 0.132197 -0.987274
vn -0.659265 0.659265 -0.361581
vn 0.120107 -0.290017 -0.949455
vn 0.737002 0.492401 -0.463001
vn 0.883199 0.468999 -0.000000
vn 0.949460 0.313887 -0.000000
vn 0.949453 0.307885 -0.061197
vn 0.883234 0.459918 -0.091504
vn 0.783409 0.621507 -0.000000
vn 0.783432 0.609525 -0.121305
vn 0.644394 0.764693 -0.000000
vn 0.644396 0.749996 -0.149199
vn 0.463102 0.886305 -0.000000
vn 0.463091 0.869283 -0.172897
vn 0.361611 0.932329 -0.000000
vn 0.361606 0.914414 -0.181903
vn 0.987263 0.159094 -0.000000
vn 0.987268 0.155995 -0.031099
vn 0.987281 0.146897 -0.060799
vn 0.949465 0.289989 -0.120096
vn 0.883195 0.433298 -0.179499
vn 0.783412 0.574209 -0.237804
vn 0.644397 0.706497 -0.292599
vn 0.463073 0.818853 -0.339180
vn 0.361587 0.861370 -0.356787
vn 0.644417 0.635817 -0.424811
vn 0.463080 0.736967 -0.492378
vn 0.361598 0.775195 -0.517996
vn 0.987283 0.132198 -0.088298
vn 0.949459 0.260989 -0.174392
vn 0.883233 0.389915 -0.260510
vn 0.783388 0.516792 -0.345295
vn 0.987264 0.112496 -0.112496
vn 0.949465 0.221992 -0.221892
vn 0.883218 0.331607 -0.331607
vn 0.783386 0.439492 -0.439492
vn 0.644411 0.540710 -0.540710
vn 0.463108 0.626710 -0.626710
vn 0.361581 0.659265 -0.659265
vn 0.644417 0.424811 -0.635817
vn 0.463080 0.492378 -0.736967
vn 0.361598 0.517996 -0.775195
vn 0.987261 0.088397 -0.132295
vn 0.949459 0.174392 -0.260989
vn 0.883233 0.260510 -0.389915
vn 0.783388 0.345295 -0.516792
vn 0.949465 0.120096 -0.289989
vn 0.883195 0.179499 -0.433298
vn 0.783412 0.237804 -0.574209
vn 0.644397 0.292599 -0.706497
vn 0.463073 0.339180 -0.818853
vn 0.361587 0.356787 -0.861370
vn 0.987275 0.060898 -0.146896
vn 0.463091 0.172897 -0.869283
vn 0.361606 0.181903 -0.914414
vn 0.987271 0.030999 -0.155995
vn 0.949453 0.061197 -0.307885
vn 0.883234 0.091504 -0.459918
vn 0.783441 0.121206 -0.609532
vn 0.644396 0.149199 -0.749996
vn 0.883199 -0.000000 -0.468999
vn 0.783409 -0.000000 -0.621507
vn 0.644394 -0.000000 -0.764693
vn 0.463102 -0.000000 -0.886305
vn 0.361611 -0.000000 -0.932329
vn 0.987279 -0.000000 -0.158997
vn 0.949460 -0.000000 -0.313887
vn 0.987271 -0.030999 -0.155995
vn 0.949453 -0.061197 -0.307885
vn 0.883234 -0.091504 -0.459918
vn 0.783441 -0.121206 -0.609532
vn 0.644396 -0.149199 -0.749996
vn 0.463091 -0.172897 -0.869283
vn 0.361606 -0.181903 -0.914414
vn 0.883195 -0.179499 -0.433298
vn 0.783412 -0.237804 -0.574209
vn 0.644397 -0.292599 -0.706497
vn 0.463073 -0.339180 -0.818853
vn 0.361587 -0.356787 -0.861370
vn 0.987275 -0.060898 -0.146896
vn 0.949465 -0.120096 -0.289989
vn 0.987274 -0.088398 -0.132197
vn 0.949459 -0.174392 -0.260989
vn 0.883233 -0.260510 -0.389915
vn 0.783429 -0.345313 -0.516719
vn 0.644417 -0.424811 -0.635817
vn 0.463080 -0.492378 -0.736967
vn 0.361598 -0.517996 -0.775195
vn 0.783386 -0.439492 -0.439492
vn 0.644411 -0.540710 -0.540710
vn 0.463108 -0.626710 -0.626710
vn 0.361581 -0.659265 -0.659265
vn 0.987264 -0.112496 -0.112496
vn 0.949444 -0.221987 -0.221987
vn 0.883218 -0.331607 -0.331607
vn 0.987283 -0.132198 -0.088298
vn 0.949459 -0.260989 -0.174392
vn 0.883233 -0.389915 -0.260510
vn 0.783429 -0.516719 -0.345313
vn 0.644417 -0.635817 -0.424811
vn 0.463080 -0.736967 -0.492378
vn 0.361598 -0.775195 -0.517996
vn 0.783412 -0.574209 -0.237804
vn 0.644397 -0.706497 -0.292599
vn 0.463073 -0.818853 -0.339180
vn 0.361587 -0.861370 -0.356787
vn 0.987281 -0.146897 -0.060799
vn 0.949465 -0.289989 -0.120096
vn 0.883195 -0.433298 -0.179499
vn 0.987271 -0.155995 -0.030999
vn 0.949453 -0.307885 -0.061197
vn 0.883234 -0.459918 -0.091504
vn 0.783441 -0.609532 -0.121206
vn 0.644396 -0.749996 -0.149199
vn 0.463091 -0.869283 -0.172897
vn 0.361606 -0.914414 -0.181903
vn 0.644394 -0.764693 -0.000000
vn 0.463102 -0.886305 -0.000000
vn 0.361611 -0.932329 -0.000000
vn 0.987279 -0.158997 -0.000000
vn 0.949460 -0.313887 -0.000000
vn 0.883199 -0.468999 -0.000000
vn 0.783409 -0.621507 -0.000000
vn 0.949453 -0.307885 0.061197
vn 0.883234 -0.459918 0.091504
vn 0.783441 -0.609532 0.121206
vn 0.644396 -0.749996 0.149199
vn 0.463091 -0.869283 0.172897
vn 0.361606 -0.914414 0.181903
vn 0.987271 -0.155995 0.030999
vn 0.463073 -0.818853 0.339180
vn 0.361587 -0.861370 0.356787
vn 0.987281 -0.146897 0.060799
vn 0.949465 -0.289989 0.120096
vn 0.883195 -0.433298 0.179499
vn 0.783412 -0.574209 0.237804
vn 0.644397 -0.706497 0.292599
vn 0.949459 -0.260989 0.174392
vn 0.883233 -0.389915 0.260510
vn 0.783429 -0.516719 0.345313
vn 0.644417 -0.635817 0.424811
vn 0.463080 -0.736967 0.492378
vn 0.361598 -0.775195 0.517996
vn 0.987274 -0.132197 0.088398
vn 0.463108 -0.626710 0.626710
vn 0.361581 -0.659265 0.659265
vn 0.987264 -0.112496 0.112496
vn 0.949444 -0.221987 0.221987
vn 0.883218 -0.331607 0.331607
vn 0.783386 -0.439492 0.439492
vn 0.644411 -0.540710 0.540710
vn 0.883233 -0.260510 0.389915
vn 0.783429 -0.345313 0.516719
vn 0.644417 -0.424811 0.635817
vn 0.463080 -0.492378 0.736967
vn 0.361598 -0.517996 0.775195
vn 0.987274 -0.088398 0.132197
vn 0.949459 -0.174392 0.260989
vn 0.987275 -0.060898 0.146896
vn 0.949465 -0.120096 0.289989
vn 0.883195 -0.179499 0.433298
vn 0.783412 -0.237804 0.574209
vn 0.644397 -0.292599 0.706497
vn 0.463073 -0.339180 0.818853
vn 0.361587 -0.356787 0.861370
vn 0.883234 -0.091504 0.459918
vn 0.783393 -0.121199 0.609595
vn 0.644396 -0.149199 0.749996
vn 0.463091 -0.172897 0.869283
vn 0.361606 -0.181903 0.914414
vn 0.987271 -0.030999 0.155995
vn 0.949453 -0.061197 0.307885
vn 0.987279 -0.000000 0.158997
vn 0.949460 -0.000000 0.313887
vn 0.883199 -0.000000 0.468999
vn 0.783409 -0.000000 0.621507
vn 0.644394 -0.000000 0.764693
vn 0.463102 -0.000000 0.886305
vn 0.361611 -0.000000 0.932329
vn 0.783441 0.121206 0.609532
vn 0.644396 0.149199 0.749996
vn 0.463091 0.172897 0.869283
vn 0.361606 0.181903 0.914414
vn 0.987271 0.030999 0.155995
vn 0.949453 0.061197 0.307885
vn 0.883234 0.091504 0.459918
vn 0.987275 0.060898 0.146896
vn 0.949465 0.120096 0.289989
vn 0.883195 0.179499 0.433298
vn 0.783412 0.237804 0.574209
vn 0.644397 0.292599 0.706497
vn 0.463073 0.339180 0.818853
vn 0.361587 0.356787 0.861370
vn 0.644417 0.424811 0.635817
vn 0.463080 0.492378 0.736967
vn 0.361598 0.517996 0.775195
vn 0.987274 0.088398 0.132197
vn 0.949459 0.174392 0.260989
vn 0.883233 0.260510 0.389915
vn 0.783429 0.345313 0.516719
vn 0.987264 0.112496 0.112496
vn 0.949444 0.221987 0.221987
vn 0.883218 0.331607 0.331607
vn 0.783386 0.439492 0.439492
vn 0.644411 0.540710 0.540710
vn 0.463108 0.626710 0.626710
vn 0.361581 0.659265 0.659265
vn 0.644417 0.635817 0.424811
vn 0.463080 0.736967 0.492378
vn 0.361598 0.775195 0.517996
vn 0.987283 0.132198 0.088298
vn 0.949459 0.260989 0.174392
vn 0.883233 0.389915 0.260510
vn 0.783388 0.516792 0.345295
vn 0.949465 0.289989 0.120096
vn 0.883195 0.433298 0.179499
vn 0.783412 0.574209 0.237804
vn 0.644397 0.706497 0.292599
vn 0.463073 0.818853 0.339180
vn 0.361587 0.861370 0.356787
vn 0.987281 0.146897 0.060799
vn 0.463091 0.869283 0.172897
vn 0.361606 0.914414 0.181903
vn 0.987268 0.155995 0.031099
vn 0.949453 0.307885 0.061197
vn 0.883234 0.459918 0.091504
vn 0.783384 0.609587 0.121297
vn 0.644396 0.749996 0.149199
vn 0.987279 0.158997 -0.000000
vn 0.987271 0.155995 -0.030999
vn 0.987275 0.146896 -0.060898
vn 0.987274 0.132197 -0.088398
vn 0.987275 0.112497 -0.112397
vn 0.987274 0.088398 -0.132197
vn 0.783429 0.345313 -0.516719
vn 0.987261 -0.088397 -0.132295
vn 0.783388 -0.516792 -0.345295
vn 0.987268 -0.155995 -0.031099
vn 0.783384 -0.609587 -0.121297
vn 0.987263 -0.159094 -0.000000
vn 0.783384 -0.609587 0.121297
vn 0.987268 -0.155995 0.031099
vn 0.987275 -0.146896 0.060898
vn 0.783388 -0.516792 0.345295
vn 0.987283 -0.132198 0.088298
vn 0.987261 -0.088397 0.132295
vn 0.987275 0.112497 0.112397
vn 0.987274 0.132197 0.088398
vn 0.987271 0.155995 0.030999
vn 0.783441 0.609532 0.121206
vn 0.883240 0.468921 -0.000000
vn 0.783384 0.609587 -0.121297
vn 0.783393 0.121199 -0.609595
vn 0.463114 -0.736922 -0.492415
vn 0.783432 -0.609525 -0.121305
vn 0.783432 -0.609525 0.121305
vn 0.463114 -0.736922 0.492415
vn 0.949465 -0.221992 0.221892
vn 0.783393 0.609595 0.121199
vn -0.883199 0.468999 -0.000000
vn -0.949460 0.313887 -0.000000
vn -0.949453 0.307885 0.061197
vn -0.883234 0.459918 0.091504
vn -0.783409 0.621507 -0.000000
vn -0.783441 0.609532 0.121206
vn -0.644394 0.764693 -0.000000
vn -0.644396 0.749996 0.149199
vn -0.463102 0.886305 -0.000000
vn -0.463091 0.869283 0.172897
vn -0.361611 0.932329 -0.000000
vn -0.361606 0.914414 0.181903
vn -0.987263 0.159094 -0.000000
vn -0.987271 0.155995 0.030999
vn -0.987275 0.146896 0.060898
vn -0.949465 0.289989 0.120096
vn -0.883195 0.433298 0.179499
vn -0.783412 0.574209 0.237804
vn -0.644397 0.706497 0.292599
vn -0.463073 0.818853 0.339180
vn -0.361587 0.861370 0.356787
vn -0.644417 0.635817 0.424811
vn -0.463080 0.736967 0.492378
vn -0.361598 0.775195 0.517996
vn -0.987274 0.132197 0.088398
vn -0.949459 0.260989 0.174392
vn -0.883233 0.389915 0.260510
vn -0.783388 0.516792 0.345295
vn -0.987264 0.112496 0.112496
vn -0.949444 0.221987 0.221987
vn -0.883218 0.331607 0.331607
vn -0.783386 0.439492 0.439492
vn -0.644411 0.540710 0.540710
vn -0.463029 0.626739 0.626739
vn -0.361581 0.659265 0.659265
vn -0.644417 0.424811 0.635817
vn -0.463080 0.492378 0.736967
vn -0.361598 0.517996 0.775195
vn -0.987274 0.088398 0.132197
vn -0.949459 0.174392 0.260989
vn -0.883233 0.260510 0.389915
vn -0.783388 0.345295 0.516792
vn -0.949465 0.120096 0.289989
vn -0.883195 0.179499 0.433298
vn -0.783412 0.237804 0.574209
vn -0.644397 0.292599 0.706497
vn -0.463073 0.339180 0.818853
vn -0.361587 0.356787 0.861370
vn -0.987275 0.060898 0.146896
vn -0.463091 0.172897 0.869283
vn -0.361606 0.181903 0.914414
vn -0.987271 0.030999 0.155995
vn -0.949453 0.061197 0.307885
vn -0.883234 0.091504 0.459918
vn -0.783393 0.121199 0.609595
vn -0.644396 0.149199 0.749996
vn -0.883199 -0.000000 0.468999
vn -0.783409 -0.000000 0.621507
vn -0.644394 -0.000000 0.764693
vn -0.463102 -0.000000 0.886305
vn -0.361611 -0.000000 0.932329
vn -0.987279 -0.000000 0.158997
vn -0.949460 -0.000000 0.313887
vn -0.987271 -0.030999 0.155995
vn -0.949453 -0.061197 0.307885
vn -0.883234 -0.091504 0.459918
vn -0.783441 -0.121206 0.609532
vn -0.644396 -0.149199 0.749996
vn -0.463091 -0.172897 0.869283
vn -0.361606 -0.181903 0.914414
vn -0.883195 -0.179499 0.433298
vn -0.783412 -0.237804 0.574209
vn -0.644397 -0.292599 0.706497
vn -0.463073 -0.339180 0.818853
vn -0.361587 -0.356787 0.861370
vn -0.987261 -0.060898 0.146994
vn -0.949465 -0.120096 0.289989
vn -0.987274 -0.088398 0.132197
vn -0.949459 -0.174392 0.260989
vn -0.883233 -0.260510 0.389915
vn -0.783429 -0.345313 0.516719
vn -0.644417 -0.424811 0.635817
vn -0.463080 -0.492378 0.736967
vn -0.361598 -0.517996 0.775195
vn -0.783386 -0.439492 0.439492
vn -0.644411 -0.540710 0.540710
vn -0.463108 -0.626710 0.626710
vn -0.361581 -0.659265 0.659265
vn -0.987264 -0.112496 0.112496
vn -0.949444 -0.221987 0.221987
vn -0.883218 -0.331607 0.331607
vn -0.987274 -0.132197 0.088398
vn -0.949459 -0.260989 0.174392
vn -0.883233 -0.389915 0.260510
vn -0.783388 -0.516792 0.345295
vn -0.644417 -0.635817 0.424811
vn -0.463080 -0.736967 0.492378
vn -0.361598 -0.775195 0.517996
vn -0.783412 -0.574209 0.237804
vn -0.644397 -0.706497 0.292599
vn -0.463073 -0.818853 0.339180
vn -0.361587 -0.861370 0.356787
vn -0.987275 -0.146896 0.060898
vn -0.949465 -0.289989 0.120096
vn -0.883195 -0.433298 0.179499
vn -0.987271 -0.155995 0.030999
vn -0.949453 -0.307885 0.061197
vn -0.883234 -0.459918 0.091504
vn -0.783384 -0.609587 0.121297
vn -0.644396 -0.749996 0.149199
vn -0.463091 -0.869283 0.172897
vn -0.361606 -0.914414 0.181903
vn -0.644394 -0.764693 -0.000000
vn -0.463102 -0.886305 -0.000000
vn -0.361611 -0.932329 -0.000000
vn -0.987263 -0.159094 -0.000000
vn -0.949460 -0.313887 -0.000000
vn -0.883199 -0.468999 -0.000000
vn -0.783409 -0.621507 -0.000000
vn -0.949453 -0.307885 -0.061197
vn -0.883234 -0.459918 -0.091504
vn -0.783384 -0.609587 -0.121297
vn -0.644396 -0.749996 -0.149199
vn -0.463091 -0.869283 -0.172897
vn -0.361606 -0.914414 -0.181903
vn -0.987271 -0.155995 -0.030999
vn -0.463073 -0.818853 -0.339180
vn -0.361587 -0.861370 -0.356787
vn -0.987275 -0.146896 -0.060898
vn -0.949465 -0.289989 -0.120096
vn -0.883195 -0.433298 -0.179499
vn -0.783412 -0.574209 -0.237804
vn -0.644397 -0.706497 -0.292599
vn -0.949459 -0.260989 -0.174392
vn -0.883233 -0.389915 -0.260510
vn -0.783388 -0.516792 -0.345295
vn -0.644417 -0.635817 -0.424811
vn -0.463080 -0.736967 -0.492378
vn -0.361598 -0.775195 -0.517996
vn -0.987274 -0.132197 -0.088398
vn -0.463108 -0.626710 -0.626710
vn -0.361581 -0.659265 -0.659265
vn -0.987264 -0.112496 -0.112496
vn -0.949444 -0.221987 -0.221987
vn -0.883218 -0.331607 -0.331607
vn -0.783386 -0.439492 -0.439492
vn -0.644411 -0.540710 -0.540710
vn -0.883233 -0.260510 -0.389915
vn -0.783429 -0.345313 -0.516719
vn -0.644417 -0.424811 -0.635817
vn -0.463080 -0.492378 -0.736967
vn -0.361598 -0.517996 -0.775195
vn -0.987274 -0.088398 -0.132197
vn -0.949459 -0.174392 -0.260989
vn -0.987275 -0.060898 -0.146896
vn -0.949465 -0.120096 -0.289989
vn -0.883195 -0.179499 -0.433298
vn -0.783412 -0.237804 -0.574209
vn -0.644397 -0.292599 -0.706497
vn -0.463073 -0.339180 -0.818853
vn -0.361587 -0.356787 -0.861370
vn -0.883234 -0.091504 -0.459918
vn -0.783393 -0.121199 -0.609595
vn -0.644396 -0.149199 -0.749996
vn -0.463091 -0.172897 -0.869283
vn -0.361606 -0.181903 -0.914414
vn -0.987271 -0.030999 -0.155995
vn -0.949453 -0.061197 -0.307885
vn -0.987279 -0.000000 -0.158997
vn -0.949460 -0.000000 -0.313887
vn -0.883199 -0.000000 -0.468999
vn -0.783409 -0.000000 -0.621507
vn -0.644394 -0.000000 -0.764693
vn -0.463102 -0.000000 -0.886305
vn -0.361611 -0.000000 -0.932329
vn -0.783441 0.121206 -0.609532
vn -0.644396 0.149199 -0.749996
vn -0.463091 0.172897 -0.869283
vn -0.361606 0.181903 -0.914414
vn -0.987271 0.030999 -0.155995
vn -0.949453 0.061197 -0.307885
vn -0.883234 0.091504 -0.459918
vn -0.987261 0.060898 -0.146994
vn -0.949465 0.120096 -0.289989
vn -0.883195 0.179499 -0.433298
vn -0.783412 0.237804 -0.574209
vn -0.644397 0.292599 -0.706497
vn -0.463073 0.339180 -0.818853
vn -0.361587 0.356787 -0.861370
vn -0.644417 0.424811 -0.635817
vn -0.463080 0.492378 -0.736967
vn -0.361598 0.517996 -0.775195
vn -0.987274 0.088398 -0.132197
vn -0.949459 0.174392 -0.260989
vn -0.883233 0.260510 -0.389915
vn -0.783429 0.345313 -0.516719
vn -0.987264 0.112496 -0.112496
vn -0.949444 0.221987 -0.221987
vn -0.883218 0.331607 -0.331607
vn -0.783386 0.439492 -0.439492
vn -0.644411 0.540710 -0.540710
vn -0.463108 0.626710 -0.626710
vn -0.361581 0.659265 -0.659265
vn -0.644417 0.635817 -0.424811
vn -0.463080 0.736967 -0.492378
vn -0.361598 0.775195 -0.517996
vn -0.987274 0.132197 -0.088398
vn -0.949459 0.260989 -0.174392
vn -0.883233 0.389915 -0.260510
vn -0.783429 0.516719 -0.345313
vn -0.949465 0.289989 -0.120096
vn -0.883195 0.433298 -0.179499
vn -0.783412 0.574209 -0.237804
vn -0.644397 0.706497 -0.292599
vn -0.463073 0.818853 -0.339180
vn -0.361587 0.861370 -0.356787
vn -0.987275 0.146896 -0.060898
vn -0.463091 0.869283 -0.172897
vn -0.361606 0.914414 -0.181903
vn -0.987271 0.155995 -0.030999
vn -0.949453 0.307885 -0.061197
vn -0.883234 0.459918 -0.091504
vn -0.783441 0.609532 -0.121206
vn -0.644396 0.749996 -0.149199
vn -0.987279 0.158997 -0.000000
vn -0.463108 0.626710 0.626710
vn -0.783429 0.345313 0.516719
vn -0.783441 0.121206 0.609532
vn -0.883194 -0.091499 0.459997
vn -0.783388 -0.345295 0.516792
vn -0.783429 -0.516719 0.345313
vn -0.949448 -0.307883 0.061297
vn -0.783429 -0.516719 -0.345313
vn -0.987275 0.060898 -0.146896
vn -0.783388 0.345295 -0.516792
vn -0.987268 0.155995 -0.031099
vn -0.783384 0.609587 0.121297
vn -0.987281 0.146897 0.060799
vn -0.987261 0.088397 0.132295
vn -0.783393 -0.121199 0.609595
vn -0.463114 -0.736922 0.492415
vn -0.783432 -0.609525 0.121305
vn -0.783432 -0.609525 -0.121305
vn -0.463114 -0.736922 -0.492415
vn -0.883194 -0.091499 -0.459997
vn -0.987275 0.112497 -0.112397
vn -0.949465 0.221992 -0.221892
vn -0.783388 0.516792 -0.345295
vn -0.783384 0.609587 -0.121297
vn -0.783393 0.609595 0.121199
vn -0.987261 0.060898 0.146994
vn -0.783432 0.121305 0.609525
vn -0.783432 -0.121305 0.609525
vn -0.361604 -0.659308 0.659208
vn -0.987261 -0.132295 -0.088397
vn -0.361604 -0.659308 -0.659208
vn -0.463001 -0.492401 -0.737002
vn -0.462995 -0.339196 -0.818891
vn -0.783441 -0.121206 -0.609532
vn -0.463013 0.172905 -0.869324
vn -0.883194 0.091499 -0.459997
vn -0.462995 0.339196 -0.818891
vn -0.463001 0.492401 -0.737002
vn -0.361604 0.659308 -0.659208
vn -0.987261 0.132295 -0.088397
vn -0.883194 0.459997 0.091499
vn -0.949448 -0.061297 0.307883
vn -0.783441 -0.609532 -0.121206
vn -0.463013 -0.172905 -0.869324
vn -0.463114 0.736922 -0.492415
vn -0.883233 0.433216 -0.179507
vn -0.361604 0.659308 0.659208
vn -0.949448 0.061297 0.307883
vn -0.783393 -0.237898 0.574195
vn 0.783441 0.609532 -0.121206
vn 0.783429 0.516719 -0.345313
vn 0.949444 0.221987 -0.221987
vn 0.883194 0.091499 -0.459997
vn 0.883194 -0.091499 -0.459997
vn 0.462995 -0.339196 -0.818891
vn 0.463001 -0.492401 -0.737002
vn 0.361604 -0.659308 -0.659208
vn 0.987275 -0.112497 -0.112397
vn 0.883194 -0.459997 -0.091499
vn 0.883194 -0.459997 0.091499
vn 0.949465 -0.221892 0.221992
vn 0.783388 -0.345295 0.516792
vn 0.783384 -0.121297 0.609587
vn 0.783384 0.121297 0.609587
vn 0.987261 0.060898 0.146994
vn 0.783388 0.345295 0.516792
vn 0.949465 0.221892 0.221992
vn 0.361604 0.659208 0.659308
vn 0.783429 0.516719 0.345313
vn 0.987275 0.146896 0.060898
vn 0.883194 0.459997 -0.091499
vn 0.463114 0.736922 -0.492415
vn 0.361604 0.659308 -0.659208
vn 0.462995 0.339196 -0.818891
vn 0.987275 -0.146896 -0.060898
vn 0.463114 -0.492415 0.736922
vn 0.883194 0.459997 0.091499
vn 0.463001 0.492401 -0.737002
vn 0.463013 -0.172905 -0.869324
vn 0.987261 -0.060898 -0.146994
vn 0.987274 -0.132197 -0.088398
vn 0.644443 -0.706447 0.292619
vn 0.987275 -0.112497 0.112397
vn 0.883240 -0.000000 0.468921
vn -0.000000 0.947588 0.319496
vn 0.184895 0.929376 0.319492
vn 0.195097 0.980784 -0.000000
vn 0.362589 0.875474 0.319491
vn 0.382690 0.923877 -0.000000
vn 0.526410 0.787914 0.319506
vn 0.555577 0.831465 -0.000000
vn 0.670040 0.670040 0.319519
vn 0.707107 0.707107 -0.000000
vn 0.787914 0.526410 0.319506
vn 0.831465 0.555577 -0.000000
vn 0.875474 0.362589 0.319491
vn 0.923877 0.382690 -0.000000
vn 0.929376 0.184895 0.319492
vn 0.980784 0.195097 -0.000000
vn 0.947588 -0.000000 0.319496
vn 0.929376 -0.184895 0.319492
vn 0.980784 -0.195097 -0.000000
vn 0.875474 -0.362589 0.319491
vn 0.923877 -0.382690 -0.000000
vn 0.787914 -0.526410 0.319506
vn 0.831465 -0.555577 -0.000000
vn 0.670040 -0.670040 0.319519
vn 0.707107 -0.707107 -0.000000
vn 0.526410 -0.787914 0.319506
vn 0.555577 -0.831465 -0.000000
vn 0.362589 -0.875474 0.319491
vn 0.382690 -0.923877 -0.000000
vn 0.184895 -0.929376 0.319492
vn 0.195097 -0.980784 -0.000000
vn -0.000000 -0.947588 0.319496
vn -0.184895 -0.929376 0.319492
vn -0.195097 -0.980784 -0.000000
vn -0.362589 -0.875474 0.319491
vn -0.382690 -0.923877 -0.000000
vn -0.526410 -0.787914 0.319506
vn -0.555577 -0.831465 -0.000000
vn -0.670040 -0.670040 0.319519
vn -0.707107 -0.707107 -0.000000
vn -0.787914 -0.526410 0.319506
vn -0.831465 -0.555577 -0.000000
vn -0.875474 -0.362589 0.319491
vn -0.923877 -0.382690 -0.000000
vn -0.929376 -0.184895 0.319492
vn -0.980784 -0.195097 -0.000000
vn -0.947588 -0.000000 0.319496
vn -0.929376 0.184895 0.319492
vn -0.980784 0.195097 -0.000000
vn -0.875474 0.362589 0.319491
vn -0.923877 0.382690 -0.000000
vn -0.787873 0.526482 0.319489
vn -0.831465 0.555577 -0.000000
vn -0.670040 0.670040 0.319519
vn -0.707107 0.707107 -0.000000
vn -0.526410 0.787914 0.319506
vn -0.555577 0.831465 -0.000000
vn -0.362589 0.875474 0.319491
vn -0.382690 0.923877 -0.000000
vn 0.568419 0.379812 0.729824
vn 0.483410 0.483410 0.729815
vn 0.514696 0.514696 0.685694
vn 0.605203 0.404402 0.685703
vn -0.184895 0.929376 0.319492
vn -0.195097 0.980784 -0.000000
vn -0.000000 0.691692 0.722192
vn 0.134900 0.678401 0.722201
vn 0.264705 0.639013 0.722214
vn 0.384300 0.575100 0.722200
vn 0.489097 0.489097 0.722196
vn 0.575100 0.384300 0.722200
vn 0.639013 0.264705 0.722214
vn 0.678401 0.134900 0.722201
vn 0.691692 -0.000000 0.722192
vn 0.678401 -0.134900 0.722201
vn 0.639013 -0.264705 0.722214
vn 0.575100 -0.384300 0.722200
vn 0.489097 -0.489097 0.722196
vn 0.384300 -0.575100 0.722200
vn 0.264705 -0.639013 0.722214
vn 0.134900 -0.678401 0.722201
vn -0.000000 -0.691692 0.722192
vn -0.134900 -0.678401 0.722201
vn -0.264705 -0.639013 0.722214
vn -0.384300 -0.575100 0.722200
vn -0.489097 -0.489097 0.722196
vn -0.575100 -0.384300 0.722200
vn -0.639013 -0.264705 0.722214
vn -0.678401 -0.134900 0.722201
vn -0.691692 -0.000000 0.722192
vn -0.678401 0.134900 0.722201
vn -0.639013 0.264705 0.722214
vn -0.575100 0.384300 0.722200
vn -0.489097 0.489097 0.722196
vn -0.384300 0.575100 0.722200
vn -0.264705 0.639013 0.722214
vn -0.134900 0.678401 0.722201
vn -0.000000 0.315508 0.948923
vn 0.061600 0.309501 0.948902
vn 0.120703 0.291507 0.948923
vn 0.175305 0.262308 0.948927
vn 0.223105 0.223105 0.948920
vn 0.262308 0.175305 0.948927
vn 0.291507 0.120703 0.948923
vn 0.309501 0.061600 0.948902
vn 0.315508 -0.000000 0.948923
vn 0.309501 -0.061600 0.948902
vn 0.291507 -0.120703 0.948923
vn 0.262308 -0.175305 0.948927
vn 0.223105 -0.223105 0.948920
vn 0.175305 -0.262308 0.948927
vn 0.120703 -0.291507 0.948923
vn 0.061600 -0.309501 0.948902
vn -0.000000 -0.315508 0.948923
vn -0.061600 -0.309501 0.948902
vn -0.120703 -0.291507 0.948923
vn -0.175305 -0.262308 0.948927
vn -0.223105 -0.223105 0.948920
vn -0.262308 -0.175305 0.948927
vn -0.291507 -0.120703 0.948923
vn -0.309501 -0.061600 0.948902
vn -0.315508 -0.000000 0.948923
vn -0.309501 0.061600 0.948902
vn -0.291507 0.120703 0.948923
vn -0.262308 0.175305 0.948927
vn -0.223105 0.223105 0.948920
vn -0.175305 0.262308 0.948927
vn -0.120703 0.291507 0.948923
vn -0.061600 0.309501 0.948902
vn -0.000000 -0.683628 0.729830
vn -0.133402 -0.670509 0.729810
vn -0.261605 -0.631612 0.729814
vn -0.379812 -0.568419 0.729824
vn -0.483410 -0.483410 0.729815
vn -0.568419 -0.379812 0.729824
vn -0.631612 -0.261605 0.729814
vn -0.670509 -0.133402 0.729810
vn -0.683628 -0.000000 0.729830
vn -0.670509 0.133402 0.729810
vn -0.631612 0.261605 0.729814
vn -0.568419 0.379812 0.729824
vn -0.483410 0.483410 0.729815
vn -0.379812 0.568419 0.729824
vn -0.261605 0.631612 0.729814
vn -0.133402 0.670509 0.729810
vn -0.000000 0.683628 0.729830
vn 0.133402 0.670509 0.729810
vn 0.261605 0.631612 0.729814
vn 0.379812 0.568419 0.729824
vn 0.631612 0.261605 0.729814
vn 0.670509 0.133402 0.729810
vn 0.683628 -0.000000 0.729830
vn 0.670509 -0.133402 0.729810
vn 0.631612 -0.261605 0.729814
vn 0.568419 -0.379812 0.729824
vn 0.483410 -0.483410 0.729815
vn 0.379812 -0.568419 0.729824
vn 0.261605 -0.631612 0.729814
vn 0.133402 -0.670509 0.729810
vn -0.142000 -0.713899 0.685699
vn -0.000000 -0.727892 0.685692
vn 0.142000 -0.713899 0.685699
vn 0.278592 -0.672480 0.685680
vn 0.404402 -0.605203 0.685703
vn 0.514696 -0.514696 0.685694
vn 0.605203 -0.404402 0.685703
vn 0.672480 -0.278592 0.685680
vn 0.713899 -0.142000 0.685699
vn 0.727892 -0.000000 0.685692
vn 0.713899 0.142000 0.685699
vn 0.672499 0.278500 0.685699
vn 0.404402 0.605203 0.685703
vn 0.278592 0.672480 0.685680
vn 0.142000 0.713899 0.685699
vn -0.000000 0.727892 0.685692
vn -0.142000 0.713899 0.685699
vn -0.278592 0.672480 0.685680
vn -0.404402 0.605203 0.685703
vn -0.514696 0.514696 0.685694
vn -0.605203 0.404402 0.685703
vn -0.672499 0.278500 0.685699
vn -0.713899 0.142000 0.685699
vn -0.727892 -0.000000 0.685692
vn -0.713899 -0.142000 0.685699
vn -0.672480 -0.278592 0.685680
vn -0.605203 -0.404402 0.685703
vn -0.514696 -0.514696 0.685694
vn -0.404402 -0.605203 0.685703
vn -0.278592 -0.672480 0.685680
vn -0.240205 0.970722 -0.000000
vn -0.000000 0.970722 -0.240205
vn 0.240205 0.970722 -0.000000
vn -0.000000 0.970722 0.240205
vn -0.286797 -0.000000 0.957991
vn 0.286797 -0.000000 0.957991
vn -0.000000 -0.284402 0.958705
vn -0.000000 0.284402 0.958705
vn -0.141197 -0.000000 0.989981
vn 0.141197 -0.000000 0.989981
vn -0.000000 -0.139895 0.990166
vn -0.000000 0.139895 0.990166
s 0
usemtl wood
f 1//1 2//1 4//1 3//1
f 3//2 4//2 8//2 7//2
f 7//3 8//3 6//3 5//3
f 5//4 6//4 2//4 1//4
f 9//1 10//1 12//1 11//1
f 11//2 12//2 16//2 15//2
f 15//3 16//3 14//3 13//3
f 13//4 14//4 10//4 9//4
f 17//5 18//5 20//5 19//5
f 19//2 20//2 24//2 23//2
f 23//6 24//6 22//6 21//6
f 21//4 22//4 18//4 17//4
f 25//5 26//5 28//5 27//5
f 27//2 28//2 32//2 31//2
f 31//6 32//6 30//6 29//6
f 29//4 30//4 26//4 25//4
f 35//2 36//2 40//2 39//2
f 37//4 38//4 34//4 33//4
f 35//6 39//6 37//6 33//6
f 40//5 36//5 34//5 38//5
f 43//1 44//1 48//1 47//1
f 45//3 46//3 42//3 41//3
f 43//6 47//6 45//6 41//6
f 48//5 44//5 42//5 46//5
f 51//1 52//1 56//1 55//1
f 53//3 54//3 50//3 49//3
f 51//6 55//6 53//6 49//6
f 56//5 52//5 50//5 54//5
f 59//4 60//4 64//4 63//4
f 61//2 62//2 58//2 57//2
f 59//6 63//6 61//6 57//6
f 64//5 60//5 58//5 62//5
f 67//2 68//2 72//2 71//2
f 69//4 70//4 66//4 65//4
f 67//6 71//6 69//6 65//6
f 72//5 68//5 66//5 70//5
f 75//1 76//1 80//1 79//1
f 77//3 78//3 74//3 73//3
f 75//6 79//6 77//6 73//6
f 80//5 76//5 74//5 78//5
f 83//1 84//1 88//1 87//1
f 85//3 86//3 82//3 81//3
f 83//6 87//6 85//6 81//6
f 88//5 84//5 82//5 86//5
f 91//4 92//4 96//4 95//4
f 93//2 94//2 90//2 89//2
f 91//6 95//6 93//6 89//6
f 96//5 92//5 90//5 94//5
f 97//1 98//1 100//1 99//1
f 103//3 104//3 102//3 101//3
f 99//6 103//6 101//6 97//6
f 104//5 100//5 98//5 102//5
f 105//1 106//1 108//1 107//1
f 111//3 112//3 110//3 109//3
f 107//6 111//6 109//6 105//6
f 112//5 108//5 106//5 110//5
f 113//4 114//4 116//4 115//4
f 119//2 120//2 118//2 117//2
f 115//6 119//6 117//6 113//6
f 120//5 116//5 114//5 118//5
s 1
f 123//7 122//8 129//9 130//10
f 124//11 123//7 130//10 131//12
f 125//13 124//11 131//12 132//14
f 126//15 125//13 132//14 133//16
f 127//17 126//15 133//16 134//18
f 121//19 261//4 128//20
f 122//8 121//19 128//20 129//9
f 129//9 128//20 135//21 136//22
f 130//10 129//9 136//22 137//23
f 131//12 130//10 137//23 138//24
f 132//14 131//12 138//24 139//25
f 133//16 132//14 139//25 140//26
f 134//18 133//16 140//26 141//27
f 128//20 261//4 135//21
f 140//26 139//25 146//28 147//29
f 141//27 140//26 147//29 148//30
f 135//21 261//4 142//31
f 136//22 135//21 142//31 143//32
f 137//23 136//22 143//32 144//33
f 138//24 137//23 144//33 145//34
f 139//25 138//24 145//34 146//28
f 143//32 142//31 149//35 150//36
f 144//33 143//32 150//36 151//37
f 145//34 144//33 151//37 152//38
f 146//28 145//34 152//38 153//39
f 147//29 146//28 153//39 154//40
f 148//30 147//29 154//40 155//41
f 142//31 261//4 149//35
f 154//40 153//39 160//42 161//43
f 155//41 154//40 161//43 162//44
f 149//35 261//4 156//45
f 150//36 149//35 156//45 157//46
f 151//37 150//36 157//46 158//47
f 152//38 151//37 158//47 159//48
f 153//39 152//38 159//48 160//42
f 158//47 157//46 164//49 165//50
f 159//48 158//47 165//50 166//51
f 160//42 159//48 166//51 167//52
f 161//43 160//42 167//52 168//53
f 162//44 161//43 168//53 169//54
f 156//45 261//4 163//55
f 157//46 156//45 163//55 164//49
f 169//54 168//53 175//56 176//57
f 163//55 261//4 170//58
f 164//49 163//55 170//58 171//59
f 165//50 164//49 171//59 172//60
f 166//51 165//50 172//60 173//61
f 167//52 166//51 173//61 174//62
f 168//53 167//52 174//62 175//56
f 173//61 172//60 179//63 180//64
f 174//62 173//61 180//64 181//65
f 175//56 174//62 181//65 182//66
f 176//57 175//56 182//66 183//67
f 170//58 261//4 177//68
f 171//59 170//58 177//68 178//69
f 172//60 171//59 178//69 179//63
f 177//68 261//4 184//70
f 178//69 177//68 184//70 185//71
f 179//63 178//69 185//71 186//72
f 180//64 179//63 186//72 187//73
f 181//65 180//64 187//73 188//74
f 182//66 181//65 188//74 189//75
f 183//67 182//66 189//75 190//76
f 187//73 186//72 193//77 194//78
f 188//74 187//73 194//78 195//79
f 189//75 188//74 195//79 196//80
f 190//76 189//75 196//80 197//81
f 184//70 261//4 191//82
f 185//71 184//70 191//82 192//83
f 186//72 185//71 192//83 193//77
f 191//82 261//4 198//84
f 192//83 191//82 198//84 199//85
f 193//77 192//83 199//85 200//86
f 194//78 193//77 200//86 201//87
f 195//79 194//78 201//87 202//88
f 196//80 195//79 202//88 203//89
f 197//81 196//80 203//89 204//90
f 202//88 201//87 208//91 209//92
f 203//89 202//88 209//92 210//93
f 204//90 203//89 210//93 211//94
f 198//84 261//4 205//95
f 199//85 198//84 205//95 206//96
f 200//86 199//85 206//96 207//97
f 201//87 200//86 207//97 208//91
f 205//95 261//4 212//98
f 206//96 205//95 212//98 213//99
f 207//97 206//96 213//99 214//100
f 208//91 207//97 214//100 215//101
f 209//92 208//91 215//101 216//102
f 210//93 209//92 216//102 217//103
f 211//94 210//93 217//103 218//104
f 216//102 215//101 222//105 223//106
f 217//103 216//102 223//106 224//107
f 218//104 217//103 224//107 225//108
f 212//98 261//4 219//109
f 213//99 212//98 219//109 220//110
f 214//100 213//99 220//110 221//111
f 215//101 214//100 221//111 222//105
f 220//110 219//109 226//112 227//113
f 221//111 220//110 227//113 228//114
f 222//105 221//111 228//114 229//115
f 223//106 222//105 229//115 230//116
f 224//107 223//106 230//116 231//117
f 225//108 224//107 231//117 232//118
f 219//109 261//4 226//112
f 231//117 230//116 237//119 238//120
f 232//118 231//117 238//120 239//121
f 226//112 261//4 233//122
f 227//113 226//112 233//122 234//123
f 228//114 227//113 234//123 235//124
f 229//115 228//114 235//124 236//125
f 230//116 229//115 236//125 237//119
f 235//124 234//123 241//126 242//127
f 236//125 235//124 242//127 243//128
f 237//119 236//125 243//128 244//129
f 238//120 237//119 244//129 245//130
f 239//121 238//120 245//130 246//131
f 233//122 261//4 240//132
f 234//123 233//122 240//132 241//126
f 246//131 245//130 252//133 253//134
f 240//132 261//4 247//135
f 241//126 240//132 247//135 248//136
f 242//127 241//126 248//136 249//137
f 243//128 242//127 249//137 250//138
f 244//129 243//128 250//138 251//139
f 245//130 244//129 251//139 252//133
f 249//137 248//136 255//140 256//141
f 250//138 249//137 256//141 257//142
f 251//139 250//138 257//142 258//143
f 252//133 251//139 258//143 259//144
f 253//134 252//133 259//144 260//145
f 247//135 261//4 254//146
f 248//136 247//135 254//146 255//140
f 260//145 259//144 267//147 268//148
f 254//146 261//4 262//149
f 255//140 254//146 262//149 263//150
f 256//141 255//140 263//150 264//151
f 257//142 256//141 264//151 265//152
f 258//143 257//142 265//152 266//153
f 259//144 258//143 266//153 267//147
f 265//152 264//151 271//154 272//155
f 266//153 265//152 272//155 273//156
f 267//147 266//153 273//156 274//157
f 268//148 267//147 274//157 275//158
f 262//149 261//4 269//159
f 263//150 262//149 269//159 270//160
f 264//151 263//150 270//160 271//154
f 269//159 261//4 276//161
f 270//160 269//159 276//161 277//162
f 271//154 270//160 277//162 278//163
f 272//155 271//154 278//163 279//164
f 273//156 272//155 279//164 280//165
f 274//157 273//156 280//165 281//166
f 275//158 274//157 281//166 282//167
f 279//164 278//163 285//168 286//169
f 280//165 279//164 286//169 287//170
f 281//166 280//165 287//170 288//171
f 282//167 281//166 288//171 289//172
f 276//161 261//4 283//173
f 277//162 276//161 283//173 284//174
f 278//163 277//162 284//174 285//168
f 283//173 261//4 290//175
f 284//174 283//173 290//175 291//176
f 285//168 284//174 291//176 292//177
f 286//169 285//168 292//177 293//178
f 287//170 286//169 293//178 294//179
f 288//171 287//170 294//179 295//180
f 289//172 288//171 295//180 296//181
f 294//179 293//178 300//182 301//183
f 295//180 294//179 301//183 302//184
f 296//181 295//180 302//184 303//185
f 290//175 261//4 297//186
f 291//176 290//175 297//186 298//187
f 292//177 291//176 298//187 299//188
f 293//178 292//177 299//188 300//182
f 298//187 297//186 304//189 305//190
f 299//188 298//187 305//190 306//191
f 300//182 299//188 306//191 307//192
f 301//183 300//182 307//192 308//193
f 302//184 301//183 308//193 309//194
f 303//185 302//184 309//194 310//195
f 297//186 261//4 304//189
f 309//194 308//193 315//196 316//197
f 310//195 309//194 316//197 317//198
f 304//189 261//4 311//199
f 305//190 304//189 311//199 312//200
f 306//191 305//190 312//200 313//201
f 307//192 306//191 313//201 314//202
f 308//193 307//192 314//202 315//196
f 312//200 311//199 318//203 319//204
f 313//201 312//200 319//204 320//205
f 314//202 313//201 320//205 321//206
f 315//196 314//202 321//206 322//207
f 316//197 315//196 322//207 323//208
f 317//198 316//197 323//208 324//209
f 311//199 261//4 318//203
f 323//208 322//207 329//210 330//211
f 324//209 323//208 330//211 331//212
f 318//203 261//4 325//213
f 319//204 318//203 325//213 326//214
f 320//205 319//204 326//214 327//215
f 321//206 320//205 327//215 328//216
f 322//207 321//206 328//216 329//210
f 327//215 326//214 333//217 334//218
f 328//216 327//215 334//218 335//219
f 329//210 328//216 335//219 336//220
f 330//211 329//210 336//220 337//221
f 331//212 330//211 337//221 338//222
f 325//213 261//4 332//223
f 326//214 325//213 332//223 333//217
f 338//222 337//221 344//224 345//225
f 332//223 261//4 339//226
f 333//217 332//223 339//226 340//227
f 334//218 333//217 340//227 341//228
f 335//219 334//218 341//228 342//229
f 336//220 335//219 342//229 343//230
f 337//221 336//220 343//230 344//224
f 341//228 340//227 122//8 123//7
f 342//229 341//228 123//7 124//11
f 343//230 342//229 124//11 125//13
f 344//224 343//230 125//13 126//15
f 345//225 344//224 126//15 127//17
f 339//226 261//4 121//19
f 340//227 339//226 121//19 122//8
f 348//7 347//8 354//9 355//231
f 349//11 348//7 355//231 356//12
f 350//13 349//11 356//12 357//14
f 351//15 350//13 357//14 358//16
f 352//17 351//15 358//16 359//18
f 346//19 486//4 353//20
f 347//8 346//19 353//20 354//9
f 354//9 353//20 360//21 361//22
f 355//231 354//9 361//22 362//23
f 356//12 355//231 362//23 363//24
f 357//14 356//12 363//24 364//25
f 358//16 357//14 364//25 365//26
f 359//18 358//16 365//26 366//27
f 353//20 486//4 360//21
f 365//26 364//25 371//28 372//29
f 366//27 365//26 372//29 373//30
f 360//21 486//4 367//31
f 361//22 360//21 367//31 368//32
f 362//23 361//22 368//32 369//33
f 363//24 362//23 369//33 370//34
f 364//25 363//24 370//34 371//28
f 368//32 367//31 374//35 375//36
f 369//33 368//32 375//36 376//37
f 370//34 369//33 376//37 377//38
f 371//28 370//34 377//38 378//39
f 372//29 371//28 378//39 379//40
f 373//30 372//29 379//40 380//41
f 367//31 486//4 374//35
f 379//40 378//39 385//42 386//43
f 380//41 379//40 386//43 387//44
f 374//35 486//4 381//45
f 375//36 374//35 381//45 382//46
f 376//37 375//36 382//46 383//47
f 377//38 376//37 383//47 384//48
f 378//39 377//38 384//48 385//42
f 383//47 382//46 389//49 390//50
f 384//48 383//47 390//50 391//51
f 385//42 384//48 391//51 392//52
f 386//43 385//42 392//52 393//53
f 387//44 386//43 393//53 394//54
f 381//45 486//4 388//55
f 382//46 381//45 388//55 389//49
f 394//54 393//53 400//56 401//57
f 388//55 486//4 395//58
f 389//49 388//55 395//58 396//59
f 390//50 389//49 396//59 397//232
f 391//51 390//50 397//232 398//61
f 392//52 391//51 398//61 399//62
f 393//53 392//52 399//62 400//56
f 398//61 397//232 404//63 405//64
f 399//62 398//61 405//64 406//65
f 400//56 399//62 406//65 407//66
f 401//57 400//56 407//66 408//67
f 395//58 486//4 402//68
f 396//59 395//58 402//68 403//69
f 397//232 396//59 403//69 404//63
f 402//68 486//4 409//70
f 403//69 402//68 409//70 410//71
f 404//63 403//69 410//71 411//72
f 405//64 404//63 411//72 412//233
f 406//65 405//64 412//233 413//74
f 407//66 406//65 413//74 414//75
f 408//67 407//66 414//75 415//76
f 412//233 411//72 418//77 419//78
f 413//74 412//233 419//78 420//79
f 414//75 413//74 420//79 421//80
f 415//76 414//75 421//80 422//81
f 409//70 486//4 416//82
f 410//71 409//70 416//82 417//83
f 411//72 410//71 417//83 418//77
f 416//82 486//4 423//84
f 417//83 416//82 423//84 424//85
f 418//77 417//83 424//85 425//86
f 419//78 418//77 425//86 426//87
f 420//79 419//78 426//87 427//88
f 421//80 420//79 427//88 428//89
f 422//81 421//80 428//89 429//90
f 427//88 426//87 433//91 434//92
f 428//89 427//88 434//92 435//93
f 429//90 428//89 435//93 436//94
f 423//84 486//4 430//95
f 424//85 423//84 430//95 431//96
f 425//86 424//85 431//96 432//97
f 426//87 425//86 432//97 433//91
f 430//95 486//4 437//98
f 431//96 430//95 437//98 438//99
f 432//97 431//96 438//99 439//100
f 433//91 432//97 439//100 440//101
f 434//92 433//91 440//101 441//102
f 435//93 434//92 441//102 442//103
f 436//94 435//93 442//103 443//104
f 441//102 440//101 447//105 448//106
f 442//103 441//102 448//106 449//107
f 443//104 442//103 449//107 450//108
f 437//98 486//4 444//109
f 438//99 437//98 444//109 445//110
f 439//100 438//99 445//110 446//111
f 440//101 439//100 446//111 447//105
f 445//110 444//109 451//112 452//113
f 446//111 445//110 452//113 453//234
f 447//105 446//111 453//234 454//115
f 448//106 447//105 454//115 455//116
f 449//107 448//106 455//116 456//117
f 450//108 449//107 456//117 457//118
f 444//109 486//4 451//112
f 456//117 455//116 462//119 463//120
f 457//118 456//117 463//120 464//121
f 451//112 486//4 458//122
f 452//113 451//112 458//122 459//123
f 453//234 452//113 459//123 460//124
f 454//115 453//234 460//124 461//125
f 455//116 454//115 461//125 462//119
f 460//124 459//123 466//126 467//127
f 461//125 460//124 467//127 468//128
f 462//119 461//125 468//128 469//129
f 463//120 462//119 469//129 470//130
f 464//121 463//120 470//130 471//131
f 458//122 486//4 465//132
f 459//123 458//122 465//132 466//126
f 471//131 470//130 477//133 478//134
f 465//132 486//4 472//135
f 466//126 465//132 472//135 473//136
f 467//127 466//126 473//136 474//137
f 468//128 467//127 474//137 475//138
f 469//129 468//128 475//138 476//139
f 470//130 469//129 476//139 477//133
f 474//137 473//136 480//140 481//141
f 475//138 474//137 481//141 482//142
f 476//139 475//138 482//142 483//143
f 477//133 476//139 483//143 484//144
f 478//134 477//133 484//144 485//145
f 472//135 486//4 479//146
f 473//136 472//135 479//146 480//140
f 485//145 484//144 492//147 493//148
f 479//146 486//4 487//149
f 480//140 479//146 487//149 488//235
f 481//141 480//140 488//235 489//151
f 482//142 481//141 489//151 490//152
f 483//143 482//142 490//152 491//153
f 484//144 483//143 491//153 492//147
f 490//152 489//151 496//154 497//155
f 491//153 490//152 497//155 498//156
f 492//147 491//153 498//156 499//157
f 493//148 492//147 499//157 500//158
f 487//149 486//4 494//159
f 488//235 487//149 494//159 495//160
f 489//151 488//235 495//160 496//154
f 494//159 486//4 501//161
f 495//160 494//159 501//161 502//162
f 496//154 495//160 502//162 503//163
f 497//155 496//154 503//163 504//164
f 498//156 497//155 504//164 505//165
f 499//157 498//156 505//165 506//166
f 500//158 499//157 506//166 507//167
f 504//164 503//163 510//168 511//236
f 505//165 504//164 511//236 512//170
f 506//166 505//165 512//170 513//171
f 507//167 506//166 513//171 514//172
f 501//161 486//4 508//173
f 502//162 501//161 508//173 509//174
f 503//163 502//162 509//174 510//168
f 508//173 486//4 515//175
f 509//174 508//173 515//175 516//176
f 510//168 509//174 516//176 517//177
f 511//236 510//168 517//177 518//178
f 512//170 511//236 518//178 519//179
f 513//171 512//170 519//179 520//180
f 514//172 513//171 520//180 521//181
f 519//179 518//178 525//237 526//183
f 520//180 519//179 526//183 527//184
f 521//181 520//180 527//184 528//185
f 515//175 486//4 522//186
f 516//176 515//175 522//186 523//187
f 517//177 516//176 523//187 524//188
f 518//178 517//177 524//188 525//237
f 523//187 522//186 529//189 530//190
f 524//188 523//187 530//190 531//191
f 525//237 524//188 531//191 532//192
f 526//183 525//237 532//192 533//193
f 527//184 526//183 533//193 534//194
f 528//185 527//184 534//194 535//195
f 522//186 486//4 529//189
f 534//194 533//193 540//196 541//197
f 535//195 534//194 541//197 542//198
f 529//189 486//4 536//199
f 530//190 529//189 536//199 537//200
f 531//191 530//190 537//200 538//201
f 532//192 531//191 538//201 539//238
f 533//193 532//192 539//238 540//196
f 537//200 536//199 543//203 544//239
f 538//201 537//200 544//239 545//205
f 539//238 538//201 545//205 546//206
f 540//196 539//238 546//206 547//207
f 541//197 540//196 547//207 548//208
f 542//198 541//197 548//208 549//209
f 536//199 486//4 543//203
f 548//208 547//207 554//210 555//211
f 549//209 548//208 555//211 556//212
f 543//203 486//4 550//213
f 544//239 543//203 550//213 551//214
f 545//205 544//239 551//214 552//215
f 546//206 545//205 552//215 553//216
f 547//207 546//206 553//216 554//210
f 552//215 551//214 558//217 559//218
f 553//216 552//215 559//218 560//219
f 554//210 553//216 560//219 561//220
f 555//211 554//210 561//220 562//221
f 556//212 555//211 562//221 563//222
f 550//213 486//4 557//223
f 551//214 550//213 557//223 558//217
f 563//222 562//221 569//224 570//225
f 557//223 486//4 564//226
f 558//217 557//223 564//226 565//227
f 559//218 558//217 565//227 566//228
f 560//219 559//218 566//228 567//229
f 561//220 560//219 567//229 568//230
f 562//221 561//220 568//230 569//224
f 566//228 565//227 347//8 348//7
f 567//229 566//228 348//7 349//11
f 568//230 567//229 349//11 350//13
f 569//224 568//230 350//13 351//15
f 570//225 569//224 351//15 352//17
f 564//226 486//4 346//19
f 565//227 564//226 346//19 347//8
f 573//7 572//8 579//9 580//10
f 574//11 573//7 580//10 581//240
f 575//13 574//11 581//240 582//14
f 576//15 575//13 582//14 583//16
f 577//17 576//15 583//16 584//18
f 571//19 711//4 578//20
f 572//8 571//19 578//20 579//9
f 579//9 578//20 585//21 586//22
f 580//10 579//9 586//22 587//23
f 581//240 580//10 587//23 588//24
f 582//14 581//240 588//24 589//25
f 583//16 582//14 589//25 590//26
f 584//18 583//16 590//26 591//27
f 578//20 711//4 585//21
f 590//26 589//25 596//28 597//29
f 591//27 590//26 597//29 598//30
f 585//21 711//4 592//31
f 586//22 585//21 592//31 593//32
f 587//23 586//22 593//32 594//33
f 588//24 587//23 594//33 595//34
f 589//25 588//24 595//34 596//28
f 593//32 592//31 599//35 600//36
f 594//33 593//32 600//36 601//37
f 595//34 594//33 601//37 602//38
f 596//28 595//34 602//38 603//39
f 597//29 596//28 603//39 604//40
f 598//30 597//29 604//40 605//41
f 592//31 711//4 599//35
f 604//40 603//39 610//42 611//43
f 605//41 604//40 611//43 612//44
f 599//35 711//4 606//45
f 600//36 599//35 606//45 607//46
f 601//37 600//36 607//46 608//47
f 602//38 601//37 608//47 609//48
f 603//39 602//38 609//48 610//42
f 608//47 607//46 614//49 615//50
f 609//48 608//47 615//50 616//51
f 610//42 609//48 616//51 617//52
f 611//43 610//42 617//52 618//53
f 612//44 611//43 618//53 619//54
f 606//45 711//4 613//55
f 607//46 606//45 613//55 614//49
f 619//54 618//53 625//56 626//57
f 613//55 711//4 620//58
f 614//49 613//55 620//58 621//59
f 615//50 614//49 621//59 622//60
f 616//51 615//50 622//60 623//241
f 617//52 616//51 623//241 624//62
f 618//53 617//52 624//62 625//56
f 623//241 622//60 629//63 630//64
f 624//62 623//241 630//64 631//65
f 625//56 624//62 631//65 632//66
f 626//57 625//56 632//66 633//67
f 620//58 711//4 627//68
f 621//59 620//58 627//68 628//69
f 622//60 621//59 628//69 629//63
f 627//68 711//4 634//70
f 628//69 627//68 634//70 635//71
f 629//63 628//69 635//71 636//72
f 630//64 629//63 636//72 637//73
f 631//65 630//64 637//73 638//74
f 632//66 631//65 638//74 639//75
f 633//67 632//66 639//75 640//76
f 637//73 636//72 643//77 644//78
f 638//74 637//73 644//78 645//79
f 639//75 638//74 645//79 646//80
f 640//76 639//75 646//80 647//81
f 634//70 711//4 641//82
f 635//71 634//70 641//82 642//83
f 636//72 635//71 642//83 643//77
f 641//82 711//4 648//84
f 642//83 641//82 648//84 649//85
f 643//77 642//83 649//85 650//86
f 644//78 643//77 650//86 651//87
f 645//79 644//78 651//87 652//88
f 646//80 645//79 652//88 653//89
f 647//81 646//80 653//89 654//90
f 652//88 651//87 658//91 659//92
f 653//89 652//88 659//92 660//93
f 654//90 653//89 660//93 661//94
f 648//84 711//4 655//95
f 649//85 648//84 655//95 656//96
f 650//86 649//85 656//96 657//97
f 651//87 650//86 657//97 658//91
f 655//95 711//4 662//98
f 656//96 655//95 662//98 663//99
f 657//97 656//96 663//99 664//100
f 658//91 657//97 664//100 665//101
f 659//92 658//91 665//101 666//102
f 660//93 659//92 666//102 667//103
f 661//94 660//93 667//103 668//104
f 666//102 665//101 672//105 673//106
f 667//103 666//102 673//106 674//107
f 668//104 667//103 674//107 675//108
f 662//98 711//4 669//109
f 663//99 662//98 669//109 670//110
f 664//100 663//99 670//110 671//111
f 665//101 664//100 671//111 672//105
f 670//110 669//109 676//112 677//113
f 671//111 670//110 677//113 678//114
f 672//105 671//111 678//114 679//242
f 673//106 672//105 679//242 680//116
f 674//107 673//106 680//116 681//117
f 675//108 674//107 681//117 682//118
f 669//109 711//4 676//112
f 681//117 680//116 687//119 688//120
f 682//118 681//117 688//120 689//121
f 676//112 711//4 683//122
f 677//113 676//112 683//122 684//123
f 678//114 677//113 684//123 685//124
f 679//242 678//114 685//124 686//125
f 680//116 679//242 686//125 687//119
f 685//124 684//123 691//126 692//127
f 686//125 685//124 692//127 693//128
f 687//119 686//125 693//128 694//129
f 688//120 687//119 694//129 695//130
f 689//121 688//120 695//130 696//131
f 683//122 711//4 690//132
f 684//123 683//122 690//132 691//126
f 696//131 695//130 702//133 703//134
f 690//132 711//4 697//135
f 691//126 690//132 697//135 698//136
f 692//127 691//126 698//136 699//137
f 693//128 692//127 699//137 700//138
f 694//129 693//128 700//138 701//139
f 695//130 694//129 701//139 702//133
f 699//137 698//136 705//140 706//141
f 700//138 699//137 706//141 707//142
f 701//139 700//138 707//142 708//143
f 702//133 701//139 708//143 709//144
f 703//134 702//133 709//144 710//145
f 697//135 711//4 704//146
f 698//136 697//135 704//146 705//140
f 710//145 709//144 717//147 718//148
f 704//146 711//4 712//149
f 705//140 704//146 712//149 713//150
f 706//141 705//140 713//150 714//151
f 707//142 706//141 714//151 715//152
f 708//143 707//142 715//152 716//153
f 709//144 708//143 716//153 717//147
f 715//152 714//151 721//154 722//155
f 716//153 715//152 722//155 723//156
f 717//147 716//153 723//156 724//157
f 718//148 717//147 724//157 725//158
f 712//149 711//4 719//159
f 713//150 712//149 719//159 720//160
f 714//151 713//150 720//160 721//154
f 719//159 711//4 726//161
f 720//160 719//159 726//161 727//162
f 721//154 720//160 727//162 728//163
f 722//155 721//154 728//163 729//164
f 723//156 722//155 729//164 730//165
f 724//157 723//156 730//165 731//166
f 725//158 724//157 731//166 732//167
f 729//164 728//163 735//168 736//169
f 730//165 729//164 736//169 737//170
f 731//166 730//165 737//170 738//171
f 732//167 731//166 738//171 739//172
f 726//161 711//4 733//173
f 727//162 726//161 733//173 734//174
f 728//163 727//162 734//174 735//168
f 733//173 711//4 740//175
f 734//174 733//173 740//175 741//176
f 735//168 734//174 741//176 742//177
f 736//169 735//168 742//177 743//178
f 737//170 736//169 743//178 744//179
f 738//171 737//170 744//179 745//180
f 739//172 738//171 745//180 746//181
f 744//179 743//178 750//237 751//183
f 745//180 744//179 751//183 752//184
f 746//181 745//180 752//184 753//185
f 740//175 711//4 747//186
f 741//176 740//175 747//186 748//187
f 742//177 741//176 748//187 749//243
f 743//178 742//177 749//243 750//237
f 748//187 747//186 754//189 755//190
f 749//243 748//187 755//190 756//191
f 750//237 749//243 756//191 757//192
f 751//183 750//237 757//192 758//193
f 752//184 751//183 758//193 759//194
f 753//185 752//184 759//194 760//195
f 747//186 711//4 754//189
f 759//194 758//193 765//196 766//197
f 760//195 759//194 766//197 767//198
f 754//189 711//4 761//199
f 755//190 754//189 761//199 762//200
f 756//191 755//190 762//200 763//201
f 757//192 756//191 763//201 764//202
f 758//193 757//192 764//202 765//196
f 762//200 761//199 768//203 769//204
f 763//201 762//200 769//204 770//205
f 764//202 763//201 770//205 771//206
f 765//196 764//202 771//206 772//207
f 766//197 765//196 772//207 773//208
f 767//198 766//197 773//208 774//209
f 761//199 711//4 768//203
f 773//208 772//207 779//210 780//211
f 774//209 773//208 780//211 781//212
f 768//203 711//4 775//213
f 769//204 768//203 775//213 776//214
f 770//205 769//204 776//214 777//215
f 771//206 770//205 777//215 778//216
f 772//207 771//206 778//216 779//210
f 777//215 776//214 783//217 784//218
f 778//216 777//215 784//218 785//219
f 779//210 778//216 785//219 786//220
f 780//211 779//210 786//220 787//221
f 781//212 780//211 787//221 788//222
f 775//213 711//4 782//223
f 776//214 775//213 782//223 783//217
f 788//222 787//221 794//224 795//225
f 782//223 711//4 789//226
f 783//217 782//223 789//226 790//227
f 784//218 783//217 790//227 791//228
f 785//219 784//218 791//228 792//244
f 786//220 785//219 792//244 793//230
f 787//221 786//220 793//230 794//224
f 791//228 790//227 572//8 573//7
f 792//244 791//228 573//7 574//11
f 793//230 792//244 574//11 575//13
f 794//224 793//230 575//13 576//15
f 795//225 794//224 576//15 577//17
f 789//226 711//4 571//19
f 790//227 789//226 571//19 572//8
f 798//7 797//8 804//9 805//10
f 799//11 798//7 805//10 806//240
f 800//13 799//11 806//240 807//14
f 801//15 800//13 807//14 808//16
f 802//17 801//15 808//16 809//18
f 796//19 936//4 803//20
f 797//8 796//19 803//20 804//9
f 804//9 803//20 810//21 811//22
f 805//10 804//9 811//22 812//23
f 806//240 805//10 812//23 813//24
f 807//14 806//240 813//24 814//25
f 808//16 807//14 814//25 815//26
f 809//18 808//16 815//26 816//27
f 803//20 936//4 810//21
f 815//26 814//25 821//28 822//29
f 816//27 815//26 822//29 823//30
f 810//21 936//4 817//31
f 811//22 810//21 817//31 818//32
f 812//23 811//22 818//32 819//33
f 813//24 812//23 819//33 820//34
f 814//25 813//24 820//34 821//28
f 818//32 817//31 824//35 825//36
f 819//33 818//32 825//36 826//37
f 820//34 819//33 826//37 827//38
f 821//28 820//34 827//38 828//39
f 822//29 821//28 828//39 829//40
f 823//30 822//29 829//40 830//41
f 817//31 936//4 824//35
f 829//40 828//39 835//42 836//43
f 830//41 829//40 836//43 837//44
f 824//35 936//4 831//45
f 825//36 824//35 831//45 832//46
f 826//37 825//36 832//46 833//47
f 827//38 826//37 833//47 834//48
f 828//39 827//38 834//48 835//42
f 833//47 832//46 839//49 840//50
f 834//48 833//47 840//50 841//51
f 835//42 834//48 841//51 842//52
f 836//43 835//42 842//52 843//53
f 837//44 836//43 843//53 844//54
f 831//45 936//4 838//55
f 832//46 831//45 838//55 839//49
f 844//54 843//53 850//56 851//57
f 838//55 936//4 845//58
f 839//49 838//55 845//58 846//59
f 840//50 839//49 846//59 847//60
f 841//51 840//50 847//60 848//61
f 842//52 841//51 848//61 849//62
f 843//53 842//52 849//62 850//56
f 848//61 847//60 854//63 855//64
f 849//62 848//61 855//64 856//65
f 850//56 849//62 856//65 857//66
f 851//57 850//56 857//66 858//67
f 845//58 936//4 852//68
f 846//59 845//58 852//68 853//69
f 847//60 846//59 853//69 854//63
f 852//68 936//4 859//70
f 853//69 852//68 859//70 860//71
f 854//63 853//69 860//71 861//245
f 855//64 854//63 861//245 862//233
f 856//65 855//64 862//233 863//74
f 857//66 856//65 863//74 864//75
f 858//67 857//66 864//75 865//76
f 862//233 861//245 868//77 869//78
f 863//74 862//233 869//78 870//79
f 864//75 863//74 870//79 871//80
f 865//76 864//75 871//80 872//81
f 859//70 936//4 866//82
f 860//71 859//70 866//82 867//83
f 861//245 860//71 867//83 868//77
f 866//82 936//4 873//84
f 867//83 866//82 873//84 874//85
f 868//77 867//83 874//85 875//86
f 869//78 868//77 875//86 876//87
f 870//79 869//78 876//87 877//88
f 871//80 870//79 877//88 878//89
f 872//81 871//80 878//89 879//90
f 877//88 876//87 883//91 884//92
f 878//89 877//88 884//92 885//93
f 879//90 878//89 885//93 886//94
f 873//84 936//4 880//95
f 874//85 873//84 880//95 881//96
f 875//86 874//85 881//96 882//97
f 876//87 875//86 882//97 883//91
f 880//95 936//4 887//98
f 881//96 880//95 887//98 888//99
f 882//97 881//96 888//99 889//100
f 883//91 882//97 889//100 890//101
f 884//92 883//91 890//101 891//102
f 885//93 884//92 891//102 892//103
f 886//94 885//93 892//103 893//104
f 891//102 890//101 897//105 898//106
f 892//103 891//102 898//106 899//107
f 893//104 892//103 899//107 900//108
f 887//98 936//4 894//109
f 888//99 887//98 894//109 895//110
f 889//100 888//99 895//110 896//111
f 890//101 889//100 896//111 897//105
f 895//110 894//109 901//112 902//113
f 896//111 895//110 902//113 903//114
f 897//105 896//111 903//114 904//242
f 898//106 897//105 904//242 905//116
f 899//107 898//106 905//116 906//117
f 900//108 899//107 906//117 907//118
f 894//109 936//4 901//112
f 906//117 905//116 912//119 913//120
f 907//118 906//117 913//120 914//121
f 901//112 936//4 908//122
f 902//113 901//112 908//122 909//123
f 903//114 902//113 909//123 910//124
f 904//242 903//114 910//124 911//125
f 905//116 904//242 911//125 912//119
f 910//124 909//123 916//126 917//127
f 911//125 910//124 917//127 918//128
f 912//119 911//125 918//128 919//129
f 913//120 912//119 919//129 920//130
f 914//121 913//120 920//130 921//131
f 908//122 936//4 915//132
f 909//123 908//122 915//132 916//126
f 921//131 920//130 927//133 928//134
f 915//132 936//4 922//135
f 916//126 915//132 922//135 923//136
f 917//127 916//126 923//136 924//137
f 918//128 917//127 924//137 925//138
f 919//129 918//128 925//138 926//139
f 920//130 919//129 926//139 927//133
f 924//137 923//136 930//140 931//141
f 925//138 924//137 931//141 932//142
f 926//139 925//138 932//142 933//143
f 927//133 926//139 933//143 934//144
f 928//134 927//133 934//144 935//145
f 922//135 936//4 929//146
f 923//136 922//135 929//146 930//140
f 935//145 934//144 942//147 943//148
f 929//146 936//4 937//149
f 930//140 929//146 937//149 938//235
f 931//141 930//140 938//235 939//151
f 932//142 931//141 939//151 940//152
f 933//143 932//142 940//152 941//153
f 934//144 933//143 941//153 942//147
f 940//152 939//151 946//154 947//155
f 941//153 940//152 947//155 948//156
f 942//147 941//153 948//156 949//157
f 943//148 942//147 949//157 950//158
f 937//149 936//4 944//159
f 938//235 937//149 944//159 945//160
f 939//151 938//235 945//160 946//154
f 944//159 936//4 951//161
f 945//160 944//159 951//161 952//162
f 946//154 945//160 952//162 953//163
f 947//155 946//154 953//163 954//164
f 948//156 947//155 954//164 955//165
f 949//157 948//156 955//165 956//166
f 950//158 949//157 956//166 957//167
f 954//164 953//163 960//168 961//236
f 955//165 954//164 961//236 962//170
f 956//166 955//165 962//170 963//171
f 957//167 956//166 963//171 964//172
f 951//161 936//4 958//173
f 952//162 951//161 958//173 959//174
f 953//163 952//162 959//174 960//168
f 958//173 936//4 965//175
f 959//174 958//173 965//175 966//176
f 960//168 959//174 966//176 967//177
f 961//236 960//168 967//177 968//178
f 962//170 961//236 968//178 969//179
f 963//171 962//170 969//179 970//180
f 964//172 963//171 970//180 971//181
f 969//179 968//178 975//237 976//183
f 970//180 969//179 976//183 977//184
f 971//181 970//180 977//184 978//185
f 965//175 936//4 972//186
f 966//176 965//175 972//186 973//187
f 967//177 966//176 973//187 974//243
f 968//178 967//177 974//243 975//237
f 973//187 972//186 979//189 980//190
f 974//243 973//187 980//190 981//191
f 975//237 974//243 981//191 982//192
f 976//183 975//237 982//192 983//193
f 977//184 976//183 983//193 984//194
f 978//185 977//184 984//194 985//195
f 972//186 936//4 979//189
f 984//194 983//193 990//196 991//197
f 985//195 984//194 991//197 992//198
f 979//189 936//4 986//199
f 980//190 979//189 986//199 987//200
f 981//191 980//190 987//200 988//201
f 982//192 981//191 988//201 989//202
f 983//193 982//192 989//202 990//196
f 987//200 986//199 993//203 994//204
f 988//201 987//200 994//204 995//205
f 989//202 988//201 995//205 996//206
f 990//196 989//202 996//206 997//207
f 991//197 990//196 997//207 998//208
f 992//198 991//197 998//208 999//209
f 986//199 936//4 993//203
f 998//208 997//207 1004//210 1005//211
f 999//209 998//208 1005//211 1006//212
f 993//203 936//4 1000//213
f 994//204 993//203 1000//213 1001//214
f 995//205 994//204 1001//214 1002//215
f 996//206 995//205 1002//215 1003//216
f 997//207 996//206 1003//216 1004//210
f 1002//215 1001//214 1008//217 1009//218
f 1003//216 1002//215 1009//218 1010//219
f 1004//210 1003//216 1010//219 1011//220
f 1005//211 1004//210 1011//220 1012//221
f 1006//212 1005//211 1012//221 1013//222
f 1000//213 936//4 1007//223
f 1001//214 1000//213 1007//223 1008//217
f 1013//222 1012//221 1019//224 1020//225
f 1007//223 936//4 1014//226
f 1008//217 1007//223 1014//226 1015//227
f 1009//218 1008//217 1015//227 1016//228
f 1010//219 1009//218 1016//228 1017//246
f 1011//220 1010//219 1017//246 1018//230
f 1012//221 1011//220 1018//230 1019//224
f 1016//228 1015//227 797//8 798//7
f 1017//246 1016//228 798//7 799//11
f 1018//230 1017//246 799//11 800//13
f 1019//224 1018//230 800//13 801//15
f 1020//225 1019//224 801//15 802//17
f 1014//226 936//4 796//19
f 1015//227 1014//226 796//19 797//8
f 1023//7 1022//8 1029//9 1030//10
f 1024//11 1023//7 1030//10 1031//12
f 1025//13 1024//11 1031//12 1032//14
f 1026//15 1025//13 1032//14 1033//16
f 1027//17 1026//15 1033//16 1034//18
f 1021//19 1161//4 1028//20
f 1022//8 1021//19 1028//20 1029//9
f 1029//9 1028//20 1035//21 1036//22
f 1030//10 1029//9 1036//22 1037//23
f 1031//12 1030//10 1037//23 1038//24
f 1032//14 1031//12 1038//24 1039//25
f 1033//16 1032//14 1039//25 1040//26
f 1034//18 1033//16 1040//26 1041//27
f 1028//20 1161//4 1035//21
f 1040//26 1039//25 1046//28 1047//29
f 1041//27 1040//26 1047//29 1048//30
f 1035//21 1161//4 1042//31
f 1036//22 1035//21 1042//31 1043//32
f 1037//23 1036//22 1043//32 1044//33
f 1038//24 1037//23 1044//33 1045//34
f 1039//25 1038//24 1045//34 1046//28
f 1043//32 1042//31 1049//35 1050//36
f 1044//33 1043//32 1050//36 1051//37
f 1045//34 1044//33 1051//37 1052//38
f 1046//28 1045//34 1052//38 1053//39
f 1047//29 1046//28 1053//39 1054//40
f 1048//30 1047//29 1054//40 1055//41
f 1042//31 1161//4 1049//35
f 1054//40 1053//39 1060//42 1061//43
f 1055//41 1054//40 1061//43 1062//44
f 1049//35 1161//4 1056//45
f 1050//36 1049//35 1056//45 1057//46
f 1051//37 1050//36 1057//46 1058//47
f 1052//38 1051//37 1058//47 1059//48
f 1053//39 1052//38 1059//48 1060//42
f 1058//47 1057//46 1064//49 1065//50
f 1059//48 1058//47 1065//50 1066//51
f 1060//42 1059//48 1066//51 1067//52
f 1061//43 1060//42 1067//52 1068//53
f 1062//44 1061//43 1068//53 1069//54
f 1056//45 1161//4 1063//55
f 1057//46 1056//45 1063//55 1064//49
f 1069//54 1068//53 1075//56 1076//57
f 1063//55 1161//4 1070//58
f 1064//49 1063//55 1070//58 1071//59
f 1065//50 1064//49 1071//59 1072//60
f 1066//51 1065//50 1072//60 1073//241
f 1067//52 1066//51 1073//241 1074//62
f 1068//53 1067//52 1074//62 1075//56
f 1073//241 1072//60 1079//63 1080//64
f 1074//62 1073//241 1080//64 1081//65
f 1075//56 1074//62 1081//65 1082//66
f 1076//57 1075//56 1082//66 1083//67
f 1070//58 1161//4 1077//68
f 1071//59 1070//58 1077//68 1078//69
f 1072//60 1071//59 1078//69 1079//63
f 1077//68 1161//4 1084//70
f 1078//69 1077//68 1084//70 1085//71
f 1079//63 1078//69 1085//71 1086//72
f 1080//64 1079//63 1086//72 1087//247
f 1081//65 1080//64 1087//247 1088//74
f 1082//66 1081//65 1088//74 1089//75
f 1083//67 1082//66 1089//75 1090//76
f 1087//247 1086//72 1093//77 1094//78
f 1088//74 1087//247 1094//78 1095//79
f 1089//75 1088//74 1095//79 1096//80
f 1090//76 1089//75 1096//80 1097//81
f 1084//70 1161//4 1091//82
f 1085//71 1084//70 1091//82 1092//83
f 1086//72 1085//71 1092//83 1093//77
f 1091//82 1161//4 1098//84
f 1092//83 1091//82 1098//84 1099//85
f 1093//77 1092//83 1099//85 1100//86
f 1094//78 1093//77 1100//86 1101//87
f 1095//79 1094//78 1101//87 1102//88
f 1096//80 1095//79 1102//88 1103//89
f 1097//81 1096//80 1103//89 1104//90
f 1102//88 1101//87 1108//91 1109//92
f 1103//89 1102//88 1109//92 1110//93
f 1104//90 1103//89 1110//93 1111//94
f 1098//84 1161//4 1105//95
f 1099//85 1098//84 1105//95 1106//96
f 1100//86 1099//85 1106//96 1107//97
f 1101//87 1100//86 1107//97 1108//91
f 1105//95 1161//4 1112//98
f 1106//96 1105//95 1112//98 1113//99
f 1107//97 1106//96 1113//99 1114//100
f 1108//91 1107//97 1114//100 1115//248
f 1109//92 1108//91 1115//248 1116//102
f 1110//93 1109//92 1116//102 1117//103
f 1111//94 1110//93 1117//103 1118//104
f 1116//102 1115//248 1122//105 1123//106
f 1117//103 1116//102 1123//106 1124//107
f 1118//104 1117//103 1124//107 1125//108
f 1112//98 1161//4 1119//109
f 1113//99 1112//98 1119//109 1120//110
f 1114//100 1113//99 1120//110 1121//111
f 1115//248 1114//100 1121//111 1122//105
f 1120//110 1119//109 1126//112 1127//113
f 1121//111 1120//110 1127//113 1128//114
f 1122//105 1121//111 1128//114 1129//115
f 1123//106 1122//105 1129//115 1130//116
f 1124//107 1123//106 1130//116 1131//117
f 1125//108 1124//107 1131//117 1132//118
f 1119//109 1161//4 1126//112
f 1131//117 1130//116 1137//119 1138//120
f 1132//118 1131//117 1138//120 1139//121
f 1126//112 1161//4 1133//122
f 1127//113 1126//112 1133//122 1134//123
f 1128//114 1127//113 1134//123 1135//124
f 1129//115 1128//114 1135//124 1136//125
f 1130//116 1129//115 1136//125 1137//119
f 1135//124 1134//123 1141//126 1142//127
f 1136//125 1135//124 1142//127 1143//128
f 1137//119 1136//125 1143//128 1144//129
f 1138//120 1137//119 1144//129 1145//130
f 1139//121 1138//120 1145//130 1146//131
f 1133//122 1161//4 1140//132
f 1134//123 1133//122 1140//132 1141//126
f 1146//131 1145//130 1152//133 1153//134
f 1140//132 1161//4 1147//135
f 1141//126 1140//132 1147//135 1148//136
f 1142//127 1141//126 1148//136 1149//137
f 1143//128 1142//127 1149//137 1150//138
f 1144//129 1143//128 1150//138 1151//139
f 1145//130 1144//129 1151//139 1152//133
f 1149//137 1148//136 1155//140 1156//141
f 1150//138 1149//137 1156//141 1157//249
f 1151//139 1150//138 1157//249 1158//143
f 1152//133 1151//139 1158//143 1159//144
f 1153//134 1152//133 1159//144 1160//145
f 1147//135 1161//4 1154//146
f 1148//136 1147//135 1154//146 1155//140
f 1160//145 1159//144 1167//147 1168//148
f 1154//146 1161//4 1162//149
f 1155//140 1154//146 1162//149 1163//235
f 1156//141 1155//140 1163//235 1164//151
f 1157//249 1156//141 1164//151 1165//152
f 1158//143 1157//249 1165//152 1166//153
f 1159//144 1158//143 1166//153 1167//147
f 1165//152 1164//151 1171//154 1172//155
f 1166//153 1165//152 1172//155 1173//156
f 1167//147 1166//153 1173//156 1174//157
f 1168//148 1167//147 1174//157 1175//158
f 1162//149 1161//4 1169//159
f 1163//235 1162//149 1169//159 1170//160
f 1164//151 1163//235 1170//160 1171//154
f 1169//159 1161//4 1176//161
f 1170//160 1169//159 1176//161 1177//162
f 1171//154 1170//160 1177//162 1178//163
f 1172//155 1171//154 1178//163 1179//164
f 1173//156 1172//155 1179//164 1180//165
f 1174//157 1173//156 1180//165 1181//166
f 1175//158 1174//157 1181//166 1182//167
f 1179//164 1178//163 1185//168 1186//169
f 1180//165 1179//164 1186//169 1187//170
f 1181//166 1180//165 1187//170 1188//171
f 1182//167 1181//166 1188//171 1189//172
f 1176//161 1161//4 1183//173
f 1177//162 1176//161 1183//173 1184//174
f 1178//163 1177//162 1184//174 1185//168
f 1183//173 1161//4 1190//175
f 1184//174 1183//173 1190//175 1191//176
f 1185//168 1184//174 1191//176 1192//177
f 1186//169 1185//168 1192//177 1193//178
f 1187//170 1186//169 1193//178 1194//179
f 1188//171 1187//170 1194//179 1195//180
f 1189//172 1188//171 1195//180 1196//181
f 1194//179 1193//178 1200//182 1201//183
f 1195//180 1194//179 1201//183 1202//184
f 1196//181 1195//180 1202//184 1203//185
f 1190//175 1161//4 1197//186
f 1191//176 1190//175 1197//186 1198//187
f 1192//177 1191//176 1198//187 1199//243
f 1193//178 1192//177 1199//243 1200//182
f 1198//187 1197//186 1204//189 1205//190
f 1199//243 1198//187 1205//190 1206//191
f 1200//182 1199//243 1206//191 1207//192
f 1201//183 1200//182 1207//192 1208//193
f 1202//184 1201//183 1208//193 1209//194
f 1203//185 1202//184 1209//194 1210//195
f 1197//186 1161//4 1204//189
f 1209//194 1208//193 1215//196 1216//197
f 1210//195 1209//194 1216//197 1217//198
f 1204//189 1161//4 1211//199
f 1205//190 1204//189 1211//199 1212//200
f 1206//191 1205//190 1212//200 1213//201
f 1207//192 1206//191 1213//201 1214//202
f 1208//193 1207//192 1214//202 1215//196
f 1212//200 1211//199 1218//203 1219//250
f 1213//201 1212//200 1219//250 1220//205
f 1214//202 1213//201 1220//205 1221//206
f 1215//196 1214//202 1221//206 1222//207
f 1216//197 1215//196 1222//207 1223//208
f 1217//198 1216//197 1223//208 1224//209
f 1211//199 1161//4 1218//203
f 1223//208 1222//207 1229//210 1230//211
f 1224//209 1223//208 1230//211 1231//212
f 1218//203 1161//4 1225//213
f 1219//250 1218//203 1225//213 1226//214
f 1220//205 1219//250 1226//214 1227//215
f 1221//206 1220//205 1227//215 1228//216
f 1222//207 1221//206 1228//216 1229//210
f 1227//215 1226//214 1233//217 1234//218
f 1228//216 1227//215 1234//218 1235//219
f 1229//210 1228//216 1235//219 1236//220
f 1230//211 1229//210 1236//220 1237//221
f 1231//212 1230//211 1237//221 1238//222
f 1225//213 1161//4 1232//223
f 1226//214 1225//213 1232//223 1233//217
f 1238//222 1237//221 1244//224 1245//225
f 1232//223 1161//4 1239//226
f 1233//217 1232//223 1239//226 1240//227
f 1234//218 1233//217 1240//227 1241//228
f 1235//219 1234//218 1241//228 1242//229
f 1236//220 1235//219 1242//229 1243//230
f 1237//221 1236//220 1243//230 1244//224
f 1241//228 1240//227 1022//8 1023//7
f 1242//229 1241//228 1023//7 1024//11
f 1243//230 1242//229 1024//11 1025//13
f 1244//224 1243//230 1025//13 1026//15
f 1245//225 1244//224 1026//15 1027//17
f 1239//226 1161//4 1021//19
f 1240//227 1239//226 1021//19 1022//8
f 1248//7 1247//8 1254//9 1255//231
f 1249//11 1248//7 1255//231 1256//12
f 1250//13 1249//11 1256//12 1257//14
f 1251//15 1250//13 1257//14 1258//16
f 1252//17 1251//15 1258//16 1259//18
f 1246//19 1386//4 1253//20
f 1247//8 1246//19 1253//20 1254//9
f 1254//9 1253//20 1260//21 1261//22
f 1255//231 1254//9 1261//22 1262//23
f 1256//12 1255//231 1262//23 1263//24
f 1257//14 1256//12 1263//24 1264//25
f 1258//16 1257//14 1264//25 1265//251
f 1259//18 1258//16 1265//251 1266//27
f 1253//20 1386//4 1260//21
f 1265//251 1264//25 1271//28 1272//29
f 1266//27 1265//251 1272//29 1273//30
f 1260//21 1386//4 1267//31
f 1261//22 1260//21 1267//31 1268//32
f 1262//23 1261//22 1268//32 1269//33
f 1263//24 1262//23 1269//33 1270//34
f 1264//25 1263//24 1270//34 1271//28
f 1268//32 1267//31 1274//35 1275//252
f 1269//33 1268//32 1275//252 1276//37
f 1270//34 1269//33 1276//37 1277//38
f 1271//28 1270//34 1277//38 1278//39
f 1272//29 1271//28 1278//39 1279//40
f 1273//30 1272//29 1279//40 1280//41
f 1267//31 1386//4 1274//35
f 1279//40 1278//39 1285//42 1286//43
f 1280//41 1279//40 1286//43 1287//44
f 1274//35 1386//4 1281//45
f 1275//252 1274//35 1281//45 1282//46
f 1276//37 1275//252 1282//46 1283//47
f 1277//38 1276//37 1283//47 1284//48
f 1278//39 1277//38 1284//48 1285//42
f 1283//47 1282//46 1289//49 1290//50
f 1284//48 1283//47 1290//50 1291//51
f 1285//42 1284//48 1291//51 1292//52
f 1286//43 1285//42 1292//52 1293//53
f 1287//44 1286//43 1293//53 1294//54
f 1281//45 1386//4 1288//55
f 1282//46 1281//45 1288//55 1289//49
f 1294//54 1293//53 1300//56 1301//57
f 1288//55 1386//4 1295//58
f 1289//49 1288//55 1295//58 1296//59
f 1290//50 1289//49 1296//59 1297//232
f 1291//51 1290//50 1297//232 1298//241
f 1292//52 1291//51 1298//241 1299//62
f 1293//53 1292//52 1299//62 1300//56
f 1298//241 1297//232 1304//63 1305//64
f 1299//62 1298//241 1305//64 1306//65
f 1300//56 1299//62 1306//65 1307//66
f 1301//57 1300//56 1307//66 1308//67
f 1295//58 1386//4 1302//68
f 1296//59 1295//58 1302//68 1303//69
f 1297//232 1296//59 1303//69 1304//63
f 1302//68 1386//4 1309//70
f 1303//69 1302//68 1309//70 1310//71
f 1304//63 1303//69 1310//71 1311//72
f 1305//64 1304//63 1311//72 1312//247
f 1306//65 1305//64 1312//247 1313//74
f 1307//66 1306//65 1313//74 1314//75
f 1308//67 1307//66 1314//75 1315//76
f 1312//247 1311//72 1318//77 1319//78
f 1313//74 1312//247 1319//78 1320//79
f 1314//75 1313//74 1320//79 1321//80
f 1315//76 1314//75 1321//80 1322//81
f 1309//70 1386//4 1316//82
f 1310//71 1309//70 1316//82 1317//83
f 1311//72 1310//71 1317//83 1318//77
f 1316//82 1386//4 1323//84
f 1317//83 1316//82 1323//84 1324//85
f 1318//77 1317//83 1324//85 1325//86
f 1319//78 1318//77 1325//86 1326//87
f 1320//79 1319//78 1326//87 1327//88
f 1321//80 1320//79 1327//88 1328//89
f 1322//81 1321//80 1328//89 1329//90
f 1327//88 1326//87 1333//91 1334//92
f 1328//89 1327//88 1334//92 1335//93
f 1329//90 1328//89 1335//93 1336//94
f 1323//84 1386//4 1330//95
f 1324//85 1323//84 1330//95 1331//96
f 1325//86 1324//85 1331//96 1332//97
f 1326//87 1325//86 1332//97 1333//91
f 1330//95 1386//4 1337//98
f 1331//96 1330//95 1337//98 1338//99
f 1332//97 1331//96 1338//99 1339//100
f 1333//91 1332//97 1339//100 1340//248
f 1334//92 1333//91 1340//248 1341//102
f 1335//93 1334//92 1341//102 1342//103
f 1336//94 1335//93 1342//103 1343//104
f 1341//102 1340//248 1347//105 1348//106
f 1342//103 1341//102 1348//106 1349//107
f 1343//104 1342//103 1349//107 1350//108
f 1337//98 1386//4 1344//109
f 1338//99 1337//98 1344//109 1345//110
f 1339//100 1338//99 1345//110 1346//111
f 1340//248 1339//100 1346//111 1347//105
f 1345//110 1344//109 1351//112 1352//113
f 1346//111 1345//110 1352//113 1353//114
f 1347//105 1346//111 1353//114 1354//115
f 1348//106 1347//105 1354//115 1355//116
f 1349//107 1348//106 1355//116 1356//117
f 1350//108 1349//107 1356//117 1357//118
f 1344//109 1386//4 1351//112
f 1356//117 1355//116 1362//119 1363//120
f 1357//118 1356//117 1363//120 1364//121
f 1351//112 1386//4 1358//122
f 1352//113 1351//112 1358//122 1359//123
f 1353//114 1352//113 1359//123 1360//124
f 1354//115 1353//114 1360//124 1361//125
f 1355//116 1354//115 1361//125 1362//119
f 1360//124 1359//123 1366//126 1367//253
f 1361//125 1360//124 1367//253 1368//128
f 1362//119 1361//125 1368//128 1369//129
f 1363//120 1362//119 1369//129 1370//130
f 1364//121 1363//120 1370//130 1371//131
f 1358//122 1386//4 1365//132
f 1359//123 1358//122 1365//132 1366//126
f 1371//131 1370//130 1377//133 1378//134
f 1365//132 1386//4 1372//135
f 1366//126 1365//132 1372//135 1373//136
f 1367//253 1366//126 1373//136 1374//137
f 1368//128 1367//253 1374//137 1375//138
f 1369//129 1368//128 1375//138 1376//139
f 1370//130 1369//129 1376//139 1377//133
f 1374//137 1373//136 1380//140 1381//141
f 1375//138 1374//137 1381//141 1382//249
f 1376//139 1375//138 1382//249 1383//143
f 1377//133 1376//139 1383//143 1384//144
f 1378//134 1377//133 1384//144 1385//145
f 1372//135 1386//4 1379//146
f 1373//136 1372//135 1379//146 1380//140
f 1385//145 1384//144 1392//147 1393//148
f 1379//146 1386//4 1387//149
f 1380//140 1379//146 1387//149 1388//235
f 1381//141 1380//140 1388//235 1389//151
f 1382//249 1381//141 1389//151 1390//152
f 1383//143 1382//249 1390//152 1391//153
f 1384//144 1383//143 1391//153 1392//147
f 1390//152 1389//151 1396//154 1397//155
f 1391//153 1390//152 1397//155 1398//156
f 1392//147 1391//153 1398//156 1399//157
f 1393//148 1392//147 1399//157 1400//158
f 1387//149 1386//4 1394//159
f 1388//235 1387//149 1394//159 1395//160
f 1389//151 1388//235 1395//160 1396//154
f 1394//159 1386//4 1401//161
f 1395//160 1394//159 1401//161 1402//162
f 1396//154 1395//160 1402//162 1403//163
f 1397//155 1396//154 1403//163 1404//164
f 1398//156 1397//155 1404//164 1405//165
f 1399//157 1398//156 1405//165 1406//166
f 1400//158 1399//157 1406//166 1407//167
f 1404//164 1403//163 1410//168 1411//236
f 1405//165 1404//164 1411//236 1412//170
f 1406//166 1405//165 1412//170 1413//171
f 1407//167 1406//166 1413//171 1414//172
f 1401//161 1386//4 1408//173
f 1402//162 1401//161 1408//173 1409//174
f 1403//163 1402//162 1409//174 1410//168
f 1408//173 1386//4 1415//175
f 1409//174 1408//173 1415//175 1416//176
f 1410//168 1409//174 1416//176 1417//177
f 1411//236 1410//168 1417//177 1418//178
f 1412//170 1411//236 1418//178 1419//179
f 1413//171 1412//170 1419//179 1420//180
f 1414//172 1413//171 1420//180 1421//181
f 1419//179 1418//178 1425//237 1426//183
f 1420//180 1419//179 1426//183 1427//184
f 1421//181 1420//180 1427//184 1428//185
f 1415//175 1386//4 1422//186
f 1416//176 1415//175 1422//186 1423//187
f 1417//177 1416//176 1423//187 1424//243
f 1418//178 1417//177 1424//243 1425//237
f 1423//187 1422//186 1429//189 1430//190
f 1424//243 1423//187 1430//190 1431//191
f 1425//237 1424//243 1431//191 1432//192
f 1426//183 1425//237 1432//192 1433//193
f 1427//184 1426//183 1433//193 1434//194
f 1428//185 1427//184 1434//194 1435//195
f 1422//186 1386//4 1429//189
f 1434//194 1433//193 1440//196 1441//197
f 1435//195 1434//194 1441//197 1442//198
f 1429//189 1386//4 1436//199
f 1430//190 1429//189 1436//199 1437//200
f 1431//191 1430//190 1437//200 1438//201
f 1432//192 1431//191 1438//201 1439//202
f 1433//193 1432//192 1439//202 1440//196
f 1437//200 1436//199 1443//203 1444//239
f 1438//201 1437//200 1444//239 1445//205
f 1439//202 1438//201 1445//205 1446//206
f 1440//196 1439//202 1446//206 1447//207
f 1441//197 1440//196 1447//207 1448//208
f 1442//198 1441//197 1448//208 1449//209
f 1436//199 1386//4 1443//203
f 1448//208 1447//207 1454//210 1455//211
f 1449//209 1448//208 1455//211 1456//212
f 1443//203 1386//4 1450//213
f 1444//239 1443//203 1450//213 1451//214
f 1445//205 1444//239 1451//214 1452//215
f 1446//206 1445//205 1452//215 1453//216
f 1447//207 1446//206 1453//216 1454//210
f 1452//215 1451//214 1458//217 1459//218
f 1453//216 1452//215 1459//218 1460//219
f 1454//210 1453//216 1460//219 1461//220
f 1455//211 1454//210 1461//220 1462//221
f 1456//212 1455//211 1462//221 1463//222
f 1450//213 1386//4 1457//223
f 1451//214 1450//213 1457//223 1458//217
f 1463//222 1462//221 1469//224 1470//225
f 1457//223 1386//4 1464//226
f 1458//217 1457//223 1464//226 1465//227
f 1459//218 1458//217 1465//227 1466//228
f 1460//219 1459//218 1466//228 1467//229
f 1461//220 1460//219 1467//229 1468//230
f 1462//221 1461//220 1468//230 1469//224
f 1466//228 1465//227 1247//8 1248//7
f 1467//229 1466//228 1248//7 1249//11
f 1468//230 1467//229 1249//11 1250//13
f 1469//224 1468//230 1250//13 1251//15
f 1470//225 1469//224 1251//15 1252//17
f 1464//226 1386//4 1246//19
f 1465//227 1464//226 1246//19 1247//8
f 1473//254 1472//255 1479//256 1480//257
f 1474//258 1473//254 1480//257 1481//259
f 1475//260 1474//258 1481//259 1482//261
f 1476//262 1475//260 1482//261 1483//263
f 1477//264 1476//262 1483//263 1484//265
f 1471//266 1611//2 1478//267
f 1472//255 1471//266 1478//267 1479//256
f 1479//256 1478//267 1485//268 1486//269
f 1480//257 1479//256 1486//269 1487//270
f 1481//259 1480//257 1487//270 1488//271
f 1482//261 1481//259 1488//271 1489//272
f 1483//263 1482//261 1489//272 1490//273
f 1484//265 1483//263 1490//273 1491//274
f 1478//267 1611//2 1485//268
f 1490//273 1489//272 1496//275 1497//276
f 1491//274 1490//273 1497//276 1498//277
f 1485//268 1611//2 1492//278
f 1486//269 1485//268 1492//278 1493//279
f 1487//270 1486//269 1493//279 1494//280
f 1488//271 1487//270 1494//280 1495//281
f 1489//272 1488//271 1495//281 1496//275
f 1493//279 1492//278 1499//282 1500//283
f 1494//280 1493//279 1500//283 1501//284
f 1495//281 1494//280 1501//284 1502//285
f 1496//275 1495//281 1502//285 1503//286
f 1497//276 1496//275 1503//286 1504//287
f 1498//277 1497//276 1504//287 1505//288
f 1492//278 1611//2 1499//282
f 1504//287 1503//286 1510//289 1511//290
f 1505//288 1504//287 1511//290 1512//291
f 1499//282 1611//2 1506//292
f 1500//283 1499//282 1506//292 1507//293
f 1501//284 1500//283 1507//293 1508//294
f 1502//285 1501//284 1508//294 1509//295
f 1503//286 1502//285 1509//295 1510//289
f 1508//294 1507//293 1514//296 1515//297
f 1509//295 1508//294 1515//297 1516//298
f 1510//289 1509//295 1516//298 1517//299
f 1511//290 1510//289 1517//299 1518//300
f 1512//291 1511//290 1518//300 1519//301
f 1506//292 1611//2 1513//302
f 1507//293 1506//292 1513//302 1514//296
f 1519//301 1518//300 1525//303 1526//304
f 1513//302 1611//2 1520//305
f 1514//296 1513//302 1520//305 1521//306
f 1515//297 1514//296 1521//306 1522//307
f 1516//298 1515//297 1522//307 1523//308
f 1517//299 1516//298 1523//308 1524//309
f 1518//300 1517//299 1524//309 1525//303
f 1523//308 1522//307 1529//310 1530//311
f 1524//309 1523//308 1530//311 1531//312
f 1525//303 1524//309 1531//312 1532//313
f 1526//304 1525//303 1532//313 1533//314
f 1520//305 1611//2 1527//315
f 1521//306 1520//305 1527//315 1528//316
f 1522//307 1521//306 1528//316 1529//310
f 1527//315 1611//2 1534//317
f 1528//316 1527//315 1534//317 1535//318
f 1529//310 1528//316 1535//318 1536//319
f 1530//311 1529//310 1536//319 1537//320
f 1531//312 1530//311 1537//320 1538//321
f 1532//313 1531//312 1538//321 1539//322
f 1533//314 1532//313 1539//322 1540//323
f 1537//320 1536//319 1543//324 1544//325
f 1538//321 1537//320 1544//325 1545//326
f 1539//322 1538//321 1545//326 1546//327
f 1540//323 1539//322 1546//327 1547//328
f 1534//317 1611//2 1541//329
f 1535//318 1534//317 1541//329 1542//330
f 1536//319 1535//318 1542//330 1543//324
f 1541//329 1611//2 1548//331
f 1542//330 1541//329 1548//331 1549//332
f 1543//324 1542//330 1549//332 1550//333
f 1544//325 1543//324 1550//333 1551//334
f 1545//326 1544//325 1551//334 1552//335
f 1546//327 1545//326 1552//335 1553//336
f 1547//328 1546//327 1553//336 1554//337
f 1552//335 1551//334 1558//338 1559//339
f 1553//336 1552//335 1559//339 1560//340
f 1554//337 1553//336 1560//340 1561//341
f 1548//331 1611//2 1555//342
f 1549//332 1548//331 1555//342 1556//343
f 1550//333 1549//332 1556//343 1557//344
f 1551//334 1550//333 1557//344 1558//338
f 1555//342 1611//2 1562//345
f 1556//343 1555//342 1562//345 1563//346
f 1557//344 1556//343 1563//346 1564//347
f 1558//338 1557//344 1564//347 1565//348
f 1559//339 1558//338 1565//348 1566//349
f 1560//340 1559//339 1566//349 1567//350
f 1561//341 1560//340 1567//350 1568//351
f 1566//349 1565//348 1572//352 1573//353
f 1567//350 1566//349 1573//353 1574//354
f 1568//351 1567//350 1574//354 1575//355
f 1562//345 1611//2 1569//356
f 1563//346 1562//345 1569//356 1570//357
f 1564//347 1563//346 1570//357 1571//358
f 1565//348 1564//347 1571//358 1572//352
f 1570//357 1569//356 1576//359 1577//360
f 1571//358 1570//357 1577//360 1578//361
f 1572//352 1571//358 1578//361 1579//362
f 1573//353 1572//352 1579//362 1580//363
f 1574//354 1573//353 1580//363 1581//364
f 1575//355 1574//354 1581//364 1582//365
f 1569//356 1611//2 1576//359
f 1581//364 1580//363 1587//366 1588//367
f 1582//365 1581//364 1588//367 1589//368
f 1576//359 1611//2 1583//369
f 1577//360 1576//359 1583//369 1584//370
f 1578//361 1577//360 1584//370 1585//371
f 1579//362 1578//361 1585//371 1586//372
f 1580//363 1579//362 1586//372 1587//366
f 1585//371 1584//370 1591//373 1592//374
f 1586//372 1585//371 1592//374 1593//375
f 1587//366 1586//372 1593//375 1594//376
f 1588//367 1587//366 1594//376 1595//377
f 1589//368 1588//367 1595//377 1596//378
f 1583//369 1611//2 1590//379
f 1584//370 1583//369 1590//379 1591//373
f 1596//378 1595//377 1602//380 1603//381
f 1590//379 1611//2 1597//382
f 1591//373 1590//379 1597//382 1598//383
f 1592//374 1591//373 1598//383 1599//384
f 1593//375 1592//374 1599//384 1600//385
f 1594//376 1593//375 1600//385 1601//386
f 1595//377 1594//376 1601//386 1602//380
f 1599//384 1598//383 1605//387 1606//388
f 1600//385 1599//384 1606//388 1607//389
f 1601//386 1600//385 1607//389 1608//390
f 1602//380 1601//386 1608//390 1609//391
f 1603//381 1602//380 1609//391 1610//392
f 1597//382 1611//2 1604//393
f 1598//383 1597//382 1604//393 1605//387
f 1610//392 1609//391 1617//394 1618//395
f 1604//393 1611//2 1612//396
f 1605//387 1604//393 1612//396 1613//397
f 1606//388 1605//387 1613//397 1614//398
f 1607//389 1606//388 1614//398 1615//399
f 1608//390 1607//389 1615//399 1616//400
f 1609//391 1608//390 1616//400 1617//394
f 1615//399 1614//398 1621//401 1622//402
f 1616//400 1615//399 1622//402 1623//403
f 1617//394 1616//400 1623//403 1624//404
f 1618//395 1617//394 1624//404 1625//405
f 1612//396 1611//2 1619//406
f 1613//397 1612//396 1619//406 1620//407
f 1614//398 1613//397 1620//407 1621//401
f 1619//406 1611//2 1626//408
f 1620//407 1619//406 1626//408 1627//409
f 1621//401 1620//407 1627//409 1628//410
f 1622//402 1621//401 1628//410 1629//411
f 1623//403 1622//402 1629//411 1630//412
f 1624//404 1623//403 1630//412 1631//413
f 1625//405 1624//404 1631//413 1632//414
f 1629//411 1628//410 1635//415 1636//416
f 1630//412 1629//411 1636//416 1637//417
f 1631//413 1630//412 1637//417 1638//418
f 1632//414 1631//413 1638//418 1639//419
f 1626//408 1611//2 1633//420
f 1627//409 1626//408 1633//420 1634//421
f 1628//410 1627//409 1634//421 1635//415
f 1633//420 1611//2 1640//422
f 1634//421 1633//420 1640//422 1641//423
f 1635//415 1634//421 1641//423 1642//424
f 1636//416 1635//415 1642//424 1643//425
f 1637//417 1636//416 1643//425 1644//426
f 1638//418 1637//417 1644//426 1645//427
f 1639//419 1638//418 1645//427 1646//428
f 1644//426 1643//425 1650//429 1651//430
f 1645//427 1644//426 1651//430 1652//431
f 1646//428 1645//427 1652//431 1653//432
f 1640//422 1611//2 1647//433
f 1641//423 1640//422 1647//433 1648//434
f 1642//424 1641//423 1648//434 1649//435
f 1643//425 1642//424 1649//435 1650//429
f 1648//434 1647//433 1654//436 1655//437
f 1649//435 1648//434 1655//437 1656//438
f 1650//429 1649//435 1656//438 1657//439
f 1651//430 1650//429 1657//439 1658//440
f 1652//431 1651//430 1658//440 1659//441
f 1653//432 1652//431 1659//441 1660//442
f 1647//433 1611//2 1654//436
f 1659//441 1658//440 1665//443 1666//444
f 1660//442 1659//441 1666//444 1667//445
f 1654//436 1611//2 1661//446
f 1655//437 1654//436 1661//446 1662//447
f 1656//438 1655//437 1662//447 1663//448
f 1657//439 1656//438 1663//448 1664//449
f 1658//440 1657//439 1664//449 1665//443
f 1662//447 1661//446 1668//450 1669//451
f 1663//448 1662//447 1669//451 1670//452
f 1664//449 1663//448 1670//452 1671//453
f 1665//443 1664//449 1671//453 1672//454
f 1666//444 1665//443 1672//454 1673//455
f 1667//445 1666//444 1673//455 1674//456
f 1661//446 1611//2 1668//450
f 1673//455 1672//454 1679//457 1680//458
f 1674//456 1673//455 1680//458 1681//459
f 1668//450 1611//2 1675//460
f 1669//451 1668//450 1675//460 1676//461
f 1670//452 1669//451 1676//461 1677//462
f 1671//453 1670//452 1677//462 1678//463
f 1672//454 1671//453 1678//463 1679//457
f 1677//462 1676//461 1683//464 1684//465
f 1678//463 1677//462 1684//465 1685//466
f 1679//457 1678//463 1685//466 1686//467
f 1680//458 1679//457 1686//467 1687//468
f 1681//459 1680//458 1687//468 1688//469
f 1675//460 1611//2 1682//470
f 1676//461 1675//460 1682//470 1683//464
f 1688//469 1687//468 1694//471 1695//472
f 1682//470 1611//2 1689//473
f 1683//464 1682//470 1689//473 1690//474
f 1684//465 1683//464 1690//474 1691//475
f 1685//466 1684//465 1691//475 1692//476
f 1686//467 1685//466 1692//476 1693//477
f 1687//468 1686//467 1693//477 1694//471
f 1691//475 1690//474 1472//255 1473//254
f 1692//476 1691//475 1473//254 1474//258
f 1693//477 1692//476 1474//258 1475//260
f 1694//471 1693//477 1475//260 1476//262
f 1695//472 1694//471 1476//262 1477//264
f 1689//473 1611//2 1471//266
f 1690//474 1689//473 1471//266 1472//255
f 1698//254 1697//255 1704//256 1705//257
f 1699//258 1698//254 1705//257 1706//478
f 1700//260 1699//258 1706//478 1707//261
f 1701//262 1700//260 1707//261 1708//263
f 1702//264 1701//262 1708//263 1709//265
f 1696//479 1836//2 1703//267
f 1697//255 1696//479 1703//267 1704//256
f 1704//256 1703//267 1710//268 1711//269
f 1705//257 1704//256 1711//269 1712//270
f 1706//478 1705//257 1712//270 1713//271
f 1707//261 1706//478 1713//271 1714//272
f 1708//263 1707//261 1714//272 1715//273
f 1709//265 1708//263 1715//273 1716//274
f 1703//267 1836//2 1710//268
f 1715//273 1714//272 1721//275 1722//276
f 1716//274 1715//273 1722//276 1723//277
f 1710//268 1836//2 1717//278
f 1711//269 1710//268 1717//278 1718//279
f 1712//270 1711//269 1718//279 1719//280
f 1713//271 1712//270 1719//280 1720//480
f 1714//272 1713//271 1720//480 1721//275
f 1718//279 1717//278 1724//282 1725//283
f 1719//280 1718//279 1725//283 1726//284
f 1720//480 1719//280 1726//284 1727//481
f 1721//275 1720//480 1727//481 1728//286
f 1722//276 1721//275 1728//286 1729//287
f 1723//277 1722//276 1729//287 1730//288
f 1717//278 1836//2 1724//282
f 1729//287 1728//286 1735//289 1736//290
f 1730//288 1729//287 1736//290 1737//291
f 1724//282 1836//2 1731//482
f 1725//283 1724//282 1731//482 1732//293
f 1726//284 1725//283 1732//293 1733//483
f 1727//481 1726//284 1733//483 1734//484
f 1728//286 1727//481 1734//484 1735//289
f 1733//483 1732//293 1739//296 1740//297
f 1734//484 1733//483 1740//297 1741//298
f 1735//289 1734//484 1741//298 1742//299
f 1736//290 1735//289 1742//299 1743//300
f 1737//291 1736//290 1743//300 1744//301
f 1731//482 1836//2 1738//302
f 1732//293 1731//482 1738//302 1739//296
f 1744//301 1743//300 1750//303 1751//304
f 1738//302 1836//2 1745//305
f 1739//296 1738//302 1745//305 1746//306
f 1740//297 1739//296 1746//306 1747//307
f 1741//298 1740//297 1747//307 1748//485
f 1742//299 1741//298 1748//485 1749//309
f 1743//300 1742//299 1749//309 1750//303
f 1748//485 1747//307 1754//310 1755//311
f 1749//309 1748//485 1755//311 1756//312
f 1750//303 1749//309 1756//312 1757//313
f 1751//304 1750//303 1757//313 1758//314
f 1745//305 1836//2 1752//486
f 1746//306 1745//305 1752//486 1753//316
f 1747//307 1746//306 1753//316 1754//310
f 1752//486 1836//2 1759//317
f 1753//316 1752//486 1759//317 1760//487
f 1754//310 1753//316 1760//487 1761//319
f 1755//311 1754//310 1761//319 1762//488
f 1756//312 1755//311 1762//488 1763//321
f 1757//313 1756//312 1763//321 1764//322
f 1758//314 1757//313 1764//322 1765//323
f 1762//488 1761//319 1768//489 1769//325
f 1763//321 1762//488 1769//325 1770//326
f 1764//322 1763//321 1770//326 1771//327
f 1765//323 1764//322 1771//327 1772//328
f 1759//317 1836//2 1766//329
f 1760//487 1759//317 1766//329 1767//330
f 1761//319 1760//487 1767//330 1768//489
f 1766//329 1836//2 1773//490
f 1767//330 1766//329 1773//490 1774//332
f 1768//489 1767//330 1774//332 1775//333
f 1769//325 1768//489 1775//333 1776//491
f 1770//326 1769//325 1776//491 1777//335
f 1771//327 1770//326 1777//335 1778//336
f 1772//328 1771//327 1778//336 1779//337
f 1777//335 1776//491 1783//338 1784//339
f 1778//336 1777//335 1784//339 1785//340
f 1779//337 1778//336 1785//340 1786//341
f 1773//490 1836//2 1780//342
f 1774//332 1773//490 1780//342 1781//343
f 1775//333 1774//332 1781//343 1782//344
f 1776//491 1775//333 1782//344 1783//338
f 1780//342 1836//2 1787//345
f 1781//343 1780//342 1787//345 1788//346
f 1782//344 1781//343 1788//346 1789//347
f 1783//338 1782//344 1789//347 1790//492
f 1784//339 1783//338 1790//492 1791//349
f 1785//340 1784//339 1791//349 1792//350
f 1786//341 1785//340 1792//350 1793//351
f 1791//349 1790//492 1797//352 1798//353
f 1792//350 1791//349 1798//353 1799//354
f 1793//351 1792//350 1799//354 1800//355
f 1787//345 1836//2 1794//356
f 1788//346 1787//345 1794//356 1795//357
f 1789//347 1788//346 1795//357 1796//358
f 1790//492 1789//347 1796//358 1797//352
f 1795//357 1794//356 1801//359 1802//493
f 1796//358 1795//357 1802//493 1803//361
f 1797//352 1796//358 1803//361 1804//494
f 1798//353 1797//352 1804//494 1805//363
f 1799//354 1798//353 1805//363 1806//364
f 1800//355 1799//354 1806//364 1807//365
f 1794//356 1836//2 1801//359
f 1806//364 1805//363 1812//366 1813//367
f 1807//365 1806//364 1813//367 1814//368
f 1801//359 1836//2 1808//495
f 1802//493 1801//359 1808//495 1809//370
f 1803//361 1802//493 1809//370 1810//371
f 1804//494 1803//361 1810//371 1811//372
f 1805//363 1804//494 1811//372 1812//366
f 1810//371 1809//370 1816//496 1817//497
f 1811//372 1810//371 1817//497 1818//498
f 1812//366 1811//372 1818//498 1819//376
f 1813//367 1812//366 1819//376 1820//377
f 1814//368 1813//367 1820//377 1821//378
f 1808//495 1836//2 1815//379
f 1809//370 1808//495 1815//379 1816//496
f 1821//378 1820//377 1827//380 1828//381
f 1815//379 1836//2 1822//499
f 1816//496 1815//379 1822//499 1823//383
f 1817//497 1816//496 1823//383 1824//384
f 1818//498 1817//497 1824//384 1825//385
f 1819//376 1818//498 1825//385 1826//386
f 1820//377 1819//376 1826//386 1827//380
f 1824//384 1823//383 1830//387 1831//388
f 1825//385 1824//384 1831//388 1832//500
f 1826//386 1825//385 1832//500 1833//390
f 1827//380 1826//386 1833//390 1834//501
f 1828//381 1827//380 1834//501 1835//392
f 1822//499 1836//2 1829//502
f 1823//383 1822//499 1829//502 1830//387
f 1835//392 1834//501 1842//394 1843//395
f 1829//502 1836//2 1837//396
f 1830//387 1829//502 1837//396 1838//397
f 1831//388 1830//387 1838//397 1839//398
f 1832//500 1831//388 1839//398 1840//503
f 1833//390 1832//500 1840//503 1841//400
f 1834//501 1833//390 1841//400 1842//394
f 1840//503 1839//398 1846//401 1847//504
f 1841//400 1840//503 1847//504 1848//403
f 1842//394 1841//400 1848//403 1849//404
f 1843//395 1842//394 1849//404 1850//405
f 1837//396 1836//2 1844//406
f 1838//397 1837//396 1844//406 1845//407
f 1839//398 1838//397 1845//407 1846//401
f 1844//406 1836//2 1851//505
f 1845//407 1844//406 1851//505 1852//409
f 1846//401 1845//407 1852//409 1853//506
f 1847//504 1846//401 1853//506 1854//411
f 1848//403 1847//504 1854//411 1855//412
f 1849//404 1848//403 1855//412 1856//413
f 1850//405 1849//404 1856//413 1857//414
f 1854//411 1853//506 1860//415 1861//507
f 1855//412 1854//411 1861//507 1862//417
f 1856//413 1855//412 1862//417 1863//418
f 1857//414 1856//413 1863//418 1864//419
f 1851//505 1836//2 1858//508
f 1852//409 1851//505 1858//508 1859//509
f 1853//506 1852//409 1859//509 1860//415
f 1858//508 1836//2 1865//422
f 1859//509 1858//508 1865//422 1866//423
f 1860//415 1859//509 1866//423 1867//424
f 1861//507 1860//415 1867//424 1868//425
f 1862//417 1861//507 1868//425 1869//426
f 1863//418 1862//417 1869//426 1870//427
f 1864//419 1863//418 1870//427 1871//428
f 1869//426 1868//425 1875//510 1876//430
f 1870//427 1869//426 1876//430 1877//431
f 1871//428 1870//427 1877//431 1878//432
f 1865//422 1836//2 1872//511
f 1866//423 1865//422 1872//511 1873//512
f 1867//424 1866//423 1873//512 1874//435
f 1868//425 1867//424 1874//435 1875//510
f 1873//512 1872//511 1879//513 1880//437
f 1874//435 1873//512 1880//437 1881//514
f 1875//510 1874//435 1881//514 1882//439
f 1876//430 1875//510 1882//439 1883//440
f 1877//431 1876//430 1883//440 1884//441
f 1878//432 1877//431 1884//441 1885//442
f 1872//511 1836//2 1879//513
f 1884//441 1883//440 1890//443 1891//444
f 1885//442 1884//441 1891//444 1892//445
f 1879//513 1836//2 1886//446
f 1880//437 1879//513 1886//446 1887//447
f 1881//514 1880//437 1887//447 1888//515
f 1882//439 1881//514 1888//515 1889//516
f 1883//440 1882//439 1889//516 1890//443
f 1887//447 1886//446 1893//450 1894//451
f 1888//515 1887//447 1894//451 1895//452
f 1889//516 1888//515 1895//452 1896//517
f 1890//443 1889//516 1896//517 1897//454
f 1891//444 1890//443 1897//454 1898//455
f 1892//445 1891//444 1898//455 1899//456
f 1886//446 1836//2 1893//450
f 1898//455 1897//454 1904//457 1905//458
f 1899//456 1898//455 1905//458 1906//459
f 1893//450 1836//2 1900//518
f 1894//451 1893//450 1900//518 1901//461
f 1895//452 1894//451 1901//461 1902//462
f 1896//517 1895//452 1902//462 1903//519
f 1897//454 1896//517 1903//519 1904//457
f 1902//462 1901//461 1908//464 1909//465
f 1903//519 1902//462 1909//465 1910//466
f 1904//457 1903//519 1910//466 1911//467
f 1905//458 1904//457 1911//467 1912//468
f 1906//459 1905//458 1912//468 1913//469
f 1900//518 1836//2 1907//470
f 1901//461 1900//518 1907//470 1908//464
f 1913//469 1912//468 1919//471 1920//472
f 1907//470 1836//2 1914//473
f 1908//464 1907//470 1914//473 1915//474
f 1909//465 1908//464 1915//474 1916//475
f 1910//466 1909//465 1916//475 1917//520
f 1911//467 1910//466 1917//520 1918//477
f 1912//468 1911//467 1918//477 1919//471
f 1916//475 1915//474 1697//255 1698//254
f 1917//520 1916//475 1698//254 1699//258
f 1918//477 1917//520 1699//258 1700//260
f 1919//471 1918//477 1700//260 1701//262
f 1920//472 1919//471 1701//262 1702//264
f 1914//473 1836//2 1696//479
f 1915//474 1914//473 1696//479 1697//255
f 1923//254 1922//255 1929//256 1930//257
f 1924//258 1923//254 1930//257 1931//521
f 1925//260 1924//258 1931//521 1932//261
f 1926//262 1925//260 1932//261 1933//263
f 1927//264 1926//262 1933//263 1934//265
f 1921//266 2061//2 1928//267
f 1922//255 1921//266 1928//267 1929//256
f 1929//256 1928//267 1935//268 1936//269
f 1930//257 1929//256 1936//269 1937//270
f 1931//521 1930//257 1937//270 1938//271
f 1932//261 1931//521 1938//271 1939//272
f 1933//263 1932//261 1939//272 1940//273
f 1934//265 1933//263 1940//273 1941//274
f 1928//267 2061//2 1935//268
f 1940//273 1939//272 1946//275 1947//276
f 1941//274 1940//273 1947//276 1948//277
f 1935//268 2061//2 1942//278
f 1936//269 1935//268 1942//278 1943//279
f 1937//270 1936//269 1943//279 1944//280
f 1938//271 1937//270 1944//280 1945//281
f 1939//272 1938//271 1945//281 1946//275
f 1943//279 1942//278 1949//282 1950//283
f 1944//280 1943//279 1950//283 1951//284
f 1945//281 1944//280 1951//284 1952//285
f 1946//275 1945//281 1952//285 1953//286
f 1947//276 1946//275 1953//286 1954//287
f 1948//277 1947//276 1954//287 1955//288
f 1942//278 2061//2 1949//282
f 1954//287 1953//286 1960//289 1961//290
f 1955//288 1954//287 1961//290 1962//291
f 1949//282 2061//2 1956//292
f 1950//283 1949//282 1956//292 1957//293
f 1951//284 1950//283 1957//293 1958//294
f 1952//285 1951//284 1958//294 1959//295
f 1953//286 1952//285 1959//295 1960//289
f 1958//294 1957//293 1964//296 1965//297
f 1959//295 1958//294 1965//297 1966//298
f 1960//289 1959//295 1966//298 1967//299
f 1961//290 1960//289 1967//299 1968//300
f 1962//291 1961//290 1968//300 1969//301
f 1956//292 2061//2 1963//302
f 1957//293 1956//292 1963//302 1964//296
f 1969//301 1968//300 1975//303 1976//304
f 1963//302 2061//2 1970//305
f 1964//296 1963//302 1970//305 1971//306
f 1965//297 1964//296 1971//306 1972//307
f 1966//298 1965//297 1972//307 1973//308
f 1967//299 1966//298 1973//308 1974//309
f 1968//300 1967//299 1974//309 1975//303
f 1973//308 1972//307 1979//310 1980//311
f 1974//309 1973//308 1980//311 1981//312
f 1975//303 1974//309 1981//312 1982//313
f 1976//304 1975//303 1982//313 1983//314
f 1970//305 2061//2 1977//315
f 1971//306 1970//305 1977//315 1978//316
f 1972//307 1971//306 1978//316 1979//310
f 1977//315 2061//2 1984//317
f 1978//316 1977//315 1984//317 1985//318
f 1979//310 1978//316 1985//318 1986//319
f 1980//311 1979//310 1986//319 1987//320
f 1981//312 1980//311 1987//320 1988//321
f 1982//313 1981//312 1988//321 1989//322
f 1983//314 1982//313 1989//322 1990//323
f 1987//320 1986//319 1993//324 1994//325
f 1988//321 1987//320 1994//325 1995//326
f 1989//322 1988//321 1995//326 1996//327
f 1990//323 1989//322 1996//327 1997//328
f 1984//317 2061//2 1991//329
f 1985//318 1984//317 1991//329 1992//330
f 1986//319 1985//318 1992//330 1993//324
f 1991//329 2061//2 1998//331
f 1992//330 1991//329 1998//331 1999//332
f 1993//324 1992//330 1999//332 2000//333
f 1994//325 1993//324 2000//333 2001//334
f 1995//326 1994//325 2001//334 2002//335
f 1996//327 1995//326 2002//335 2003//336
f 1997//328 1996//327 2003//336 2004//337
f 2002//335 2001//334 2008//338 2009//339
f 2003//336 2002//335 2009//339 2010//340
f 2004//337 2003//336 2010//340 2011//522
f 1998//331 2061//2 2005//342
f 1999//332 1998//331 2005//342 2006//343
f 2000//333 1999//332 2006//343 2007//344
f 2001//334 2000//333 2007//344 2008//338
f 2005//342 2061//2 2012//345
f 2006//343 2005//342 2012//345 2013//346
f 2007//344 2006//343 2013//346 2014//347
f 2008//338 2007//344 2014//347 2015//348
f 2009//339 2008//338 2015//348 2016//349
f 2010//340 2009//339 2016//349 2017//523
f 2011//522 2010//340 2017//523 2018//351
f 2016//349 2015//348 2022//352 2023//353
f 2017//523 2016//349 2023//353 2024//354
f 2018//351 2017//523 2024//354 2025//355
f 2012//345 2061//2 2019//356
f 2013//346 2012//345 2019//356 2020//357
f 2014//347 2013//346 2020//357 2021//358
f 2015//348 2014//347 2021//358 2022//352
f 2020//357 2019//356 2026//359 2027//493
f 2021//358 2020//357 2027//493 2028//361
f 2022//352 2021//358 2028//361 2029//362
f 2023//353 2022//352 2029//362 2030//363
f 2024//354 2023//353 2030//363 2031//364
f 2025//355 2024//354 2031//364 2032//365
f 2019//356 2061//2 2026//359
f 2031//364 2030//363 2037//366 2038//367
f 2032//365 2031//364 2038//367 2039//368
f 2026//359 2061//2 2033//369
f 2027//493 2026//359 2033//369 2034//370
f 2028//361 2027//493 2034//370 2035//524
f 2029//362 2028//361 2035//524 2036//372
f 2030//363 2029//362 2036//372 2037//366
f 2035//524 2034//370 2041//496 2042//497
f 2036//372 2035//524 2042//497 2043//525
f 2037//366 2036//372 2043//525 2044//376
f 2038//367 2037//366 2044//376 2045//377
f 2039//368 2038//367 2045//377 2046//378
f 2033//369 2061//2 2040//379
f 2034//370 2033//369 2040//379 2041//496
f 2046//378 2045//377 2052//380 2053//381
f 2040//379 2061//2 2047//382
f 2041//496 2040//379 2047//382 2048//383
f 2042//497 2041//496 2048//383 2049//384
f 2043//525 2042//497 2049//384 2050//385
f 2044//376 2043//525 2050//385 2051//386
f 2045//377 2044//376 2051//386 2052//380
f 2049//384 2048//383 2055//387 2056//388
f 2050//385 2049//384 2056//388 2057//389
f 2051//386 2050//385 2057//389 2058//390
f 2052//380 2051//386 2058//390 2059//391
f 2053//381 2052//380 2059//391 2060//392
f 2047//382 2061//2 2054//393
f 2048//383 2047//382 2054//393 2055//387
f 2060//392 2059//391 2067//394 2068//395
f 2054//393 2061//2 2062//396
f 2055//387 2054//393 2062//396 2063//397
f 2056//388 2055//387 2063//397 2064//398
f 2057//389 2056//388 2064//398 2065//399
f 2058//390 2057//389 2065//399 2066//400
f 2059//391 2058//390 2066//400 2067//394
f 2065//399 2064//398 2071//401 2072//402
f 2066//400 2065//399 2072//402 2073//403
f 2067//394 2066//400 2073//403 2074//404
f 2068//395 2067//394 2074//404 2075//405
f 2062//396 2061//2 2069//406
f 2063//397 2062//396 2069//406 2070//407
f 2064//398 2063//397 2070//407 2071//401
f 2069//406 2061//2 2076//408
f 2070//407 2069//406 2076//408 2077//409
f 2071//401 2070//407 2077//409 2078//410
f 2072//402 2071//401 2078//410 2079//411
f 2073//403 2072//402 2079//411 2080//412
f 2074//404 2073//403 2080//412 2081//413
f 2075//405 2074//404 2081//413 2082//414
f 2079//411 2078//410 2085//415 2086//416
f 2080//412 2079//411 2086//416 2087//417
f 2081//413 2080//412 2087//417 2088//418
f 2082//414 2081//413 2088//418 2089//419
f 2076//408 2061//2 2083//420
f 2077//409 2076//408 2083//420 2084//421
f 2078//410 2077//409 2084//421 2085//415
f 2083//420 2061//2 2090//422
f 2084//421 2083//420 2090//422 2091//423
f 2085//415 2084//421 2091//423 2092//424
f 2086//416 2085//415 2092//424 2093//425
f 2087//417 2086//416 2093//425 2094//426
f 2088//418 2087//417 2094//426 2095//427
f 2089//419 2088//418 2095//427 2096//428
f 2094//426 2093//425 2100//429 2101//430
f 2095//427 2094//426 2101//430 2102//431
f 2096//428 2095//427 2102//431 2103//432
f 2090//422 2061//2 2097//433
f 2091//423 2090//422 2097//433 2098//434
f 2092//424 2091//423 2098//434 2099//435
f 2093//425 2092//424 2099//435 2100//429
f 2098//434 2097//433 2104//436 2105//437
f 2099//435 2098//434 2105//437 2106//438
f 2100//429 2099//435 2106//438 2107//439
f 2101//430 2100//429 2107//439 2108//440
f 2102//431 2101//430 2108//440 2109//441
f 2103//432 2102//431 2109//441 2110//442
f 2097//433 2061//2 2104//436
f 2109//441 2108//440 2115//443 2116//444
f 2110//442 2109//441 2116//444 2117//445
f 2104//436 2061//2 2111//446
f 2105//437 2104//436 2111//446 2112//447
f 2106//438 2105//437 2112//447 2113//448
f 2107//439 2106//438 2113//448 2114//449
f 2108//440 2107//439 2114//449 2115//443
f 2112//447 2111//446 2118//450 2119//526
f 2113//448 2112//447 2119//526 2120//452
f 2114//449 2113//448 2120//452 2121//453
f 2115//443 2114//449 2121//453 2122//454
f 2116//444 2115//443 2122//454 2123//455
f 2117//445 2116//444 2123//455 2124//456
f 2111//446 2061//2 2118//450
f 2123//455 2122//454 2129//457 2130//458
f 2124//456 2123//455 2130//458 2131//459
f 2118//450 2061//2 2125//460
f 2119//526 2118//450 2125//460 2126//461
f 2120//452 2119//526 2126//461 2127//462
f 2121//453 2120//452 2127//462 2128//463
f 2122//454 2121//453 2128//463 2129//457
f 2127//462 2126//461 2133//464 2134//465
f 2128//463 2127//462 2134//465 2135//466
f 2129//457 2128//463 2135//466 2136//467
f 2130//458 2129//457 2136//467 2137//468
f 2131//459 2130//458 2137//468 2138//469
f 2125//460 2061//2 2132//470
f 2126//461 2125//460 2132//470 2133//464
f 2138//469 2137//468 2144//471 2145//472
f 2132//470 2061//2 2139//473
f 2133//464 2132//470 2139//473 2140//474
f 2134//465 2133//464 2140//474 2141//475
f 2135//466 2134//465 2141//475 2142//476
f 2136//467 2135//466 2142//476 2143//477
f 2137//468 2136//467 2143//477 2144//471
f 2141//475 2140//474 1922//255 1923//254
f 2142//476 2141//475 1923//254 1924//258
f 2143//477 2142//476 1924//258 1925//260
f 2144//471 2143//477 1925//260 1926//262
f 2145//472 2144//471 1926//262 1927//264
f 2139//473 2061//2 1921//266
f 2140//474 2139//473 1921//266 1922//255
f 2148//254 2147//255 2154//256 2155//257
f 2149//258 2148//254 2155//257 2156//478
f 2150//260 2149//258 2156//478 2157//261
f 2151//262 2150//260 2157//261 2158//263
f 2152//264 2151//262 2158//263 2159//265
f 2146//479 2286//2 2153//267
f 2147//255 2146//479 2153//267 2154//256
f 2154//256 2153//267 2160//268 2161//269
f 2155//257 2154//256 2161//269 2162//270
f 2156//478 2155//257 2162//270 2163//271
f 2157//261 2156//478 2163//271 2164//272
f 2158//263 2157//261 2164//272 2165//273
f 2159//265 2158//263 2165//273 2166//274
f 2153//267 2286//2 2160//268
f 2165//273 2164//272 2171//275 2172//276
f 2166//274 2165//273 2172//276 2173//277
f 2160//268 2286//2 2167//278
f 2161//269 2160//268 2167//278 2168//279
f 2162//270 2161//269 2168//279 2169//280
f 2163//271 2162//270 2169//280 2170//480
f 2164//272 2163//271 2170//480 2171//275
f 2168//279 2167//278 2174//282 2175//283
f 2169//280 2168//279 2175//283 2176//284
f 2170//480 2169//280 2176//284 2177//481
f 2171//275 2170//480 2177//481 2178//286
f 2172//276 2171//275 2178//286 2179//287
f 2173//277 2172//276 2179//287 2180//288
f 2167//278 2286//2 2174//282
f 2179//287 2178//286 2185//289 2186//290
f 2180//288 2179//287 2186//290 2187//291
f 2174//282 2286//2 2181//482
f 2175//283 2174//282 2181//482 2182//293
f 2176//284 2175//283 2182//293 2183//483
f 2177//481 2176//284 2183//483 2184//484
f 2178//286 2177//481 2184//484 2185//289
f 2183//483 2182//293 2189//296 2190//297
f 2184//484 2183//483 2190//297 2191//298
f 2185//289 2184//484 2191//298 2192//299
f 2186//290 2185//289 2192//299 2193//300
f 2187//291 2186//290 2193//300 2194//301
f 2181//482 2286//2 2188//302
f 2182//293 2181//482 2188//302 2189//296
f 2194//301 2193//300 2200//303 2201//304
f 2188//302 2286//2 2195//305
f 2189//296 2188//302 2195//305 2196//306
f 2190//297 2189//296 2196//306 2197//307
f 2191//298 2190//297 2197//307 2198//485
f 2192//299 2191//298 2198//485 2199//309
f 2193//300 2192//299 2199//309 2200//303
f 2198//485 2197//307 2204//310 2205//311
f 2199//309 2198//485 2205//311 2206//312
f 2200//303 2199//309 2206//312 2207//313
f 2201//304 2200//303 2207//313 2208//314
f 2195//305 2286//2 2202//486
f 2196//306 2195//305 2202//486 2203//316
f 2197//307 2196//306 2203//316 2204//310
f 2202//486 2286//2 2209//317
f 2203//316 2202//486 2209//317 2210//487
f 2204//310 2203//316 2210//487 2211//319
f 2205//311 2204//310 2211//319 2212//488
f 2206//312 2205//311 2212//488 2213//321
f 2207//313 2206//312 2213//321 2214//322
f 2208//314 2207//313 2214//322 2215//323
f 2212//488 2211//319 2218//489 2219//325
f 2213//321 2212//488 2219//325 2220//326
f 2214//322 2213//321 2220//326 2221//327
f 2215//323 2214//322 2221//327 2222//328
f 2209//317 2286//2 2216//329
f 2210//487 2209//317 2216//329 2217//330
f 2211//319 2210//487 2217//330 2218//489
f 2216//329 2286//2 2223//490
f 2217//330 2216//329 2223//490 2224//332
f 2218//489 2217//330 2224//332 2225//333
f 2219//325 2218//489 2225//333 2226//491
f 2220//326 2219//325 2226//491 2227//335
f 2221//327 2220//326 2227//335 2228//336
f 2222//328 2221//327 2228//336 2229//337
f 2227//335 2226//491 2233//527 2234//339
f 2228//336 2227//335 2234//339 2235//340
f 2229//337 2228//336 2235//340 2236//522
f 2223//490 2286//2 2230//342
f 2224//332 2223//490 2230//342 2231//343
f 2225//333 2224//332 2231//343 2232//344
f 2226//491 2225//333 2232//344 2233//527
f 2230//342 2286//2 2237//345
f 2231//343 2230//342 2237//345 2238//346
f 2232//344 2231//343 2238//346 2239//347
f 2233//527 2232//344 2239//347 2240//492
f 2234//339 2233//527 2240//492 2241//349
f 2235//340 2234//339 2241//349 2242//523
f 2236//522 2235//340 2242//523 2243//351
f 2241//349 2240//492 2247//352 2248//353
f 2242//523 2241//349 2248//353 2249//354
f 2243//351 2242//523 2249//354 2250//355
f 2237//345 2286//2 2244//356
f 2238//346 2237//345 2244//356 2245//357
f 2239//347 2238//346 2245//357 2246//358
f 2240//492 2239//347 2246//358 2247//352
f 2245//357 2244//356 2251//359 2252//493
f 2246//358 2245//357 2252//493 2253//361
f 2247//352 2246//358 2253//361 2254//528
f 2248//353 2247//352 2254//528 2255//363
f 2249//354 2248//353 2255//363 2256//364
f 2250//355 2249//354 2256//364 2257//365
f 2244//356 2286//2 2251//359
f 2256//364 2255//363 2262//366 2263//367
f 2257//365 2256//364 2263//367 2264//368
f 2251//359 2286//2 2258//495
f 2252//493 2251//359 2258//495 2259//370
f 2253//361 2252//493 2259//370 2260//524
f 2254//528 2253//361 2260//524 2261//372
f 2255//363 2254//528 2261//372 2262//366
f 2260//524 2259//370 2266//496 2267//497
f 2261//372 2260//524 2267//497 2268//529
f 2262//366 2261//372 2268//529 2269//376
f 2263//367 2262//366 2269//376 2270//377
f 2264//368 2263//367 2270//377 2271//378
f 2258//495 2286//2 2265//379
f 2259//370 2258//495 2265//379 2266//496
f 2271//378 2270//377 2277//380 2278//381
f 2265//379 2286//2 2272//499
f 2266//496 2265//379 2272//499 2273//383
f 2267//497 2266//496 2273//383 2274//384
f 2268//529 2267//497 2274//384 2275//385
f 2269//376 2268//529 2275//385 2276//386
f 2270//377 2269//376 2276//386 2277//380
f 2274//384 2273//383 2280//387 2281//388
f 2275//385 2274//384 2281//388 2282//500
f 2276//386 2275//385 2282//500 2283//390
f 2277//380 2276//386 2283//390 2284//391
f 2278//381 2277//380 2284//391 2285//392
f 2272//499 2286//2 2279//393
f 2273//383 2272//499 2279//393 2280//387
f 2285//392 2284//391 2292//394 2293//395
f 2279//393 2286//2 2287//396
f 2280//387 2279//393 2287//396 2288//397
f 2281//388 2280//387 2288//397 2289//398
f 2282//500 2281//388 2289//398 2290//503
f 2283//390 2282//500 2290//503 2291//400
f 2284//391 2283//390 2291//400 2292//394
f 2290//503 2289//398 2296//401 2297//504
f 2291//400 2290//503 2297//504 2298//403
f 2292//394 2291//400 2298//403 2299//404
f 2293//395 2292//394 2299//404 2300//405
f 2287//396 2286//2 2294//406
f 2288//397 2287//396 2294//406 2295//407
f 2289//398 2288//397 2295//407 2296//401
f 2294//406 2286//2 2301//505
f 2295//407 2294//406 2301//505 2302//409
f 2296//401 2295//407 2302//409 2303//506
f 2297//504 2296//401 2303//506 2304//411
f 2298//403 2297//504 2304//411 2305//412
f 2299//404 2298//403 2305//412 2306//413
f 2300//405 2299//404 2306//413 2307//414
f 2304//411 2303//506 2310//415 2311//507
f 2305//412 2304//411 2311//507 2312//417
f 2306//413 2305//412 2312//417 2313//418
f 2307//414 2306//413 2313//418 2314//419
f 2301//505 2286//2 2308//508
f 2302//409 2301//505 2308//508 2309//509
f 2303//506 2302//409 2309//509 2310//415
f 2308//508 2286//2 2315//422
f 2309//509 2308//508 2315//422 2316//423
f 2310//415 2309//509 2316//423 2317//424
f 2311//507 2310//415 2317//424 2318//425
f 2312//417 2311//507 2318//425 2319//426
f 2313//418 2312//417 2319//426 2320//427
f 2314//419 2313//418 2320//427 2321//428
f 2319//426 2318//425 2325//510 2326//430
f 2320//427 2319//426 2326//430 2327//431
f 2321//428 2320//427 2327//431 2328//432
f 2315//422 2286//2 2322//511
f 2316//423 2315//422 2322//511 2323//512
f 2317//424 2316//423 2323//512 2324//435
f 2318//425 2317//424 2324//435 2325//510
f 2323//512 2322//511 2329//513 2330//437
f 2324//435 2323//512 2330//437 2331//514
f 2325//510 2324//435 2331//514 2332//439
f 2326//430 2325//510 2332//439 2333//440
f 2327//431 2326//430 2333//440 2334//441
f 2328//432 2327//431 2334//441 2335//442
f 2322//511 2286//2 2329//513
f 2334//441 2333//440 2340//443 2341//444
f 2335//442 2334//441 2341//444 2342//445
f 2329//513 2286//2 2336//446
f 2330//437 2329//513 2336//446 2337//447
f 2331//514 2330//437 2337//447 2338//515
f 2332//439 2331//514 2338//515 2339//516
f 2333//440 2332//439 2339//516 2340//443
f 2337//447 2336//446 2343//450 2344//451
f 2338//515 2337//447 2344//451 2345//452
f 2339//516 2338//515 2345//452 2346//453
f 2340//443 2339//516 2346//453 2347//454
f 2341//444 2340//443 2347//454 2348//455
f 2342//445 2341//444 2348//455 2349//456
f 2336//446 2286//2 2343//450
f 2348//455 2347//454 2354//457 2355//458
f 2349//456 2348//455 2355//458 2356//459
f 2343//450 2286//2 2350//518
f 2344//451 2343//450 2350//518 2351//461
f 2345//452 2344//451 2351//461 2352//462
f 2346//453 2345//452 2352//462 2353//519
f 2347//454 2346//453 2353//519 2354//457
f 2352//462 2351//461 2358//464 2359//465
f 2353//519 2352//462 2359//465 2360//466
f 2354//457 2353//519 2360//466 2361//467
f 2355//458 2354//457 2361//467 2362//468
f 2356//459 2355//458 2362//468 2363//469
f 2350//518 2286//2 2357//470
f 2351//461 2350//518 2357//470 2358//464
f 2363//469 2362//468 2369//471 2370//472
f 2357//470 2286//2 2364//473
f 2358//464 2357//470 2364//473 2365//474
f 2359//465 2358//464 2365//474 2366//475
f 2360//466 2359//465 2366//475 2367//520
f 2361//467 2360//466 2367//520 2368//477
f 2362//468 2361//467 2368//477 2369//471
f 2366//475 2365//474 2147//255 2148//254
f 2367//520 2366//475 2148//254 2149//258
f 2368//477 2367//520 2149//258 2150//260
f 2369//471 2368//477 2150//260 2151//262
f 2370//472 2369//471 2151//262 2152//264
f 2364//473 2286//2 2146//479
f 2365//474 2364//473 2146//479 2147//255
f 2373//254 2372//255 2379//256 2380//257
f 2374//258 2373//254 2380//257 2381//521
f 2375//260 2374//258 2381//521 2382//261
f 2376//262 2375//260 2382//261 2383//263
f 2377//264 2376//262 2383//263 2384//265
f 2371//266 2511//2 2378//267
f 2372//255 2371//266 2378//267 2379//256
f 2379//256 2378//267 2385//268 2386//269
f 2380//257 2379//256 2386//269 2387//270
f 2381//521 2380//257 2387//270 2388//271
f 2382//261 2381//521 2388//271 2389//272
f 2383//263 2382//261 2389//272 2390//273
f 2384//265 2383//263 2390//273 2391//274
f 2378//267 2511//2 2385//268
f 2390//273 2389//272 2396//275 2397//276
f 2391//274 2390//273 2397//276 2398//277
f 2385//268 2511//2 2392//278
f 2386//269 2385//268 2392//278 2393//279
f 2387//270 2386//269 2393//279 2394//280
f 2388//271 2387//270 2394//280 2395//281
f 2389//272 2388//271 2395//281 2396//275
f 2393//279 2392//278 2399//282 2400//283
f 2394//280 2393//279 2400//283 2401//284
f 2395//281 2394//280 2401//284 2402//285
f 2396//275 2395//281 2402//285 2403//286
f 2397//276 2396//275 2403//286 2404//287
f 2398//277 2397//276 2404//287 2405//288
f 2392//278 2511//2 2399//282
f 2404//287 2403//286 2410//289 2411//290
f 2405//288 2404//287 2411//290 2412//291
f 2399//282 2511//2 2406//292
f 2400//283 2399//282 2406//292 2407//293
f 2401//284 2400//283 2407//293 2408//294
f 2402//285 2401//284 2408//294 2409//295
f 2403//286 2402//285 2409//295 2410//289
f 2408//294 2407//293 2414//296 2415//297
f 2409//295 2408//294 2415//297 2416//298
f 2410//289 2409//295 2416//298 2417//299
f 2411//290 2410//289 2417//299 2418//300
f 2412//291 2411//290 2418//300 2419//301
f 2406//292 2511//2 2413//302
f 2407//293 2406//292 2413//302 2414//296
f 2419//301 2418//300 2425//303 2426//304
f 2413//302 2511//2 2420//305
f 2414//296 2413//302 2420//305 2421//306
f 2415//297 2414//296 2421//306 2422//307
f 2416//298 2415//297 2422//307 2423//308
f 2417//299 2416//298 2423//308 2424//309
f 2418//300 2417//299 2424//309 2425//303
f 2423//308 2422//307 2429//310 2430//311
f 2424//309 2423//308 2430//311 2431//312
f 2425//303 2424//309 2431//312 2432//313
f 2426//304 2425//303 2432//313 2433//314
f 2420//305 2511//2 2427//315
f 2421//306 2420//305 2427//315 2428//316
f 2422//307 2421//306 2428//316 2429//310
f 2427//315 2511//2 2434//317
f 2428//316 2427//315 2434//317 2435//318
f 2429//310 2428//316 2435//318 2436//319
f 2430//311 2429//310 2436//319 2437//320
f 2431//312 2430//311 2437//320 2438//321
f 2432//313 2431//312 2438//321 2439//322
f 2433//314 2432//313 2439//322 2440//323
f 2437//320 2436//319 2443//324 2444//325
f 2438//321 2437//320 2444//325 2445//326
f 2439//322 2438//321 2445//326 2446//327
f 2440//323 2439//322 2446//327 2447//328
f 2434//317 2511//2 2441//329
f 2435//318 2434//317 2441//329 2442//330
f 2436//319 2435//318 2442//330 2443//324
f 2441//329 2511//2 2448//331
f 2442//330 2441//329 2448//331 2449//332
f 2443//324 2442//330 2449//332 2450//333
f 2444//325 2443//324 2450//333 2451//334
f 2445//326 2444//325 2451//334 2452//335
f 2446//327 2445//326 2452//335 2453//336
f 2447//328 2446//327 2453//336 2454//337
f 2452//335 2451//334 2458//338 2459//339
f 2453//336 2452//335 2459//339 2460//340
f 2454//337 2453//336 2460//340 2461//341
f 2448//331 2511//2 2455//342
f 2449//332 2448//331 2455//342 2456//343
f 2450//333 2449//332 2456//343 2457//344
f 2451//334 2450//333 2457//344 2458//338
f 2455//342 2511//2 2462//530
f 2456//343 2455//342 2462//530 2463//346
f 2457//344 2456//343 2463//346 2464//347
f 2458//338 2457//344 2464//347 2465//492
f 2459//339 2458//338 2465//492 2466//349
f 2460//340 2459//339 2466//349 2467//523
f 2461//341 2460//340 2467//523 2468//351
f 2466//349 2465//492 2472//352 2473//353
f 2467//523 2466//349 2473//353 2474//354
f 2468//351 2467//523 2474//354 2475//355
f 2462//530 2511//2 2469//356
f 2463//346 2462//530 2469//356 2470//357
f 2464//347 2463//346 2470//357 2471//358
f 2465//492 2464//347 2471//358 2472//352
f 2470//357 2469//356 2476//359 2477//493
f 2471//358 2470//357 2477//493 2478//361
f 2472//352 2471//358 2478//361 2479//531
f 2473//353 2472//352 2479//531 2480//363
f 2474//354 2473//353 2480//363 2481//364
f 2475//355 2474//354 2481//364 2482//365
f 2469//356 2511//2 2476//359
f 2481//364 2480//363 2487//366 2488//367
f 2482//365 2481//364 2488//367 2489//368
f 2476//359 2511//2 2483//369
f 2477//493 2476//359 2483//369 2484//370
f 2478//361 2477//493 2484//370 2485//371
f 2479//531 2478//361 2485//371 2486//372
f 2480//363 2479//531 2486//372 2487//366
f 2485//371 2484//370 2491//496 2492//497
f 2486//372 2485//371 2492//497 2493//525
f 2487//366 2486//372 2493//525 2494//376
f 2488//367 2487//366 2494//376 2495//377
f 2489//368 2488//367 2495//377 2496//378
f 2483//369 2511//2 2490//379
f 2484//370 2483//369 2490//379 2491//496
f 2496//378 2495//377 2502//380 2503//381
f 2490//379 2511//2 2497//382
f 2491//496 2490//379 2497//382 2498//383
f 2492//497 2491//496 2498//383 2499//384
f 2493//525 2492//497 2499//384 2500//385
f 2494//376 2493//525 2500//385 2501//386
f 2495//377 2494//376 2501//386 2502//380
f 2499//384 2498//383 2505//387 2506//388
f 2500//385 2499//384 2506//388 2507//389
f 2501//386 2500//385 2507//389 2508//390
f 2502//380 2501//386 2508//390 2509//391
f 2503//381 2502//380 2509//391 2510//392
f 2497//382 2511//2 2504//393
f 2498//383 2497//382 2504//393 2505//387
f 2510//392 2509//391 2517//394 2518//395
f 2504//393 2511//2 2512//396
f 2505//387 2504//393 2512//396 2513//397
f 2506//388 2505//387 2513//397 2514//398
f 2507//389 2506//388 2514//398 2515//399
f 2508//390 2507//389 2515//399 2516//400
f 2509//391 2508//390 2516//400 2517//394
f 2515//399 2514//398 2521//401 2522//402
f 2516//400 2515//399 2522//402 2523//403
f 2517//394 2516//400 2523//403 2524//404
f 2518//395 2517//394 2524//404 2525//405
f 2512//396 2511//2 2519//406
f 2513//397 2512//396 2519//406 2520//407
f 2514//398 2513//397 2520//407 2521//401
f 2519//406 2511//2 2526//408
f 2520//407 2519//406 2526//408 2527//409
f 2521//401 2520//407 2527//409 2528//410
f 2522//402 2521//401 2528//410 2529//411
f 2523//403 2522//402 2529//411 2530//412
f 2524//404 2523//403 2530//412 2531//413
f 2525//405 2524//404 2531//413 2532//414
f 2529//411 2528//410 2535//415 2536//416
f 2530//412 2529//411 2536//416 2537//417
f 2531//413 2530//412 2537//417 2538//418
f 2532//414 2531//413 2538//418 2539//419
f 2526//408 2511//2 2533//420
f 2527//409 2526//408 2533//420 2534//421
f 2528//410 2527//409 2534//421 2535//415
f 2533//420 2511//2 2540//422
f 2534//421 2533//420 2540//422 2541//423
f 2535//415 2534//421 2541//423 2542//424
f 2536//416 2535//415 2542//424 2543//425
f 2537//417 2536//416 2543//425 2544//426
f 2538//418 2537//417 2544//426 2545//427
f 2539//419 2538//418 2545//427 2546//428
f 2544//426 2543//425 2550//429 2551//430
f 2545//427 2544//426 2551//430 2552//431
f 2546//428 2545//427 2552//431 2553//432
f 2540//422 2511//2 2547//433
f 2541//423 2540//422 2547//433 2548//434
f 2542//424 2541//423 2548//434 2549//435
f 2543//425 2542//424 2549//435 2550//429
f 2548//434 2547//433 2554//436 2555//437
f 2549//435 2548//434 2555//437 2556//438
f 2550//429 2549//435 2556//438 2557//439
f 2551//430 2550//429 2557//439 2558//440
f 2552//431 2551//430 2558//440 2559//441
f 2553//432 2552//431 2559//441 2560//442
f 2547//433 2511//2 2554//436
f 2559//441 2558//440 2565//443 2566//444
f 2560//442 2559//441 2566//444 2567//445
f 2554//436 2511//2 2561//446
f 2555//437 2554//436 2561//446 2562//447
f 2556//438 2555//437 2562//447 2563//448
f 2557//439 2556//438 2563//448 2564//449
f 2558//440 2557//439 2564//449 2565//443
f 2562//447 2561//446 2568//450 2569//526
f 2563//448 2562//447 2569//526 2570//452
f 2564//449 2563//448 2570//452 2571//453
f 2565//443 2564//449 2571//453 2572//454
f 2566//444 2565//443 2572//454 2573//455
f 2567//445 2566//444 2573//455 2574//456
f 2561//446 2511//2 2568//450
f 2573//455 2572//454 2579//457 2580//458
f 2574//456 2573//455 2580//458 2581//459
f 2568//450 2511//2 2575//460
f 2569//526 2568//450 2575//460 2576//461
f 2570//452 2569//526 2576//461 2577//462
f 2571//453 2570//452 2577//462 2578//463
f 2572//454 2571//453 2578//463 2579//457
f 2577//462 2576//461 2583//464 2584//465
f 2578//463 2577//462 2584//465 2585//466
f 2579//457 2578//463 2585//466 2586//467
f 2580//458 2579//457 2586//467 2587//468
f 2581//459 2580//458 2587//468 2588//469
f 2575//460 2511//2 2582//470
f 2576//461 2575//460 2582//470 2583//464
f 2588//469 2587//468 2594//471 2595//472
f 2582//470 2511//2 2589//473
f 2583//464 2582//470 2589//473 2590//474
f 2584//465 2583//464 2590//474 2591//475
f 2585//466 2584//465 2591//475 2592//476
f 2586//467 2585//466 2592//476 2593//477
f 2587//468 2586//467 2593//477 2594//471
f 2591//475 2590//474 2372//255 2373//254
f 2592//476 2591//475 2373//254 2374//258
f 2593//477 2592//476 2374//258 2375//260
f 2594//471 2593//477 2375//260 2376//262
f 2595//472 2594//471 2376//262 2377//264
f 2589//473 2511//2 2371//266
f 2590//474 2589//473 2371//266 2372//255
f 2598//532 2597//255 2604//256 2605//257
f 2599//258 2598//532 2605//257 2606//478
f 2600//260 2599//258 2606//478 2607//261
f 2601//262 2600//260 2607//261 2608//263
f 2602//264 2601//262 2608//263 2609//265
f 2596//479 2736//2 2603//267
f 2597//255 2596//479 2603//267 2604//256
f 2604//256 2603//267 2610//268 2611//269
f 2605//257 2604//256 2611//269 2612//270
f 2606//478 2605//257 2612//270 2613//271
f 2607//261 2606//478 2613//271 2614//272
f 2608//263 2607//261 2614//272 2615//273
f 2609//265 2608//263 2615//273 2616//274
f 2603//267 2736//2 2610//268
f 2615//273 2614//272 2621//275 2622//276
f 2616//274 2615//273 2622//276 2623//277
f 2610//268 2736//2 2617//533
f 2611//269 2610//268 2617//533 2618//279
f 2612//270 2611//269 2618//279 2619//280
f 2613//271 2612//270 2619//280 2620//281
f 2614//272 2613//271 2620//281 2621//275
f 2618//279 2617//533 2624//282 2625//283
f 2619//280 2618//279 2625//283 2626//284
f 2620//281 2619//280 2626//284 2627//481
f 2621//275 2620//281 2627//481 2628//286
f 2622//276 2621//275 2628//286 2629//287
f 2623//277 2622//276 2629//287 2630//534
f 2617//533 2736//2 2624//282
f 2629//287 2628//286 2635//289 2636//290
f 2630//534 2629//287 2636//290 2637//291
f 2624//282 2736//2 2631//482
f 2625//283 2624//282 2631//482 2632//293
f 2626//284 2625//283 2632//293 2633//483
f 2627//481 2626//284 2633//483 2634//484
f 2628//286 2627//481 2634//484 2635//289
f 2633//483 2632//293 2639//296 2640//297
f 2634//484 2633//483 2640//297 2641//298
f 2635//289 2634//484 2641//298 2642//299
f 2636//290 2635//289 2642//299 2643//300
f 2637//291 2636//290 2643//300 2644//301
f 2631//482 2736//2 2638//302
f 2632//293 2631//482 2638//302 2639//296
f 2644//301 2643//300 2650//303 2651//304
f 2638//302 2736//2 2645//305
f 2639//296 2638//302 2645//305 2646//306
f 2640//297 2639//296 2646//306 2647//307
f 2641//298 2640//297 2647//307 2648//485
f 2642//299 2641//298 2648//485 2649//309
f 2643//300 2642//299 2649//309 2650//303
f 2648//485 2647//307 2654//310 2655//311
f 2649//309 2648//485 2655//311 2656//312
f 2650//303 2649//309 2656//312 2657//313
f 2651//304 2650//303 2657//313 2658//314
f 2645//305 2736//2 2652//486
f 2646//306 2645//305 2652//486 2653//316
f 2647//307 2646//306 2653//316 2654//310
f 2652//486 2736//2 2659//317
f 2653//316 2652//486 2659//317 2660//487
f 2654//310 2653//316 2660//487 2661//319
f 2655//311 2654//310 2661//319 2662//488
f 2656//312 2655//311 2662//488 2663//321
f 2657//313 2656//312 2663//321 2664//322
f 2658//314 2657//313 2664//322 2665//323
f 2662//488 2661//319 2668//324 2669//325
f 2663//321 2662//488 2669//325 2670//326
f 2664//322 2663//321 2670//326 2671//327
f 2665//323 2664//322 2671//327 2672//328
f 2659//317 2736//2 2666//329
f 2660//487 2659//317 2666//329 2667//330
f 2661//319 2660//487 2667//330 2668//324
f 2666//329 2736//2 2673//490
f 2667//330 2666//329 2673//490 2674//332
f 2668//324 2667//330 2674//332 2675//333
f 2669//325 2668//324 2675//333 2676//491
f 2670//326 2669//325 2676//491 2677//335
f 2671//327 2670//326 2677//335 2678//336
f 2672//328 2671//327 2678//336 2679//337
f 2677//335 2676//491 2683//338 2684//339
f 2678//336 2677//335 2684//339 2685//340
f 2679//337 2678//336 2685//340 2686//341
f 2673//490 2736//2 2680//342
f 2674//332 2673//490 2680//342 2681//343
f 2675//333 2674//332 2681//343 2682//344
f 2676//491 2675//333 2682//344 2683//338
f 2680//342 2736//2 2687//345
f 2681//343 2680//342 2687//345 2688//346
f 2682//344 2681//343 2688//346 2689//347
f 2683//338 2682//344 2689//347 2690//492
f 2684//339 2683//338 2690//492 2691//349
f 2685//340 2684//339 2691//349 2692//523
f 2686//341 2685//340 2692//523 2693//351
f 2691//349 2690//492 2697//352 2698//353
f 2692//523 2691//349 2698//353 2699//354
f 2693//351 2692//523 2699//354 2700//355
f 2687//345 2736//2 2694//356
f 2688//346 2687//345 2694//356 2695//357
f 2689//347 2688//346 2695//357 2696//358
f 2690//492 2689//347 2696//358 2697//352
f 2695//357 2694//356 2701//359 2702//493
f 2696//358 2695//357 2702//493 2703//361
f 2697//352 2696//358 2703//361 2704//528
f 2698//353 2697//352 2704//528 2705//363
f 2699//354 2698//353 2705//363 2706//364
f 2700//355 2699//354 2706//364 2707//365
f 2694//356 2736//2 2701//359
f 2706//364 2705//363 2712//366 2713//367
f 2707//365 2706//364 2713//367 2714//368
f 2701//359 2736//2 2708//495
f 2702//493 2701//359 2708//495 2709//370
f 2703//361 2702//493 2709//370 2710//371
f 2704//528 2703//361 2710//371 2711//372
f 2705//363 2704//528 2711//372 2712//366
f 2710//371 2709//370 2716//496 2717//497
f 2711//372 2710//371 2717//497 2718//529
f 2712//366 2711//372 2718//529 2719//376
f 2713//367 2712//366 2719//376 2720//377
f 2714//368 2713//367 2720//377 2721//378
f 2708//495 2736//2 2715//379
f 2709//370 2708//495 2715//379 2716//496
f 2721//378 2720//377 2727//380 2728//381
f 2715//379 2736//2 2722//499
f 2716//496 2715//379 2722//499 2723//535
f 2717//497 2716//496 2723//535 2724//384
f 2718//529 2717//497 2724//384 2725//385
f 2719//376 2718//529 2725//385 2726//386
f 2720//377 2719//376 2726//386 2727//380
f 2724//384 2723//535 2730//387 2731//388
f 2725//385 2724//384 2731//388 2732//500
f 2726//386 2725//385 2732//500 2733//390
f 2727//380 2726//386 2733//390 2734//501
f 2728//381 2727//380 2734//501 2735//392
f 2722//499 2736//2 2729//393
f 2723//535 2722//499 2729//393 2730//387
f 2735//392 2734//501 2742//394 2743//395
f 2729//393 2736//2 2737//396
f 2730//387 2729//393 2737//396 2738//397
f 2731//388 2730//387 2738//397 2739//398
f 2732//500 2731//388 2739//398 2740//503
f 2733//390 2732//500 2740//503 2741//400
f 2734//501 2733//390 2741//400 2742//394
f 2740//503 2739//398 2746//401 2747//504
f 2741//400 2740//503 2747//504 2748//403
f 2742//394 2741//400 2748//403 2749//404
f 2743//395 2742//394 2749//404 2750//405
f 2737//396 2736//2 2744//406
f 2738//397 2737//396 2744//406 2745//407
f 2739//398 2738//397 2745//407 2746//401
f 2744//406 2736//2 2751//505
f 2745//407 2744//406 2751//505 2752//409
f 2746//401 2745//407 2752//409 2753//506
f 2747//504 2746//401 2753//506 2754//411
f 2748//403 2747//504 2754//411 2755//412
f 2749//404 2748//403 2755//412 2756//413
f 2750//405 2749//404 2756//413 2757//414
f 2754//411 2753//506 2760//415 2761//507
f 2755//412 2754//411 2761//507 2762//417
f 2756//413 2755//412 2762//417 2763//418
f 2757//414 2756//413 2763//418 2764//419
f 2751//505 2736//2 2758//508
f 2752//409 2751//505 2758//508 2759//509
f 2753//506 2752//409 2759//509 2760//415
f 2758//508 2736//2 2765//422
f 2759//509 2758//508 2765//422 2766//423
f 2760//415 2759//509 2766//423 2767//424
f 2761//507 2760//415 2767//424 2768//425
f 2762//417 2761//507 2768//425 2769//426
f 2763//418 2762//417 2769//426 2770//427
f 2764//419 2763//418 2770//427 2771//428
f 2769//426 2768//425 2775//510 2776//430
f 2770//427 2769//426 2776//430 2777//431
f 2771//428 2770//427 2777//431 2778//432
f 2765//422 2736//2 2772//511
f 2766//423 2765//422 2772//511 2773//434
f 2767//424 2766//423 2773//434 2774//435
f 2768//425 2767//424 2774//435 2775//510
f 2773//434 2772//511 2779//513 2780//437
f 2774//435 2773//434 2780//437 2781//514
f 2775//510 2774//435 2781//514 2782//439
f 2776//430 2775//510 2782//439 2783//440
f 2777//431 2776//430 2783//440 2784//441
f 2778//432 2777//431 2784//441 2785//442
f 2772//511 2736//2 2779//513
f 2784//441 2783//440 2790//443 2791//536
f 2785//442 2784//441 2791//536 2792//445
f 2779//513 2736//2 2786//446
f 2780//437 2779//513 2786//446 2787//447
f 2781//514 2780//437 2787//447 2788//515
f 2782//439 2781//514 2788//515 2789//516
f 2783//440 2782//439 2789//516 2790//443
f 2787//447 2786//446 2793//450 2794//451
f 2788//515 2787//447 2794//451 2795//452
f 2789//516 2788//515 2795//452 2796//517
f 2790//443 2789//516 2796//517 2797//454
f 2791//536 2790//443 2797//454 2798//455
f 2792//445 2791//536 2798//455 2799//456
f 2786//446 2736//2 2793//450
f 2798//455 2797//454 2804//457 2805//458
f 2799//456 2798//455 2805//458 2806//459
f 2793//450 2736//2 2800//518
f 2794//451 2793//450 2800//518 2801//461
f 2795//452 2794//451 2801//461 2802//462
f 2796//517 2795//452 2802//462 2803//519
f 2797//454 2796//517 2803//519 2804//457
f 2802//462 2801//461 2808//464 2809//465
f 2803//519 2802//462 2809//465 2810//466
f 2804//457 2803//519 2810//466 2811//467
f 2805//458 2804//457 2811//467 2812//468
f 2806//459 2805//458 2812//468 2813//469
f 2800//518 2736//2 2807//470
f 2801//461 2800//518 2807//470 2808//464
f 2813//469 2812//468 2819//471 2820//472
f 2807//470 2736//2 2814//473
f 2808//464 2807//470 2814//473 2815//474
f 2809//465 2808//464 2815//474 2816//475
f 2810//466 2809//465 2816//475 2817//520
f 2811//467 2810//466 2817//520 2818//477
f 2812//468 2811//467 2818//477 2819//471
f 2816//475 2815//474 2597//255 2598//532
f 2817//520 2816//475 2598//532 2599//258
f 2818//477 2817//520 2599//258 2600//260
f 2819//471 2818//477 2600//260 2601//262
f 2820//472 2819//471 2601//262 2602//264
f 2814//473 2736//2 2596//479
f 2815//474 2814//473 2596//479 2597//255
f 2823//537 2822//538 2829//539 2830//540
f 2824//541 2823//537 2830//540 2831//542
f 2825//543 2824//541 2831//542 2832//544
f 2826//545 2825//543 2832//544 2833//546
f 2827//547 2826//545 2833//546 2834//548
f 2821//549 2961//3 2828//550
f 2822//538 2821//549 2828//550 2829//539
f 2829//539 2828//550 2835//551 2836//552
f 2830//540 2829//539 2836//552 2837//553
f 2831//542 2830//540 2837//553 2838//554
f 2832//544 2831//542 2838//554 2839//555
f 2833//546 2832//544 2839//555 2840//556
f 2834//548 2833//546 2840//556 2841//557
f 2828//550 2961//3 2835//551
f 2840//556 2839//555 2846//558 2847//559
f 2841//557 2840//556 2847//559 2848//560
f 2835//551 2961//3 2842//561
f 2836//552 2835//551 2842//561 2843//562
f 2837//553 2836//552 2843//562 2844//563
f 2838//554 2837//553 2844//563 2845//564
f 2839//555 2838//554 2845//564 2846//558
f 2843//562 2842//561 2849//565 2850//566
f 2844//563 2843//562 2850//566 2851//567
f 2845//564 2844//563 2851//567 2852//568
f 2846//558 2845//564 2852//568 2853//569
f 2847//559 2846//558 2853//569 2854//570
f 2848//560 2847//559 2854//570 2855//571
f 2842//561 2961//3 2849//565
f 2854//570 2853//569 2860//572 2861//573
f 2855//571 2854//570 2861//573 2862//574
f 2849//565 2961//3 2856//575
f 2850//566 2849//565 2856//575 2857//576
f 2851//567 2850//566 2857//576 2858//577
f 2852//568 2851//567 2858//577 2859//578
f 2853//569 2852//568 2859//578 2860//572
f 2858//577 2857//576 2864//579 2865//580
f 2859//578 2858//577 2865//580 2866//581
f 2860//572 2859//578 2866//581 2867//582
f 2861//573 2860//572 2867//582 2868//583
f 2862//574 2861//573 2868//583 2869//584
f 2856//575 2961//3 2863//585
f 2857//576 2856//575 2863//585 2864//579
f 2869//584 2868//583 2875//586 2876//587
f 2863//585 2961//3 2870//588
f 2864//579 2863//585 2870//588 2871//589
f 2865//580 2864//579 2871//589 2872//590
f 2866//581 2865//580 2872//590 2873//591
f 2867//582 2866//581 2873//591 2874//592
f 2868//583 2867//582 2874//592 2875//586
f 2873//591 2872//590 2879//593 2880//594
f 2874//592 2873//591 2880//594 2881//595
f 2875//586 2874//592 2881//595 2882//596
f 2876//587 2875//586 2882//596 2883//597
f 2870//588 2961//3 2877//598
f 2871//589 2870//588 2877//598 2878//599
f 2872//590 2871//589 2878//599 2879//593
f 2877//598 2961//3 2884//600
f 2878//599 2877//598 2884//600 2885//601
f 2879//593 2878//599 2885//601 2886//602
f 2880//594 2879//593 2886//602 2887//603
f 2881//595 2880//594 2887//603 2888//604
f 2882//596 2881//595 2888//604 2889//605
f 2883//597 2882//596 2889//605 2890//606
f 2887//603 2886//602 2893//607 2894//608
f 2888//604 2887//603 2894//608 2895//609
f 2889//605 2888//604 2895//609 2896//610
f 2890//606 2889//605 2896//610 2897//611
f 2884//600 2961//3 2891//612
f 2885//601 2884//600 2891//612 2892//613
f 2886//602 2885//601 2892//613 2893//607
f 2891//612 2961//3 2898//614
f 2892//613 2891//612 2898//614 2899//615
f 2893//607 2892//613 2899//615 2900//616
f 2894//608 2893//607 2900//616 2901//617
f 2895//609 2894//608 2901//617 2902//618
f 2896//610 2895//609 2902//618 2903//619
f 2897//611 2896//610 2903//619 2904//620
f 2902//618 2901//617 2908//621 2909//622
f 2903//619 2902//618 2909//622 2910//623
f 2904//620 2903//619 2910//623 2911//624
f 2898//614 2961//3 2905//625
f 2899//615 2898//614 2905//625 2906//626
f 2900//616 2899//615 2906//626 2907//627
f 2901//617 2900//616 2907//627 2908//621
f 2905//625 2961//3 2912//628
f 2906//626 2905//625 2912//628 2913//629
f 2907//627 2906//626 2913//629 2914//630
f 2908//621 2907//627 2914//630 2915//631
f 2909//622 2908//621 2915//631 2916//632
f 2910//623 2909//622 2916//632 2917//633
f 2911//624 2910//623 2917//633 2918//634
f 2916//632 2915//631 2922//635 2923//636
f 2917//633 2916//632 2923//636 2924//637
f 2918//634 2917//633 2924//637 2925//638
f 2912//628 2961//3 2919//639
f 2913//629 2912//628 2919//639 2920//640
f 2914//630 2913//629 2920//640 2921//641
f 2915//631 2914//630 2921//641 2922//635
f 2920//640 2919//639 2926//642 2927//643
f 2921//641 2920//640 2927//643 2928//644
f 2922//635 2921//641 2928//644 2929//645
f 2923//636 2922//635 2929//645 2930//646
f 2924//637 2923//636 2930//646 2931//647
f 2925//638 2924//637 2931//647 2932//648
f 2919//639 2961//3 2926//642
f 2931//647 2930//646 2937//649 2938//650
f 2932//648 2931//647 2938//650 2939//651
f 2926//642 2961//3 2933//652
f 2927//643 2926//642 2933//652 2934//653
f 2928//644 2927//643 2934//653 2935//654
f 2929//645 2928//644 2935//654 2936//655
f 2930//646 2929//645 2936//655 2937//649
f 2935//654 2934//653 2941//656 2942//657
f 2936//655 2935//654 2942//657 2943//658
f 2937//649 2936//655 2943//658 2944//659
f 2938//650 2937//649 2944//659 2945//660
f 2939//651 2938//650 2945//660 2946//661
f 2933//652 2961//3 2940//662
f 2934//653 2933//652 2940//662 2941//656
f 2946//661 2945//660 2952//663 2953//664
f 2940//662 2961//3 2947//665
f 2941//656 2940//662 2947//665 2948//666
f 2942//657 2941//656 2948//666 2949//667
f 2943//658 2942//657 2949//667 2950//668
f 2944//659 2943//658 2950//668 2951//669
f 2945//660 2944//659 2951//669 2952//663
f 2949//667 2948//666 2955//670 2956//671
f 2950//668 2949//667 2956//671 2957//672
f 2951//669 2950//668 2957//672 2958//673
f 2952//663 2951//669 2958//673 2959//674
f 2953//664 2952//663 2959//674 2960//675
f 2947//665 2961//3 2954//676
f 2948//666 2947//665 2954//676 2955//670
f 2960//675 2959//674 2967//677 2968//678
f 2954//676 2961//3 2962//679
f 2955//670 2954//676 2962//679 2963//680
f 2956//671 2955//670 2963//680 2964//681
f 2957//672 2956//671 2964//681 2965//682
f 2958//673 2957//672 2965//682 2966//683
f 2959//674 2958//673 2966//683 2967//677
f 2965//682 2964//681 2971//684 2972//685
f 2966//683 2965//682 2972//685 2973//686
f 2967//677 2966//683 2973//686 2974//687
f 2968//678 2967//677 2974//687 2975//688
f 2962//679 2961//3 2969//689
f 2963//680 2962//679 2969//689 2970//690
f 2964//681 2963//680 2970//690 2971//684
f 2969//689 2961//3 2976//691
f 2970//690 2969//689 2976//691 2977//692
f 2971//684 2970//690 2977//692 2978//693
f 2972//685 2971//684 2978//693 2979//694
f 2973//686 2972//685 2979//694 2980//695
f 2974//687 2973//686 2980//695 2981//696
f 2975//688 2974//687 2981//696 2982//697
f 2979//694 2978//693 2985//698 2986//699
f 2980//695 2979//694 2986//699 2987//700
f 2981//696 2980//695 2987//700 2988//701
f 2982//697 2981//696 2988//701 2989//702
f 2976//691 2961//3 2983//703
f 2977//692 2976//691 2983//703 2984//704
f 2978//693 2977//692 2984//704 2985//698
f 2983//703 2961//3 2990//705
f 2984//704 2983//703 2990//705 2991//706
f 2985//698 2984//704 2991//706 2992//707
f 2986//699 2985//698 2992//707 2993//708
f 2987//700 2986//699 2993//708 2994//709
f 2988//701 2987//700 2994//709 2995//710
f 2989//702 2988//701 2995//710 2996//711
f 2994//709 2993//708 3000//712 3001//713
f 2995//710 2994//709 3001//713 3002//714
f 2996//711 2995//710 3002//714 3003//715
f 2990//705 2961//3 2997//716
f 2991//706 2990//705 2997//716 2998//717
f 2992//707 2991//706 2998//717 2999//718
f 2993//708 2992//707 2999//718 3000//712
f 2998//717 2997//716 3004//719 3005//720
f 2999//718 2998//717 3005//720 3006//721
f 3000//712 2999//718 3006//721 3007//722
f 3001//713 3000//712 3007//722 3008//723
f 3002//714 3001//713 3008//723 3009//724
f 3003//715 3002//714 3009//724 3010//725
f 2997//716 2961//3 3004//719
f 3009//724 3008//723 3015//726 3016//727
f 3010//725 3009//724 3016//727 3017//728
f 3004//719 2961//3 3011//729
f 3005//720 3004//719 3011//729 3012//730
f 3006//721 3005//720 3012//730 3013//731
f 3007//722 3006//721 3013//731 3014//732
f 3008//723 3007//722 3014//732 3015//726
f 3012//730 3011//729 3018//733 3019//734
f 3013//731 3012//730 3019//734 3020//735
f 3014//732 3013//731 3020//735 3021//736
f 3015//726 3014//732 3021//736 3022//737
f 3016//727 3015//726 3022//737 3023//738
f 3017//728 3016//727 3023//738 3024//739
f 3011//729 2961//3 3018//733
f 3023//738 3022//737 3029//740 3030//741
f 3024//739 3023//738 3030//741 3031//742
f 3018//733 2961//3 3025//743
f 3019//734 3018//733 3025//743 3026//744
f 3020//735 3019//734 3026//744 3027//745
f 3021//736 3020//735 3027//745 3028//746
f 3022//737 3021//736 3028//746 3029//740
f 3027//745 3026//744 3033//747 3034//748
f 3028//746 3027//745 3034//748 3035//749
f 3029//740 3028//746 3035//749 3036//750
f 3030//741 3029//740 3036//750 3037//751
f 3031//742 3030//741 3037//751 3038//752
f 3025//743 2961//3 3032//753
f 3026//744 3025//743 3032//753 3033//747
f 3038//752 3037//751 3044//754 3045//755
f 3032//753 2961//3 3039//756
f 3033//747 3032//753 3039//756 3040//757
f 3034//748 3033//747 3040//757 3041//758
f 3035//749 3034//748 3041//758 3042//759
f 3036//750 3035//749 3042//759 3043//760
f 3037//751 3036//750 3043//760 3044//754
f 3041//758 3040//757 2822//538 2823//537
f 3042//759 3041//758 2823//537 2824//541
f 3043//760 3042//759 2824//541 2825//543
f 3044//754 3043//760 2825//543 2826//545
f 3045//755 3044//754 2826//545 2827//547
f 3039//756 2961//3 2821//549
f 3040//757 3039//756 2821//549 2822//538
f 3048//537 3047//538 3054//539 3055//540
f 3049//541 3048//537 3055//540 3056//542
f 3050//543 3049//541 3056//542 3057//544
f 3051//545 3050//543 3057//544 3058//546
f 3052//547 3051//545 3058//546 3059//548
f 3046//761 3186//3 3053//762
f 3047//538 3046//761 3053//762 3054//539
f 3054//539 3053//762 3060//763 3061//552
f 3055//540 3054//539 3061//552 3062//553
f 3056//542 3055//540 3062//553 3063//554
f 3057//544 3056//542 3063//554 3064//555
f 3058//546 3057//544 3064//555 3065//556
f 3059//548 3058//546 3065//556 3066//557
f 3053//762 3186//3 3060//763
f 3065//556 3064//555 3071//558 3072//559
f 3066//557 3065//556 3072//559 3073//560
f 3060//763 3186//3 3067//764
f 3061//552 3060//763 3067//764 3068//562
f 3062//553 3061//552 3068//562 3069//563
f 3063//554 3062//553 3069//563 3070//564
f 3064//555 3063//554 3070//564 3071//558
f 3068//562 3067//764 3074//765 3075//566
f 3069//563 3068//562 3075//566 3076//567
f 3070//564 3069//563 3076//567 3077//568
f 3071//558 3070//564 3077//568 3078//569
f 3072//559 3071//558 3078//569 3079//570
f 3073//560 3072//559 3079//570 3080//571
f 3067//764 3186//3 3074//765
f 3079//570 3078//569 3085//572 3086//573
f 3080//571 3079//570 3086//573 3087//574
f 3074//765 3186//3 3081//766
f 3075//566 3074//765 3081//766 3082//576
f 3076//567 3075//566 3082//576 3083//577
f 3077//568 3076//567 3083//577 3084//767
f 3078//569 3077//568 3084//767 3085//572
f 3083//577 3082//576 3089//579 3090//580
f 3084//767 3083//577 3090//580 3091//581
f 3085//572 3084//767 3091//581 3092//582
f 3086//573 3085//572 3092//582 3093//583
f 3087//574 3086//573 3093//583 3094//584
f 3081//766 3186//3 3088//585
f 3082//576 3081//766 3088//585 3089//579
f 3094//584 3093//583 3100//586 3101//587
f 3088//585 3186//3 3095//588
f 3089//579 3088//585 3095//588 3096//589
f 3090//580 3089//579 3096//589 3097//590
f 3091//581 3090//580 3097//590 3098//591
f 3092//582 3091//581 3098//591 3099//592
f 3093//583 3092//582 3099//592 3100//586
f 3098//591 3097//590 3104//593 3105//594
f 3099//592 3098//591 3105//594 3106//595
f 3100//586 3099//592 3106//595 3107//596
f 3101//587 3100//586 3107//596 3108//597
f 3095//588 3186//3 3102//598
f 3096//589 3095//588 3102//598 3103//599
f 3097//590 3096//589 3103//599 3104//593
f 3102//598 3186//3 3109//600
f 3103//599 3102//598 3109//600 3110//601
f 3104//593 3103//599 3110//601 3111//602
f 3105//594 3104//593 3111//602 3112//603
f 3106//595 3105//594 3112//603 3113//604
f 3107//596 3106//595 3113//604 3114//605
f 3108//597 3107//596 3114//605 3115//606
f 3112//603 3111//602 3118//607 3119//608
f 3113//604 3112//603 3119//608 3120//609
f 3114//605 3113//604 3120//609 3121//610
f 3115//606 3114//605 3121//610 3122//611
f 3109//600 3186//3 3116//612
f 3110//601 3109//600 3116//612 3117//613
f 3111//602 3110//601 3117//613 3118//607
f 3116//612 3186//3 3123//768
f 3117//613 3116//612 3123//768 3124//615
f 3118//607 3117//613 3124//615 3125//616
f 3119//608 3118//607 3125//616 3126//617
f 3120//609 3119//608 3126//617 3127//618
f 3121//610 3120//609 3127//618 3128//619
f 3122//611 3121//610 3128//619 3129//620
f 3127//618 3126//617 3133//621 3134//622
f 3128//619 3127//618 3134//622 3135//623
f 3129//620 3128//619 3135//623 3136//624
f 3123//768 3186//3 3130//625
f 3124//615 3123//768 3130//625 3131//626
f 3125//616 3124//615 3131//626 3132//627
f 3126//617 3125//616 3132//627 3133//621
f 3130//625 3186//3 3137//628
f 3131//626 3130//625 3137//628 3138//629
f 3132//627 3131//626 3138//629 3139//630
f 3133//621 3132//627 3139//630 3140//769
f 3134//622 3133//621 3140//769 3141//632
f 3135//623 3134//622 3141//632 3142//633
f 3136//624 3135//623 3142//633 3143//634
f 3141//632 3140//769 3147//635 3148//636
f 3142//633 3141//632 3148//636 3149//637
f 3143//634 3142//633 3149//637 3150//638
f 3137//628 3186//3 3144//639
f 3138//629 3137//628 3144//639 3145//640
f 3139//630 3138//629 3145//640 3146//641
f 3140//769 3139//630 3146//641 3147//635
f 3145//640 3144//639 3151//770 3152//643
f 3146//641 3145//640 3152//643 3153//644
f 3147//635 3146//641 3153//644 3154//771
f 3148//636 3147//635 3154//771 3155//646
f 3149//637 3148//636 3155//646 3156//647
f 3150//638 3149//637 3156//647 3157//648
f 3144//639 3186//3 3151//770
f 3156//647 3155//646 3162//649 3163//650
f 3157//648 3156//647 3163//650 3164//651
f 3151//770 3186//3 3158//772
f 3152//643 3151//770 3158//772 3159//653
f 3153//644 3152//643 3159//653 3160//654
f 3154//771 3153//644 3160//654 3161//655
f 3155//646 3154//771 3161//655 3162//649
f 3160//654 3159//653 3166//656 3167//657
f 3161//655 3160//654 3167//657 3168//773
f 3162//649 3161//655 3168//773 3169//659
f 3163//650 3162//649 3169//659 3170//660
f 3164//651 3163//650 3170//660 3171//661
f 3158//772 3186//3 3165//774
f 3159//653 3158//772 3165//774 3166//656
f 3171//661 3170//660 3177//663 3178//664
f 3165//774 3186//3 3172//775
f 3166//656 3165//774 3172//775 3173//666
f 3167//657 3166//656 3173//666 3174//667
f 3168//773 3167//657 3174//667 3175//668
f 3169//659 3168//773 3175//668 3176//669
f 3170//660 3169//659 3176//669 3177//663
f 3174//667 3173//666 3180//670 3181//671
f 3175//668 3174//667 3181//671 3182//776
f 3176//669 3175//668 3182//776 3183//673
f 3177//663 3176//669 3183//673 3184//674
f 3178//664 3177//663 3184//674 3185//675
f 3172//775 3186//3 3179//777
f 3173//666 3172//775 3179//777 3180//670
f 3185//675 3184//674 3192//677 3193//678
f 3179//777 3186//3 3187//679
f 3180//670 3179//777 3187//679 3188//680
f 3181//671 3180//670 3188//680 3189//681
f 3182//776 3181//671 3189//681 3190//682
f 3183//673 3182//776 3190//682 3191//683
f 3184//674 3183//673 3191//683 3192//677
f 3190//682 3189//681 3196//684 3197//685
f 3191//683 3190//682 3197//685 3198//686
f 3192//677 3191//683 3198//686 3199//687
f 3193//678 3192//677 3199//687 3200//688
f 3187//679 3186//3 3194//778
f 3188//680 3187//679 3194//778 3195//690
f 3189//681 3188//680 3195//690 3196//684
f 3194//778 3186//3 3201//691
f 3195//690 3194//778 3201//691 3202//692
f 3196//684 3195//690 3202//692 3203//693
f 3197//685 3196//684 3203//693 3204//694
f 3198//686 3197//685 3204//694 3205//695
f 3199//687 3198//686 3205//695 3206//696
f 3200//688 3199//687 3206//696 3207//697
f 3204//694 3203//693 3210//698 3211//699
f 3205//695 3204//694 3211//699 3212//700
f 3206//696 3205//695 3212//700 3213//701
f 3207//697 3206//696 3213//701 3214//702
f 3201//691 3186//3 3208//703
f 3202//692 3201//691 3208//703 3209//704
f 3203//693 3202//692 3209//704 3210//698
f 3208//703 3186//3 3215//705
f 3209//704 3208//703 3215//705 3216//706
f 3210//698 3209//704 3216//706 3217//707
f 3211//699 3210//698 3217//707 3218//708
f 3212//700 3211//699 3218//708 3219//709
f 3213//701 3212//700 3219//709 3220//710
f 3214//702 3213//701 3220//710 3221//711
f 3219//709 3218//708 3225//712 3226//713
f 3220//710 3219//709 3226//713 3227//714
f 3221//711 3220//710 3227//714 3228//715
f 3215//705 3186//3 3222//716
f 3216//706 3215//705 3222//716 3223//717
f 3217//707 3216//706 3223//717 3224//718
f 3218//708 3217//707 3224//718 3225//712
f 3223//717 3222//716 3229//719 3230//720
f 3224//718 3223//717 3230//720 3231//721
f 3225//712 3224//718 3231//721 3232//722
f 3226//713 3225//712 3232//722 3233//723
f 3227//714 3226//713 3233//723 3234//724
f 3228//715 3227//714 3234//724 3235//725
f 3222//716 3186//3 3229//719
f 3234//724 3233//723 3240//726 3241//727
f 3235//725 3234//724 3241//727 3242//728
f 3229//719 3186//3 3236//729
f 3230//720 3229//719 3236//729 3237//730
f 3231//721 3230//720 3237//730 3238//731
f 3232//722 3231//721 3238//731 3239//732
f 3233//723 3232//722 3239//732 3240//726
f 3237//730 3236//729 3243//779 3244//734
f 3238//731 3237//730 3244//734 3245//735
f 3239//732 3238//731 3245//735 3246//736
f 3240//726 3239//732 3246//736 3247//737
f 3241//727 3240//726 3247//737 3248//738
f 3242//728 3241//727 3248//738 3249//739
f 3236//729 3186//3 3243//779
f 3248//738 3247//737 3254//740 3255//741
f 3249//739 3248//738 3255//741 3256//742
f 3243//779 3186//3 3250//780
f 3244//734 3243//779 3250//780 3251//744
f 3245//735 3244//734 3251//744 3252//745
f 3246//736 3245//735 3252//745 3253//746
f 3247//737 3246//736 3253//746 3254//740
f 3252//745 3251//744 3258//747 3259//748
f 3253//746 3252//745 3259//748 3260//749
f 3254//740 3253//746 3260//749 3261//750
f 3255//741 3254//740 3261//750 3262//751
f 3256//742 3255//741 3262//751 3263//752
f 3250//780 3186//3 3257//753
f 3251//744 3250//780 3257//753 3258//747
f 3263//752 3262//751 3269//754 3270//755
f 3257//753 3186//3 3264//781
f 3258//747 3257//753 3264//781 3265//757
f 3259//748 3258//747 3265//757 3266//758
f 3260//749 3259//748 3266//758 3267//782
f 3261//750 3260//749 3267//782 3268//760
f 3262//751 3261//750 3268//760 3269//754
f 3266//758 3265//757 3047//538 3048//537
f 3267//782 3266//758 3048//537 3049//541
f 3268//760 3267//782 3049//541 3050//543
f 3269//754 3268//760 3050//543 3051//545
f 3270//755 3269//754 3051//545 3052//547
f 3264//781 3186//3 3046//761
f 3265//757 3264//781 3046//761 3047//538
f 3273//783 3272//538 3279//539 3280//540
f 3274//541 3273//783 3280//540 3281//784
f 3275//543 3274//541 3281//784 3282//544
f 3276//545 3275//543 3282//544 3283//546
f 3277//547 3276//545 3283//546 3284//548
f 3271//761 3411//3 3278//762
f 3272//538 3271//761 3278//762 3279//539
f 3279//539 3278//762 3285//551 3286//552
f 3280//540 3279//539 3286//552 3287//553
f 3281//784 3280//540 3287//553 3288//554
f 3282//544 3281//784 3288//554 3289//555
f 3283//546 3282//544 3289//555 3290//556
f 3284//548 3283//546 3290//556 3291//557
f 3278//762 3411//3 3285//551
f 3290//556 3289//555 3296//558 3297//559
f 3291//557 3290//556 3297//559 3298//560
f 3285//551 3411//3 3292//764
f 3286//552 3285//551 3292//764 3293//562
f 3287//553 3286//552 3293//562 3294//563
f 3288//554 3287//553 3294//563 3295//564
f 3289//555 3288//554 3295//564 3296//558
f 3293//562 3292//764 3299//565 3300//566
f 3294//563 3293//562 3300//566 3301//567
f 3295//564 3294//563 3301//567 3302//568
f 3296//558 3295//564 3302//568 3303//569
f 3297//559 3296//558 3303//569 3304//570
f 3298//560 3297//559 3304//570 3305//571
f 3292//764 3411//3 3299//565
f 3304//570 3303//569 3310//572 3311//573
f 3305//571 3304//570 3311//573 3312//574
f 3299//565 3411//3 3306//766
f 3300//566 3299//565 3306//766 3307//576
f 3301//567 3300//566 3307//576 3308//577
f 3302//568 3301//567 3308//577 3309//767
f 3303//569 3302//568 3309//767 3310//572
f 3308//577 3307//576 3314//579 3315//580
f 3309//767 3308//577 3315//580 3316//581
f 3310//572 3309//767 3316//581 3317//582
f 3311//573 3310//572 3317//582 3318//583
f 3312//574 3311//573 3318//583 3319//584
f 3306//766 3411//3 3313//585
f 3307//576 3306//766 3313//585 3314//579
f 3319//584 3318//583 3325//586 3326//587
f 3313//585 3411//3 3320//588
f 3314//579 3313//585 3320//588 3321//589
f 3315//580 3314//579 3321//589 3322//590
f 3316//581 3315//580 3322//590 3323//785
f 3317//582 3316//581 3323//785 3324//592
f 3318//583 3317//582 3324//592 3325//586
f 3323//785 3322//590 3329//593 3330//594
f 3324//592 3323//785 3330//594 3331//595
f 3325//586 3324//592 3331//595 3332//596
f 3326//587 3325//586 3332//596 3333//597
f 3320//588 3411//3 3327//598
f 3321//589 3320//588 3327//598 3328//599
f 3322//590 3321//589 3328//599 3329//593
f 3327//598 3411//3 3334//600
f 3328//599 3327//598 3334//600 3335//601
f 3329//593 3328//599 3335//601 3336//602
f 3330//594 3329//593 3336//602 3337//603
f 3331//595 3330//594 3337//603 3338//604
f 3332//596 3331//595 3338//604 3339//605
f 3333//597 3332//596 3339//605 3340//606
f 3337//603 3336//602 3343//607 3344//608
f 3338//604 3337//603 3344//608 3345//609
f 3339//605 3338//604 3345//609 3346//610
f 3340//606 3339//605 3346//610 3347//611
f 3334//600 3411//3 3341//612
f 3335//601 3334//600 3341//612 3342//613
f 3336//602 3335//601 3342//613 3343//607
f 3341//612 3411//3 3348//614
f 3342//613 3341//612 3348//614 3349//615
f 3343//607 3342//613 3349//615 3350//616
f 3344//608 3343//607 3350//616 3351//617
f 3345//609 3344//608 3351//617 3352//618
f 3346//610 3345//609 3352//618 3353//619
f 3347//611 3346//610 3353//619 3354//620
f 3352//618 3351//617 3358//621 3359//622
f 3353//619 3352//618 3359//622 3360//623
f 3354//620 3353//619 3360//623 3361//624
f 3348//614 3411//3 3355//625
f 3349//615 3348//614 3355//625 3356//626
f 3350//616 3349//615 3356//626 3357//627
f 3351//617 3350//616 3357//627 3358//621
f 3355//625 3411//3 3362//628
f 3356//626 3355//625 3362//628 3363//629
f 3357//627 3356//626 3363//629 3364//630
f 3358//621 3357//627 3364//630 3365//769
f 3359//622 3358//621 3365//769 3366//632
f 3360//623 3359//622 3366//632 3367//786
f 3361//624 3360//623 3367//786 3368//634
f 3366//632 3365//769 3372//635 3373//636
f 3367//786 3366//632 3373//636 3374//637
f 3368//634 3367//786 3374//637 3375//638
f 3362//628 3411//3 3369//639
f 3363//629 3362//628 3369//639 3370//640
f 3364//630 3363//629 3370//640 3371//641
f 3365//769 3364//630 3371//641 3372//635
f 3370//640 3369//639 3376//642 3377//643
f 3371//641 3370//640 3377//643 3378//644
f 3372//635 3371//641 3378//644 3379//787
f 3373//636 3372//635 3379//787 3380//646
f 3374//637 3373//636 3380//646 3381//647
f 3375//638 3374//637 3381//647 3382//648
f 3369//639 3411//3 3376//642
f 3381//647 3380//646 3387//649 3388//650
f 3382//648 3381//647 3388//650 3389//651
f 3376//642 3411//3 3383//772
f 3377//643 3376//642 3383//772 3384//653
f 3378//644 3377//643 3384//653 3385//654
f 3379//787 3378//644 3385//654 3386//655
f 3380//646 3379//787 3386//655 3387//649
f 3385//654 3384//653 3391//656 3392//657
f 3386//655 3385//654 3392//657 3393//788
f 3387//649 3386//655 3393//788 3394//659
f 3388//650 3387//649 3394//659 3395//660
f 3389//651 3388//650 3395//660 3396//661
f 3383//772 3411//3 3390//774
f 3384//653 3383//772 3390//774 3391//656
f 3396//661 3395//660 3402//663 3403//664
f 3390//774 3411//3 3397//665
f 3391//656 3390//774 3397//665 3398//666
f 3392//657 3391//656 3398//666 3399//667
f 3393//788 3392//657 3399//667 3400//668
f 3394//659 3393//788 3400//668 3401//669
f 3395//660 3394//659 3401//669 3402//663
f 3399//667 3398//666 3405//670 3406//671
f 3400//668 3399//667 3406//671 3407//776
f 3401//669 3400//668 3407//776 3408//673
f 3402//663 3401//669 3408//673 3409//789
f 3403//664 3402//663 3409//789 3410//675
f 3397//665 3411//3 3404//777
f 3398//666 3397//665 3404//777 3405//670
f 3410//675 3409//789 3417//677 3418//678
f 3404//777 3411//3 3412//679
f 3405//670 3404//777 3412//679 3413//790
f 3406//671 3405//670 3413//790 3414//681
f 3407//776 3406//671 3414//681 3415//682
f 3408//673 3407//776 3415//682 3416//683
f 3409//789 3408//673 3416//683 3417//677
f 3415//682 3414//681 3421//684 3422//685
f 3416//683 3415//682 3422//685 3423//686
f 3417//677 3416//683 3423//686 3424//687
f 3418//678 3417//677 3424//687 3425//688
f 3412//679 3411//3 3419//778
f 3413//790 3412//679 3419//778 3420//690
f 3414//681 3413//790 3420//690 3421//684
f 3419//778 3411//3 3426//691
f 3420//690 3419//778 3426//691 3427//692
f 3421//684 3420//690 3427//692 3428//693
f 3422//685 3421//684 3428//693 3429//694
f 3423//686 3422//685 3429//694 3430//695
f 3424//687 3423//686 3430//695 3431//696
f 3425//688 3424//687 3431//696 3432//697
f 3429//694 3428//693 3435//698 3436//699
f 3430//695 3429//694 3436//699 3437//700
f 3431//696 3430//695 3437//700 3438//701
f 3432//697 3431//696 3438//701 3439//702
f 3426//691 3411//3 3433//703
f 3427//692 3426//691 3433//703 3434//704
f 3428//693 3427//692 3434//704 3435//698
f 3433//703 3411//3 3440//705
f 3434//704 3433//703 3440//705 3441//706
f 3435//698 3434//704 3441//706 3442//707
f 3436//699 3435//698 3442//707 3443//708
f 3437//700 3436//699 3443//708 3444//709
f 3438//701 3437//700 3444//709 3445//710
f 3439//702 3438//701 3445//710 3446//711
f 3444//709 3443//708 3450//712 3451//713
f 3445//710 3444//709 3451//713 3452//714
f 3446//711 3445//710 3452//714 3453//715
f 3440//705 3411//3 3447//716
f 3441//706 3440//705 3447//716 3448//717
f 3442//707 3441//706 3448//717 3449//718
f 3443//708 3442//707 3449//718 3450//712
f 3448//717 3447//716 3454//719 3455//720
f 3449//718 3448//717 3455//720 3456//721
f 3450//712 3449//718 3456//721 3457//722
f 3451//713 3450//712 3457//722 3458//723
f 3452//714 3451//713 3458//723 3459//724
f 3453//715 3452//714 3459//724 3460//725
f 3447//716 3411//3 3454//719
f 3459//724 3458//723 3465//726 3466//727
f 3460//725 3459//724 3466//727 3467//728
f 3454//719 3411//3 3461//729
f 3455//720 3454//719 3461//729 3462//730
f 3456//721 3455//720 3462//730 3463//731
f 3457//722 3456//721 3463//731 3464//732
f 3458//723 3457//722 3464//732 3465//726
f 3462//730 3461//729 3468//733 3469//734
f 3463//731 3462//730 3469//734 3470//735
f 3464//732 3463//731 3470//735 3471//736
f 3465//726 3464//732 3471//736 3472//737
f 3466//727 3465//726 3472//737 3473//738
f 3467//728 3466//727 3473//738 3474//739
f 3461//729 3411//3 3468//733
f 3473//738 3472//737 3479//740 3480//741
f 3474//739 3473//738 3480//741 3481//742
f 3468//733 3411//3 3475//743
f 3469//734 3468//733 3475//743 3476//744
f 3470//735 3469//734 3476//744 3477//745
f 3471//736 3470//735 3477//745 3478//746
f 3472//737 3471//736 3478//746 3479//740
f 3477//745 3476//744 3483//747 3484//748
f 3478//746 3477//745 3484//748 3485//749
f 3479//740 3478//746 3485//749 3486//750
f 3480//741 3479//740 3486//750 3487//751
f 3481//742 3480//741 3487//751 3488//752
f 3475//743 3411//3 3482//753
f 3476//744 3475//743 3482//753 3483//747
f 3488//752 3487//751 3494//754 3495//755
f 3482//753 3411//3 3489//781
f 3483//747 3482//753 3489//781 3490//757
f 3484//748 3483//747 3490//757 3491//758
f 3485//749 3484//748 3491//758 3492//791
f 3486//750 3485//749 3492//791 3493//760
f 3487//751 3486//750 3493//760 3494//754
f 3491//758 3490//757 3272//538 3273//783
f 3492//791 3491//758 3273//783 3274//541
f 3493//760 3492//791 3274//541 3275//543
f 3494//754 3493//760 3275//543 3276//545
f 3495//755 3494//754 3276//545 3277//547
f 3489//781 3411//3 3271//761
f 3490//757 3489//781 3271//761 3272//538
f 3498//792 3497//793 3504//794 3505//795
f 3499//796 3498//792 3505//795 3506//797
f 3500//798 3499//796 3506//797 3507//799
f 3501//800 3500//798 3507//799 3508//801
f 3502//802 3501//800 3508//801 3509//803
f 3496//804 3636//1 3503//805
f 3497//793 3496//804 3503//805 3504//794
f 3504//794 3503//805 3510//806 3511//807
f 3505//795 3504//794 3511//807 3512//808
f 3506//797 3505//795 3512//808 3513//809
f 3507//799 3506//797 3513//809 3514//810
f 3508//801 3507//799 3514//810 3515//811
f 3509//803 3508//801 3515//811 3516//812
f 3503//805 3636//1 3510//806
f 3515//811 3514//810 3521//813 3522//814
f 3516//812 3515//811 3522//814 3523//815
f 3510//806 3636//1 3517//816
f 3511//807 3510//806 3517//816 3518//817
f 3512//808 3511//807 3518//817 3519//818
f 3513//809 3512//808 3519//818 3520//819
f 3514//810 3513//809 3520//819 3521//813
f 3518//817 3517//816 3524//820 3525//821
f 3519//818 3518//817 3525//821 3526//822
f 3520//819 3519//818 3526//822 3527//823
f 3521//813 3520//819 3527//823 3528//824
f 3522//814 3521//813 3528//824 3529//825
f 3523//815 3522//814 3529//825 3530//826
f 3517//816 3636//1 3524//820
f 3529//825 3528//824 3535//827 3536//828
f 3530//826 3529//825 3536//828 3537//829
f 3524//820 3636//1 3531//830
f 3525//821 3524//820 3531//830 3532//831
f 3526//822 3525//821 3532//831 3533//832
f 3527//823 3526//822 3533//832 3534//833
f 3528//824 3527//823 3534//833 3535//827
f 3533//832 3532//831 3539//834 3540//835
f 3534//833 3533//832 3540//835 3541//836
f 3535//827 3534//833 3541//836 3542//837
f 3536//828 3535//827 3542//837 3543//838
f 3537//829 3536//828 3543//838 3544//839
f 3531//830 3636//1 3538//840
f 3532//831 3531//830 3538//840 3539//834
f 3544//839 3543//838 3550//841 3551//842
f 3538//840 3636//1 3545//843
f 3539//834 3538//840 3545//843 3546//844
f 3540//835 3539//834 3546//844 3547//845
f 3541//836 3540//835 3547//845 3548//846
f 3542//837 3541//836 3548//846 3549//847
f 3543//838 3542//837 3549//847 3550//841
f 3548//846 3547//845 3554//848 3555//849
f 3549//847 3548//846 3555//849 3556//850
f 3550//841 3549//847 3556//850 3557//851
f 3551//842 3550//841 3557//851 3558//852
f 3545//843 3636//1 3552//853
f 3546//844 3545//843 3552//853 3553//854
f 3547//845 3546//844 3553//854 3554//848
f 3552//853 3636//1 3559//855
f 3553//854 3552//853 3559//855 3560//856
f 3554//848 3553//854 3560//856 3561//857
f 3555//849 3554//848 3561//857 3562//858
f 3556//850 3555//849 3562//858 3563//859
f 3557//851 3556//850 3563//859 3564//860
f 3558//852 3557//851 3564//860 3565//861
f 3562//858 3561//857 3568//862 3569//863
f 3563//859 3562//858 3569//863 3570//864
f 3564//860 3563//859 3570//864 3571//865
f 3565//861 3564//860 3571//865 3572//866
f 3559//855 3636//1 3566//867
f 3560//856 3559//855 3566//867 3567//868
f 3561//857 3560//856 3567//868 3568//862
f 3566//867 3636//1 3573//869
f 3567//868 3566//867 3573//869 3574//870
f 3568//862 3567//868 3574//870 3575//871
f 3569//863 3568//862 3575//871 3576//872
f 3570//864 3569//863 3576//872 3577//873
f 3571//865 3570//864 3577//873 3578//874
f 3572//866 3571//865 3578//874 3579//875
f 3577//873 3576//872 3583//876 3584//877
f 3578//874 3577//873 3584//877 3585//878
f 3579//875 3578//874 3585//878 3586//879
f 3573//869 3636//1 3580//880
f 3574//870 3573//869 3580//880 3581//881
f 3575//871 3574//870 3581//881 3582//882
f 3576//872 3575//871 3582//882 3583//876
f 3580//880 3636//1 3587//883
f 3581//881 3580//880 3587//883 3588//884
f 3582//882 3581//881 3588//884 3589//885
f 3583//876 3582//882 3589//885 3590//886
f 3584//877 3583//876 3590//886 3591//887
f 3585//878 3584//877 3591//887 3592//888
f 3586//879 3585//878 3592//888 3593//889
f 3591//887 3590//886 3597//890 3598//891
f 3592//888 3591//887 3598//891 3599//892
f 3593//889 3592//888 3599//892 3600//893
f 3587//883 3636//1 3594//894
f 3588//884 3587//883 3594//894 3595//895
f 3589//885 3588//884 3595//895 3596//896
f 3590//886 3589//885 3596//896 3597//890
f 3595//895 3594//894 3601//897 3602//898
f 3596//896 3595//895 3602//898 3603//899
f 3597//890 3596//896 3603//899 3604//900
f 3598//891 3597//890 3604//900 3605//901
f 3599//892 3598//891 3605//901 3606//902
f 3600//893 3599//892 3606//902 3607//903
f 3594//894 3636//1 3601//897
f 3606//902 3605//901 3612//904 3613//905
f 3607//903 3606//902 3613//905 3614//906
f 3601//897 3636//1 3608//907
f 3602//898 3601//897 3608//907 3609//908
f 3603//899 3602//898 3609//908 3610//909
f 3604//900 3603//899 3610//909 3611//910
f 3605//901 3604//900 3611//910 3612//904
f 3610//909 3609//908 3616//911 3617//912
f 3611//910 3610//909 3617//912 3618//913
f 3612//904 3611//910 3618//913 3619//914
f 3613//905 3612//904 3619//914 3620//915
f 3614//906 3613//905 3620//915 3621//916
f 3608//907 3636//1 3615//917
f 3609//908 3608//907 3615//917 3616//911
f 3621//916 3620//915 3627//918 3628//919
f 3615//917 3636//1 3622//920
f 3616//911 3615//917 3622//920 3623//921
f 3617//912 3616//911 3623//921 3624//922
f 3618//913 3617//912 3624//922 3625//923
f 3619//914 3618//913 3625//923 3626//924
f 3620//915 3619//914 3626//924 3627//918
f 3624//922 3623//921 3630//925 3631//926
f 3625//923 3624//922 3631//926 3632//927
f 3626//924 3625//923 3632//927 3633//928
f 3627//918 3626//924 3633//928 3634//929
f 3628//919 3627//918 3634//929 3635//930
f 3622//920 3636//1 3629//931
f 3623//921 3622//920 3629//931 3630//925
f 3635//930 3634//929 3642//932 3643//933
f 3629//931 3636//1 3637//934
f 3630//925 3629//931 3637//934 3638//935
f 3631//926 3630//925 3638//935 3639//936
f 3632//927 3631//926 3639//936 3640//937
f 3633//928 3632//927 3640//937 3641//938
f 3634//929 3633//928 3641//938 3642//932
f 3640//937 3639//936 3646//939 3647//940
f 3641//938 3640//937 3647//940 3648//941
f 3642//932 3641//938 3648//941 3649//942
f 3643//933 3642//932 3649//942 3650//943
f 3637//934 3636//1 3644//944
f 3638//935 3637//934 3644//944 3645//945
f 3639//936 3638//935 3645//945 3646//939
f 3644//944 3636//1 3651//946
f 3645//945 3644//944 3651//946 3652//947
f 3646//939 3645//945 3652//947 3653//948
f 3647//940 3646//939 3653//948 3654//949
f 3648//941 3647//940 3654//949 3655//950
f 3649//942 3648//941 3655//950 3656//951
f 3650//943 3649//942 3656//951 3657//952
f 3654//949 3653//948 3660//953 3661//954
f 3655//950 3654//949 3661//954 3662//955
f 3656//951 3655//950 3662//955 3663//956
f 3657//952 3656//951 3663//956 3664//957
f 3651//946 3636//1 3658//958
f 3652//947 3651//946 3658//958 3659//959
f 3653//948 3652//947 3659//959 3660//953
f 3658//958 3636//1 3665//960
f 3659//959 3658//958 3665//960 3666//961
f 3660//953 3659//959 3666//961 3667//962
f 3661//954 3660//953 3667//962 3668//963
f 3662//955 3661//954 3668//963 3669//964
f 3663//956 3662//955 3669//964 3670//965
f 3664//957 3663//956 3670//965 3671//966
f 3669//964 3668//963 3675//967 3676//968
f 3670//965 3669//964 3676//968 3677//969
f 3671//966 3670//965 3677//969 3678//970
f 3665//960 3636//1 3672//971
f 3666//961 3665//960 3672//971 3673//972
f 3667//962 3666//961 3673//972 3674//973
f 3668//963 3667//962 3674//973 3675//967
f 3673//972 3672//971 3679//974 3680//975
f 3674//973 3673//972 3680//975 3681//976
f 3675//967 3674//973 3681//976 3682//977
f 3676//968 3675//967 3682//977 3683//978
f 3677//969 3676//968 3683//978 3684//979
f 3678//970 3677//969 3684//979 3685//980
f 3672//971 3636//1 3679//974
f 3684//979 3683//978 3690//981 3691//982
f 3685//980 3684//979 3691//982 3692//983
f 3679//974 3636//1 3686//984
f 3680//975 3679//974 3686//984 3687//985
f 3681//976 3680//975 3687//985 3688//986
f 3682//977 3681//976 3688//986 3689//987
f 3683//978 3682//977 3689//987 3690//981
f 3687//985 3686//984 3693//988 3694//989
f 3688//986 3687//985 3694//989 3695//990
f 3689//987 3688//986 3695//990 3696//991
f 3690//981 3689//987 3696//991 3697//992
f 3691//982 3690//981 3697//992 3698//993
f 3692//983 3691//982 3698//993 3699//994
f 3686//984 3636//1 3693//988
f 3698//993 3697//992 3704//995 3705//996
f 3699//994 3698//993 3705//996 3706//997
f 3693//988 3636//1 3700//998
f 3694//989 3693//988 3700//998 3701//999
f 3695//990 3694//989 3701//999 3702//1000
f 3696//991 3695//990 3702//1000 3703//1001
f 3697//992 3696//991 3703//1001 3704//995
f 3702//1000 3701//999 3708//1002 3709//1003
f 3703//1001 3702//1000 3709//1003 3710//1004
f 3704//995 3703//1001 3710//1004 3711//1005
f 3705//996 3704//995 3711//1005 3712//1006
f 3706//997 3705//996 3712//1006 3713//1007
f 3700//998 3636//1 3707//1008
f 3701//999 3700//998 3707//1008 3708//1002
f 3713//1007 3712//1006 3719//1009 3720//1010
f 3707//1008 3636//1 3714//1011
f 3708//1002 3707//1008 3714//1011 3715//1012
f 3709//1003 3708//1002 3715//1012 3716//1013
f 3710//1004 3709//1003 3716//1013 3717//1014
f 3711//1005 3710//1004 3717//1014 3718//1015
f 3712//1006 3711//1005 3718//1015 3719//1009
f 3716//1013 3715//1012 3497//793 3498//792
f 3717//1014 3716//1013 3498//792 3499//796
f 3718//1015 3717//1014 3499//796 3500//798
f 3719//1009 3718//1015 3500//798 3501//800
f 3720//1010 3719//1009 3501//800 3502//802
f 3714//1011 3636//1 3496//804
f 3715//1012 3714//1011 3496//804 3497//793
f 3723//792 3722//793 3729//794 3730//795
f 3724//796 3723//792 3730//795 3731//797
f 3725//798 3724//796 3731//797 3732//799
f 3726//800 3725//798 3732//799 3733//801
f 3727//802 3726//800 3733//801 3734//803
f 3721//1016 3861//1 3728//805
f 3722//793 3721//1016 3728//805 3729//794
f 3729//794 3728//805 3735//806 3736//807
f 3730//795 3729//794 3736//807 3737//808
f 3731//797 3730//795 3737//808 3738//809
f 3732//799 3731//797 3738//809 3739//810
f 3733//801 3732//799 3739//810 3740//811
f 3734//803 3733//801 3740//811 3741//812
f 3728//805 3861//1 3735//806
f 3740//811 3739//810 3746//813 3747//814
f 3741//812 3740//811 3747//814 3748//815
f 3735//806 3861//1 3742//816
f 3736//807 3735//806 3742//816 3743//817
f 3737//808 3736//807 3743//817 3744//818
f 3738//809 3737//808 3744//818 3745//819
f 3739//810 3738//809 3745//819 3746//813
f 3743//817 3742//816 3749//820 3750//821
f 3744//818 3743//817 3750//821 3751//822
f 3745//819 3744//818 3751//822 3752//823
f 3746//813 3745//819 3752//823 3753//824
f 3747//814 3746//813 3753//824 3754//1017
f 3748//815 3747//814 3754//1017 3755//826
f 3742//816 3861//1 3749//820
f 3754//1017 3753//824 3760//827 3761//828
f 3755//826 3754//1017 3761//828 3762//829
f 3749//820 3861//1 3756//830
f 3750//821 3749//820 3756//830 3757//831
f 3751//822 3750//821 3757//831 3758//832
f 3752//823 3751//822 3758//832 3759//1018
f 3753//824 3752//823 3759//1018 3760//827
f 3758//832 3757//831 3764//834 3765//835
f 3759//1018 3758//832 3765//835 3766//836
f 3760//827 3759//1018 3766//836 3767//837
f 3761//828 3760//827 3767//837 3768//838
f 3762//829 3761//828 3768//838 3769//839
f 3756//830 3861//1 3763//840
f 3757//831 3756//830 3763//840 3764//834
f 3769//839 3768//838 3775//841 3776//842
f 3763//840 3861//1 3770//843
f 3764//834 3763//840 3770//843 3771//844
f 3765//835 3764//834 3771//844 3772//845
f 3766//836 3765//835 3772//845 3773//1019
f 3767//837 3766//836 3773//1019 3774//847
f 3768//838 3767//837 3774//847 3775//841
f 3773//1019 3772//845 3779//848 3780//849
f 3774//847 3773//1019 3780//849 3781//850
f 3775//841 3774//847 3781//850 3782//851
f 3776//842 3775//841 3782//851 3783//852
f 3770//843 3861//1 3777//853
f 3771//844 3770//843 3777//853 3778//854
f 3772//845 3771//844 3778//854 3779//848
f 3777//853 3861//1 3784//855
f 3778//854 3777//853 3784//855 3785//856
f 3779//848 3778//854 3785//856 3786//1020
f 3780//849 3779//848 3786//1020 3787//858
f 3781//850 3780//849 3787//858 3788//859
f 3782//851 3781//850 3788//859 3789//860
f 3783//852 3782//851 3789//860 3790//861
f 3787//858 3786//1020 3793//862 3794//863
f 3788//859 3787//858 3794//863 3795//864
f 3789//860 3788//859 3795//864 3796//865
f 3790//861 3789//860 3796//865 3797//866
f 3784//855 3861//1 3791//867
f 3785//856 3784//855 3791//867 3792//868
f 3786//1020 3785//856 3792//868 3793//862
f 3791//867 3861//1 3798//869
f 3792//868 3791//867 3798//869 3799//870
f 3793//862 3792//868 3799//870 3800//871
f 3794//863 3793//862 3800//871 3801//1021
f 3795//864 3794//863 3801//1021 3802//873
f 3796//865 3795//864 3802//873 3803//874
f 3797//866 3796//865 3803//874 3804//875
f 3802//873 3801//1021 3808//876 3809//877
f 3803//874 3802//873 3809//877 3810//878
f 3804//875 3803//874 3810//878 3811//879
f 3798//869 3861//1 3805//880
f 3799//870 3798//869 3805//880 3806//881
f 3800//871 3799//870 3806//881 3807//882
f 3801//1021 3800//871 3807//882 3808//876
f 3805//880 3861//1 3812//883
f 3806//881 3805//880 3812//883 3813//884
f 3807//882 3806//881 3813//884 3814//885
f 3808//876 3807//882 3814//885 3815//1022
f 3809//877 3808//876 3815//1022 3816//887
f 3810//878 3809//877 3816//887 3817//888
f 3811//879 3810//878 3817//888 3818//889
f 3816//887 3815//1022 3822//890 3823//891
f 3817//888 3816//887 3823//891 3824//892
f 3818//889 3817//888 3824//892 3825//893
f 3812//883 3861//1 3819//894
f 3813//884 3812//883 3819//894 3820//895
f 3814//885 3813//884 3820//895 3821//896
f 3815//1022 3814//885 3821//896 3822//890
f 3820//895 3819//894 3826//897 3827//1023
f 3821//896 3820//895 3827//1023 3828//899
f 3822//890 3821//896 3828//899 3829//900
f 3823//891 3822//890 3829//900 3830//901
f 3824//892 3823//891 3830//901 3831//902
f 3825//893 3824//892 3831//902 3832//903
f 3819//894 3861//1 3826//897
f 3831//902 3830//901 3837//904 3838//905
f 3832//903 3831//902 3838//905 3839//906
f 3826//897 3861//1 3833//907
f 3827//1023 3826//897 3833//907 3834//908
f 3828//899 3827//1023 3834//908 3835//909
f 3829//900 3828//899 3835//909 3836//910
f 3830//901 3829//900 3836//910 3837//904
f 3835//909 3834//908 3841//911 3842//912
f 3836//910 3835//909 3842//912 3843//913
f 3837//904 3836//910 3843//913 3844//914
f 3838//905 3837//904 3844//914 3845//915
f 3839//906 3838//905 3845//915 3846//916
f 3833//907 3861//1 3840//917
f 3834//908 3833//907 3840//917 3841//911
f 3846//916 3845//915 3852//918 3853//919
f 3840//917 3861//1 3847//920
f 3841//911 3840//917 3847//920 3848//921
f 3842//912 3841//911 3848//921 3849//922
f 3843//913 3842//912 3849//922 3850//923
f 3844//914 3843//913 3850//923 3851//924
f 3845//915 3844//914 3851//924 3852//918
f 3849//922 3848//921 3855//925 3856//926
f 3850//923 3849//922 3856//926 3857//1024
f 3851//924 3850//923 3857//1024 3858//928
f 3852//918 3851//924 3858//928 3859//929
f 3853//919 3852//918 3859//929 3860//930
f 3847//920 3861//1 3854//931
f 3848//921 3847//920 3854//931 3855//925
f 3860//930 3859//929 3867//932 3868//933
f 3854//931 3861//1 3862//934
f 3855//925 3854//931 3862//934 3863//935
f 3856//926 3855//925 3863//935 3864//936
f 3857//1024 3856//926 3864//936 3865//937
f 3858//928 3857//1024 3865//937 3866//938
f 3859//929 3858//928 3866//938 3867//932
f 3865//937 3864//936 3871//939 3872//940
f 3866//938 3865//937 3872//940 3873//941
f 3867//932 3866//938 3873//941 3874//942
f 3868//933 3867//932 3874//942 3875//943
f 3862//934 3861//1 3869//944
f 3863//935 3862//934 3869//944 3870//945
f 3864//936 3863//935 3870//945 3871//939
f 3869//944 3861//1 3876//946
f 3870//945 3869//944 3876//946 3877//947
f 3871//939 3870//945 3877//947 3878//948
f 3872//940 3871//939 3878//948 3879//949
f 3873//941 3872//940 3879//949 3880//950
f 3874//942 3873//941 3880//950 3881//951
f 3875//943 3874//942 3881//951 3882//952
f 3879//949 3878//948 3885//953 3886//954
f 3880//950 3879//949 3886//954 3887//955
f 3881//951 3880//950 3887//955 3888//956
f 3882//952 3881//951 3888//956 3889//957
f 3876//946 3861//1 3883//958
f 3877//947 3876//946 3883//958 3884//959
f 3878//948 3877//947 3884//959 3885//953
f 3883//958 3861//1 3890//960
f 3884//959 3883//958 3890//960 3891//961
f 3885//953 3884//959 3891//961 3892//962
f 3886//954 3885//953 3892//962 3893//963
f 3887//955 3886//954 3893//963 3894//964
f 3888//956 3887//955 3894//964 3895//965
f 3889//957 3888//956 3895//965 3896//966
f 3894//964 3893//963 3900//967 3901//968
f 3895//965 3894//964 3901//968 3902//969
f 3896//966 3895//965 3902//969 3903//970
f 3890//960 3861//1 3897//971
f 3891//961 3890//960 3897//971 3898//972
f 3892//962 3891//961 3898//972 3899//973
f 3893//963 3892//962 3899//973 3900//967
f 3898//972 3897//971 3904//1025 3905//975
f 3899//973 3898//972 3905//975 3906//976
f 3900//967 3899//973 3906//976 3907//977
f 3901//968 3900//967 3907//977 3908//978
f 3902//969 3901//968 3908//978 3909//979
f 3903//970 3902//969 3909//979 3910//980
f 3897//971 3861//1 3904//1025
f 3909//979 3908//978 3915//981 3916//982
f 3910//980 3909//979 3916//982 3917//983
f 3904//1025 3861//1 3911//984
f 3905//975 3904//1025 3911//984 3912//985
f 3906//976 3905//975 3912//985 3913//986
f 3907//977 3906//976 3913//986 3914//1026
f 3908//978 3907//977 3914//1026 3915//981
f 3912//985 3911//984 3918//988 3919//989
f 3913//986 3912//985 3919//989 3920//990
f 3914//1026 3913//986 3920//990 3921//991
f 3915//981 3914//1026 3921//991 3922//992
f 3916//982 3915//981 3922//992 3923//993
f 3917//983 3916//982 3923//993 3924//994
f 3911//984 3861//1 3918//988
f 3923//993 3922//992 3929//995 3930//996
f 3924//994 3923//993 3930//996 3931//997
f 3918//988 3861//1 3925//998
f 3919//989 3918//988 3925//998 3926//999
f 3920//990 3919//989 3926//999 3927//1000
f 3921//991 3920//990 3927//1000 3928//1001
f 3922//992 3921//991 3928//1001 3929//995
f 3927//1000 3926//999 3933//1002 3934//1003
f 3928//1001 3927//1000 3934//1003 3935//1004
f 3929//995 3928//1001 3935//1004 3936//1005
f 3930//996 3929//995 3936//1005 3937//1006
f 3931//997 3930//996 3937//1006 3938//1007
f 3925//998 3861//1 3932//1008
f 3926//999 3925//998 3932//1008 3933//1002
f 3938//1007 3937//1006 3944//1009 3945//1010
f 3932//1008 3861//1 3939//1027
f 3933//1002 3932//1008 3939//1027 3940//1012
f 3934//1003 3933//1002 3940//1012 3941//1013
f 3935//1004 3934//1003 3941//1013 3942//1014
f 3936//1005 3935//1004 3942//1014 3943//1015
f 3937//1006 3936//1005 3943//1015 3944//1009
f 3941//1013 3940//1012 3722//793 3723//792
f 3942//1014 3941//1013 3723//792 3724//796
f 3943//1015 3942//1014 3724//796 3725//798
f 3944//1009 3943//1015 3725//798 3726//800
f 3945//1010 3944//1009 3726//800 3727//802
f 3939//1027 3861//1 3721//1016
f 3940//1012 3939//1027 3721//1016 3722//793
f 3948//792 3947//793 3954//794 3955//795
f 3949//796 3948//792 3955//795 3956//1028
f 3950//798 3949//796 3956//1028 3957//799
f 3951//800 3950//798 3957//799 3958//801
f 3952//802 3951//800 3958//801 3959//803
f 3946//1016 4086//1 3953//805
f 3947//793 3946//1016 3953//805 3954//794
f 3954//794 3953//805 3960//1029 3961//807
f 3955//795 3954//794 3961//807 3962//808
f 3956//1028 3955//795 3962//808 3963//809
f 3957//799 3956//1028 3963//809 3964//810
f 3958//801 3957//799 3964//810 3965//811
f 3959//803 3958//801 3965//811 3966//812
f 3953//805 4086//1 3960//1029
f 3965//811 3964//810 3971//813 3972//814
f 3966//812 3965//811 3972//814 3973//815
f 3960//1029 4086//1 3967//816
f 3961//807 3960//1029 3967//816 3968//817
f 3962//808 3961//807 3968//817 3969//818
f 3963//809 3962//808 3969//818 3970//819
f 3964//810 3963//809 3970//819 3971//813
f 3968//817 3967//816 3974//820 3975//821
f 3969//818 3968//817 3975//821 3976//822
f 3970//819 3969//818 3976//822 3977//823
f 3971//813 3970//819 3977//823 3978//824
f 3972//814 3971//813 3978//824 3979//1017
f 3973//815 3972//814 3979//1017 3980//826
f 3967//816 4086//1 3974//820
f 3979//1017 3978//824 3985//827 3986//828
f 3980//826 3979//1017 3986//828 3987//829
f 3974//820 4086//1 3981//1030
f 3975//821 3974//820 3981//1030 3982//831
f 3976//822 3975//821 3982//831 3983//832
f 3977//823 3976//822 3983//832 3984//1018
f 3978//824 3977//823 3984//1018 3985//827
f 3983//832 3982//831 3989//834 3990//835
f 3984//1018 3983//832 3990//835 3991//836
f 3985//827 3984//1018 3991//836 3992//837
f 3986//828 3985//827 3992//837 3993//838
f 3987//829 3986//828 3993//838 3994//839
f 3981//1030 4086//1 3988//840
f 3982//831 3981//1030 3988//840 3989//834
f 3994//839 3993//838 4000//841 4001//842
f 3988//840 4086//1 3995//843
f 3989//834 3988//840 3995//843 3996//844
f 3990//835 3989//834 3996//844 3997//845
f 3991//836 3990//835 3997//845 3998//846
f 3992//837 3991//836 3998//846 3999//847
f 3993//838 3992//837 3999//847 4000//841
f 3998//846 3997//845 4004//848 4005//849
f 3999//847 3998//846 4005//849 4006//850
f 4000//841 3999//847 4006//850 4007//851
f 4001//842 4000//841 4007//851 4008//852
f 3995//843 4086//1 4002//853
f 3996//844 3995//843 4002//853 4003//854
f 3997//845 3996//844 4003//854 4004//848
f 4002//853 4086//1 4009//855
f 4003//854 4002//853 4009//855 4010//856
f 4004//848 4003//854 4010//856 4011//857
f 4005//849 4004//848 4011//857 4012//1031
f 4006//850 4005//849 4012//1031 4013//859
f 4007//851 4006//850 4013//859 4014//860
f 4008//852 4007//851 4014//860 4015//861
f 4012//1031 4011//857 4018//862 4019//863
f 4013//859 4012//1031 4019//863 4020//864
f 4014//860 4013//859 4020//864 4021//865
f 4015//861 4014//860 4021//865 4022//866
f 4009//855 4086//1 4016//867
f 4010//856 4009//855 4016//867 4017//868
f 4011//857 4010//856 4017//868 4018//862
f 4016//867 4086//1 4023//869
f 4017//868 4016//867 4023//869 4024//870
f 4018//862 4017//868 4024//870 4025//871
f 4019//863 4018//862 4025//871 4026//872
f 4020//864 4019//863 4026//872 4027//873
f 4021//865 4020//864 4027//873 4028//874
f 4022//866 4021//865 4028//874 4029//875
f 4027//873 4026//872 4033//876 4034//877
f 4028//874 4027//873 4034//877 4035//878
f 4029//875 4028//874 4035//878 4036//879
f 4023//869 4086//1 4030//880
f 4024//870 4023//869 4030//880 4031//881
f 4025//871 4024//870 4031//881 4032//882
f 4026//872 4025//871 4032//882 4033//876
f 4030//880 4086//1 4037//883
f 4031//881 4030//880 4037//883 4038//884
f 4032//882 4031//881 4038//884 4039//885
f 4033//876 4032//882 4039//885 4040//1022
f 4034//877 4033//876 4040//1022 4041//887
f 4035//878 4034//877 4041//887 4042//1032
f 4036//879 4035//878 4042//1032 4043//889
f 4041//887 4040//1022 4047//890 4048//891
f 4042//1032 4041//887 4048//891 4049//892
f 4043//889 4042//1032 4049//892 4050//893
f 4037//883 4086//1 4044//894
f 4038//884 4037//883 4044//894 4045//895
f 4039//885 4038//884 4045//895 4046//896
f 4040//1022 4039//885 4046//896 4047//890
f 4045//895 4044//894 4051//897 4052//898
f 4046//896 4045//895 4052//898 4053//899
f 4047//890 4046//896 4053//899 4054//1033
f 4048//891 4047//890 4054//1033 4055//901
f 4049//892 4048//891 4055//901 4056//902
f 4050//893 4049//892 4056//902 4057//903
f 4044//894 4086//1 4051//897
f 4056//902 4055//901 4062//904 4063//905
f 4057//903 4056//902 4063//905 4064//906
f 4051//897 4086//1 4058//907
f 4052//898 4051//897 4058//907 4059//908
f 4053//899 4052//898 4059//908 4060//909
f 4054//1033 4053//899 4060//909 4061//910
f 4055//901 4054//1033 4061//910 4062//904
f 4060//909 4059//908 4066//911 4067//912
f 4061//910 4060//909 4067//912 4068//1034
f 4062//904 4061//910 4068//1034 4069//914
f 4063//905 4062//904 4069//914 4070//915
f 4064//906 4063//905 4070//915 4071//916
f 4058//907 4086//1 4065//917
f 4059//908 4058//907 4065//917 4066//911
f 4071//916 4070//915 4077//918 4078//919
f 4065//917 4086//1 4072//920
f 4066//911 4065//917 4072//920 4073//921
f 4067//912 4066//911 4073//921 4074//922
f 4068//1034 4067//912 4074//922 4075//923
f 4069//914 4068//1034 4075//923 4076//924
f 4070//915 4069//914 4076//924 4077//918
f 4074//922 4073//921 4080//925 4081//926
f 4075//923 4074//922 4081//926 4082//1024
f 4076//924 4075//923 4082//1024 4083//928
f 4077//918 4076//924 4083//928 4084//1035
f 4078//919 4077//918 4084//1035 4085//930
f 4072//920 4086//1 4079//931
f 4073//921 4072//920 4079//931 4080//925
f 4085//930 4084//1035 4092//932 4093//933
f 4079//931 4086//1 4087//934
f 4080//925 4079//931 4087//934 4088//935
f 4081//926 4080//925 4088//935 4089//936
f 4082//1024 4081//926 4089//936 4090//937
f 4083//928 4082//1024 4090//937 4091//938
f 4084//1035 4083//928 4091//938 4092//932
f 4090//937 4089//936 4096//939 4097//940
f 4091//938 4090//937 4097//940 4098//941
f 4092//932 4091//938 4098//941 4099//942
f 4093//933 4092//932 4099//942 4100//943
f 4087//934 4086//1 4094//944
f 4088//935 4087//934 4094//944 4095//945
f 4089//936 4088//935 4095//945 4096//939
f 4094//944 4086//1 4101//946
f 4095//945 4094//944 4101//946 4102//947
f 4096//939 4095//945 4102//947 4103//948
f 4097//940 4096//939 4103//948 4104//949
f 4098//941 4097//940 4104//949 4105//950
f 4099//942 4098//941 4105//950 4106//951
f 4100//943 4099//942 4106//951 4107//952
f 4104//949 4103//948 4110//1036 4111//954
f 4105//950 4104//949 4111//954 4112//955
f 4106//951 4105//950 4112//955 4113//956
f 4107//952 4106//951 4113//956 4114//957
f 4101//946 4086//1 4108//958
f 4102//947 4101//946 4108//958 4109//959
f 4103//948 4102//947 4109//959 4110//1036
f 4108//958 4086//1 4115//960
f 4109//959 4108//958 4115//960 4116//961
f 4110//1036 4109//959 4116//961 4117//962
f 4111//954 4110//1036 4117//962 4118//963
f 4112//955 4111//954 4118//963 4119//964
f 4113//956 4112//955 4119//964 4120//965
f 4114//957 4113//956 4120//965 4121//966
f 4119//964 4118//963 4125//967 4126//968
f 4120//965 4119//964 4126//968 4127//969
f 4121//966 4120//965 4127//969 4128//970
f 4115//960 4086//1 4122//971
f 4116//961 4115//960 4122//971 4123//972
f 4117//962 4116//961 4123//972 4124//973
f 4118//963 4117//962 4124//973 4125//967
f 4123//972 4122//971 4129//974 4130//975
f 4124//973 4123//972 4130//975 4131//976
f 4125//967 4124//973 4131//976 4132//977
f 4126//968 4125//967 4132//977 4133//978
f 4127//969 4126//968 4133//978 4134//979
f 4128//970 4127//969 4134//979 4135//980
f 4122//971 4086//1 4129//974
f 4134//979 4133//978 4140//981 4141//982
f 4135//980 4134//979 4141//982 4142//983
f 4129//974 4086//1 4136//984
f 4130//975 4129//974 4136//984 4137//985
f 4131//976 4130//975 4137//985 4138//986
f 4132//977 4131//976 4138//986 4139//1026
f 4133//978 4132//977 4139//1026 4140//981
f 4137//985 4136//984 4143//1037 4144//1038
f 4138//986 4137//985 4144//1038 4145//990
f 4139//1026 4138//986 4145//990 4146//991
f 4140//981 4139//1026 4146//991 4147//992
f 4141//982 4140//981 4147//992 4148//993
f 4142//983 4141//982 4148//993 4149//994
f 4136//984 4086//1 4143//1037
f 4148//993 4147//992 4154//995 4155//996
f 4149//994 4148//993 4155//996 4156//997
f 4143//1037 4086//1 4150//998
f 4144//1038 4143//1037 4150//998 4151//999
f 4145//990 4144//1038 4151//999 4152//1000
f 4146//991 4145//990 4152//1000 4153//1039
f 4147//992 4146//991 4153//1039 4154//995
f 4152//1000 4151//999 4158//1002 4159//1003
f 4153//1039 4152//1000 4159//1003 4160//1004
f 4154//995 4153//1039 4160//1004 4161//1005
f 4155//996 4154//995 4161//1005 4162//1006
f 4156//997 4155//996 4162//1006 4163//1007
f 4150//998 4086//1 4157//1008
f 4151//999 4150//998 4157//1008 4158//1002
f 4163//1007 4162//1006 4169//1009 4170//1010
f 4157//1008 4086//1 4164//1011
f 4158//1002 4157//1008 4164//1011 4165//1012
f 4159//1003 4158//1002 4165//1012 4166//1013
f 4160//1004 4159//1003 4166//1013 4167//1040
f 4161//1005 4160//1004 4167//1040 4168//1015
f 4162//1006 4161//1005 4168//1015 4169//1009
f 4166//1013 4165//1012 3947//793 3948//792
f 4167//1040 4166//1013 3948//792 3949//796
f 4168//1015 4167//1040 3949//796 3950//798
f 4169//1009 4168//1015 3950//798 3951//800
f 4170//1010 4169//1009 3951//800 3952//802
f 4164//1011 4086//1 3946//1016
f 4165//1012 4164//1011 3946//1016 3947//793
f 4173//792 4172//793 4179//794 4180//795
f 4174//796 4173//792 4180//795 4181//1041
f 4175//798 4174//796 4181//1041 4182//799
f 4176//800 4175//798 4182//799 4183//801
f 4177//802 4176//800 4183//801 4184//803
f 4171//804 4311//1 4178//805
f 4172//793 4171//804 4178//805 4179//794
f 4179//794 4178//805 4185//806 4186//807
f 4180//795 4179//794 4186//807 4187//808
f 4181//1041 4180//795 4187//808 4188//809
f 4182//799 4181//1041 4188//809 4189//810
f 4183//801 4182//799 4189//810 4190//811
f 4184//803 4183//801 4190//811 4191//812
f 4178//805 4311//1 4185//806
f 4190//811 4189//810 4196//813 4197//814
f 4191//812 4190//811 4197//814 4198//815
f 4185//806 4311//1 4192//816
f 4186//807 4185//806 4192//816 4193//817
f 4187//808 4186//807 4193//817 4194//818
f 4188//809 4187//808 4194//818 4195//819
f 4189//810 4188//809 4195//819 4196//813
f 4193//817 4192//816 4199//820 4200//821
f 4194//818 4193//817 4200//821 4201//822
f 4195//819 4194//818 4201//822 4202//823
f 4196//813 4195//819 4202//823 4203//824
f 4197//814 4196//813 4203//824 4204//1017
f 4198//815 4197//814 4204//1017 4205//826
f 4192//816 4311//1 4199//820
f 4204//1017 4203//824 4210//827 4211//828
f 4205//826 4204//1017 4211//828 4212//829
f 4199//820 4311//1 4206//830
f 4200//821 4199//820 4206//830 4207//831
f 4201//822 4200//821 4207//831 4208//832
f 4202//823 4201//822 4208//832 4209//833
f 4203//824 4202//823 4209//833 4210//827
f 4208//832 4207//831 4214//834 4215//835
f 4209//833 4208//832 4215//835 4216//836
f 4210//827 4209//833 4216//836 4217//837
f 4211//828 4210//827 4217//837 4218//838
f 4212//829 4211//828 4218//838 4219//839
f 4206//830 4311//1 4213//1042
f 4207//831 4206//830 4213//1042 4214//834
f 4219//839 4218//838 4225//841 4226//842
f 4213//1042 4311//1 4220//843
f 4214//834 4213//1042 4220//843 4221//844
f 4215//835 4214//834 4221//844 4222//845
f 4216//836 4215//835 4222//845 4223//1043
f 4217//837 4216//836 4223//1043 4224//847
f 4218//838 4217//837 4224//847 4225//841
f 4223//1043 4222//845 4229//848 4230//849
f 4224//847 4223//1043 4230//849 4231//850
f 4225//841 4224//847 4231//850 4232//851
f 4226//842 4225//841 4232//851 4233//852
f 4220//843 4311//1 4227//853
f 4221//844 4220//843 4227//853 4228//854
f 4222//845 4221//844 4228//854 4229//848
f 4227//853 4311//1 4234//855
f 4228//854 4227//853 4234//855 4235//856
f 4229//848 4228//854 4235//856 4236//857
f 4230//849 4229//848 4236//857 4237//1044
f 4231//850 4230//849 4237//1044 4238//859
f 4232//851 4231//850 4238//859 4239//860
f 4233//852 4232//851 4239//860 4240//861
f 4237//1044 4236//857 4243//862 4244//863
f 4238//859 4237//1044 4244//863 4245//864
f 4239//860 4238//859 4245//864 4246//865
f 4240//861 4239//860 4246//865 4247//866
f 4234//855 4311//1 4241//867
f 4235//856 4234//855 4241//867 4242//868
f 4236//857 4235//856 4242//868 4243//862
f 4241//867 4311//1 4248//869
f 4242//868 4241//867 4248//869 4249//870
f 4243//862 4242//868 4249//870 4250//871
f 4244//863 4243//862 4250//871 4251//1021
f 4245//864 4244//863 4251//1021 4252//873
f 4246//865 4245//864 4252//873 4253//874
f 4247//866 4246//865 4253//874 4254//875
f 4252//873 4251//1021 4258//876 4259//877
f 4253//874 4252//873 4259//877 4260//878
f 4254//875 4253//874 4260//878 4261//1045
f 4248//869 4311//1 4255//880
f 4249//870 4248//869 4255//880 4256//881
f 4250//871 4249//870 4256//881 4257//882
f 4251//1021 4250//871 4257//882 4258//876
f 4255//880 4311//1 4262//883
f 4256//881 4255//880 4262//883 4263//884
f 4257//882 4256//881 4263//884 4264//885
f 4258//876 4257//882 4264//885 4265//886
f 4259//877 4258//876 4265//886 4266//887
f 4260//878 4259//877 4266//887 4267//888
f 4261//1045 4260//878 4267//888 4268//889
f 4266//887 4265//886 4272//890 4273//891
f 4267//888 4266//887 4273//891 4274//892
f 4268//889 4267//888 4274//892 4275//893
f 4262//883 4311//1 4269//894
f 4263//884 4262//883 4269//894 4270//895
f 4264//885 4263//884 4270//895 4271//896
f 4265//886 4264//885 4271//896 4272//890
f 4270//895 4269//894 4276//897 4277//898
f 4271//896 4270//895 4277//898 4278//899
f 4272//890 4271//896 4278//899 4279//900
f 4273//891 4272//890 4279//900 4280//901
f 4274//892 4273//891 4280//901 4281//902
f 4275//893 4274//892 4281//902 4282//903
f 4269//894 4311//1 4276//897
f 4281//902 4280//901 4287//904 4288//905
f 4282//903 4281//902 4288//905 4289//906
f 4276//897 4311//1 4283//907
f 4277//898 4276//897 4283//907 4284//908
f 4278//899 4277//898 4284//908 4285//909
f 4279//900 4278//899 4285//909 4286//910
f 4280//901 4279//900 4286//910 4287//904
f 4285//909 4284//908 4291//911 4292//912
f 4286//910 4285//909 4292//912 4293//1034
f 4287//904 4286//910 4293//1034 4294//914
f 4288//905 4287//904 4294//914 4295//915
f 4289//906 4288//905 4295//915 4296//916
f 4283//907 4311//1 4290//917
f 4284//908 4283//907 4290//917 4291//911
f 4296//916 4295//915 4302//918 4303//919
f 4290//917 4311//1 4297//920
f 4291//911 4290//917 4297//920 4298//921
f 4292//912 4291//911 4298//921 4299//922
f 4293//1034 4292//912 4299//922 4300//923
f 4294//914 4293//1034 4300//923 4301//924
f 4295//915 4294//914 4301//924 4302//918
f 4299//922 4298//921 4305//925 4306//926
f 4300//923 4299//922 4306//926 4307//927
f 4301//924 4300//923 4307//927 4308//928
f 4302//918 4301//924 4308//928 4309//929
f 4303//919 4302//918 4309//929 4310//930
f 4297//920 4311//1 4304//1046
f 4298//921 4297//920 4304//1046 4305//925
f 4310//930 4309//929 4317//932 4318//1047
f 4304//1046 4311//1 4312//934
f 4305//925 4304//1046 4312//934 4313//935
f 4306//926 4305//925 4313//935 4314//936
f 4307//927 4306//926 4314//936 4315//937
f 4308//928 4307//927 4315//937 4316//938
f 4309//929 4308//928 4316//938 4317//932
f 4315//937 4314//936 4321//939 4322//940
f 4316//938 4315//937 4322//940 4323//941
f 4317//932 4316//938 4323//941 4324//1048
f 4318//1047 4317//932 4324//1048 4325//943
f 4312//934 4311//1 4319//944
f 4313//935 4312//934 4319//944 4320//945
f 4314//936 4313//935 4320//945 4321//939
f 4319//944 4311//1 4326//946
f 4320//945 4319//944 4326//946 4327//947
f 4321//939 4320//945 4327//947 4328//948
f 4322//940 4321//939 4328//948 4329//949
f 4323//941 4322//940 4329//949 4330//950
f 4324//1048 4323//941 4330//950 4331//1049
f 4325//943 4324//1048 4331//1049 4332//952
f 4329//949 4328//948 4335//1036 4336//1050
f 4330//950 4329//949 4336//1050 4337//955
f 4331//1049 4330//950 4337//955 4338//956
f 4332//952 4331//1049 4338//956 4339//957
f 4326//946 4311//1 4333//958
f 4327//947 4326//946 4333//958 4334//959
f 4328//948 4327//947 4334//959 4335//1036
f 4333//958 4311//1 4340//960
f 4334//959 4333//958 4340//960 4341//961
f 4335//1036 4334//959 4341//961 4342//962
f 4336//1050 4335//1036 4342//962 4343//963
f 4337//955 4336//1050 4343//963 4344//964
f 4338//956 4337//955 4344//964 4345//965
f 4339//957 4338//956 4345//965 4346//966
f 4344//964 4343//963 4350//967 4351//968
f 4345//965 4344//964 4351//968 4352//1051
f 4346//966 4345//965 4352//1051 4353//970
f 4340//960 4311//1 4347//971
f 4341//961 4340//960 4347//971 4348//972
f 4342//962 4341//961 4348//972 4349//1052
f 4343//963 4342//962 4349//1052 4350//967
f 4348//972 4347//971 4354//974 4355//975
f 4349//1052 4348//972 4355//975 4356//976
f 4350//967 4349//1052 4356//976 4357//977
f 4351//968 4350//967 4357//977 4358//978
f 4352//1051 4351//968 4358//978 4359//1053
f 4353//970 4352//1051 4359//1053 4360//980
f 4347//971 4311//1 4354//974
f 4359//1053 4358//978 4365//981 4366//1054
f 4360//980 4359//1053 4366//1054 4367//983
f 4354//974 4311//1 4361//984
f 4355//975 4354//974 4361//984 4362//985
f 4356//976 4355//975 4362//985 4363//986
f 4357//977 4356//976 4363//986 4364//987
f 4358//978 4357//977 4364//987 4365//981
f 4362//985 4361//984 4368//1037 4369//989
f 4363//986 4362//985 4369//989 4370//990
f 4364//987 4363//986 4370//990 4371//991
f 4365//981 4364//987 4371//991 4372//992
f 4366//1054 4365//981 4372//992 4373//993
f 4367//983 4366//1054 4373//993 4374//1055
f 4361//984 4311//1 4368//1037
f 4373//993 4372//992 4379//995 4380//996
f 4374//1055 4373//993 4380//996 4381//997
f 4368//1037 4311//1 4375//1056
f 4369//989 4368//1037 4375//1056 4376//999
f 4370//990 4369//989 4376//999 4377//1000
f 4371//991 4370//990 4377//1000 4378//1039
f 4372//992 4371//991 4378//1039 4379//995
f 4377//1000 4376//999 4383//1002 4384//1003
f 4378//1039 4377//1000 4384//1003 4385//1004
f 4379//995 4378//1039 4385//1004 4386//1005
f 4380//996 4379//995 4386//1005 4387//1006
f 4381//997 4380//996 4387//1006 4388//1007
f 4375//1056 4311//1 4382//1008
f 4376//999 4375//1056 4382//1008 4383//1002
f 4388//1007 4387//1006 4394//1009 4395//1010
f 4382//1008 4311//1 4389//1011
f 4383//1002 4382//1008 4389//1011 4390//1012
f 4384//1003 4383//1002 4390//1012 4391//1013
f 4385//1004 4384//1003 4391//1013 4392//1014
f 4386//1005 4385//1004 4392//1014 4393//1015
f 4387//1006 4386//1005 4393//1015 4394//1009
f 4391//1013 4390//1012 4172//793 4173//792
f 4392//1014 4391//1013 4173//792 4174//796
f 4393//1015 4392//1014 4174//796 4175//798
f 4394//1009 4393//1015 4175//798 4176//800
f 4395//1010 4394//1009 4176//800 4177//802
f 4389//1011 4311//1 4171//804
f 4390//1012 4389//1011 4171//804 4172//793
f 4398//792 4397//793 4404//794 4405//1057
f 4399//796 4398//792 4405//1057 4406//1028
f 4400//798 4399//796 4406//1028 4407//799
f 4401//800 4400//798 4407//799 4408//801
f 4402//802 4401//800 4408//801 4409//803
f 4396//1016 4536//1 4403//805
f 4397//793 4396//1016 4403//805 4404//794
f 4404//794 4403//805 4410//806 4411//807
f 4405//1057 4404//794 4411//807 4412//808
f 4406//1028 4405//1057 4412//808 4413//809
f 4407//799 4406//1028 4413//809 4414//810
f 4408//801 4407//799 4414//810 4415//811
f 4409//803 4408//801 4415//811 4416//812
f 4403//805 4536//1 4410//806
f 4415//811 4414//810 4421//813 4422//814
f 4416//812 4415//811 4422//814 4423//815
f 4410//806 4536//1 4417//816
f 4411//807 4410//806 4417//816 4418//817
f 4412//808 4411//807 4418//817 4419//818
f 4413//809 4412//808 4419//818 4420//819
f 4414//810 4413//809 4420//819 4421//813
f 4418//817 4417//816 4424//820 4425//821
f 4419//818 4418//817 4425//821 4426//822
f 4420//819 4419//818 4426//822 4427//823
f 4421//813 4420//819 4427//823 4428//824
f 4422//814 4421//813 4428//824 4429//1017
f 4423//815 4422//814 4429//1017 4430//826
f 4417//816 4536//1 4424//820
f 4429//1017 4428//824 4435//827 4436//828
f 4430//826 4429//1017 4436//828 4437//829
f 4424//820 4536//1 4431//830
f 4425//821 4424//820 4431//830 4432//831
f 4426//822 4425//821 4432//831 4433//832
f 4427//823 4426//822 4433//832 4434//833
f 4428//824 4427//823 4434//833 4435//827
f 4433//832 4432//831 4439//834 4440//835
f 4434//833 4433//832 4440//835 4441//836
f 4435//827 4434//833 4441//836 4442//837
f 4436//828 4435//827 4442//837 4443//838
f 4437//829 4436//828 4443//838 4444//839
f 4431//830 4536//1 4438//1042
f 4432//831 4431//830 4438//1042 4439//834
f 4444//839 4443//838 4450//841 4451//842
f 4438//1042 4536//1 4445//843
f 4439//834 4438//1042 4445//843 4446//844
f 4440//835 4439//834 4446//844 4447//845
f 4441//836 4440//835 4447//845 4448//1043
f 4442//837 4441//836 4448//1043 4449//847
f 4443//838 4442//837 4449//847 4450//841
f 4448//1043 4447//845 4454//848 4455//849
f 4449//847 4448//1043 4455//849 4456//850
f 4450//841 4449//847 4456//850 4457//851
f 4451//842 4450//841 4457//851 4458//852
f 4445//843 4536//1 4452//853
f 4446//844 4445//843 4452//853 4453//854
f 4447//845 4446//844 4453//854 4454//848
f 4452//853 4536//1 4459//855
f 4453//854 4452//853 4459//855 4460//1058
f 4454//848 4453//854 4460//1058 4461//857
f 4455//849 4454//848 4461//857 4462//1044
f 4456//850 4455//849 4462//1044 4463//859
f 4457//851 4456//850 4463//859 4464//860
f 4458//852 4457//851 4464//860 4465//861
f 4462//1044 4461//857 4468//862 4469//863
f 4463//859 4462//1044 4469//863 4470//864
f 4464//860 4463//859 4470//864 4471//865
f 4465//861 4464//860 4471//865 4472//866
f 4459//855 4536//1 4466//867
f 4460//1058 4459//855 4466//867 4467//868
f 4461//857 4460//1058 4467//868 4468//862
f 4466//867 4536//1 4473//869
f 4467//868 4466//867 4473//869 4474//870
f 4468//862 4467//868 4474//870 4475//871
f 4469//863 4468//862 4475//871 4476//1021
f 4470//864 4469//863 4476//1021 4477//873
f 4471//865 4470//864 4477//873 4478//874
f 4472//866 4471//865 4478//874 4479//875
f 4477//873 4476//1021 4483//876 4484//877
f 4478//874 4477//873 4484//877 4485//878
f 4479//875 4478//874 4485//878 4486//1045
f 4473//869 4536//1 4480//880
f 4474//870 4473//869 4480//880 4481//881
f 4475//871 4474//870 4481//881 4482//882
f 4476//1021 4475//871 4482//882 4483//876
f 4480//880 4536//1 4487//883
f 4481//881 4480//880 4487//883 4488//884
f 4482//882 4481//881 4488//884 4489//885
f 4483//876 4482//882 4489//885 4490//886
f 4484//877 4483//876 4490//886 4491//887
f 4485//878 4484//877 4491//887 4492//888
f 4486//1045 4485//878 4492//888 4493//889
f 4491//887 4490//886 4497//890 4498//891
f 4492//888 4491//887 4498//891 4499//892
f 4493//889 4492//888 4499//892 4500//893
f 4487//883 4536//1 4494//894
f 4488//884 4487//883 4494//894 4495//895
f 4489//885 4488//884 4495//895 4496//896
f 4490//886 4489//885 4496//896 4497//890
f 4495//895 4494//894 4501//897 4502//1023
f 4496//896 4495//895 4502//1023 4503//899
f 4497//890 4496//896 4503//899 4504//900
f 4498//891 4497//890 4504//900 4505//901
f 4499//892 4498//891 4505//901 4506//902
f 4500//893 4499//892 4506//902 4507//903
f 4494//894 4536//1 4501//897
f 4506//902 4505//901 4512//904 4513//905
f 4507//903 4506//902 4513//905 4514//906
f 4501//897 4536//1 4508//907
f 4502//1023 4501//897 4508//907 4509//908
f 4503//899 4502//1023 4509//908 4510//909
f 4504//900 4503//899 4510//909 4511//910
f 4505//901 4504//900 4511//910 4512//904
f 4510//909 4509//908 4516//911 4517//912
f 4511//910 4510//909 4517//912 4518//1059
f 4512//904 4511//910 4518//1059 4519//914
f 4513//905 4512//904 4519//914 4520//915
f 4514//906 4513//905 4520//915 4521//916
f 4508//907 4536//1 4515//917
f 4509//908 4508//907 4515//917 4516//911
f 4521//916 4520//915 4527//918 4528//919
f 4515//917 4536//1 4522//920
f 4516//911 4515//917 4522//920 4523//921
f 4517//912 4516//911 4523//921 4524//922
f 4518//1059 4517//912 4524//922 4525//923
f 4519//914 4518//1059 4525//923 4526//924
f 4520//915 4519//914 4526//924 4527//918
f 4524//922 4523//921 4530//925 4531//926
f 4525//923 4524//922 4531//926 4532//927
f 4526//924 4525//923 4532//927 4533//928
f 4527//918 4526//924 4533//928 4534//1035
f 4528//919 4527//918 4534//1035 4535//930
f 4522//920 4536//1 4529//931
f 4523//921 4522//920 4529//931 4530//925
f 4535//930 4534//1035 4542//932 4543//1047
f 4529//931 4536//1 4537//934
f 4530//925 4529//931 4537//934 4538//935
f 4531//926 4530//925 4538//935 4539//936
f 4532//927 4531//926 4539//936 4540//937
f 4533//928 4532//927 4540//937 4541//938
f 4534//1035 4533//928 4541//938 4542//932
f 4540//937 4539//936 4546//939 4547//940
f 4541//938 4540//937 4547//940 4548//941
f 4542//932 4541//938 4548//941 4549//942
f 4543//1047 4542//932 4549//942 4550//943
f 4537//934 4536//1 4544//944
f 4538//935 4537//934 4544//944 4545//945
f 4539//936 4538//935 4545//945 4546//939
f 4544//944 4536//1 4551//946
f 4545//945 4544//944 4551//946 4552//947
f 4546//939 4545//945 4552//947 4553//948
f 4547//940 4546//939 4553//948 4554//949
f 4548//941 4547//940 4554//949 4555//950
f 4549//942 4548//941 4555//950 4556//1049
f 4550//943 4549//942 4556//1049 4557//952
f 4554//949 4553//948 4560//1036 4561//1050
f 4555//950 4554//949 4561//1050 4562//955
f 4556//1049 4555//950 4562//955 4563//1060
f 4557//952 4556//1049 4563//1060 4564//957
f 4551//946 4536//1 4558//958
f 4552//947 4551//946 4558//958 4559//959
f 4553//948 4552//947 4559//959 4560//1036
f 4558//958 4536//1 4565//960
f 4559//959 4558//958 4565//960 4566//961
f 4560//1036 4559//959 4566//961 4567//962
f 4561//1050 4560//1036 4567//962 4568//963
f 4562//955 4561//1050 4568//963 4569//964
f 4563//1060 4562//955 4569//964 4570//965
f 4564//957 4563//1060 4570//965 4571//966
f 4569//964 4568//963 4575//967 4576//968
f 4570//965 4569//964 4576//968 4577//1051
f 4571//966 4570//965 4577//1051 4578//970
f 4565//960 4536//1 4572//971
f 4566//961 4565//960 4572//971 4573//972
f 4567//962 4566//961 4573//972 4574//973
f 4568//963 4567//962 4574//973 4575//967
f 4573//972 4572//971 4579//1025 4580//975
f 4574//973 4573//972 4580//975 4581//976
f 4575//967 4574//973 4581//976 4582//977
f 4576//968 4575//967 4582//977 4583//978
f 4577//1051 4576//968 4583//978 4584//1053
f 4578//970 4577//1051 4584//1053 4585//980
f 4572//971 4536//1 4579//1025
f 4584//1053 4583//978 4590//981 4591//982
f 4585//980 4584//1053 4591//982 4592//983
f 4579//1025 4536//1 4586//984
f 4580//975 4579//1025 4586//984 4587//985
f 4581//976 4580//975 4587//985 4588//986
f 4582//977 4581//976 4588//986 4589//987
f 4583//978 4582//977 4589//987 4590//981
f 4587//985 4586//984 4593//988 4594//989
f 4588//986 4587//985 4594//989 4595//990
f 4589//987 4588//986 4595//990 4596//991
f 4590//981 4589//987 4596//991 4597//992
f 4591//982 4590//981 4597//992 4598//993
f 4592//983 4591//982 4598//993 4599//1055
f 4586//984 4536//1 4593//988
f 4598//993 4597//992 4604//995 4605//1061
f 4599//1055 4598//993 4605//1061 4606//997
f 4593//988 4536//1 4600//1056
f 4594//989 4593//988 4600//1056 4601//999
f 4595//990 4594//989 4601//999 4602//1000
f 4596//991 4595//990 4602//1000 4603//1039
f 4597//992 4596//991 4603//1039 4604//995
f 4602//1000 4601//999 4608//1002 4609//1062
f 4603//1039 4602//1000 4609//1062 4610//1004
f 4604//995 4603//1039 4610//1004 4611//1005
f 4605//1061 4604//995 4611//1005 4612//1006
f 4606//997 4605//1061 4612//1006 4613//1007
f 4600//1056 4536//1 4607//1008
f 4601//999 4600//1056 4607//1008 4608//1002
f 4613//1007 4612//1006 4619//1009 4620//1010
f 4607//1008 4536//1 4614//1027
f 4608//1002 4607//1008 4614//1027 4615//1012
f 4609//1062 4608//1002 4615//1012 4616//1013
f 4610//1004 4609//1062 4616//1013 4617//1014
f 4611//1005 4610//1004 4617//1014 4618//1015
f 4612//1006 4611//1005 4618//1015 4619//1009
f 4616//1013 4615//1012 4397//793 4398//792
f 4617//1014 4616//1013 4398//792 4399//796
f 4618//1015 4617//1014 4399//796 4400//798
f 4619//1009 4618//1015 4400//798 4401//800
f 4620//1010 4619//1009 4401//800 4402//802
f 4614//1027 4536//1 4396//1016
f 4615//1012 4614//1027 4396//1016 4397//793
f 4623//792 4622//793 4629//794 4630//1057
f 4624//796 4623//792 4630//1057 4631//1028
f 4625//798 4624//796 4631//1028 4632//799
f 4626//800 4625//798 4632//799 4633//801
f 4627//802 4626//800 4633//801 4634//803
f 4621//1016 4761//1 4628//805
f 4622//793 4621//1016 4628//805 4629//794
f 4629//794 4628//805 4635//1029 4636//807
f 4630//1057 4629//794 4636//807 4637//808
f 4631//1028 4630//1057 4637//808 4638//809
f 4632//799 4631//1028 4638//809 4639//810
f 4633//801 4632//799 4639//810 4640//811
f 4634//803 4633//801 4640//811 4641//812
f 4628//805 4761//1 4635//1029
f 4640//811 4639//810 4646//813 4647//814
f 4641//812 4640//811 4647//814 4648//815
f 4635//1029 4761//1 4642//816
f 4636//807 4635//1029 4642//816 4643//817
f 4637//808 4636//807 4643//817 4644//818
f 4638//809 4637//808 4644//818 4645//819
f 4639//810 4638//809 4645//819 4646//813
f 4643//817 4642//816 4649//820 4650//821
f 4644//818 4643//817 4650//821 4651//822
f 4645//819 4644//818 4651//822 4652//823
f 4646//813 4645//819 4652//823 4653//824
f 4647//814 4646//813 4653//824 4654//1017
f 4648//815 4647//814 4654//1017 4655//1063
f 4642//816 4761//1 4649//820
f 4654//1017 4653//824 4660//827 4661//828
f 4655//1063 4654//1017 4661//828 4662//829
f 4649//820 4761//1 4656//830
f 4650//821 4649//820 4656//830 4657//831
f 4651//822 4650//821 4657//831 4658//832
f 4652//823 4651//822 4658//832 4659//833
f 4653//824 4652//823 4659//833 4660//827
f 4658//832 4657//831 4664//834 4665//835
f 4659//833 4658//832 4665//835 4666//836
f 4660//827 4659//833 4666//836 4667//837
f 4661//828 4660//827 4667//837 4668//838
f 4662//829 4661//828 4668//838 4669//839
f 4656//830 4761//1 4663//1042
f 4657//831 4656//830 4663//1042 4664//834
f 4669//839 4668//838 4675//841 4676//842
f 4663//1042 4761//1 4670//843
f 4664//834 4663//1042 4670//843 4671//1064
f 4665//835 4664//834 4671//1064 4672//845
f 4666//836 4665//835 4672//845 4673//1043
f 4667//837 4666//836 4673//1043 4674//847
f 4668//838 4667//837 4674//847 4675//841
f 4673//1043 4672//845 4679//848 4680//849
f 4674//847 4673//1043 4680//849 4681//850
f 4675//841 4674//847 4681//850 4682//851
f 4676//842 4675//841 4682//851 4683//852
f 4670//843 4761//1 4677//853
f 4671//1064 4670//843 4677//853 4678//854
f 4672//845 4671//1064 4678//854 4679//848
f 4677//853 4761//1 4684//855
f 4678//854 4677//853 4684//855 4685//1058
f 4679//848 4678//854 4685//1058 4686//857
f 4680//849 4679//848 4686//857 4687//1044
f 4681//850 4680//849 4687//1044 4688//859
f 4682//851 4681//850 4688//859 4689//860
f 4683//852 4682//851 4689//860 4690//861
f 4687//1044 4686//857 4693//862 4694//1065
f 4688//859 4687//1044 4694//1065 4695//864
f 4689//860 4688//859 4695//864 4696//865
f 4690//861 4689//860 4696//865 4697//866
f 4684//855 4761//1 4691//867
f 4685//1058 4684//855 4691//867 4692//868
f 4686//857 4685//1058 4692//868 4693//862
f 4691//867 4761//1 4698//869
f 4692//868 4691//867 4698//869 4699//870
f 4693//862 4692//868 4699//870 4700//871
f 4694//1065 4693//862 4700//871 4701//1021
f 4695//864 4694//1065 4701//1021 4702//873
f 4696//865 4695//864 4702//873 4703//874
f 4697//866 4696//865 4703//874 4704//875
f 4702//873 4701//1021 4708//876 4709//877
f 4703//874 4702//873 4709//877 4710//878
f 4704//875 4703//874 4710//878 4711//1045
f 4698//869 4761//1 4705//880
f 4699//870 4698//869 4705//880 4706//881
f 4700//871 4699//870 4706//881 4707//882
f 4701//1021 4700//871 4707//882 4708//876
f 4705//880 4761//1 4712//883
f 4706//881 4705//880 4712//883 4713//884
f 4707//882 4706//881 4713//884 4714//885
f 4708//876 4707//882 4714//885 4715//886
f 4709//877 4708//876 4715//886 4716//887
f 4710//878 4709//877 4716//887 4717//888
f 4711//1045 4710//878 4717//888 4718//889
f 4716//887 4715//886 4722//890 4723//891
f 4717//888 4716//887 4723//891 4724//892
f 4718//889 4717//888 4724//892 4725//893
f 4712//883 4761//1 4719//894
f 4713//884 4712//883 4719//894 4720//895
f 4714//885 4713//884 4720//895 4721//896
f 4715//886 4714//885 4721//896 4722//890
f 4720//895 4719//894 4726//897 4727//898
f 4721//896 4720//895 4727//898 4728//899
f 4722//890 4721//896 4728//899 4729//1033
f 4723//891 4722//890 4729//1033 4730//901
f 4724//892 4723//891 4730//901 4731//902
f 4725//893 4724//892 4731//902 4732//903
f 4719//894 4761//1 4726//897
f 4731//902 4730//901 4737//904 4738//905
f 4732//903 4731//902 4738//905 4739//906
f 4726//897 4761//1 4733//907
f 4727//898 4726//897 4733//907 4734//908
f 4728//899 4727//898 4734//908 4735//909
f 4729//1033 4728//899 4735//909 4736//910
f 4730//901 4729//1033 4736//910 4737//904
f 4735//909 4734//908 4741//911 4742//912
f 4736//910 4735//909 4742//912 4743//1034
f 4737//904 4736//910 4743//1034 4744//914
f 4738//905 4737//904 4744//914 4745//915
f 4739//906 4738//905 4745//915 4746//916
f 4733//907 4761//1 4740//917
f 4734//908 4733//907 4740//917 4741//911
f 4746//916 4745//915 4752//918 4753//919
f 4740//917 4761//1 4747//920
f 4741//911 4740//917 4747//920 4748//921
f 4742//912 4741//911 4748//921 4749//922
f 4743//1034 4742//912 4749//922 4750//923
f 4744//914 4743//1034 4750//923 4751//924
f 4745//915 4744//914 4751//924 4752//918
f 4749//922 4748//921 4755//925 4756//926
f 4750//923 4749//922 4756//926 4757//927
f 4751//924 4750//923 4757//927 4758//928
f 4752//918 4751//924 4758//928 4759//1035
f 4753//919 4752//918 4759//1035 4760//930
f 4747//920 4761//1 4754//1046
f 4748//921 4747//920 4754//1046 4755//925
f 4760//930 4759//1035 4767//932 4768//1047
f 4754//1046 4761//1 4762//934
f 4755//925 4754//1046 4762//934 4763//935
f 4756//926 4755//925 4763//935 4764//936
f 4757//927 4756//926 4764//936 4765//937
f 4758//928 4757//927 4765//937 4766//938
f 4759//1035 4758//928 4766//938 4767//932
f 4765//937 4764//936 4771//939 4772//940
f 4766//938 4765//937 4772//940 4773//941
f 4767//932 4766//938 4773//941 4774//942
f 4768//1047 4767//932 4774//942 4775//943
f 4762//934 4761//1 4769//944
f 4763//935 4762//934 4769//944 4770//945
f 4764//936 4763//935 4770//945 4771//939
f 4769//944 4761//1 4776//946
f 4770//945 4769//944 4776//946 4777//947
f 4771//939 4770//945 4777//947 4778//948
f 4772//940 4771//939 4778//948 4779//949
f 4773//941 4772//940 4779//949 4780//950
f 4774//942 4773//941 4780//950 4781//1049
f 4775//943 4774//942 4781//1049 4782//952
f 4779//949 4778//948 4785//953 4786//1050
f 4780//950 4779//949 4786//1050 4787//955
f 4781//1049 4780//950 4787//955 4788//1060
f 4782//952 4781//1049 4788//1060 4789//957
f 4776//946 4761//1 4783//958
f 4777//947 4776//946 4783//958 4784//959
f 4778//948 4777//947 4784//959 4785//953
f 4783//958 4761//1 4790//960
f 4784//959 4783//958 4790//960 4791//961
f 4785//953 4784//959 4791//961 4792//962
f 4786//1050 4785//953 4792//962 4793//963
f 4787//955 4786//1050 4793//963 4794//964
f 4788//1060 4787//955 4794//964 4795//965
f 4789//957 4788//1060 4795//965 4796//966
f 4794//964 4793//963 4800//967 4801//968
f 4795//965 4794//964 4801//968 4802//969
f 4796//966 4795//965 4802//969 4803//970
f 4790//960 4761//1 4797//971
f 4791//961 4790//960 4797//971 4798//972
f 4792//962 4791//961 4798//972 4799//973
f 4793//963 4792//962 4799//973 4800//967
f 4798//972 4797//971 4804//974 4805//975
f 4799//973 4798//972 4805//975 4806//976
f 4800//967 4799//973 4806//976 4807//977
f 4801//968 4800//967 4807//977 4808//978
f 4802//969 4801//968 4808//978 4809//1053
f 4803//970 4802//969 4809//1053 4810//980
f 4797//971 4761//1 4804//974
f 4809//1053 4808//978 4815//981 4816//982
f 4810//980 4809//1053 4816//982 4817//983
f 4804//974 4761//1 4811//984
f 4805//975 4804//974 4811//984 4812//985
f 4806//976 4805//975 4812//985 4813//986
f 4807//977 4806//976 4813//986 4814//987
f 4808//978 4807//977 4814//987 4815//981
f 4812//985 4811//984 4818//1037 4819//1038
f 4813//986 4812//985 4819//1038 4820//990
f 4814//987 4813//986 4820//990 4821//991
f 4815//981 4814//987 4821//991 4822//992
f 4816//982 4815//981 4822//992 4823//993
f 4817//983 4816//982 4823//993 4824//1055
f 4811//984 4761//1 4818//1037
f 4823//993 4822//992 4829//995 4830//996
f 4824//1055 4823//993 4830//996 4831//997
f 4818//1037 4761//1 4825//998
f 4819//1038 4818//1037 4825//998 4826//999
f 4820//990 4819//1038 4826//999 4827//1000
f 4821//991 4820//990 4827//1000 4828//1039
f 4822//992 4821//991 4828//1039 4829//995
f 4827//1000 4826//999 4833//1002 4834//1003
f 4828//1039 4827//1000 4834//1003 4835//1004
f 4829//995 4828//1039 4835//1004 4836//1005
f 4830//996 4829//995 4836//1005 4837//1006
f 4831//997 4830//996 4837//1006 4838//1007
f 4825//998 4761//1 4832//1008
f 4826//999 4825//998 4832//1008 4833//1002
f 4838//1007 4837//1006 4844//1009 4845//1010
f 4832//1008 4761//1 4839//1011
f 4833//1002 4832//1008 4839//1011 4840//1012
f 4834//1003 4833//1002 4840//1012 4841//1013
f 4835//1004 4834//1003 4841//1013 4842//1040
f 4836//1005 4835//1004 4842//1040 4843//1015
f 4837//1006 4836//1005 4843//1015 4844//1009
f 4841//1013 4840//1012 4622//793 4623//792
f 4842//1040 4841//1013 4623//792 4624//796
f 4843//1015 4842//1040 4624//796 4625//798
f 4844//1009 4843//1015 4625//798 4626//800
f 4845//1010 4844//1009 4626//800 4627//802
f 4839//1011 4761//1 4621//1016
f 4840//1012 4839//1011 4621//1016 4622//793
f 4848//537 4847//538 4854//539 4855//540
f 4849//541 4848//537 4855//540 4856//1066
f 4850//543 4849//541 4856//1066 4857//544
f 4851//545 4850//543 4857//544 4858//546
f 4852//547 4851//545 4858//546 4859//548
f 4846//761 4986//3 4853//550
f 4847//538 4846//761 4853//550 4854//539
f 4854//539 4853//550 4860//763 4861//552
f 4855//540 4854//539 4861//552 4862//553
f 4856//1066 4855//540 4862//553 4863//554
f 4857//544 4856//1066 4863//554 4864//555
f 4858//546 4857//544 4864//555 4865//556
f 4859//548 4858//546 4865//556 4866//557
f 4853//550 4986//3 4860//763
f 4865//556 4864//555 4871//558 4872//559
f 4866//557 4865//556 4872//559 4873//560
f 4860//763 4986//3 4867//561
f 4861//552 4860//763 4867//561 4868//562
f 4862//553 4861//552 4868//562 4869//563
f 4863//554 4862//553 4869//563 4870//1067
f 4864//555 4863//554 4870//1067 4871//558
f 4868//562 4867//561 4874//765 4875//1068
f 4869//563 4868//562 4875//1068 4876//567
f 4870//1067 4869//563 4876//567 4877//568
f 4871//558 4870//1067 4877//568 4878//569
f 4872//559 4871//558 4878//569 4879//570
f 4873//560 4872//559 4879//570 4880//571
f 4867//561 4986//3 4874//765
f 4879//570 4878//569 4885//572 4886//573
f 4880//571 4879//570 4886//573 4887//574
f 4874//765 4986//3 4881//766
f 4875//1068 4874//765 4881//766 4882//576
f 4876//567 4875//1068 4882//576 4883//577
f 4877//568 4876//567 4883//577 4884//767
f 4878//569 4877//568 4884//767 4885//572
f 4883//577 4882//576 4889//579 4890//580
f 4884//767 4883//577 4890//580 4891//581
f 4885//572 4884//767 4891//581 4892//582
f 4886//573 4885//572 4892//582 4893//583
f 4887//574 4886//573 4893//583 4894//584
f 4881//766 4986//3 4888//585
f 4882//576 4881//766 4888//585 4889//579
f 4894//584 4893//583 4900//586 4901//587
f 4888//585 4986//3 4895//588
f 4889//579 4888//585 4895//588 4896//589
f 4890//580 4889//579 4896//589 4897//1069
f 4891//581 4890//580 4897//1069 4898//591
f 4892//582 4891//581 4898//591 4899//592
f 4893//583 4892//582 4899//592 4900//586
f 4898//591 4897//1069 4904//593 4905//594
f 4899//592 4898//591 4905//594 4906//595
f 4900//586 4899//592 4906//595 4907//596
f 4901//587 4900//586 4907//596 4908//597
f 4895//588 4986//3 4902//598
f 4896//589 4895//588 4902//598 4903//599
f 4897//1069 4896//589 4903//599 4904//593
f 4902//598 4986//3 4909//600
f 4903//599 4902//598 4909//600 4910//601
f 4904//593 4903//599 4910//601 4911//1070
f 4905//594 4904//593 4911//1070 4912//603
f 4906//595 4905//594 4912//603 4913//604
f 4907//596 4906//595 4913//604 4914//605
f 4908//597 4907//596 4914//605 4915//606
f 4912//603 4911//1070 4918//607 4919//608
f 4913//604 4912//603 4919//608 4920//609
f 4914//605 4913//604 4920//609 4921//1071
f 4915//606 4914//605 4921//1071 4922//611
f 4909//600 4986//3 4916//612
f 4910//601 4909//600 4916//612 4917//613
f 4911//1070 4910//601 4917//613 4918//607
f 4916//612 4986//3 4923//614
f 4917//613 4916//612 4923//614 4924//615
f 4918//607 4917//613 4924//615 4925//616
f 4919//608 4918//607 4925//616 4926//617
f 4920//609 4919//608 4926//617 4927//618
f 4921//1071 4920//609 4927//618 4928//1072
f 4922//611 4921//1071 4928//1072 4929//620
f 4927//618 4926//617 4933//621 4934//622
f 4928//1072 4927//618 4934//622 4935//623
f 4929//620 4928//1072 4935//623 4936//1073
f 4923//614 4986//3 4930//1074
f 4924//615 4923//614 4930//1074 4931//626
f 4925//616 4924//615 4931//626 4932//627
f 4926//617 4925//616 4932//627 4933//621
f 4930//1074 4986//3 4937//628
f 4931//626 4930//1074 4937//628 4938//629
f 4932//627 4931//626 4938//629 4939//630
f 4933//621 4932//627 4939//630 4940//769
f 4934//622 4933//621 4940//769 4941//632
f 4935//623 4934//622 4941//632 4942//786
f 4936//1073 4935//623 4942//786 4943//634
f 4941//632 4940//769 4947//635 4948//636
f 4942//786 4941//632 4948//636 4949//637
f 4943//634 4942//786 4949//637 4950//638
f 4937//628 4986//3 4944//639
f 4938//629 4937//628 4944//639 4945//640
f 4939//630 4938//629 4945//640 4946//641
f 4940//769 4939//630 4946//641 4947//635
f 4945//640 4944//639 4951//642 4952//643
f 4946//641 4945//640 4952//643 4953//1075
f 4947//635 4946//641 4953//1075 4954//645
f 4948//636 4947//635 4954//645 4955//646
f 4949//637 4948//636 4955//646 4956//647
f 4950//638 4949//637 4956//647 4957//648
f 4944//639 4986//3 4951//642
f 4956//647 4955//646 4962//649 4963//650
f 4957//648 4956//647 4963//650 4964//651
f 4951//642 4986//3 4958//652
f 4952//643 4951//642 4958//652 4959//653
f 4953//1075 4952//643 4959//653 4960//654
f 4954//645 4953//1075 4960//654 4961//655
f 4955//646 4954//645 4961//655 4962//649
f 4960//654 4959//653 4966//656 4967//1076
f 4961//655 4960//654 4967//1076 4968//788
f 4962//649 4961//655 4968//788 4969//659
f 4963//650 4962//649 4969//659 4970//660
f 4964//651 4963//650 4970//660 4971//661
f 4958//652 4986//3 4965//774
f 4959//653 4958//652 4965//774 4966//656
f 4971//661 4970//660 4977//663 4978//664
f 4965//774 4986//3 4972//665
f 4966//656 4965//774 4972//665 4973//666
f 4967//1076 4966//656 4973//666 4974//667
f 4968//788 4967//1076 4974//667 4975//668
f 4969//659 4968//788 4975//668 4976//669
f 4970//660 4969//659 4976//669 4977//663
f 4974//667 4973//666 4980//670 4981//671
f 4975//668 4974//667 4981//671 4982//776
f 4976//669 4975//668 4982//776 4983//673
f 4977//663 4976//669 4983//673 4984//674
f 4978//664 4977//663 4984//674 4985//675
f 4972//665 4986//3 4979//676
f 4973//666 4972//665 4979//676 4980//670
f 4985//675 4984//674 4992//677 4993//678
f 4979//676 4986//3 4987//679
f 4980//670 4979//676 4987//679 4988//1077
f 4981//671 4980//670 4988//1077 4989//681
f 4982//776 4981//671 4989//681 4990//682
f 4983//673 4982//776 4990//682 4991//683
f 4984//674 4983//673 4991//683 4992//677
f 4990//682 4989//681 4996//684 4997//1078
f 4991//683 4990//682 4997//1078 4998//686
f 4992//677 4991//683 4998//686 4999//687
f 4993//678 4992//677 4999//687 5000//688
f 4987//679 4986//3 4994//689
f 4988//1077 4987//679 4994//689 4995//690
f 4989//681 4988//1077 4995//690 4996//684
f 4994//689 4986//3 5001//691
f 4995//690 4994//689 5001//691 5002//692
f 4996//684 4995//690 5002//692 5003//693
f 4997//1078 4996//684 5003//693 5004//694
f 4998//686 4997//1078 5004//694 5005//695
f 4999//687 4998//686 5005//695 5006//696
f 5000//688 4999//687 5006//696 5007//697
f 5004//694 5003//693 5010//698 5011//1079
f 5005//695 5004//694 5011//1079 5012//700
f 5006//696 5005//695 5012//700 5013//701
f 5007//697 5006//696 5013//701 5014//702
f 5001//691 4986//3 5008//703
f 5002//692 5001//691 5008//703 5009//704
f 5003//693 5002//692 5009//704 5010//698
f 5008//703 4986//3 5015//705
f 5009//704 5008//703 5015//705 5016//706
f 5010//698 5009//704 5016//706 5017//707
f 5011//1079 5010//698 5017//707 5018//708
f 5012//700 5011//1079 5018//708 5019//709
f 5013//701 5012//700 5019//709 5020//710
f 5014//702 5013//701 5020//710 5021//711
f 5019//709 5018//708 5025//1080 5026//713
f 5020//710 5019//709 5026//713 5027//714
f 5021//711 5020//710 5027//714 5028//715
f 5015//705 4986//3 5022//716
f 5016//706 5015//705 5022//716 5023//717
f 5017//707 5016//706 5023//717 5024//718
f 5018//708 5017//707 5024//718 5025//1080
f 5023//717 5022//716 5029//1081 5030//720
f 5024//718 5023//717 5030//720 5031//721
f 5025//1080 5024//718 5031//721 5032//722
f 5026//713 5025//1080 5032//722 5033//723
f 5027//714 5026//713 5033//723 5034//724
f 5028//715 5027//714 5034//724 5035//725
f 5022//716 4986//3 5029//1081
f 5034//724 5033//723 5040//726 5041//727
f 5035//725 5034//724 5041//727 5042//728
f 5029//1081 4986//3 5036//729
f 5030//720 5029//1081 5036//729 5037//730
f 5031//721 5030//720 5037//730 5038//731
f 5032//722 5031//721 5038//731 5039//1082
f 5033//723 5032//722 5039//1082 5040//726
f 5037//730 5036//729 5043//733 5044//1083
f 5038//731 5037//730 5044//1083 5045//735
f 5039//1082 5038//731 5045//735 5046//736
f 5040//726 5039//1082 5046//736 5047//737
f 5041//727 5040//726 5047//737 5048//738
f 5042//728 5041//727 5048//738 5049//1084
f 5036//729 4986//3 5043//733
f 5048//738 5047//737 5054//740 5055//741
f 5049//1084 5048//738 5055//741 5056//742
f 5043//733 4986//3 5050//780
f 5044//1083 5043//733 5050//780 5051//744
f 5045//735 5044//1083 5051//744 5052//745
f 5046//736 5045//735 5052//745 5053//1085
f 5047//737 5046//736 5053//1085 5054//740
f 5052//745 5051//744 5058//747 5059//748
f 5053//1085 5052//745 5059//748 5060//749
f 5054//740 5053//1085 5060//749 5061//750
f 5055//741 5054//740 5061//750 5062//751
f 5056//742 5055//741 5062//751 5063//752
f 5050//780 4986//3 5057//1086
f 5051//744 5050//780 5057//1086 5058//747
f 5063//752 5062//751 5069//754 5070//755
f 5057//1086 4986//3 5064//756
f 5058//747 5057//1086 5064//756 5065//757
f 5059//748 5058//747 5065//757 5066//758
f 5060//749 5059//748 5066//758 5067//759
f 5061//750 5060//749 5067//759 5068//760
f 5062//751 5061//750 5068//760 5069//754
f 5066//758 5065//757 4847//538 4848//537
f 5067//759 5066//758 4848//537 4849//541
f 5068//760 5067//759 4849//541 4850//543
f 5069//754 5068//760 4850//543 4851//545
f 5070//755 5069//754 4851//545 4852//547
f 5064//756 4986//3 4846//761
f 5065//757 5064//756 4846//761 4847//538
f 5073//537 5072//538 5079//539 5080//1087
f 5074//541 5073//537 5080//1087 5081//1066
f 5075//543 5074//541 5081//1066 5082//544
f 5076//545 5075//543 5082//544 5083//546
f 5077//547 5076//545 5083//546 5084//548
f 5071//761 5211//3 5078//762
f 5072//538 5071//761 5078//762 5079//539
f 5079//539 5078//762 5085//763 5086//552
f 5080//1087 5079//539 5086//552 5087//553
f 5081//1066 5080//1087 5087//553 5088//554
f 5082//544 5081//1066 5088//554 5089//555
f 5083//546 5082//544 5089//555 5090//556
f 5084//548 5083//546 5090//556 5091//557
f 5078//762 5211//3 5085//763
f 5090//556 5089//555 5096//558 5097//1088
f 5091//557 5090//556 5097//1088 5098//560
f 5085//763 5211//3 5092//764
f 5086//552 5085//763 5092//764 5093//562
f 5087//553 5086//552 5093//562 5094//563
f 5088//554 5087//553 5094//563 5095//564
f 5089//555 5088//554 5095//564 5096//558
f 5093//562 5092//764 5099//765 5100//566
f 5094//563 5093//562 5100//566 5101//567
f 5095//564 5094//563 5101//567 5102//568
f 5096//558 5095//564 5102//568 5103//569
f 5097//1088 5096//558 5103//569 5104//570
f 5098//560 5097//1088 5104//570 5105//1089
f 5092//764 5211//3 5099//765
f 5104//570 5103//569 5110//572 5111//573
f 5105//1089 5104//570 5111//573 5112//574
f 5099//765 5211//3 5106//766
f 5100//566 5099//765 5106//766 5107//576
f 5101//567 5100//566 5107//576 5108//577
f 5102//568 5101//567 5108//577 5109//767
f 5103//569 5102//568 5109//767 5110//572
f 5108//577 5107//576 5114//579 5115//580
f 5109//767 5108//577 5115//580 5116//581
f 5110//572 5109//767 5116//581 5117//582
f 5111//573 5110//572 5117//582 5118//1090
f 5112//574 5111//573 5118//1090 5119//584
f 5106//766 5211//3 5113//585
f 5107//576 5106//766 5113//585 5114//579
f 5119//584 5118//1090 5125//586 5126//587
f 5113//585 5211//3 5120//588
f 5114//579 5113//585 5120//588 5121//589
f 5115//580 5114//579 5121//589 5122//1069
f 5116//581 5115//580 5122//1069 5123//591
f 5117//582 5116//581 5123//591 5124//592
f 5118//1090 5117//582 5124//592 5125//586
f 5123//591 5122//1069 5129//593 5130//594
f 5124//592 5123//591 5130//594 5131//595
f 5125//586 5124//592 5131//595 5132//596
f 5126//587 5125//586 5132//596 5133//597
f 5120//588 5211//3 5127//598
f 5121//589 5120//588 5127//598 5128//599
f 5122//1069 5121//589 5128//599 5129//593
f 5127//598 5211//3 5134//600
f 5128//599 5127//598 5134//600 5135//601
f 5129//593 5128//599 5135//601 5136//1070
f 5130//594 5129//593 5136//1070 5137//603
f 5131//595 5130//594 5137//603 5138//604
f 5132//596 5131//595 5138//604 5139//605
f 5133//597 5132//596 5139//605 5140//606
f 5137//603 5136//1070 5143//607 5144//608
f 5138//604 5137//603 5144//608 5145//609
f 5139//605 5138//604 5145//609 5146//1071
f 5140//606 5139//605 5146//1071 5147//611
f 5134//600 5211//3 5141//612
f 5135//601 5134//600 5141//612 5142//613
f 5136//1070 5135//601 5142//613 5143//607
f 5141//612 5211//3 5148//614
f 5142//613 5141//612 5148//614 5149//615
f 5143//607 5142//613 5149//615 5150//616
f 5144//608 5143//607 5150//616 5151//617
f 5145//609 5144//608 5151//617 5152//618
f 5146//1071 5145//609 5152//618 5153//619
f 5147//611 5146//1071 5153//619 5154//620
f 5152//618 5151//617 5158//621 5159//622
f 5153//619 5152//618 5159//622 5160//623
f 5154//620 5153//619 5160//623 5161//1073
f 5148//614 5211//3 5155//1074
f 5149//615 5148//614 5155//1074 5156//626
f 5150//616 5149//615 5156//626 5157//627
f 5151//617 5150//616 5157//627 5158//621
f 5155//1074 5211//3 5162//628
f 5156//626 5155//1074 5162//628 5163//629
f 5157//627 5156//626 5163//629 5164//630
f 5158//621 5157//627 5164//630 5165//769
f 5159//622 5158//621 5165//769 5166//632
f 5160//623 5159//622 5166//632 5167//786
f 5161//1073 5160//623 5167//786 5168//634
f 5166//632 5165//769 5172//635 5173//636
f 5167//786 5166//632 5173//636 5174//637
f 5168//634 5167//786 5174//637 5175//638
f 5162//628 5211//3 5169//1091
f 5163//629 5162//628 5169//1091 5170//640
f 5164//630 5163//629 5170//640 5171//641
f 5165//769 5164//630 5171//641 5172//635
f 5170//640 5169//1091 5176//642 5177//643
f 5171//641 5170//640 5177//643 5178//1075
f 5172//635 5171//641 5178//1075 5179//787
f 5173//636 5172//635 5179//787 5180//646
f 5174//637 5173//636 5180//646 5181//647
f 5175//638 5174//637 5181//647 5182//648
f 5169//1091 5211//3 5176//642
f 5181//647 5180//646 5187//649 5188//650
f 5182//648 5181//647 5188//650 5189//651
f 5176//642 5211//3 5183//652
f 5177//643 5176//642 5183//652 5184//653
f 5178//1075 5177//643 5184//653 5185//654
f 5179//787 5178//1075 5185//654 5186//655
f 5180//646 5179//787 5186//655 5187//649
f 5185//654 5184//653 5191//656 5192//1076
f 5186//655 5185//654 5192//1076 5193//773
f 5187//649 5186//655 5193//773 5194//659
f 5188//650 5187//649 5194//659 5195//660
f 5189//651 5188//650 5195//660 5196//661
f 5183//652 5211//3 5190//662
f 5184//653 5183//652 5190//662 5191//656
f 5196//661 5195//660 5202//663 5203//664
f 5190//662 5211//3 5197//775
f 5191//656 5190//662 5197//775 5198//666
f 5192//1076 5191//656 5198//666 5199//667
f 5193//773 5192//1076 5199//667 5200//668
f 5194//659 5193//773 5200//668 5201//669
f 5195//660 5194//659 5201//669 5202//663
f 5199//667 5198//666 5205//670 5206//671
f 5200//668 5199//667 5206//671 5207//776
f 5201//669 5200//668 5207//776 5208//673
f 5202//663 5201//669 5208//673 5209//674
f 5203//664 5202//663 5209//674 5210//675
f 5197//775 5211//3 5204//777
f 5198//666 5197//775 5204//777 5205//670
f 5210//675 5209//674 5217//677 5218//678
f 5204//777 5211//3 5212//679
f 5205//670 5204//777 5212//679 5213//1077
f 5206//671 5205//670 5213//1077 5214//681
f 5207//776 5206//671 5214//681 5215//682
f 5208//673 5207//776 5215//682 5216//683
f 5209//674 5208//673 5216//683 5217//677
f 5215//682 5214//681 5221//684 5222//1078
f 5216//683 5215//682 5222//1078 5223//686
f 5217//677 5216//683 5223//686 5224//1092
f 5218//678 5217//677 5224//1092 5225//688
f 5212//679 5211//3 5219//689
f 5213//1077 5212//679 5219//689 5220//690
f 5214//681 5213//1077 5220//690 5221//684
f 5219//689 5211//3 5226//691
f 5220//690 5219//689 5226//691 5227//692
f 5221//684 5220//690 5227//692 5228//693
f 5222//1078 5221//684 5228//693 5229//694
f 5223//686 5222//1078 5229//694 5230//695
f 5224//1092 5223//686 5230//695 5231//696
f 5225//688 5224//1092 5231//696 5232//697
f 5229//694 5228//693 5235//698 5236//1079
f 5230//695 5229//694 5236//1079 5237//700
f 5231//696 5230//695 5237//700 5238//701
f 5232//697 5231//696 5238//701 5239//702
f 5226//691 5211//3 5233//703
f 5227//692 5226//691 5233//703 5234//704
f 5228//693 5227//692 5234//704 5235//698
f 5233//703 5211//3 5240//705
f 5234//704 5233//703 5240//705 5241//706
f 5235//698 5234//704 5241//706 5242//707
f 5236//1079 5235//698 5242//707 5243//708
f 5237//700 5236//1079 5243//708 5244//709
f 5238//701 5237//700 5244//709 5245//710
f 5239//702 5238//701 5245//710 5246//711
f 5244//709 5243//708 5250//1080 5251//713
f 5245//710 5244//709 5251//713 5252//714
f 5246//711 5245//710 5252//714 5253//715
f 5240//705 5211//3 5247//716
f 5241//706 5240//705 5247//716 5248//717
f 5242//707 5241//706 5248//717 5249//718
f 5243//708 5242//707 5249//718 5250//1080
f 5248//717 5247//716 5254//1081 5255//720
f 5249//718 5248//717 5255//720 5256//721
f 5250//1080 5249//718 5256//721 5257//722
f 5251//713 5250//1080 5257//722 5258//723
f 5252//714 5251//713 5258//723 5259//724
f 5253//715 5252//714 5259//724 5260//725
f 5247//716 5211//3 5254//1081
f 5259//724 5258//723 5265//726 5266//727
f 5260//725 5259//724 5266//727 5267//728
f 5254//1081 5211//3 5261//729
f 5255//720 5254//1081 5261//729 5262//730
f 5256//721 5255//720 5262//730 5263//731
f 5257//722 5256//721 5263//731 5264//1082
f 5258//723 5257//722 5264//1082 5265//726
f 5262//730 5261//729 5268//779 5269//1083
f 5263//731 5262//730 5269//1083 5270//735
f 5264//1082 5263//731 5270//735 5271//736
f 5265//726 5264//1082 5271//736 5272//737
f 5266//727 5265//726 5272//737 5273//738
f 5267//728 5266//727 5273//738 5274//1084
f 5261//729 5211//3 5268//779
f 5273//738 5272//737 5279//740 5280//741
f 5274//1084 5273//738 5280//741 5281//742
f 5268//779 5211//3 5275//743
f 5269//1083 5268//779 5275//743 5276//744
f 5270//735 5269//1083 5276//744 5277//745
f 5271//736 5270//735 5277//745 5278//746
f 5272//737 5271//736 5278//746 5279//740
f 5277//745 5276//744 5283//747 5284//748
f 5278//746 5277//745 5284//748 5285//749
f 5279//740 5278//746 5285//749 5286//750
f 5280//741 5279//740 5286//750 5287//751
f 5281//742 5280//741 5287//751 5288//752
f 5275//743 5211//3 5282//1086
f 5276//744 5275//743 5282//1086 5283//747
f 5288//752 5287//751 5294//754 5295//755
f 5282//1086 5211//3 5289//781
f 5283//747 5282//1086 5289//781 5290//757
f 5284//748 5283//747 5290//757 5291//1093
f 5285//749 5284//748 5291//1093 5292//759
f 5286//750 5285//749 5292//759 5293//760
f 5287//751 5286//750 5293//760 5294//754
f 5291//1093 5290//757 5072//538 5073//537
f 5292//759 5291//1093 5073//537 5074//541
f 5293//760 5292//759 5074//541 5075//543
f 5294//754 5293//760 5075//543 5076//545
f 5295//755 5294//754 5076//545 5077//547
f 5289//781 5211//3 5071//761
f 5290//757 5289//781 5071//761 5072//538
f 5298//537 5297//538 5304//539 5305//1087
f 5299//541 5298//537 5305//1087 5306//542
f 5300//543 5299//541 5306//542 5307//544
f 5301//545 5300//543 5307//544 5308//546
f 5302//547 5301//545 5308//546 5309//548
f 5296//761 5436//3 5303//762
f 5297//538 5296//761 5303//762 5304//539
f 5304//539 5303//762 5310//763 5311//552
f 5305//1087 5304//539 5311//552 5312//553
f 5306//542 5305//1087 5312//553 5313//554
f 5307//544 5306//542 5313//554 5314//555
f 5308//546 5307//544 5314//555 5315//556
f 5309//548 5308//546 5315//556 5316//557
f 5303//762 5436//3 5310//763
f 5315//556 5314//555 5321//558 5322//1088
f 5316//557 5315//556 5322//1088 5323//560
f 5310//763 5436//3 5317//764
f 5311//552 5310//763 5317//764 5318//562
f 5312//553 5311//552 5318//562 5319//563
f 5313//554 5312//553 5319//563 5320//564
f 5314//555 5313//554 5320//564 5321//558
f 5318//562 5317//764 5324//765 5325//566
f 5319//563 5318//562 5325//566 5326//567
f 5320//564 5319//563 5326//567 5327//568
f 5321//558 5320//564 5327//568 5328//569
f 5322//1088 5321//558 5328//569 5329//570
f 5323//560 5322//1088 5329//570 5330//1089
f 5317//764 5436//3 5324//765
f 5329//570 5328//569 5335//572 5336//1094
f 5330//1089 5329//570 5336//1094 5337//574
f 5324//765 5436//3 5331//766
f 5325//566 5324//765 5331//766 5332//576
f 5326//567 5325//566 5332//576 5333//577
f 5327//568 5326//567 5333//577 5334//767
f 5328//569 5327//568 5334//767 5335//572
f 5333//577 5332//576 5339//579 5340//580
f 5334//767 5333//577 5340//580 5341//581
f 5335//572 5334//767 5341//581 5342//582
f 5336//1094 5335//572 5342//582 5343//1090
f 5337//574 5336//1094 5343//1090 5344//584
f 5331//766 5436//3 5338//585
f 5332//576 5331//766 5338//585 5339//579
f 5344//584 5343//1090 5350//586 5351//587
f 5338//585 5436//3 5345//588
f 5339//579 5338//585 5345//588 5346//589
f 5340//580 5339//579 5346//589 5347//1069
f 5341//581 5340//580 5347//1069 5348//591
f 5342//582 5341//581 5348//591 5349//592
f 5343//1090 5342//582 5349//592 5350//586
f 5348//591 5347//1069 5354//593 5355//594
f 5349//592 5348//591 5355//594 5356//595
f 5350//586 5349//592 5356//595 5357//596
f 5351//587 5350//586 5357//596 5358//597
f 5345//588 5436//3 5352//598
f 5346//589 5345//588 5352//598 5353//599
f 5347//1069 5346//589 5353//599 5354//593
f 5352//598 5436//3 5359//600
f 5353//599 5352//598 5359//600 5360//601
f 5354//593 5353//599 5360//601 5361//1070
f 5355//594 5354//593 5361//1070 5362//603
f 5356//595 5355//594 5362//603 5363//604
f 5357//596 5356//595 5363//604 5364//1095
f 5358//597 5357//596 5364//1095 5365//606
f 5362//603 5361//1070 5368//607 5369//608
f 5363//604 5362//603 5369//608 5370//609
f 5364//1095 5363//604 5370//609 5371//1071
f 5365//606 5364//1095 5371//1071 5372//611
f 5359//600 5436//3 5366//1096
f 5360//601 5359//600 5366//1096 5367//613
f 5361//1070 5360//601 5367//613 5368//607
f 5366//1096 5436//3 5373//614
f 5367//613 5366//1096 5373//614 5374//615
f 5368//607 5367//613 5374//615 5375//616
f 5369//608 5368//607 5375//616 5376//617
f 5370//609 5369//608 5376//617 5377//618
f 5371//1071 5370//609 5377//618 5378//619
f 5372//611 5371//1071 5378//619 5379//620
f 5377//618 5376//617 5383//621 5384//622
f 5378//619 5377//618 5384//622 5385//623
f 5379//620 5378//619 5385//623 5386//1073
f 5373//614 5436//3 5380//1074
f 5374//615 5373//614 5380//1074 5381//626
f 5375//616 5374//615 5381//626 5382//627
f 5376//617 5375//616 5382//627 5383//621
f 5380//1074 5436//3 5387//1097
f 5381//626 5380//1074 5387//1097 5388//629
f 5382//627 5381//626 5388//629 5389//630
f 5383//621 5382//627 5389//630 5390//769
f 5384//622 5383//621 5390//769 5391//632
f 5385//623 5384//622 5391//632 5392//786
f 5386//1073 5385//623 5392//786 5393//634
f 5391//632 5390//769 5397//635 5398//636
f 5392//786 5391//632 5398//636 5399//637
f 5393//634 5392//786 5399//637 5400//638
f 5387//1097 5436//3 5394//1091
f 5388//629 5387//1097 5394//1091 5395//640
f 5389//630 5388//629 5395//640 5396//641
f 5390//769 5389//630 5396//641 5397//635
f 5395//640 5394//1091 5401//770 5402//643
f 5396//641 5395//640 5402//643 5403//1075
f 5397//635 5396//641 5403//1075 5404//787
f 5398//636 5397//635 5404//787 5405//646
f 5399//637 5398//636 5405//646 5406//647
f 5400//638 5399//637 5406//647 5407//648
f 5394//1091 5436//3 5401//770
f 5406//647 5405//646 5412//649 5413//650
f 5407//648 5406//647 5413//650 5414//651
f 5401//770 5436//3 5408//652
f 5402//643 5401//770 5408//652 5409//653
f 5403//1075 5402//643 5409//653 5410//654
f 5404//787 5403//1075 5410//654 5411//655
f 5405//646 5404//787 5411//655 5412//649
f 5410//654 5409//653 5416//656 5417//1076
f 5411//655 5410//654 5417//1076 5418//788
f 5412//649 5411//655 5418//788 5419//659
f 5413//650 5412//649 5419//659 5420//660
f 5414//651 5413//650 5420//660 5421//661
f 5408//652 5436//3 5415//774
f 5409//653 5408//652 5415//774 5416//656
f 5421//661 5420//660 5427//663 5428//664
f 5415//774 5436//3 5422//775
f 5416//656 5415//774 5422//775 5423//666
f 5417//1076 5416//656 5423//666 5424//667
f 5418//788 5417//1076 5424//667 5425//668
f 5419//659 5418//788 5425//668 5426//1098
f 5420//660 5419//659 5426//1098 5427//663
f 5424//667 5423//666 5430//670 5431//671
f 5425//668 5424//667 5431//671 5432//776
f 5426//1098 5425//668 5432//776 5433//673
f 5427//663 5426//1098 5433//673 5434//789
f 5428//664 5427//663 5434//789 5435//675
f 5422//775 5436//3 5429//777
f 5423//666 5422//775 5429//777 5430//670
f 5435//675 5434//789 5442//677 5443//678
f 5429//777 5436//3 5437//1099
f 5430//670 5429//777 5437//1099 5438//680
f 5431//671 5430//670 5438//680 5439//681
f 5432//776 5431//671 5439//681 5440//682
f 5433//673 5432//776 5440//682 5441//683
f 5434//789 5433//673 5441//683 5442//677
f 5440//682 5439//681 5446//684 5447//1078
f 5441//683 5440//682 5447//1078 5448//686
f 5442//677 5441//683 5448//686 5449//1092
f 5443//678 5442//677 5449//1092 5450//688
f 5437//1099 5436//3 5444//689
f 5438//680 5437//1099 5444//689 5445//690
f 5439//681 5438//680 5445//690 5446//684
f 5444//689 5436//3 5451//691
f 5445//690 5444//689 5451//691 5452//692
f 5446//684 5445//690 5452//692 5453//693
f 5447//1078 5446//684 5453//693 5454//694
f 5448//686 5447//1078 5454//694 5455//695
f 5449//1092 5448//686 5455//695 5456//696
f 5450//688 5449//1092 5456//696 5457//697
f 5454//694 5453//693 5460//698 5461//1079
f 5455//695 5454//694 5461//1079 5462//700
f 5456//696 5455//695 5462//700 5463//701
f 5457//697 5456//696 5463//701 5464//702
f 5451//691 5436//3 5458//703
f 5452//692 5451//691 5458//703 5459//704
f 5453//693 5452//692 5459//704 5460//698
f 5458//703 5436//3 5465//705
f 5459//704 5458//703 5465//705 5466//706
f 5460//698 5459//704 5466//706 5467//1100
f 5461//1079 5460//698 5467//1100 5468//708
f 5462//700 5461//1079 5468//708 5469//709
f 5463//701 5462//700 5469//709 5470//710
f 5464//702 5463//701 5470//710 5471//711
f 5469//709 5468//708 5475//1080 5476//713
f 5470//710 5469//709 5476//713 5477//714
f 5471//711 5470//710 5477//714 5478//715
f 5465//705 5436//3 5472//716
f 5466//706 5465//705 5472//716 5473//717
f 5467//1100 5466//706 5473//717 5474//718
f 5468//708 5467//1100 5474//718 5475//1080
f 5473//717 5472//716 5479//1081 5480//720
f 5474//718 5473//717 5480//720 5481//721
f 5475//1080 5474//718 5481//721 5482//722
f 5476//713 5475//1080 5482//722 5483//723
f 5477//714 5476//713 5483//723 5484//724
f 5478//715 5477//714 5484//724 5485//725
f 5472//716 5436//3 5479//1081
f 5484//724 5483//723 5490//726 5491//727
f 5485//725 5484//724 5491//727 5492//728
f 5479//1081 5436//3 5486//729
f 5480//720 5479//1081 5486//729 5487//730
f 5481//721 5480//720 5487//730 5488//731
f 5482//722 5481//721 5488//731 5489//1082
f 5483//723 5482//722 5489//1082 5490//726
f 5487//730 5486//729 5493//733 5494//1083
f 5488//731 5487//730 5494//1083 5495//735
f 5489//1082 5488//731 5495//735 5496//736
f 5490//726 5489//1082 5496//736 5497//737
f 5491//727 5490//726 5497//737 5498//738
f 5492//728 5491//727 5498//738 5499//739
f 5486//729 5436//3 5493//733
f 5498//738 5497//737 5504//740 5505//741
f 5499//739 5498//738 5505//741 5506//742
f 5493//733 5436//3 5500//780
f 5494//1083 5493//733 5500//780 5501//744
f 5495//735 5494//1083 5501//744 5502//745
f 5496//736 5495//735 5502//745 5503//746
f 5497//737 5496//736 5503//746 5504//740
f 5502//745 5501//744 5508//747 5509//748
f 5503//746 5502//745 5509//748 5510//749
f 5504//740 5503//746 5510//749 5511//750
f 5505//741 5504//740 5511//750 5512//751
f 5506//742 5505//741 5512//751 5513//752
f 5500//780 5436//3 5507//1086
f 5501//744 5500//780 5507//1086 5508//747
f 5513//752 5512//751 5519//754 5520//755
f 5507//1086 5436//3 5514//781
f 5508//747 5507//1086 5514//781 5515//757
f 5509//748 5508//747 5515//757 5516//1093
f 5510//749 5509//748 5516//1093 5517//759
f 5511//750 5510//749 5517//759 5518//760
f 5512//751 5511//750 5518//760 5519//754
f 5516//1093 5515//757 5297//538 5298//537
f 5517//759 5516//1093 5298//537 5299//541
f 5518//760 5517//759 5299//541 5300//543
f 5519//754 5518//760 5300//543 5301//545
f 5520//755 5519//754 5301//545 5302//547
f 5514//781 5436//3 5296//761
f 5515//757 5514//781 5296//761 5297//538
s 0
f 5521//1 5522//1 5524//1 5523//1
f 5523//2 5524//2 5528//2 5527//2
f 5527//3 5528//3 5526//3 5525//3
f 5525//4 5526//4 5522//4 5521//4
f 5523//6 5527//6 5525//6 5521//6
f 5528//5 5524//5 5522//5 5526//5
f 5529//1 5530//1 5532//1 5531//1
f 5531//2 5532//2 5536//2 5535//2
f 5535//3 5536//3 5534//3 5533//3
f 5533//4 5534//4 5530//4 5529//4
f 5531//6 5535//6 5533//6 5529//6
f 5536//5 5532//5 5530//5 5534//5
f 5537//1 5538//1 5540//1 5539//1
f 5539//2 5540//2 5544//2 5543//2
f 5543//3 5544//3 5542//3 5541//3
f 5541//4 5542//4 5538//4 5537//4
f 5539//6 5543//6 5541//6 5537//6
f 5544//5 5540//5 5538//5 5542//5
f 5545//1 5546//1 5548//1 5547//1
f 5547//2 5548//2 5552//2 5551//2
f 5551//3 5552//3 5550//3 5549//3
f 5549//4 5550//4 5546//4 5545//4
f 5547//6 5551//6 5549//6 5545//6
f 5552//5 5548//5 5546//5 5550//5
s 1
f 5553//5 5618//1101 5617//1102 5555//1103
f 5555//1103 5617//1102 5619//1104 5557//1105
f 5557//1105 5619//1104 5620//1106 5559//1107
f 5559//1107 5620//1106 5621//1108 5561//1109
f 5561//1109 5621//1108 5622//1110 5563//1111
f 5563//1111 5622//1110 5623//1112 5565//1113
f 5565//1113 5623//1112 5624//1114 5567//1115
f 5567//1115 5624//1114 5625//1116 5569//3
f 5569//3 5625//1116 5626//1117 5571//1118
f 5571//1118 5626//1117 5627//1119 5573//1120
f 5573//1120 5627//1119 5628//1121 5575//1122
f 5575//1122 5628//1121 5629//1123 5577//1124
f 5577//1124 5629//1123 5630//1125 5579//1126
f 5579//1126 5630//1125 5631//1127 5581//1128
f 5581//1128 5631//1127 5632//1129 5583//1130
f 5583//1130 5632//1129 5633//1131 5585//6
f 5585//6 5633//1131 5634//1132 5587//1133
f 5587//1133 5634//1132 5635//1134 5589//1135
f 5589//1135 5635//1134 5636//1136 5591//1137
f 5591//1137 5636//1136 5637//1138 5593//1139
f 5593//1139 5637//1138 5638//1140 5595//1141
f 5595//1141 5638//1140 5639//1142 5597//1143
f 5597//1143 5639//1142 5640//1144 5599//1145
f 5599//1145 5640//1144 5641//1146 5601//1
f 5601//1 5641//1146 5642//1147 5603//1148
f 5603//1148 5642//1147 5643//1149 5605//1150
f 5605//1150 5643//1149 5644//1151 5607//1152
f 5607//1152 5644//1151 5645//1153 5609//1154
f 5609//1154 5645//1153 5646//1155 5611//1156
f 5611//1156 5646//1155 5647//1157 5613//1158
f 5596//1159 5594//1160 5733//1161 5734//1162
f 5613//1158 5647//1157 5648//1163 5615//1164
f 5615//1164 5648//1163 5618//1101 5553//5
f 5650//1165 5649//1166 5617//1102 5618//1101
f 5649//1166 5651//1167 5619//1104 5617//1102
f 5651//1167 5652//1168 5620//1106 5619//1104
f 5652//1168 5653//1169 5621//1108 5620//1106
f 5653//1169 5654//1170 5622//1110 5621//1108
f 5654//1170 5655//1171 5623//1112 5622//1110
f 5655//1171 5656//1172 5624//1114 5623//1112
f 5656//1172 5657//1173 5625//1116 5624//1114
f 5657//1173 5658//1174 5626//1117 5625//1116
f 5658//1174 5659//1175 5627//1119 5626//1117
f 5659//1175 5660//1176 5628//1121 5627//1119
f 5660//1176 5661//1177 5629//1123 5628//1121
f 5661//1177 5662//1178 5630//1125 5629//1123
f 5662//1178 5663//1179 5631//1127 5630//1125
f 5663//1179 5664//1180 5632//1129 5631//1127
f 5664//1180 5665//1181 5633//1131 5632//1129
f 5665//1181 5666//1182 5634//1132 5633//1131
f 5666//1182 5667//1183 5635//1134 5634//1132
f 5667//1183 5668//1184 5636//1136 5635//1134
f 5668//1184 5669//1185 5637//1138 5636//1136
f 5669//1185 5670//1186 5638//1140 5637//1138
f 5670//1186 5671//1187 5639//1142 5638//1140
f 5671//1187 5672//1188 5640//1144 5639//1142
f 5672//1188 5673//1189 5641//1146 5640//1144
f 5673//1189 5674//1190 5642//1147 5641//1146
f 5674//1190 5675//1191 5643//1149 5642//1147
f 5675//1191 5676//1192 5644//1151 5643//1149
f 5676//1192 5677//1193 5645//1153 5644//1151
f 5677//1193 5678//1194 5646//1155 5645//1153
f 5678//1194 5679//1195 5647//1157 5646//1155
f 5679//1195 5680//1196 5648//1163 5647//1157
f 5680//1196 5650//1165 5618//1101 5648//1163
f 5682//1197 5681//1198 5649//1166 5650//1165
f 5681//1198 5683//1199 5651//1167 5649//1166
f 5683//1199 5684//1200 5652//1168 5651//1167
f 5684//1200 5685//1201 5653//1169 5652//1168
f 5685//1201 5686//1202 5654//1170 5653//1169
f 5686//1202 5687//1203 5655//1171 5654//1170
f 5687//1203 5688//1204 5656//1172 5655//1171
f 5688//1204 5689//1205 5657//1173 5656//1172
f 5689//1205 5690//1206 5658//1174 5657//1173
f 5690//1206 5691//1207 5659//1175 5658//1174
f 5691//1207 5692//1208 5660//1176 5659//1175
f 5692//1208 5693//1209 5661//1177 5660//1176
f 5693//1209 5694//1210 5662//1178 5661//1177
f 5694//1210 5695//1211 5663//1179 5662//1178
f 5695//1211 5696//1212 5664//1180 5663//1179
f 5696//1212 5697//1213 5665//1181 5664//1180
f 5697//1213 5698//1214 5666//1182 5665//1181
f 5698//1214 5699//1215 5667//1183 5666//1182
f 5699//1215 5700//1216 5668//1184 5667//1183
f 5700//1216 5701//1217 5669//1185 5668//1184
f 5701//1217 5702//1218 5670//1186 5669//1185
f 5702//1218 5703//1219 5671//1187 5670//1186
f 5703//1219 5704//1220 5672//1188 5671//1187
f 5704//1220 5705//1221 5673//1189 5672//1188
f 5705//1221 5706//1222 5674//1190 5673//1189
f 5706//1222 5707//1223 5675//1191 5674//1190
f 5707//1223 5708//1224 5676//1192 5675//1191
f 5708//1224 5709//1225 5677//1193 5676//1192
f 5709//1225 5710//1226 5678//1194 5677//1193
f 5710//1226 5711//1227 5679//1195 5678//1194
f 5711//1227 5712//1228 5680//1196 5679//1195
f 5712//1228 5682//1197 5650//1165 5680//1196
f 5554//1229 5556//1230 5681//1198 5682//1197
f 5556//1230 5558//1231 5683//1199 5681//1198
f 5558//1231 5560//1232 5684//1200 5683//1199
f 5560//1232 5562//1233 5685//1201 5684//1200
f 5562//1233 5564//1234 5686//1202 5685//1201
f 5564//1234 5566//1235 5687//1203 5686//1202
f 5566//1235 5568//1236 5688//1204 5687//1203
f 5568//1236 5570//1237 5689//1205 5688//1204
f 5570//1237 5572//1238 5690//1206 5689//1205
f 5572//1238 5574//1239 5691//1207 5690//1206
f 5574//1239 5576//1240 5692//1208 5691//1207
f 5576//1240 5578//1241 5693//1209 5692//1208
f 5578//1241 5580//1242 5694//1210 5693//1209
f 5580//1242 5582//1243 5695//1211 5694//1210
f 5582//1243 5584//1244 5696//1212 5695//1211
f 5584//1244 5586//1245 5697//1213 5696//1212
f 5586//1245 5588//1246 5698//1214 5697//1213
f 5588//1246 5590//1247 5699//1215 5698//1214
f 5590//1247 5592//1248 5700//1216 5699//1215
f 5592//1248 5594//1160 5701//1217 5700//1216
f 5594//1160 5596//1159 5702//1218 5701//1217
f 5596//1159 5598//1249 5703//1219 5702//1218
f 5598//1249 5600//1250 5704//1220 5703//1219
f 5600//1250 5602//1251 5705//1221 5704//1220
f 5602//1251 5604//1252 5706//1222 5705//1221
f 5604//1252 5606//1253 5707//1223 5706//1222
f 5606//1253 5608//1254 5708//1224 5707//1223
f 5608//1254 5610//1255 5709//1225 5708//1224
f 5610//1255 5612//1256 5710//1226 5709//1225
f 5612//1256 5614//1257 5711//1227 5710//1226
f 5614//1257 5616//1258 5712//1228 5711//1227
f 5616//1258 5554//1229 5682//1197 5712//1228
f 5713//1259 5714//1260 5744//1261 5743//1262 5742//1263 5741//1264 5740//1265 5739//1266 5738//1267 5737//1268 5736//1269 5735//1270 5734//1162 5733//1161 5732//1271 5731//1272 5730//1273 5729//1274 5728//1275 5727//1276 5726//1277 5725//1278 5724//1279 5723//1280 5722//1281 5721//1282 5720//1283 5719//1284 5718//1285 5717//1286 5716//1287 5715//1288
f 5570//1237 5568//1236 5720//1283 5721//1282
f 5598//1249 5596//1159 5734//1162 5735//1270
f 5572//1238 5570//1237 5721//1282 5722//1281
f 5600//1250 5598//1249 5735//1270 5736//1269
f 5574//1239 5572//1238 5722//1281 5723//1280
f 5602//1251 5600//1250 5736//1269 5737//1268
f 5576//1240 5574//1239 5723//1280 5724//1279
f 5604//1252 5602//1251 5737//1268 5738//1267
f 5578//1241 5576//1240 5724//1279 5725//1278
f 5606//1253 5604//1252 5738//1267 5739//1266
f 5580//1242 5578//1241 5725//1278 5726//1277
f 5608//1254 5606//1253 5739//1266 5740//1265
f 5582//1243 5580//1242 5726//1277 5727//1276
f 5556//1230 5554//1229 5714//1260 5713//1259
f 5610//1255 5608//1254 5740//1265 5741//1264
f 5584//1244 5582//1243 5727//1276 5728//1275
f 5558//1231 5556//1230 5713//1259 5715//1288
f 5612//1256 5610//1255 5741//1264 5742//1263
f 5586//1245 5584//1244 5728//1275 5729//1274
f 5560//1232 5558//1231 5715//1288 5716//1287
f 5614//1257 5612//1256 5742//1263 5743//1262
f 5588//1246 5586//1245 5729//1274 5730//1273
f 5562//1233 5560//1232 5716//1287 5717//1286
f 5616//1258 5614//1257 5743//1262 5744//1261
f 5590//1247 5588//1246 5730//1273 5731//1272
f 5564//1234 5562//1233 5717//1286 5718//1285
f 5554//1229 5616//1258 5744//1261 5714//1260
f 5592//1248 5590//1247 5731//1272 5732//1271
f 5566//1235 5564//1234 5718//1285 5719//1284
f 5594//1160 5592//1248 5732//1271 5733//1161
f 5568//1236 5566//1235 5719//1284 5720//1283
s 0
f 5754//1 5753//1 5748//1 5746//1
f 5753//2 5755//2 5752//2 5748//2
f 5755//3 5756//3 5750//3 5752//3
f 5756//4 5754//4 5746//4 5750//4
f 5749//3 5751//3 5759//3 5760//3
f 5752//6 5750//6 5746//6 5748//6
f 5745//1289 5747//1289 5753//1289 5754//1289
f 5747//1290 5751//1290 5755//1290 5753//1290
f 5751//1291 5749//1291 5756//1291 5755//1291
f 5749//1292 5745//1292 5754//1292 5756//1292
f 5757//5 5758//5 5760//5 5759//5
f 5747//1 5745//1 5758//1 5757//1
f 5745//4 5749//4 5760//4 5758//4
f 5751//2 5747//2 5757//2 5759//2
f 5761//1 5762//1 5764//1 5763//1
f 5763//2 5764//2 5768//2 5767//2
f 5767//3 5768//3 5766//3 5765//3
f 5763//6 5767//6 5765//6 5761//6
f 5768//5 5764//5 5762//5 5766//5
f 5769//1 5770//1 5772//1 5771//1
f 5771//2 5772//2 5776//2 5775//2
f 5775//3 5776//3 5774//3 5773//3
f 5771//6 5775//6 5773//6 5769//6
f 5776//5 5772//5 5770//5 5774//5
f 5777//5 5778//5 5780//5 5779//5
f 5779//2 5780//2 5784//2 5783//2
f 5783//6 5784//6 5782//6 5781//6
f 5779//1 5783//1 5781//1 5777//1
f 5784//3 5780//3 5778//3 5782//3
f 5785//4 5786//4 5788//4 5787//4
f 5791//2 5792//2 5790//2 5789//2
f 5787//6 5791//6 5789//6 5785//6
f 5792//5 5788//5 5786//5 5790//5
f 5801//1 5802//1 5796//1 5795//1
f 5795//2 5796//2 5800//2 5799//2
f 5799//3 5800//3 5803//3 5804//3
f 5797//3 5798//3 5811//3 5812//3
f 5795//6 5799//6 5804//6 5801//6
f 5800//5 5796//5 5802//5 5803//5
f 5793//1293 5794//1293 5802//1293 5801//1293
f 5798//1294 5797//1294 5804//1294 5803//1294
f 5797//1295 5793//1295 5801//1295 5804//1295
f 5794//1296 5798//1296 5803//1296 5802//1296
f 5807//5 5806//5 5814//5 5815//5
f 5793//6 5797//6 5812//6 5809//6
f 5794//1 5793//1 5809//1 5810//1
f 5798//5 5794//5 5810//5 5811//5
f 5805//1297 5806//1297 5810//1297 5809//1297
f 5807//1298 5808//1298 5812//1298 5811//1298
f 5808//1299 5805//1299 5809//1299 5812//1299
f 5806//1300 5807//1300 5811//1300 5810//1300
f 5816//4 5815//4 5814//4 5813//4
f 5808//3 5807//3 5815//3 5816//3
f 5805//6 5808//6 5816//6 5813//6
f 5806//1 5805//1 5813//1 5814//1
f 5817//1 5819//1 5820//1 5818//1
f 5819//2 5823//2 5824//2 5820//2
f 5823//3 5821//3 5822//3 5824//3
f 5819//5 5817//5 5821//5 5823//5
f 5824//6 5822//6 5818//6 5820//6
f 5825//1 5827//1 5828//1 5826//1
f 5827//2 5831//2 5832//2 5828//2
f 5831//3 5829//3 5830//3 5832//3
f 5827//5 5825//5 5829//5 5831//5
f 5832//6 5830//6 5826//6 5828//6
f 5833//1 5835//1 5836//1 5834//1
f 5835//2 5839//2 5840//2 5836//2
f 5839//3 5837//3 5838//3 5840//3
f 5835//5 5833//5 5837//5 5839//5
f 5840//6 5838//6 5834//6 5836//6
