# 3ds Max Wavefront OBJ Exporter v0.97b - (c)2007 guruware
# File Created: 19.03.2012 15:08:39

mtllib window3.mtl

#
# object pCube26
#

v 32.719800 51.134600 0.670500
v -32.719800 51.134600 0.670500
v -32.719800 -6.014800 0.670500
v 32.719800 -6.014800 0.670500
v 32.719800 51.134600 0.858700
v -32.719800 51.134600 0.858700
v 32.719800 -6.014800 0.858700
v -32.719800 -6.014800 0.858700
# 8 vertices

vn 0.000000 0.000000 -1.000000
vn 0.000000 1.000000 0.000000
vn 0.000000 -0.000000 1.000000
vn 0.000000 -1.000000 0.000000
vn 1.000000 0.000000 0.000000
vn -1.000000 0.000000 0.000000
# 6 vertex normals

vt 49.4252 25.1456 0.8180
vt 23.7425 25.1456 0.8180
vt 23.7425 2.7165 0.8180
vt 49.4252 2.7165 0.8180
vt 13.3414 0.8918 24.0129
vt -12.3414 0.8918 24.0129
vt -12.3414 0.8180 24.0129
vt 13.3414 0.8180 24.0129
vt 23.7425 2.7165 0.8918
vt 49.4252 2.7165 0.8918
vt 49.4252 25.1456 0.8918
vt 23.7425 25.1456 0.8918
vt -12.3414 0.8180 1.5838
vt 13.3414 0.8180 1.5838
vt 13.3414 0.8918 1.5838
vt -12.3414 0.8918 1.5838
vt 0.8918 24.0129 13.3414
vt 0.8180 24.0129 13.3414
vt 0.8180 1.5838 13.3414
vt 0.8918 1.5838 13.3414
vt 0.1820 24.0129 -12.3414
vt 0.1082 24.0129 -12.3414
vt 0.1082 1.5838 -12.3414
vt 0.1820 1.5838 -12.3414
# 24 texture coords

g pCube26
usemtl windowGlass
s 1
f 1/1/1 2/2/1 3/3/1 4/4/1 
s 2
f 5/5/2 6/6/2 2/7/2 1/8/2 
s 1
f 7/9/3 8/10/3 6/11/3 5/12/3 
s 2
f 4/13/4 3/14/4 8/15/4 7/16/4 
s 4
f 5/17/5 1/18/5 4/19/5 7/20/5 
f 2/21/6 6/22/6 8/23/6 3/24/6 
# 6 polygons

#
# object pCube27
#

v 32.719800 -8.840100 -0.393000
v -32.719800 -8.840100 -0.393000
v -32.719800 -67.996800 -0.393000
v 32.719800 -67.996800 -0.393000
v 32.719800 -8.840100 -0.204900
v -32.719800 -8.840100 -0.204900
v 32.719800 -67.996800 -0.204900
v -32.719800 -67.996800 -0.204900
# 8 vertices

vn 0.000000 0.000000 -1.000000
vn 0.000000 1.000000 0.000000
vn 0.000000 -0.000000 1.000000
vn 0.000000 -1.000000 0.000000
vn 1.000000 0.000000 0.000000
vn -1.000000 0.000000 0.000000
# 6 vertex normals

vt 45.0563 -16.0297 0.4006
vt 19.3736 -16.0297 0.4006
vt 19.3736 -39.2466 0.4006
vt 45.0563 -39.2466 0.4006
vt 13.3414 0.4744 0.4750
vt -12.3414 0.4744 0.4750
vt -12.3414 0.4006 0.4750
vt 13.3414 0.4006 0.4750
vt 19.3736 -39.2466 0.4744
vt 45.0563 -39.2466 0.4744
vt 45.0563 -16.0297 0.4744
vt 19.3736 -16.0297 0.4744
vt -12.3414 0.4006 -22.7419
vt 13.3414 0.4006 -22.7419
vt 13.3414 0.4744 -22.7419
vt -12.3414 0.4744 -22.7419
vt 0.4744 0.4750 13.3414
vt 0.4006 0.4750 13.3414
vt 0.4006 -22.7419 13.3414
vt 0.4744 -22.7419 13.3414
vt 0.5994 0.4750 -12.3414
vt 0.5256 0.4750 -12.3414
vt 0.5256 -22.7419 -12.3414
vt 0.5994 -22.7419 -12.3414
# 24 texture coords

g pCube27
usemtl windowGlass
s 1
f 9/25/7 10/26/7 11/27/7 12/28/7 
s 2
f 13/29/8 14/30/8 10/31/8 9/32/8 
s 1
f 15/33/9 16/34/9 14/35/9 13/36/9 
s 2
f 12/37/10 11/38/10 16/39/10 15/40/10 
s 4
f 13/41/11 9/42/11 12/43/11 15/44/11 
f 10/45/12 14/46/12 16/47/12 11/48/12 
# 6 polygons

#
# object pCube28
#

v -34.154200 19.891600 0.635300
v -34.154200 -7.665400 0.635300
v -32.137400 -5.462800 0.635900
v -32.137400 19.893500 0.635900
v -34.291800 -7.874200 0.883300
v -34.291800 -7.874200 0.668600
v -34.291800 19.891400 0.668600
v -34.291800 19.891400 0.883300
v -12.512600 -8.038000 0.668600
v -34.154200 -8.038000 0.668600
v -34.154200 -8.038000 0.883300
v -12.512600 -8.038000 0.883300
v -31.946200 -5.698600 0.635900
v -33.938300 -7.874200 0.635300
v -12.467700 -7.874200 0.635300
v -11.726400 -5.698600 0.635900
v -10.848200 -8.038000 0.668600
v -12.237400 -8.038000 0.668600
v -12.237400 -8.038000 0.883300
v -10.848200 -8.038000 0.883300
v -11.429500 -5.698600 0.635900
v -12.170700 -7.874200 0.635300
v -10.807600 -7.874200 0.635300
v -10.156200 -5.698600 0.635900
v -32.137400 47.613600 0.635900
v -34.154200 49.816300 0.635300
v -34.154200 23.652600 0.635300
v -32.137400 23.466200 0.635900
v -12.467700 50.025100 0.635300
v -33.938300 50.025100 0.635300
v -31.946200 47.849400 0.635900
v -11.726500 47.849400 0.635900
v -34.154200 50.188800 0.883300
v -34.154200 50.188800 0.668600
v -12.512600 50.188800 0.668600
v -12.512600 50.188800 0.883300
v -34.291800 23.664800 0.668600
v -34.291800 50.025100 0.668600
v -34.291800 50.025100 0.883300
v -34.291800 23.664800 0.883300
v -10.807600 50.025100 0.635300
v -12.170700 50.025100 0.635300
v -11.429500 47.849400 0.635900
v -10.156200 47.849400 0.635900
v -12.237400 50.188800 0.883300
v -12.237400 50.188800 0.668600
v -10.848200 50.188800 0.668600
v -10.848200 50.188800 0.883300
v -34.154200 23.652600 0.916600
v -34.154200 49.816300 0.916600
v -32.137400 47.613600 0.916000
v -32.137400 23.466200 0.916000
v -31.946200 47.849400 0.916000
v -33.938300 50.025100 0.916600
v -12.467700 50.025100 0.916600
v -11.726500 47.849400 0.916000
v -11.429500 47.849400 0.916000
v -12.170700 50.025100 0.916600
v -10.807600 50.025100 0.916600
v -10.156200 47.849400 0.916000
v -32.137400 -5.462800 0.916000
v -34.154200 -7.665400 0.916600
v -34.154200 19.891600 0.916600
v -32.137400 19.893500 0.916000
v -12.467700 -7.874200 0.916600
v -33.938300 -7.874200 0.916600
v -31.946200 -5.698600 0.916000
v -11.726400 -5.698600 0.916000
v -10.807600 -7.874200 0.916600
v -12.170700 -7.874200 0.916600
v -11.429500 -5.698600 0.916000
v -10.156200 -5.698600 0.916000
v -34.154200 23.324000 0.635300
v -34.154200 20.219200 0.635300
v -32.137400 20.221100 0.635900
v -32.137400 23.137600 0.635900
v -34.291800 20.219000 0.883300
v -34.291800 20.219000 0.668600
v -34.291800 23.337200 0.668600
v -34.291800 23.337200 0.883300
v 34.154200 -8.038000 0.883300
v 34.154200 -8.038000 0.668600
v 12.728100 -8.038000 0.668600
v 12.728100 -8.038000 0.883300
v 34.291800 19.891400 0.668600
v 34.291800 -7.874200 0.668600
v 34.291800 -7.874200 0.883300
v 34.291800 19.891400 0.883300
v 32.137400 -5.462800 0.635900
v 34.154200 -7.665400 0.635300
v 34.154200 19.891600 0.635300
v 32.137400 19.893500 0.635900
v 12.682900 -7.874200 0.635300
v 33.938300 -7.874200 0.635300
v 31.946200 -5.698600 0.635900
v 11.935400 -5.698600 0.635900
v 34.291800 23.337200 0.668600
v 34.291800 20.219000 0.668600
v 34.291800 20.219000 0.883300
v 34.291800 23.337200 0.883300
v 32.137400 20.221100 0.635900
v 34.154200 20.219200 0.635300
v 34.154200 23.324000 0.635300
v 32.137400 23.137600 0.635900
v 31.946200 47.849400 0.635900
v 33.938300 50.025100 0.635300
v 12.682900 50.025100 0.635300
v 11.935400 47.849400 0.635900
v 34.154200 23.652600 0.635300
v 34.154200 49.816300 0.635300
v 32.137400 47.613600 0.635900
v 32.137400 23.466200 0.635900
v 34.291800 50.025100 0.883300
v 34.291800 50.025100 0.668600
v 34.291800 23.664800 0.668600
v 34.291800 23.664800 0.883300
v 12.728100 50.188800 0.668600
v 34.154200 50.188800 0.668600
v 34.154200 50.188800 0.883300
v 12.728100 50.188800 0.883300
v 32.137400 47.613600 0.916000
v 34.154200 49.816300 0.916600
v 34.154200 23.652600 0.916600
v 32.137400 23.466200 0.916000
v 12.682900 50.025100 0.916600
v 33.938300 50.025100 0.916600
v 31.946200 47.849400 0.916000
v 11.935400 47.849400 0.916000
v -34.154200 20.219200 0.916600
v -34.154200 23.324000 0.916600
v -32.137400 23.137600 0.916000
v -32.137400 20.221100 0.916000
v 32.137400 23.137600 0.916000
v 34.154200 23.324000 0.916600
v 34.154200 20.219200 0.916600
v 32.137400 20.221100 0.916000
v 31.946200 -5.698600 0.916000
v 33.938300 -7.874200 0.916600
v 12.682900 -7.874200 0.916600
v 11.935400 -5.698600 0.916000
v 34.154200 19.891600 0.916600
v 34.154200 -7.665400 0.916600
v 32.137400 -5.462800 0.916000
v 32.137400 19.893500 0.916000
v -31.999800 19.893600 0.669300
v -31.999800 -5.371000 0.669300
v -31.999800 -5.371000 0.882600
v -31.999800 19.893600 0.882600
v -31.862200 -5.534800 0.882600
v -31.862200 -5.534800 0.669300
v -11.659800 -5.534800 0.669300
v -11.659800 -5.534800 0.882600
v 11.868100 -5.534800 0.669300
v 31.862200 -5.534800 0.669300
v 31.862200 -5.534800 0.882600
v 11.868100 -5.534800 0.882600
v 31.999800 -5.371000 0.882600
v 31.999800 -5.371000 0.669300
v 31.999800 19.893600 0.669300
v 31.999800 19.893600 0.882600
v -11.384600 19.893600 0.635900
v -11.384600 -5.371000 0.635900
v -10.098700 -5.371000 0.635900
v -10.098700 19.893600 0.635900
v -11.522200 -5.371000 0.882600
v -11.522200 -5.371000 0.669300
v -11.522200 19.893600 0.669300
v -11.522200 19.893600 0.882600
v 31.999800 23.453000 0.669300
v 31.999800 47.521800 0.669300
v 31.999800 47.521800 0.882600
v 31.999800 23.453000 0.882600
v 31.862200 47.685600 0.882600
v 31.862200 47.685600 0.669300
v 11.868100 47.685600 0.669300
v 11.868100 47.685600 0.882600
v 11.868100 20.221200 0.635900
v 31.862200 20.221200 0.635900
v 31.862200 23.125400 0.635900
v 11.868100 23.125400 0.635900
v 31.862200 20.057400 0.882600
v 31.862200 20.057400 0.669300
v 11.868100 20.057400 0.669300
v 11.868100 20.057400 0.882600
v -11.659800 47.685600 0.669300
v -31.862200 47.685600 0.669300
v -31.862200 47.685600 0.882600
v -11.659800 47.685600 0.882600
v -31.999800 47.521800 0.882600
v -31.999800 47.521800 0.669300
v -31.999800 23.453000 0.669300
v -31.999800 23.453000 0.882600
v -11.522200 23.453000 0.669300
v -11.522200 47.521800 0.669300
v -11.522200 47.521800 0.882600
v -11.522200 23.453000 0.882600
v -10.098700 47.521800 0.635900
v -11.384600 47.521800 0.635900
v -11.384600 23.453000 0.635900
v -10.098700 23.453000 0.635900
v -11.659800 20.057400 0.669300
v -31.862200 20.057400 0.669300
v -31.862200 20.057400 0.882600
v -11.659800 20.057400 0.882600
v -31.862200 23.125400 0.635900
v -31.862200 20.221200 0.635900
v -11.659800 20.221200 0.635900
v -11.659800 23.125400 0.635900
v -11.384600 23.453000 0.916000
v -11.384600 47.521800 0.916000
v -10.098700 47.521800 0.916000
v -10.098700 23.453000 0.916000
v 11.868100 23.125400 0.916000
v 31.862200 23.125400 0.916000
v 31.862200 20.221200 0.916000
v 11.868100 20.221200 0.916000
v 31.862200 23.289200 0.669300
v 31.862200 23.289200 0.882600
v 11.868100 23.289200 0.882600
v 11.868100 23.289200 0.669300
v -10.098700 -5.371000 0.916000
v -11.384600 -5.371000 0.916000
v -11.384600 19.893600 0.916000
v -10.098700 19.893600 0.916000
v -11.659800 23.289200 0.882600
v -31.862200 23.289200 0.882600
v -31.862200 23.289200 0.669300
v -11.659800 23.289200 0.669300
v -31.862200 20.221200 0.916000
v -31.862200 23.125400 0.916000
v -11.659800 23.125400 0.916000
v -11.659800 20.221200 0.916000
v 11.730500 47.521800 0.669300
v 11.730500 23.453000 0.669300
v 11.730500 23.453000 0.882600
v 11.730500 47.521800 0.882600
v 10.195500 23.453000 0.635900
v 11.592900 23.453000 0.635900
v 11.592900 47.521800 0.635900
v 10.195500 47.521800 0.635900
v 11.592900 20.221200 0.635900
v 11.592900 23.125400 0.635900
v 10.195500 23.125400 0.635900
v 10.195500 20.221200 0.635900
v -11.384600 20.221200 0.916000
v -11.384600 23.125400 0.916000
v -10.098700 23.125400 0.916000
v -10.098700 20.221200 0.916000
v 11.592900 -5.371000 0.635900
v 11.592900 19.893600 0.635900
v 10.195500 19.893600 0.635900
v 10.195500 -5.371000 0.635900
v 11.730500 19.893600 0.882600
v 11.730500 19.893600 0.669300
v 11.730500 -5.371000 0.669300
v 11.730500 -5.371000 0.882600
v -9.961100 47.521800 0.669300
v -9.961100 23.453000 0.669300
v -9.961100 23.453000 0.882600
v -9.961100 47.521800 0.882600
v -10.098700 20.221200 0.635900
v -10.098700 23.125400 0.635900
v -11.384600 23.125400 0.635900
v -11.384600 20.221200 0.635900
v 9.920300 23.125400 0.635900
v -9.823500 23.125400 0.635900
v -9.823500 20.221200 0.635900
v 9.920300 20.221200 0.635900
v -9.823500 23.289200 0.882600
v -9.823500 23.289200 0.669300
v 9.920300 23.289200 0.669300
v 9.920300 23.289200 0.882600
v 9.920300 20.057400 0.669300
v -9.823500 20.057400 0.669300
v -9.823500 20.057400 0.882600
v 9.920300 20.057400 0.882600
v -9.961100 19.893600 0.882600
v -9.961100 19.893600 0.669300
v -9.961100 -5.371000 0.669300
v -9.961100 -5.371000 0.882600
v 9.960900 -5.698600 0.635900
v -9.864000 -5.698600 0.635900
v -10.515500 -7.874200 0.635300
v 10.612100 -7.874200 0.635300
v -9.823500 -5.534800 0.882600
v -9.823500 -5.534800 0.669300
v 9.920300 -5.534800 0.669300
v 9.920300 -5.534800 0.882600
v 11.638100 -5.698600 0.635900
v 10.253000 -5.698600 0.635900
v 10.904200 -7.874200 0.635300
v 12.385600 -7.874200 0.635300
v 10.057900 -5.371000 0.882600
v 10.057900 -5.371000 0.669300
v 10.057900 19.893600 0.669300
v 10.057900 19.893600 0.882600
v 10.669600 -8.038000 0.668600
v -10.573000 -8.038000 0.668600
v -10.573000 -8.038000 0.883300
v 10.669600 -8.038000 0.883300
v 12.452900 -8.038000 0.668600
v 10.944800 -8.038000 0.668600
v 10.944800 -8.038000 0.883300
v 12.452900 -8.038000 0.883300
v 10.612100 -7.874200 0.916600
v -10.515500 -7.874200 0.916600
v -9.864000 -5.698600 0.916000
v 9.960900 -5.698600 0.916000
v 12.385600 -7.874200 0.916600
v 10.904200 -7.874200 0.916600
v 10.253000 -5.698600 0.916000
v 11.638100 -5.698600 0.916000
v 11.592900 -5.371000 0.916000
v 10.195500 -5.371000 0.916000
v 10.195500 19.893600 0.916000
v 11.592900 19.893600 0.916000
v 9.920300 20.221200 0.916000
v -9.823500 20.221200 0.916000
v -9.823500 23.125400 0.916000
v 9.920300 23.125400 0.916000
v 11.592900 20.221200 0.916000
v 10.195500 20.221200 0.916000
v 10.195500 23.125400 0.916000
v 11.592900 23.125400 0.916000
v 10.057900 47.521800 0.882600
v 10.057900 23.453000 0.882600
v 10.057900 23.453000 0.669300
v 10.057900 47.521800 0.669300
v 11.592900 23.453000 0.916000
v 10.195500 23.453000 0.916000
v 10.195500 47.521800 0.916000
v 11.592900 47.521800 0.916000
v 9.960900 47.849400 0.916000
v -9.864000 47.849400 0.916000
v -10.515500 50.025100 0.916600
v 10.612100 50.025100 0.916600
v -9.823500 47.685600 0.669300
v -9.823500 47.685600 0.882600
v 9.920300 47.685600 0.882600
v 9.920300 47.685600 0.669300
v 11.638100 47.849400 0.916000
v 10.253000 47.849400 0.916000
v 10.904200 50.025100 0.916600
v 12.385600 50.025100 0.916600
v 10.669600 50.188800 0.883300
v -10.573000 50.188800 0.883300
v -10.573000 50.188800 0.668600
v 10.669600 50.188800 0.668600
v 12.452900 50.188800 0.883300
v 10.944800 50.188800 0.883300
v 10.944800 50.188800 0.668600
v 12.452900 50.188800 0.668600
v 10.612100 50.025100 0.635300
v -10.515500 50.025100 0.635300
v -9.864000 47.849400 0.635900
v 9.960900 47.849400 0.635900
v 12.385600 50.025100 0.635300
v 10.904200 50.025100 0.635300
v 10.253000 47.849400 0.635900
v 11.638100 47.849400 0.635900
# 360 vertices

vn 0.001200 0.000000 -1.000000
vn 0.000800 0.000400 -1.000000
vn 0.000900 0.000300 -1.000000
vn -1.000000 0.000000 0.000000
vn 0.000000 -1.000000 0.000000
vn 0.000200 0.001100 -1.000000
vn 0.000400 0.000800 -1.000000
vn 0.000000 0.001300 -1.000000
vn 0.000000 0.001100 -1.000000
vn 0.000900 -0.000300 -1.000000
vn 0.000800 -0.000400 -1.000000
vn 0.000000 -0.001300 -1.000000
vn 0.000400 -0.000800 -1.000000
vn 0.000200 -0.001100 -1.000000
vn 0.000000 1.000000 0.000000
vn 0.000000 -0.001100 -1.000000
vn 0.001200 -0.000000 1.000000
vn 0.000800 -0.000400 1.000000
vn 0.000900 -0.000300 1.000000
vn 0.000200 -0.001100 1.000000
vn 0.000400 -0.000800 1.000000
vn 0.000000 -0.001300 1.000000
vn 0.000000 -0.001100 1.000000
vn 0.000900 0.000300 1.000000
vn 0.000800 0.000400 1.000000
vn 0.001200 0.000000 1.000000
vn 0.000000 0.001300 1.000000
vn 0.000400 0.000800 1.000000
vn 0.000200 0.001100 1.000000
vn 0.000000 0.001100 1.000000
vn 0.001000 0.000000 -1.000000
vn 1.000000 0.000000 0.000000
vn -0.000900 0.000300 -1.000000
vn -0.000800 0.000400 -1.000000
vn -0.001200 0.000000 -1.000000
vn -0.000400 0.000800 -1.000000
vn -0.000200 0.001100 -1.000000
vn -0.001000 0.000000 -1.000000
vn -0.000200 -0.001100 -1.000000
vn -0.000400 -0.000800 -1.000000
vn -0.000800 -0.000400 -1.000000
vn -0.000900 -0.000300 -1.000000
vn -0.000900 -0.000300 1.000000
vn -0.000800 -0.000400 1.000000
vn -0.001200 -0.000000 1.000000
vn -0.000400 -0.000800 1.000000
vn -0.000200 -0.001100 1.000000
vn 0.001000 -0.000000 1.000000
vn 0.001000 0.000000 1.000000
vn -0.001000 -0.000000 1.000000
vn -0.001200 0.000000 1.000000
vn -0.001000 0.000000 1.000000
vn -0.000200 0.001100 1.000000
vn -0.000400 0.000800 1.000000
vn -0.000800 0.000400 1.000000
vn -0.000900 0.000300 1.000000
vn 0.000000 0.000000 -1.000000
vn 0.000000 0.000400 -1.000000
vn 0.000000 0.000300 -1.000000
vn -0.000000 0.000000 -1.000000
vn -0.000300 0.000000 -1.000000
vn 0.000000 -0.000300 -1.000000
vn 0.000000 -0.000400 -1.000000
vn 0.000000 -0.000000 -1.000000
vn 0.000300 0.000000 -1.000000
vn 0.000000 0.000000 1.000000
vn 0.000000 -0.000400 1.000000
vn 0.000000 -0.000300 1.000000
vn 0.000000 -0.000000 1.000000
vn -0.000300 -0.000000 1.000000
vn 0.000000 0.000300 1.000000
vn 0.000000 0.000400 1.000000
vn 0.000300 -0.000000 1.000000
vn 1.000000 -0.000000 0.000000
vn -0.697200 0.000000 -0.716900
vn -0.697200 -0.000000 -0.716900
vn -0.697600 -0.716400 0.000000
vn 0.000000 -0.706600 -0.707600
vn 0.000000 0.706700 -0.707600
vn -0.697600 0.716500 0.000000
vn -0.697200 0.000000 0.716900
vn -0.697200 -0.000000 0.716900
vn 0.000000 0.706700 0.707600
vn -0.000000 -0.706600 0.707600
vn 0.000000 -0.706600 0.707600
vn 0.697600 -0.716400 0.000000
vn 0.697200 -0.000000 -0.716900
vn 0.697200 0.000000 -0.716900
vn -0.000000 0.706700 -0.707600
vn 0.697600 0.716500 0.000000
vn 0.697200 0.000000 0.716900
vn 0.697200 -0.000000 0.716900
vn 0.698100 0.000000 -0.716000
vn 0.000000 0.707600 -0.706600
vn -0.698100 0.000000 -0.716000
vn -0.697700 0.716400 0.000000
vn -0.697600 0.000000 -0.716500
vn -0.696900 0.046400 -0.715700
vn -0.696500 0.056100 -0.715300
vn -0.697600 -0.716500 0.000000
vn 0.000000 -0.707600 -0.706700
vn -0.000000 -0.707100 -0.707100
vn -0.000300 -0.707100 -0.707100
vn -0.000400 -0.707100 -0.707100
vn 0.697600 -0.716500 0.000000
vn -0.697600 -0.000000 -0.716500
vn 0.000000 -0.707100 -0.707100
vn 0.698100 0.000000 0.716000
vn 0.000000 -0.707600 0.706700
vn -0.698100 0.000000 0.716000
vn -0.697600 -0.000000 0.716500
vn -0.696900 -0.046400 0.715700
vn -0.696500 -0.056100 0.715300
vn 0.000000 0.707600 0.706600
vn -0.697600 0.716400 0.000000
vn 0.000000 0.707100 0.707100
vn -0.010100 0.707100 0.707100
vn -0.013000 0.707000 0.707100
vn -0.697600 0.000000 0.716500
vn 0.697600 0.716400 0.000000
vn -0.000000 0.707100 -0.707100
vn 0.000000 0.707100 -0.707100
vn 0.010100 0.707100 -0.707100
vn 0.012900 0.707000 -0.707100
vn 0.697700 0.716400 0.000000
vn 0.696800 -0.046700 -0.715700
vn 0.696500 -0.056500 -0.715300
vn 0.697600 -0.000000 -0.716500
vn 0.000000 -0.707100 0.707100
vn 0.000300 -0.707100 0.707100
vn 0.000400 -0.707100 0.707100
vn 0.697700 -0.716400 0.000000
vn 0.697600 0.000000 -0.716500
vn 0.696700 0.052300 -0.715500
vn 0.695500 0.077400 -0.714300
vn -0.696700 -0.052300 -0.715500
vn -0.695500 -0.077400 -0.714300
vn 0.697600 -0.000000 0.716500
vn 0.696700 -0.052300 0.715500
vn 0.695500 -0.077400 0.714300
vn 0.697600 0.000000 0.716500
vn -0.696700 0.052300 0.715500
vn -0.695500 0.077400 0.714300
vn 0.696800 0.046700 0.715700
vn 0.696500 0.056500 0.715300
vn -0.328200 -0.374900 -0.867000
vn -0.332700 -0.341700 -0.879000
vn -0.327300 -0.381400 -0.864600
vn -0.323100 -0.408600 -0.853600
vn -0.327300 0.381400 -0.864600
vn -0.332700 0.341700 -0.879000
vn -0.328200 0.374900 -0.867000
vn -0.323100 0.408600 -0.853600
vn -0.328200 0.375000 0.867000
vn -0.332700 0.341700 0.879000
vn -0.327300 0.381400 0.864600
vn -0.323100 0.408600 0.853600
vn -0.327300 -0.381400 0.864600
vn -0.332700 -0.341700 0.879000
vn -0.328200 -0.374900 0.867000
vn -0.323100 -0.408600 0.853600
vn 0.328200 -0.374900 -0.867000
vn 0.323100 -0.408600 -0.853600
vn 0.327300 -0.381400 -0.864600
vn 0.332700 -0.341700 -0.879000
vn 0.327100 0.379900 -0.865300
vn 0.364500 0.374400 -0.852600
vn 0.333400 0.379000 -0.863200
vn 0.303000 0.383100 -0.872600
vn 0.328200 0.375000 0.867000
vn 0.323100 0.408600 0.853600
vn 0.327300 0.381400 0.864600
vn 0.332700 0.341700 0.879000
vn 0.327100 -0.379900 0.865300
vn 0.364600 -0.374400 0.852600
vn 0.333400 -0.379000 0.863200
vn 0.303000 -0.383100 0.872600
vn 0.466000 0.469800 -0.749700
vn 0.466500 0.462400 -0.754000
vn 0.466100 0.468700 -0.750400
vn 0.465400 0.478000 -0.744900
vn -0.465100 0.468900 -0.750900
vn -0.472400 0.468300 -0.746700
vn -0.466200 0.468800 -0.750200
vn -0.457200 0.469600 -0.755300
vn -0.223000 0.567000 -0.793000
vn -0.654600 0.672200 -0.345800
vn -0.202900 0.557700 -0.804900
vn 0.000000 0.447700 -0.894200
vn -0.692900 0.116600 -0.711600
vn -0.466000 -0.469800 -0.749800
vn -0.466500 -0.462400 -0.754000
vn -0.466100 -0.468700 -0.750400
vn -0.465400 -0.478000 -0.744900
vn -0.516700 -0.237500 -0.822600
vn -0.567500 -0.582800 -0.581600
vn -0.503100 -0.189000 -0.843300
vn -0.438200 0.000000 -0.898900
vn -0.000700 -0.707100 -0.707100
vn 0.465100 -0.468900 -0.750900
vn 0.472400 -0.468300 -0.746700
vn 0.466200 -0.468800 -0.750300
vn 0.457200 -0.469500 -0.755300
vn -0.526100 -0.276400 -0.804200
vn -0.567100 -0.582400 -0.582400
vn -0.521900 -0.259500 -0.812500
vn -0.467200 -0.078900 -0.880600
vn 0.226800 -0.526200 -0.819600
vn 0.567100 -0.582400 -0.582500
vn 0.190000 -0.515400 -0.835700
vn 0.000700 -0.447500 -0.894300
vn 0.466000 -0.469800 0.749800
vn 0.466500 -0.462400 0.754000
vn 0.466100 -0.468700 0.750400
vn 0.465400 -0.478000 0.744900
vn -0.465100 -0.468900 0.750900
vn -0.472400 -0.468300 0.746700
vn -0.466200 -0.468800 0.750300
vn -0.457200 -0.469500 0.755300
vn -0.223000 -0.567000 0.793000
vn -0.654600 -0.672200 0.345900
vn -0.202900 -0.557600 0.804900
vn 0.000000 -0.447700 0.894200
vn -0.692900 -0.116600 0.711600
vn -0.466000 0.469800 0.749700
vn -0.466500 0.462400 0.754000
vn -0.466100 0.468700 0.750400
vn -0.465400 0.478000 0.744900
vn -0.524000 0.238300 0.817700
vn -0.582800 0.598500 0.549600
vn -0.509900 0.192400 0.838400
vn -0.438200 0.000000 0.898900
vn -0.026100 0.706900 0.706900
vn 0.465100 0.468900 0.750900
vn 0.472400 0.468300 0.746700
vn 0.466200 0.468800 0.750200
vn 0.457200 0.469600 0.755300
vn -0.526100 0.276400 0.804200
vn -0.567100 0.582400 0.582400
vn -0.521900 0.259500 0.812500
vn -0.467200 0.078900 0.880600
vn 0.235000 0.528500 0.815800
vn 0.567100 0.582400 0.582400
vn 0.204900 0.519800 0.829300
vn 0.017000 0.454100 0.890800
vn -0.235000 0.528500 -0.815800
vn -0.567100 0.582400 -0.582400
vn -0.204800 0.519800 -0.829300
vn -0.017000 0.454100 -0.890800
vn 0.524000 0.238300 -0.817700
vn 0.582800 0.598500 -0.549600
vn 0.509900 0.192400 -0.838400
vn 0.438200 0.000000 -0.898900
vn 0.026100 0.706900 -0.706900
vn 0.516200 0.237200 -0.823000
vn 0.567100 0.582300 -0.582500
vn 0.502700 0.188900 -0.843600
vn 0.437700 -0.000000 -0.899100
vn 0.516700 -0.237500 0.822600
vn 0.567500 -0.582800 0.581600
vn 0.503100 -0.189000 0.843300
vn 0.438200 0.000000 0.898900
vn 0.000700 -0.707100 0.707100
vn -0.226800 -0.526200 0.819600
vn -0.567100 -0.582400 0.582500
vn -0.190000 -0.515400 0.835700
vn -0.000700 -0.447500 0.894300
vn -0.516200 0.237200 0.823000
vn -0.502700 0.188900 0.843600
vn -0.437700 0.000000 0.899100
vn 0.226400 -0.526100 -0.819700
vn 0.567100 -0.582400 -0.582400
vn 0.189500 -0.515200 -0.835900
vn 0.000000 -0.447200 -0.894400
vn -0.226400 -0.526100 0.819700
vn -0.567100 -0.582400 0.582400
vn -0.189500 -0.515200 0.835900
vn 0.000000 -0.447200 0.894400
vn -0.226400 0.526100 -0.819700
vn -0.189500 0.515200 -0.835900
vn 0.000000 0.447200 -0.894400
vn -0.516200 -0.237200 -0.823000
vn -0.502700 -0.188900 -0.843600
vn -0.437700 0.000000 -0.899100
vn 0.504700 0.195900 -0.840800
vn 0.567100 0.582400 -0.582500
vn 0.476300 0.105300 -0.873000
vn 0.402100 -0.085700 -0.911600
vn -0.218500 0.499000 -0.838600
vn -0.511800 0.525600 -0.679600
vn -0.173800 0.490500 -0.853900
vn -0.690000 -0.147600 -0.708600
vn 0.218500 0.499000 0.838600
vn 0.511800 0.525600 0.679600
vn 0.173800 0.490500 0.853900
vn 0.000000 0.447700 0.894200
vn 0.690000 -0.147600 0.708600
vn -0.504700 0.195900 0.840800
vn -0.476300 0.105400 0.873000
vn -0.402100 -0.085600 0.911600
vn 0.516200 -0.237200 0.823000
vn 0.567100 -0.582400 0.582400
vn 0.502700 -0.188900 0.843600
vn 0.437700 0.000000 0.899100
vn -0.226400 -0.526100 0.819800
vn 0.226400 0.526100 0.819700
vn 0.567200 0.582400 0.582400
vn 0.189500 0.515200 0.835900
vn 0.000000 0.447200 0.894400
vn -0.516100 0.237200 0.823000
vn 0.504700 -0.195900 0.840800
vn 0.476300 -0.105300 0.873000
vn 0.402100 0.085700 0.911600
vn -0.218400 -0.499000 0.838600
vn -0.511800 -0.525600 0.679600
vn -0.173800 -0.490500 0.854000
vn -0.690000 0.147500 0.708600
vn 0.218500 -0.499000 -0.838600
vn 0.511800 -0.525600 -0.679600
vn 0.173800 -0.490500 -0.854000
vn 0.000000 -0.447700 -0.894200
vn 0.690000 0.147600 -0.708600
vn -0.504700 -0.195900 -0.840800
vn -0.476300 -0.105400 -0.872900
vn -0.402100 0.085600 -0.911600
vn -0.516100 -0.237200 -0.823000
vn 0.526200 0.276600 -0.804100
vn 0.522100 0.260000 -0.812300
vn 0.467400 0.079500 -0.880500
vn 0.222900 0.567400 0.792700
vn 0.655300 0.672900 0.343100
vn 0.202900 0.558000 0.804600
vn 0.692800 0.117400 0.711500
vn 0.526200 -0.276600 0.804100
vn 0.567100 -0.582300 0.582500
vn 0.522100 -0.260000 0.812300
vn 0.467400 -0.079500 0.880500
vn 0.222900 -0.567300 -0.792800
vn 0.655300 -0.672900 -0.343200
vn 0.202900 -0.558000 -0.804600
vn 0.692800 -0.117400 -0.711500
# 341 vertex normals

vt 23.5315 12.8838 0.8042
vt 23.5315 2.0687 0.8042
vt 24.3022 2.9331 0.8044
vt 24.3022 12.8846 0.8044
vt 0.0985 0.8541 -12.6050
vt 0.1828 0.8541 -12.6050
vt 0.1828 11.7511 -12.6050
vt 0.0985 11.7511 -12.6050
vt 5.2818 0.8172 0.7898
vt 13.5524 0.8172 0.7898
vt 13.5524 0.9015 0.7898
vt 5.2818 0.9015 0.7898
vt 24.3753 2.8406 0.8044
vt 23.6140 1.9868 0.8042
vt 31.8192 1.9867 0.8042
vt 32.1025 2.8406 0.8044
vt 4.6457 0.8172 0.7898
vt 5.1767 0.8172 0.7898
vt 5.1767 0.9015 0.7898
vt 4.6457 0.9015 0.7898
vt 32.2159 2.8406 0.8044
vt 31.9327 1.9867 0.8042
vt 32.4536 1.9867 0.8042
vt 32.7025 2.8406 0.8044
vt 24.3022 23.7638 0.8044
vt 23.5315 24.6282 0.8042
vt 23.5315 14.3599 0.8042
vt 24.3022 14.2867 0.8044
vt 31.8192 24.7102 0.8042
vt 23.6140 24.7102 0.8042
vt 24.3753 23.8563 0.8044
vt 32.1025 23.8563 0.8044
vt -12.5524 0.9015 23.6418
vt -12.5524 0.8172 23.6418
vt -4.2818 0.8172 23.6418
vt -4.2818 0.9015 23.6418
vt 0.1828 13.2320 -12.6050
vt 0.1828 23.5775 -12.6050
vt 0.0985 23.5775 -12.6050
vt 0.0985 13.2320 -12.6050
vt 32.4536 24.7102 0.8042
vt 31.9327 24.7102 0.8042
vt 32.2159 23.8563 0.8044
vt 32.7025 23.8563 0.8044
vt -4.1767 0.9015 23.6418
vt -4.1767 0.8172 23.6418
vt -3.6457 0.8172 23.6418
vt -3.6457 0.9015 23.6418
vt 49.6362 14.3599 0.9146
vt 49.6362 24.6282 0.9146
vt 48.8655 23.7638 0.9143
vt 48.8655 14.2867 0.9143
vt 48.7924 23.8563 0.9143
vt 49.5537 24.7102 0.9146
vt 41.3485 24.7102 0.9146
vt 41.0652 23.8563 0.9143
vt 40.9517 23.8563 0.9143
vt 41.2350 24.7102 0.9146
vt 40.7141 24.7102 0.9146
vt 40.4651 23.8563 0.9143
vt 48.8655 2.9331 0.9143
vt 49.6362 2.0687 0.9146
vt 49.6362 12.8838 0.9146
vt 48.8655 12.8846 0.9143
vt 41.3485 1.9867 0.9146
vt 49.5537 1.9868 0.9146
vt 48.7924 2.8406 0.9143
vt 41.0652 2.8406 0.9143
vt 40.7141 1.9867 0.9146
vt 41.2350 1.9867 0.9146
vt 40.9517 2.8406 0.9143
vt 40.4651 2.8406 0.9143
vt 23.5315 14.2309 0.8042
vt 23.5315 13.0124 0.8042
vt 24.3022 13.0131 0.8044
vt 24.3022 14.1578 0.8044
vt 0.0985 11.8797 -12.6050
vt 0.1828 11.8797 -12.6050
vt 0.1828 13.1034 -12.6050
vt 0.0985 13.1034 -12.6050
vt -12.5524 0.9015 0.7898
vt -12.5524 0.8172 0.7898
vt -4.3642 0.8172 0.7898
vt -4.3642 0.9015 0.7898
vt 0.8172 11.7511 13.6050
vt 0.8172 0.8541 13.6050
vt 0.9015 0.8541 13.6050
vt 0.9015 11.7511 13.6050
vt 48.8655 2.9331 0.8044
vt 49.6362 2.0687 0.8042
vt 49.6362 12.8838 0.8042
vt 48.8655 12.8846 0.8044
vt 41.4307 1.9867 0.8042
vt 49.5537 1.9868 0.8042
vt 48.7924 2.8406 0.8044
vt 41.1451 2.8406 0.8044
vt 0.8172 13.1034 13.6050
vt 0.8172 11.8797 13.6050
vt 0.9015 11.8797 13.6050
vt 0.9015 13.1034 13.6050
vt 48.8655 13.0131 0.8044
vt 49.6362 13.0124 0.8042
vt 49.6362 14.2309 0.8042
vt 48.8655 14.1578 0.8044
vt 48.7924 23.8563 0.8044
vt 49.5537 24.7102 0.8042
vt 41.4307 24.7102 0.8042
vt 41.1451 23.8563 0.8044
vt 49.6362 14.3599 0.8042
vt 49.6362 24.6282 0.8042
vt 48.8655 23.7638 0.8044
vt 48.8655 14.2867 0.8044
vt 0.9015 23.5775 13.6050
vt 0.8172 23.5775 13.6050
vt 0.8172 13.2320 13.6050
vt 0.9015 13.2320 13.6050
vt 5.3642 0.8172 23.6418
vt 13.5524 0.8172 23.6418
vt 13.5524 0.9015 23.6418
vt 5.3642 0.9015 23.6418
vt 24.3022 23.7638 0.9143
vt 23.5315 24.6282 0.9146
vt 23.5315 14.3599 0.9146
vt 24.3022 14.2867 0.9143
vt 31.7369 24.7102 0.9146
vt 23.6140 24.7102 0.9146
vt 24.3753 23.8563 0.9143
vt 32.0226 23.8563 0.9143
vt 49.6362 13.0124 0.9146
vt 49.6362 14.2309 0.9146
vt 48.8655 14.1578 0.9143
vt 48.8655 13.0131 0.9143
vt 24.3022 14.1578 0.9143
vt 23.5315 14.2309 0.9146
vt 23.5315 13.0124 0.9146
vt 24.3022 13.0131 0.9143
vt 24.3753 2.8406 0.9143
vt 23.6140 1.9868 0.9146
vt 31.7369 1.9867 0.9146
vt 32.0226 2.8406 0.9143
vt 23.5315 12.8838 0.9146
vt 23.5315 2.0687 0.9146
vt 24.3022 2.9331 0.9143
vt 24.3022 12.8846 0.9143
vt 0.8175 11.7520 -11.7290
vt 0.8175 1.8365 -11.7290
vt 0.9012 1.8365 -11.7290
vt 0.9012 11.7520 -11.7290
vt -11.6765 0.9012 1.7722
vt -11.6765 0.8175 1.7722
vt -3.9559 0.8175 1.7722
vt -3.9559 0.9012 1.7722
vt 5.0355 0.8175 1.7722
vt 12.6765 0.8175 1.7722
vt 12.6765 0.9012 1.7722
vt 5.0355 0.9012 1.7722
vt 0.0988 1.8365 12.7290
vt 0.1825 1.8365 12.7290
vt 0.1825 11.7520 12.7290
vt 0.0988 11.7520 12.7290
vt 32.2331 12.8846 0.8044
vt 32.2331 2.9692 0.8044
vt 32.7245 2.9692 0.8044
vt 32.7245 12.8846 0.8044
vt 0.0988 1.8365 -3.9033
vt 0.1825 1.8365 -3.9033
vt 0.1825 11.7520 -3.9033
vt 0.0988 11.7520 -3.9033
vt 0.1825 13.1489 12.7290
vt 0.1825 22.5951 12.7290
vt 0.0988 22.5951 12.7290
vt 0.0988 13.1489 12.7290
vt -11.6765 0.9012 22.6593
vt -11.6765 0.8175 22.6593
vt -4.0355 0.8175 22.6593
vt -4.0355 0.9012 22.6593
vt 41.1193 13.0132 0.8044
vt 48.7603 13.0132 0.8044
vt 48.7603 14.1530 0.8044
vt 41.1193 14.1530 0.8044
vt -11.6765 0.9012 11.8162
vt -11.6765 0.8175 11.8162
vt -4.0355 0.8175 11.8162
vt -4.0355 0.9012 11.8162
vt 4.9559 0.8175 22.6593
vt 12.6765 0.8175 22.6593
vt 12.6765 0.9012 22.6593
vt 4.9559 0.9012 22.6593
vt 0.9012 22.5951 -11.7290
vt 0.8175 22.5951 -11.7290
vt 0.8175 13.1489 -11.7290
vt 0.9012 13.1489 -11.7290
vt 0.1825 13.1489 -3.9033
vt 0.1825 22.5951 -3.9033
vt 0.0988 22.5951 -3.9033
vt 0.0988 13.1489 -3.9033
vt 32.7245 23.7277 0.8044
vt 32.2331 23.7277 0.8044
vt 32.2331 14.2816 0.8044
vt 32.7245 14.2816 0.8044
vt 4.9559 0.8175 11.8162
vt 12.6765 0.8175 11.8162
vt 12.6765 0.9012 11.8162
vt 4.9559 0.9012 11.8162
vt 24.4074 14.1530 0.8044
vt 24.4074 13.0132 0.8044
vt 32.1279 13.0132 0.8044
vt 32.1279 14.1530 0.8044
vt 40.9346 14.2816 0.9143
vt 40.9346 23.7277 0.9143
vt 40.4431 23.7277 0.9143
vt 40.4431 14.2816 0.9143
vt 32.0483 14.1530 0.9143
vt 24.4074 14.1530 0.9143
vt 24.4074 13.0132 0.9143
vt 32.0483 13.0132 0.9143
vt 12.6765 0.8175 13.0846
vt 12.6765 0.9012 13.0846
vt 5.0355 0.9012 13.0846
vt 5.0355 0.8175 13.0846
vt 40.4431 2.9692 0.9143
vt 40.9346 2.9692 0.9143
vt 40.9346 12.8846 0.9143
vt 40.4431 12.8846 0.9143
vt -3.9559 0.9012 13.0846
vt -11.6765 0.9012 13.0846
vt -11.6765 0.8175 13.0846
vt -3.9559 0.8175 13.0846
vt 48.7603 13.0132 0.9143
vt 48.7603 14.1530 0.9143
vt 41.0397 14.1530 0.9143
vt 41.0397 13.0132 0.9143
vt 0.8175 22.5951 4.9829
vt 0.8175 13.1489 4.9829
vt 0.9012 13.1489 4.9829
vt 0.9012 22.5951 4.9829
vt 40.4801 14.2816 0.8044
vt 41.0142 14.2816 0.8044
vt 41.0142 23.7277 0.8044
vt 40.4802 23.7277 0.8044
vt 41.0142 13.0132 0.8044
vt 41.0142 14.1530 0.8044
vt 40.4801 14.1530 0.8044
vt 40.4801 13.0132 0.8044
vt 40.9346 13.0132 0.9143
vt 40.9346 14.1530 0.9143
vt 40.4431 14.1530 0.9143
vt 40.4431 13.0132 0.9143
vt 41.0142 2.9692 0.8044
vt 41.0142 12.8846 0.8044
vt 40.4801 12.8846 0.8044
vt 40.4801 2.9692 0.8044
vt 0.9012 11.7520 4.9829
vt 0.8175 11.7520 4.9829
vt 0.8175 1.8365 4.9829
vt 0.9012 1.8365 4.9829
vt 0.8175 22.5951 -3.3067
vt 0.8175 13.1489 -3.3067
vt 0.9012 13.1489 -3.3067
vt 0.9012 22.5951 -3.3067
vt 32.7245 13.0132 0.8044
vt 32.7245 14.1530 0.8044
vt 32.2331 14.1530 0.8044
vt 32.2331 13.0132 0.8044
vt 40.3750 14.1530 0.8044
vt 32.8297 14.1530 0.8044
vt 32.8297 13.0132 0.8044
vt 40.3750 13.0132 0.8044
vt -3.2541 0.9012 13.0846
vt -3.2541 0.8175 13.0846
vt 4.2911 0.8175 13.0846
vt 4.2911 0.9012 13.0846
vt -3.2911 0.8175 11.8162
vt 4.2541 0.8175 11.8162
vt 4.2541 0.9012 11.8162
vt -3.2911 0.9012 11.8162
vt 0.9012 11.7520 -3.3067
vt 0.8175 11.7520 -3.3067
vt 0.8175 1.8365 -3.3067
vt 0.9012 1.8365 -3.3067
vt 40.3905 2.8406 0.8044
vt 32.8142 2.8406 0.8044
vt 32.5653 1.9867 0.8042
vt 40.6393 1.9867 0.8042
vt -3.2541 0.9012 1.7722
vt -3.2541 0.8175 1.7722
vt 4.2911 0.8175 1.7722
vt 4.2911 0.9012 1.7722
vt 41.0315 2.8406 0.8044
vt 40.5021 2.8406 0.8044
vt 40.7510 1.9867 0.8042
vt 41.3171 1.9867 0.8042
vt 0.0988 1.8365 4.3437
vt 0.1825 1.8365 4.3437
vt 0.1825 11.7520 4.3437
vt 0.0988 11.7520 4.3437
vt -3.5775 0.8172 0.7898
vt 4.5406 0.8172 0.7898
vt 4.5406 0.9015 0.7898
vt -3.5775 0.9015 0.7898
vt -4.2590 0.8172 0.7898
vt -3.6826 0.8172 0.7898
vt -3.6826 0.9015 0.7898
vt -4.2590 0.9015 0.7898
vt 32.5283 1.9867 0.9146
vt 40.6024 1.9867 0.9146
vt 40.3535 2.8406 0.9143
vt 32.7772 2.8406 0.9143
vt 31.8506 1.9867 0.9146
vt 32.4167 1.9867 0.9146
vt 32.6656 2.8406 0.9143
vt 32.1362 2.8406 0.9143
vt 32.1535 2.9692 0.9143
vt 32.6875 2.9692 0.9143
vt 32.6875 12.8846 0.9143
vt 32.1535 12.8846 0.9143
vt 32.7927 13.0132 0.9143
vt 40.3380 13.0132 0.9143
vt 40.3380 14.1530 0.9143
vt 32.7927 14.1530 0.9143
vt 32.1535 13.0132 0.9143
vt 32.6875 13.0132 0.9143
vt 32.6875 14.1530 0.9143
vt 32.1535 14.1530 0.9143
vt 0.0988 22.5951 4.3437
vt 0.0988 13.1489 4.3437
vt 0.1825 13.1489 4.3437
vt 0.1825 22.5951 4.3437
vt 32.1535 14.2816 0.9143
vt 32.6875 14.2816 0.9143
vt 32.6875 23.7277 0.9143
vt 32.1535 23.7277 0.9143
vt 32.7772 23.8563 0.9143
vt 40.3535 23.8563 0.9143
vt 40.6024 24.7102 0.9146
vt 32.5283 24.7102 0.9146
vt 4.2541 0.8175 22.6593
vt 4.2541 0.9012 22.6593
vt -3.2911 0.9012 22.6593
vt -3.2911 0.8175 22.6593
vt 32.1362 23.8563 0.9143
vt 32.6656 23.8563 0.9143
vt 32.4167 24.7102 0.9146
vt 31.8506 24.7102 0.9146
vt 4.5775 0.9015 23.6418
vt -3.5406 0.9015 23.6418
vt -3.5406 0.8172 23.6418
vt 4.5775 0.8172 23.6418
vt 5.2590 0.9015 23.6418
vt 4.6827 0.9015 23.6418
vt 4.6827 0.8172 23.6418
vt 5.2590 0.8172 23.6418
vt 40.6393 24.7102 0.8042
vt 32.5653 24.7102 0.8042
vt 32.8142 23.8563 0.8044
vt 40.3905 23.8563 0.8044
vt 41.3171 24.7102 0.8042
vt 40.7510 24.7102 0.8042
vt 40.5021 23.8563 0.8044
vt 41.0315 23.8563 0.8044
vt 0.1958 11.7512 -12.5524
vt 0.1958 0.9360 -12.5524
vt 13.6050 0.9015 0.8541
vt 13.6050 0.8172 0.8541
vt 5.2647 0.8042 0.8541
vt 13.4699 0.8042 0.8541
vt 4.6302 0.8042 0.8541
vt 5.1512 0.8042 0.8541
vt 0.1958 13.2272 -12.5524
vt 0.1958 23.4955 -12.5524
vt -4.2647 0.8042 23.5775
vt -12.4699 0.8042 23.5775
vt -12.6050 0.9015 23.5775
vt -12.6050 0.8172 23.5775
vt -3.6302 0.8042 23.5775
vt -4.1512 0.8042 23.5775
vt 0.0854 13.2272 -12.5524
vt 0.0854 23.4956 -12.5524
vt -4.2647 0.9146 23.5775
vt -12.4699 0.9146 23.5775
vt -3.6302 0.9146 23.5775
vt -4.1512 0.9146 23.5775
vt 0.0854 11.7512 -12.5524
vt 0.0854 0.9360 -12.5524
vt 5.2647 0.9146 0.8541
vt 13.4699 0.9146 0.8541
vt 4.6302 0.9146 0.8541
vt 5.1512 0.9146 0.8541
vt 0.1958 13.0983 -12.5524
vt 0.1958 11.8797 -12.5524
vt -4.3469 0.8042 0.8541
vt -12.4699 0.8042 0.8541
vt -12.6050 0.9015 0.8541
vt -12.6050 0.8172 0.8541
vt 0.8042 11.7512 13.5524
vt 0.8042 0.9360 13.5524
vt 0.8042 13.0983 13.5524
vt 0.8042 11.8797 13.5524
vt 5.3469 0.8042 23.5775
vt 13.4699 0.8042 23.5775
vt 0.8042 13.2272 13.5524
vt 0.8042 23.4955 13.5524
vt 13.6050 0.9015 23.5775
vt 13.6050 0.8172 23.5775
vt 5.3469 0.9146 23.5775
vt 13.4699 0.9146 23.5775
vt 0.9146 13.2272 13.5524
vt 0.9146 23.4956 13.5524
vt 0.0854 11.8797 -12.5524
vt 0.0854 13.0983 -12.5524
vt 0.9146 11.8797 13.5524
vt 0.9146 13.0983 13.5524
vt -4.3469 0.9146 0.8541
vt -12.4699 0.9146 0.8541
vt 0.9146 11.7512 13.5524
vt 0.9146 0.9360 13.5524
vt -11.7290 0.9012 1.8365
vt -11.7290 0.8175 1.8365
vt 0.8044 11.7519 -11.7816
vt 0.8044 1.8005 -11.7816
vt -3.9814 0.8044 1.7079
vt -11.7086 0.8044 1.7079
vt 12.7290 0.9012 1.8365
vt 12.7290 0.8175 1.8365
vt 5.0612 0.8044 1.7079
vt 12.7086 0.8044 1.7079
vt 0.1956 11.7519 12.7816
vt 0.1956 1.8005 12.7816
vt -3.9033 0.9012 1.8365
vt -3.9033 0.8175 1.8365
vt 0.1956 11.7520 -3.8507
vt 0.1956 1.8365 -3.8507
vt -11.7290 0.9012 22.5951
vt -11.7290 0.8175 22.5951
vt 0.1956 13.1541 12.7816
vt 0.1956 22.6311 12.7816
vt -4.0612 0.8044 22.7236
vt -11.7086 0.8044 22.7236
vt -11.7290 0.9012 11.7520
vt -11.7290 0.8175 11.7520
vt -4.0355 0.8044 11.8805
vt -11.6765 0.8044 11.8805
vt 12.7290 0.9012 22.5951
vt 12.7290 0.8175 22.5951
vt 4.9814 0.8044 22.7236
vt 12.7086 0.8044 22.7236
vt 0.8044 13.1541 -11.7816
vt 0.8044 22.6311 -11.7816
vt 4.9033 0.9012 22.5951
vt 4.9033 0.8175 22.5951
vt 0.1956 13.1489 -3.8507
vt 0.1956 22.5951 -3.8507
vt 12.7290 0.9012 11.7520
vt 12.7290 0.8175 11.7520
vt 4.9559 0.8044 11.8805
vt 12.6765 0.8044 11.8805
vt 0.9143 13.1541 -11.7816
vt 0.9143 22.6311 -11.7816
vt 4.9814 0.9143 22.7236
vt 12.7086 0.9143 22.7236
vt -4.0612 0.9143 22.7236
vt -11.7086 0.9143 22.7236
vt 0.0857 13.1541 12.7816
vt 0.0857 22.6311 12.7816
vt 0.0857 13.1489 -3.8507
vt 0.0857 22.5951 -3.8507
vt 0.0857 11.7519 12.7816
vt 0.0857 1.8005 12.7816
vt 5.0612 0.9143 1.7079
vt 12.7086 0.9143 1.7079
vt 12.7290 0.8175 13.1489
vt 12.7290 0.9012 13.1489
vt 5.0355 0.9143 13.0203
vt 12.6765 0.9143 13.0203
vt -3.9814 0.9143 1.7079
vt -11.7086 0.9143 1.7079
vt 0.9143 11.7519 -11.7816
vt 0.9143 1.8005 -11.7816
vt 0.0857 11.7520 -3.8507
vt 0.0857 1.8365 -3.8507
vt -11.7290 0.8175 13.1489
vt -11.7290 0.9012 13.1489
vt -3.9559 0.9143 13.0203
vt -11.6765 0.9143 13.0203
vt 5.0355 0.8044 13.0203
vt 12.6765 0.8044 13.0203
vt -3.9559 0.8044 13.0203
vt -11.6765 0.8044 13.0203
vt 4.9829 0.9012 13.1489
vt 4.9829 0.8175 13.1489
vt 0.8044 22.5951 4.9303
vt 0.8044 13.1489 4.9303
vt 4.9559 0.9143 11.8805
vt 12.6765 0.9143 11.8805
vt -4.0355 0.9143 11.8805
vt -11.6765 0.9143 11.8805
vt -3.9033 0.8175 13.1489
vt -3.9033 0.9012 13.1489
vt -3.9829 0.9012 11.7520
vt -3.9829 0.8175 11.7520
vt 0.8044 1.8365 4.9303
vt 0.8044 11.7520 4.9303
vt 4.9033 0.8175 11.7520
vt 4.9033 0.9012 11.7520
vt -3.3067 0.9012 13.1489
vt -3.3067 0.8175 13.1489
vt 0.8044 22.5951 -3.3593
vt 0.8044 13.1489 -3.3593
vt 4.2911 0.8044 13.0203
vt -3.2541 0.8044 13.0203
vt 4.3067 0.9012 11.7520
vt 4.3067 0.8175 11.7520
vt -3.2911 0.8044 11.8805
vt 4.2541 0.8044 11.8805
vt 0.8044 1.8365 -3.3593
vt 0.8044 11.7520 -3.3593
vt -3.3067 0.9012 1.8365
vt -3.3067 0.8175 1.8365
vt 4.3066 0.8044 1.7079
vt -3.2696 0.8044 1.7079
vt 4.3437 0.9012 1.8365
vt 4.3437 0.8175 1.8365
vt 0.1956 11.7520 4.3963
vt 0.1956 1.8365 4.3963
vt -3.5555 0.8042 0.8541
vt 4.5186 0.8042 0.8541
vt -4.2333 0.8042 0.8541
vt -3.6672 0.8042 0.8541
vt -3.5555 0.9146 0.8541
vt 4.5186 0.9146 0.8541
vt -4.2333 0.9146 0.8541
vt -3.6672 0.9146 0.8541
vt 4.3066 0.9143 1.7079
vt -3.2696 0.9143 1.7079
vt 0.9143 11.7520 -3.3593
vt 0.9143 1.8365 -3.3593
vt 0.0857 11.7520 4.3963
vt 0.0857 1.8365 4.3963
vt -3.2911 0.9143 11.8805
vt 4.2541 0.9143 11.8805
vt -3.3437 0.8175 11.7520
vt -3.3437 0.9012 11.7520
vt 4.2911 0.9143 13.0203
vt -3.2541 0.9143 13.0203
vt 0.9143 22.5951 -3.3593
vt 0.9143 13.1489 -3.3593
vt 4.3437 0.8175 13.1489
vt 4.3437 0.9012 13.1489
vt 0.0857 22.5951 4.3963
vt 0.0857 13.1489 4.3963
vt 4.3067 0.8175 22.5951
vt 4.3067 0.9012 22.5951
vt -3.3066 0.9143 22.7236
vt 4.2696 0.9143 22.7236
vt -3.3437 0.8175 22.5951
vt -3.3437 0.9012 22.5951
vt 4.5555 0.9146 23.5775
vt -3.5186 0.9146 23.5775
vt 5.2333 0.9146 23.5775
vt 4.6672 0.9146 23.5775
vt 4.5555 0.8042 23.5775
vt -3.5186 0.8042 23.5775
vt 5.2333 0.8042 23.5775
vt 4.6672 0.8042 23.5775
vt -3.3066 0.8044 22.7236
vt 4.2696 0.8044 22.7236
vt 0.1956 13.1489 4.3963
vt 0.1956 22.5951 4.3963
vt 4.9829 0.9012 1.8365
vt 4.9829 0.8175 1.8365
vt 0.9143 11.7520 4.9303
vt 0.9143 1.8365 4.9303
vt 0.9143 22.5951 4.9303
vt 0.9143 13.1489 4.9303
vt -3.9829 0.8175 22.5951
vt -3.9829 0.9012 22.5951
vt 13.5524 0.8042 0.9360
vt -12.5524 0.8042 23.4955
vt -12.5524 0.9146 23.4956
vt 13.5524 0.9146 0.9360
vt -12.5524 0.8042 0.9360
vt 13.5524 0.8042 23.4955
vt 13.5524 0.9146 23.4956
vt -12.5524 0.9146 0.9360
vt -11.7816 0.8044 1.8005
vt 12.7816 0.8044 1.8005
vt -3.8679 0.8044 1.7079
vt -3.8507 0.8044 1.8365
vt -11.7816 0.8044 22.6311
vt -11.7816 0.8044 11.7519
vt -11.7816 0.8044 11.8805
vt 12.7816 0.8044 22.6311
vt 4.8507 0.8044 22.5951
vt 4.8679 0.8044 22.7236
vt 12.7816 0.8044 11.8805
vt 12.7816 0.8044 11.7519
vt 12.7816 0.9143 22.6311
vt -11.7816 0.9143 22.6311
vt 4.8679 0.9143 22.7236
vt 4.8507 0.9143 22.5951
vt 12.7816 0.9143 1.8005
vt 12.7816 0.9143 13.1541
vt 12.7816 0.9143 13.0251
vt -11.7816 0.9143 1.8005
vt -3.8507 0.9143 1.8365
vt -3.8679 0.9143 1.7079
vt -11.7816 0.9143 13.0251
vt -11.7816 0.9143 13.1541
vt 12.7816 0.8044 13.0251
vt 12.7816 0.8044 13.1541
vt -11.7816 0.8044 13.1541
vt -11.7816 0.8044 13.0251
vt 4.9303 0.8044 13.1489
vt 4.9303 0.8044 13.0203
vt 12.7816 0.9143 11.7519
vt 12.7816 0.9143 11.8805
vt -11.7816 0.9143 11.8805
vt -11.7816 0.9143 11.7519
vt -3.8507 0.9143 13.1489
vt -3.8507 0.9143 13.0203
vt -3.9303 0.8044 11.8805
vt -3.9303 0.8044 11.7520
vt 4.8507 0.9143 11.8805
vt 4.8507 0.9143 11.7520
vt -3.3593 0.8044 13.1489
vt -3.3593 0.8044 13.0203
vt -3.8507 0.8044 13.0203
vt -3.8507 0.8044 13.1489
vt 4.3593 0.8044 11.8805
vt 4.3593 0.8044 11.7520
vt 4.8507 0.8044 11.7520
vt 4.8507 0.8044 11.8805
vt -3.3593 0.8044 1.8365
vt -3.3813 0.8044 1.7079
vt 4.4183 0.8044 1.7079
vt 4.3963 0.8044 1.8365
vt -3.3813 0.9143 1.7079
vt -3.3593 0.9143 1.8365
vt 4.3963 0.9143 1.8365
vt 4.4183 0.9143 1.7079
vt 4.3593 0.9143 11.7520
vt 4.3593 0.9143 11.8805
vt -3.3963 0.9143 11.8805
vt -3.3963 0.9143 11.7520
vt -3.3593 0.9143 13.0203
vt -3.3593 0.9143 13.1489
vt 4.3963 0.9143 13.1489
vt 4.3963 0.9143 13.0203
vt 4.3593 0.9143 22.5951
vt 4.3813 0.9143 22.7236
vt -3.4183 0.9143 22.7236
vt -3.3963 0.9143 22.5951
vt 4.3813 0.8044 22.7236
vt 4.3593 0.8044 22.5951
vt -3.3963 0.8044 22.5951
vt -3.4183 0.8044 22.7236
vt 4.3963 0.8044 13.0203
vt 4.3963 0.8044 13.1489
vt -3.3963 0.8044 11.7520
vt -3.3963 0.8044 11.8805
vt 4.9303 0.8044 1.8365
vt 4.9476 0.8044 1.7079
vt 4.9476 0.9143 1.7079
vt 4.9303 0.9143 1.8365
vt -3.9303 0.9143 11.7520
vt -3.9303 0.9143 11.8805
vt 4.9303 0.9143 13.0203
vt 4.9303 0.9143 13.1489
vt -3.9303 0.9143 22.5951
vt -3.9476 0.9143 22.7236
vt -3.9476 0.8044 22.7236
vt -3.9303 0.8044 22.5951
# 672 texture coords

g pCube28
usemtl Pine_mat
s 1
f 17/49/13 18/50/14 19/51/15 20/52/13 
f 21/53/16 22/54/16 23/55/16 24/56/16 
f 25/57/17 26/58/17 27/59/17 28/60/17 
f 29/61/18 30/62/19 31/63/20 32/64/20 
f 33/65/17 34/66/17 35/67/17 36/68/17 
f 37/69/21 38/70/20 39/71/20 40/72/21 
f 41/73/22 42/74/23 43/75/13 44/76/13 
f 45/77/24 46/78/25 47/79/26 48/80/24 
f 49/81/27 50/82/27 51/83/27 52/84/27 
f 53/85/16 54/86/16 55/87/16 56/88/16 
f 57/89/24 58/90/24 59/91/28 60/92/28 
f 61/93/27 62/94/27 63/95/27 64/96/27 
f 65/97/29 66/98/30 67/99/31 68/100/29 
f 69/101/32 70/102/33 71/103/34 72/104/34 
f 73/105/35 74/106/34 75/107/34 76/108/35 
f 77/109/36 78/110/37 79/111/38 80/112/38 
f 81/113/39 82/114/40 83/115/41 84/116/39 
f 85/117/39 86/118/39 87/119/42 88/120/42 
f 89/121/13 90/122/13 91/123/43 92/124/43 
f 93/125/16 94/126/16 95/127/16 96/128/16 
f 97/129/17 98/130/17 99/131/17 100/132/17 
f 101/133/44 102/134/44 103/135/44 104/136/44 
f 105/137/45 106/138/46 107/139/47 108/140/47 
f 109/141/20 110/142/48 111/143/49 112/144/20 
f 113/145/44 114/146/44 115/147/44 116/148/44 
f 117/149/50 118/150/47 119/151/47 120/152/50 
f 121/153/51 122/154/52 123/155/24 124/156/24 
f 125/157/47 126/158/53 127/159/54 128/160/47 
f 129/161/44 130/162/44 131/163/44 132/164/44 
f 133/165/27 134/166/27 135/167/27 136/168/27 
f 137/169/55 138/170/56 139/171/57 140/172/57 
f 141/173/34 142/174/58 143/175/59 144/176/34 
f 145/177/38 146/178/29 147/179/60 148/180/61 
f 149/181/62 150/182/57 151/183/63 152/184/64 
f 153/185/65 154/186/66 155/187/39 156/188/39 
f 157/189/63 158/190/67 159/191/68 160/192/63 
f 161/193/44 162/194/44 163/195/44 164/196/44 
f 165/197/27 166/198/27 167/199/27 168/200/27 
f 169/201/27 170/202/27 171/203/27 172/204/27 
f 173/205/16 174/206/16 175/207/16 176/208/16 
f 177/209/69 178/210/70 179/211/71 180/212/69 
f 181/213/16 182/214/16 183/215/16 184/216/16 
f 185/217/16 186/218/16 187/219/16 188/220/16 
f 189/221/17 190/222/17 191/223/17 192/224/17 
f 193/225/72 194/226/73 195/227/73 196/228/72 
f 197/229/17 198/230/17 199/231/17 200/232/17 
f 201/233/17 202/234/17 203/235/17 204/236/17 
f 205/237/44 206/238/44 207/239/44 208/240/44 
f 209/241/16 210/242/16 211/243/16 212/244/16 
f 213/245/74 214/246/75 215/247/76 216/248/76 
f 217/249/17 218/250/17 219/251/17 220/252/17 
f 221/253/77 222/254/77 223/255/69 224/256/69 
f 225/257/78 226/258/79 227/259/80 228/260/78 
f 229/261/81 230/262/82 231/263/82 232/264/81 
f 233/265/27 234/266/27 235/267/27 236/268/27 
f 237/269/83 238/270/84 239/271/78 240/272/78 
f 241/273/27 242/274/27 243/275/27 244/276/27 
f 245/277/85 246/278/85 247/279/81 248/280/81 
f 249/281/86 250/282/86 251/283/86 252/284/86 
f 253/285/76 254/286/76 255/287/75 256/288/74 
f 257/289/69 258/290/76 259/291/76 260/292/69 
f 261/293/78 262/294/78 263/295/78 264/296/78 
f 265/297/70 266/298/69 267/299/69 268/300/71 
f 269/301/86 270/302/86 271/303/86 272/304/86 
f 273/305/44 274/306/44 275/307/44 276/308/44 
f 277/309/69 278/310/76 279/311/76 280/312/69 
f 281/313/69 282/314/69 283/315/69 284/316/69 
f 285/317/27 286/318/27 287/319/27 288/320/27 
f 289/321/17 290/322/17 291/323/17 292/324/17 
f 293/325/44 294/326/44 295/327/44 296/328/44 
f 297/329/20 298/330/20 299/331/20 300/332/20 
f 301/333/27 302/334/27 303/335/27 304/336/27 
f 305/337/21 306/338/21 307/339/20 308/340/20 
f 309/341/16 310/342/16 311/343/16 312/344/16 
f 313/345/17 314/346/17 315/347/17 316/348/17 
f 317/349/17 318/350/17 319/351/17 320/352/17 
f 321/353/39 322/354/39 323/355/39 324/356/39 
f 325/357/39 326/358/39 327/359/42 328/360/42 
f 329/361/84 330/362/83 331/363/78 332/364/78 
f 333/365/81 334/366/81 335/367/81 336/368/81 
f 337/369/78 338/370/78 339/371/78 340/372/78 
f 341/373/16 342/374/16 343/375/16 344/376/16 
f 345/377/78 346/378/78 347/379/80 348/380/79 
f 349/381/34 350/382/34 351/383/34 352/384/34 
f 353/385/17 354/386/17 355/387/17 356/388/17 
f 357/389/35 358/390/35 359/391/34 360/392/34 
f 361/393/27 362/394/27 363/395/27 364/396/27 
f 365/397/27 366/398/27 367/399/27 368/400/27 
f 369/401/24 370/402/24 371/403/24 372/404/24 
f 373/405/24 374/406/24 375/407/28 376/408/28 
f 29/61/18 19/51/15 18/50/14 30/62/19 
s 2
f 17/409/87 23/55/87 22/54/88 18/410/88 
s 4
f 21/411/89 27/59/89 26/58/89 22/412/89 
s 2
f 25/57/90 31/413/90 30/414/90 26/58/90 
s 1
f 28/60/17 35/67/17 34/66/17 25/57/17 
s 2
f 33/65/90 39/415/90 38/416/90 34/66/90 
s 1
f 37/69/21 32/64/20 31/63/20 38/70/20 
s 2
f 53/85/88 43/417/88 42/418/87 54/86/87 
s 1
f 41/73/22 47/79/26 46/78/25 42/74/23 
s 2
f 45/419/91 51/83/91 50/82/91 46/420/91 
s 4
f 49/81/92 55/421/92 54/422/92 50/82/92 
s 1
f 48/80/24 59/91/28 58/90/24 45/77/24 
s 2
f 57/423/91 63/95/91 62/94/91 58/424/91 
s 1
f 61/93/27 52/84/27 51/83/27 62/94/27 
f 69/101/32 67/99/31 66/98/30 70/102/33 
s 2
f 65/425/93 56/88/93 55/87/94 66/426/94 
f 52/84/95 71/427/95 70/428/95 49/81/95 
f 64/96/95 75/429/95 74/430/95 61/93/95 
s 1
f 73/105/35 72/104/34 71/103/34 74/106/34 
s 2
f 24/56/93 79/431/93 78/432/94 21/53/94 
s 1
f 77/109/36 83/115/41 82/114/40 78/110/37 
s 2
f 81/433/96 28/60/96 27/59/96 82/434/97 
s 1
f 84/116/39 87/119/42 86/118/39 81/113/39 
s 2
f 85/435/97 36/68/97 35/67/97 86/436/97 
s 1
f 93/125/16 24/56/16 23/55/16 94/126/16 
f 20/52/13 91/123/43 90/122/13 17/49/13 
s 2
f 89/437/87 95/127/87 94/126/87 90/438/87 
f 109/439/90 99/131/90 98/130/90 110/440/90 
s 4
f 97/129/98 103/441/98 102/442/98 98/130/98 
s 2
f 101/133/99 107/443/99 106/444/100 102/134/100 
s 1
f 105/137/45 111/143/49 110/142/48 106/138/46 
f 117/149/50 108/140/47 107/139/47 118/150/47 
f 104/136/44 115/147/44 114/146/44 101/133/44 
s 2
f 113/145/100 119/445/100 118/446/100 114/146/100 
f 133/165/101 123/447/91 122/448/101 134/166/101 
s 1
f 121/153/51 127/159/54 126/158/53 122/154/52 
s 2
f 125/449/100 131/163/100 130/162/99 126/450/99 
s 4
f 129/451/102 135/167/102 134/166/102 130/452/102 
s 2
f 141/453/95 136/168/95 135/167/95 142/454/95 
f 132/164/103 139/455/104 138/456/104 129/161/104 
s 1
f 137/169/55 143/175/59 142/174/58 138/170/56 
f 68/100/29 147/179/60 146/178/29 65/97/29 
s 2
f 145/457/93 93/125/93 96/128/93 146/458/94 
s 1
f 95/127/16 53/85/16 56/88/16 96/128/16 
f 131/163/44 113/145/44 116/148/44 132/164/44 
s 2
f 115/147/103 151/459/103 150/460/103 116/148/103 
s 1
f 149/181/62 140/172/57 139/171/57 150/182/57 
s 2
f 100/132/97 155/461/97 154/462/97 97/129/97 
s 1
f 153/185/65 159/191/68 158/190/67 154/186/66 
s 2
f 157/463/103 104/136/103 103/135/104 158/464/104 
f 165/197/102 163/465/102 162/466/102 166/198/102 
s 4
f 161/193/105 20/467/105 19/468/105 162/194/105 
f 32/469/106 167/199/106 166/198/106 29/470/106 
s 2
f 173/471/92 171/203/92 170/202/92 174/472/92 
s 4
f 169/201/106 112/473/106 111/474/106 170/202/106 
f 108/475/107 175/207/107 174/206/107 105/476/107 
s 2
f 181/477/108 168/200/108 167/199/108 182/478/108 
s 1
f 40/72/21 179/211/71 178/210/70 37/69/21 
s 4
f 177/479/109 183/215/109 182/214/110 178/480/111 
s 2
f 189/221/112 187/481/112 186/482/112 190/222/112 
s 4
f 185/217/107 128/483/107 127/484/107 186/218/107 
f 124/485/113 191/223/113 190/222/113 121/486/113 
s 2
f 197/229/112 176/487/112 175/488/112 198/230/112 
s 1
f 120/152/50 195/227/73 194/226/73 117/149/50 
s 4
f 193/489/114 199/231/114 198/230/115 194/490/116 
s 2
f 205/491/117 203/235/117 202/234/117 206/492/117 
s 4
f 201/233/113 48/493/113 47/494/113 202/234/113 
f 44/495/105 207/239/105 206/238/105 41/496/105 
s 2
f 204/236/89 211/497/89 210/498/89 201/233/89 
s 4
f 209/241/118 215/499/118 214/500/109 210/242/109 
s 1
f 213/245/74 60/92/28 59/91/28 214/246/75 
s 2
f 164/501/117 219/251/117 218/250/117 161/502/117 
s 4
f 217/249/119 223/503/119 222/504/119 218/250/119 
s 1
f 221/253/77 92/124/43 91/123/43 222/254/77 
s 4
f 208/240/120 68/505/120 67/506/120 205/237/120 
f 72/507/121 204/236/121 203/235/121 69/508/121 
f 192/224/121 144/509/121 143/510/121 189/221/121 
f 140/511/122 188/220/122 187/219/122 137/512/122 
s 1
f 76/108/35 227/259/80 226/258/79 73/105/35 
s 4
f 225/513/123 212/244/123 211/243/124 226/514/125 
f 176/208/122 160/515/122 159/516/122 173/205/122 
f 156/517/126 172/204/126 171/203/126 153/518/126 
s 2
f 233/265/127 185/519/127 188/520/127 234/266/127 
s 1
f 152/184/64 231/263/82 230/262/82 149/181/62 
s 4
f 229/521/128 235/267/128 234/266/129 230/522/130 
f 168/200/126 84/523/126 83/524/126 165/197/126 
f 80/525/120 164/196/120 163/195/120 77/526/120 
f 184/216/131 239/527/131 238/528/123 181/213/123 
s 1
f 237/269/83 88/120/42 87/119/42 238/270/84 
s 2
f 207/529/132 243/275/132 242/274/132 208/530/132 
s 4
f 241/273/128 247/531/128 246/532/128 242/274/128 
s 1
f 245/277/85 148/180/61 147/179/60 246/278/85 
s 4
f 236/268/133 196/533/133 195/534/133 233/265/133 
s 1
f 119/151/47 125/157/47 128/160/47 120/152/50 
f 43/75/13 89/121/13 92/124/43 44/76/13 
s 4
f 224/535/134 244/276/134 243/275/135 221/536/136 
s 2
f 235/267/137 251/537/137 250/538/137 236/268/137 
s 4
f 249/281/138 255/539/139 254/540/140 250/282/140 
s 1
f 253/285/76 259/291/76 258/290/76 254/286/76 
f 257/289/69 193/225/72 196/228/72 258/290/76 
f 148/180/61 80/112/38 79/111/38 145/177/38 
s 4
f 248/541/141 220/252/141 219/251/142 245/542/143 
f 200/232/141 232/543/141 231/544/141 197/229/141 
s 1
f 151/183/63 157/189/63 160/192/63 152/184/64 
s 2
f 244/276/108 209/545/108 212/546/108 241/273/108 
s 1
f 228/260/78 263/295/78 262/294/78 225/257/78 
f 261/293/78 248/280/81 247/279/81 262/294/78 
s 2
f 269/547/144 200/232/144 199/231/144 270/548/144 
s 1
f 260/292/69 267/299/69 266/298/69 257/289/69 
s 4
f 265/549/145 271/303/145 270/302/145 266/550/145 
s 2
f 183/551/112 217/249/112 220/252/112 184/552/112 
s 1
f 264/296/78 240/272/78 239/271/78 261/293/78 
s 2
f 285/317/137 275/553/137 274/554/137 286/318/137 
s 4
f 273/305/146 213/555/147 216/556/145 274/306/145 
s 1
f 215/247/76 279/311/76 278/310/76 216/248/76 
f 277/309/69 283/315/69 282/314/69 278/310/76 
s 4
f 281/557/134 287/319/134 286/318/134 282/558/134 
s 1
f 223/255/69 280/312/69 279/311/76 224/256/69 
s 2
f 293/559/98 291/323/98 290/322/98 294/560/98 
s 4
f 289/321/119 284/561/119 283/562/119 290/322/119 
s 1
f 280/312/69 177/209/69 180/212/69 277/309/69 
s 4
f 179/563/145 295/327/145 294/326/145 180/564/145 
s 2
f 301/333/137 296/565/137 295/566/137 302/334/137 
s 1
f 39/71/20 299/331/20 298/330/20 40/72/21 
s 4
f 297/567/106 303/335/106 302/334/106 298/568/106 
s 2
f 309/569/127 304/336/127 303/335/127 310/570/127 
s 1
f 300/332/20 307/339/20 306/338/21 297/329/20 
f 305/337/21 265/297/70 268/300/71 306/338/21 
s 4
f 267/571/109 311/343/109 310/342/148 268/572/149 
s 1
f 36/68/17 315/347/17 314/346/17 33/65/17 
s 2
f 313/345/90 300/573/90 299/574/90 314/346/90 
s 1
f 316/348/17 319/351/17 318/350/17 313/345/17 
s 2
f 317/349/90 308/575/90 307/576/90 318/350/90 
s 1
f 88/120/42 323/355/39 322/354/39 85/117/39 
s 2
f 321/577/97 316/348/97 315/347/97 322/578/97 
s 1
f 324/356/39 327/359/42 326/358/39 321/353/39 
s 2
f 325/579/97 320/352/97 319/351/97 326/580/97 
s 4
f 304/336/126 324/581/126 323/582/126 301/333/126 
f 240/583/150 293/325/150 296/328/151 237/584/152 
f 312/344/131 331/585/131 330/586/123 309/341/123 
s 1
f 329/361/84 328/360/42 327/359/42 330/362/83 
f 263/295/78 335/367/81 334/366/81 264/296/78 
s 4
f 333/587/141 292/324/141 291/323/141 334/588/141 
s 2
f 311/589/112 289/321/112 292/324/112 312/590/112 
s 1
f 336/368/81 339/371/78 338/370/78 333/365/81 
f 337/369/78 332/364/78 331/363/78 338/370/78 
s 4
f 288/320/128 336/591/128 335/592/128 285/317/128 
f 227/593/150 276/308/150 275/307/153 228/594/153 
s 2
f 287/319/108 343/595/108 342/596/108 288/320/108 
s 4
f 341/373/154 347/597/155 346/598/123 342/374/123 
s 1
f 345/377/78 340/372/78 339/371/78 346/378/78 
s 2
f 353/385/144 273/599/144 276/600/144 354/386/144 
s 1
f 75/107/34 351/383/34 350/382/34 76/108/35 
s 4
f 349/601/121 355/387/121 354/386/121 350/602/121 
s 2
f 344/603/112 356/388/112 355/387/112 341/604/112 
s 1
f 352/384/34 359/391/34 358/390/35 349/381/34 
f 357/389/35 348/380/79 347/379/80 358/390/35 
f 63/95/27 363/395/27 362/394/27 64/96/27 
s 2
f 361/393/95 352/605/95 351/606/95 362/394/95 
s 1
f 364/396/27 367/399/27 366/398/27 361/393/27 
s 2
f 365/397/95 360/607/95 359/608/95 366/398/95 
s 1
f 60/92/28 371/403/24 370/402/24 57/89/24 
s 2
f 369/609/91 364/396/91 363/395/91 370/610/91 
s 1
f 372/404/24 375/407/28 374/406/24 369/401/24 
s 2
f 373/611/91 368/400/91 367/399/91 374/612/91 
s 4
f 356/388/113 372/613/113 371/614/113 353/385/113 
f 343/375/118 253/615/118 256/616/109 344/376/109 
s 1
f 255/287/75 376/408/28 375/407/28 256/288/74 
f 284/316/69 260/292/69 259/291/76 281/313/69 
s 2
f 172/204/137 272/617/137 271/618/137 169/201/137 
s 1
f 308/340/20 109/141/20 112/144/20 305/337/21 
f 320/352/17 100/132/17 99/131/17 317/349/17 
f 328/360/42 156/188/39 155/187/39 325/357/39 
s 4
f 332/619/150 269/301/150 272/304/156 329/620/157 
s 1
f 340/372/78 229/261/81 232/264/81 337/369/78 
s 4
f 348/621/150 252/284/150 251/283/153 345/622/153 
s 2
f 191/223/144 249/623/144 252/624/144 192/224/144 
s 1
f 360/392/34 141/173/34 144/176/34 357/389/35 
f 368/400/27 133/165/27 136/168/27 365/397/27 
f 376/408/28 124/156/24 123/155/24 373/405/24 
s 8
f 22/412/158 26/58/159 30/414/160 18/625/161 
s 2
f 38/416/90 31/413/90 25/57/90 34/66/90 
s 8
f 46/420/162 50/82/163 54/422/164 42/626/165 
s 2
f 62/94/91 51/83/91 45/419/91 58/424/91 
s 8
f 55/421/166 49/81/167 70/428/168 66/627/169 
s 2
f 74/430/95 71/427/95 52/84/95 61/93/95 
s 8
f 82/434/170 27/59/171 21/411/172 78/628/173 
s 2
f 35/67/97 28/60/96 81/433/96 86/436/97 
f 17/409/87 90/438/87 94/126/87 23/55/87 
s 8
f 102/442/174 106/629/175 110/440/176 98/130/177 
s 2
f 101/133/99 114/146/100 118/446/100 107/443/99 
s 8
f 126/630/178 130/452/179 134/166/180 122/448/181 
f 129/451/182 138/631/183 142/454/184 135/167/185 
s 2
f 96/128/93 56/88/93 65/425/93 146/458/94 
f 150/460/103 139/455/104 132/164/103 116/148/103 
s 8
f 158/632/186 103/441/187 97/129/188 154/462/189 
f 19/633/190 29/470/191 166/198/192 162/466/193 
f 111/474/194 105/634/195 174/472/196 170/202/197 
s 24
f 182/478/198 167/199/199 32/469/200 37/635/201 
s 4
f 182/478/110 37/635/202 178/636/111 
s 8
f 127/637/203 121/486/204 190/222/205 186/482/206 
s 24
f 198/230/207 175/488/208 108/638/209 117/639/210 
s 4
f 198/230/115 117/639/211 194/490/116 
s 8
f 47/494/212 41/640/213 206/492/214 202/234/215 
s 24
f 201/233/216 210/498/217 214/641/218 59/642/219 
s 4
f 201/233/113 59/642/113 48/493/113 
s 24
f 161/502/220 218/250/221 222/504/222 91/643/223 
s 4
f 161/502/105 91/643/105 20/644/105 
s 8
f 67/645/224 69/508/225 203/235/226 205/491/227 
f 143/510/228 137/646/229 187/481/230 189/221/231 
s 24
f 211/497/232 204/236/233 72/507/234 73/647/235 
s 4
f 211/497/124 73/647/236 226/648/125 
s 8
f 159/649/237 153/518/238 171/203/239 173/471/240 
s 24
f 234/266/241 188/520/242 140/650/243 149/651/244 
s 4
f 234/266/129 149/651/245 230/522/130 
s 8
f 83/524/246 77/652/247 163/465/248 165/197/249 
s 24
f 168/200/250 181/477/251 238/653/252 87/654/253 
s 4
f 168/200/126 87/654/126 84/523/126 
s 24
f 208/530/254 242/274/255 246/532/256 147/655/257 
s 4
f 208/530/120 147/655/120 68/656/120 
s 24
f 185/519/258 233/265/259 195/534/260 120/657/261 
s 4
f 185/519/107 120/657/107 128/658/107 
s 24
f 243/275/262 207/529/263 44/659/264 92/660/265 
s 4
f 243/275/135 92/660/266 221/536/136 
s 24
f 236/268/267 250/538/268 254/661/269 258/662/270 
s 4
f 236/268/133 258/662/134 196/533/133 
s 2
f 43/417/88 53/85/88 95/127/87 89/437/87 
f 24/56/93 93/125/93 145/457/93 79/431/93 
s 24
f 219/251/271 164/501/272 80/663/273 148/664/274 
s 4
f 219/251/142 148/664/275 245/542/143 
s 24
f 176/487/276 197/229/277 231/544/278 152/665/279 
s 4
f 176/487/122 152/665/122 160/666/122 
s 24
f 241/273/280 212/546/251 225/667/281 262/668/282 
s 4
f 241/273/128 262/668/128 247/531/128 
s 2
f 157/463/103 151/459/103 115/147/103 104/136/103 
f 131/163/100 125/449/100 119/445/100 113/145/100 
s 24
f 270/548/283 199/231/284 193/489/285 257/669/286 
s 4
f 270/548/145 257/669/145 266/670/145 
s 24
f 184/552/287 220/252/288 248/541/289 261/671/290 
s 4
f 184/552/131 261/671/131 239/672/131 
s 24
f 286/318/267 274/554/268 216/673/269 278/674/270 
s 4
f 286/318/134 278/674/134 282/558/134 
s 24
f 209/545/291 244/276/259 224/535/292 279/675/293 
s 4
f 209/545/118 279/675/118 215/676/118 
s 24
f 294/560/283 290/322/284 283/562/285 277/677/286 
s 4
f 294/560/145 277/677/145 180/678/145 
s 24
f 217/249/294 183/551/217 177/679/295 280/680/296 
s 4
f 217/249/119 280/680/119 223/503/119 
s 24
f 302/334/297 295/566/298 179/681/299 40/682/300 
s 4
f 302/334/106 40/682/106 298/568/106 
s 24
f 310/570/301 303/335/302 297/567/303 306/683/201 
s 4
f 310/570/148 306/683/304 268/684/149 
s 2
f 314/346/90 299/574/90 39/415/90 33/65/90 
f 307/576/90 300/573/90 313/345/90 318/350/90 
f 322/578/97 315/347/97 36/68/97 85/435/97 
f 319/351/97 316/348/97 321/577/97 326/580/97 
s 24
f 296/565/305 301/333/306 323/582/307 88/685/308 
s 4
f 296/565/151 88/685/309 237/686/152 
s 24
f 304/336/310 309/569/251 330/687/311 327/688/312 
s 4
f 304/336/126 327/688/126 324/581/126 
s 24
f 291/323/313 293/559/314 240/689/315 264/690/316 
s 4
f 291/323/141 264/690/141 334/588/141 
s 24
f 312/590/317 292/324/277 333/587/289 338/691/290 
s 4
f 312/590/131 338/691/131 331/692/131 
s 24
f 275/553/318 285/317/319 335/592/320 263/693/321 
s 4
f 275/553/153 263/693/153 228/694/153 
s 24
f 288/320/322 342/596/251 346/695/281 339/696/282 
s 4
f 288/320/128 339/696/128 336/591/128 
s 24
f 354/386/323 276/600/314 227/697/324 76/698/325 
s 4
f 354/386/121 76/698/121 350/602/121 
s 24
f 341/604/326 355/387/327 349/601/328 358/699/235 
s 4
f 341/604/154 358/699/329 347/700/155 
s 2
f 362/394/95 351/606/95 75/429/95 64/96/95 
f 359/608/95 352/605/95 361/393/95 366/398/95 
f 370/610/91 363/395/91 63/95/91 57/423/91 
f 367/399/91 364/396/91 369/609/91 374/612/91 
s 24
f 273/599/330 353/385/331 371/614/332 60/701/333 
s 4
f 273/599/146 60/701/334 213/702/147 
s 24
f 356/388/335 344/603/217 256/703/336 375/704/337 
s 4
f 356/388/113 375/704/113 372/613/113 
s 24
f 343/595/291 287/319/259 281/557/292 259/705/293 
s 4
f 343/595/118 259/705/118 253/706/118 
s 24
f 289/321/338 311/589/217 267/707/295 260/708/296 
s 4
f 289/321/119 260/708/119 284/561/119 
s 24
f 169/201/339 271/618/268 265/709/340 305/710/341 
s 4
f 169/201/106 305/710/106 112/473/106 
s 2
f 109/439/90 308/575/90 317/349/90 99/131/90 
f 100/132/97 320/352/97 325/579/97 155/461/97 
s 24
f 272/617/342 172/204/343 156/517/344 328/711/308 
s 4
f 272/617/156 328/711/345 329/712/157 
s 24
f 200/232/313 269/547/314 332/713/315 337/714/316 
s 4
f 200/232/141 337/714/141 232/543/141 
s 24
f 251/537/318 235/267/319 229/521/320 340/715/321 
s 4
f 251/537/153 340/715/153 345/716/153 
s 24
f 192/224/346 252/624/347 348/717/348 357/718/349 
s 4
f 192/224/121 357/718/121 144/509/121 
s 2
f 141/453/95 360/607/95 365/397/95 136/168/95 
f 133/165/101 368/400/91 373/611/91 123/447/91 
s 24
f 249/623/350 191/223/351 124/485/352 376/719/333 
s 4
f 249/623/138 376/719/353 255/720/139 
# 350 polygons - 40 triangles

#
# object pCube29
#

v -3.462000 -7.487200 -0.133900
v -34.164400 -7.487200 -0.133900
v -34.164400 -7.487200 -0.453700
v -3.462000 -7.487200 -0.453700
v 34.164400 -68.067600 -0.453700
v -34.164400 -68.067600 -0.453700
v -34.164400 -68.067600 -0.133900
v 34.164400 -68.067600 -0.133900
v 34.164400 -7.487200 -0.133900
v 34.164400 -7.487200 -0.453700
v 32.396900 -66.135300 -0.453300
v -32.396900 -66.135300 -0.453300
v 32.396900 -9.419400 -0.453300
v -32.396900 -9.419400 -0.453300
v -3.294300 -9.419400 -0.453300
v -3.294300 -9.419400 -0.134300
v -32.396900 -9.419400 -0.134300
v 32.396900 -66.135300 -0.134300
v 32.396900 -9.419400 -0.134300
v -32.396900 -66.135300 -0.134300
v 3.412400 -7.487200 -0.133900
v 3.412400 -7.487200 -0.453700
v 3.249100 -9.419400 -0.134300
v 3.249100 -9.419400 -0.453300
v 1.640700 -5.021900 -0.177600
v -1.690300 -5.021900 -0.177600
v -1.690300 -5.021900 -0.410000
v 1.640700 -5.021900 -0.410000
v 3.069800 -7.487200 -0.422800
v -3.119400 -7.487200 -0.422800
v 3.069800 -7.487200 -0.164800
v -3.119400 -7.487200 -0.164800
v 3.069800 -6.725700 -0.422800
v -3.119400 -6.725700 -0.422800
v 3.069800 -6.725700 -0.164800
v -3.119400 -6.725700 -0.164800
v 3.069800 -5.960500 -0.422800
v -3.119400 -5.960500 -0.422800
v 3.069800 -5.960500 -0.164800
v -3.119400 -5.960500 -0.164800
v 1.640700 -5.960500 -0.410000
v -1.690300 -5.960500 -0.410000
v 1.640700 -5.960500 -0.177600
v -1.690300 -5.960500 -0.177600
v 1.640700 -5.021900 -1.060300
v -1.690300 -5.021900 -1.060300
v -1.690300 -5.960500 -1.060300
v 1.640700 -5.960500 -1.060300
v 1.640700 -5.960500 -0.849200
v -1.690300 -5.960500 -0.849200
v 1.640700 -5.021900 -0.849200
v -1.690300 -5.021900 -0.849200
v 1.640700 -7.331400 -1.060300
v -1.690300 -7.331400 -1.060300
v -1.690300 -7.331400 -0.849200
v 1.640700 -7.331400 -0.849200
v 1.640700 -6.600800 -0.849200
v -1.690300 -6.600800 -0.849200
v 1.640700 -6.600800 -1.060300
v 4.321100 -6.613100 -0.309500
v 3.599400 -6.613100 -0.298900
v 4.040600 -6.147500 -0.298900
v 4.321100 -6.147500 -0.309500
v -1.690300 -6.600800 -1.060300
v 0.685300 -6.147500 -1.312700
v 2.029800 -6.147500 -1.102900
v 0.685300 -6.613100 -1.312700
v 2.029800 -7.144300 -1.102900
v 0.685300 -7.144300 -1.312700
v 1.908900 -6.613100 -1.068500
v 3.262800 -6.147500 -1.265400
v 2.880900 -6.147500 -1.118100
v 3.262800 -6.613100 -1.265400
v 2.880900 -7.144300 -1.118100
v 3.262800 -7.144300 -1.265400
v 2.498600 -6.613100 -1.083700
v 4.321100 -6.147500 -0.816300
v 3.981800 -6.147500 -0.840100
v 4.321100 -6.613100 -0.816300
v 3.981800 -7.144300 -0.840100
v 4.321100 -7.144300 -0.816300
v 3.599400 -6.613100 -0.805700
v 4.040600 -7.144300 -0.298900
v 4.321100 -7.144300 -0.309500
# 84 vertices

vn 0.000000 1.000000 0.000000
vn 0.000000 -1.000000 0.000000
vn 1.000000 -0.000000 0.000000
vn -1.000000 -0.000000 0.000000
vn -0.000400 0.000500 -1.000000
vn 0.000400 0.000500 -1.000000
vn 0.000500 0.000500 -1.000000
vn -0.000500 0.000500 -1.000000
vn -0.000400 -0.000500 -1.000000
vn -0.000500 -0.000500 -1.000000
vn 0.000500 -0.000500 -1.000000
vn 0.000400 -0.000500 -1.000000
vn -0.000000 -0.001000 -1.000000
vn 0.000000 -0.001000 -1.000000
vn -0.000000 -0.001000 1.000000
vn 0.000400 -0.000500 1.000000
vn 0.000500 -0.000500 1.000000
vn 0.000000 -0.001000 1.000000
vn -0.000400 0.000500 1.000000
vn -0.000400 -0.000500 1.000000
vn -0.000500 -0.000500 1.000000
vn -0.000500 0.000500 1.000000
vn 0.000400 0.000500 1.000000
vn 0.000500 0.000500 1.000000
vn 1.000000 0.000000 0.000000
vn -0.000000 -1.000000 0.000000
vn -1.000000 0.000000 0.000000
vn 0.000000 0.000000 -1.000000
vn 0.000000 -0.000000 1.000000
vn 0.739500 0.000000 -0.673100
vn 0.000000 0.000000 1.000000
vn 0.077900 -0.020300 0.996800
vn 0.073800 -0.008300 0.997200
vn 0.094400 -0.042200 0.994600
vn 0.150700 -0.000000 0.988600
vn 0.026900 0.984400 -0.174000
vn 0.211800 0.917000 -0.338100
vn 0.148100 0.947700 -0.282700
vn 0.000000 0.988800 -0.149300
vn -0.392500 0.000000 -0.919800
vn -0.392500 -0.000000 -0.919800
vn 0.006700 -0.994900 -0.100800
vn 0.031300 -0.998300 -0.049900
vn 0.033500 -0.987500 -0.154300
vn 0.000000 -0.745700 -0.666200
vn 0.184200 0.223900 0.957000
vn 0.167400 0.165600 0.971900
vn 0.202400 0.077100 0.976300
vn 0.073500 -0.000000 -0.997300
vn 0.073500 0.000000 -0.997300
vn 0.083900 0.284800 0.954900
vn 0.099500 0.249600 0.963200
vn 0.862400 -0.000000 -0.506200
vn 0.862400 0.000000 -0.506200
vn -0.511200 0.696000 0.504200
vn -0.661900 0.749600 0.003200
vn -0.653500 0.756900 0.000000
vn -0.695000 0.718900 0.016100
vn -0.702200 0.711700 0.019000
vn 0.090700 0.052700 0.994500
vn 0.149000 0.151300 0.977200
vn -0.710000 -0.704000 0.015900
vn -0.701600 -0.712300 0.019000
vn -0.741000 -0.671500 0.003900
vn -0.750800 -0.660500 0.000000
vn -0.542600 -0.647500 0.535200
vn 0.079200 -0.256700 0.963200
vn 0.069200 -0.246500 0.966700
vn 0.086400 -0.264100 0.960600
vn 0.098700 -0.276500 0.955900
vn 0.448500 -0.155100 0.880200
vn 0.341500 -0.103200 0.934200
# 72 vertex normals

vt -0.8587 0.5023 1.0060
vt -12.9083 0.5023 1.0060
vt -12.9083 0.3768 1.0060
vt -0.8587 0.3768 1.0060
vt -12.9083 0.3768 -22.7697
vt 13.9083 0.3768 -22.7697
vt 13.9083 0.5023 -22.7697
vt -12.9083 0.5023 -22.7697
vt 0.5023 1.0060 13.9083
vt 0.3768 1.0060 13.9083
vt 0.3768 -22.7697 13.9083
vt 0.5023 -22.7697 13.9083
vt 0.6232 1.0060 -12.9083
vt 0.4977 1.0060 -12.9083
vt 0.4977 -22.7697 -12.9083
vt 0.6232 -22.7697 -12.9083
vt 44.9296 -38.5161 0.3769
vt 19.5003 -38.5161 0.3769
vt 18.8066 -39.2744 0.3768
vt 45.6232 -39.2744 0.3768
vt 44.9296 -16.2571 0.3769
vt 45.6232 -15.4988 0.3768
vt 18.8066 -15.4988 0.3768
vt 19.5003 -16.2571 0.3769
vt 30.9220 -16.2571 0.3769
vt 30.8562 -15.4988 0.3768
vt 33.5078 -16.2571 0.5021
vt 44.9296 -16.2571 0.5021
vt 45.6232 -15.4988 0.5023
vt 33.5736 -15.4988 0.5023
vt 19.5003 -38.5161 0.5021
vt 19.5003 -16.2571 0.5021
vt 18.8066 -15.4988 0.5023
vt 18.8066 -39.2744 0.5023
vt 44.9296 -38.5161 0.5021
vt 45.6232 -39.2744 0.5023
vt 0.5021 -22.0113 -12.2146
vt 0.5021 0.2476 -12.2146
vt 0.3769 0.2476 -12.2146
vt 0.3769 -22.0113 -12.2146
vt 13.2146 0.5021 0.2476
vt 1.7929 0.5021 0.2476
vt 1.7929 0.3769 0.2476
vt 13.2146 0.3769 0.2476
vt 0.4979 0.2476 13.2146
vt 0.4979 -22.0113 13.2146
vt 0.6231 -22.0113 13.2146
vt 0.6231 0.2476 13.2146
vt 13.2146 0.5021 -22.0113
vt -12.2146 0.5021 -22.0113
vt -12.2146 0.3769 -22.0113
vt 13.2146 0.3769 -22.0113
vt 13.9083 0.5023 1.0060
vt 1.8392 0.5023 1.0060
vt 1.8392 0.3768 1.0060
vt 13.9083 0.3768 1.0060
vt 30.9398 -16.2571 0.5021
vt 30.8757 -15.4988 0.5023
vt -0.7752 0.5021 0.2476
vt -12.2146 0.5021 0.2476
vt -12.2146 0.3769 0.2476
vt -0.7752 0.3769 0.2476
vt 33.4901 -16.2571 0.3769
vt 33.5542 -15.4988 0.3768
vt 1.1439 0.4851 1.9735
vt -0.1634 0.4851 1.9735
vt -0.1634 0.3939 1.9735
vt 1.1439 0.3939 1.9735
vt 1.7048 0.3889 1.0060
vt -0.7242 0.3889 1.0060
vt 1.7048 0.4902 1.0060
vt -0.7242 0.4902 1.0060
vt 1.7048 1.3048 0.3889
vt -0.7242 1.3048 0.3889
vt -0.7242 1.0060 0.3889
vt 1.7048 1.0060 0.3889
vt 0.4902 1.3048 1.7048
vt 0.3889 1.3048 1.7048
vt 0.3889 1.0060 1.7048
vt 0.4902 1.0060 1.7048
vt 1.7242 1.3048 0.4902
vt -0.7048 1.3048 0.4902
vt -0.7048 1.0060 0.4902
vt 1.7242 1.0060 0.4902
vt 0.6111 1.3048 -0.7242
vt 0.5098 1.3048 -0.7242
vt 0.5098 1.0060 -0.7242
vt 0.6111 1.0060 -0.7242
vt 1.7048 1.6052 0.3889
vt -0.7242 1.6052 0.3889
vt 0.4902 1.6052 1.7048
vt 0.3889 1.6052 1.7048
vt 1.7242 1.6052 0.4902
vt -0.7048 1.6052 0.4902
vt 0.6111 1.6052 -0.7242
vt 0.5098 1.6052 -0.7242
vt 1.1439 0.3939 1.6052
vt -0.1634 0.3939 1.6052
vt -0.7242 0.3889 1.6052
vt 1.7048 0.3889 1.6052
vt 1.1439 0.4851 1.6052
vt 1.7048 0.4902 1.6052
vt -0.1634 0.4851 1.6052
vt -0.7242 0.4902 1.6052
vt 1.1439 1.9735 0.1387
vt -0.1634 1.9735 0.1387
vt -0.1634 1.6052 0.1387
vt 1.1439 1.6052 0.1387
vt 0.4851 1.9735 1.1439
vt 0.3939 1.9735 1.1439
vt 0.3939 1.6052 1.1439
vt 0.4851 1.6052 1.1439
vt 1.1634 1.9735 0.4851
vt -0.1439 1.9735 0.4851
vt -0.1439 1.6052 0.4851
vt 1.1634 1.6052 0.4851
vt 0.6061 1.9735 -0.1634
vt 0.5149 1.9735 -0.1634
vt 0.5149 1.6052 -0.1634
vt 0.6061 1.6052 -0.1634
vt -0.1439 0.2215 1.6052
vt 1.1634 0.2215 1.6052
vt 1.1634 0.3939 1.6052
vt -0.1439 0.3939 1.6052
vt 0.2215 1.9735 1.1439
vt 0.2215 1.6052 1.1439
vt -0.1634 0.2215 1.9735
vt 1.1439 0.2215 1.9735
vt 0.7785 1.6052 -0.1634
vt 0.7785 1.9735 -0.1634
vt -0.1439 0.1387 1.0671
vt 1.1634 0.1387 1.0671
vt 1.1634 0.2215 1.0671
vt -0.1439 0.2215 1.0671
vt 0.1387 1.9735 1.1439
vt 0.1387 1.6052 1.1439
vt -0.1634 0.1387 1.9735
vt 1.1439 0.1387 1.9735
vt 0.8613 1.6052 -0.1634
vt 0.8613 1.9735 -0.1634
vt -0.1439 1.3538 0.2215
vt 1.1634 1.3538 0.2215
vt 1.1634 1.6052 0.2215
vt -0.1439 1.6052 0.2215
vt 0.1387 1.3538 1.1439
vt 0.2215 1.3538 1.1439
vt -1.1959 1.3490 0.4333
vt -0.9127 1.3490 0.4375
vt -1.0858 1.5317 0.4375
vt -1.1959 1.5317 0.4333
vt 0.7785 1.3538 -0.1634
vt 0.8613 1.3538 -0.1634
vt 0.7689 0.0396 1.5317
vt 1.2966 0.1220 1.5317
vt 1.1439 0.1387 1.6052
vt -0.1634 0.1387 1.6052
vt 0.9604 1.3490 0.7689
vt 0.9604 1.5317 0.7689
vt -0.2966 0.1220 1.1405
vt 0.2311 0.0396 1.1405
vt 0.1220 1.5317 1.2966
vt 0.1355 1.3490 1.2492
vt 1.7805 0.0582 1.5317
vt 1.6307 0.1160 1.5317
vt 1.7805 1.3490 0.0582
vt 1.7805 1.5317 0.0582
vt 0.7689 1.5317 0.0396
vt 0.7689 1.3490 0.0396
vt -0.6307 0.1160 1.1405
vt -0.7805 0.0582 1.1405
vt 1.4806 0.1295 1.3490
vt 1.2492 0.1355 1.3490
vt 2.1959 0.2344 1.5317
vt 2.0627 0.2251 1.5317
vt 0.2344 1.3490 2.1959
vt 0.2344 1.5317 2.1959
vt 0.0582 1.5317 1.7805
vt 0.0582 1.3490 1.7805
vt -1.0627 0.2251 1.1405
vt -1.1959 0.2344 1.1405
vt 1.9127 0.2386 1.3490
vt 2.1959 0.4333 1.5317
vt 2.0858 0.4375 1.5317
vt 0.4333 1.3490 2.1959
vt 0.4333 1.5317 2.1959
vt -1.0858 0.4375 1.1405
vt -1.1959 0.4333 1.1405
vt 1.9127 0.4375 1.3490
vt 0.4333 1.1405 2.1959
vt 0.2344 1.1405 2.1959
vt -1.1959 1.1405 0.4333
vt -1.0858 1.1405 0.4375
vt -0.9127 0.4375 1.3490
vt -0.9127 0.2386 1.3490
vt -0.4806 0.1295 1.3490
vt -0.2492 0.1355 1.3490
vt 0.1220 1.1405 1.2966
vt 0.1387 1.0671 1.1439
vt 0.2215 1.0671 1.1439
vt -0.1439 1.0671 0.2215
vt 1.1634 1.0671 0.2215
vt 0.7785 1.0671 -0.1634
vt 0.8613 1.0671 -0.1634
vt 0.9604 1.1405 0.7689
vt 0.7689 1.1405 0.0396
vt 1.7805 1.1405 0.0582
vt 0.0582 1.1405 1.7805
# 207 texture coords

g pCube29
usemtl Material__11
s 1
f 377/721/354 378/722/354 379/723/354 380/724/354 
f 381/725/355 382/726/355 383/727/355 384/728/355 
s 2
f 385/729/356 386/730/356 381/731/356 384/732/356 
f 379/733/357 378/734/357 383/735/357 382/736/357 
s 4
f 387/737/358 388/738/359 382/739/360 381/740/361 
f 389/741/362 387/737/358 381/740/361 386/742/363 
f 379/743/364 390/744/365 391/745/366 380/746/367 
f 388/738/359 390/744/365 379/743/364 382/739/360 
f 392/747/368 393/748/369 378/749/370 377/750/371 
f 394/751/372 395/752/373 385/753/374 384/754/375 
f 396/755/376 394/751/372 384/754/375 383/756/377 
f 393/748/369 396/755/376 383/756/377 378/749/370 
s 1
f 396/757/378 393/758/378 390/759/378 388/760/378 
s 2
f 393/761/379 392/762/379 391/763/379 390/764/379 
s 1
f 395/765/380 394/766/380 387/767/380 389/768/380 
s 2
f 394/769/354 396/770/354 388/771/354 387/772/354 
s 1
f 385/773/354 397/774/354 398/775/354 386/776/354 
s 4
f 385/753/374 395/752/373 399/777/371 397/778/371 
s 2
f 399/779/355 395/780/355 389/781/355 400/782/355 
s 4
f 400/783/367 389/741/362 386/742/363 398/784/367 
usemtl Silver_mat
s 1
f 401/785/354 402/786/354 403/787/354 404/788/354 
usemtl Material__11
s 4
f 397/778/371 399/777/371 392/747/368 377/750/371 
s 2
f 392/762/379 399/779/355 400/782/355 391/763/379 
s 4
f 380/746/367 391/745/366 400/783/367 398/784/367 
s 1
f 405/789/354 406/790/354 380/724/354 398/775/354 
usemtl wire_224086086
f 407/791/354 405/789/354 398/775/354 397/774/354 
usemtl Material__11
f 408/792/354 407/791/354 397/774/354 377/721/354 
f 406/790/354 408/792/354 377/721/354 380/724/354 
usemtl Silver_mat
s 2
f 409/793/381 410/794/381 406/795/381 405/796/381 
s 4
f 411/797/378 409/798/378 405/799/378 407/800/378 
s 2
f 412/801/382 411/802/382 407/803/382 408/804/382 
s 4
f 410/805/380 412/806/380 408/807/380 406/808/380 
s 2
f 413/809/381 414/810/381 410/794/381 409/793/381 
s 4
f 415/811/378 413/812/378 409/798/378 411/797/378 
s 2
f 416/813/382 415/814/382 411/802/382 412/801/382 
s 4
f 414/815/380 416/816/380 412/806/380 410/805/380 
s 1
f 417/817/354 418/818/354 414/819/354 413/820/354 
f 419/821/354 417/817/354 413/820/354 415/822/354 
f 420/823/354 419/821/354 415/822/354 416/824/354 
f 418/818/354 420/823/354 416/824/354 414/819/354 
s 2
f 421/825/381 422/826/381 423/827/381 424/828/383 
s 4
f 401/829/378 404/830/378 417/831/378 419/832/378 
s 2
f 402/833/384 401/834/384 419/835/384 420/836/384 
s 4
f 403/837/380 402/838/380 420/839/380 418/840/380 
s 2
f 425/841/355 426/842/355 418/843/355 417/844/355 
s 4
f 427/845/378 425/846/378 417/831/378 404/830/378 
s 1
f 428/847/354 427/848/354 404/788/354 403/787/354 
s 4
f 426/849/380 428/850/380 403/837/380 418/840/380 
usemtl wire_224086086
s 1
f 429/851/355 430/852/355 431/853/355 432/854/355 
usemtl Silver_mat
s 4
f 421/855/378 424/856/378 425/846/378 427/845/378 
s 1
f 422/857/354 421/858/354 427/848/354 428/847/354 
s 4
f 423/859/380 422/860/380 428/850/380 426/849/380 
s 8
f 433/861/384 434/862/384 426/863/384 425/864/384 
s 4
f 435/865/378 433/866/378 425/846/378 424/856/378 
s 1
f 436/867/385 437/868/386 438/869/387 439/870/388 
s 4
f 434/871/380 440/872/380 423/859/380 426/849/380 
s 9
f 441/873/389 442/874/390 424/875/391 423/876/392 
s 16
f 443/877/393 441/878/393 423/859/393 440/872/394 
usemtl wire_224086086
s 10
f 444/879/395 445/880/396 430/852/397 429/851/398 
usemtl Silver_mat
s 18
f 442/881/399 446/882/400 435/865/401 424/856/383 
s 4
f 447/883/354 448/884/354 442/874/354 441/873/354 
s 32
f 449/885/402 447/886/403 441/887/403 443/888/403 
usemtl wire_224086086
s 2
f 450/889/355 451/890/355 445/880/396 444/879/395 
usemtl Silver_mat
f 448/884/404 452/891/405 446/892/400 442/874/399 
s 4
f 453/893/354 454/894/354 448/884/354 447/883/354 
s 1
f 455/895/406 453/896/407 447/897/407 449/898/406 
usemtl wire_224086086
s 2
f 456/899/355 457/900/355 451/890/355 450/889/355 
usemtl Silver_mat
s 1
f 454/894/408 458/901/408 452/891/408 448/884/408 
s 4
f 439/902/354 438/903/354 454/894/354 453/893/354 
s 8
f 436/904/378 439/905/378 453/896/378 455/895/378 
usemtl wire_224086086
s 2
f 459/906/355 460/907/355 457/900/355 456/899/355 
usemtl Silver_mat
f 438/903/409 437/908/410 458/901/411 454/894/412 
s 8
f 460/909/378 436/904/378 455/895/378 457/910/378 
s 1
f 460/911/413 459/912/414 437/868/386 436/867/385 
s 4
f 437/913/415 459/906/416 456/899/417 458/914/418 
s 8
f 458/914/419 456/899/419 450/889/419 452/915/419 
s 4
f 452/915/420 450/889/421 444/879/422 446/916/423 
s 48
f 446/882/400 444/917/424 429/918/425 435/865/401 
s 4
f 429/918/378 432/919/378 433/866/378 435/865/378 
s 8
f 432/920/384 431/921/384 434/862/384 433/861/384 
s 4
f 431/922/380 430/923/380 440/872/380 434/871/380 
s 16
f 430/923/394 445/924/394 443/877/393 440/872/394 
s 32
f 445/925/402 451/926/402 449/885/402 443/888/403 
s 1
f 451/927/406 457/910/407 455/895/406 449/898/406 
# 84 polygons

#
# object pCube30
#

v -38.040500 -13.999600 -0.705700
v -38.040500 -71.034400 -0.705700
v -33.660500 -66.886400 -0.707800
v -33.660500 -13.949400 -0.707800
v -38.105400 -71.116900 1.015100
v -38.105400 -71.116900 -0.689500
v -38.105400 -14.000300 -0.689500
v -38.105400 -14.000300 1.015100
v 38.040500 -71.196200 -0.689500
v -38.040500 -71.196200 -0.689500
v -38.040500 -71.196200 1.015100
v 38.040500 -71.196200 1.015100
v -33.573400 -67.004600 -0.707800
v -37.915600 -71.116900 -0.705700
v 37.915600 -71.116900 -0.705700
v 33.573400 -67.004600 -0.707800
v 38.105400 -14.000300 -0.689500
v 38.105400 -71.116900 -0.689500
v 38.105400 -71.116900 1.015100
v 38.105400 -14.000300 1.015100
v 33.660500 -66.886400 -0.707800
v 38.040500 -71.034400 -0.705700
v 38.040500 -13.999600 -0.705700
v 33.660500 -13.949400 -0.707800
v -33.660500 49.333600 -0.707800
v -38.040500 53.481600 -0.705700
v -38.040500 -7.375400 -0.705700
v -33.660500 -7.377500 -0.707800
v 37.915600 53.564100 -0.705700
v -37.915600 53.564100 -0.705700
v -33.573400 49.451800 -0.707800
v 33.573400 49.451800 -0.707800
v -38.040500 53.643400 1.015100
v -38.040500 53.643400 -0.689500
v 38.040500 53.643400 -0.689500
v 38.040500 53.643400 1.015100
v -38.105400 -7.375400 -0.689500
v -38.105400 53.564100 -0.689500
v -38.105400 53.564100 1.015100
v -38.105400 -7.375400 1.015100
v 38.105400 53.564100 1.015100
v 38.105400 53.564100 -0.689500
v 38.105400 -7.375400 -0.689500
v 38.105400 -7.375400 1.015100
v 38.040500 -7.375400 -0.705700
v 38.040500 53.481600 -0.705700
v 33.660500 49.333600 -0.707800
v 33.660500 -7.377500 -0.707800
v -38.040500 -7.375400 1.031300
v -38.040500 53.481600 1.031300
v -33.660500 49.333600 1.033300
v -33.660500 -7.377500 1.033300
v -33.573400 49.451800 1.033300
v -37.915600 53.564100 1.031300
v 37.915600 53.564100 1.031300
v 33.573400 49.451800 1.033300
v 33.660500 49.333600 1.033300
v 38.040500 53.481600 1.031300
v 38.040500 -7.375400 1.031300
v 33.660500 -7.377500 1.033300
v -33.660500 -66.886400 1.033300
v -38.040500 -71.034400 1.031300
v -38.040500 -13.999600 1.031300
v -33.660500 -13.949400 1.033300
v 37.915600 -71.116900 1.031300
v -37.915600 -71.116900 1.031300
v -33.573400 -67.004600 1.033300
v 33.573400 -67.004600 1.033300
v 38.040500 -13.999600 1.031300
v 38.040500 -71.034400 1.031300
v 33.660500 -66.886400 1.033300
v 33.660500 -13.949400 1.033300
v -38.040500 -7.534200 -0.705700
v -38.040500 -13.840900 -0.705700
v -33.660500 -13.790600 -0.707800
v -33.660500 -7.536200 -0.707800
v -38.105400 -13.841600 1.015100
v -38.105400 -13.841600 -0.689500
v -38.105400 -7.534100 -0.689500
v -38.105400 -7.534100 1.015100
v 38.105400 -7.534100 -0.689500
v 38.105400 -13.841600 -0.689500
v 38.105400 -13.841600 1.015100
v 38.105400 -7.534100 1.015100
v 33.660500 -13.790600 -0.707800
v 38.040500 -13.840900 -0.705700
v 38.040500 -7.534200 -0.705700
v 33.660500 -7.536200 -0.707800
v -38.040500 -13.840900 1.031300
v -38.040500 -7.534200 1.031300
v -33.660500 -7.536200 1.033300
v -33.660500 -13.790600 1.033300
v 33.660500 -7.536200 1.033300
v 38.040500 -7.534200 1.031300
v 38.040500 -13.840900 1.031300
v 33.660500 -13.790600 1.033300
v -33.595600 -13.948600 -0.691600
v -33.595600 -66.845900 -0.691600
v -33.595600 -66.845900 -0.575700
v -33.595600 -13.948600 -0.575700
v -33.530700 -66.925300 -0.575700
v -33.530700 -66.925300 -0.691600
v 33.530700 -66.925300 -0.691600
v 33.530700 -66.925300 -0.575700
v 33.595600 -66.845900 -0.575700
v 33.595600 -66.845900 -0.691600
v 33.595600 -13.948600 -0.691600
v 33.595600 -13.948600 -0.575700
v 33.595600 -7.377500 -0.691600
v 33.595600 49.293100 -0.691600
v 33.595600 49.293100 -0.575700
v 33.595600 -7.377500 -0.575700
v 33.530700 49.372500 -0.575700
v 33.530700 49.372500 -0.691600
v -33.530700 49.372500 -0.691600
v -33.530700 49.372500 -0.575700
v 33.595600 -13.789900 -0.575700
v 33.595600 -13.789900 -0.691600
v 33.595600 -7.536200 -0.691600
v 33.595600 -7.536200 -0.575700
v -33.595600 49.293100 -0.575700
v -33.595600 49.293100 -0.691600
v -33.595600 -7.377500 -0.691600
v -33.595600 -7.377500 -0.575700
v -33.595600 -7.536200 -0.691600
v -33.595600 -13.789900 -0.691600
v -33.595600 -13.789900 -0.575700
v -33.595600 -7.536200 -0.575700
v -33.595600 -7.377500 1.017200
v -33.595600 49.293100 1.017200
v -33.595600 49.293100 0.101900
v -33.595600 -7.377500 0.101900
v -33.530700 49.372500 0.101900
v -33.530700 49.372500 1.017200
v 33.530700 49.372500 1.017200
v 33.530700 49.372500 0.101900
v 33.595600 49.293100 0.101900
v 33.595600 49.293100 1.017200
v 33.595600 -7.377500 1.017200
v 33.595600 -7.377500 0.101900
v 33.595600 -13.948600 1.017200
v 33.595600 -66.845900 1.017200
v 33.595600 -66.845900 0.101900
v 33.595600 -13.948600 0.101900
v 33.530700 -66.925300 0.101900
v 33.530700 -66.925300 1.017200
v -33.530700 -66.925300 1.017200
v -33.530700 -66.925300 0.101900
v 33.530700 -7.456900 0.101900
v 33.530700 -7.456900 1.017200
v 4.964600 -7.456900 1.017200
v 4.964600 -7.456900 0.101900
v 4.964600 -7.536200 1.033400
v 33.530700 -7.536200 1.033400
v 33.530700 -13.789900 1.033400
v 4.964600 -13.789900 1.033400
v -33.595600 -66.845900 0.101900
v -33.595600 -66.845900 1.017200
v -33.595600 -13.948600 1.017200
v -33.595600 -13.948600 0.101900
v -33.530700 -13.789900 1.033400
v -33.530700 -7.536200 1.033400
v -5.211100 -7.536200 1.033400
v -5.211100 -13.789900 1.033400
v -5.211100 -7.456900 1.017200
v -33.530700 -7.456900 1.017200
v -33.530700 -7.456900 0.101900
v -5.211100 -7.456900 0.101900
v -33.530700 -13.869300 0.101900
v -33.530700 -13.869300 1.017200
v -5.211100 -13.869300 1.017200
v -5.211100 -13.869300 0.101900
v 4.964600 -13.869300 1.017200
v 33.530700 -13.869300 1.017200
v 33.530700 -13.869300 0.101900
v 4.964600 -13.869300 0.101900
v -33.595600 -66.845900 -0.026700
v -33.595600 -66.845900 0.069500
v -33.595600 -13.948600 0.069500
v -33.595600 -13.948600 -0.026700
v 33.530700 -66.925300 0.069500
v -33.530700 -66.925300 0.069500
v -33.530700 -66.925300 -0.026700
v 33.530700 -66.925300 -0.026700
v -33.563300 -67.004600 -0.559200
v 33.563300 -67.004600 -0.559200
v 35.838800 -70.684600 -0.543700
v -35.838800 -70.684600 -0.543700
v 35.904400 -70.527400 -0.543800
v 33.660500 -66.898700 -0.559100
v 33.660500 -13.960300 -0.559100
v 35.904400 -14.338800 -0.543800
v -33.530700 -7.536200 0.085700
v -33.530700 -13.789900 0.085700
v -5.211100 -13.789900 0.085700
v -5.211100 -7.536200 0.085700
v -33.595600 -13.789900 -0.026700
v -33.595600 -13.789900 0.069500
v -33.595600 -7.536200 0.069500
v -33.595600 -7.536200 -0.026700
v -33.595600 -7.377500 -0.026700
v -33.595600 -7.377500 0.069500
v -33.595600 49.293100 0.069500
v -33.595600 49.293100 -0.026700
v -33.530700 49.372500 -0.026700
v -33.530700 49.372500 0.069500
v 33.530700 49.372500 0.069500
v 33.530700 49.372500 -0.026700
v 33.595600 49.293100 -0.026700
v 33.595600 49.293100 0.069500
v 33.595600 -7.377500 0.069500
v 33.595600 -7.377500 -0.026700
v 33.530700 -13.789900 0.085700
v 33.530700 -7.536200 0.085700
v 4.964600 -7.536200 0.085700
v 4.964600 -13.789900 0.085700
v 33.595600 -7.536200 -0.026700
v 33.595600 -7.536200 0.069500
v 33.595600 -13.789900 0.069500
v 33.595600 -13.789900 -0.026700
v 33.595600 -13.948600 -0.026700
v 33.595600 -13.948600 0.069500
v 33.595600 -66.845900 0.069500
v 33.595600 -66.845900 -0.026700
v -33.660500 -13.800100 -0.043300
v -33.660500 -7.535700 -0.043300
v -35.904400 -7.516000 -0.058500
v -35.904400 -14.178600 -0.058500
v -35.904400 -7.357300 -0.058500
v -33.660500 -7.376900 -0.043300
v -33.660500 49.345900 -0.043300
v -35.904400 52.974600 -0.058500
v -33.660500 -66.898700 -0.043300
v -33.660500 -13.960300 -0.043300
v -35.904400 -14.338800 -0.058500
v -35.904400 -70.527400 -0.058500
v 33.563300 -67.004600 -0.043200
v -33.563300 -67.004600 -0.043200
v -35.838800 -70.684600 -0.058600
v 35.838800 -70.684600 -0.058600
v 33.660500 -7.535700 -0.043300
v 33.660500 -13.800100 -0.043300
v 35.904400 -14.178600 -0.058500
v 35.904400 -7.516000 -0.058500
v 35.904400 -14.338800 -0.058500
v 33.660500 -13.960300 -0.043300
v 33.660500 -66.898700 -0.043300
v 35.904400 -70.527400 -0.058500
v 33.660500 49.345900 -0.043300
v 33.660500 -7.376900 -0.043300
v 35.904400 -7.357300 -0.058500
v 35.904400 52.974600 -0.058500
v -33.563300 49.451800 -0.043200
v 33.563300 49.451800 -0.043200
v 35.838800 53.131800 -0.058600
v -35.838800 53.131800 -0.058600
v 33.563300 49.451800 -0.559200
v -33.563300 49.451800 -0.559200
v -35.838800 53.131800 -0.543700
v 35.838800 53.131800 -0.543700
v -35.904400 52.974600 -0.543800
v -33.660500 49.345900 -0.559100
v -33.660500 -7.376900 -0.559100
v -35.904400 -7.357300 -0.543800
v -35.904400 -7.516000 -0.543800
v -33.660500 -7.535700 -0.559100
v -33.660500 -13.800100 -0.559100
v -35.904400 -14.178600 -0.543800
v -35.904400 -14.338800 -0.543800
v -33.660500 -13.960300 -0.559100
v -33.660500 -66.898700 -0.559100
v -35.904400 -70.527400 -0.543800
v 35.904400 -14.178600 -0.543800
v 33.660500 -13.800100 -0.559100
v 33.660500 -7.535700 -0.559100
v 35.904400 -7.516000 -0.543800
v 35.904400 -7.357300 -0.543800
v 33.660500 -7.376900 -0.559100
v 33.660500 49.345900 -0.559100
v 35.904400 52.974600 -0.543800
v -0.065100 -7.456900 1.017200
v -4.901000 -7.456900 1.017200
v -1.881900 -7.456900 0.588700
v -0.069500 -7.456900 0.588700
v -5.081200 -13.789900 1.033400
v -5.081200 -7.536200 1.033400
v -0.064900 -7.536200 1.033400
v -0.064900 -13.789900 1.033400
v -1.964000 -7.456900 0.563100
v -5.081200 -7.456900 1.005500
v -5.081200 -7.456900 0.103700
v -1.964000 -7.456900 0.186300
v -5.081200 -13.869300 0.101900
v -5.081200 -13.869300 1.017200
v -0.064900 -13.869300 1.017200
v -0.064900 -13.869300 0.101900
v 4.664200 -7.456900 1.017200
v 0.064800 -7.456900 1.017200
v 0.060400 -7.456900 0.588700
v 1.781000 -7.456900 0.588700
v 0.064900 -13.789900 1.033400
v 0.064900 -7.536200 1.033400
v 4.834800 -7.536200 1.033400
v 4.834800 -13.789900 1.033400
v 0.064900 -13.869300 0.101900
v 0.064900 -13.869300 1.017200
v 4.834800 -13.869300 1.017200
v 4.834800 -13.869300 0.101900
v -0.064900 -7.536200 0.085700
v -5.081200 -7.536200 0.085700
v -5.081200 -13.789900 0.085700
v -0.064900 -13.789900 0.085700
v -1.895600 -7.456900 0.155600
v -3.921800 -7.456900 0.101900
v -0.065800 -7.456900 0.101900
v -0.068800 -7.456900 0.155600
v 4.834800 -7.536200 0.085700
v 0.064900 -7.536200 0.085700
v 0.064900 -13.789900 0.085700
v 4.834800 -13.789900 0.085700
v 0.061100 -7.456900 0.155600
v 0.064000 -7.456900 0.101900
v 3.730100 -7.456900 0.101900
v 1.795300 -7.456900 0.155600
v 1.863800 -7.456900 0.186200
v 4.834800 -7.456900 0.103800
v 4.834800 -7.456900 1.004900
v 1.863800 -7.456900 0.563400
v -35.904300 53.211200 -0.527200
v -35.904300 53.211200 -0.075100
v 35.904300 53.211200 -0.075100
v 35.904300 53.211200 -0.527200
v -35.969300 -7.356700 -0.075100
v -35.969300 53.131800 -0.075100
v -35.969300 53.131800 -0.527200
v -35.969300 -7.356700 -0.527200
v -35.969300 -14.190300 -0.075100
v -35.969300 -7.515500 -0.075100
v -35.969300 -7.515500 -0.527200
v -35.969300 -14.190300 -0.527200
v -35.969300 -70.684600 -0.075100
v -35.969300 -14.349000 -0.075100
v -35.969300 -14.349000 -0.527200
v -35.969300 -70.684600 -0.527200
v 35.904300 -70.764000 -0.075100
v -35.904300 -70.764000 -0.075100
v -35.904300 -70.764000 -0.527200
v 35.904300 -70.764000 -0.527200
v 35.969300 -14.349000 -0.075100
v 35.969300 -70.684600 -0.075100
v 35.969300 -70.684600 -0.527200
v 35.969300 -14.349000 -0.527200
v 35.969300 -14.190300 -0.075100
v 35.969300 -14.190300 -0.527200
v 35.969300 -7.515500 -0.527200
v 35.969300 -7.515500 -0.075100
v 35.969300 -7.356700 -0.075100
v 35.969300 -7.356700 -0.527200
v 35.969300 53.131800 -0.527200
v 35.969300 53.131800 -0.075100
v 1.752200 -7.401600 0.187900
v 1.752200 -7.401600 0.484800
v 1.474900 -7.073400 0.233000
v 1.474900 -7.073400 0.187900
v 1.380300 -7.038000 0.253600
v 1.714500 -7.436500 0.556900
v 0.060200 -7.433000 0.557100
v 0.060100 -7.042200 0.301600
v 0.060200 -7.377500 0.171700
v 1.638500 -7.377500 0.171700
v 1.402000 -7.097500 0.171700
v 0.060200 -7.097500 0.171700
v -0.069600 -7.042200 0.301800
v -0.069700 -7.433000 0.557100
v -1.814700 -7.436500 0.556900
v -1.480400 -7.038000 0.253500
v -1.738700 -7.377500 0.171700
v -0.069700 -7.377500 0.171700
v -0.069700 -7.097500 0.171700
v -1.502200 -7.097500 0.171700
v -1.852400 -7.401600 0.484800
v -1.852400 -7.401600 0.187900
v -1.575100 -7.073400 0.187900
v -1.575100 -7.073400 0.233000
v 1.465100 -6.952800 0.187900
v 1.465100 -6.952800 0.232300
v 1.762000 -6.426100 0.501900
v 1.762000 -6.426100 0.187900
v 1.724100 -6.389900 0.565600
v 1.379800 -6.989500 0.253000
v 0.060100 -6.998500 0.301900
v 0.059600 -6.382800 0.791600
v 0.060200 -6.938800 0.171700
v 1.394200 -6.938800 0.171700
v 1.675300 -6.440200 0.171700
v 0.060200 -6.440200 0.171700
v -0.069100 -6.382600 0.792200
v -0.069600 -6.998600 0.302000
v -1.479800 -6.989500 0.252900
v -1.824000 -6.389800 0.565300
v -1.494400 -6.938800 0.171700
v -0.069700 -6.938800 0.171700
v -0.069700 -6.440200 0.171700
v -1.775500 -6.440200 0.171700
v -1.565300 -6.952800 0.232300
v -1.565300 -6.952800 0.187900
v -1.862200 -6.426100 0.187900
v -1.862200 -6.426100 0.501900
v 1.733900 -6.360800 0.187900
v 1.733900 -6.360800 0.562900
v 0.060200 -6.360800 0.790800
v 0.060200 -6.360800 0.187900
v -0.069700 -6.360800 0.187900
v -0.069700 -6.360800 0.791400
v -1.834200 -6.360800 0.562700
v -1.834200 -6.360800 0.187900
# 416 vertices

vn -0.001900 0.000000 -1.000000
vn -0.001300 -0.000700 -1.000000
vn -0.001500 -0.000500 -1.000000
vn -1.000000 -0.000000 0.000000
vn 0.000000 -1.000000 0.000000
vn -0.000400 -0.002000 -1.000000
vn -0.000700 -0.001500 -1.000000
vn 0.000700 -0.001500 -1.000000
vn 0.000400 -0.002000 -1.000000
vn 1.000000 -0.000000 0.000000
vn 0.001500 -0.000500 -1.000000
vn 0.001300 -0.000700 -1.000000
vn 0.001900 0.000000 -1.000000
vn -0.001500 0.000500 -1.000000
vn -0.001300 0.000700 -1.000000
vn 0.000700 0.001500 -1.000000
vn -0.000700 0.001500 -1.000000
vn -0.000400 0.002000 -1.000000
vn 0.000400 0.002000 -1.000000
vn 0.000000 1.000000 0.000000
vn 0.001300 0.000700 -1.000000
vn 0.001500 0.000500 -1.000000
vn -0.001900 -0.000000 1.000000
vn -0.001300 0.000700 1.000000
vn -0.001500 0.000500 1.000000
vn -0.000400 0.002000 1.000000
vn -0.000700 0.001500 1.000000
vn 0.000700 0.001500 1.000000
vn 0.000400 0.002000 1.000000
vn 0.001500 0.000500 1.000000
vn 0.001300 0.000700 1.000000
vn 0.001900 -0.000000 1.000000
vn 0.001700 -0.000000 1.000000
vn -0.001500 -0.000500 1.000000
vn -0.001300 -0.000700 1.000000
vn -0.001700 -0.000000 1.000000
vn 0.000700 -0.001500 1.000000
vn -0.000700 -0.001500 1.000000
vn -0.000400 -0.002000 1.000000
vn 0.000400 -0.002000 1.000000
vn 0.001300 -0.000700 1.000000
vn 0.001500 -0.000500 1.000000
vn -0.001900 -0.000000 -1.000000
vn -1.000000 0.000000 0.000000
vn 1.000000 0.000000 0.000000
vn 0.001900 -0.000000 -1.000000
vn -0.001900 0.000000 1.000000
vn -0.001600 0.000000 1.000000
vn -0.001400 -0.000000 1.000000
vn 0.001400 0.000000 1.000000
vn 0.001900 0.000000 1.000000
vn 0.001600 -0.000000 1.000000
vn 0.000000 0.923900 0.382700
vn 0.000000 0.382700 0.923900
vn 0.000600 0.000000 1.000000
vn 0.000500 0.000000 1.000000
vn 0.000000 0.000000 1.000000
vn -0.000600 -0.000000 1.000000
vn -0.000500 0.000000 1.000000
vn 0.000000 0.923900 -0.382700
vn 0.005800 0.016200 0.999900
vn -0.005800 0.016200 0.999900
vn -0.007500 0.014900 0.999900
vn 0.007500 0.014900 0.999900
vn -0.016900 0.007800 0.999800
vn -0.022100 0.003900 0.999700
vn -0.027200 -0.000000 0.999600
vn 0.000000 0.000000 -1.000000
vn 0.000000 0.382700 -0.923900
vn 0.027200 0.000000 -0.999600
vn 0.027200 -0.000000 -0.999600
vn 0.022100 -0.003900 -0.999700
vn 0.016900 -0.007800 -0.999800
vn 0.022100 0.003900 -0.999700
vn 0.016900 0.007800 -0.999800
vn -0.005800 0.016200 -0.999900
vn 0.005800 0.016200 -0.999900
vn 0.007500 0.014900 -0.999900
vn -0.007500 0.015000 -0.999900
vn -0.027200 -0.000000 -0.999600
vn -0.027200 0.000000 -0.999600
vn -0.022100 0.003900 -0.999700
vn -0.016900 0.007800 -0.999800
vn -0.022100 -0.003900 -0.999700
vn -0.016900 -0.007800 -0.999800
vn 0.005800 -0.016200 -0.999900
vn -0.005800 -0.016200 -0.999900
vn -0.007500 -0.014900 -0.999900
vn 0.007500 -0.014900 -0.999900
vn -0.005800 -0.016200 0.999900
vn 0.005800 -0.016200 0.999900
vn 0.007500 -0.014900 0.999900
vn -0.007500 -0.014900 0.999900
vn 0.016900 -0.007800 0.999800
vn 0.022100 -0.003900 0.999700
vn 0.027200 -0.000000 0.999600
vn 0.027200 0.000000 0.999600
vn 0.022100 0.003900 0.999700
vn 0.016900 0.007800 0.999800
vn -0.027200 0.000000 0.999600
vn -0.022100 -0.003900 0.999700
vn -0.016900 -0.007800 0.999800
vn -0.018200 0.999000 0.041200
vn 0.000000 0.997100 0.076200
vn -0.044000 0.998400 0.035200
vn 0.000400 0.997100 0.075900
vn 0.018000 0.999100 0.037300
vn 0.033700 0.998900 0.033600
vn 0.695700 0.718400 0.000000
vn 0.016200 0.962000 0.272700
vn 0.040800 0.988500 0.145500
vn 0.006000 0.975400 0.220500
vn 0.022000 0.954500 0.297500
vn 0.000000 -0.000000 -1.000000
vn -0.006600 0.957700 0.287800
vn -0.000400 0.974300 0.225200
vn -0.025800 0.988300 0.150000
vn -0.032000 0.967700 0.250100
vn -0.695700 0.718400 0.000000
vn 0.823400 -0.567400 0.000000
vn 0.101900 -0.952300 0.287800
vn 0.057200 -0.935100 0.349900
vn 0.052400 -0.961100 0.271300
vn 0.055100 -0.967200 0.247800
vn -0.040100 -0.963800 0.263600
vn -0.020100 -0.968500 0.248000
vn -0.100100 -0.953600 0.283900
vn -0.163100 -0.933200 0.320300
vn -0.823400 -0.567400 0.000000
vn -0.707700 0.000000 -0.706500
vn -0.707100 -0.707100 0.000000
vn 0.000000 -0.708000 -0.706200
vn 0.707100 -0.707100 0.000000
vn 0.707700 0.000000 -0.706500
vn -0.707700 -0.000000 -0.706500
vn 0.000000 0.708000 -0.706200
vn -0.707100 0.707100 0.000000
vn 0.707700 -0.000000 -0.706500
vn 0.707100 0.707100 0.000000
vn -0.707800 -0.000000 0.706400
vn 0.000000 0.708100 0.706100
vn 0.707800 -0.000000 0.706400
vn 0.000000 -0.708100 0.706100
vn -0.707800 0.000000 0.706400
vn 0.707800 0.000000 0.706400
vn 0.707200 0.707100 0.000000
vn 0.706400 0.000000 -0.707800
vn 0.000000 0.706300 -0.707900
vn -0.707200 0.707100 0.000000
vn -0.706400 0.000000 -0.707800
vn 0.000000 -0.706300 -0.707900
vn -0.706400 -0.000000 -0.707800
vn 0.706400 -0.000000 -0.707800
vn 0.706400 0.000000 0.707800
vn 0.000000 -0.706300 0.707900
vn -0.706400 0.000000 0.707800
vn -0.706400 -0.000000 0.707800
vn 0.000000 0.706300 0.707900
vn 0.000000 0.707100 0.707100
vn -0.707200 0.707000 0.000000
vn 0.706400 -0.000000 0.707800
vn 0.133300 0.700800 0.700800
vn 0.085300 0.704500 0.704500
vn -0.000300 0.707100 0.707100
vn 0.119900 0.571300 0.812000
vn 0.707200 0.707000 0.000000
vn 0.000000 -0.707100 0.707100
vn 0.707200 -0.707000 0.000000
vn -0.001300 -0.707100 0.707100
vn -0.120800 -0.571300 0.811800
vn -0.707200 -0.707000 0.000000
vn 0.000000 0.714300 0.699800
vn -0.716600 -0.000000 0.697400
vn 0.000000 -0.707100 -0.707100
vn 0.707100 -0.000000 -0.707100
vn 0.707100 0.000000 -0.707100
vn 0.000000 0.707100 -0.707100
vn -0.021100 0.707000 -0.706900
vn -0.012300 0.715100 -0.699000
vn -0.707100 0.000000 -0.707100
vn -0.000000 -0.707100 -0.707100
vn 0.716600 0.000000 -0.697400
vn 0.716600 -0.000000 -0.697400
vn 0.000000 0.714300 -0.699800
vn -0.716600 -0.000000 -0.697400
vn -0.716600 0.000000 -0.697400
vn 0.000000 -0.714300 -0.699800
vn 0.000000 -0.714300 0.699800
vn 0.716600 0.000000 0.697400
vn 0.716600 -0.000000 0.697400
vn -0.716600 0.000000 0.697400
vn 0.002200 0.744300 -0.667900
vn 0.000100 0.708200 -0.706000
vn 0.000000 -0.714400 -0.699700
vn 0.707000 -0.707200 0.000000
vn 0.716700 0.000000 -0.697400
vn 0.000000 -0.714400 0.699800
vn 0.716700 0.000000 0.697400
vn 0.716600 -0.000000 0.697500
vn 0.716700 -0.000000 0.697400
vn 0.000000 0.714400 -0.699700
vn 0.707000 0.707200 0.000000
vn 0.000000 0.714400 0.699800
vn -0.716700 0.000000 -0.697400
vn -0.707000 0.707200 0.000000
vn -0.716700 -0.000000 0.697400
vn -0.716700 0.000000 0.697400
vn -0.716600 0.000000 0.697500
vn -0.707000 -0.707200 0.000000
vn 0.393800 0.909400 0.133700
vn 0.394500 0.909200 0.133300
vn 0.382400 0.913400 0.139500
vn 0.381800 0.913600 0.139800
vn 0.343700 0.929800 -0.131700
vn 0.369300 0.925300 -0.086700
vn 0.375300 0.926900 0.000000
vn 0.491900 0.508000 -0.707100
vn 0.491900 0.508000 -0.707000
vn 0.000000 0.707000 -0.707200
vn -0.491900 0.508000 -0.707100
vn -0.491900 0.508000 -0.707000
vn -0.375300 0.926900 0.000000
vn -0.393300 0.909400 0.135300
vn -0.394500 0.908900 0.135000
vn -0.381500 0.913900 0.138500
vn -0.378000 0.915300 0.139400
vn 0.537200 -0.824100 0.179700
vn 0.546500 -0.818800 0.176000
vn 0.494600 -0.846800 0.195700
vn 0.490800 -0.848700 0.197100
vn 0.995100 0.098900 0.000000
vn 0.075700 -0.028300 0.996700
vn 0.075700 -0.029100 0.996700
vn 0.144200 0.056700 0.987900
vn 0.144200 0.058200 0.987800
vn 0.582300 -0.401300 -0.707100
vn -0.137900 0.056900 0.988800
vn -0.137900 0.058300 0.988700
vn -0.066400 -0.028100 0.997400
vn -0.066300 -0.028900 0.997400
vn -0.582300 -0.401300 -0.707100
vn -0.995100 0.098900 0.000000
vn -0.532500 -0.827500 0.177800
vn -0.534000 -0.826700 0.176900
vn -0.494800 -0.845600 0.200600
vn -0.492600 -0.846500 0.201900
vn 0.474800 0.140500 0.868800
vn 0.474800 0.140100 0.868900
vn 0.470700 0.186700 0.862300
vn 0.470700 0.187100 0.862200
vn 0.885300 0.465000 0.000000
vn 0.000000 0.707200 -0.707000
vn -0.453500 0.185700 0.871700
vn -0.453500 0.185900 0.871600
vn -0.456600 0.138500 0.878800
vn -0.456600 0.138100 0.878900
vn -0.885300 0.465000 0.000000
vn -0.295900 -0.409100 -0.863200
vn -0.308500 -0.308500 -0.899800
vn -0.293300 -0.427100 -0.855300
vn -0.278200 -0.514300 -0.811300
vn 0.314700 -0.418500 -0.851900
vn 0.403400 -0.403400 -0.821300
vn 0.297100 -0.421000 -0.857000
vn 0.232000 -0.428900 -0.873100
vn -0.293300 0.427100 -0.855300
vn -0.308500 0.308500 -0.899800
vn -0.296000 0.409100 -0.863200
vn -0.278200 0.514300 -0.811300
vn 0.314800 0.418500 -0.851900
vn 0.232000 0.428900 -0.873100
vn 0.297100 0.421000 -0.857000
vn 0.403400 0.403400 -0.821300
vn -0.296000 0.409100 0.863100
vn -0.308500 0.308500 0.899800
vn -0.293300 0.427100 0.855300
vn -0.278200 0.514300 0.811200
vn 0.314800 0.418500 0.851900
vn 0.403500 0.403500 0.821200
vn 0.297100 0.421000 0.857000
vn 0.232100 0.428900 0.873000
vn -0.293300 -0.427100 0.855300
vn -0.308500 -0.308600 0.899800
vn -0.296000 -0.409200 0.863100
vn -0.278200 -0.514300 0.811200
vn 0.314800 -0.418500 0.851900
vn 0.232000 -0.428900 0.873000
vn 0.297100 -0.421000 0.857000
vn 0.403500 -0.403500 0.821200
vn 0.484300 0.458500 -0.745200
vn 0.485100 0.436700 -0.757600
vn 0.484400 0.455300 -0.747000
vn 0.482900 0.482900 -0.730500
vn -0.481700 0.455700 -0.748500
vn -0.503400 0.453100 -0.735800
vn -0.484800 0.455400 -0.746700
vn -0.458300 0.458200 -0.761500
vn -0.484300 -0.458500 -0.745200
vn -0.485100 -0.436700 -0.757600
vn -0.484400 -0.455400 -0.747000
vn -0.482900 -0.482900 -0.730500
vn 0.481700 -0.455700 -0.748500
vn 0.503300 -0.453100 -0.735800
vn 0.484800 -0.455400 -0.746700
vn 0.458300 -0.458300 -0.761600
vn 0.484300 -0.458500 0.745200
vn 0.485100 -0.436700 0.757600
vn 0.484400 -0.455400 0.747000
vn 0.482900 -0.482900 0.730500
vn -0.481700 -0.455700 0.748500
vn -0.503400 -0.453100 0.735800
vn -0.484800 -0.455400 0.746700
vn -0.458300 -0.458300 0.761500
vn -0.484300 0.458500 0.745200
vn -0.485100 0.436700 0.757600
vn -0.484400 0.455300 0.747000
vn -0.482900 0.482900 0.730500
vn -0.577200 0.577300 0.577600
vn -0.577400 0.577300 0.577300
vn -0.577000 0.577300 0.577700
vn -0.576900 0.577300 0.577900
vn 0.481700 0.455700 0.748500
vn 0.503400 0.453100 0.735800
vn 0.484800 0.455400 0.746700
vn 0.458300 0.458200 0.761500
vn 0.318400 0.270100 0.908600
vn 0.446500 0.000000 0.894800
vn 0.577100 0.576900 0.578100
vn 0.578500 -0.577300 0.576300
vn 0.577400 -0.577300 0.577300
vn 0.579000 -0.577300 0.575800
vn 0.579500 -0.577300 0.575300
vn -0.319700 -0.269800 0.908300
vn -0.446500 -0.000000 0.894800
vn -0.578800 -0.578700 0.574600
vn -0.461700 0.491900 0.738100
vn -0.465000 0.465000 0.753400
vn -0.462100 0.489100 0.739800
vn -0.459100 0.511100 0.726700
vn 0.817600 -0.234400 -0.525900
vn 0.577400 -0.577400 -0.577300
vn 0.836800 -0.190000 -0.513400
vn 0.894400 0.000000 -0.447200
vn 0.817600 0.525900 -0.234300
vn 0.577400 0.577300 -0.577300
vn 0.836900 0.513400 -0.190000
vn 0.894400 0.447200 0.000000
vn -0.817600 0.234400 -0.525900
vn -0.577400 0.577400 -0.577300
vn -0.836800 0.190000 -0.513400
vn -0.894400 -0.000000 -0.447200
vn -0.817600 -0.525900 -0.234300
vn -0.577400 -0.577300 -0.577300
vn -0.836900 -0.513400 -0.190000
vn -0.894400 -0.447200 0.000000
vn 0.461700 0.491900 -0.738100
vn 0.465000 0.465000 -0.753400
vn 0.462100 0.489100 -0.739800
vn 0.459000 0.511100 -0.726700
vn -0.461700 -0.491900 -0.738100
vn -0.465000 -0.465000 -0.753400
vn -0.462100 -0.489100 -0.739800
vn -0.459100 -0.511100 -0.726700
vn 0.461900 -0.491700 -0.738200
vn 0.490000 -0.489900 -0.721100
vn 0.464800 -0.491500 -0.736500
vn 0.442600 -0.492500 -0.749300
vn -0.461900 0.491700 -0.738200
vn -0.490000 0.489900 -0.721100
vn -0.464800 0.491500 -0.736500
vn -0.442600 0.492500 -0.749400
vn 0.461700 -0.491900 0.738100
vn 0.465000 -0.465000 0.753400
vn 0.462100 -0.489100 0.739800
vn 0.459100 -0.511100 0.726600
vn 0.461900 0.491700 0.738200
vn 0.490000 0.489900 0.721100
vn 0.464800 0.491500 0.736500
vn 0.442600 0.492500 0.749400
vn -0.461900 -0.491700 0.738200
vn -0.490000 -0.489900 0.721100
vn -0.464800 -0.491500 0.736500
vn -0.442600 -0.492500 0.749300
vn -0.081900 0.861700 0.500700
vn -0.129400 0.857400 0.498200
vn -0.053900 0.863400 0.501700
vn 0.000000 0.864600 0.502400
vn 0.246900 0.685200 0.685200
vn -0.005700 0.738000 -0.674700
vn 0.429600 -0.317100 -0.845500
vn 0.441100 -0.227700 -0.868100
vn 0.432400 -0.297500 -0.851200
vn 0.412600 -0.412700 -0.812100
vn 0.439400 -0.292800 0.849200
vn 0.309800 -0.309900 0.898900
vn 0.419500 -0.295800 0.858200
vn 0.535000 -0.275300 0.798700
vn 0.439500 0.292800 -0.849200
vn 0.309800 0.309900 -0.898900
vn 0.419600 0.295900 -0.858200
vn 0.535100 0.275400 -0.798700
vn 0.429500 0.317000 0.845600
vn 0.441000 0.227700 0.868100
vn 0.432400 0.297400 0.851200
vn 0.412500 0.412700 0.812100
vn -0.432400 0.297500 -0.851200
vn -0.412600 0.412700 -0.812100
vn -0.429600 0.317100 -0.845500
vn -0.441100 0.227700 -0.868100
vn -0.419500 0.295900 0.858200
vn -0.535000 0.275400 0.798700
vn -0.439400 0.292800 0.849200
vn -0.309800 0.309900 0.898900
vn -0.429500 -0.317000 0.845600
vn -0.441000 -0.227700 0.868200
vn -0.432400 -0.297400 0.851200
vn -0.412500 -0.412700 0.812100
vn -0.439500 -0.292800 -0.849200
vn -0.309800 -0.309900 -0.898900
vn -0.419500 -0.295900 -0.858200
vn -0.535100 -0.275400 -0.798700
vn 0.091600 0.989800 0.109400
vn 0.325700 0.921300 -0.212500
vn 0.291000 0.929400 -0.226800
vn -0.321600 0.922000 -0.215500
vn -0.314100 0.933300 -0.174100
vn -0.322800 0.920000 -0.222200
vn -0.338600 0.883300 -0.324200
vn -0.091400 0.990700 0.100900
vn 0.676200 0.081000 0.732200
vn 0.665700 0.052000 0.744400
vn 0.671300 0.067100 0.738200
vn 0.679000 0.088900 0.728700
vn 0.665900 0.053100 -0.744200
vn 0.653700 0.065000 -0.753900
vn 0.668200 0.050800 -0.742200
vn 0.678200 0.040900 -0.733800
vn -0.667000 0.050800 -0.743300
vn -0.658400 0.039600 -0.751600
vn -0.669000 0.053500 -0.741300
vn -0.679500 0.067500 -0.730500
vn -0.677800 0.067000 0.732200
vn -0.667500 0.088100 0.739300
vn -0.671200 0.080600 0.736900
vn -0.685100 0.051300 0.726700
vn 0.935000 -0.308700 0.174500
vn 0.549000 0.288400 -0.784500
vn 0.018400 0.174800 0.984400
vn 0.018300 0.175300 0.984400
vn 0.019000 0.170800 0.985100
vn 0.019000 0.170400 0.985200
vn -0.549000 0.288400 -0.784500
vn -0.930200 -0.321200 0.177400
# 453 vertex normals

vt -49.5425 1.0391 0.2779
vt -49.5425 -21.3451 0.2779
vt -47.8235 -19.7171 0.2770
vt -47.8235 1.0588 0.2770
vt 0.0468 -23.9664 -14.4550
vt 0.7158 -23.9664 -14.4550
vt 0.7158 -1.5502 -14.4550
vt 0.0468 -1.5502 -14.4550
vt -14.4295 0.2842 -23.9976
vt 15.4295 0.2842 -23.9976
vt 15.4295 0.9532 -23.9976
vt -14.4295 0.9532 -23.9976
vt -47.7893 -19.7636 0.2770
vt -49.4935 -21.3775 0.2778
vt -19.7324 -21.3775 0.2778
vt -21.4366 -19.7636 0.2770
vt 0.2842 -1.5502 15.4550
vt 0.2842 -23.9664 15.4550
vt 0.9532 -23.9664 15.4550
vt 0.9532 -1.5502 15.4550
vt -21.4024 -19.7171 0.2770
vt -19.6834 -21.3451 0.2778
vt -19.6834 1.0391 0.2778
vt -21.4024 1.0588 0.2770
vt -47.8235 25.8951 0.2770
vt -49.5425 27.5230 0.2779
vt -49.5425 3.6388 0.2779
vt -47.8235 3.6380 0.2770
vt -19.7324 27.5554 0.2778
vt -49.4935 27.5554 0.2778
vt -47.7893 25.9415 0.2771
vt -21.4366 25.9415 0.2770
vt -14.4295 0.9532 24.9976
vt -14.4295 0.2842 24.9976
vt 15.4295 0.2842 24.9976
vt 15.4295 0.9532 24.9976
vt 0.7158 1.0498 -14.4550
vt 0.7158 24.9664 -14.4550
vt 0.0468 24.9664 -14.4550
vt 0.0468 1.0498 -14.4550
vt 0.9532 24.9664 15.4550
vt 0.2842 24.9664 15.4550
vt 0.2842 1.0498 15.4550
vt 0.9532 1.0498 15.4550
vt -19.6834 3.6388 0.2778
vt -19.6834 27.5230 0.2778
vt -21.4024 25.8951 0.2770
vt -21.4024 3.6380 0.2770
vt -19.6834 3.6388 0.9596
vt -19.6834 27.5230 0.9596
vt -21.4024 25.8951 0.9604
vt -21.4024 3.6380 0.9604
vt -21.4366 25.9415 0.9604
vt -19.7324 27.5554 0.9596
vt -49.4935 27.5554 0.9596
vt -47.7893 25.9415 0.9604
vt -47.8235 25.8951 0.9604
vt -49.5425 27.5230 0.9596
vt -49.5425 3.6388 0.9596
vt -47.8235 3.6380 0.9604
vt -21.4024 -19.7171 0.9604
vt -19.6834 -21.3451 0.9596
vt -19.6834 1.0391 0.9596
vt -21.4024 1.0588 0.9604
vt -49.4935 -21.3775 0.9596
vt -19.7324 -21.3775 0.9596
vt -21.4366 -19.7636 0.9604
vt -47.7893 -19.7636 0.9604
vt -49.5425 1.0391 0.9596
vt -49.5425 -21.3451 0.9596
vt -47.8235 -19.7171 0.9604
vt -47.8235 1.0588 0.9604
vt -49.5425 3.5765 0.2779
vt -49.5425 1.1014 0.2779
vt -47.8235 1.1211 0.2770
vt -47.8235 3.5757 0.2770
vt 0.0468 -1.4879 -14.4550
vt 0.7158 -1.4879 -14.4550
vt 0.7158 0.9875 -14.4550
vt 0.0468 0.9875 -14.4550
vt 0.2842 0.9875 15.4550
vt 0.2842 -1.4879 15.4550
vt 0.9532 -1.4879 15.4550
vt 0.9532 0.9875 15.4550
vt -21.4024 1.1211 0.2770
vt -19.6834 1.1014 0.2778
vt -19.6834 3.5765 0.2778
vt -21.4024 3.5757 0.2770
vt -19.6834 1.1014 0.9596
vt -19.6834 3.5765 0.9596
vt -21.4024 3.5757 0.9604
vt -21.4024 1.1211 0.9604
vt -47.8235 3.5757 0.9604
vt -49.5425 3.5765 0.9596
vt -49.5425 1.1014 0.9596
vt -47.8235 1.1211 0.9604
vt 0.2834 -1.5299 -12.6851
vt 0.2834 -22.2902 -12.6851
vt 0.3289 -22.2902 -12.6851
vt 0.3289 -1.5299 -12.6851
vt -12.6596 0.3289 -22.3214
vt -12.6596 0.2834 -22.3214
vt 13.6596 0.2834 -22.3214
vt 13.6596 0.3289 -22.3214
vt 0.6711 -22.2902 13.6851
vt 0.7166 -22.2902 13.6851
vt 0.7166 -1.5299 13.6851
vt 0.6711 -1.5299 13.6851
vt 0.7166 1.0490 13.6851
vt 0.7166 23.2902 13.6851
vt 0.6711 23.2902 13.6851
vt 0.6711 1.0490 13.6851
vt -12.6596 0.3289 23.3214
vt -12.6596 0.2834 23.3214
vt 13.6596 0.2834 23.3214
vt 13.6596 0.3289 23.3214
vt 0.6711 -1.4676 13.6851
vt 0.7166 -1.4676 13.6851
vt 0.7166 0.9867 13.6851
vt 0.6711 0.9867 13.6851
vt 0.3289 23.2902 -12.6851
vt 0.2834 23.2902 -12.6851
vt 0.2834 1.0490 -12.6851
vt 0.3289 1.0490 -12.6851
vt 0.2834 0.9867 -12.6851
vt 0.2834 -1.4676 -12.6851
vt 0.3289 -1.4676 -12.6851
vt 0.3289 0.9867 -12.6851
vt 0.9540 1.0490 -12.6851
vt 0.9540 23.2902 -12.6851
vt 0.5948 23.2902 -12.6851
vt 0.5948 1.0490 -12.6851
vt 13.6596 0.5948 23.3214
vt 13.6596 0.9540 23.3214
vt -12.6596 0.9540 23.3214
vt -12.6596 0.5948 23.3214
vt 0.4052 23.2902 13.6851
vt 0.0460 23.2902 13.6851
vt 0.0460 1.0490 13.6851
vt 0.4052 1.0490 13.6851
vt 0.0460 -1.5299 13.6851
vt 0.0460 -22.2902 13.6851
vt 0.4052 -22.2902 13.6851
vt 0.4052 -1.5299 13.6851
vt 13.6596 0.5948 -22.3214
vt 13.6596 0.9540 -22.3214
vt -12.6596 0.9540 -22.3214
vt -12.6596 0.5948 -22.3214
vt 13.6596 0.5948 1.0179
vt 13.6596 0.9540 1.0179
vt 2.4484 0.9540 1.0179
vt 2.4484 0.5948 1.0179
vt -36.5614 3.5757 0.9604
vt -47.7726 3.5757 0.9604
vt -47.7726 1.1214 0.9604
vt -36.5614 1.1214 0.9604
vt 0.5948 -22.2902 -12.6851
vt 0.9540 -22.2902 -12.6851
vt 0.9540 -1.5299 -12.6851
vt 0.5948 -1.5299 -12.6851
vt -21.4534 1.1214 0.9604
vt -21.4534 3.5757 0.9604
vt -32.5678 3.5757 0.9604
vt -32.5678 1.1214 0.9604
vt -1.5452 0.9540 1.0179
vt -12.6596 0.9540 1.0179
vt -12.6596 0.5948 1.0179
vt -1.5452 0.5948 1.0179
vt 13.6596 0.5948 -1.4988
vt 13.6596 0.9540 -1.4988
vt 2.5452 0.9540 -1.4988
vt 2.5452 0.5948 -1.4988
vt -1.4484 0.9540 -1.4988
vt -12.6596 0.9540 -1.4988
vt -12.6596 0.5948 -1.4988
vt -1.4484 0.5948 -1.4988
vt 0.5444 -22.2902 -12.6851
vt 0.5821 -22.2902 -12.6851
vt 0.5821 -1.5299 -12.6851
vt 0.5444 -1.5299 -12.6851
vt 13.6596 0.5821 -22.3214
vt -12.6596 0.5821 -22.3214
vt -12.6596 0.5444 -22.3214
vt 13.6596 0.5444 -22.3214
vt -21.4406 -19.7636 0.3354
vt -47.7854 -19.7636 0.3354
vt -48.6784 -21.2078 0.3414
vt -20.5475 -21.2078 0.3414
vt -48.7042 -21.1461 0.3414
vt -47.8235 -19.7220 0.3354
vt -47.8235 1.0545 0.3354
vt -48.7042 0.9059 0.3414
vt 6.2307 10.7098 0.5885
vt 8.6851 10.7098 0.5885
vt 8.6851 21.8242 0.5885
vt 6.2307 21.8242 0.5885
vt 0.5444 -1.4676 -12.6851
vt 0.5821 -1.4676 -12.6851
vt 0.5821 0.9867 -12.6851
vt 0.5444 0.9867 -12.6851
vt 0.5444 1.0490 -12.6851
vt 0.5821 1.0490 -12.6851
vt 0.5821 23.2902 -12.6851
vt 0.5444 23.2902 -12.6851
vt 13.6596 0.5444 23.3214
vt 13.6596 0.5821 23.3214
vt -12.6596 0.5821 23.3214
vt -12.6596 0.5444 23.3214
vt 0.4556 23.2902 13.6851
vt 0.4179 23.2902 13.6851
vt 0.4179 1.0490 13.6851
vt 0.4556 1.0490 13.6851
vt 8.6850 37.0290 0.5885
vt 6.2306 37.0290 0.5885
vt 6.2307 25.8178 0.5885
vt 8.6850 25.8178 0.5885
vt 0.4556 0.9867 13.6851
vt 0.4179 0.9867 13.6851
vt 0.4179 -1.4676 13.6851
vt 0.4556 -1.4676 13.6851
vt 0.4556 -1.5299 13.6851
vt 0.4179 -1.5299 13.6851
vt 0.4179 -22.2902 13.6851
vt 0.4556 -22.2902 13.6851
vt -47.8235 1.1174 0.5378
vt -47.8235 3.5759 0.5378
vt -48.7042 3.5836 0.5319
vt -48.7042 0.9688 0.5319
vt -48.7042 3.6459 0.5319
vt -47.8235 3.6382 0.5378
vt -47.8235 25.8999 0.5378
vt -48.7042 27.3241 0.5319
vt -47.8235 -19.7220 0.5378
vt -47.8235 1.0545 0.5378
vt -48.7042 0.9059 0.5319
vt -48.7042 -21.1461 0.5319
vt -21.4406 -19.7636 0.5379
vt -47.7854 -19.7636 0.5379
vt -48.6784 -21.2078 0.5318
vt -20.5475 -21.2078 0.5318
vt -21.4024 3.5759 0.5378
vt -21.4024 1.1174 0.5378
vt -20.5218 0.9688 0.5319
vt -20.5218 3.5836 0.5319
vt -20.5218 0.9059 0.5319
vt -21.4024 1.0545 0.5378
vt -21.4024 -19.7220 0.5378
vt -20.5218 -21.1461 0.5319
vt -21.4024 25.8999 0.5378
vt -21.4024 3.6382 0.5378
vt -20.5218 3.6459 0.5319
vt -20.5218 27.3241 0.5319
vt -47.7854 25.9415 0.5379
vt -21.4406 25.9415 0.5379
vt -20.5475 27.3858 0.5318
vt -48.6784 27.3858 0.5318
vt -47.7854 25.9415 0.3354
vt -21.4406 25.9415 0.3354
vt -20.5475 27.3858 0.3414
vt -48.6784 27.3858 0.3414
vt -20.5218 27.3241 0.3414
vt -21.4024 25.8999 0.3354
vt -21.4024 3.6382 0.3354
vt -20.5218 3.6459 0.3414
vt -20.5218 3.5836 0.3414
vt -21.4024 3.5759 0.3354
vt -21.4024 1.1174 0.3354
vt -20.5218 0.9688 0.3414
vt -20.5218 0.9059 0.3414
vt -21.4024 1.0545 0.3354
vt -21.4024 -19.7220 0.3354
vt -20.5218 -21.1461 0.3414
vt -48.7042 0.9688 0.3414
vt -47.8235 1.1174 0.3354
vt -47.8235 3.5759 0.3354
vt -48.7042 3.5836 0.3414
vt -48.7042 3.6459 0.3414
vt -47.8235 3.6382 0.3354
vt -47.8235 25.8999 0.3354
vt -48.7042 27.3241 0.3414
vt 0.4745 0.9540 1.0179
vt -1.4235 0.9540 1.0179
vt -0.2386 0.7859 1.0179
vt 0.4727 0.7859 1.0179
vt -32.6188 1.1214 0.9604
vt -32.6188 3.5757 0.9604
vt -34.5875 3.5757 0.9604
vt -34.5875 1.1214 0.9604
vt -0.2708 0.7758 1.0179
vt -1.4942 0.9495 1.0179
vt -1.4942 0.5955 1.0179
vt -0.2708 0.6279 1.0179
vt 2.4942 0.5948 -1.4988
vt 2.4942 0.9540 -1.4988
vt 0.5255 0.9540 -1.4988
vt 0.5255 0.5948 -1.4988
vt 2.3305 0.9540 1.0179
vt 0.5254 0.9540 1.0179
vt 0.5237 0.7859 1.0179
vt 1.1990 0.7859 1.0179
vt -34.6384 1.1214 0.9604
vt -34.6384 3.5757 0.9604
vt -36.5104 3.5757 0.9604
vt -36.5104 1.1214 0.9604
vt 0.4745 0.5948 -1.4988
vt 0.4745 0.9540 -1.4988
vt -1.3975 0.9540 -1.4988
vt -1.3975 0.5948 -1.4988
vt 6.2307 23.8439 0.5885
vt 6.2307 21.8752 0.5885
vt 8.6851 21.8752 0.5885
vt 8.6850 23.8439 0.5885
vt -0.2440 0.6159 1.0179
vt -1.0392 0.5948 1.0179
vt 0.4742 0.5948 1.0179
vt 0.4730 0.6159 1.0179
vt 6.2307 25.7668 0.5885
vt 6.2307 23.8949 0.5885
vt 8.6850 23.8949 0.5885
vt 8.6850 25.7669 0.5885
vt 0.5240 0.6159 1.0179
vt 0.5251 0.5948 1.0179
vt 1.9639 0.5948 1.0179
vt 1.2046 0.6159 1.0179
vt 1.2315 0.6279 1.0179
vt 2.3975 0.5956 1.0179
vt 2.3975 0.9492 1.0179
vt 1.2315 0.7759 1.0179
vt 14.5912 0.3479 24.8279
vt 14.5912 0.5253 24.8279
vt -13.5912 0.5253 24.8279
vt -13.5912 0.3479 24.8279
vt 0.5253 1.0572 -13.6167
vt 0.5253 24.7968 -13.6167
vt 0.3479 24.7968 -13.6167
vt 0.3479 1.0572 -13.6167
vt 0.5253 -1.6248 -13.6167
vt 0.5253 0.9949 -13.6167
vt 0.3479 0.9949 -13.6167
vt 0.3479 -1.6248 -13.6167
vt 0.5253 -23.7968 -13.6167
vt 0.5253 -1.6871 -13.6167
vt 0.3479 -1.6871 -13.6167
vt 0.3479 -23.7968 -13.6167
vt 14.5912 0.5253 -23.8279
vt -13.5912 0.5253 -23.8279
vt -13.5912 0.3479 -23.8279
vt 14.5912 0.3479 -23.8279
vt 0.4747 -1.6871 14.6167
vt 0.4747 -23.7968 14.6167
vt 0.6521 -23.7968 14.6167
vt 0.6521 -1.6871 14.6167
vt 0.4747 -1.6248 14.6167
vt 0.6521 -1.6248 14.6167
vt 0.6521 0.9949 14.6167
vt 0.4747 0.9949 14.6167
vt 0.4747 1.0572 14.6167
vt 0.6521 1.0572 14.6167
vt 0.6521 24.7968 14.6167
vt 0.4747 24.7968 14.6167
vt 1.1877 0.6286 1.0395
vt 1.1877 0.7451 1.0395
vt 1.0789 0.6463 1.1684
vt 1.0789 0.6286 1.1684
vt 1.0417 0.6543 1.1823
vt 1.1729 0.7734 1.0259
vt 0.5236 0.7735 1.0272
vt 0.5236 0.6732 1.1806
vt 0.5236 1.0490 0.6222
vt 1.1430 1.0490 0.6222
vt 1.0502 1.1589 0.6222
vt 0.5236 1.1589 0.6222
vt 0.4727 0.6733 1.1806
vt 0.4727 0.7735 1.0272
vt -0.2122 0.7734 1.0259
vt -0.0810 0.6543 1.1822
vt -0.1824 1.0490 0.6222
vt 0.4727 1.0490 0.6222
vt 0.4727 1.1589 0.6222
vt -0.0896 1.1589 0.6222
vt -0.2270 0.7451 1.0395
vt -0.2270 0.6286 1.0395
vt -0.1182 0.6286 1.1684
vt -0.1182 0.6463 1.1684
vt 0.6286 1.2157 1.0750
vt 0.6460 1.2157 1.0750
vt 0.7518 1.4224 1.1915
vt 0.6286 1.4224 1.1915
vt -0.1767 0.7768 1.4366
vt -0.0415 0.6541 1.2013
vt 0.4764 0.6733 1.1978
vt 0.4766 0.8655 1.4394
vt 0.5236 1.2212 0.6222
vt 1.0472 1.2212 0.6222
vt 1.1575 1.4169 0.6222
vt 0.5236 1.4169 0.6222
vt 0.5271 0.8657 1.4395
vt 0.5273 0.6734 1.1977
vt 1.0808 0.6541 1.2013
vt 1.2159 0.7767 1.4366
vt -0.0865 1.2212 0.6222
vt 0.4727 1.2212 0.6222
vt 0.4727 1.4169 0.6222
vt -0.1968 1.4169 0.6222
vt 0.3540 1.2157 -0.1143
vt 0.3714 1.2157 -0.1143
vt 0.3714 1.4224 -0.2309
vt 0.2482 1.4224 -0.2309
vt 1.1805 0.6286 1.4480
vt 1.1805 0.7758 1.4480
vt 0.5236 0.8652 1.4480
vt 0.5236 0.6286 1.4480
vt 0.4727 0.6286 1.4480
vt 0.4727 0.8654 1.4480
vt -0.2198 0.7757 1.4480
vt -0.2198 0.6286 1.4480
vt 0.7221 -1.5499 -14.4295
vt 0.7221 -23.9340 -14.4295
vt 15.4550 0.9532 -23.9664
vt 15.4550 0.2842 -23.9664
vt -14.3805 0.2778 -23.9664
vt 15.3805 0.2778 -23.9664
vt -14.4550 0.9532 -23.9664
vt -14.4550 0.2842 -23.9664
vt 0.2778 -1.5499 15.4295
vt 0.2778 -23.9340 15.4295
vt 0.7221 1.0498 -14.4295
vt 0.7221 24.9340 -14.4295
vt 15.3805 0.2778 24.9664
vt -14.3805 0.2778 24.9664
vt -14.4550 0.9532 24.9664
vt -14.4550 0.2842 24.9664
vt 0.2778 1.0498 15.4295
vt 0.2778 24.9340 15.4295
vt 15.4550 0.9532 24.9664
vt 15.4550 0.2842 24.9664
vt 0.0404 1.0498 -14.4295
vt 0.0404 24.9340 -14.4295
vt 15.3805 0.9596 24.9664
vt -14.3805 0.9596 24.9664
vt 0.9596 1.0498 15.4295
vt 0.9596 24.9340 15.4295
vt 0.0404 -1.5499 -14.4295
vt 0.0404 -23.9340 -14.4295
vt -14.3805 0.9596 -23.9664
vt 15.3805 0.9596 -23.9664
vt 0.9596 -1.5499 15.4295
vt 0.9596 -23.9340 15.4295
vt 0.7221 0.9875 -14.4295
vt 0.7221 -1.4876 -14.4295
vt 0.2778 0.9875 15.4295
vt 0.2778 -1.4876 15.4295
vt 0.0404 -1.4876 -14.4295
vt 0.0404 0.9875 -14.4295
vt 0.9596 -1.4876 15.4295
vt 0.9596 0.9875 15.4295
vt -12.6851 0.3289 -22.2902
vt -12.6851 0.2834 -22.2902
vt 0.2770 -1.5302 -12.7106
vt 0.2770 -22.3061 -12.7106
vt 13.6764 0.2770 -22.3525
vt -12.6764 0.2770 -22.3525
vt 13.6851 0.3289 -22.2902
vt 13.6851 0.2834 -22.2902
vt 0.7230 -1.5302 13.7106
vt 0.7230 -22.3061 13.7106
vt -12.6851 0.3289 23.2902
vt -12.6851 0.2834 23.2902
vt 0.7230 1.0490 13.7106
vt 0.7230 23.3061 13.7106
vt 13.6764 0.2771 23.3525
vt -12.6764 0.2770 23.3525
vt 0.7230 0.9867 13.7106
vt 0.7230 -1.4679 13.7106
vt 13.6851 0.3289 23.2902
vt 13.6851 0.2834 23.2902
vt 0.2770 1.0490 -12.7106
vt 0.2770 23.3061 -12.7106
vt 0.2770 0.9867 -12.7106
vt 0.2770 -1.4679 -12.7106
vt 13.6851 0.5948 23.2902
vt 13.6851 0.9540 23.2902
vt 0.9604 1.0490 -12.7106
vt 0.9604 23.3061 -12.7106
vt -12.6764 0.9604 23.3525
vt 13.6764 0.9604 23.3525
vt -12.6851 0.5948 23.2902
vt -12.6851 0.9540 23.2902
vt 0.0396 1.0490 13.7106
vt 0.0396 23.3061 13.7106
vt 13.6851 0.5948 -22.2902
vt 13.6851 0.9540 -22.2902
vt 0.0396 -1.5302 13.7106
vt 0.0396 -22.3061 13.7106
vt -12.6764 0.9604 -22.3525
vt 13.6764 0.9604 -22.3525
vt 2.4484 0.9604 0.9867
vt 13.6596 0.9604 0.9867
vt 13.6851 0.5948 1.0490
vt 13.6851 0.9540 1.0490
vt -12.6851 0.5948 -22.2902
vt -12.6851 0.9540 -22.2902
vt 0.9604 -1.5302 -12.7106
vt 0.9604 -22.3061 -12.7106
vt -1.5452 0.9604 0.9867
vt -12.6596 0.9604 0.9867
vt -12.6851 0.5948 1.0490
vt -12.6851 0.9540 1.0490
vt 2.5452 0.9604 -1.4676
vt 13.6596 0.9604 -1.4676
vt 13.6851 0.5948 -1.5299
vt 13.6851 0.9540 -1.5299
vt -1.4484 0.9604 -1.4676
vt -12.6596 0.9604 -1.4676
vt -12.6851 0.5948 -1.5299
vt -12.6851 0.9540 -1.5299
vt -12.6851 0.5444 -22.2902
vt -12.6851 0.5821 -22.2902
vt -12.6724 0.3354 -22.3525
vt 13.6724 0.3354 -22.3525
vt 0.6646 -1.5345 13.7106
vt 0.6646 -22.3109 13.7106
vt 2.5452 0.5885 -1.4676
vt 13.6596 0.5885 -1.4676
vt 0.5885 0.9867 -12.6596
vt 0.5885 -1.4676 -12.6596
vt -1.5452 0.5885 0.9867
vt -12.6596 0.5885 0.9867
vt 13.6851 0.5444 23.2902
vt 13.6851 0.5821 23.2902
vt -12.6851 0.5444 23.2902
vt -12.6851 0.5821 23.2902
vt 2.4484 0.5885 0.9867
vt 13.6596 0.5885 0.9867
vt 0.4115 -1.4676 13.6596
vt 0.4115 0.9867 13.6596
vt -1.4484 0.5885 -1.4676
vt -12.6596 0.5885 -1.4676
vt 0.5378 -1.4716 -12.7106
vt 0.5378 0.9869 -12.7106
vt 0.5378 23.3109 -12.7106
vt 0.5378 1.0492 -12.7106
vt 0.5378 -22.3109 -12.7106
vt 0.5378 -1.5345 -12.7106
vt 13.6724 0.5379 -22.3525
vt -12.6724 0.5379 -22.3525
vt 13.6851 0.5444 -22.2902
vt 13.6851 0.5821 -22.2902
vt 0.4622 0.9869 13.7106
vt 0.4622 -1.4716 13.7106
vt 0.4622 -22.3109 13.7106
vt 0.4622 -1.5345 13.7106
vt 0.4622 23.3109 13.7106
vt 0.4622 1.0492 13.7106
vt 13.6724 0.5379 23.3525
vt -12.6724 0.5379 23.3525
vt -12.6724 0.3354 23.3525
vt 13.6724 0.3354 23.3525
vt 0.3354 1.0492 -12.7106
vt 0.3354 23.3109 -12.7106
vt 0.3354 -1.4716 -12.7106
vt 0.3354 0.9869 -12.7106
vt 0.3354 -22.3109 -12.7106
vt 0.3354 -1.5345 -12.7106
vt 0.6646 0.9869 13.7106
vt 0.6646 -1.4716 13.7106
vt 0.6646 23.3109 13.7106
vt 0.6646 1.0492 13.7106
vt 0.4745 0.9604 0.9867
vt -1.4942 0.9604 0.9867
vt 0.5255 0.9604 -1.4676
vt 2.4942 0.9604 -1.4676
vt 2.3975 0.9604 0.9867
vt 0.5255 0.9604 0.9867
vt -1.3975 0.9604 -1.4676
vt 0.4745 0.9604 -1.4676
vt 0.4745 0.5885 0.9867
vt -1.4942 0.5885 0.9867
vt 0.5255 0.5885 -1.4676
vt 2.4942 0.5885 -1.4676
vt 2.3975 0.5885 0.9867
vt 0.5255 0.5885 0.9867
vt -1.3975 0.5885 -1.4676
vt 0.4745 0.5885 -1.4676
vt -13.5655 0.5318 24.7968
vt 14.5655 0.5318 24.7968
vt 14.6167 0.3479 24.7968
vt 14.6167 0.5253 24.7968
vt 0.5319 1.0569 -13.5912
vt 0.5319 24.7351 -13.5912
vt 0.5319 -1.6202 -13.5912
vt 0.5319 0.9946 -13.5912
vt -13.5655 0.3414 24.7968
vt 14.5655 0.3414 24.7968
vt 0.3414 1.0569 -13.5912
vt 0.3414 24.7351 -13.5912
vt 0.3414 -1.6202 -13.5912
vt 0.3414 0.9946 -13.5912
vt 0.5319 -23.7351 -13.5912
vt 0.5319 -1.6830 -13.5912
vt 0.3414 -23.7351 -13.5912
vt 0.3414 -1.6830 -13.5912
vt 14.5655 0.5318 -23.7968
vt -13.5655 0.5318 -23.7968
vt -13.6167 0.3479 -23.7968
vt -13.6167 0.5253 -23.7968
vt 14.5655 0.3414 -23.7968
vt -13.5655 0.3414 -23.7968
vt 0.4681 -1.6830 14.5912
vt 0.4681 -23.7351 14.5912
vt 14.6167 0.3479 -23.7968
vt 14.6167 0.5253 -23.7968
vt 0.6586 -1.6830 14.5912
vt 0.6586 -23.7351 14.5912
vt 0.6586 0.9946 14.5912
vt 0.6586 -1.6202 14.5912
vt 0.4681 0.9946 14.5912
vt 0.4681 -1.6202 14.5912
vt 0.6586 24.7351 14.5912
vt 0.6586 1.0569 14.5912
vt 0.4681 24.7351 14.5912
vt 0.4681 1.0569 14.5912
vt -13.6167 0.5253 24.7968
vt -13.6167 0.3479 24.7968
vt 1.0502 0.6222 1.1589
vt 1.1430 0.6222 1.0490
vt 0.5236 0.6222 1.0490
vt -0.1824 0.6222 1.0490
vt 0.4727 0.6222 1.0490
vt -0.0896 0.6222 1.1589
vt -0.1915 0.7518 1.4224
vt -0.0750 0.6460 1.2157
vt 0.6286 1.1684 1.0789
vt 0.6463 1.1684 1.0789
vt 0.4764 1.1806 0.6732
vt 0.4764 1.1978 0.6733
vt -0.0415 1.2013 0.6541
vt -0.0417 1.1823 0.6543
vt 0.6222 1.4169 1.1575
vt 0.6222 1.2212 1.0472
vt 1.0810 1.1822 0.6543
vt 1.0808 1.2013 0.6541
vt 0.5273 1.1977 0.6734
vt 0.5273 1.1806 0.6733
vt 0.3778 1.4169 -0.1968
vt 0.3778 1.2212 -0.0865
vt 0.3537 1.1684 -0.1182
vt 0.3714 1.1684 -0.1182
vt 1.2309 0.7518 1.4224
vt 1.1143 0.6460 1.2157
vt 0.8655 1.4394 0.5234
vt 0.8652 1.4480 0.5236
vt 0.7758 1.4480 1.1805
vt 0.7768 1.4366 1.1767
vt 0.6286 1.4480 1.1805
vt 0.5236 0.6222 1.4169
vt 1.1575 0.6222 1.4169
vt 0.2233 1.4366 -0.2159
vt 0.2243 1.4480 -0.2198
vt 0.1346 1.4480 0.4727
vt 0.1343 1.4395 0.4729
vt -0.1968 0.6222 1.4169
vt 0.4727 0.6222 1.4169
vt 0.3714 1.4480 -0.2198
vt 15.4295 0.2779 -23.9340
vt -14.4295 0.2778 -23.9340
vt -14.4295 0.2779 24.9340
vt 15.4295 0.2778 24.9340
vt -14.4295 0.9596 24.9340
vt 15.4295 0.9596 24.9340
vt 15.4295 0.9596 -23.9340
vt -14.4295 0.9596 -23.9340
vt -12.7106 0.2770 -22.3061
vt 13.7106 0.2770 -22.3061
vt -12.7106 0.2770 23.3061
vt 13.7106 0.2770 23.3061
vt 13.7106 0.9604 23.3061
vt -12.7106 0.9604 23.3061
vt 13.7106 0.9604 -22.3061
vt 13.7106 0.9604 1.0490
vt 13.7106 0.9604 0.9867
vt -12.7106 0.9604 -22.3061
vt -12.7106 0.9604 0.9867
vt -12.7106 0.9604 1.0490
vt 13.7106 0.9604 -1.5302
vt 13.7106 0.9604 -1.4679
vt -12.7106 0.9604 -1.4679
vt -12.7106 0.9604 -1.5302
vt 13.7106 0.3354 -22.3109
vt 0.5948 -1.4988 -12.6596
vt 0.5948 1.0179 -12.6596
vt 0.4052 1.0179 13.6596
vt 0.4052 -1.4988 13.6596
vt -12.7106 0.5378 -22.3109
vt -12.7106 0.5378 23.3109
vt 13.7106 0.5378 23.3109
vt 13.7106 0.5378 -22.3109
vt 13.7106 0.3354 23.3109
vt -12.7106 0.3354 -22.3109
vt -12.7106 0.3354 23.3109
vt 0.5318 24.7968 -13.5655
vt 0.5253 24.8279 -13.5912
vt 0.3479 24.8279 -13.5912
vt 0.3414 24.7968 -13.5655
vt 0.5253 -23.8279 -13.5912
vt 0.5318 -23.7968 -13.5655
vt 0.3414 -23.7968 -13.5655
vt 0.3479 -23.8279 -13.5912
vt 0.4682 -23.7968 14.5655
vt 0.4747 -23.8279 14.5912
vt 0.6521 -23.8279 14.5912
vt 0.6586 -23.7968 14.5655
vt 0.6586 24.7968 14.5655
vt 0.6521 24.8279 14.5912
vt 0.4747 24.8279 14.5912
vt 0.4682 24.7968 14.5655
vt 0.6543 1.1823 1.0417
vt 0.6541 1.2013 1.0415
vt 0.6222 1.1589 1.0502
vt 0.3778 1.1589 -0.0896
vt 0.3457 1.1822 -0.0810
vt 0.3459 1.2013 -0.0808
vt 0.4764 1.4480 0.8652
vt 0.4766 1.4394 0.8655
vt 0.5271 1.4395 0.8657
vt 0.5273 1.4480 0.8654
# 726 texture coords

g pCube30
usemtl Pine_mat
s 1
f 461/928/426 462/929/427 463/930/428 464/931/426 
f 465/932/429 466/933/429 467/934/429 468/935/429 
f 469/936/430 470/937/430 471/938/430 472/939/430 
f 473/940/431 474/941/432 475/942/433 476/943/434 
f 477/944/435 478/945/435 479/946/435 480/947/435 
f 481/948/436 482/949/437 483/950/438 484/951/438 
f 485/952/439 486/953/440 487/954/426 488/955/426 
f 489/956/441 490/957/442 491/958/443 492/959/444 
f 493/960/445 494/961/445 495/962/445 496/963/445 
f 497/964/429 498/965/429 499/966/429 500/967/429 
f 501/968/435 502/969/435 503/970/435 504/971/435 
f 505/972/438 506/973/446 507/974/447 508/975/438 
f 509/976/448 510/977/449 511/978/450 512/979/448 
f 513/980/451 514/981/452 515/982/453 516/983/454 
f 517/984/455 518/985/456 519/986/457 520/987/458 
f 521/988/459 522/989/460 523/990/448 524/991/461 
f 525/992/462 526/993/463 527/994/464 528/995/465 
f 529/996/457 530/997/466 531/998/467 532/999/457 
f 533/1000/468 534/1001/426 535/1002/426 536/1003/468 
f 537/1004/469 538/1005/469 539/1006/469 540/1007/469 
f 541/1008/470 542/1009/470 543/1010/470 544/1011/470 
f 545/1012/438 546/1013/438 547/1014/471 548/1015/471 
f 549/1016/448 550/1017/472 551/1018/473 552/1019/474 
f 553/1020/475 554/1021/476 555/1022/457 556/1023/477 
f 557/1024/470 558/1025/470 559/1026/470 560/1027/470 
f 561/1028/445 562/1029/445 563/1030/445 564/1031/445 
f 565/1032/469 566/1033/469 567/1034/469 568/1035/469 
f 569/1036/469 570/1037/469 571/1038/469 572/1039/469 
f 573/1040/430 574/1041/430 575/1042/430 576/1043/430 
f 577/1044/469 578/1045/469 579/1046/469 580/1047/469 
f 581/1048/470 582/1049/470 583/1050/470 584/1051/470 
f 585/1052/470 586/1053/470 587/1054/470 588/1055/470 
f 589/1056/470 590/1057/470 591/1058/470 592/1059/470 
f 593/1060/430 594/1061/430 595/1062/430 596/1063/430 
f 597/1064/469 598/1065/469 599/1066/469 600/1067/469 
f 601/1068/469 602/1069/469 603/1070/469 604/1071/469 
f 605/1072/445 606/1073/445 607/1074/445 608/1075/445 
f 609/1076/445 610/1077/445 611/1078/478 612/1079/445 
f 613/1080/479 614/1081/480 615/1082/481 616/1083/482 
f 617/1084/470 618/1085/470 619/1086/470 620/1087/470 
f 621/1088/483 622/1089/484 623/1090/482 624/1091/482 
f 625/1092/445 626/1093/445 627/1094/445 628/1095/485 
f 629/1096/430 630/1097/430 631/1098/430 632/1099/430 
f 633/1100/430 634/1101/430 635/1102/430 636/1103/430 
f 637/1104/470 638/1105/470 639/1106/470 640/1107/470 
f 641/1108/445 642/1109/445 643/1110/445 644/1111/445 
f 645/1112/486 646/1113/487 647/1114/488 648/1115/489 
f 649/1116/490 650/1117/491 651/1118/492 652/1119/492 
f 653/1120/493 654/1121/493 655/1122/493 656/1123/494 
f 657/1124/470 658/1125/470 659/1126/470 660/1127/470 
f 661/1128/470 662/1129/470 663/1130/470 664/1131/470 
f 665/1132/430 666/1133/430 667/1134/430 668/1135/430 
f 669/1136/469 670/1137/469 671/1138/469 672/1139/469 
f 673/1140/493 674/1141/493 675/1142/493 676/1143/493 
f 677/1144/469 678/1145/469 679/1146/469 680/1147/469 
f 681/1148/469 682/1149/469 683/1150/469 684/1151/469 
f 685/1152/495 686/1153/496 687/1154/495 688/1155/495 
f 689/1156/495 690/1157/496 691/1158/497 692/1159/498 
f 693/1160/499 694/1161/495 695/1162/495 696/1163/500 
f 697/1164/501 698/1165/502 699/1166/503 700/1167/504 
f 701/1168/505 702/1169/506 703/1170/506 704/1171/505 
f 705/1172/506 706/1173/506 707/1174/507 708/1175/508 
f 709/1176/509 710/1177/505 711/1178/506 712/1179/510 
f 713/1180/511 714/1181/512 715/1182/513 716/1183/514 
f 717/1184/515 718/1185/516 719/1186/517 720/1187/518 
f 721/1188/519 722/1189/520 723/1190/521 724/1191/521 
f 725/1192/522 726/1193/522 727/1194/522 728/1195/522 
f 729/1196/521 730/1197/521 731/1198/523 732/1199/524 
f 733/1200/525 734/1201/525 735/1202/525 736/1203/525 
f 737/1204/492 738/1205/492 739/1206/526 740/1207/527 
f 741/1208/445 742/1209/445 743/1210/528 744/1211/529 
f 745/1212/482 746/1213/482 747/1214/482 748/1215/482 
f 749/1216/530 750/1217/445 751/1218/445 752/1219/445 
f 753/1220/430 754/1221/430 755/1222/430 756/1223/430 
f 757/1224/478 758/1225/445 759/1226/531 760/1227/532 
f 761/1228/482 762/1229/482 763/1230/482 764/1231/482 
f 765/1232/430 766/1233/430 767/1234/430 768/1235/430 
f 769/1236/493 770/1237/493 771/1238/493 772/1239/493 
f 773/1240/445 774/1241/485 775/1242/445 776/1243/445 
f 777/1244/493 778/1245/493 779/1246/493 780/1247/493 
f 781/1248/445 782/1249/445 783/1250/445 784/1251/445 
f 785/1252/445 786/1253/445 787/1254/445 788/1255/533 
f 789/1256/430 790/1257/430 791/1258/430 792/1259/430 
f 793/1260/470 794/1261/470 795/1262/470 796/1263/470 
f 797/1264/470 798/1265/470 799/1266/470 800/1267/470 
f 801/1268/470 802/1269/470 803/1270/470 804/1271/470 
f 805/1272/445 806/1273/445 807/1274/445 808/1275/445 
f 809/1276/469 810/1277/469 811/1278/469 812/1279/469 
f 813/1280/469 814/1281/469 815/1282/469 816/1283/469 
f 817/1284/469 818/1285/469 819/1286/469 820/1287/469 
s 2
f 821/1288/534 822/1289/534 823/1290/534 824/1291/534 
s 1
f 825/1292/535 826/1293/536 827/1294/537 828/1295/538 
f 829/1296/493 830/1297/493 831/1298/539 832/1299/539 
f 833/1300/540 834/1301/541 835/1302/542 836/1303/543 
f 837/1304/493 838/1305/493 839/1306/539 840/1307/539 
s 2
f 841/1308/544 842/1309/544 843/1310/544 844/1311/544 
s 1
f 845/1312/545 846/1313/545 847/1314/545 848/1315/545 
f 849/1316/546 850/1317/547 851/1318/548 852/1319/549 
f 853/1320/539 854/1321/539 855/1322/493 856/1323/493 
f 857/1324/550 858/1325/551 859/1326/552 860/1327/553 
f 861/1328/539 862/1329/539 863/1330/493 864/1331/493 
f 865/1332/554 866/1333/554 867/1334/554 868/1335/554 
f 869/1336/445 870/1337/445 871/1338/445 872/1339/445 
f 873/1340/445 874/1341/445 875/1342/445 876/1343/445 
f 473/940/431 463/930/428 462/929/427 474/941/432 
s 2
f 461/1344/555 467/934/555 466/933/555 462/1345/555 
s 4
f 465/1346/556 471/938/556 470/937/556 466/1347/556 
s 2
f 469/936/557 475/1348/557 474/1349/557 470/937/557 
s 1
f 481/948/436 476/943/434 475/942/433 482/949/437 
s 4
f 472/939/558 479/1350/558 478/1351/558 469/936/558 
s 2
f 477/944/559 483/1352/559 482/1353/559 478/945/559 
f 497/964/560 487/1354/560 486/1355/560 498/965/560 
s 1
f 485/952/439 491/958/443 490/957/442 486/953/440 
s 2
f 489/1356/561 495/962/561 494/961/561 490/1357/561 
s 4
f 493/960/562 499/1358/562 498/1359/562 494/961/562 
s 2
f 505/1360/563 503/970/563 502/969/563 506/1361/563 
s 4
f 501/1362/564 496/963/564 495/962/564 502/1363/564 
s 1
f 492/959/444 507/974/447 506/973/446 489/956/441 
f 513/980/451 511/978/450 510/977/449 514/981/452 
s 2
f 509/1364/565 500/967/565 499/966/565 510/1365/565 
f 496/963/566 515/1366/566 514/1367/566 493/960/566 
s 1
f 517/984/455 516/983/454 515/982/453 518/985/456 
s 2
f 504/971/567 519/1368/567 518/1369/567 501/968/567 
f 468/935/565 523/1370/565 522/1371/565 465/932/565 
s 1
f 521/988/459 527/994/464 526/993/463 522/989/460 
s 2
f 525/1372/568 472/939/568 471/938/568 526/1373/568 
f 529/1374/567 480/947/567 479/946/567 530/1375/567 
s 1
f 528/995/465 531/998/467 530/997/466 525/992/462 
f 537/1004/469 468/935/429 467/934/429 538/1005/469 
f 464/931/426 535/1002/426 534/1001/426 461/928/426 
s 2
f 533/1376/560 539/1006/560 538/1005/555 534/1377/555 
s 1
f 545/1012/438 484/951/438 483/950/438 546/1013/438 
f 480/947/435 543/1010/470 542/1009/470 477/944/435 
s 2
f 541/1008/563 547/1378/559 546/1379/559 542/1009/559 
s 1
f 512/979/448 551/1018/473 550/1017/472 509/976/448 
s 2
f 549/1380/565 537/1004/565 540/1007/569 550/1381/569 
s 1
f 539/1006/469 497/964/429 500/967/429 540/1007/469 
f 503/970/435 541/1008/470 544/1011/470 504/971/435 
s 2
f 543/1010/567 555/1382/567 554/1383/570 544/1011/570 
s 1
f 553/1020/475 520/987/458 519/986/457 554/1021/476 
s 2
f 561/1028/571 559/1384/571 558/1385/571 562/1029/571 
s 4
f 557/1024/572 464/1386/572 463/1387/572 558/1025/572 
f 476/1388/573 563/1030/573 562/1029/573 473/1389/573 
s 2
f 565/1390/574 564/1031/574 563/1030/574 566/1391/574 
s 4
f 484/1392/575 567/1034/575 566/1033/575 481/1393/575 
s 2
f 573/1040/556 571/1394/556 570/1395/556 574/1041/556 
s 4
f 569/1036/575 508/1396/575 507/1397/575 570/1037/575 
f 491/1398/576 575/1042/576 574/1041/576 492/1399/576 
s 1
f 577/1044/469 568/1035/469 567/1034/469 578/1045/469 
s 4
f 548/1400/577 579/1046/575 578/1045/575 545/1401/575 
s 2
f 581/1402/558 576/1043/558 575/1042/558 582/1403/558 
s 4
f 488/1404/572 583/1050/572 582/1049/572 485/1405/572 
s 1
f 560/1027/470 587/1054/470 586/1053/470 557/1024/470 
s 4
f 585/1052/578 536/1406/578 535/1407/572 586/1053/572 
s 2
f 593/1060/558 591/1408/558 590/1409/558 594/1061/558 
s 4
f 589/1056/579 512/1410/579 511/1411/579 590/1057/579 
f 516/1412/580 595/1062/580 594/1061/580 513/1413/580 
s 2
f 597/1414/556 596/1063/556 595/1062/556 598/1415/556 
s 4
f 520/1416/581 599/1066/581 598/1065/581 517/1417/581 
s 2
f 605/1072/574 603/1418/574 602/1419/574 606/1073/574 
s 4
f 601/1068/582 532/1420/582 531/1421/582 602/1069/582 
f 527/1422/583 607/1074/583 606/1073/583 528/1423/583 
s 2
f 613/1424/479 611/1078/478 610/1077/584 614/1425/584 
s 8
f 609/1076/585 600/1426/585 599/1427/585 610/1077/585 
s 1
f 556/1023/477 615/1082/481 614/1081/480 553/1020/475 
s 2
f 617/1428/571 608/1075/571 607/1074/571 618/1429/571 
s 4
f 524/1430/586 619/1086/586 618/1085/586 521/1431/586 
s 2
f 625/1092/587 623/1432/588 622/1433/589 626/1093/590 
s 1
f 621/1088/483 552/1019/474 551/1018/473 622/1089/484 
s 8
f 592/1434/591 627/1094/591 626/1093/591 589/1435/591 
s 1
f 572/1039/469 580/1047/469 579/1046/469 569/1036/469 
f 547/1014/471 505/972/438 508/975/438 548/1015/471 
f 588/1055/470 584/1051/470 583/1050/470 585/1052/470 
f 487/954/426 533/1000/468 536/1003/468 488/955/426 
f 552/1019/474 524/991/461 523/990/448 549/1016/448 
s 2
f 624/1436/592 631/1098/592 630/1097/592 621/1437/592 
s 8
f 629/1096/593 620/1438/593 619/1439/593 630/1097/593 
s 2
f 633/1100/592 616/1440/592 615/1441/594 634/1101/595 
s 1
f 555/1022/457 529/996/457 532/999/457 556/1023/477 
s 8
f 604/1442/596 635/1102/596 634/1101/596 601/1443/596 
s 1
f 641/1108/445 605/1072/445 608/1075/445 642/1109/445 
f 620/1087/470 639/1106/470 638/1105/470 617/1084/470 
s 2
f 637/1444/571 643/1110/571 642/1109/571 638/1445/571 
s 1
f 649/1116/490 647/1114/488 646/1113/487 650/1117/491 
s 4
f 645/1446/597 561/1028/597 564/1031/597 646/1447/597 
f 568/1035/598 651/1448/598 650/1449/598 565/1032/598 
s 2
f 632/1099/599 655/1450/599 654/1451/599 629/1096/599 
s 4
f 653/1452/600 659/1126/600 658/1125/601 654/1453/601 
s 1
f 657/1124/470 640/1107/470 639/1106/470 658/1125/470 
s 2
f 656/1454/494 628/1095/485 627/1094/602 653/1455/602 
s 1
f 591/1058/470 663/1130/470 662/1129/470 592/1059/470 
f 661/1128/470 660/1127/470 659/1126/470 662/1129/470 
f 596/1063/430 667/1134/430 666/1133/430 593/1060/430 
s 2
f 665/1132/558 664/1456/558 663/1457/558 666/1133/558 
s 1
f 600/1067/469 671/1138/469 670/1137/469 597/1064/469 
s 2
f 669/1458/556 668/1135/556 667/1134/556 670/1459/556 
f 612/1079/603 675/1460/604 674/1461/602 609/1076/602 
s 4
f 673/1462/605 679/1146/605 678/1145/605 674/1463/605 
s 1
f 677/1144/469 672/1139/469 671/1138/469 678/1145/469 
s 2
f 676/1464/606 636/1103/606 635/1102/606 673/1465/599 
s 1
f 603/1070/469 683/1150/469 682/1149/469 604/1071/469 
f 681/1148/469 680/1147/469 679/1146/469 682/1149/469 
f 689/1156/495 687/1154/495 686/1153/496 690/1157/496 
s 4
f 685/1466/607 657/1124/607 660/1127/608 686/1467/608 
f 664/1131/607 691/1468/607 690/1469/608 661/1128/608 
s 1
f 688/1155/495 695/1162/495 694/1161/495 685/1152/495 
s 4
f 693/1470/607 637/1104/607 640/1107/607 694/1471/607 
s 1
f 696/1163/500 699/1166/503 698/1165/502 693/1160/499 
s 4
f 697/1472/609 644/1111/609 643/1110/609 698/1473/609 
s 2
f 644/1111/574 684/1474/574 683/1475/574 641/1108/574 
s 1
f 705/1172/506 703/1170/506 702/1169/506 706/1173/506 
s 4
f 701/1476/610 677/1144/610 680/1147/611 702/1477/611 
f 684/1151/611 707/1478/611 706/1479/611 681/1148/611 
s 1
f 704/1171/505 711/1178/506 710/1177/505 701/1168/505 
s 4
f 709/1480/611 669/1136/611 672/1139/610 710/1481/610 
s 1
f 712/1179/510 715/1182/513 714/1181/512 709/1176/509 
s 4
f 713/1482/612 665/1132/612 668/1135/612 714/1483/612 
s 1
f 716/1183/514 692/1159/498 691/1158/497 713/1180/511 
f 700/1167/504 708/1175/508 707/1174/507 697/1164/501 
f 721/1188/519 719/1186/517 718/1185/516 722/1189/520 
s 4
f 717/1484/613 573/1040/613 576/1043/613 718/1485/613 
f 584/1051/614 723/1486/614 722/1487/614 581/1048/614 
s 1
f 725/1192/522 724/1191/521 723/1190/521 726/1193/522 
s 4
f 587/1054/614 727/1488/614 726/1489/614 588/1055/614 
s 1
f 729/1196/521 728/1195/522 727/1194/522 730/1197/521 
s 4
f 559/1026/615 731/1490/615 730/1491/615 560/1027/615 
s 1
f 648/1115/489 732/1199/524 731/1198/523 645/1112/486 
f 733/1200/525 652/1119/492 651/1118/492 734/1201/525 
s 4
f 580/1047/616 735/1492/616 734/1493/616 577/1044/616 
s 1
f 737/1204/492 736/1203/525 735/1202/525 738/1205/492 
s 4
f 571/1038/616 739/1494/616 738/1495/616 572/1039/616 
s 1
f 720/1187/518 740/1207/527 739/1206/526 717/1184/515 
f 749/1216/530 743/1210/528 742/1209/445 750/1217/445 
s 2
f 741/1208/584 747/1496/584 746/1497/584 742/1209/584 
s 1
f 745/1212/482 624/1091/482 623/1090/482 746/1213/482 
f 628/1095/485 751/1218/445 750/1217/445 625/1092/445 
f 753/1220/430 632/1099/430 631/1098/430 754/1221/430 
s 2
f 748/1498/592 755/1222/592 754/1221/592 745/1499/592 
s 1
f 744/1211/529 759/1226/531 758/1225/445 741/1208/445 
s 2
f 757/1224/478 763/1500/584 762/1501/584 758/1225/584 
s 1
f 761/1228/482 748/1215/482 747/1214/482 762/1229/482 
s 2
f 764/1502/592 767/1234/592 766/1233/592 761/1503/592 
s 1
f 765/1232/430 756/1223/430 755/1222/430 766/1233/430 
f 773/1240/445 752/1219/445 751/1218/445 774/1241/485 
f 655/1122/493 771/1238/493 770/1237/493 656/1123/494 
s 2
f 769/1504/602 775/1242/602 774/1241/485 770/1505/602 
f 756/1223/599 772/1506/599 771/1507/599 753/1220/599 
s 1
f 781/1248/445 776/1243/445 775/1242/445 782/1249/445 
f 772/1239/493 779/1246/493 778/1245/493 769/1236/493 
s 2
f 777/1508/617 783/1250/618 782/1249/602 778/1509/602 
f 768/1235/599 780/1510/599 779/1511/599 765/1232/599 
s 1
f 767/1234/430 633/1100/430 636/1103/430 768/1235/430 
f 675/1142/493 777/1244/493 780/1247/493 676/1143/493 
f 785/1252/445 784/1251/445 783/1250/445 786/1253/445 
f 611/1078/478 787/1254/445 786/1253/445 612/1079/445 
f 760/1227/532 788/1255/533 787/1254/445 757/1224/478 
f 616/1083/482 764/1231/482 763/1230/482 613/1080/479 
s 2
f 715/1512/619 791/1258/619 790/1257/619 716/1513/619 
s 4
f 789/1256/620 795/1514/620 794/1515/620 790/1257/620 
s 2
f 793/1260/621 689/1516/621 692/1517/621 794/1261/621 
f 797/1264/621 688/1518/621 687/1519/621 798/1265/621 
s 1
f 796/1263/470 799/1266/470 798/1265/470 793/1260/470 
s 2
f 792/1259/622 720/1520/622 719/1521/622 789/1256/622 
f 724/1522/623 796/1263/623 795/1262/624 721/1523/624 
f 728/1524/623 800/1267/623 799/1266/623 725/1525/623 
f 801/1268/621 696/1526/621 695/1527/621 802/1269/621 
s 1
f 800/1267/470 803/1270/470 802/1269/470 797/1264/470 
s 2
f 732/1528/625 804/1271/625 803/1270/625 729/1529/625 
f 805/1272/626 700/1530/626 699/1531/626 806/1273/626 
s 4
f 804/1532/627 807/1274/627 806/1273/627 801/1533/627 
s 2
f 647/1534/628 808/1275/628 807/1274/628 648/1535/628 
f 809/1276/629 705/1536/629 708/1537/629 810/1277/629 
s 4
f 808/1275/630 811/1538/630 810/1539/630 805/1272/630 
s 2
f 652/1540/631 812/1279/631 811/1278/631 649/1541/631 
f 736/1542/632 815/1282/632 814/1281/632 733/1543/632 
s 1
f 813/1280/469 809/1276/469 812/1279/469 814/1281/469 
s 2
f 816/1283/629 704/1544/629 703/1545/629 813/1280/629 
f 740/1546/633 819/1286/633 818/1285/631 737/1547/631 
s 1
f 817/1284/469 816/1283/469 815/1282/469 818/1285/469 
s 2
f 820/1287/629 712/1548/629 711/1549/629 817/1284/629 
s 4
f 791/1258/634 820/1550/634 819/1551/634 792/1259/634 
f 825/1292/635 823/1290/636 822/1289/637 826/1293/638 
s 8
f 821/1288/639 785/1252/640 788/1255/641 822/1289/641 
s 1
f 759/1226/531 827/1294/537 826/1293/536 760/1227/532 
s 4
f 824/1291/642 831/1552/642 830/1553/643 821/1288/643 
s 2
f 829/1554/644 781/1248/644 784/1251/644 830/1553/644 
s 1
f 833/1300/540 828/1295/538 827/1294/537 834/1301/541 
f 743/1210/528 835/1302/542 834/1301/541 744/1211/529 
f 832/1299/539 839/1306/539 838/1305/493 829/1296/493 
s 2
f 837/1555/644 773/1240/644 776/1243/644 838/1556/644 
s 4
f 840/1557/645 843/1310/645 842/1309/645 837/1555/646 
s 8
f 841/1308/647 749/1216/647 752/1219/647 842/1309/647 
s 4
f 844/1311/648 836/1303/649 835/1302/650 841/1308/651 
s 2
f 849/1316/652 847/1558/653 846/1559/654 850/1317/655 
s 8
f 845/1312/656 824/1560/656 823/1561/656 846/1313/656 
f 828/1562/657 851/1563/658 850/1564/659 825/1565/660 
s 2
f 848/1315/661 855/1566/661 854/1567/661 845/1312/661 
s 1
f 853/1320/539 832/1299/539 831/1298/539 854/1321/539 
f 857/1324/550 852/1319/549 851/1318/548 858/1325/551 
s 8
f 836/1568/662 859/1569/663 858/1570/664 833/1571/665 
s 1
f 856/1323/493 863/1330/493 862/1329/539 853/1320/539 
f 861/1328/539 840/1307/539 839/1306/539 862/1329/539 
s 2
f 864/1572/666 867/1334/666 866/1333/666 861/1573/666 
s 8
f 865/1332/667 844/1574/667 843/1575/667 866/1333/667 
s 2
f 868/1576/668 860/1327/669 859/1326/670 865/1577/671 
s 4
f 852/1578/672 871/1579/673 870/1580/674 849/1581/675 
s 8
f 869/1582/676 848/1315/676 847/1314/676 870/1580/676 
s 4
f 872/1339/677 856/1583/677 855/1584/677 869/1336/677 
f 860/1585/678 875/1586/679 874/1587/680 857/1588/681 
s 1
f 873/1340/445 872/1339/445 871/1338/445 874/1341/445 
s 4
f 876/1343/677 864/1589/677 863/1590/677 873/1340/677 
s 8
f 875/1586/682 868/1335/682 867/1334/682 876/1591/682 
f 466/1347/683 470/937/684 474/1349/685 462/1592/686 
f 469/936/687 478/1351/688 482/1593/689 475/1348/690 
f 490/1357/691 494/961/692 498/1359/693 486/1594/694 
f 495/962/695 489/1356/696 506/1595/697 502/1363/698 
f 499/1358/699 493/960/700 514/1367/701 510/1596/702 
f 496/963/703 501/1362/704 518/1597/705 515/1366/706 
f 526/1373/707 471/938/708 465/1346/709 522/1598/710 
f 472/939/711 525/1372/712 530/1599/713 479/1350/714 
s 2
f 461/1344/555 534/1377/555 538/1005/555 467/934/555 
f 477/944/559 542/1009/559 546/1379/559 483/1352/559 
f 540/1007/569 500/967/565 509/1364/565 550/1381/569 
f 554/1383/570 519/1368/567 504/971/567 544/1011/570 
s 8
f 463/1600/715 473/1389/716 562/1029/717 558/1385/718 
f 476/1388/719 481/1601/720 566/1391/721 563/1030/722 
f 507/1602/723 492/1399/724 574/1041/725 570/1395/726 
s 4
f 484/1392/575 545/1401/575 578/1045/575 567/1034/575 
s 8
f 491/1398/727 485/1603/728 582/1403/729 575/1042/730 
s 4
f 535/1407/572 464/1386/572 557/1024/572 586/1053/572 
s 8
f 511/1604/731 513/1413/732 594/1061/733 590/1409/734 
f 516/1412/735 517/1605/736 598/1415/737 595/1062/738 
f 531/1606/739 528/1423/740 606/1073/741 602/1419/742 
s 16
f 614/1425/743 610/1077/744 599/1427/745 520/1607/746 
s 1
f 614/1425/480 520/1607/458 553/1608/475 
s 8
f 527/1422/747 521/1609/748 618/1429/749 607/1074/750 
s 18
f 626/1093/590 622/1433/589 551/1610/751 512/1611/752 
s 32
f 626/1093/753 512/1611/753 589/1435/753 
s 4
f 548/1400/577 508/1396/575 569/1036/575 579/1046/575 
f 488/1404/572 536/1406/578 585/1052/578 583/1050/572 
s 2
f 487/1354/560 497/964/560 539/1006/560 533/1376/560 
f 468/935/565 537/1004/565 549/1380/565 523/1370/565 
s 16
f 621/1437/754 630/1097/755 619/1439/756 524/1612/757 
s 1
f 621/1437/483 524/1612/461 552/1613/474 
s 18
f 634/1101/595 615/1441/594 556/1614/758 532/1615/759 
s 32
f 634/1101/760 532/1615/760 601/1443/760 
s 2
f 529/1374/567 555/1382/567 543/1010/567 480/947/567 
f 503/970/563 505/1360/563 547/1378/559 541/1008/563 
f 617/1428/571 638/1445/571 642/1109/571 608/1075/571 
s 8
f 564/1031/761 565/1390/762 650/1616/763 646/1447/764 
s 48
f 629/1617/765 654/1453/766 658/1125/767 639/1106/768 
s 8
f 629/1617/593 639/1106/593 620/1087/593 
s 48
f 653/1452/769 627/1618/770 592/1059/771 662/1129/772 
s 4
f 653/1452/600 662/1129/600 659/1126/600 
s 2
f 593/1060/558 666/1133/558 663/1457/558 591/1408/558 
f 597/1414/556 670/1459/556 667/1134/556 596/1063/556 
s 48
f 609/1619/773 674/1463/774 678/1145/775 671/1138/776 
s 8
f 609/1619/585 671/1138/585 600/1067/585 
s 48
f 673/1462/777 635/1620/778 604/1071/779 682/1149/780 
s 4
f 673/1462/605 682/1149/605 679/1146/605 
f 660/1127/608 661/1128/608 690/1469/608 686/1467/608 
f 640/1107/607 657/1124/607 685/1466/607 694/1471/607 
s 8
f 643/1110/781 637/1444/782 693/1621/783 698/1473/784 
s 2
f 603/1418/574 605/1072/574 641/1108/574 683/1475/574 
s 4
f 680/1147/611 681/1148/611 706/1479/611 702/1477/611 
f 672/1139/610 677/1144/610 701/1476/610 710/1481/610 
s 8
f 668/1135/785 669/1458/786 709/1622/787 714/1483/788 
f 664/1456/789 665/1132/790 713/1482/791 691/1623/792 
f 684/1474/793 644/1111/794 697/1472/795 707/1624/796 
f 576/1043/797 581/1402/798 722/1625/799 718/1485/800 
s 4
f 584/1051/614 588/1055/614 726/1489/614 723/1486/614 
f 587/1054/614 560/1027/615 730/1491/615 727/1488/614 
s 8
f 559/1384/801 561/1028/802 645/1446/803 731/1626/804 
s 4
f 568/1035/598 577/1044/616 734/1493/616 651/1448/598 
f 580/1047/616 572/1039/616 738/1495/616 735/1492/616 
s 8
f 571/1394/805 573/1040/806 717/1484/807 739/1627/808 
s 4
f 750/1217/809 742/1209/810 746/1497/811 623/1432/812 
s 2
f 750/1217/813 623/1432/588 625/1092/587 
f 624/1436/592 745/1499/592 754/1221/592 631/1098/592 
f 762/1501/584 747/1496/584 741/1208/584 758/1225/584 
f 761/1503/592 766/1233/592 755/1222/592 748/1498/592 
s 3
f 774/1241/485 751/1218/445 628/1095/485 656/1454/494 
s 2
f 774/1241/485 656/1454/494 770/1505/602 
f 632/1099/599 753/1220/599 771/1507/599 655/1450/599 
f 769/1504/602 778/1509/602 782/1249/602 775/1242/602 
f 765/1232/599 779/1511/599 772/1506/599 756/1223/599 
f 676/1464/606 780/1510/599 768/1235/599 636/1103/606 
f 786/1253/814 783/1250/618 777/1508/617 675/1460/604 
f 786/1253/814 675/1460/604 612/1079/603 
s 3
f 757/1224/478 787/1254/445 611/1078/478 613/1424/479 
s 2
f 757/1224/478 613/1424/479 763/1500/584 
f 633/1100/592 767/1234/592 764/1502/592 616/1440/592 
s 8
f 794/1261/815 692/1517/816 716/1628/817 790/1629/818 
s 2
f 689/1516/621 793/1260/621 798/1265/621 687/1519/621 
s 8
f 721/1523/819 795/1262/820 789/1630/821 719/1631/822 
s 2
f 796/1263/623 724/1522/623 725/1525/623 799/1266/623 
f 688/1518/621 797/1264/621 802/1269/621 695/1527/621 
f 800/1267/623 728/1524/623 729/1529/625 803/1270/625 
s 8
f 696/1526/823 801/1268/824 806/1632/825 699/1633/826 
f 804/1271/827 732/1528/828 648/1634/829 807/1635/830 
f 700/1636/831 805/1637/832 810/1277/833 708/1537/834 
f 808/1638/835 647/1639/836 649/1541/837 811/1278/838 
s 2
f 812/1279/631 652/1540/631 733/1543/632 814/1281/632 
f 705/1536/629 809/1276/629 813/1280/629 703/1545/629 
f 815/1282/632 736/1542/632 737/1547/631 818/1285/631 
f 704/1544/629 816/1283/629 817/1284/629 711/1549/629 
s 8
f 819/1286/839 740/1546/840 720/1640/841 792/1641/842 
f 712/1548/843 820/1287/844 791/1642/845 715/1643/846 
s 1
f 788/1255/533 760/1227/532 826/1293/536 822/1289/847 
s 8
f 784/1251/848 785/1252/640 821/1288/639 830/1553/849 
s 1
f 759/1226/531 744/1211/529 834/1301/541 827/1294/537 
s 2
f 776/1243/644 781/1248/644 829/1554/644 838/1556/644 
s 16
f 752/1219/850 773/1240/851 837/1555/852 842/1309/853 
s 1
f 743/1210/528 749/1216/530 841/1308/854 835/1302/542 
s 16
f 823/1561/855 825/1644/856 850/1645/857 846/1313/858 
f 831/1646/859 824/1560/860 845/1312/861 854/1567/862 
s 8
f 828/1562/657 833/1571/665 858/1570/664 851/1563/658 
s 1
f 839/1306/539 832/1299/539 853/1320/539 862/1329/539 
s 16
f 843/1575/863 840/1647/864 861/1573/865 866/1333/866 
f 836/1648/867 844/1574/868 865/1332/869 859/1649/870 
f 849/1581/871 870/1580/871 847/1314/871 
f 869/1582/872 855/1566/872 848/1315/872 
s 2
f 871/1650/873 852/1651/874 857/1652/875 874/1653/876 
s 4
f 856/1583/677 872/1339/677 873/1340/677 863/1590/677 
s 16
f 864/1572/877 876/1591/877 867/1334/877 
f 875/1586/878 860/1585/878 868/1335/878 
# 410 polygons - 16 triangles

