# UyDosh bed5 catalog variant (imported from Desktop/3D)
mtllib bed5.mtl
g bed5
# UyDosh bed5 catalog variant (imported from Desktop/3D)
v 87.454865 0.780758 -107.521591
v 87.456238 0.360340 -109.424972
v 87.454285 0.422527 -110.484482
v 87.454865 0.780758 -111.686783
v 87.453125 1.246128 -112.259430
v 87.452454 2.113766 -112.531875
v 87.454163 3.357616 -112.634018
v 87.454010 3.273174 -106.574097
v -87.456238 0.697258 -111.686783
v -87.455940 0.336155 -109.798736
v -87.453880 0.380123 -108.746078
v -87.456238 0.697258 -107.521591
v -87.456184 1.656841 -106.715927
v -87.455589 2.950920 -106.574310
v -87.455330 2.880234 -112.634354
v -69.683640 0.003658 -107.521591
v -75.208870 0.005104 -106.705032
v -67.833237 0.004414 -108.779709
v -67.541260 0.003147 -109.692688
v -79.411667 0.005024 -106.573410
v -79.208252 0.004013 -112.634216
v -69.683640 0.003658 -111.686783
v 69.141953 0.003658 -111.686783
v 75.370041 0.004780 -112.507645
v 67.050903 0.004959 -110.418167
v 66.698380 0.009899 -109.569885
v 79.829880 0.005554 -112.635696
v 84.592392 0.003979 -112.634033
v 79.626236 0.004097 -106.573852
v 69.141953 0.003658 -107.521591
v 67.349655 0.003658 -108.468185
v 65.903641 0.558784 -107.924713
v 65.901855 1.269459 -106.953583
v 65.910492 2.053131 -106.627685
v 65.899902 0.364296 -109.839615
v 65.902023 3.140842 -106.574432
v 65.902115 3.122074 -112.633789
v 65.908539 2.104118 -112.586731
v 65.901855 1.269459 -112.254776
v 65.901855 0.763058 -111.686783
v -66.762939 15.172554 -112.092117
v -66.751633 15.490059 -109.626984
v -66.757889 13.993492 -112.559311
v -66.752357 15.291687 -107.521789
v -66.754944 14.713058 -106.953583
v -66.761543 13.746693 -106.640137
v -31.860435 108.449432 -107.026810
v -31.860380 108.485939 -110.330231
v -31.860157 107.700851 -106.636642
v -31.860945 108.394165 -111.803879
v -31.860380 107.597458 -112.629013
v -32.289619 89.335556 -112.254761
v -73.390472 89.338364 -112.633514
v -32.164871 89.338135 -109.821442
v -34.738258 89.337708 -112.633163
v -33.653355 89.336945 -106.640930
v -32.310806 89.337334 -107.017013
v -77.849533 89.687752 -107.062668
v -77.852234 90.410927 -106.638855
v -77.850937 89.742859 -111.686798
v -77.851540 90.869255 -112.632004
v -77.512718 108.772453 -107.014847
v -77.562698 108.769180 -110.371338
v -76.380753 108.771164 -106.643082
v -77.459244 108.769463 -111.686798
v -77.320442 108.769463 -112.254791
v -75.530296 108.769669 -112.627685
v 23.134098 108.353920 -107.068909
v 23.133778 108.470123 -109.824127
v 23.134987 107.489151 -106.639328
v 23.135921 108.367706 -112.236236
v 23.133896 106.851563 -112.632568
v 22.731239 89.337646 -107.019592
v 21.484303 89.336998 -106.640930
v 22.690456 89.338364 -111.686798
v 21.656555 89.338249 -112.522308
v 18.771873 89.338364 -112.633438
v 19.272713 89.338257 -106.574783
v -22.857134 89.661575 -107.019318
v -22.856674 89.622002 -110.336914
v -22.856989 90.404602 -106.636642
v -22.856134 89.708771 -111.927093
v -22.857174 90.633362 -112.632187
v -22.491505 108.770317 -112.148208
v -20.625511 108.769829 -112.619064
v -22.574524 108.769226 -110.349960
v -19.285435 108.769554 -106.574997
v -21.443260 108.770889 -106.641250
v -22.527613 108.770142 -107.007736
v 78.235168 108.443634 -107.034347
v 78.232635 108.481888 -110.369461
v 78.233337 107.688263 -106.638962
v 78.233261 108.377861 -111.686798
v 78.233612 107.476135 -112.627289
v 77.818466 89.337486 -107.016678
v 76.577606 89.336945 -106.641159
v 77.783661 89.338364 -111.686798
v 76.722809 89.338280 -112.523376
v 73.717041 89.337883 -112.632492
v 32.242245 89.647621 -107.020782
v 32.242630 89.614494 -110.324875
v 32.242538 90.306686 -106.637298
v 32.242973 89.681824 -111.695236
v 32.242676 90.376251 -112.625885
v 32.242344 91.114685 -106.574829
v 32.595306 108.770348 -107.009170
v 32.528660 108.769302 -110.310669
v 33.737019 108.771042 -106.640686
v 32.636559 108.769463 -111.686798
v 33.451115 108.769905 -112.516022
v 36.492077 108.769562 -112.635025
v 77.998779 108.860001 -106.323807
v 76.908264 108.930099 -106.321899
v 78.209854 108.744759 -112.886398
v 77.964035 108.876122 -112.884415
v 76.754044 108.931915 -112.886291
v 23.190655 89.590324 -112.885223
v 23.246124 90.115707 -112.886246
v 32.433258 89.371361 -106.321899
v 32.234188 89.555435 -106.321686
v 32.150703 90.038239 -106.325302
v 32.118946 91.035164 -106.321915
v -32.028641 89.397461 -112.886398
v -31.821493 89.661919 -112.885361
v -31.751030 90.220490 -112.886108
v -22.773441 89.397362 -106.321899
v -22.899754 89.595779 -106.322754
v -26.609570 89.270538 -106.321899
v -22.969997 90.167358 -106.321960
v -86.781242 118.001160 -106.321899
v -87.164375 116.892227 -106.325424
v -87.224876 116.100601 -106.322311
v -87.244545 115.178787 -106.322128
v -77.945305 108.518600 -112.884537
v -77.997803 107.896286 -112.886291
v 87.454865 90.032211 -112.633316
v 87.454865 89.871513 -106.575378
v 87.203110 88.376572 -106.321899
v 78.087051 89.407463 -112.886398
v 78.268326 89.686234 -112.885300
v 78.347351 90.413757 -112.886063
v -87.208885 90.231400 -106.321899
v -77.682343 89.394661 -112.886398
v -66.995712 15.167336 -112.886398
v 66.153168 15.139488 -106.321884
v -22.773441 89.397362 -112.886398
v -22.492481 89.272278 -112.885422
v -17.454241 86.186661 -112.886398
v -21.383570 89.223396 -112.886261
v -24.836004 77.455322 -112.886398
v 32.433258 89.371361 -112.886398
v 32.853893 89.264282 -112.885452
v 34.075764 89.221779 -112.886307
v -31.882685 118.944870 -112.633224
v -32.218815 108.848061 -112.884888
v -33.667763 108.904984 -112.886200
v -22.806242 108.739265 -112.886398
v 23.070759 108.650665 -112.886398
v 22.812073 108.818398 -112.885147
v 21.725754 108.880699 -112.886154
v -21.258099 108.894630 -112.886383
v 32.314560 108.653061 -112.886398
v -66.743141 16.008400 -106.321884
v -66.093330 16.077003 -106.321884
v -77.307053 89.271736 -112.885544
v -75.813812 89.214195 -112.886352
v 65.885864 16.008484 -106.321884
v 66.051773 15.875584 -106.321854
v -86.723343 0.003658 -107.521591
v -86.080757 0.004166 -106.871506
v -87.089844 0.118710 -106.904709
v -87.063728 0.198849 -106.575119
v -87.256134 0.200893 -106.912140
v -87.202240 0.250660 -106.658890
v -86.912186 0.887638 -106.323440
v -87.093567 0.379150 -106.437759
v -87.252579 0.383324 -106.568313
v -87.339279 0.363014 -106.867935
v -87.455566 1.296494 -112.344803
v -87.341957 0.358353 -112.303696
v -87.253952 0.380390 -112.637833
v -87.255630 0.200455 -112.295303
v -87.202240 0.250656 -112.549484
v -87.073181 0.371307 -112.770920
v -86.511765 0.520348 -112.884964
v -87.062180 0.202835 -112.637985
v -86.723343 0.003658 -111.686783
v -87.083984 0.121307 -112.343674
v 86.900360 0.003658 -111.686783
v 87.146912 0.118881 -112.342926
v 87.135254 0.209557 -112.638183
v 87.270996 0.207523 -112.292862
v 87.232559 0.265457 -112.549484
v 87.145096 0.389561 -112.759430
v 87.164841 0.827217 -112.811966
v 87.269623 0.418888 -112.641647
v 87.336746 0.370323 -112.291702
v 87.454132 1.456219 -106.889221
v 87.337006 0.373928 -106.903396
v 87.270691 0.417213 -106.568405
v 87.271286 0.207535 -106.910873
v 87.232559 0.265457 -106.658890
v 87.164886 0.823029 -106.396850
v 87.144165 0.385033 -106.449295
v 87.132629 0.212009 -106.569504
v 86.900360 0.003658 -107.521591
v 87.146835 0.119896 -106.872818
v -87.456238 117.943062 -107.521591
v -87.359390 118.441185 -106.837677
v -87.288544 118.440109 -106.564422
v -87.271484 118.735115 -106.927170
v -87.226547 118.665062 -106.658890
v -87.109726 118.501595 -106.438095
v -87.088509 118.741905 -106.572174
v -86.720543 118.944862 -107.521591
v -87.081329 118.844780 -106.869110
v 86.863464 118.944862 -107.521591
v 87.139282 118.845146 -106.865738
v 87.146744 118.741463 -106.575592
v 87.279419 118.736351 -106.924393
v 87.251953 118.661263 -106.658890
v 87.172745 118.480927 -106.437988
v 86.927155 117.982964 -106.321899
v 87.298294 118.454231 -106.566025
v 87.454865 117.927559 -107.521591
v 87.353775 118.475456 -106.838653
v 87.454865 117.927559 -111.686798
v 87.356750 118.429710 -112.394867
v 87.301102 118.443253 -112.639084
v 87.280380 118.729919 -112.314224
v 87.251953 118.661263 -112.549499
v 87.167389 118.492523 -112.770462
v 86.927155 117.982964 -112.886398
v 87.146957 118.739098 -112.635498
v 86.863464 118.944862 -111.686798
v 87.139191 118.844299 -112.336777
v -86.720543 118.944862 -111.686798
v -87.082382 118.845741 -112.344131
v -87.087402 118.744720 -112.633102
v -87.267426 118.738457 -112.277832
v -87.226547 118.665062 -112.549499
v -87.117638 118.489571 -112.770126
v -86.781242 118.001160 -112.886398
v -87.283569 118.465164 -112.639297
v -87.456238 117.943062 -111.686798
v -87.356445 118.474998 -112.351059
v -66.285767 15.834869 -107.019882
v -66.357109 15.875305 -106.759079
v -66.558945 15.825657 -106.882385
v -66.517258 15.780876 -107.611587
v -66.405243 15.924793 -106.519867
v -66.625946 15.876457 -106.541092
v -66.686142 15.730957 -106.878494
v -66.625847 15.698425 -107.671875
v -66.743942 15.784657 -106.540085
v -66.403664 15.997002 -106.380203
v -66.693344 15.935257 -106.385177
v -66.901886 15.868340 -106.321854
v -66.833374 15.799934 -106.392380
v -66.995461 15.177135 -106.321884
v -66.929962 15.177242 -106.379761
v -66.835815 15.519043 -106.544144
v -66.806732 15.209190 -106.751861
v -66.719040 15.515160 -107.493881
v -66.758545 15.542057 -106.882385
v -66.804031 15.167351 -112.414474
v -66.758545 15.542057 -112.325882
v -66.719040 15.515160 -111.714386
v -66.874237 15.113503 -112.713592
v -66.812439 15.603859 -112.667190
v -66.686142 15.730957 -112.329880
v -66.636887 15.684258 -111.528625
v -66.743942 15.784657 -112.668182
v -66.889343 15.614304 -112.823288
v -66.902550 15.867985 -112.886398
v -66.808144 15.844158 -112.823181
v -66.709488 16.025620 -112.886383
v -66.671402 15.948387 -112.822708
v -66.364082 15.940216 -112.723999
v -66.625946 15.876457 -112.667190
v -66.330429 15.885403 -112.513550
v -66.276642 15.826256 -111.686783
v -66.517944 15.788456 -111.714386
v -66.558945 15.825657 -112.325882
v -69.683640 0.706257 -112.886383
v -67.945305 0.374355 -112.770981
v -67.035187 1.061554 -112.702103
v -67.176041 0.378559 -112.638183
v -68.072487 0.200615 -112.638550
v -67.399338 0.250458 -112.549484
v -66.869339 0.374599 -112.309021
v -66.756561 0.517620 -111.298828
v -67.162109 0.204735 -112.296158
v -73.112228 0.004673 -112.336548
v -67.879272 0.123440 -112.310531
v -67.922775 0.123280 -106.859802
v -67.164948 0.206390 -106.904449
v -68.033295 0.203815 -106.567886
v -67.399338 0.250458 -106.658890
v -66.867462 0.376362 -106.899155
v -66.754944 0.686558 -107.521591
v -67.179123 0.380707 -106.575851
v -69.683640 0.706257 -106.321884
v -67.978104 0.372669 -106.436951
v 67.198120 0.122097 -112.341995
v 66.344223 0.214333 -112.304901
v 67.304657 0.211517 -112.639526
v 66.601562 0.264156 -112.549484
v 66.011749 0.409504 -112.306656
v 66.354874 0.410015 -112.629120
v 69.141953 0.782856 -112.886383
v 67.270584 0.397598 -112.769653
v 69.141953 0.782860 -106.321884
v 67.206528 0.404003 -106.437454
v 66.361359 0.407681 -106.574234
v 67.342896 0.208263 -106.570328
v 66.601562 0.264156 -106.658890
v 66.016235 0.406219 -106.899551
v 66.341293 0.212784 -106.910797
v 73.055710 0.004841 -106.859573
v 67.154861 0.122536 -106.898971
v 65.981796 15.809258 -106.391891
v 66.077988 15.267365 -106.378677
v 65.959961 15.629257 -106.541092
v 66.020523 15.193695 -106.496139
v 65.890656 15.791058 -106.540085
v 65.530197 15.996124 -106.381332
v 65.837555 15.935158 -106.385177
v 65.560272 15.921715 -106.520096
v 65.769653 15.876457 -106.541092
v 65.412064 15.826256 -107.521591
v 65.661057 15.788456 -107.493881
v 65.701965 15.825657 -106.882385
v 65.505310 15.876591 -106.735245
v 65.784821 15.687477 -107.684967
v 65.832352 15.737358 -106.878494
v 65.866058 15.537155 -107.493881
v 65.909927 15.234264 -107.111252
v 65.951080 15.233749 -106.790604
v 65.905762 15.567257 -106.882385
v 65.897446 15.341129 -111.757095
v 65.866058 15.537155 -111.714386
v 65.905762 15.567257 -112.325882
v 65.960373 15.244125 -112.480423
v 65.772522 15.701801 -111.537445
v 65.832352 15.737358 -112.329880
v 65.985245 15.559387 -112.677521
v 65.890656 15.791058 -112.668182
v 65.661209 15.780888 -111.601562
v 65.412064 15.826256 -111.686783
v 65.443649 15.882076 -112.480453
v 65.701965 15.825657 -112.325882
v 65.735535 15.898224 -112.678436
v 65.885635 16.008724 -112.886398
v 65.910828 15.893208 -112.814926
v 65.482956 15.983463 -112.801666
v 66.051056 15.875736 -112.886398
v 66.151199 15.174877 -112.886398
v 66.034012 15.656250 -112.822464
v 86.110855 118.943756 -112.520096
v 86.311325 118.812218 -112.743698
v 86.435822 118.564682 -112.881927
v 85.892075 118.694054 -112.886886
v 85.327194 118.721199 -112.886398
v -87.128151 118.941299 -109.755096
v -87.316940 118.798759 -109.604202
v -87.454628 118.478477 -110.403854
v -87.451317 118.562317 -109.562240
v -87.454903 118.429642 -108.548050
v -87.091049 118.940079 -108.825088
v 87.454330 118.406784 -110.677170
v 87.321411 118.800453 -109.859451
v 87.451569 118.549706 -109.628311
v 87.134171 118.940178 -110.311188
v 87.148727 118.942001 -109.423050
v 87.454391 118.455872 -108.778259
v 87.452087 116.294159 -106.694916
v 87.344101 116.627388 -106.469055
v 87.200104 116.863342 -106.326004
v 87.247208 115.890366 -106.321899
v 87.454361 114.772629 -106.568710
v -87.336716 116.720474 -112.743271
v -87.454636 116.316772 -112.517181
v -87.164337 116.892227 -112.882873
v -87.248161 115.753571 -112.887375
v -87.229416 109.837517 -112.886398
v -85.688065 0.003677 -112.479889
v -85.806793 0.146786 -112.740646
v -86.248840 0.284157 -112.820480
v -85.080803 0.268784 -112.886322
v -83.824966 0.004532 -112.634094
v -66.962029 0.132236 -109.791885
v -66.820847 0.282059 -110.745376
v -66.753212 0.347565 -109.352920
v -66.816818 0.236298 -109.292251
v -67.019241 0.155560 -108.460281
v 86.360626 0.005569 -106.778198
v 86.335220 0.152576 -106.467697
v 85.938553 0.003658 -106.669586
v 86.521362 0.378277 -106.330124
v 85.676147 0.271847 -106.321884
v 84.515396 0.004681 -106.573974
v 66.114197 0.134960 -109.409271
v 65.967758 0.297359 -108.462891
v 65.963043 0.244186 -109.898575
v 66.181656 0.159458 -110.747986
v -66.908722 14.271652 -112.785477
v 65.901855 14.838257 -112.254776
v 65.908981 13.906242 -112.588165
v 66.059067 14.869980 -112.790756
v -66.441101 15.826267 -110.362640
v -66.511353 15.787388 -110.439590
v -66.051239 15.826256 -112.254776
v -64.867508 15.832977 -112.579437
v -66.164085 16.000019 -112.818054
v -63.431698 15.826290 -112.633697
v -85.645676 118.944145 -106.683243
v -85.930649 118.814415 -106.464508
v -86.080872 118.577003 -106.327270
v -85.211044 118.724236 -106.321884
v -84.544380 118.944771 -106.571396
v 87.313477 0.181816 -108.078903
v 87.326187 0.149551 -110.042175
v 87.130936 0.007015 -108.809906
v 87.147400 0.003677 -109.837738
v 87.316696 1.740208 -112.737900
v 87.191132 2.324467 -112.886139
v -87.301743 0.156158 -110.747986
v -87.321915 0.146320 -109.249954
v -87.064156 0.005524 -110.465362
v -87.114105 0.003647 -109.421005
v -87.313431 1.529049 -106.466934
v -87.186302 2.057396 -106.321930
v -74.281403 0.147121 -106.468658
v -74.024704 0.326210 -106.324921
v -76.991615 0.266693 -106.321884
v 74.225021 0.149780 -112.740158
v 74.028427 0.338676 -112.883438
v 77.317062 0.268414 -112.886566
v 66.036499 14.373466 -106.442673
v 65.904800 14.200745 -106.648849
v 65.901886 12.984062 -106.575149
v -65.233414 15.829308 -106.649612
v -63.106766 15.826260 -106.574844
v -65.379990 15.959034 -106.443710
v -68.078247 1.155758 -106.321884
v -67.019241 1.128159 -106.499679
v -67.079147 1.832260 -106.385788
v -67.261307 1.886356 -106.322464
v -66.915939 1.815659 -106.461288
v -66.754944 1.116459 -106.953583
v -66.820847 1.121059 -106.703583
v -66.760620 1.858185 -106.621429
v -66.754990 12.678722 -106.575592
v -66.754944 2.761459 -106.574890
v 65.898453 15.502861 -109.571899
v 65.585251 15.826267 -108.851791
v 65.653519 15.788780 -108.769775
v -87.207718 89.572731 -112.886398
v -87.203239 36.548767 -112.886398
v -87.456238 89.526985 -106.574966
v 87.203094 87.860664 -112.886398
v -65.135574 16.077637 -112.886398
v 31.667534 118.694237 -112.886398
v -28.827322 118.692810 -112.886398
v -29.463526 118.692383 -106.321899
v 32.522232 118.944870 -106.575012
v -77.557541 108.801140 -106.740890
v -77.710617 108.754799 -106.781921
v -77.634842 108.721428 -107.629425
v -77.601250 108.837204 -106.450882
v -77.823738 108.666039 -106.751129
v -77.721405 108.656570 -107.733749
v -77.803551 108.777588 -106.323074
v -77.850937 108.399261 -107.521591
v -77.806839 108.567062 -107.501099
v -77.878906 108.486824 -106.749725
v -77.852020 108.438873 -112.014618
v -77.875679 108.501350 -112.420059
v -77.833206 108.641357 -112.431564
v -77.802383 108.559959 -111.569580
v -77.889603 108.573425 -112.647766
v -77.742073 108.745583 -112.469574
v -77.709961 108.678375 -111.574539
v -77.876244 108.668564 -112.807999
v -77.674408 108.828011 -112.815719
v -77.819885 108.765747 -112.885467
v -77.568878 108.798500 -112.465301
v -77.682343 89.394661 -106.321899
v -77.764725 89.397659 -106.463592
v -77.687057 89.360344 -106.544525
v -77.803871 89.442970 -106.583740
v -77.868492 89.605690 -106.525329
v -77.443123 89.338905 -107.016266
v -77.606247 89.386261 -107.501099
v -77.726776 89.468155 -107.702362
v -77.797150 89.558266 -107.638931
v -77.748787 89.481964 -111.579697
v -77.803833 89.444603 -112.625519
v -77.866829 89.628731 -112.630035
v -77.610092 89.392097 -111.565002
v -77.429596 89.335571 -112.182678
v -77.694450 89.358856 -112.736404
v -77.521820 89.318001 -112.631790
v -77.874817 89.635193 -112.885528
v -77.751144 89.393059 -112.775696
v -32.028641 89.397461 -106.321899
v -31.964340 89.379227 -106.448089
v -31.830790 89.628456 -106.496414
v -31.888960 89.460205 -106.559280
v -31.980703 89.377937 -106.587997
v -32.309082 89.290794 -106.324783
v -31.860142 89.717659 -107.521591
v -31.907843 89.548462 -107.501099
v -31.992905 89.458412 -107.693329
v -32.109142 89.386162 -107.501099
v -32.109142 89.386162 -111.707199
v -31.995033 89.365059 -112.756714
v -31.984678 89.466896 -111.496780
v -31.901781 89.438950 -112.626007
v -32.318230 89.286797 -112.883133
v -31.912060 89.552414 -111.571152
v -31.859215 89.701859 -111.861938
v -31.846603 89.560173 -112.620499
v -31.895042 89.479759 -112.807999
v -32.298306 108.770378 -107.041489
v -32.090611 108.724052 -107.356109
v -32.162476 108.804718 -106.483154
v -31.980621 108.640800 -107.708237
v -31.893389 108.679825 -106.528625
v -31.966196 108.763245 -106.322967
v -31.912104 108.555901 -107.633133
v -31.806152 108.547356 -112.884415
v -31.926949 108.735443 -112.885177
v -32.031342 108.783958 -112.807999
v -31.828201 108.489983 -112.650070
v -31.888258 108.646790 -112.543899
v -31.970900 108.728806 -112.532638
v -32.127659 108.794853 -112.644028
v -31.957731 108.627640 -111.581863
v -32.252689 108.771294 -112.186752
v -32.191399 108.783493 -112.420257
v -32.087299 108.716721 -111.583984
v -22.857042 108.389465 -107.521591
v -22.812754 108.558273 -107.343521
v -22.695044 108.689507 -107.666061
v -22.753450 108.722221 -106.744797
v -22.843857 108.699844 -106.322479
v -22.755167 108.762947 -106.434402
v -22.681067 108.800560 -112.820892
v -22.761770 108.726997 -112.528473
v -22.839424 108.670212 -112.733810
v -22.879730 108.554169 -112.640854
v -22.579679 108.782654 -112.426086
v -22.648418 108.725609 -111.880569
v -22.740959 108.639771 -111.488357
v -22.858086 108.422791 -112.055862
v -22.805145 108.555908 -111.572800
v -22.809620 89.402374 -106.453781
v -22.740440 89.354485 -106.452438
v -22.818974 89.439003 -106.618667
v -22.453243 89.338364 -107.521591
v -22.635422 89.384308 -107.386001
v -22.739237 89.462502 -107.634766
v -22.805155 89.552254 -107.637497
v -22.755352 89.481316 -111.493362
v -22.832127 89.460327 -112.611862
v -22.882286 89.578674 -112.768494
v -22.750784 89.376320 -112.579208
v -22.636787 89.390755 -111.571014
v -22.500895 89.336006 -112.182098
v -22.604105 89.317467 -112.629837
v -22.898170 89.585274 -112.885940
v -22.780819 89.374199 -112.732300
v 23.008560 89.343384 -106.323517
v 23.101326 89.416168 -106.461594
v 23.025761 89.384613 -106.686127
v 23.133759 89.691460 -107.521591
v 23.089188 89.543304 -107.402405
v 23.001034 89.452988 -107.683395
v 22.903732 89.391502 -107.624191
v 22.985607 89.435791 -111.561233
v 22.985645 89.366203 -112.504913
v 22.789944 89.325294 -112.425552
v 23.094330 89.433937 -112.575394
v 22.888817 89.304970 -112.834503
v 23.082336 89.545189 -111.569565
v 23.135082 89.672119 -111.962295
v 23.151508 89.538193 -112.624283
v 23.053829 89.371826 -112.885147
v 23.124157 89.453659 -112.807999
v 22.723759 108.769562 -107.521591
v 22.989269 108.668915 -107.628906
v 23.005581 108.743523 -106.549438
v 23.093472 108.653885 -106.600235
v 23.080013 108.531464 -107.639572
v 23.070759 108.650665 -106.321899
v 23.088558 108.681641 -106.455887
v 23.181686 108.400909 -112.882538
v 23.105625 108.647377 -112.758041
v 22.981857 108.751259 -112.807999
v 23.028404 108.729347 -112.617416
v 22.893066 108.785690 -112.619415
v 23.085758 108.528961 -111.707199
v 23.003395 108.646919 -111.512421
v 22.777988 108.771744 -112.173111
v 22.911961 108.716911 -111.575241
v 32.243454 108.371346 -107.041336
v 32.290257 108.528862 -107.501099
v 32.265385 108.621391 -106.549133
v 32.372097 108.646881 -107.702301
v 32.345646 108.729660 -106.588150
v 32.460339 108.717278 -107.632873
v 32.504166 108.795486 -106.520920
v 32.314560 108.653061 -106.321899
v 32.309273 108.706665 -106.454941
v 32.543831 108.812408 -112.884262
v 32.344166 108.736290 -112.754761
v 32.264832 108.632576 -112.738663
v 32.222378 108.466148 -112.636963
v 32.317223 108.685707 -112.526016
v 32.547443 108.782753 -112.418976
v 32.457760 108.721764 -111.707199
v 32.362576 108.637749 -111.522201
v 32.240234 108.353264 -112.128403
v 32.290257 108.528862 -111.707199
v 32.329464 89.387932 -106.460724
v 32.410683 89.350143 -106.453781
v 32.283573 89.434212 -106.586395
v 32.219044 89.563850 -106.522888
v 32.696503 89.338516 -107.009827
v 32.488449 89.389503 -107.341568
v 32.368984 89.465225 -107.737747
v 32.229019 89.612213 -106.784408
v 32.294441 89.544655 -107.654373
v 32.290157 89.539261 -111.707199
v 32.283661 89.435623 -112.626572
v 32.376186 89.457611 -111.491424
v 32.226109 89.558472 -112.643783
v 32.498657 89.386162 -111.707199
v 32.700630 89.335556 -112.178528
v 32.412418 89.351608 -112.741501
v 32.607697 89.314835 -112.639328
v 32.217293 89.580414 -112.885742
v 32.347557 89.380363 -112.775696
v 78.087051 89.407463 -106.321899
v 78.132706 89.384193 -106.448242
v 78.256042 89.656822 -106.496475
v 78.199646 89.469399 -106.553345
v 78.112671 89.378029 -106.586227
v 77.836624 89.292961 -106.324737
v 78.232483 89.756653 -107.082046
v 78.130859 89.482933 -107.634598
v 77.999710 89.391571 -107.621551
v 77.996964 89.386261 -111.707199
v 78.102966 89.367126 -112.754394
v 77.867355 89.326019 -112.419708
v 78.110840 89.468971 -111.520950
v 78.185867 89.444237 -112.624878
v 77.829269 89.289749 -112.883484
v 78.179199 89.561844 -111.575439
v 78.236343 89.693390 -112.313644
v 78.241638 89.586143 -112.620911
v 78.200058 89.496864 -112.807999
v 77.858063 108.769562 -107.521591
v 78.027954 108.726563 -107.501099
v 78.128479 108.737396 -106.801681
v 77.949524 108.808273 -106.680008
v 78.119339 108.640793 -107.732590
v 78.172089 108.783966 -106.323273
v 78.184235 108.554237 -107.634262
v 78.229279 108.679710 -106.516266
v 78.290695 108.522964 -106.458542
v 78.233246 108.696671 -112.750030
v 78.119156 108.803963 -112.807999
v 78.273132 108.535637 -112.660034
v 78.116150 108.751968 -112.460693
v 78.028854 108.814499 -112.651443
v 78.196533 108.666382 -112.407791
v 78.245712 108.467873 -112.310196
v 78.140656 108.629913 -111.574798
v 77.905609 108.774345 -112.201095
v 77.967957 108.798569 -112.447357
v 78.021606 108.721764 -111.573807
v -31.860249 89.620956 -108.893494
v -31.813971 89.859734 -106.548248
v -31.855568 90.163109 -106.678528
v -31.803362 89.945900 -106.446152
v -31.847157 89.600594 -106.321197
v -31.734789 90.297203 -106.321899
v -31.859970 91.256981 -106.574585
v -77.257416 89.297020 -106.551056
v -74.547485 89.339478 -106.579269
v -76.747849 89.278137 -106.445450
v -77.418488 89.291679 -106.322983
v -75.944534 89.213638 -106.321930
v -77.850845 108.486519 -108.825302
v -77.854698 107.810753 -106.643906
v -77.920120 108.589409 -106.323624
v -77.996948 107.970039 -106.321884
v -77.922897 108.401894 -106.452881
v -77.851685 106.950905 -106.579605
v -32.156914 108.769493 -108.896225
v -32.335533 108.813751 -106.551330
v -33.364143 108.769562 -106.669601
v -32.821510 108.835602 -106.444198
v -32.149841 108.837860 -106.321899
v -33.492558 108.904831 -106.321930
v -35.790764 108.770943 -106.568725
v 23.133400 89.615410 -108.861877
v 22.833874 89.338493 -110.311081
v 23.181114 89.790428 -106.544037
v 23.136864 89.604355 -106.934921
v 23.133347 90.710167 -106.583862
v 23.193188 89.882980 -106.445038
v 23.179592 89.566383 -106.322159
v 23.258305 90.192291 -106.321899
v -22.568119 89.339302 -108.881927
v -22.415485 89.296700 -106.551529
v -22.541679 89.335251 -106.936264
v -19.882381 89.338448 -106.577652
v -21.946363 89.277565 -106.445602
v -22.546453 89.287926 -106.322021
v -21.209000 89.212334 -106.321945
v -22.855967 108.486023 -108.859573
v -22.864370 108.480133 -106.840408
v -22.898478 108.508240 -106.477661
v -22.860970 107.736839 -106.633560
v -22.912842 108.582565 -106.321899
v -22.983112 107.930634 -106.321884
v 22.821423 108.772575 -106.938278
v 21.341255 108.776176 -106.626388
v 22.794113 108.809364 -106.483887
v 22.869694 108.797409 -106.320679
v 21.775513 108.883110 -106.321869
v 78.233170 89.630180 -108.914825
v 77.933533 89.338608 -110.291733
v 78.240540 90.540314 -106.622208
v 78.277512 89.903503 -106.459259
v 78.243942 89.619469 -106.321152
v 78.352875 90.362656 -106.321945
v 78.233612 91.399849 -106.572616
v 32.552086 89.337982 -109.390518
v 32.916248 89.295616 -106.549148
v 35.716122 89.338448 -106.578339
v 33.451229 89.276337 -106.444656
v 32.749058 89.280739 -106.322922
v 34.019588 89.220459 -106.321884
v 32.242413 108.469673 -109.382767
v 32.200878 108.208054 -106.552994
v 32.243313 106.665642 -106.576950
v 32.181702 107.952652 -106.443298
v 32.200523 108.406036 -106.322372
v 32.117954 107.593102 -106.321899
v 77.949112 108.769371 -108.828186
v 77.735764 108.769562 -106.953598
v 76.498840 108.775536 -106.630661
v 77.430481 108.856590 -106.443634
v 74.704346 108.769882 -106.578079
v 78.286850 90.273705 -112.751358
v 78.234619 90.414169 -112.555282
v 78.233261 91.674423 -112.634750
v 77.061371 108.855820 -112.765152
v 76.904755 108.769562 -112.538803
v 74.236893 108.769592 -112.632599
v 33.941738 89.274918 -112.760956
v 32.945160 89.313362 -112.504700
v 34.051991 89.336533 -112.558823
v -21.499573 89.275200 -112.760605
v -22.368843 89.313362 -112.504700
v -21.388802 89.336548 -112.558105
v -18.678413 89.338364 -112.633407
v 21.341534 89.212273 -112.886383
v -76.269043 89.276024 -112.760300
v -77.218742 89.313759 -112.504700
v -76.164597 89.336548 -112.558380
v -22.926064 108.524406 -112.885177
v -22.920761 107.960762 -112.761124
v -22.973305 107.993095 -112.886276
v -22.882242 108.343765 -112.504700
v -22.857807 107.779251 -112.557175
v -22.857040 106.630669 -112.633453
v -31.798916 90.189598 -112.757706
v -31.860750 90.302406 -112.547623
v -31.835041 89.777260 -112.504700
v -31.860142 91.476585 -112.633453
v -31.733482 107.854904 -112.886383
v 32.178585 108.311508 -112.885162
v 32.179787 107.672668 -112.760681
v 32.128242 107.677780 -112.886276
v 32.217659 108.166565 -112.504700
v 32.240803 107.526695 -112.557861
v 32.242458 106.243515 -112.633469
v 23.195789 90.101486 -112.759628
v 23.133114 90.205757 -112.548355
v 23.158657 89.725060 -112.504700
v 23.133762 91.319656 -112.633224
v 21.806808 108.831566 -112.759201
v 22.647457 108.794563 -112.504700
v 21.639015 108.771294 -112.557190
v -33.208393 108.837090 -112.762817
v -33.425148 108.771507 -112.559189
v -36.614250 108.770508 -112.636368
v -77.930573 107.997154 -112.764175
v -77.851730 107.818741 -112.555557
v -77.851669 106.617912 -112.631225
v -77.550400 89.338234 -109.384323
v -77.850723 89.626633 -110.297699
v 22.845451 108.768318 -108.904083
v -2.981785 77.535461 -106.321899
v 22.817520 89.282585 -106.322815
v 21.714584 89.222466 -106.321945
v 23.378933 81.583801 -112.886398
v 76.864670 89.240120 -106.327194
v -33.518471 89.224411 -106.321945
v -87.203247 47.600239 -106.321884
v -76.296616 16.095581 -106.321884
v -66.754944 1.116459 -112.254776
v -66.762283 1.817871 -112.577896
v -66.754929 2.815876 -112.633377
v -66.754944 12.832340 -112.633377
v -86.077301 0.348778 -106.328873
v -84.955521 0.262054 -106.322571
v -68.078247 1.155758 -112.886383
v -73.986870 0.332855 -112.884201
v -77.254890 0.266827 -112.886719
v -67.008209 2.885872 -112.886352
v -66.915939 1.815659 -112.747085
v -66.820847 1.121056 -112.504684
v -67.261192 1.886837 -112.885818
v -67.079147 1.832256 -112.822494
v -67.007156 2.884640 -106.322830
v -87.189407 2.114861 -112.885849
v -87.309456 1.503956 -112.741669
v -87.106674 1.324326 -112.880737
v -87.455841 1.898594 -112.549820
v -66.880951 14.055305 -106.452042
v 66.150589 3.232418 -106.326324
v 67.349655 1.308960 -106.321884
v 73.958435 0.349804 -106.323624
v 77.660431 0.268452 -106.321274
v 86.521255 0.378300 -112.878158
v 85.671326 0.273537 -112.885300
v 66.154861 3.183456 -112.886383
v 66.017151 2.635151 -112.744430
v 66.354843 2.325001 -112.886139
v 66.066666 2.059258 -112.747085
v 66.874969 1.555241 -112.883636
v 66.181656 1.281357 -112.708588
v 65.967758 1.274059 -112.504684
v 66.066666 2.059258 -106.461288
v 65.967758 1.274059 -106.703583
v 66.181656 1.281357 -106.499679
v 66.391068 2.214100 -106.322861
v 66.241653 2.075958 -106.385788
v 87.201385 2.521164 -106.322250
v 87.316376 1.678726 -106.471222
v 87.005981 0.958790 -106.321884
v 87.451370 2.324013 -106.628433
v 65.901947 13.301544 -112.633194
v 85.727844 0.004719 -112.580536
v 86.360535 0.005562 -112.430099
v 86.435867 118.564713 -106.326385
v 85.947510 118.679390 -106.321777
v 85.305481 118.727356 -106.322372
v 78.333740 108.490814 -106.322433
v 87.252487 115.711357 -112.886322
v 86.111282 118.943748 -106.688339
v 85.175385 118.944809 -112.636032
v 74.335541 0.145168 -106.469559
v 77.211502 0.006435 -106.616806
v 86.488190 0.151894 -112.730545
v 86.323914 118.810806 -106.465057
v 87.005966 0.958767 -112.886383
v -85.119308 0.004860 -106.626404
v -77.858727 89.602768 -106.321640
v -77.939240 90.064865 -106.321899
v -85.645111 118.944153 -112.525192
v -86.081009 118.576912 -112.881027
v -85.461685 118.683838 -112.886505
v -80.028305 118.715439 -112.886398
v -84.639740 118.734612 -112.884933
v -74.334923 0.142857 -112.738068
v -76.906754 0.007500 -112.590774
v -72.122452 118.708992 -106.321915
v -85.858925 0.145992 -106.469696
v -83.900604 0.003906 -106.574890
v -85.947968 118.813133 -112.743179
v -22.625889 108.826218 -106.322616
v -21.372021 108.894142 -106.321945
v -77.571289 108.883492 -106.322723
v -87.455315 116.271385 -106.678696
v -87.456100 114.894310 -112.638321
v -87.347816 116.372437 -106.468307
v 87.454254 116.014297 -112.563400
v 87.348724 116.447784 -112.746338
v 87.200073 116.863335 -112.882294
v -31.818144 108.566536 -106.322708
v -31.746532 108.039375 -106.321945
v 23.177994 108.405907 -106.323944
v 23.245697 107.740234 -106.321945
v 31.450386 118.694237 -106.321899
v -22.857059 91.256805 -106.574936
v -22.857140 106.852760 -106.575531
v -31.860123 106.848175 -106.575058
v -22.923822 90.075684 -106.440994
v -22.891033 89.746605 -106.639664
v -22.901495 89.800247 -112.703003
v -22.983156 90.361794 -112.886398
v -22.930275 90.262573 -112.783020
v -31.792759 108.085381 -106.440109
v -31.826714 108.382507 -106.640976
v -31.802296 108.037041 -112.749115
v 18.894089 108.769562 -112.633407
v 19.421959 108.769615 -106.575439
v -22.572416 108.843346 -112.885483
v -21.781706 108.837578 -106.439545
v -22.569355 108.789490 -106.699814
v -22.326756 108.828674 -112.751968
v 22.746567 89.265167 -112.885147
v 21.899761 89.269997 -106.438644
v 22.768929 89.317917 -106.697235
v 22.407581 89.278839 -112.753342
v 23.133778 106.476631 -106.574722
v 32.189095 90.025330 -112.739670
v 32.217457 89.725060 -112.504700
v 32.141960 90.085075 -112.884415
v 32.116383 91.039520 -112.886398
v 23.257389 107.515366 -112.886398
v 23.200260 107.809563 -106.438476
v 23.177647 108.164368 -106.561890
v 23.191452 107.955360 -112.752701
v -77.960770 90.343147 -112.885467
v -87.456207 114.871628 -106.570068
v -77.850998 91.381630 -106.573410
v -77.898468 90.181168 -112.736038
v -77.971436 91.261002 -106.322693
v -77.906479 89.972153 -106.441467
v -87.456238 89.541710 -112.633377
v 78.375641 107.867355 -112.886322
v 78.329208 108.473206 -112.884628
v 87.228439 108.456970 -112.886368
v 78.376831 107.055511 -106.322388
v 78.233292 106.860207 -106.578873
v 78.305298 108.122765 -106.478470
v 78.305679 108.033081 -112.751663
v 87.454849 114.854622 -112.636581
v 85.176758 118.944855 -106.572739
v 34.011196 108.900780 -112.885376
v 32.310314 118.944870 -112.633209
v 35.998989 108.769493 -106.572204
v 32.536793 108.806023 -106.321472
v 33.472553 108.872849 -106.326065
v 35.838726 108.905563 -106.322555
v 32.655056 108.806671 -106.620712
v 32.799301 108.827370 -112.740311
v -74.280983 108.769615 -106.577774
v -76.358299 108.929733 -112.886368
v -77.548553 108.879669 -112.884415
v -84.567009 118.944862 -112.635116
v -74.621658 108.929497 -106.322311
v -76.785393 108.867256 -106.424011
v -77.306015 108.846512 -112.733581
v -76.387840 108.870430 -112.791427
v -31.954620 118.944862 -106.575134
v -35.881718 89.338249 -106.574798
v -33.667206 89.221153 -112.886368
v -33.257610 89.271027 -106.439865
v -32.490582 89.301582 -106.615158
v -32.785641 89.280106 -112.750900
v 64.456924 15.826962 -112.530853
v 65.175156 15.826256 -106.953583
v 64.085144 15.832630 -106.643890
v 65.176727 16.078484 -112.886398
v 62.635227 15.826286 -112.633469
v 64.496613 15.902229 -112.676041
v 64.274673 15.949268 -106.453750
v 62.303455 15.826260 -106.574448
v 65.182114 16.078323 -106.321884
v 74.496765 89.213905 -106.322128
v 77.691818 89.303352 -106.622864
v 77.559067 89.286827 -112.728226
v 53.518597 82.057327 -106.321899
v 74.383774 89.338211 -106.574463
v 36.868595 89.338364 -112.633346
v 76.206039 89.214722 -112.885986
v -84.936844 25.826859 -109.827484
v -86.075836 27.826031 -109.830841
v -83.483444 25.232956 -109.827484
v -79.319740 24.935959 -109.827484
v -85.808945 29.192558 -109.827484
v -84.936844 30.182459 -109.827484
v -83.483444 30.776459 -109.827484
v 83.253021 25.162987 -109.827499
v -79.319740 31.073458 -109.827484
v -69.828568 31.172359 -109.827499
v -84.936844 25.826881 112.884018
v -83.483444 25.232983 112.884018
v -85.808945 26.816784 112.884018
v -79.319740 24.935982 112.884018
v -86.075760 28.183535 112.887375
v -69.829025 24.836998 112.884033
v -79.319740 31.073483 112.884018
v -83.483444 30.776484 112.884018
v -84.936844 30.182484 112.884018
v -84.936844 24.561958 -108.249893
v -83.483444 24.561958 -109.031387
v -85.808945 24.561958 -106.947189
v -78.606201 24.561714 -109.445053
v -86.311310 24.563652 -102.764603
v -69.361359 24.564068 -109.554474
v -86.390625 24.562122 -97.014404
v 86.663864 25.826859 -108.249893
v 86.667099 27.820589 -109.270813
v 86.663864 25.232956 -106.947189
v 86.663132 24.894577 -103.033844
v 86.663864 29.192558 -109.031387
v 86.663864 30.182459 -108.249893
v 86.663864 30.776459 -106.947189
v 86.661301 31.101612 -103.341598
v 86.664154 31.170527 -96.702499
v 85.041656 31.447359 -108.249893
v 83.694458 31.447359 -109.031387
v 86.029465 31.438278 -106.660263
v 78.970779 31.447586 -109.444992
v 86.309860 31.447475 -102.809875
v 69.838272 31.445284 -109.554458
v 86.388977 31.447359 -97.072021
v -86.665237 30.182459 -108.249893
v -86.668488 28.188597 -109.270859
v -86.665237 30.776459 -106.947189
v -86.664146 31.115377 -103.073852
v -86.665237 26.816757 -109.031387
v -86.665237 25.826859 -108.249893
v -86.665237 25.232956 -106.947189
v -86.663330 24.911362 -103.385193
v -72.845139 8.618359 -111.832489
v -73.352646 9.579742 -111.831756
v -72.274246 8.365456 -111.832489
v -73.415947 11.074551 -111.832504
v -71.433998 8.282639 -111.832550
v -69.782936 10.117661 -111.832443
v -69.990738 9.039757 -111.832489
v -70.333237 8.618359 -111.832489
v -72.845139 8.618385 97.557617
v -71.744583 8.282684 97.557678
v -73.187637 9.039783 97.557617
v -73.395477 10.118279 97.557556
v -70.904144 8.365482 97.557617
v -70.333237 8.618385 97.557617
v -69.990738 9.039783 97.557617
v -69.799500 9.801216 97.553436
v -69.767029 16.654850 97.557831
v -69.762207 11.032822 97.557449
v -72.845139 7.921860 -109.997284
v -72.318802 7.923439 -110.949814
v -73.285561 7.923088 -107.394745
v -71.612747 7.926106 -111.265274
v -73.358940 7.921860 -105.105179
v -71.046509 7.923248 -111.046829
v -70.333237 7.921860 -109.997284
v -69.892853 7.923088 -107.395218
v -69.819443 7.921860 -105.105179
v -69.487343 8.618359 -109.997284
v -69.488770 9.190079 -111.106766
v -69.492249 8.296394 -107.892319
v -69.487106 9.944397 -111.428192
v -69.488251 8.228863 -104.748474
v -69.489113 11.199886 -111.558716
v -69.487999 15.286446 -111.558243
v -70.333237 26.532761 -109.997284
v -71.490997 26.536091 -111.219772
v -69.990738 26.532761 -108.437088
v -69.793991 26.527924 -104.817551
v -72.274246 26.532761 -110.933395
v -72.845139 26.532761 -109.997284
v -73.327057 26.532036 -106.777420
v -73.691040 23.857159 -109.997284
v -73.691223 20.413353 -111.142685
v -73.691010 8.197002 -97.808304
v -73.688141 25.499390 -108.062424
v -73.690811 17.871037 -111.438217
v -73.691040 26.017658 -105.105194
v -73.689194 15.076733 -111.558487
v -73.690399 11.111332 -111.558090
v -73.690857 26.257156 81.886337
v -73.687164 26.261448 -98.394333
v 69.653854 8.618359 -111.832489
v 69.146439 9.579433 -111.831756
v 71.065079 8.282639 -111.832550
v 70.224762 8.365456 -111.832489
v 69.083054 11.074387 -111.832504
v 72.728668 10.236923 -111.832504
v 72.508362 9.039757 -111.832489
v 72.165756 8.618359 -111.832489
v 69.653854 8.618385 97.557617
v 69.311356 9.039783 97.557617
v 70.754425 8.282684 97.557678
v 69.103561 10.118431 97.557556
v 71.594955 8.365482 97.557617
v 72.165756 8.618385 97.557617
v 72.508362 9.039783 97.557617
v 72.699493 9.801086 97.553436
v 72.731964 16.654495 97.557831
v 72.736984 11.036663 97.557449
v 69.653854 7.921860 -109.997284
v 70.180191 7.923439 -110.949798
v 69.213409 7.923088 -107.394440
v 70.886261 7.926106 -111.265274
v 69.140060 7.921860 -105.105179
v 71.452576 7.923248 -111.046799
v 72.165756 7.921860 -109.997284
v 72.606110 7.923080 -107.395813
v 72.679565 7.921860 -105.105179
v 72.736649 7.921864 -98.631897
v 73.011658 8.618359 -109.997284
v 73.010239 9.190128 -111.106674
v 73.006760 8.296307 -107.891601
v 73.011902 9.944530 -111.428345
v 73.010727 8.228741 -104.748443
v 73.009933 11.202026 -111.558807
v 73.011017 15.286476 -111.558227
v 72.165756 26.532761 -109.997284
v 71.008072 26.536091 -111.219772
v 72.508362 26.532761 -108.437088
v 72.705048 26.527924 -104.816727
v 70.224762 26.532761 -110.933395
v 69.653854 26.532761 -109.997284
v 69.171951 26.532036 -106.777756
v 68.807953 23.857159 -109.997284
v 68.807770 20.416485 -111.141937
v 68.810837 25.498764 -108.061828
v 68.808182 17.871033 -111.438248
v 68.807953 26.017658 -105.105194
v 68.809784 15.077164 -111.558456
v 68.808594 11.111191 -111.558090
v 68.808136 26.257149 81.887100
v 68.811813 26.261436 -98.394272
v -72.131340 8.746029 98.207977
v -72.132736 8.350582 97.338318
v -72.128540 9.556023 98.442581
v -72.132477 10.716087 98.480377
v -72.132935 16.347176 98.475372
v -72.132828 8.283817 96.483872
v -72.132660 9.830078 94.847611
v -72.132736 8.891483 95.054718
v -72.132736 8.553383 95.397217
v 71.279556 8.553482 97.909119
v 71.279617 8.283798 96.822144
v 71.279556 8.891483 98.251709
v 71.278519 9.796661 98.467575
v 71.279556 8.350681 95.968109
v 71.278290 8.731255 95.102814
v 71.275970 9.571095 94.864227
v 71.279266 16.489388 94.829361
v 71.279480 10.734638 94.826157
v -69.978043 7.940384 97.909119
v -71.472252 7.939053 96.711640
v -63.967842 7.940384 98.422913
v -71.094604 7.941193 95.995636
v -69.978043 7.940384 95.397217
v -67.007164 7.941807 94.969132
v -63.967842 7.940384 94.883408
v -55.813141 7.940392 98.479981
v -69.044922 8.384499 94.554276
v -71.304565 9.006680 94.553085
v -71.701996 9.687981 94.551224
v -63.600914 8.240883 94.552277
v -71.858932 10.874046 94.553696
v -71.857635 14.949867 94.551361
v -69.978043 26.522385 95.397217
v -71.450424 26.525848 96.558960
v -68.098343 26.522385 95.054718
v -63.616650 26.517342 94.857376
v -71.105843 26.522385 97.338318
v -69.978043 26.522385 97.909119
v -66.113953 26.521584 98.390213
v -56.025276 26.522327 98.480209
v -54.614807 26.522339 94.826386
v -69.978043 23.767982 98.755020
v -71.353798 20.220207 98.755203
v -67.654572 25.461655 98.752060
v -71.716003 17.578651 98.754456
v -63.967842 25.999481 98.755020
v -71.858185 14.701576 98.753494
v 54.525394 26.247551 98.754700
v -55.558144 26.249084 98.752243
v -75.834946 0.676785 99.373413
v -75.834946 1.077084 100.448715
v -75.834946 0.436481 97.581207
v -75.831261 1.961758 101.040451
v -75.836578 0.360535 94.920593
v -75.835426 3.339088 101.162155
v -75.832222 2.068516 89.786514
v -75.834946 1.077080 90.412415
v -75.834946 0.676781 91.487717
v -64.514641 0.676785 99.373413
v -64.513000 0.360512 95.940125
v -64.514641 1.077183 100.448715
v -64.517365 2.068539 101.074661
v -64.514641 0.436481 93.279907
v -64.514641 0.676781 91.487717
v -64.514641 1.077183 90.412415
v -64.518326 1.961548 89.820755
v -64.513916 3.341179 89.699173
v -64.517746 3.184727 101.169266
v -73.877045 0.001381 99.373413
v -75.223938 0.001244 95.634689
v -71.796402 0.002468 100.570114
v -69.990845 0.000042 100.802979
v -75.001755 0.002407 93.703354
v -73.877045 0.001381 91.487717
v -70.358894 0.000027 90.058167
v -66.472443 0.001381 91.487717
v -65.129829 0.000008 95.230682
v -68.553406 0.002464 90.290848
v -65.347786 0.002407 97.157822
v -66.472443 0.001381 99.373413
v -73.225235 0.524426 89.422180
v -74.886841 1.077080 89.420517
v -75.434227 1.947926 89.422653
v -69.696732 0.360527 89.418884
v -75.557053 3.341114 89.419693
v -64.789177 3.162663 89.420563
v -64.881531 2.037109 89.421906
v -65.462738 1.077183 89.420517
v -66.472443 0.676781 89.420517
v -73.877045 26.253685 91.487717
v -75.195358 26.257195 95.111405
v -71.626160 26.249722 90.189728
v -69.879601 26.257343 90.084030
v -75.096954 26.249611 96.981018
v -73.877045 26.253685 99.373413
v -70.477631 26.254089 100.792450
v -66.472443 26.253784 99.373413
v -65.154121 26.257294 95.749115
v -68.722374 26.249817 100.670944
v -65.253006 26.249748 93.880554
v -66.472443 26.253784 91.487717
v -73.131317 25.536140 101.438233
v -74.886841 24.457581 101.440613
v -75.436798 23.079632 101.438782
v -69.799591 25.815670 101.443237
v -75.556549 21.285645 101.441422
v -64.878464 22.938637 101.439545
v -65.462738 24.457684 101.440613
v -66.472443 25.218185 101.440613
v 63.681759 0.676785 99.373413
v 63.681759 1.077084 100.448715
v 63.681759 0.436481 97.581207
v 63.685413 1.961525 101.040207
v 63.680119 0.360519 94.921463
v 63.681286 3.338894 101.162079
v 63.686329 3.179859 89.690582
v 63.684467 2.068447 89.786652
v 63.681759 1.077080 90.412415
v 63.681759 0.676781 91.487717
v 75.002151 0.676785 99.373413
v 75.003799 0.360546 95.940643
v 75.002151 1.077183 100.448715
v 74.999451 2.068623 101.074539
v 75.002151 0.436481 93.279907
v 75.002151 0.676781 91.487717
v 75.002151 1.077183 90.412415
v 74.998505 1.961372 89.820984
v 75.002869 3.340927 89.699234
v 75.002106 3.186417 101.165939
v 65.639664 0.001381 99.373413
v 64.292709 0.001244 95.634430
v 67.720413 0.002468 100.570130
v 69.525940 0.000038 100.802979
v 64.514862 0.002411 93.703674
v 65.639664 0.001381 91.487717
v 69.157898 0.000027 90.058151
v 73.044266 0.001381 91.487717
v 74.386841 0.000000 95.230377
v 70.963379 0.002464 90.290848
v 74.169067 0.002411 97.157471
v 73.044266 0.001381 99.373413
v 66.291382 0.524437 89.422180
v 64.629959 1.077080 89.420517
v 64.082458 1.947872 89.422653
v 69.820099 0.360527 89.418884
v 63.959743 3.340546 89.419693
v 74.730804 3.155861 89.423889
v 74.635300 2.037128 89.421921
v 74.053955 1.077183 89.420517
v 73.044266 0.676781 89.420517
v 65.639664 26.253685 91.487717
v 64.321350 26.257195 95.111572
v 67.890732 26.249722 90.189713
v 69.637207 26.257343 90.084030
v 64.419632 26.249603 96.980545
v 65.639664 26.253685 99.373413
v 69.039169 26.254089 100.792450
v 73.044266 26.253784 99.373413
v 74.362579 26.257294 95.749375
v 70.794510 26.249813 100.670929
v 74.263855 26.249741 93.880692
v 73.044266 26.253784 91.487717
v 66.385300 25.536114 101.438233
v 64.629959 24.457581 101.440613
v 64.079880 23.079720 101.438767
v 69.717224 25.815674 101.443237
v 63.960209 21.285980 101.441422
v 74.638367 22.938599 101.439530
v 74.053955 24.457684 101.440613
v 73.044266 25.218185 101.440613
v -85.879684 25.155228 -109.704315
v -85.864876 24.835159 -109.532165
v -86.353043 25.174259 -109.530289
v -86.438660 26.568695 -109.610885
v -86.223541 24.921257 -109.412582
v -85.918610 24.688004 -109.094299
v -86.448746 24.762386 -107.174103
v -86.353043 24.827858 -109.090088
v -86.538788 25.166653 -109.114639
v -86.540710 30.848167 -109.105408
v -86.351654 31.177029 -109.088180
v -86.353043 30.835157 -109.530289
v -86.438469 29.444202 -109.610718
v -86.223541 31.088058 -109.412582
v -85.893425 31.321846 -109.115631
v -84.936844 31.447359 -108.249786
v -83.798492 31.252544 -109.610550
v -85.867645 31.181559 -109.530289
v -85.889786 30.848202 -109.702576
v 85.945511 31.320353 -109.101990
v 86.443283 31.251675 -107.251449
v 86.362259 31.181559 -109.090088
v 85.906097 31.174242 -109.532150
v 86.241058 31.088058 -109.412582
v 86.539185 30.847729 -109.109177
v 86.443497 29.448610 -109.610168
v 86.362259 30.835157 -109.530289
v 85.041656 30.182459 -109.827484
v 85.919769 30.854176 -109.704361
v 85.041656 25.826859 -109.827484
v 85.929138 25.161102 -109.702606
v 86.443573 26.559914 -109.610016
v 86.362259 25.174259 -109.530289
v 85.908752 24.827858 -109.530289
v 83.978500 24.756454 -109.610824
v 86.241058 24.921257 -109.412582
v 86.539230 25.160122 -109.106735
v 86.360764 24.832066 -109.087601
v 85.041656 24.561958 -108.249786
v 85.932571 24.687428 -109.115616
v -84.936844 24.561981 111.206314
v -85.893318 24.687534 112.134201
v -83.783630 24.756008 112.661270
v -85.867645 24.827881 112.576920
v -86.351692 24.832428 112.104782
v -86.223541 24.921284 112.451309
v -85.888351 25.162254 112.759323
v -86.439224 26.572319 112.661423
v -86.353043 25.174286 112.576920
v -86.665237 25.826881 111.206314
v -86.540672 25.161224 112.123108
v 86.663864 25.826881 111.206314
v 86.537323 25.166351 112.135178
v 86.444229 26.566780 112.660706
v 86.362259 25.174286 112.576920
v 86.362259 24.827881 112.106720
v 86.452698 24.763672 110.077042
v 86.241058 24.921284 112.451309
v 85.918777 25.156837 112.761170
v 85.041656 25.826881 112.884018
v 85.907257 24.835594 112.578781
v 85.041656 24.561981 111.206314
v 85.956100 24.688049 112.111084
v 85.041656 31.447384 111.206314
v 85.920792 31.320343 112.145081
v 83.967712 31.253658 112.661469
v 85.908752 31.181583 112.576920
v 86.364136 31.174089 112.104492
v 86.241058 31.088083 112.451309
v 85.927734 30.847229 112.759369
v 85.041656 30.182484 112.884018
v 86.444336 29.441217 112.660767
v 86.362259 30.835182 112.576920
v 86.663864 30.182484 111.206314
v 86.540924 30.853436 112.117661
v -86.665237 30.182484 111.206314
v -86.538757 30.842686 112.133087
v -86.439362 29.436312 112.661377
v -86.353043 30.835182 112.576920
v -86.353043 31.181583 112.106720
v -86.448257 31.246656 110.057846
v -86.223541 31.088083 112.451309
v -85.878510 30.852610 112.761139
v -85.865906 31.173893 112.578858
v -84.936844 31.447384 111.206314
v -85.918915 31.321280 112.110977
v -73.255318 8.300606 -111.708099
v -73.241669 8.134106 -111.514847
v -73.461014 8.305824 -111.512375
v -73.406242 8.180157 -111.371780
v -73.296280 8.049957 -110.951675
v -73.467758 8.128235 -110.961929
v -73.691040 8.618359 -109.997284
v -73.563148 8.288933 -111.039657
v -73.563766 25.392521 -111.028610
v -73.461143 26.131695 -110.988190
v -73.460220 25.360126 -111.514725
v -73.406242 25.922661 -111.371780
v -73.248215 26.409409 -111.000030
v -72.394745 26.251656 -111.604050
v -73.246338 26.125759 -111.509598
v -72.845139 23.857155 -111.832489
v -73.252747 25.375732 -111.709762
v -69.926498 26.407639 -111.005112
v -69.715439 26.131371 -110.982635
v -69.931946 26.125759 -111.509598
v -70.766388 26.248627 -111.602844
v -69.772141 25.922661 -111.371780
v -69.616440 25.436218 -111.046036
v -69.487343 23.857159 -109.997284
v -69.714165 25.320889 -111.511368
v -70.333237 23.857155 -111.832489
v -69.924606 25.387115 -111.707687
v -69.925613 8.300995 -111.710113
v -69.718719 8.307106 -111.514084
v -69.931946 8.136284 -111.514877
v -69.772141 8.180157 -111.371780
v -69.615387 8.287167 -111.013595
v -69.715408 8.128807 -110.986008
v -69.899139 8.047920 -110.985000
v -72.845139 7.921883 95.405014
v -73.279160 8.047909 96.582260
v -73.467987 8.130501 96.572067
v -73.406242 8.180183 97.040512
v -73.247192 8.306042 97.438110
v -73.459236 8.307590 97.208038
v -73.691040 8.618382 95.405014
v -73.562439 8.285145 96.615357
v -69.487343 8.618382 95.405014
v -69.615341 8.288925 96.647522
v -69.717781 8.306152 97.205994
v -69.710632 8.128235 96.554672
v -69.772141 8.180183 97.040512
v -69.928772 8.305092 97.435852
v -69.939163 8.134720 97.211868
v -70.333237 7.921883 95.405014
v -69.882027 8.049980 96.542008
v -70.333237 26.532784 95.405014
v -69.926392 26.405434 96.612488
v -70.775085 26.251709 97.308930
v -69.931946 26.125786 97.203018
v -69.713470 26.126503 96.584244
v -69.772141 25.922684 97.040512
v -69.927185 25.370613 97.435349
v -70.333237 23.857185 97.557617
v -69.718666 25.362289 97.208832
v -69.487343 23.857185 95.405014
v -69.488380 25.475288 92.968155
v -69.614891 25.393841 96.633972
v -73.691040 23.857185 95.405014
v -73.563065 25.412239 96.621506
v -73.464020 25.319344 97.204193
v -73.459625 26.134590 96.585312
v -73.406242 25.922684 97.040512
v -72.845139 23.857185 97.557617
v -73.251724 25.381645 97.433136
v -72.412521 26.249626 97.308548
v -73.246338 26.125786 97.203018
v -72.845139 26.532784 95.405014
v -73.336884 26.469471 94.043991
v -73.256721 26.405834 96.606522
v 69.243652 8.300602 -111.708084
v 69.257355 8.134106 -111.514847
v 69.037979 8.305843 -111.512390
v 69.092865 8.180157 -111.371780
v 69.202728 8.049957 -110.951721
v 69.031250 8.128220 -110.961792
v 68.807953 8.618359 -109.997284
v 68.936005 8.288887 -111.039810
v 68.935379 25.392719 -111.028747
v 69.037857 26.131706 -110.988144
v 69.038788 25.360016 -111.514725
v 69.092865 25.922661 -111.371780
v 69.250763 26.409405 -111.000030
v 70.104279 26.251659 -111.604050
v 69.252655 26.125759 -111.509598
v 69.653854 23.857155 -111.832489
v 69.246262 25.375755 -111.709762
v 72.572525 26.407623 -111.005127
v 72.783676 26.131378 -110.982529
v 72.567062 26.125759 -111.509598
v 71.732620 26.248627 -111.602859
v 72.726852 25.922661 -111.371780
v 72.882553 25.436363 -111.046081
v 73.011658 23.857159 -109.997284
v 72.784958 25.320786 -111.511368
v 72.165756 23.857155 -111.832489
v 72.574417 25.387108 -111.707672
v 72.573425 8.300980 -111.710098
v 72.780396 8.307152 -111.514099
v 72.567047 8.136276 -111.514877
v 72.726852 8.180157 -111.371780
v 72.883606 8.287117 -111.013626
v 72.783707 8.128799 -110.985947
v 72.599930 8.047935 -110.985000
v 69.653854 7.921883 95.405014
v 69.219818 8.047909 96.582230
v 69.031006 8.130493 96.571976
v 69.092865 8.180183 97.040512
v 69.251816 8.306038 97.438110
v 69.039764 8.307632 97.208038
v 68.807953 8.618382 95.405014
v 68.936722 8.285049 96.615524
v 73.011658 8.618382 95.405014
v 72.883652 8.288879 96.647553
v 72.781342 8.306164 97.205994
v 72.788483 8.128216 96.554337
v 72.726852 8.180183 97.040512
v 72.570236 8.305088 97.435837
v 72.559799 8.134712 97.211884
v 72.165756 7.921883 95.405014
v 72.617050 8.050003 96.542038
v 72.165756 26.532784 95.405014
v 72.572647 26.405422 96.612488
v 71.723938 26.251720 97.308930
v 72.567062 26.125786 97.203018
v 72.785660 26.126507 96.584168
v 72.726852 25.922684 97.040512
v 72.571838 25.370628 97.435333
v 72.165756 23.857185 97.557617
v 72.780441 25.362167 97.208832
v 73.011658 23.857185 95.405014
v 73.010635 25.475132 92.967896
v 72.884109 25.393951 96.634018
v 68.807953 23.857185 95.405014
v 68.936081 25.412437 96.621674
v 69.034973 25.319199 97.204208
v 69.039368 26.134594 96.585220
v 69.092865 25.922684 97.040512
v 69.653854 23.857185 97.557617
v 69.247253 25.381649 97.433136
v 70.086487 26.249626 97.308548
v 69.252655 26.125786 97.203018
v 69.653854 26.532784 95.405014
v 69.162094 26.469486 94.043137
v 69.242264 26.405827 96.606537
v -72.008629 8.287472 98.316300
v -71.787895 8.144703 98.304596
v -71.781097 8.290897 98.524262
v -71.615242 8.183884 98.470215
v -71.296715 8.072727 98.314087
v -67.711975 7.941025 98.292221
v -71.081917 8.131359 98.530274
v -69.978043 8.553482 98.755020
v -71.161316 8.276653 98.631638
v -71.208252 25.353081 98.627487
v -71.159233 26.113930 98.525238
v -71.784836 25.318100 98.523697
v -71.615242 25.898285 98.470215
v -71.174088 26.399109 98.311844
v -71.884232 26.236881 97.465683
v -71.777847 26.107582 98.310410
v -72.132645 23.767982 97.909119
v -72.010323 25.329086 98.315323
v -71.179062 26.397324 94.990555
v -71.153069 26.113480 94.779404
v -71.777847 26.107582 94.996018
v -71.883713 26.234581 95.830216
v -71.615242 25.898285 94.836212
v -71.229736 25.397903 94.680740
v -69.978043 23.767982 94.551315
v -71.780190 25.274048 94.778458
v -72.132645 23.767982 95.397217
v -72.008133 25.340462 94.990540
v -72.008636 8.286575 94.990204
v -72.062401 8.255356 95.559998
v -71.782906 8.291771 94.783524
v -71.615242 8.183884 94.836212
v -71.217972 8.282623 94.681900
v -68.914383 8.249733 94.613419
v -71.152382 8.139572 94.777283
v -71.158981 8.068153 94.955673
v 69.311859 7.940384 97.909119
v 70.380463 8.068256 98.350891
v 70.366806 8.140835 98.533249
v 70.795258 8.183884 98.470215
v 71.208893 8.259979 97.791702
v 71.146561 8.287411 98.325119
v 70.947296 8.292202 98.523346
v 69.311859 8.553482 98.755020
v 70.405777 8.272678 98.626648
v 69.311859 8.553482 94.551315
v 70.436188 8.276886 94.678986
v 70.945465 8.290886 94.781784
v 70.347427 8.138481 94.773956
v 70.795258 8.183884 94.836212
v 71.214035 8.658737 94.939102
v 71.146713 8.281967 94.987473
v 70.954590 8.144516 95.005234
v 69.311859 7.940384 95.397217
v 67.273987 7.941032 95.014618
v 70.505692 8.072624 94.992645
v 69.311859 26.522484 95.397217
v 70.405075 26.395287 94.990860
v 71.042984 26.236866 95.845474
v 70.943451 26.107582 94.996018
v 70.380630 26.108307 94.777496
v 70.795258 25.898285 94.836212
v 71.157120 25.332191 94.990509
v 71.279556 23.767982 95.397217
v 70.947495 25.322014 94.782181
v 69.311859 23.767982 94.551315
v 67.119186 25.433189 94.552277
v 70.425873 25.352501 94.678833
v 69.311859 23.767982 98.755020
v 70.414856 25.372566 98.626938
v 70.943665 25.279339 98.528427
v 70.381470 26.116898 98.523590
v 70.795258 25.898285 98.470215
v 71.279556 23.767982 97.909119
v 71.154953 25.343956 98.316712
v 71.041946 26.233925 97.476380
v 70.943451 26.107681 98.310410
v 69.311859 26.522484 97.909210
v 68.028885 26.460274 98.403259
v 70.399643 26.395775 98.320587
v -75.711380 0.373180 100.522431
v -75.507431 0.211952 100.501358
v -75.499847 0.377785 101.094513
v -75.595032 0.974934 101.195068
v -75.352448 0.255882 100.938614
v -75.049652 0.131680 100.511521
v -74.914108 0.211449 101.099503
v -73.877045 0.676785 101.440613
v -74.961731 0.373104 101.316345
v -74.956375 25.742527 101.314301
v -74.945847 26.006050 101.095429
v -75.499847 25.733185 101.094513
v -75.586723 24.672295 101.197159
v -75.352448 25.935181 100.938721
v -74.988380 26.126732 100.550675
v -75.590118 26.071663 98.035645
v -75.499847 26.010780 100.507507
v -75.834946 25.218185 99.373413
v -75.712296 25.737228 100.535797
v -74.986115 26.126762 90.308273
v -74.926376 26.007919 89.769531
v -75.500916 26.006226 90.354401
v -75.352448 25.935181 89.922516
v -74.964333 25.740112 89.544998
v -73.877045 25.218182 89.420517
v -75.590240 24.699753 89.672119
v -75.499847 25.733181 89.766617
v -75.834946 25.218185 91.487717
v -75.710594 25.741501 90.335877
v -75.712677 0.374897 90.328079
v -75.590530 0.983517 89.659073
v -75.499847 0.377781 89.766617
v -75.504532 0.211311 90.386353
v -75.352448 0.255882 89.922409
v -74.951614 0.370663 89.546265
v -74.938660 0.212231 89.757340
v -74.949768 0.131840 90.242691
v -65.399841 0.131836 100.618363
v -64.844536 0.211376 100.473938
v -65.409653 0.212132 101.102799
v -64.997147 0.255882 100.938614
v -64.636917 0.374863 100.532990
v -64.759026 0.983833 101.202042
v -64.849747 0.377785 101.094513
v -67.123886 0.524437 101.438950
v -65.397797 0.370728 101.314819
v -65.387802 0.373135 89.544724
v -64.754570 0.974861 89.666107
v -64.849747 0.377781 89.766617
v -65.435486 0.211445 89.761597
v -64.997147 0.255882 89.922409
v -64.638199 0.373154 90.338730
v -64.841660 0.212002 90.360413
v -65.299828 0.131680 90.349686
v -65.361122 26.126713 90.310425
v -64.759476 26.071655 92.825211
v -64.849747 26.010780 90.353714
v -65.403770 26.006046 89.765717
v -64.997147 25.935181 89.922516
v -64.637283 25.737228 90.325333
v -64.514641 25.218185 91.487717
v -64.762840 24.672058 89.663956
v -64.849747 25.733284 89.766617
v -66.472443 25.218182 89.420517
v -65.393173 25.742519 89.546845
v -65.385437 25.740494 101.316147
v -64.759338 24.699715 101.189041
v -64.849747 25.733284 101.094513
v -65.426361 26.007507 101.094193
v -64.997147 25.935181 100.938721
v -64.638992 25.741501 100.525269
v -64.514641 25.218185 99.373413
v -64.848686 26.006241 100.506851
v -65.363304 26.126785 100.552918
v 63.805447 0.373169 100.522476
v 64.009384 0.211952 100.501389
v 64.016953 0.377785 101.094513
v 63.921780 0.974857 101.195053
v 64.164352 0.255882 100.938614
v 64.467072 0.131676 100.511505
v 64.602676 0.211449 101.099503
v 65.639664 0.676785 101.440613
v 64.554993 0.373104 101.316345
v 64.560333 25.742523 101.314301
v 64.570953 26.006050 101.095429
v 64.016953 25.733185 101.094513
v 63.930096 24.672497 101.197144
v 64.164352 25.935181 100.938721
v 64.528351 26.126732 100.550659
v 63.926716 26.071651 98.036347
v 64.016953 26.010780 100.507507
v 63.681759 25.218185 99.373413
v 63.804531 25.737255 100.535843
v 64.530609 26.126762 90.308289
v 64.590408 26.007919 89.769531
v 64.015884 26.006226 90.354370
v 64.164352 25.935181 89.922516
v 64.552383 25.740112 89.544998
v 65.639664 25.218182 89.420517
v 63.926586 24.700024 89.672135
v 64.016953 25.733181 89.766617
v 63.681759 25.218185 91.487717
v 63.806240 25.741520 90.335816
v 63.804157 0.374882 90.328034
v 63.926281 0.983467 89.659073
v 64.016953 0.377781 89.766617
v 64.012283 0.211315 90.386322
v 64.164352 0.255882 89.922409
v 64.565109 0.370667 89.546265
v 64.578140 0.212231 89.757340
v 64.566956 0.131836 90.242706
v 74.116974 0.131840 100.618378
v 74.672165 0.211384 100.474075
v 74.107162 0.212132 101.102799
v 74.519653 0.255882 100.938614
v 74.879898 0.374870 100.532990
v 74.757660 0.983696 101.202026
v 74.666962 0.377785 101.094513
v 72.392776 0.524429 101.438950
v 74.118958 0.370724 101.314804
v 74.128937 0.373127 89.544724
v 74.762115 0.974728 89.666123
v 74.666962 0.377781 89.766617
v 74.081329 0.211445 89.761597
v 74.519653 0.255882 89.922409
v 74.878601 0.373158 90.338730
v 74.675034 0.212006 90.360382
v 74.216904 0.131683 90.349625
v 74.155624 26.126709 90.310394
v 74.757217 26.071648 92.824753
v 74.666962 26.010780 90.353714
v 74.113052 26.006050 89.765717
v 74.519653 25.935181 89.922516
v 74.879517 25.737221 90.325348
v 75.002151 25.218185 91.487717
v 74.753845 24.672451 89.664002
v 74.666962 25.733284 89.766617
v 73.044266 25.218182 89.420517
v 74.123596 25.742531 89.546845
v 74.131302 25.740509 101.316132
v 74.757339 24.700096 101.188995
v 74.666962 25.733284 101.094513
v 74.090469 26.007507 101.094193
v 74.519653 25.935181 100.938721
v 74.877808 25.741489 100.525269
v 75.002151 25.218185 99.373413
v 74.668015 26.006241 100.506897
v 74.153473 26.126778 100.552933
v -86.260490 27.837152 -109.783676
v -86.489342 28.004658 -109.655197
v -86.593643 26.811058 -109.357788
v -86.616867 28.192806 -109.453812
v -86.165443 29.198359 -109.755783
v -83.489243 31.040258 -109.755783
v -80.049683 31.278416 -109.682815
v -83.483444 31.447359 -109.031387
v -83.489243 31.375759 -109.357788
v -78.115448 31.447451 -109.475082
v -70.011215 31.447126 -109.552811
v 86.274612 28.178555 -109.782730
v 86.097595 28.186897 -109.830765
v 86.490555 28.004658 -109.655197
v 86.592255 29.198359 -109.357788
v 86.617630 27.823505 -109.447601
v 85.849960 26.816757 -109.827484
v 86.185364 26.811058 -109.755783
v 83.700165 24.969059 -109.755783
v 80.361679 24.730888 -109.682815
v 79.658157 24.935959 -109.827484
v 83.694458 24.561958 -109.031387
v 83.700165 24.633560 -109.357788
v 78.492905 24.561874 -109.474808
v 70.480804 24.562195 -109.552795
v 70.301926 24.837032 -109.827499
v -83.489243 24.969086 112.812409
v -80.022217 24.731007 112.738861
v -83.483444 24.561981 112.048020
v -83.489243 24.633583 112.394409
v -78.085983 24.561951 112.526138
v -69.956696 24.562248 112.609375
v 86.280914 27.821930 112.837082
v 86.097504 27.822264 112.887314
v 86.490555 28.004683 112.709320
v 86.663864 26.816784 112.048020
v 86.592255 26.811081 112.394409
v 86.667175 28.185442 112.305618
v 86.618591 28.180143 112.489761
v 85.849960 29.192583 112.884018
v 86.185364 29.198383 112.812409
v 83.700165 31.040283 112.812409
v 83.694458 30.776484 112.884018
v 80.335129 31.278402 112.738983
v 79.658157 31.073483 112.884018
v 83.694458 31.447384 112.048020
v 83.700165 31.375784 112.394409
v 78.467010 31.447405 112.526016
v 70.418945 31.447123 112.609451
v 70.301315 31.172443 112.884018
v -86.267151 28.181074 112.838059
v -86.489342 28.004683 112.709320
v -86.665237 29.192583 112.048020
v -86.593643 29.198383 112.394409
v -86.668549 27.824099 112.305664
v -86.617813 27.822247 112.496384
v -86.165443 26.811081 112.812409
v 86.185364 24.633560 -106.952988
v 85.849960 24.561958 -106.947189
v 86.454758 24.753258 -106.955780
v 86.287537 24.563869 -103.235412
v 86.508453 24.712959 -103.757690
v 86.592255 24.969059 -106.952988
v 86.390594 24.563648 -96.633118
v -86.165443 24.633583 109.809418
v -85.808945 24.561981 109.803711
v -86.450836 24.753281 109.812317
v -86.281067 24.563965 106.006470
v -86.508545 24.712982 106.550522
v -86.665237 25.232983 109.803711
v -86.593643 24.969086 109.809418
v -86.664093 24.895199 105.875260
v -86.665237 24.836983 100.148621
v -86.394302 24.565872 99.730972
v 86.592255 31.040258 -106.952988
v 86.508453 31.296459 -103.757690
v -86.165443 31.375759 -106.952988
v -85.808945 31.447359 -106.947189
v -86.450836 31.256058 -106.955795
v -86.280792 31.445343 -103.232193
v -86.508545 31.296459 -103.757690
v -86.593643 31.040258 -106.952988
v -86.392044 31.445642 -96.580810
v -73.367737 9.034058 -111.760788
v -73.545341 9.783459 -111.674393
v -73.689613 9.190094 -111.106750
v -73.691040 9.785557 -111.401382
v -73.532135 9.107857 -111.611877
v -72.279938 25.843456 -111.760788
v -71.679146 25.737045 -111.836105
v -71.589142 26.084957 -111.762283
v -71.589142 26.333054 -111.653793
v -72.279938 26.461060 -111.311294
v -71.589142 26.462559 -111.468796
v -70.898346 26.461060 -111.311294
v -70.904144 25.297455 -111.832489
v -70.898346 25.843456 -111.760788
v -69.810638 21.462357 -111.760788
v -69.804817 18.380756 -111.832001
v -69.620590 19.630249 -111.640274
v -69.487160 20.414154 -111.142517
v -69.488678 17.435509 -111.484451
v -69.762398 15.371002 -111.832489
v -71.422653 8.179047 -111.771454
v -70.895538 8.084759 -111.612594
v -71.730766 8.064430 -111.650177
v -72.279938 8.215256 -111.760788
v -71.765182 8.175034 97.493759
v -72.282837 8.084785 97.321915
v -71.460480 8.062759 97.364258
v -72.230286 7.922920 96.552658
v -73.242249 8.130283 97.201508
v -71.568222 7.926620 96.930679
v -70.865822 7.923378 96.551666
v -70.898346 8.215282 97.486008
v -69.810638 9.034084 97.486008
v -69.633041 9.783485 97.395508
v -69.488640 9.191811 96.737595
v -69.487343 9.785583 97.094818
v -69.646629 9.099163 97.319245
v -69.488205 11.112988 97.283234
v -70.898346 25.843483 97.486008
v -71.499016 25.737045 97.561218
v -71.589142 26.084984 97.487412
v -71.589142 26.333084 97.371018
v -70.904144 26.532784 96.531510
v -70.898346 26.461082 96.972916
v -71.683273 26.536247 96.875839
v -71.589142 26.462585 97.162216
v -72.279938 26.461082 96.972916
v -72.274246 25.297485 97.557617
v -72.279938 25.843483 97.486008
v -73.431305 19.334824 97.496185
v -73.333298 19.148769 97.557648
v -73.562317 19.464005 97.356842
v -73.689301 20.765060 96.722046
v -73.688965 17.402008 97.198395
v -73.689972 15.285015 97.283692
v -73.415993 15.371529 97.557617
v -69.634460 8.091576 -107.731094
v -69.487358 8.196842 82.032562
v -69.762405 7.921871 -98.633224
v -73.280716 7.923393 92.372315
v -73.546127 8.091980 92.603027
v -73.358940 7.921883 89.814407
v -73.688889 8.304550 92.844208
v -73.689766 8.228867 89.492035
v -73.691032 8.196941 82.045853
v -73.416000 7.921894 82.946533
v -69.490372 25.757599 -107.089172
v -69.657639 26.270859 -108.445694
v -69.623169 26.336098 -105.527237
v -69.487343 26.017658 -105.105194
v -69.810638 26.461060 -108.442795
v -69.762436 26.532761 -97.571899
v -69.624969 26.392647 -101.786880
v -69.487320 26.257698 -98.504318
v -73.367737 26.461060 -108.442795
v -73.520737 26.270859 -108.445694
v -73.535233 26.377747 -105.432876
v -73.621536 26.205757 -105.106689
v 69.131256 9.034058 -111.760788
v 68.953751 9.783459 -111.674393
v 68.809357 9.190041 -111.106293
v 68.807953 9.785557 -111.401382
v 68.966919 9.108459 -111.611923
v 70.219055 25.843456 -111.760788
v 70.819870 25.737049 -111.836105
v 70.909851 26.084957 -111.762283
v 70.909851 26.333054 -111.653793
v 70.219055 26.461060 -111.311294
v 70.909851 26.462559 -111.468796
v 71.600662 26.461060 -111.311294
v 71.594955 25.297455 -111.832489
v 71.600662 25.843456 -111.760788
v 72.683929 19.113670 -111.825806
v 72.878510 19.628632 -111.640213
v 72.727570 16.911514 -111.831375
v 73.011841 20.414738 -111.142395
v 73.010345 17.435280 -111.484527
v 71.076324 8.179047 -111.771454
v 71.603455 8.084759 -111.612594
v 70.768234 8.064430 -111.650177
v 70.219055 8.215256 -111.760788
v 70.733826 8.175030 97.493759
v 70.216156 8.084785 97.321915
v 71.038498 8.062759 97.364258
v 70.268723 7.922920 96.552673
v 69.256760 8.130283 97.201508
v 70.930771 7.926620 96.930664
v 71.633179 7.923374 96.551682
v 71.600662 8.215282 97.486008
v 72.688354 9.034084 97.486008
v 72.865952 9.783485 97.395508
v 73.010376 9.191856 96.737488
v 73.011658 9.785583 97.094818
v 72.852478 9.100079 97.319290
v 73.010803 11.114449 97.283341
v 71.600662 25.843483 97.486008
v 71.000046 25.737038 97.561218
v 70.909851 26.084984 97.487412
v 70.909851 26.333084 97.371018
v 71.594955 26.532784 96.531510
v 71.600662 26.461082 96.972916
v 70.815735 26.536247 96.875839
v 70.909851 26.462585 97.162216
v 70.219055 26.461082 96.972916
v 70.224762 25.297485 97.557617
v 70.219055 25.843483 97.486008
v 69.067871 19.337788 97.496201
v 69.165680 19.148285 97.557633
v 68.936691 19.462360 97.356766
v 68.809708 20.766483 96.721436
v 68.810028 17.403107 97.198364
v 68.809021 15.285240 97.283676
v 69.083008 15.372360 97.557617
v 72.864532 8.091587 -107.731079
v 69.218216 7.923393 92.371063
v 68.952988 8.091991 92.602783
v 69.140060 7.921883 89.814407
v 68.810104 8.304585 92.843933
v 68.809235 8.228828 89.491638
v 68.807968 8.196953 82.056732
v 73.008636 25.757584 -107.088470
v 72.841354 26.270859 -108.445694
v 72.875961 26.335907 -105.529220
v 73.011658 26.017658 -105.105194
v 72.688354 26.461060 -108.442795
v 72.873886 26.392807 -101.792999
v 73.011688 26.257694 -98.503662
v 69.131256 26.461060 -108.442795
v 68.978363 26.270859 -108.445694
v 68.963791 26.377644 -105.433243
v 68.877457 26.205757 -105.106689
v 69.082932 26.532745 -98.799820
v -72.061043 8.885681 98.431717
v -71.970642 9.542885 98.609314
v -71.273743 8.981174 98.751923
v -71.669739 9.545082 98.755020
v -71.896057 8.940002 98.595230
v -72.061043 25.817383 97.344010
v -72.136276 25.709564 96.742890
v -72.062546 26.066784 96.653214
v -71.946045 26.320786 96.653214
v -71.547638 26.450783 97.344010
v -71.737045 26.452286 96.653214
v -71.547638 26.450783 95.962418
v -72.132645 25.255585 95.968109
v -72.061043 25.817383 95.962418
v -72.071274 19.095028 94.810883
v -72.132774 18.906853 94.908981
v -71.931839 19.224495 94.679840
v -71.353310 20.221390 94.551132
v -71.773590 17.114155 94.553406
v -72.132751 15.043835 94.826355
v -71.896942 8.099083 95.959519
v -72.084991 8.202923 96.906510
v -71.933578 8.076725 96.766922
v -71.780174 8.143578 94.997299
v 71.053055 8.099083 97.346817
v 71.233154 8.205406 96.395767
v 71.087128 8.077515 96.532578
v 70.321121 7.941116 97.307633
v 70.947571 8.143173 98.306427
v 70.657272 7.938953 96.593125
v 71.119751 9.542881 94.697113
v 70.507568 9.005871 94.553146
v 70.835251 9.545082 94.551315
v 71.053238 8.943901 94.711029
v 71.005096 10.791237 94.552170
v 71.207962 25.817383 95.962418
v 71.283188 25.709599 96.563629
v 71.209351 26.066784 96.653214
v 71.097565 26.320786 96.653214
v 70.327454 26.522484 95.968109
v 70.731857 26.450783 95.962418
v 70.637970 26.525879 96.749558
v 70.902557 26.452286 96.653214
v 70.731857 26.450783 97.344010
v 71.279556 25.255684 97.338318
v 71.207962 25.817383 97.344010
v 71.220840 19.016792 98.493576
v 71.279587 18.908089 98.397354
v 71.083557 19.326263 98.623932
v 70.502960 20.556446 98.753540
v 70.927109 17.131783 98.753388
v 71.005478 14.956184 98.754135
v 71.279587 15.044529 98.479981
v -67.249374 8.109268 94.695877
v 55.361141 8.215473 94.551331
v 66.654724 7.941849 98.335663
v 66.876785 8.109600 98.610306
v 63.712955 7.940384 98.422913
v 67.104507 8.304169 98.752350
v 63.364849 8.240772 98.754044
v 55.391903 8.215534 98.754990
v -66.494812 25.725422 94.554505
v -68.106941 26.256683 94.721710
v -64.485603 26.324253 94.687149
v -63.967842 25.999481 94.551315
v -68.104141 26.450783 94.874619
v -54.455956 26.247253 94.551575
v -68.104141 26.450783 98.431717
v -68.106941 26.256683 98.584717
v -64.369423 26.367836 98.598404
v -63.969242 26.191483 98.685608
v -75.763336 1.071384 100.873016
v -75.675339 1.840881 101.279617
v -74.886841 1.077084 101.440613
v -75.289246 1.071384 101.368912
v -75.467972 2.037491 101.439240
v -75.763336 25.892483 97.586914
v -75.837570 25.815674 95.830444
v -75.764740 25.969982 95.430618
v -75.651520 26.101295 94.982422
v -75.337631 26.226845 95.237747
v -75.834946 25.674484 93.279907
v -75.763336 25.892483 93.274216
v -75.763336 24.463379 89.988114
v -75.834946 24.457581 90.412415
v -75.831604 23.046288 89.816406
v -75.675339 23.261581 89.581513
v -74.886841 24.457581 89.420517
v -75.289246 24.463379 89.492111
v -75.471138 22.938477 89.421600
v -75.560760 21.516655 89.421097
v -75.835426 21.280010 89.698990
v -75.771835 0.253750 94.861237
v -75.609039 0.163181 93.271317
v -75.647293 0.142132 95.859451
v -75.763336 0.290581 97.586914
v -64.577698 0.253719 95.997437
v -64.740540 0.163181 97.589813
v -64.702354 0.142170 95.000458
v -64.586243 0.290581 93.274109
v -64.586243 1.071381 89.988022
v -64.674240 1.840981 89.581421
v -65.060341 1.071381 89.492111
v -64.586243 25.892483 93.274216
v -64.512024 25.815788 95.031555
v -64.584747 25.969982 95.430618
v -64.698044 26.101295 95.878357
v -65.012131 26.226952 95.622772
v -64.514641 25.674484 97.581207
v -64.586243 25.892483 97.586914
v -64.586243 24.463383 100.873016
v -64.514641 24.457684 100.448715
v -64.517990 23.046265 101.044739
v -64.674240 23.261581 101.279617
v -65.060341 24.463383 101.369019
v -64.789528 21.357285 101.440582
v -64.514633 21.222206 101.165482
v -70.563095 0.141567 89.611984
v -72.199944 0.290581 89.492111
v -69.634415 0.252403 89.484512
v -68.146744 0.163181 89.651917
v -69.785980 0.141563 101.249069
v -68.149643 0.290585 101.368912
v -70.652313 0.360489 101.442261
v -70.715103 0.252415 101.376541
v -72.202843 0.163181 101.209213
v -72.199944 25.892479 89.492111
v -70.549896 25.815651 89.417893
v -72.202843 26.073883 89.651917
v -70.174744 25.969978 89.490708
v -69.764587 26.101913 89.607697
v -69.999756 26.227177 89.935654
v -68.155342 25.674480 89.420517
v -68.149643 25.892479 89.492111
v -70.349693 26.227219 100.925354
v -70.585129 26.101917 101.253418
v -72.199944 25.892483 101.369019
v -70.174744 25.969982 101.370422
v -68.149643 25.892483 101.369019
v -68.146744 26.073883 101.209213
v 63.753460 1.071384 100.873016
v 63.841358 1.840881 101.279617
v 64.629959 1.077084 101.440613
v 64.227463 1.071384 101.368912
v 64.048706 2.037426 101.439240
v 63.956173 3.162613 101.440369
v 63.753460 25.892483 97.586914
v 63.679134 25.815693 95.829819
v 63.751957 25.969982 95.430618
v 63.865253 26.101292 94.982544
v 64.178925 26.226807 95.237824
v 63.681759 25.674484 93.279907
v 63.753460 25.892483 93.274216
v 63.753460 24.463379 89.988114
v 63.681759 24.457581 90.412415
v 63.685078 23.046768 89.816666
v 63.841358 23.261581 89.581513
v 64.629959 24.457581 89.420517
v 64.227463 24.463379 89.492111
v 64.045547 22.938591 89.421600
v 63.956753 21.356979 89.420532
v 63.681698 21.224922 89.695999
v 63.744915 0.253700 94.863953
v 63.907757 0.163181 93.271317
v 63.869511 0.142124 95.859024
v 63.753460 0.290581 97.586914
v 74.939072 0.253773 95.999863
v 74.776154 0.163181 97.589813
v 74.814438 0.142174 95.000961
v 74.930557 0.290581 93.274109
v 74.930557 1.071381 89.988022
v 74.842560 1.840981 89.581421
v 74.456451 1.071381 89.492111
v 74.930557 25.892483 93.274216
v 75.004791 25.815742 95.031250
v 74.931961 25.969982 95.430618
v 74.818726 26.101303 95.877533
v 74.504471 26.226990 95.623123
v 75.002151 25.674484 97.581207
v 74.930557 25.892483 97.586914
v 74.930557 24.463383 100.873016
v 75.002151 24.457684 100.448715
v 74.998840 23.046600 101.044510
v 74.842560 23.261581 101.279617
v 74.456451 24.463383 101.369019
v 75.002884 21.277695 101.161911
v 68.953705 0.141567 89.612000
v 67.316864 0.290581 89.492111
v 69.882355 0.252403 89.484512
v 71.369965 0.163181 89.651917
v 69.730759 0.141563 101.249069
v 71.367157 0.290585 101.368912
v 68.864502 0.360489 101.442246
v 68.801697 0.252411 101.376541
v 67.313965 0.163181 101.209213
v 67.316864 25.892479 89.492111
v 68.966919 25.815651 89.417893
v 67.313965 26.073883 89.651917
v 69.341965 25.969978 89.490708
v 69.752121 26.101910 89.607697
v 69.516983 26.227180 89.935669
v 71.361465 25.674480 89.420517
v 71.367157 25.892479 89.492111
v 69.167084 26.227219 100.925369
v 68.931656 26.101917 101.253418
v 67.316864 25.892483 101.369019
v 69.341965 25.969982 101.370422
v 71.367157 25.892483 101.369019
v 71.369965 26.073883 101.209213
v 86.663849 31.172440 99.732834
v 86.663864 30.854805 109.308426
v 86.663849 24.836906 -96.887741
v -86.665276 24.837193 -96.613876
v -86.665237 31.172401 -96.887314
v 86.388947 24.561985 99.914002
v 86.315796 24.563461 105.542236
v 85.849960 24.561981 109.803711
v 83.694458 24.561981 112.048020
v 78.950790 24.561665 112.493012
v 69.744659 24.563416 112.610275
v 86.663864 31.073483 106.548309
v 86.663864 25.232983 109.803711
v 86.662460 24.912540 106.135086
v 86.664154 24.838577 99.523621
v -86.311821 31.445721 105.530075
v -85.808945 31.447384 109.803711
v -83.483444 31.447384 112.048020
v -78.588470 31.447701 112.493271
v -69.261978 31.445974 112.610275
v -86.665237 30.776484 109.803711
v -86.663353 31.098232 106.166687
v -86.665550 31.170975 99.536926
v 86.508453 24.712982 106.550415
v 86.592255 24.969086 109.809418
v 86.185364 24.633583 109.809418
v -86.508545 24.712959 -103.757690
v -86.593643 24.969059 -106.952988
v -86.165443 24.633560 -106.952988
v 86.390686 31.445707 99.475601
v 86.278748 31.447710 105.970017
v 86.505325 31.290348 107.195435
v 86.032089 31.438675 109.472077
v 86.454758 31.256083 109.812317
v 86.592255 31.040283 109.809418
v -86.390594 31.447222 99.865891
v -86.508545 31.296484 106.550415
v -86.593643 31.040283 109.809418
v -86.165443 31.375784 109.809418
v 83.252884 25.162968 112.884033
v -80.354324 24.720451 -109.665893
v -83.489243 24.633560 -109.357788
v -83.492043 24.753258 -109.620483
v -83.489243 24.969059 -109.755783
v -69.989334 24.836952 -109.827438
v -80.305603 31.288803 112.722168
v -83.489243 31.375784 112.394409
v -83.492043 31.256083 112.672119
v -83.489243 31.040283 112.812409
v -69.985199 31.172504 112.884003
v 79.658157 31.073458 -109.827484
v 83.694458 30.776459 -109.827484
v 79.658157 24.935982 112.884018
v 80.655197 31.289005 -109.665985
v 83.700165 31.375759 -109.357788
v 83.703064 31.256058 -109.620483
v 83.700165 31.040258 -109.755783
v 70.449692 31.172482 -109.827453
v 80.610657 24.720577 112.722199
v 83.700165 24.633583 112.394409
v 83.703064 24.753281 112.672119
v 83.700165 24.969086 112.812409
v 70.447662 24.836868 112.884003
v -69.853378 7.922848 91.487457
v -69.491196 26.261543 82.691544
v -69.492584 26.135052 88.553681
v -69.487152 20.421402 96.779160
v -69.487900 17.853607 97.140778
v -69.489594 15.050892 97.283829
v -73.415939 26.532776 82.953034
v -73.380020 26.529900 89.452500
v -73.187637 26.532784 93.527313
v -69.990738 26.532784 93.527313
v -69.819443 26.532784 89.814407
v -73.689743 9.191998 96.737808
v -73.691116 9.950317 97.128418
v -73.689468 11.213531 97.283463
v 72.645584 7.922844 91.488693
v 73.006439 26.135170 88.553314
v 73.011841 20.422020 96.779007
v 73.011124 17.852066 97.140976
v 73.011658 8.196903 82.045471
v 73.009445 15.050220 97.283814
v 69.119049 26.529915 89.452301
v 69.311356 26.532784 93.527313
v 72.508362 26.532784 93.527313
v 72.679565 26.532784 89.814407
v 68.809235 9.191765 96.737061
v 68.807892 9.950272 97.128464
v 68.809509 11.213356 97.283432
v -69.489365 8.225315 88.430115
v -69.624802 8.096733 92.177841
v -69.491714 8.311428 93.017182
v -69.701988 26.440372 90.416702
v -69.810638 26.461082 93.533020
v -69.657639 26.270882 93.535919
v -69.558945 25.843483 93.533020
v -73.690857 26.060402 88.980881
v -73.545341 26.364182 89.816620
v -73.689072 25.539970 92.927231
v -73.520645 26.270882 93.535919
v 73.009644 8.225227 88.430878
v 72.874161 8.096710 92.176270
v 73.007294 8.311401 93.015808
v 72.736572 7.921890 82.956787
v 69.083038 7.921898 82.952210
v 72.736755 26.532707 83.014313
v 72.796951 26.440434 90.416779
v 72.688354 26.461082 93.533020
v 72.841354 26.270882 93.535919
v 72.940063 25.843483 93.533020
v 68.808151 26.060455 88.981262
v 68.953751 26.364182 89.816620
v 68.809891 25.539078 92.927841
v 68.978363 26.270882 93.535919
v -69.487358 8.196888 -97.787094
v 73.011658 8.196896 -97.784851
v 72.736664 26.532761 -97.566482
v 68.807983 8.196987 -97.811890
v -69.762428 7.921890 82.951645
v -73.416077 26.532745 -98.799103
v 73.007828 26.261574 82.689469
v -73.690895 8.230396 -104.610245
v -73.542892 8.088943 -107.645279
v -73.688248 8.306835 -107.887314
v -73.415947 7.921864 -98.636932
v 68.808105 8.230377 -104.609695
v 68.956238 8.088947 -107.649612
v 68.810715 8.307045 -107.887924
v 69.083023 7.921867 -98.633438
v -69.762268 26.532707 83.007858
v 69.083054 26.532776 82.952149
v -55.394947 8.215538 94.551331
v -55.814781 7.940437 94.826370
v -60.523514 8.218365 98.754974
v -66.816719 8.116852 98.619888
v -67.623947 8.306618 98.750794
v 55.791080 26.522484 98.479965
v 55.785030 7.940388 98.480011
v 63.712955 7.940384 94.883408
v 56.056759 26.247482 94.551315
v 62.418461 26.118595 94.556885
v 70.552307 20.217129 94.551132
v 70.876099 17.588154 94.551697
v 71.004837 14.719997 94.552643
v 63.367802 26.519459 98.443833
v 67.619156 26.522484 98.251709
v 67.619156 26.522484 95.054718
v 61.786182 26.522247 94.832977
v 70.507202 9.005676 98.753189
v 70.863846 9.685337 98.755219
v 71.005249 10.879223 98.753708
v 62.334988 8.238159 94.553024
v 64.302826 8.085426 94.702820
v 67.199295 8.306927 94.555634
v 68.777298 8.108612 94.747009
v 55.795109 7.940449 94.826370
v 56.617542 26.393982 94.696945
v 64.348129 26.430275 94.766235
v 67.624863 26.450783 94.874619
v 67.627762 26.256683 94.721710
v 67.624863 25.817383 94.623016
v 62.844860 26.041702 98.754837
v 63.715061 26.352882 98.609314
v 67.140625 25.490005 98.752258
v 67.627762 26.256683 98.584717
v -65.462738 1.077183 101.440613
v -64.915466 1.948223 101.438507
v -64.792618 3.340153 101.441422
v 74.053955 1.077183 101.440613
v 74.601334 1.948185 101.438507
v 74.724106 3.339691 101.441422
v -75.560280 3.160915 101.440537
v -75.834373 3.186062 89.694550
v -75.675339 1.840981 89.581421
v -75.289246 1.071381 89.492111
v -75.763336 1.071381 89.988022
v -64.515182 21.485100 89.694763
v -64.674240 1.840984 101.279617
v -65.060341 1.071384 101.368912
v -64.586243 1.071384 100.873016
v 63.681805 21.483917 101.165878
v 63.841358 1.840981 89.581421
v 64.227463 1.071381 89.492111
v 63.753460 1.071381 89.988022
v 74.726913 21.237396 89.420502
v 75.002121 21.354942 89.695557
v 74.842560 1.840984 101.279617
v 74.456451 1.071384 101.368912
v 74.930557 1.071384 100.873016
v 74.727448 21.516705 101.440552
v -75.832581 22.880898 101.078964
v -75.834946 24.457581 100.448715
v -64.517014 22.880852 89.782150
v -64.514641 24.457680 90.412415
v -65.462738 24.457680 89.420517
v -64.912750 23.079346 89.422348
v -64.792603 21.278065 89.419708
v 63.684109 22.881065 101.078842
v 63.681759 24.457581 100.448715
v 74.999802 22.880722 89.782272
v 75.002151 24.457680 90.412415
v 74.053955 24.457680 89.420517
v 74.604050 23.079384 89.422348
v -75.834900 21.483025 101.166000
v -75.675339 23.261581 101.279617
v -75.289246 24.463383 101.369019
v -75.763336 24.463383 100.873016
v -64.674240 23.261581 89.581513
v -65.060341 24.463379 89.492111
v -64.586243 24.463379 89.988114
v 63.841358 23.261581 101.279617
v 64.227463 24.463383 101.369019
v 63.753460 24.463383 100.873016
v 74.842560 23.261581 89.581513
v 74.456451 24.463379 89.492111
v 74.930557 24.463379 89.988114
v -73.386993 17.961529 -111.833130
v -69.990738 21.456581 97.557617
v 69.112061 17.961990 -111.833130
v 72.508362 21.456581 97.557617
v -73.550278 19.961807 -111.636261
v -73.431190 19.139656 -111.775589
v -69.637794 9.674965 -111.676468
v -69.657639 9.031158 -111.612594
v -69.810638 9.034058 -111.760788
v -69.624275 19.798042 97.352799
v -69.745499 19.196793 97.498322
v -73.539474 9.697800 97.401276
v -73.520645 9.031181 97.321915
v -73.367737 9.034084 97.486008
v 68.948868 19.967545 -111.636169
v 69.067993 19.143768 -111.775574
v 72.861221 9.675003 -111.676468
v 72.841354 9.031158 -111.612594
v 72.688354 9.034058 -111.760788
v 72.874786 19.797558 97.352722
v 72.753510 19.197674 97.498291
v 68.959518 9.697590 97.401138
v 68.978363 9.031181 97.321915
v 69.131256 9.034084 97.486008
v -72.132736 21.288483 98.251709
v 71.271713 18.888138 94.875046
v -71.927704 19.576332 98.618195
v -72.073425 18.954914 98.496979
v -71.976410 9.468647 94.702805
v -71.896942 8.882881 94.721710
v -72.061043 8.885681 94.874619
v 71.079483 19.679413 94.690537
v 71.119751 9.542885 98.609314
v 71.053055 8.882881 98.584717
v 71.207962 8.885784 98.431717
v -71.857468 10.791470 98.754990
v -81.594543 83.829361 -111.312790
v -81.970177 83.829597 -111.752396
v -81.149338 83.829361 -111.176895
v -77.564430 83.831062 -111.099335
v -81.698074 83.830299 -112.285934
v -80.899429 83.834892 -112.464249
v -75.452751 83.829399 -112.532974
v -81.697922 115.598495 -111.333694
v -80.901611 115.592888 -111.156052
v -75.554672 115.599129 -111.090073
v -81.949738 115.599724 -111.904617
v -81.077469 115.595299 -112.466125
v -81.594543 115.599159 -112.309494
v -82.037628 85.361450 -111.039017
v 82.265854 84.460861 -111.312790
v 82.265854 84.242561 -111.539291
v 82.263962 84.901253 -111.157715
v 82.265488 84.171318 -111.801025
v 82.265305 84.221184 -112.040466
v 82.265854 84.460861 -112.309494
v 82.265854 84.824860 -112.445389
v 82.265884 86.405090 -112.534653
v 82.265823 85.951294 -111.093246
v 80.420288 84.114105 -112.583221
v 81.386154 84.966835 -112.582550
v -82.929245 84.460861 -112.309494
v -82.929245 84.242561 -112.082992
v -82.927338 84.901611 -112.464752
v -82.928581 84.170609 -111.805374
v -82.928955 85.733864 -112.516418
v -82.928223 84.206726 -111.604523
v -82.929245 84.460861 -111.312790
v -82.929245 84.824860 -111.176895
v -82.929192 86.326439 -111.092102
v -82.929230 87.927177 -112.535858
v -82.055466 84.181984 -111.060043
v -82.316620 84.177223 -111.087448
v -82.122070 84.039917 -111.093277
v -82.653641 84.439262 -111.154693
v -82.653641 84.163063 -111.309006
v -82.540146 84.184059 -111.166489
v -82.303337 84.010376 -111.167847
v -82.102859 83.951553 -111.170303
v 81.093155 83.830101 -111.332870
v 81.450195 83.899040 -111.357803
v 81.400299 83.944351 -111.159195
v 81.732727 83.990410 -111.338058
v 81.685715 84.049698 -111.141312
v 81.472183 84.037399 -111.091888
v 81.990158 84.163063 -111.309006
v 81.990158 84.439262 -111.154693
v 81.608032 84.150482 -111.081833
v -82.523666 84.177246 -112.460403
v -82.653641 84.163063 -112.313293
v -82.334381 84.181793 -112.532608
v -82.344528 84.018593 -112.446457
v -82.113541 84.038101 -112.530350
v -82.101540 84.203049 -112.562210
v -82.085960 83.898399 -112.259949
v -82.027573 83.944481 -112.463440
v 81.016159 83.829361 -112.309494
v 80.656052 83.867607 -112.483185
v 81.453796 83.943748 -112.446091
v 80.754105 83.982895 -112.543808
v 81.500443 84.043114 -112.526626
v 81.677170 84.016518 -112.450241
v 81.627380 84.176460 -112.548645
v 81.848984 84.146805 -112.454605
v 81.990158 84.439262 -112.467605
v -81.952995 114.491226 -111.039978
v -82.125572 115.365730 -111.091766
v -82.334259 115.190819 -111.089599
v -82.037086 115.475426 -111.156128
v -82.085045 115.528687 -111.348358
v -82.344376 115.396820 -111.175491
v -82.929245 114.824265 -111.312790
v -82.522072 115.199135 -111.161545
v -82.653641 115.215263 -111.309006
v 82.265854 114.824265 -111.312790
v 81.847183 115.233780 -111.167297
v 81.990158 114.845863 -111.154693
v 81.675232 115.398727 -111.170517
v 81.686523 115.180969 -111.088150
v 81.499588 115.362923 -111.093185
v 81.428879 115.534203 -111.347549
v 81.016159 115.599159 -111.312790
v 81.468765 115.456169 -111.156448
v 81.371964 114.328560 -111.039093
v 81.314606 115.191505 -111.051102
v -82.929245 114.824265 -112.309494
v -82.511383 115.231567 -112.455139
v -82.653641 114.845863 -112.467605
v -82.331230 115.397293 -112.451858
v -82.335449 115.167641 -112.538864
v -82.137115 115.362892 -112.529404
v -82.067535 115.534126 -112.270401
v -82.101547 115.455963 -112.466797
v -81.255661 115.207787 -112.581146
v -82.056145 115.175072 -112.564087
v 81.343262 114.388351 -112.582687
v 81.453796 115.157867 -112.564102
v 81.488785 115.365768 -112.530319
v 81.677536 115.189804 -112.533798
v 81.408127 115.475983 -112.465744
v 81.093170 115.598656 -112.292236
v 81.448532 115.528679 -112.276474
v 81.688934 115.398476 -112.445755
v 82.265854 114.824265 -112.309494
v 81.859146 115.198700 -112.460861
v 81.990158 115.215263 -112.313293
v -82.378738 83.963951 -111.495392
v -82.466446 83.974365 -111.811203
v -82.435562 83.989532 -112.157547
v -81.202965 83.994209 -112.551849
v -80.647263 84.118629 -112.583221
v 69.389313 83.829369 -112.535919
v 81.737396 83.966309 -112.109146
v 81.304306 83.828964 -111.913772
v 81.770813 83.960358 -111.826202
v 80.451401 83.834969 -111.158371
v 80.708313 83.994301 -111.070495
v 75.185287 83.829597 -111.089569
v 81.342010 84.182091 -111.052597
v 76.681686 84.101601 -111.039017
v -81.187531 115.428619 -111.071091
v -81.962601 115.198235 -111.053055
v -76.970589 115.325974 -111.039032
v 81.304306 115.599564 -111.708511
v 81.789154 115.435761 -111.537796
v 81.772720 115.464989 -111.785599
v 82.265045 115.159569 -111.584793
v 82.265198 115.227501 -111.821976
v 81.758636 115.435432 -112.171722
v 82.265854 115.128563 -112.082992
v 80.453720 115.592804 -112.465866
v 80.694885 115.428192 -112.551346
v 75.038712 115.599121 -112.534531
v 80.674911 115.218674 -112.580093
v 76.622650 115.326279 -112.583206
v -82.448341 115.435761 -112.084488
v -82.431992 115.465973 -111.830200
v -82.928284 115.161156 -112.036133
v -82.928497 115.228226 -111.800674
v -82.413177 115.435707 -111.439926
v -82.929245 115.128563 -111.539291
v 81.398788 84.900192 -111.041138
v -82.493912 113.981903 -111.068664
v -82.927322 114.207207 -111.156769
v -82.928947 113.220078 -111.105789
v -82.929237 110.806435 -111.086441
v 82.034164 84.819260 -112.501999
v 81.830750 84.981697 -112.546570
v -82.051735 84.908035 -112.581543
v -69.671234 83.829369 -111.086380
v 69.437607 115.599159 -111.086365
v -80.923065 84.117378 -111.039078
v -81.219803 83.929688 -111.102295
v -76.083771 115.325333 -112.583267
v -77.085159 115.599091 -112.529571
v -81.268829 115.412415 -112.551712
v 77.191132 83.831078 -112.522995
v 80.655960 83.829361 -112.445389
v 77.414429 115.598434 -111.103363
v 80.598740 115.595215 -111.156326
v 75.766129 115.325333 -111.039032
v 80.766418 115.411598 -111.070480
v 82.265244 113.101944 -112.521408
v 82.263962 114.208176 -112.465256
v 82.265854 114.316963 -111.176895
v 82.265152 112.885223 -111.106079
v -82.929245 114.316963 -112.445389
v -82.929199 112.589088 -112.533157
v 82.265869 110.804581 -111.086441
v 81.773285 114.126732 -111.064957
v 82.034164 114.322563 -111.120300
v 82.265869 111.407753 -112.535553
v -82.522842 113.624184 -112.553680
v -82.697647 114.322563 -112.501999
v -82.037804 113.569435 -112.583298
v -82.430099 84.979202 -111.064667
v -82.697647 84.819260 -111.120300
v 18.296558 64.509361 -76.476395
v 22.088058 64.927864 -76.630798
v 22.142159 65.075966 -79.959793
v 18.334457 64.643662 -79.873291
v 26.682358 65.311859 -76.797195
v 26.730659 65.462265 -80.049286
v 22.160057 65.125259 -83.758987
v 18.346859 64.688362 -83.759888
v 26.746658 65.512360 -83.759796
v 31.760658 65.598259 -76.931991
v 37.004055 65.723862 -76.991485
v 37.004055 65.867859 -80.150986
v 31.788559 65.745361 -80.120193
v 37.004055 65.915863 -83.761795
v 31.797760 65.794365 -83.760986
v 37.004055 65.723763 -90.532989
v 31.760658 65.598160 -90.591095
v 31.788460 65.745262 -87.402191
v 37.004055 65.867859 -87.372894
v 26.682259 65.311760 -90.723587
v 26.730457 65.462166 -87.470596
v 22.087757 64.927666 -90.888794
v 18.296158 64.509064 -91.044693
v 18.334057 64.643463 -87.646896
v 22.141857 65.075859 -87.558594
v 17.157707 48.697777 -75.901611
v 19.438263 48.675594 -85.668762
v 18.475449 48.704475 -92.473587
v 51.064503 48.687813 -91.040924
v 16.150959 62.506763 -69.995788
v 16.833958 61.659763 -69.076385
v 20.971157 62.109261 -69.402588
v 21.000359 62.999763 -70.311890
v 14.541527 60.588505 -68.249527
v 28.138844 62.632694 -69.821747
v 28.024464 63.552223 -70.769638
v 30.212894 61.613102 -68.978546
v 13.769547 59.686874 -67.693283
v 14.920059 58.594162 -67.181686
v 22.731968 58.972786 -67.435928
v 33.761112 60.476360 -68.247787
v 35.292004 59.204029 -67.627746
v 37.910572 62.847904 -70.035980
v 37.144054 63.843063 -71.042389
v 61.755634 62.276550 -75.694229
v 63.347370 61.464745 -79.700317
v 61.508160 62.549763 -79.452499
v 64.979324 60.304409 -74.798889
v 63.750095 61.256866 -84.054977
v 61.581661 62.554161 -83.794800
v 68.676437 57.994682 -73.616333
v 67.828430 58.583702 -77.539993
v 69.822937 57.332603 -83.456802
v 67.683197 58.575516 -93.868805
v 65.999161 59.606606 -93.816376
v 65.076035 60.361141 -88.612686
v 67.962097 58.490974 -89.317764
v 61.705807 62.306324 -91.729339
v 61.502956 62.550060 -88.136291
v 63.084660 61.609261 -88.370987
v 56.854359 62.451664 -97.574585
v 56.555462 61.465061 -98.527298
v 51.147556 62.204586 -98.042801
v 52.303356 62.983761 -97.244186
v 56.414188 60.552937 -99.209625
v 47.549961 63.423763 -96.897491
v 48.047756 61.341663 -98.756286
v 57.193226 59.380749 -99.908783
v 60.249783 57.860523 -100.659515
v 51.968006 58.679760 -100.227737
v 42.942867 60.458801 -99.375687
v 34.404888 59.382141 -99.962234
v 32.107037 60.654396 -99.341492
v 42.877758 59.192257 -100.004196
v 31.807865 61.839825 -98.524734
v 38.005245 62.958755 -97.509308
v 39.268055 63.908642 -96.480453
v 11.437656 62.485561 -91.882583
v 10.288658 61.627460 -92.293487
v 9.998959 61.590961 -88.370987
v 11.197159 62.486160 -88.136291
v 8.946575 60.539116 -92.790634
v 8.950558 60.739704 -87.975845
v 9.902557 61.578861 -83.813599
v 11.117157 62.486462 -83.794800
v 8.746094 60.618698 -83.651550
v 6.452568 58.461563 -93.948974
v 6.159424 58.322018 -89.496811
v 6.223824 58.411404 -83.872635
v 7.198814 59.033451 -73.554870
v 6.895405 58.936207 -78.222259
v 9.118858 60.679260 -74.913299
v 8.807259 60.607563 -79.032394
v 10.289059 61.627663 -75.330093
v 11.438160 62.485863 -75.703796
v 11.197559 62.486362 -79.452499
v 9.999359 61.591164 -79.255295
v 5.464119 56.161335 -66.869720
v 5.938892 55.645332 -67.133438
v 8.313759 55.259174 -67.145553
v 7.591057 55.886063 -66.873489
v 7.735207 54.511440 -67.663238
v 8.443966 54.628178 -67.511963
v 9.972507 55.523045 -66.973984
v 11.326363 52.151619 -68.915588
v 10.103550 54.270374 -67.630188
v 15.752449 54.647659 -67.369659
v 11.295914 54.571278 -67.416824
v 69.860626 56.045387 -73.482666
v 68.780502 55.039566 -73.706879
v 69.714722 55.873741 -87.720688
v 67.838501 54.163921 -87.078232
v 63.708096 50.488613 -78.885803
v 68.757675 55.032242 -95.223266
v 69.773651 56.018620 -98.676453
v 69.215637 56.157234 -101.079651
v 67.365494 55.026833 -100.509476
v 65.797440 55.189064 -100.711319
v 66.626160 55.803558 -101.015488
v 65.813522 54.588173 -100.324905
v 63.796001 55.394856 -100.861832
v 62.669086 52.316212 -98.938141
v 63.821117 54.200962 -100.164368
v 57.056255 54.395149 -100.318344
v 62.361012 54.452946 -100.362778
v 4.916401 56.045284 -94.451736
v 5.998009 55.038204 -94.180008
v 5.063019 55.873184 -80.203903
v 6.907410 54.192795 -80.392593
v 11.244781 50.346069 -91.854874
v 11.867039 49.771484 -81.023926
v 6.840496 54.292835 -72.971130
v 5.069054 55.911491 -72.315170
v 42.093761 65.625664 -76.931991
v 42.065960 65.772758 -80.120193
v 46.826061 65.364960 -76.797195
v 46.777760 65.515366 -80.049286
v 42.056660 65.821762 -83.760986
v 46.761761 65.565460 -83.759796
v 50.997456 65.003265 -76.630798
v 54.404461 64.601860 -76.476395
v 54.366657 64.736160 -79.873291
v 50.943356 65.151360 -79.959793
v 54.354160 64.780861 -83.759888
v 50.925457 65.200661 -83.758987
v 54.404858 64.601662 -91.044693
v 50.997761 65.003059 -90.888794
v 50.943661 65.151260 -87.558594
v 54.366955 64.735962 -87.646896
v 46.826160 65.364861 -90.723587
v 46.777958 65.515259 -87.470596
v 42.093761 65.625565 -90.591095
v 42.065960 65.772659 -87.402191
v 50.881260 48.676144 -80.338364
v 59.987576 48.742435 -94.708969
v 59.909389 48.711582 -86.884125
v 56.712971 48.703743 -75.418350
v 47.257740 58.874844 -67.556518
v 46.549335 60.116573 -68.144913
v 43.352261 61.551662 -69.029190
v 49.002056 61.196861 -68.833694
v 60.491879 58.060097 -67.243103
v 61.787388 59.095543 -67.725830
v 57.086514 60.585903 -68.506271
v 57.206257 62.419163 -69.995788
v 52.657162 62.941463 -70.311798
v 51.691303 62.186623 -69.590530
v 57.448757 61.385662 -69.076385
v 45.626629 63.559189 -70.802429
v 21.766411 59.110874 -100.216476
v 13.744457 58.705959 -100.553390
v 12.748756 59.728161 -100.044296
v 16.921680 60.950607 -99.210129
v 16.005657 62.529263 -97.574585
v 20.839657 63.034763 -97.244186
v 20.614460 62.182262 -98.179596
v 16.431458 61.719162 -98.527298
v 25.975060 63.456261 -96.897491
v 27.894291 62.719471 -97.743194
v 31.444859 63.768963 -96.619797
v 47.649555 49.634102 -70.505722
v 47.844173 50.579601 -69.732971
v 33.912579 50.538486 -69.737427
v 39.633434 51.599823 -68.960434
v 51.924992 51.788712 -68.913055
v 59.895725 49.607357 -70.542190
v 58.937824 50.591312 -69.817291
v 61.511356 52.181553 -68.796936
v 60.779461 54.606762 -67.345291
v 54.720974 54.382870 -67.472153
v 58.216671 53.282597 -68.056503
v 46.299961 52.898384 -68.189804
v 41.535625 54.107811 -67.603058
v 34.078365 52.758751 -68.254364
v 27.071049 49.587940 -97.038391
v 26.688713 50.483593 -97.825958
v 40.478062 50.439796 -97.818542
v 34.972492 51.448639 -98.602493
v 22.450451 51.673679 -98.685898
v 14.823933 49.584515 -97.019272
v 15.791191 50.595230 -97.823456
v 12.223190 52.281002 -98.971191
v 13.599560 54.573658 -100.390182
v 20.945541 54.245991 -100.148117
v 15.751537 53.212566 -99.625778
v 35.139881 53.932247 -99.975906
v 35.282612 52.564377 -99.320633
v 11.838860 62.484863 -73.143097
v 12.769157 63.105560 -73.563995
v 12.499859 63.160664 -76.019791
v 12.590157 62.493862 -71.523300
v 13.453758 63.085861 -72.059494
v 13.917660 63.582462 -73.866592
v 13.790657 63.691963 -76.252991
v 14.225060 63.449963 -72.705994
v 13.882359 62.523663 -70.597198
v 17.371357 63.362560 -71.133194
v 14.861660 63.159462 -71.318100
v 17.979759 63.920162 -72.363693
v 15.452457 63.647163 -72.378693
v 15.626858 64.119461 -76.377792
v 15.639458 63.947464 -73.982788
v 18.233257 64.285263 -74.058990
v 54.467861 64.377861 -74.058990
v 56.830959 64.050262 -73.982788
v 56.843555 64.222260 -76.377792
v 54.779758 63.996964 -72.363693
v 57.072460 63.735863 -72.378693
v 58.480656 63.682362 -73.866592
v 58.604961 63.793961 -76.252991
v 58.244755 63.537262 -72.705994
v 55.563259 63.391964 -71.133194
v 59.116558 62.486561 -70.597198
v 57.827160 63.205563 -71.318100
v 59.144611 63.125000 -72.047119
v 59.978855 63.246761 -76.019791
v 59.791592 63.166458 -73.642181
v 18.233257 64.285362 -93.463791
v 15.639359 63.947361 -93.545288
v 15.626259 64.119064 -91.149597
v 17.967659 63.922764 -95.164993
v 15.445660 63.648563 -95.154587
v 13.917358 63.582264 -93.672089
v 13.790058 63.691563 -91.286697
v 14.222057 63.450562 -94.834686
v 17.321659 63.371662 -96.409393
v 13.830257 62.531662 -96.975693
v 14.833458 63.164162 -96.229599
v 12.577457 62.496162 -96.054397
v 13.446957 63.087261 -95.492996
v 12.499359 63.160362 -91.538986
v 12.768959 63.105461 -93.992187
v 11.838860 62.484863 -94.439285
v 59.795055 63.154362 -93.973984
v 59.973957 63.246964 -91.538986
v 59.141933 63.134323 -95.449356
v 58.478161 63.682461 -93.672089
v 58.604160 63.793762 -91.286697
v 58.230656 63.538860 -94.834686
v 58.949039 62.537369 -96.923660
v 55.439960 63.404564 -96.409393
v 57.747456 63.213261 -96.229599
v 54.748455 64.000362 -95.164993
v 57.052258 63.737961 -95.154587
v 56.844059 64.221962 -91.149597
v 56.831059 64.050163 -93.545288
v 54.467754 64.377861 -93.463791
v 14.317150 48.743572 -72.820083
v 19.857212 48.851429 -71.666214
v 14.534359 48.849064 -71.502289
v 13.399460 48.830662 -72.383591
v 13.189724 48.816593 -76.272568
v 13.668259 48.894661 -71.656692
v 14.121796 49.110901 -70.930282
v 13.505058 49.542061 -70.635391
v 12.685959 49.450863 -71.119293
v 13.196259 49.055264 -71.323288
v 11.885479 49.794476 -74.771057
v 12.828224 49.032955 -72.355926
v 62.984875 49.874249 -75.037399
v 62.450359 49.462311 -72.429428
v 61.940777 49.026825 -72.711563
v 62.097355 49.450661 -71.159698
v 61.583157 49.054764 -71.404098
v 61.314480 48.823380 -72.926132
v 61.077061 48.893662 -71.826095
v 61.299862 49.542061 -70.635391
v 60.613010 49.108944 -70.942123
v 60.201183 48.852383 -71.551453
v 60.044422 48.741047 -72.842270
v 12.448517 49.296230 -91.059158
v 12.916656 48.959393 -94.962173
v 12.691658 49.431862 -96.383285
v 13.203857 49.042061 -96.180786
v 13.520447 48.806297 -95.102615
v 13.707359 48.887062 -95.882294
v 13.451458 49.535061 -96.935593
v 14.193264 49.093742 -96.598846
v 18.660774 48.851013 -95.956879
v 14.597759 48.847263 -96.074692
v 14.729351 48.743889 -94.954559
v 60.066082 48.848507 -95.992294
v 61.315403 48.828056 -94.727493
v 61.071056 48.893162 -95.714584
v 60.582287 49.101891 -96.610885
v 60.926014 49.347923 -96.805496
v 62.073460 49.448761 -96.410797
v 61.569958 49.053661 -96.144897
v 62.835308 49.741585 -92.441543
v 61.946056 49.024086 -94.808578
v 4.633938 57.093998 -71.579910
v 4.376118 56.895329 -73.942001
v 4.495258 56.919064 -69.031097
v 4.795311 57.166088 -69.178512
v 4.357059 56.707340 -72.935486
v 4.435158 56.713963 -68.955398
v 4.733356 56.946262 -67.359299
v 4.985188 57.168262 -67.588150
v 4.650459 56.718964 -67.288086
v 4.520477 56.446133 -73.430572
v 5.122234 55.914551 -69.230835
v 4.597458 56.443161 -69.007995
v 4.814255 56.406139 -67.364593
v 6.102959 56.389164 -66.720886
v 5.261959 56.419964 -66.760193
v 6.008457 56.729160 -66.654999
v 5.134560 56.724262 -66.693390
v 6.100357 57.035263 -66.697800
v 6.380459 57.369263 -66.842590
v 5.546059 57.276062 -66.931290
v 5.231159 56.984463 -66.751587
v 68.922256 57.127460 -66.842590
v 69.103363 56.880661 -66.697800
v 69.739655 56.898563 -66.751587
v 69.498856 57.119164 -66.931290
v 69.104752 56.636162 -66.654999
v 69.782761 56.681061 -66.693390
v 70.113251 56.900761 -67.359299
v 69.844238 57.113182 -67.561935
v 70.167053 56.702164 -67.288086
v 68.669846 56.327038 -66.704285
v 68.537689 55.821323 -66.955658
v 69.604919 56.366497 -66.775543
v 69.996872 56.416454 -67.366440
v 70.200348 56.449051 -69.191650
v 69.661652 55.920933 -69.221619
v 70.411453 56.705761 -72.211288
v 70.346756 56.707661 -68.955398
v 70.380463 56.884163 -72.277389
v 70.131516 57.085789 -72.252975
v 70.041885 57.090248 -69.137619
v 70.301254 56.893761 -69.031097
v 70.126999 57.068913 -96.321457
v 70.401566 56.881054 -94.119842
v 70.290756 56.894962 -98.933197
v 70.002197 57.105206 -98.703354
v 70.420959 56.703876 -95.043854
v 70.344559 56.707958 -99.015396
v 70.042252 56.904259 -100.602188
v 69.810791 57.085117 -100.357651
v 70.109161 56.703060 -100.679794
v 70.257217 56.446583 -94.538620
v 70.180161 56.443161 -98.955887
v 69.935532 56.399822 -100.596161
v 69.428528 56.432217 -101.215347
v 68.556351 56.641659 -101.283798
v 69.560852 56.683559 -101.265091
v 68.532257 56.899559 -101.235596
v 68.335556 57.159058 -101.074386
v 69.233856 57.135258 -101.002197
v 69.499451 56.907459 -101.200699
v 6.119358 57.386257 -101.074386
v 5.820957 57.044960 -101.235596
v 5.118759 56.988258 -101.200699
v 5.441059 57.282860 -101.002197
v 5.722858 56.729156 -101.283798
v 5.019756 56.724258 -101.265091
v 4.704758 56.947258 -100.602188
v 5.046288 57.232410 -100.350860
v 4.621258 56.718960 -100.679794
v 5.949451 56.396973 -101.225433
v 6.121258 55.936859 -101.014297
v 5.513958 55.989258 -100.977188
v 5.149658 56.416058 -101.191788
v 4.765011 56.433491 -100.587204
v 4.575970 56.450642 -98.798492
v 5.095928 55.939453 -98.733108
v 4.367558 56.709961 -95.759094
v 4.434658 56.713959 -99.015396
v 4.404758 56.900864 -95.686584
v 4.643566 57.109180 -95.850265
v 4.750320 57.126892 -98.871994
v 4.494759 56.919064 -98.933197
v 21.997757 64.680862 -74.241791
v 21.784557 64.295265 -72.546387
v 26.601757 65.061066 -74.461594
v 26.475159 64.679260 -72.810593
v 21.361759 63.731663 -71.298096
v 26.289059 64.136063 -71.612289
v 37.060055 64.577759 -71.993896
v 31.609158 64.444862 -71.875290
v 37.018055 65.113159 -73.146789
v 31.660156 64.978760 -73.040497
v 37.004055 65.483765 -74.734695
v 31.714256 65.352959 -74.649094
v 56.851261 64.325363 -79.811096
v 58.679661 63.860863 -79.737198
v 56.854061 64.359566 -83.763489
v 58.704655 63.883060 -83.770187
v 60.134060 63.284763 -79.615387
v 60.185459 63.297462 -83.780487
v 60.132259 63.284763 -87.944992
v 58.679562 63.860661 -87.802994
v 56.851658 64.325066 -87.715988
v 51.087658 64.756363 -93.279693
v 51.321560 64.361664 -94.980392
v 46.906460 65.114265 -93.060989
v 47.048656 64.728363 -94.715988
v 51.807461 63.769863 -96.239899
v 47.282360 64.172264 -95.922287
v 37.004559 64.598465 -95.538895
v 42.296955 64.474762 -95.657791
v 37.004162 65.118462 -94.381286
v 42.207058 65.006966 -94.486999
v 37.004055 65.483864 -92.790893
v 42.140057 65.380463 -92.875397
v 15.618660 64.222260 -87.715988
v 13.713860 63.757263 -87.802994
v 15.616360 64.256760 -83.763489
v 13.688660 63.779263 -83.770187
v 12.337658 63.193363 -87.944992
v 12.284058 63.204563 -83.780487
v 12.338158 63.193661 -79.615387
v 13.714256 63.757561 -79.737198
v 15.619057 64.222565 -79.811096
v 14.400181 48.714279 -82.256653
v 13.424976 48.763832 -85.495849
v 14.671707 48.704998 -87.561661
v 13.573399 48.747215 -90.331863
v 12.834446 48.971470 -85.660339
v 13.048058 48.830162 -89.707687
v 18.538727 49.123497 -96.595550
v 33.277943 49.109467 -96.480560
v 35.418667 48.840164 -95.691284
v 34.938206 48.723015 -94.283066
v 61.318966 48.806236 -86.596222
v 62.001072 49.022522 -80.792160
v 56.502209 49.136288 -70.946075
v 39.422985 49.136086 -71.053406
v 39.420650 48.844151 -71.842667
v 39.025181 48.723637 -73.242111
v 12.530258 61.779564 -70.012100
v 13.515457 61.638363 -69.383392
v 11.500858 61.747562 -70.994888
v 10.634575 60.669636 -69.274948
v 11.837257 60.918861 -68.944397
v 10.314259 60.916264 -70.466186
v 10.771660 61.688362 -72.672195
v 8.538582 59.911152 -71.571777
v 6.857624 58.619354 -70.723572
v 8.042786 59.233852 -69.249695
v 8.792439 59.438873 -68.524704
v 10.124950 59.902893 -68.367096
v 62.423458 50.195263 -70.237793
v 62.155712 51.194920 -69.489181
v 62.903156 50.076061 -70.801086
v 64.449203 51.625698 -69.406998
v 63.876957 51.680725 -69.270538
v 64.748428 51.629902 -69.901504
v 63.943768 50.779408 -71.787903
v 67.882370 54.294697 -69.986328
v 68.572525 55.042419 -68.042786
v 67.241180 54.543102 -67.651642
v 63.101055 50.033062 -95.470886
v 62.873058 50.073963 -96.804596
v 63.971897 50.801624 -95.890747
v 63.709949 50.737438 -97.213272
v 62.303455 50.187263 -97.369491
v 63.459606 51.559883 -98.337540
v 63.533360 50.992062 -97.882385
v 65.127579 52.361588 -98.749313
v 66.731110 53.425999 -98.851028
v 12.320957 50.187263 -97.369491
v 12.370407 51.294254 -98.253387
v 11.877758 50.062763 -96.775391
v 10.202961 51.689083 -98.328018
v 10.697197 51.742195 -98.468414
v 10.886757 50.866562 -97.287186
v 11.533092 50.157085 -95.450302
v 6.878120 54.309410 -97.874466
v 6.151203 55.080513 -99.875000
v 9.843456 51.774963 -97.848495
v 6.377235 54.897987 -68.112488
v 7.181786 54.457436 -67.793075
v 6.925667 54.266979 -70.006882
v 68.949203 57.488342 -67.309891
v 68.706375 57.403015 -67.078003
v 68.664688 57.809963 -68.400970
v 69.086899 57.669109 -69.880966
v 66.418671 59.230019 -71.251388
v 66.192627 59.174145 -69.545944
v 66.248810 58.928123 -68.526016
v 66.030991 58.778263 -68.064972
v 68.331848 58.064457 -97.362625
v 67.959061 57.474659 -100.806885
v 68.770264 57.433960 -100.673385
v 66.884445 58.054913 -100.306778
v 67.476746 58.113178 -99.984909
v 65.077896 58.954494 -99.617370
v 65.611328 59.087517 -99.137344
v 67.084366 58.587803 -98.623474
v 66.593033 59.088318 -96.417068
v 5.983532 57.688808 -100.662964
v 6.619659 57.812260 -100.806885
v 7.332359 58.316460 -100.460190
v 6.130665 58.102306 -97.557449
v 7.452957 59.069363 -96.682388
v 7.851234 59.131847 -98.477371
v 8.855183 59.542976 -99.178818
v 9.258579 59.477329 -99.689010
v 7.866535 57.142338 -66.692291
v 7.625759 57.477062 -66.800293
v 7.846153 56.743458 -66.658264
v 10.531616 57.929520 -66.901901
v 7.871891 56.303726 -66.722977
v 16.017845 55.790070 -67.008621
v 17.591282 56.733402 -66.922958
v 12.688354 57.481728 -66.847534
v 70.440506 56.881763 -80.583313
v 70.237427 57.055145 -80.773941
v 70.464951 56.706390 -80.320389
v 70.282089 56.439941 -80.255615
v 70.191208 57.070244 -91.341125
v 66.643021 56.866489 -101.207641
v 66.969055 57.172058 -101.088989
v 66.583572 56.557919 -101.238861
v 66.816757 56.222958 -101.185089
v 64.600555 56.049858 -101.098099
v 56.508549 55.450783 -100.682617
v 58.742214 56.380054 -100.895447
v 58.478558 57.191559 -100.811386
v 4.337162 56.893272 -87.359100
v 4.568836 57.091019 -90.880096
v 4.311905 56.709560 -87.666595
v 4.538300 57.081470 -84.312195
v 4.494606 56.440277 -87.690369
v 4.546604 57.071945 -77.077453
v 42.140156 65.380363 -74.649094
v 42.227856 65.001663 -73.040497
v 46.906658 65.114159 -74.461594
v 47.077457 64.723259 -72.810593
v 42.379658 64.454063 -71.875290
v 47.396259 64.152863 -71.612289
v 51.938557 63.753262 -71.298096
v 51.354755 64.357262 -72.546387
v 51.087757 64.756165 -74.241791
v 31.714359 65.353065 -92.875397
v 31.647659 64.983864 -94.486999
v 26.601959 65.061165 -93.060989
v 26.461658 64.683861 -94.715988
v 31.558456 64.464561 -95.657791
v 26.233658 64.153465 -95.922287
v 21.304859 63.745262 -96.239899
v 21.770760 64.298965 -94.980392
v 21.997860 64.680962 -93.279693
v 49.437672 48.842419 -95.802154
v 48.723743 49.606281 -97.045380
v 46.383869 49.117180 -96.511185
v 54.315556 49.696163 -97.133392
v 25.826775 49.636902 -70.512237
v 23.796169 49.151691 -70.966812
v 20.259159 49.729961 -70.426590
v 35.394123 57.938545 -67.247482
v 47.578106 57.681339 -67.193390
v 39.947147 56.632225 -67.117767
v 52.779003 56.440178 -67.016861
v 39.458454 55.360889 -67.240509
v 49.959660 55.388763 -67.170196
v 59.446819 55.550289 -67.019134
v 61.606480 56.358063 -66.852264
v 59.736813 57.161354 -66.974090
v 34.685711 58.042046 -100.348266
v 36.884159 56.667160 -100.482193
v 30.760357 56.709957 -100.515991
v 22.001102 57.949184 -100.545532
v 21.806904 56.723763 -100.656662
v 34.324764 55.319668 -100.362717
v 24.725357 55.455860 -100.473694
v 14.924679 55.733147 -100.729568
v 12.968174 56.727062 -100.927170
v 12.897362 57.612141 -100.872620
v 69.878937 57.284714 -76.775635
v 65.932571 58.012692 -100.497543
v 64.255264 58.800858 -99.960297
v 64.984558 57.943306 -100.612121
v 63.317387 58.610569 -100.201919
v 66.805862 57.491158 -100.881195
v 64.012665 57.818462 -100.726532
v 61.373600 58.661350 -100.254135
v 63.622906 50.405445 -86.821121
v 60.540310 50.653271 -97.818054
v 59.235096 51.981220 -98.803421
v 60.435345 53.538406 -99.821823
v 67.942947 57.079151 -66.774048
v 63.960819 58.160225 -67.303665
v 68.109436 57.315281 -66.921600
v 65.208755 58.322472 -67.458359
v 65.882355 58.489899 -67.671341
v 66.839691 54.956226 -67.319672
v 63.481869 53.333530 -68.130020
v 67.567459 55.834263 -66.873489
v 65.058731 55.390347 -66.997635
v 65.110153 54.747780 -67.329956
v 68.313019 55.071072 -67.445419
v 67.923065 54.844913 -100.307190
v 68.725754 55.220840 -99.941513
v 67.931519 54.339195 -97.872040
v 64.059052 60.657364 -72.163696
v 63.231121 60.844074 -70.510483
v 62.410755 61.637260 -72.672195
v 60.355358 61.372360 -69.383392
v 60.962154 61.605862 -70.012100
v 62.575459 60.491364 -68.944397
v 62.968861 60.660263 -69.503387
v 61.967060 60.542263 -98.715286
v 62.633060 60.691563 -98.153992
v 64.995651 59.766163 -97.781586
v 63.352161 60.708263 -97.193588
v 59.844860 61.415562 -98.231689
v 61.670956 61.652962 -96.619491
v 63.518085 60.942932 -95.356216
v 46.328152 54.043407 -100.057327
v 44.477886 55.270348 -100.404159
v 50.525669 56.465179 -100.642197
v 42.806255 56.589760 -100.515991
v 42.860760 57.893959 -100.387085
v 51.447102 57.563534 -100.558319
v 65.547623 55.952534 -66.797775
v 67.807983 56.542461 -66.658676
v 68.121887 56.811337 -66.680160
v 7.463398 58.254135 -67.370407
v 10.022049 59.232159 -67.681717
v 8.441059 58.360062 -67.227188
v 10.288830 58.744133 -67.287704
v 6.850357 57.792664 -67.082687
v 7.916759 57.896461 -66.987686
v 9.290558 58.080963 -66.980789
v 11.167770 58.511951 -67.127426
v 5.854237 57.996990 -73.246338
v 5.747131 57.992592 -78.129501
v 11.022659 51.641994 -69.298767
v 11.923645 52.704613 -68.524658
v 12.784557 51.065578 -69.578583
v 16.181057 50.859364 -69.631790
v 14.572838 52.055080 -68.861679
v 13.276558 53.177563 -68.193786
v 15.338634 53.487896 -67.973587
v 9.261524 57.925217 -100.951630
v 10.470654 58.662334 -100.631821
v 8.583656 58.142559 -100.857590
v 9.541168 58.802002 -100.510498
v 7.104458 57.510960 -101.088989
v 7.456257 57.935360 -100.881195
v 8.023357 58.400459 -100.612289
v 9.433090 59.214779 -100.128631
v 6.959324 54.989044 -100.485779
v 8.163147 54.461933 -100.247497
v 9.241741 54.294285 -100.212601
v 7.069859 55.852158 -101.015488
v 7.928524 55.156090 -100.683807
v 9.596279 55.375259 -100.814682
v 9.913990 54.644833 -100.449386
v 6.694160 58.328102 -68.587814
v 6.073757 57.674461 -67.228897
v 6.805656 58.172260 -67.614090
v 6.386177 55.099030 -100.459534
v 11.579300 50.116222 -72.045334
v 10.011944 51.661205 -69.875305
v 11.882458 50.076160 -70.784988
v 12.388859 50.195263 -70.237793
v 10.403488 51.603455 -69.419235
v 8.508358 59.898163 -96.083694
v 9.638058 60.798763 -95.500198
v 9.137459 60.072163 -97.781586
v 10.295658 60.918861 -97.193588
v 10.771759 61.688461 -94.946991
v 11.484657 61.750160 -96.619491
v 13.330856 61.661564 -98.231689
v 12.463860 61.788464 -97.598785
v 11.641159 60.940762 -98.715286
v 11.021259 60.991863 -98.153992
v 10.372356 60.222260 -99.180282
v 26.098919 54.301575 -67.543335
v 27.759914 55.513893 -67.193466
v 28.780479 56.723053 -67.080261
v 23.152725 57.855244 -67.117996
v 9.298882 56.068699 -101.033462
v 6.856331 56.724884 -101.247787
v 6.895157 57.120060 -101.213989
v 8.518158 57.246159 -101.132385
v 14.112057 61.178162 -68.768600
v 11.983429 60.442688 -68.331726
v 12.466164 60.049232 -67.964905
v 21.398003 50.556526 -69.789047
v 27.167149 51.666878 -68.958221
v 63.021671 59.437168 -67.994278
v 61.065556 59.957062 -68.202392
v 62.738636 60.023979 -68.414932
v 60.405560 60.777863 -68.768600
v 63.710148 52.148350 -68.920410
v 59.440861 60.854462 -98.864792
v 61.608128 60.130898 -99.242813
v 59.997776 60.031086 -99.468872
v 52.805958 50.492989 -97.797455
v 47.038204 51.525162 -98.623855
v 54.257030 53.063995 -99.570495
v 11.766804 60.079597 -99.760712
v 13.550659 60.580559 -99.461090
v 10.795059 60.085457 -99.586395
v 11.981857 60.688557 -99.211395
v 13.707256 61.227161 -98.864792
v 10.855347 52.120659 -98.783661
v 12.411057 53.085957 -99.510788
v 13.643959 48.743160 -77.913986
v 13.168659 48.809063 -81.529693
v 13.012959 48.872864 -79.879288
v 12.768188 49.012478 -80.454239
v -52.748840 64.509361 -76.476395
v -48.957344 64.927864 -76.630798
v -48.903244 65.075966 -79.959793
v -52.710941 64.643662 -79.873291
v -44.362942 65.311859 -76.797195
v -44.314743 65.462265 -80.049286
v -48.885342 65.125259 -83.758987
v -52.698540 64.688362 -83.759888
v -44.298744 65.512360 -83.759796
v -39.284641 65.598259 -76.931991
v -34.041241 65.723862 -76.991485
v -34.041241 65.867859 -80.150986
v -39.256844 65.745361 -80.120193
v -34.041241 65.915863 -83.761795
v -39.247643 65.794365 -83.760986
v -34.041241 65.723763 -90.532989
v -39.284740 65.598160 -90.591095
v -39.256943 65.745262 -87.402191
v -34.041241 65.867859 -87.372894
v -44.363144 65.311760 -90.723587
v -44.314842 65.462166 -87.470596
v -48.957642 64.927666 -90.888794
v -52.749245 64.509064 -91.044693
v -52.711342 64.643463 -87.646896
v -48.903542 65.075859 -87.558594
v -53.887699 48.697777 -75.901626
v -51.607258 48.675594 -85.668716
v -52.569992 48.704475 -92.473587
v -19.980904 48.687813 -91.040909
v -54.894440 62.506763 -69.995788
v -54.211441 61.659763 -69.076385
v -50.074242 62.109261 -69.402588
v -50.044941 62.999763 -70.311890
v -56.503876 60.588505 -68.249527
v -42.906567 62.632694 -69.821747
v -43.020874 63.552223 -70.769638
v -40.832508 61.613102 -68.978546
v -57.275856 59.686871 -67.693283
v -56.125343 58.594162 -67.181686
v -48.313072 58.972794 -67.435928
v -37.284271 60.476360 -68.247787
v -35.753223 59.204029 -67.627746
v -33.134853 62.847904 -70.035980
v -33.901340 63.843063 -71.042389
v -9.289499 62.276379 -75.694031
v -7.697622 61.464497 -79.700409
v -9.537241 62.549763 -79.452499
v -6.065769 60.304214 -74.798767
v -7.294191 61.256199 -84.055435
v -9.463741 62.554161 -83.794800
v -2.369146 57.994781 -73.616135
v -3.217020 58.583733 -77.539535
v -1.223080 57.333027 -83.458053
v -3.362555 58.575710 -93.869293
v -5.046568 59.606888 -93.815414
v -5.970238 60.361713 -88.611862
v -3.081417 58.489792 -89.317032
v -9.339386 62.306187 -91.729553
v -9.542442 62.550060 -88.136291
v -7.960741 61.609261 -88.370987
v -14.191042 62.451664 -97.574585
v -14.489942 61.465061 -98.527298
v -19.897873 62.204586 -98.042801
v -18.742043 62.983761 -97.244186
v -14.631206 60.552937 -99.209625
v -23.495342 63.423763 -96.897491
v -22.997643 61.341663 -98.756286
v -13.852182 59.380753 -99.908783
v -10.795624 57.860535 -100.659515
v -19.077469 58.679768 -100.227737
v -28.102533 60.458805 -99.375687
v -36.640568 59.382141 -99.962234
v -38.938248 60.654400 -99.341492
v -28.167643 59.192257 -100.004196
v -39.237507 61.839825 -98.524734
v -33.040230 62.958755 -97.509308
v -31.777363 63.908646 -96.480453
v -59.607742 62.485561 -91.882583
v -60.756744 61.627460 -92.293487
v -61.046440 61.590961 -88.370987
v -59.848244 62.486160 -88.136291
v -62.098854 60.539097 -92.790604
v -62.094879 60.739674 -87.975876
v -61.142841 61.578861 -83.813599
v -59.928242 62.486462 -83.794800
v -62.299335 60.618671 -83.651443
v -64.592766 58.461620 -93.948852
v -64.885773 58.322186 -89.496918
v -64.821457 58.411499 -83.872497
v -63.845993 59.033928 -73.555115
v -64.150871 58.935398 -78.221329
v -61.926441 60.679260 -74.913299
v -62.238144 60.607563 -79.032394
v -60.756340 61.627663 -75.330093
v -59.607243 62.485863 -75.703796
v -59.847839 62.486362 -79.452499
v -61.046043 61.591164 -79.255295
v -65.581284 56.161331 -66.869736
v -65.106461 55.645267 -67.133469
v -62.731373 55.259109 -67.145569
v -63.454342 55.886063 -66.873489
v -63.310493 54.511642 -67.663132
v -62.601677 54.628380 -67.511856
v -61.072918 55.523048 -66.973984
v -59.718945 52.151642 -68.915573
v -60.941631 54.270248 -67.630264
v -55.292797 54.647655 -67.369659
v -59.749332 54.571255 -67.416824
v -1.184566 56.045597 -73.480942
v -2.264523 55.039925 -73.705902
v -1.331623 55.872837 -87.731705
v -3.216951 54.154858 -87.084152
v -7.337015 50.488869 -78.885834
v -2.287025 55.032879 -95.224045
v -1.271690 56.018677 -98.676376
v -1.829786 56.157131 -101.079605
v -3.679676 55.026894 -100.509506
v -5.248032 55.189045 -100.711319
v -4.419241 55.803558 -101.015488
v -5.231958 54.588062 -100.324844
v -7.249298 55.394863 -100.861832
v -8.376350 52.316143 -98.938095
v -7.224276 54.200981 -100.164383
v -13.989199 54.395145 -100.318344
v -8.684391 54.452950 -100.362778
v -66.057396 55.978939 -94.969650
v -65.052643 55.042236 -94.156235
v -65.983223 55.874004 -80.198318
v -64.142471 54.196865 -80.378860
v -59.801235 50.346584 -91.852280
v -60.246376 50.719402 -80.882400
v -64.207207 54.294895 -72.972839
v -65.976532 55.911640 -72.317383
v -28.951641 65.625664 -76.931991
v -28.979443 65.772758 -80.120193
v -24.219341 65.364960 -76.797195
v -24.267643 65.515366 -80.049286
v -28.988642 65.821762 -83.760986
v -24.283642 65.565460 -83.759796
v -20.047943 65.003265 -76.630798
v -16.640942 64.601860 -76.476395
v -16.678741 64.736160 -79.873291
v -20.102043 65.151360 -79.959793
v -16.691242 64.780861 -83.759888
v -20.119942 65.200661 -83.758987
v -16.640541 64.601662 -91.044693
v -20.047642 65.003059 -90.888794
v -20.101742 65.151260 -87.558594
v -16.678442 64.735962 -87.646896
v -24.219143 65.364861 -90.723587
v -24.267441 65.515259 -87.470596
v -28.951542 65.625565 -90.591095
v -28.979342 65.772659 -87.402191
v -20.164171 48.676144 -80.338394
v -11.057753 48.742435 -94.708984
v -11.135960 48.711582 -86.883407
v -14.332481 48.703743 -75.418350
v -23.787636 58.874844 -67.556518
v -24.496059 60.116573 -68.144913
v -27.693142 61.551662 -69.029190
v -22.043343 61.196861 -68.833694
v -10.553482 58.060093 -67.243088
v -9.258017 59.095543 -67.725830
v -13.958702 60.585896 -68.506271
v -13.839142 62.419163 -69.995788
v -18.388241 62.941463 -70.311798
v -19.354149 62.186630 -69.590530
v -13.596642 61.385662 -69.076385
v -25.418770 63.559189 -70.802429
v -49.279251 59.110863 -100.216476
v -57.300842 58.705959 -100.553390
v -58.296646 59.728161 -100.044311
v -54.123772 60.950603 -99.210144
v -55.039742 62.529263 -97.574585
v -50.205742 63.034763 -97.244186
v -50.430943 62.182262 -98.179596
v -54.613941 61.719162 -98.527298
v -45.070343 63.456261 -96.897491
v -43.151115 62.719471 -97.743194
v -39.600540 63.768963 -96.619797
v -23.395851 49.634102 -70.505722
v -23.201241 50.579601 -69.732971
v -37.132797 50.538486 -69.737427
v -31.411972 51.599823 -68.960434
v -19.120377 51.788712 -68.913055
v -11.149683 49.607357 -70.542190
v -12.107611 50.591316 -69.817291
v -9.534040 52.181583 -68.796921
v -10.265942 54.606762 -67.345291
v -16.324284 54.382874 -67.472153
v -12.828566 53.282600 -68.056503
v -24.745478 52.898384 -68.189804
v -29.509792 54.107807 -67.603058
v -36.967064 52.758755 -68.254364
v -43.974350 49.587940 -97.038391
v -44.356659 50.483593 -97.825958
v -30.567314 50.439796 -97.818542
v -36.072872 51.448639 -98.602493
v -48.595123 51.673683 -98.685898
v -56.221470 49.584515 -97.019272
v -55.254166 50.595226 -97.823440
v -58.822079 52.280991 -98.971176
v -57.445843 54.573658 -100.390182
v -50.099930 54.245998 -100.148117
v -55.293842 53.212570 -99.625778
v -35.905506 53.932243 -99.975906
v -35.762737 52.564377 -99.320633
v -59.206543 62.484863 -73.143097
v -58.276241 63.105560 -73.563995
v -58.545441 63.160664 -76.019791
v -58.455242 62.493862 -71.523300
v -57.591644 63.085861 -72.059494
v -57.127743 63.582462 -73.866592
v -57.254742 63.691963 -76.252991
v -56.820343 63.449963 -72.705994
v -57.163040 62.523663 -70.597198
v -53.674042 63.362560 -71.133194
v -56.183743 63.159462 -71.318100
v -53.065643 63.920162 -72.363693
v -55.592842 63.647163 -72.378693
v -55.418541 64.119461 -76.377792
v -55.405941 63.947464 -73.982788
v -52.812141 64.285263 -74.058990
v -16.577541 64.377861 -74.058990
v -14.214441 64.050262 -73.982788
v -14.201841 64.222260 -76.377792
v -16.265642 63.996964 -72.363693
v -13.972942 63.735863 -72.378693
v -12.564741 63.682362 -73.866592
v -12.440441 63.793961 -76.252991
v -12.800541 63.537262 -72.705994
v -15.482141 63.391964 -71.133194
v -11.928843 62.486561 -70.597198
v -13.218243 63.205563 -71.318100
v -11.900805 63.125015 -72.047134
v -11.066442 63.246761 -76.019791
v -11.253807 63.166470 -73.642273
v -52.812042 64.285362 -93.463791
v -55.406044 63.947361 -93.545288
v -55.419044 64.119064 -91.149597
v -53.077644 63.922764 -95.164993
v -55.599640 63.648563 -95.154587
v -57.128044 63.582264 -93.672089
v -57.255341 63.691563 -91.286697
v -56.823341 63.450562 -94.834686
v -53.723740 63.371662 -96.409393
v -57.215141 62.531662 -96.975693
v -56.211945 63.164162 -96.229599
v -58.467842 62.496162 -96.054397
v -57.598442 63.087261 -95.492996
v -58.546043 63.160362 -91.538986
v -58.276344 63.105461 -93.992187
v -59.206444 62.484863 -94.439285
v -11.250355 63.154366 -93.973953
v -11.071442 63.246964 -91.538986
v -11.903454 63.134312 -95.449386
v -12.567242 63.682461 -93.672089
v -12.441242 63.793762 -91.286697
v -12.814741 63.538860 -94.834686
v -12.096636 62.537544 -96.923508
v -15.605442 63.404564 -96.409393
v -13.297842 63.213261 -96.229599
v -16.296942 64.000362 -95.164993
v -13.993042 63.737961 -95.154587
v -14.201342 64.221962 -91.149597
v -14.214342 64.050163 -93.545288
v -16.577641 64.377861 -93.463791
v -56.728287 48.743576 -72.820068
v -51.188286 48.851429 -71.666214
v -56.510941 48.849064 -71.502289
v -57.645943 48.830662 -72.383591
v -57.855583 48.816601 -76.270874
v -57.377144 48.894661 -71.656692
v -56.923603 49.110905 -70.930282
v -57.540344 49.542061 -70.635391
v -58.359444 49.450863 -71.119293
v -57.849144 49.055264 -71.323288
v -59.158199 49.792992 -74.773910
v -58.217209 49.032967 -72.355926
v -8.058708 49.875874 -75.034164
v -8.594309 49.462910 -72.429077
v -9.104595 49.026814 -72.711471
v -8.948042 49.450661 -71.159698
v -9.462242 49.054764 -71.404098
v -9.730865 48.823380 -72.926178
v -9.968342 48.893662 -71.826095
v -9.745543 49.542061 -70.635391
v -10.432394 49.108944 -70.942123
v -10.844221 48.852383 -71.551453
v -11.000944 48.741047 -72.842285
v -58.597591 49.296806 -91.056320
v -58.128738 48.959385 -94.962158
v -58.353745 49.431862 -96.383285
v -57.841541 49.042061 -96.180786
v -57.524971 48.806297 -95.102585
v -57.338043 48.887062 -95.882294
v -57.593941 49.535061 -96.935593
v -56.852135 49.093739 -96.598846
v -52.384605 48.851013 -95.956879
v -56.447639 48.847263 -96.074692
v -56.315956 48.743889 -94.954559
v -10.979216 48.848507 -95.992294
v -9.729946 48.828056 -94.727600
v -9.974241 48.893162 -95.714584
v -10.463112 49.101891 -96.610885
v -10.119381 49.347931 -96.805496
v -8.971941 49.448761 -96.410797
v -9.475441 49.053661 -96.144897
v -8.211601 49.740261 -92.444916
v -9.099283 49.024105 -94.808533
v -66.411407 57.094059 -71.581467
v -66.669159 56.895340 -73.935913
v -66.550140 56.919064 -69.031097
v -66.249779 57.166283 -69.179123
v -66.688339 56.707363 -72.939270
v -66.610245 56.713963 -68.955398
v -66.312042 56.946262 -67.359299
v -66.060410 57.168106 -67.588119
v -66.394943 56.718964 -67.288086
v -66.524796 56.446091 -73.422500
v -65.923065 55.914547 -69.230911
v -66.447937 56.443161 -69.007995
v -66.231148 56.406105 -67.364639
v -64.942444 56.389164 -66.720886
v -65.783447 56.419964 -66.760193
v -65.036942 56.729160 -66.654999
v -65.910843 56.724262 -66.693390
v -64.944946 57.035263 -66.697800
v -64.664841 57.369263 -66.842590
v -65.499237 57.276062 -66.931290
v -65.814240 56.984463 -66.751587
v -2.123142 57.127460 -66.842590
v -1.942041 56.880661 -66.697800
v -1.305742 56.898563 -66.751587
v -1.546442 57.119164 -66.931290
v -1.940641 56.636162 -66.654999
v -1.262642 56.681061 -66.693390
v -0.932041 56.900761 -67.359299
v -1.201359 57.113354 -67.562103
v -0.878342 56.702164 -67.288086
v -2.375599 56.327026 -66.704285
v -2.507605 55.821392 -66.955643
v -1.440313 56.366596 -66.775513
v -1.048391 56.416534 -67.366379
v -0.844902 56.449165 -69.192154
v -1.384073 55.920631 -69.221908
v -0.633942 56.705761 -72.211288
v -0.698542 56.707661 -68.955398
v -0.664843 56.884163 -72.277389
v -0.914394 57.086189 -72.254669
v -1.003670 57.090412 -69.137619
v -0.744143 56.893761 -69.031097
v -0.918182 57.068748 -96.322891
v -0.643831 56.881050 -94.119003
v -0.754642 56.894962 -98.933197
v -1.043139 57.105164 -98.703476
v -0.624447 56.703880 -95.044006
v -0.700842 56.707958 -99.015396
v -1.003141 56.904259 -100.602188
v -1.234615 57.085117 -100.357651
v -0.936142 56.703060 -100.679794
v -0.788200 56.446575 -94.538956
v -0.865242 56.443161 -98.955887
v -1.109877 56.399815 -100.596146
v -1.616848 56.432240 -101.215347
v -2.489042 56.641659 -101.283798
v -1.484442 56.683559 -101.265091
v -2.513142 56.899559 -101.235596
v -2.709843 57.159058 -101.074386
v -1.811543 57.135258 -101.002197
v -1.545942 56.907459 -101.200699
v -64.926041 57.386257 -101.074386
v -65.224442 57.044960 -101.235596
v -65.926544 56.988258 -101.200699
v -65.604240 57.282860 -101.002197
v -65.322441 56.729156 -101.283798
v -66.025642 56.724258 -101.265091
v -66.340637 56.947258 -100.602188
v -65.998749 57.232647 -100.350601
v -66.424141 56.718960 -100.679794
v -65.095909 56.396969 -101.225433
v -64.924042 55.936859 -101.014297
v -65.531342 55.989258 -100.977188
v -65.895737 56.416058 -101.191788
v -66.280228 56.433388 -100.587234
v -66.469337 56.450596 -98.799057
v -65.949738 55.939701 -98.733292
v -66.677841 56.709961 -95.759094
v -66.610741 56.713959 -99.015396
v -66.640640 56.900864 -95.686584
v -66.401779 57.109245 -95.848678
v -66.295364 57.126644 -98.872299
v -66.550644 56.919064 -98.933197
v -49.047642 64.680862 -74.241791
v -49.260841 64.295265 -72.546387
v -44.443642 65.061066 -74.461594
v -44.570141 64.679260 -72.810593
v -49.683540 63.731663 -71.298096
v -44.756340 64.136063 -71.612289
v -33.985340 64.577759 -71.993896
v -39.436241 64.444862 -71.875290
v -34.027241 65.113159 -73.146789
v -39.385242 64.978760 -73.040497
v -34.041241 65.483765 -74.734695
v -39.331142 65.352959 -74.649094
v -14.194141 64.325363 -79.811096
v -12.365742 63.860863 -79.737198
v -14.191341 64.359566 -83.763489
v -12.340742 63.883060 -83.770187
v -10.911343 63.284763 -79.615387
v -10.859941 63.297462 -83.780487
v -10.913042 63.284763 -87.944992
v -12.365843 63.860661 -87.802994
v -14.193642 64.325066 -87.715988
v -19.957741 64.756363 -93.279693
v -19.723843 64.361664 -94.980392
v -24.138842 65.114265 -93.060989
v -23.996742 64.728363 -94.715988
v -19.237843 63.769863 -96.239899
v -23.763042 64.172264 -95.922287
v -34.040840 64.598465 -95.538895
v -28.748442 64.474762 -95.657791
v -34.041142 65.118462 -94.381286
v -28.838343 65.006966 -94.486999
v -34.041241 65.483864 -92.790893
v -28.905342 65.380463 -92.875397
v -55.426743 64.222260 -87.715988
v -57.331543 63.757263 -87.802994
v -55.429043 64.256760 -83.763489
v -57.356743 63.779263 -83.770187
v -58.707642 63.193363 -87.944992
v -58.761341 63.204563 -83.780487
v -58.707241 63.193661 -79.615387
v -57.331142 63.757561 -79.737198
v -55.426243 64.222565 -79.811096
v -56.645111 48.714279 -82.256103
v -57.620361 48.763824 -85.497360
v -56.373699 48.705002 -87.561859
v -57.471893 48.747211 -90.331528
v -58.210915 48.971474 -85.662811
v -57.997341 48.830162 -89.707687
v -52.506638 49.123497 -96.595550
v -37.767464 49.109467 -96.480560
v -35.626728 48.840164 -95.691284
v -36.107136 48.723015 -94.283066
v -9.726437 48.806236 -86.593964
v -9.044302 49.022491 -80.793152
v -14.543185 49.136288 -70.946075
v -31.622412 49.136086 -71.053406
v -31.624666 48.844151 -71.842682
v -32.020264 48.723637 -73.242111
v -58.515144 61.779564 -70.012100
v -57.529942 61.638363 -69.383392
v -59.544540 61.747562 -70.994888
v -60.410530 60.669865 -69.275146
v -59.208141 60.918861 -68.944397
v -60.731140 60.916264 -70.466186
v -60.273743 61.688362 -72.672195
v -62.506756 59.911198 -71.571808
v -64.187485 58.619587 -70.723831
v -63.002522 59.233925 -69.249771
v -62.253845 59.438248 -68.524231
v -60.920704 59.902691 -68.366974
v -8.621943 50.195263 -70.237793
v -8.889559 51.195065 -69.489075
v -8.142141 50.076061 -70.801086
v -6.596134 51.625736 -69.406982
v -7.168705 51.680485 -69.270691
v -6.297850 51.629108 -69.902023
v -7.104525 50.776775 -71.789490
v -3.162807 54.294899 -69.986191
v -2.472910 55.042397 -68.042740
v -3.803221 54.543869 -67.651230
v -7.944342 50.033062 -95.470886
v -8.172241 50.073963 -96.804596
v -7.071857 50.803036 -95.891678
v -7.334660 50.738083 -97.213699
v -8.741941 50.187263 -97.369491
v -7.585730 51.559803 -98.337479
v -7.511942 50.992062 -97.882385
v -5.918472 52.360962 -98.748917
v -4.318043 53.422634 -98.848862
v -58.724442 50.187263 -97.369491
v -58.674919 51.294121 -98.253281
v -59.167641 50.062763 -96.775391
v -60.843071 51.689648 -98.328384
v -60.348320 51.742306 -98.468490
v -60.158543 50.866562 -97.287186
v -59.512642 50.157448 -95.450760
v -64.167877 54.309940 -97.874740
v -64.894547 55.080826 -99.875198
v -61.201942 51.774963 -97.848495
v -64.668945 54.898746 -68.112060
v -63.864468 54.458260 -67.792618
v -64.119781 54.267033 -70.006760
v -2.096197 57.488354 -67.309921
v -2.338955 57.402985 -67.077988
v -2.381985 57.810692 -68.401672
v -1.959299 57.669582 -69.881821
v -4.627987 59.230839 -71.252396
v -4.853271 59.174500 -69.546387
v -4.796164 58.927895 -68.525848
v -5.014235 58.778194 -68.064941
v -2.715107 58.065430 -97.360855
v -3.086342 57.474659 -100.806885
v -2.275143 57.433960 -100.673385
v -4.161112 58.054970 -100.306747
v -3.568560 58.113148 -99.984924
v -5.967537 58.954506 -99.617370
v -5.434336 59.087681 -99.137222
v -3.961634 58.588161 -98.623154
v -4.452536 59.088413 -96.416977
v -65.061386 57.689102 -100.662720
v -64.425644 57.812260 -100.806885
v -63.713043 58.316460 -100.460190
v -64.914375 58.102554 -97.557144
v -63.592442 59.069363 -96.682388
v -63.195107 59.131119 -98.478256
v -62.190231 59.542969 -99.178833
v -61.786896 59.477280 -99.689056
v -63.178867 57.142338 -66.692291
v -63.419643 57.477062 -66.800293
v -63.199146 56.743454 -66.658264
v -60.513710 57.929535 -66.901901
v -63.173512 56.303726 -66.722977
v -55.027496 55.790062 -67.008621
v -53.454170 56.733406 -66.922958
v -58.356979 57.481724 -66.847534
v -0.604877 56.881737 -80.584350
v -0.808052 57.055191 -80.774887
v -0.580452 56.706402 -80.325729
v -0.763329 56.439915 -80.259842
v -0.853756 57.069965 -91.344910
v -4.402369 56.866489 -101.207641
v -4.076342 57.172058 -101.088989
v -4.461708 56.557926 -101.238861
v -4.228542 56.222958 -101.185089
v -6.444841 56.049858 -101.098099
v -14.536762 55.450783 -100.682617
v -12.303257 56.380054 -100.895447
v -12.566841 57.191559 -100.811386
v -66.708260 56.893246 -87.357666
v -66.476402 57.091167 -90.876419
v -66.733521 56.709583 -87.663010
v -66.506645 57.081802 -84.313217
v -66.550690 56.440269 -87.690262
v -66.498810 57.071903 -77.074112
v -28.905241 65.380363 -74.649094
v -28.817442 65.001663 -73.040497
v -24.138742 65.114159 -74.461594
v -23.967941 64.723259 -72.810593
v -28.665741 64.454063 -71.875290
v -23.649141 64.152863 -71.612289
v -19.106842 63.753262 -71.298096
v -19.690641 64.357262 -72.546387
v -19.957642 64.756165 -74.241791
v -39.331043 65.353065 -92.875397
v -39.397743 64.983864 -94.486999
v -44.443443 65.061165 -93.060989
v -44.583641 64.683861 -94.715988
v -39.486942 64.464561 -95.657791
v -44.811741 64.153465 -95.922287
v -49.740540 63.745262 -96.239899
v -49.274643 64.298965 -94.980392
v -49.047543 64.680962 -93.279693
v -21.607700 48.842419 -95.802154
v -22.321568 49.606281 -97.045380
v -24.661556 49.117180 -96.511185
v -16.729843 49.696163 -97.133392
v -45.218613 49.636902 -70.512237
v -47.249222 49.151691 -70.966812
v -50.786240 49.729961 -70.426590
v -35.651176 57.938545 -67.247482
v -23.467321 57.681339 -67.193390
v -31.098289 56.632225 -67.117767
v -18.266544 56.440178 -67.016861
v -31.586998 55.360889 -67.240509
v -21.085642 55.388763 -67.170196
v -11.598450 55.550293 -67.019119
v -9.439381 56.358063 -66.852280
v -11.308304 57.161343 -66.974075
v -36.359718 58.042046 -100.348266
v -34.161243 56.667160 -100.482193
v -40.285042 56.709957 -100.515991
v -49.044357 57.949181 -100.545532
v -49.238503 56.723763 -100.656662
v -36.720657 55.319668 -100.362717
v -46.320042 55.455860 -100.473694
v -56.120724 55.733147 -100.729568
v -58.077229 56.727062 -100.927170
v -58.148064 57.612141 -100.872620
v -1.167179 57.285210 -76.778366
v -5.112425 58.012566 -100.497635
v -6.790041 58.800858 -99.960297
v -6.060835 57.943310 -100.612106
v -7.727999 58.610573 -100.201919
v -4.239542 57.491158 -100.881195
v -7.032726 57.818459 -100.726532
v -9.671728 58.661346 -100.254135
v -7.423340 50.404713 -86.827087
v -10.505075 50.653317 -97.818100
v -11.810368 51.981220 -98.803421
v -10.610119 53.538380 -99.821792
v -3.102341 57.079144 -66.774032
v -7.084665 58.160267 -67.303696
v -2.935928 57.315273 -66.921600
v -5.836657 58.322475 -67.458359
v -5.162949 58.489857 -67.671310
v -4.205719 54.956234 -67.319672
v -7.563494 53.333565 -68.130005
v -3.477942 55.834263 -66.873489
v -5.986673 55.390347 -66.997635
v -5.935242 54.747784 -67.329956
v -2.732412 55.071045 -67.445434
v -3.122332 54.844818 -100.307129
v -2.321428 55.219158 -99.940552
v -3.113426 54.339603 -97.872299
v -6.986341 60.657364 -72.163696
v -7.814358 60.844116 -70.510498
v -8.634642 61.637260 -72.672195
v -10.690042 61.372360 -69.383392
v -10.083242 61.605862 -70.012100
v -8.469841 60.491364 -68.944397
v -8.076443 60.660263 -69.503387
v -9.078342 60.542263 -98.715286
v -8.412241 60.691563 -98.153992
v -6.049742 59.766163 -97.781586
v -7.693241 60.708263 -97.193588
v -11.200542 61.415562 -98.231689
v -9.374441 61.652962 -96.619491
v -7.527742 60.943188 -95.356064
v -24.717291 54.043404 -100.057327
v -26.567522 55.270348 -100.404159
v -20.519712 56.465179 -100.642197
v -28.239141 56.589760 -100.515991
v -28.184542 57.893959 -100.387085
v -19.598301 57.563534 -100.558319
v -5.497759 55.952538 -66.797775
v -3.237274 56.542465 -66.658676
v -2.923422 56.811337 -66.680145
v -63.581863 58.254181 -67.370437
v -61.023483 59.232098 -67.681686
v -62.604240 58.360062 -67.227188
v -60.756477 58.744194 -67.287735
v -64.195038 57.792664 -67.082687
v -63.128643 57.896461 -66.987686
v -61.754742 58.080963 -66.980789
v -59.877541 58.511959 -67.127426
v -65.191513 57.996731 -73.246002
v -65.298218 57.992626 -78.129120
v -60.022690 51.641869 -69.298843
v -59.121483 52.704502 -68.524719
v -58.260750 51.065498 -69.578644
v -54.864243 50.859364 -69.631790
v -56.472717 52.055107 -68.861664
v -57.768845 53.177563 -68.193786
v -55.706772 53.487900 -67.973587
v -58.821594 49.468803 -80.388199
v -61.783844 57.925205 -100.951630
v -60.574753 58.662327 -100.631821
v -62.461742 58.142559 -100.857590
v -61.504112 58.802010 -100.510498
v -63.940941 57.510960 -101.088989
v -63.589142 57.935360 -100.881195
v -63.022041 58.400459 -100.612289
v -61.612816 59.214497 -100.128799
v -64.086166 54.989117 -100.485824
v -62.882504 54.462151 -100.247620
v -61.803680 54.294338 -100.212631
v -63.975540 55.852158 -101.015488
v -63.116901 55.156101 -100.683807
v -61.449116 55.375256 -100.814682
v -61.131409 54.644829 -100.449386
v -64.350555 58.328518 -68.588119
v -64.971642 57.674461 -67.228897
v -64.239746 58.172260 -67.614090
v -64.659447 55.099228 -100.459640
v -59.467072 50.117104 -72.045090
v -61.033070 51.660839 -69.875580
v -59.162941 50.076160 -70.784988
v -58.656540 50.195263 -70.237793
v -60.641991 51.603504 -69.419220
v -62.537041 59.898163 -96.083694
v -61.407341 60.798763 -95.500198
v -61.907944 60.072163 -97.781586
v -60.749741 60.918861 -97.193588
v -60.273643 61.688461 -94.946991
v -59.560642 61.750160 -96.619491
v -57.714542 61.661564 -98.231689
v -58.581543 61.788464 -97.598785
v -59.404243 60.940762 -98.715286
v -60.024139 60.991863 -98.153992
v -60.672943 60.222260 -99.180282
v -44.946484 54.301575 -67.543335
v -43.285416 55.513893 -67.193466
v -42.264713 56.723053 -67.080261
v -47.892742 57.855244 -67.117996
v -61.746429 56.068687 -101.033447
v -64.189110 56.724876 -101.247803
v -64.150238 57.120060 -101.213989
v -62.527241 57.246159 -101.132385
v -56.933342 61.178162 -68.768600
v -59.061928 60.442719 -68.331741
v -58.579239 60.049229 -67.964905
v -49.647514 50.556522 -69.789047
v -43.878376 51.666878 -68.958221
v -8.023722 59.437164 -67.994278
v -9.979841 59.957062 -68.202392
v -8.306910 60.024029 -68.414947
v -10.639841 60.777863 -68.768600
v -7.335445 52.148174 -68.920517
v -11.604542 60.854462 -98.864792
v -9.437298 60.130913 -99.242798
v -11.047434 60.031059 -99.468872
v -18.239304 50.492985 -97.797439
v -24.006952 51.525162 -98.623855
v -16.788233 53.063999 -99.570495
v -59.278580 60.079601 -99.760712
v -57.494743 60.580559 -99.461090
v -60.250343 60.085457 -99.586395
v -59.063541 60.688557 -99.211395
v -57.338043 61.227161 -98.864792
v -60.190269 52.120869 -98.783798
v -58.634239 53.085957 -99.510788
v -57.401443 48.743160 -77.913986
v -57.876740 48.809063 -81.529693
v -58.032440 48.872864 -79.879288
v -58.277199 49.012466 -80.453735
v -70.907837 29.517282 99.312119
v -70.930740 29.410784 97.563217
v -69.382240 29.287582 97.572922
v -69.373138 29.410784 99.336319
v -70.945992 29.340647 92.173233
v -69.390274 29.206360 92.277634
v -64.939308 29.218958 97.621338
v -64.157021 29.341505 99.350784
v -65.801727 29.152170 93.166931
v -59.738647 29.135578 93.686081
v -70.907745 52.236881 99.312119
v -69.373138 52.343281 99.336319
v -69.382240 52.466579 97.572922
v -70.930740 52.343281 97.563217
v -63.988815 52.412331 99.353058
v -64.110596 52.546330 97.584274
v -69.389420 52.547703 92.411057
v -70.945457 52.413570 92.324310
v -64.912987 52.601662 94.066010
v 61.845150 52.615990 93.890961
v -57.862171 52.638386 86.831299
v -65.631012 52.615982 86.810715
v -70.907837 30.905983 102.289612
v -69.373138 30.891983 102.473419
v -69.382240 31.577583 102.686218
v -70.930740 31.583183 102.473419
v -65.627541 30.884983 102.565308
v -65.629837 31.574783 102.792618
v -69.414337 32.787182 102.806824
v -70.942245 32.578583 102.565308
v -65.630943 32.576481 102.906311
v -57.772400 30.882824 102.596069
v -57.804909 31.573875 102.828125
v 61.847218 32.576252 102.944214
v -57.863640 32.576180 102.944214
v -57.860641 34.068073 102.982910
v -65.629890 34.072910 102.944245
v -70.945595 34.057484 102.596054
v 77.689453 30.905983 99.312119
v 77.863754 30.891983 97.563217
v 78.065659 31.577583 97.572922
v 77.863754 31.583183 99.336319
v 77.950958 30.884983 93.887619
v 78.166656 31.574783 93.890122
v 78.179947 32.787003 97.610397
v 77.961517 32.761406 99.366974
v 78.274460 32.576481 93.891312
v 77.980087 30.882744 86.768784
v 78.200272 31.573925 86.789169
v 78.310379 32.576435 86.830307
v 78.347061 34.067524 -93.578445
v 78.347076 34.069290 86.833267
v 78.310394 34.072941 93.889725
v 74.972961 30.905958 -105.035690
v 73.421951 30.891958 -105.219482
v 73.431152 31.577559 -105.432297
v 74.995956 31.583158 -105.219482
v 69.656860 30.884958 -105.311386
v 69.659164 31.574759 -105.538681
v 73.434570 32.745274 -105.552185
v 74.987808 32.759266 -105.330139
v 69.660263 32.576458 -105.652389
v 61.800793 30.882776 -105.342041
v 61.819355 31.573997 -105.574219
v 61.873356 32.576157 -105.690292
v 69.656464 39.229851 -105.690353
v 69.660660 34.067860 -105.690292
v -73.607941 30.905958 -101.918289
v -73.782341 30.891958 -100.029388
v -73.984238 31.577559 -100.039093
v -73.782341 31.583158 -101.942490
v -73.869537 30.884958 -97.338684
v -74.085144 31.574759 -97.341095
v -74.097984 32.762138 -100.077850
v -73.880089 32.760773 -101.973984
v -74.207611 32.773685 -97.426529
v -73.898590 30.882780 -93.579666
v -74.118851 31.573893 -93.591873
v -74.265656 34.072418 -93.573776
v -74.229004 39.225681 -97.340286
v -72.039047 30.929283 101.983322
v -71.962646 30.417883 101.757614
v -70.869537 30.371183 101.983322
v -72.823441 30.943382 101.449509
v -72.689636 30.445883 101.308411
v -71.916740 30.051983 101.308411
v -70.846642 29.970284 101.449509
v -72.461746 30.170883 101.058014
v -73.317337 30.929382 100.583420
v -73.607941 30.905983 99.312119
v -73.317337 30.371183 99.271820
v -73.103241 30.417883 100.502716
v -72.823441 29.970284 99.247620
v -72.689636 30.051983 100.454422
v -70.869537 29.694683 100.583420
v -71.962646 29.825382 100.502716
v -72.039047 29.694683 99.271820
v 74.972961 29.517282 99.312119
v 76.114059 29.694683 99.271820
v 76.037552 29.825382 100.502716
v 74.934753 29.694683 100.583420
v 76.903259 29.970284 99.247620
v 76.769455 30.051983 100.454422
v 75.991653 30.051983 101.308411
v 74.911758 29.970284 101.449509
v 76.540253 30.170883 101.058014
v 77.398865 30.371183 99.271820
v 77.398865 30.929382 100.583420
v 77.184662 30.417883 100.502716
v 76.903259 30.943382 101.449509
v 76.769455 30.445883 101.308411
v 74.972961 30.905983 102.289612
v 74.934753 30.371183 101.983322
v 76.037552 30.417883 101.757614
v 76.114059 30.929382 101.983322
v -73.317337 30.929258 -103.273483
v -73.103241 30.417858 -103.192886
v -73.317337 30.371159 -101.877991
v -72.823441 30.943357 -104.181595
v -72.689636 30.445858 -104.040481
v -72.689636 30.051958 -103.144485
v -72.823441 29.970259 -101.853790
v -72.461639 30.170858 -103.779190
v -72.039047 30.929358 -104.729385
v -70.907837 30.905958 -105.035690
v -70.869537 30.371159 -104.729385
v -71.962646 30.417858 -104.503693
v -70.846642 29.970259 -104.181595
v -71.916740 30.051958 -104.040481
v -70.907837 29.517258 -101.918289
v -72.039047 29.694658 -101.877991
v -71.962646 29.825357 -103.192886
v -70.869537 29.694658 -103.273483
v 74.972961 29.517258 -101.918289
v 74.934753 29.694658 -103.273483
v 76.037552 29.825357 -103.192886
v 76.114059 29.694658 -101.877991
v 74.911758 29.970259 -104.181595
v 75.991653 30.051958 -104.040481
v 76.769455 30.051958 -103.144485
v 76.903259 29.970259 -101.853790
v 76.540253 30.170858 -103.779190
v 74.934753 30.371159 -104.729385
v 76.114059 30.929358 -104.729385
v 76.037552 30.417858 -104.503693
v 76.903259 30.943357 -104.181595
v 76.769455 30.445858 -104.040481
v 77.689453 30.905958 -101.918289
v 77.398865 30.371159 -101.877991
v 77.184662 30.417858 -103.192886
v 77.398865 30.929358 -103.273483
v -70.907837 48.734383 102.289612
v -70.869537 50.537479 101.983322
v -71.962646 50.490780 101.757614
v -72.039047 48.711082 101.983322
v -70.846642 51.572483 101.449509
v -71.916740 51.490780 101.308411
v -72.689636 50.462780 101.308411
v -72.823441 48.697083 101.449509
v -72.461639 51.207481 101.058014
v -70.869537 52.059380 100.583420
v -72.039047 52.059380 99.271820
v -71.962646 51.928680 100.502716
v -72.823441 51.572483 99.247620
v -72.689636 51.490780 100.454422
v -73.607941 48.734383 99.312119
v -73.317337 48.711082 100.583420
v -73.103241 50.490780 100.502716
v -73.317337 50.537479 99.271820
v 77.689453 48.734383 99.312119
v 77.398865 50.537479 99.271820
v 77.184662 50.490780 100.502716
v 77.398865 48.711082 100.583420
v 76.903259 51.572483 99.247620
v 76.769455 51.490780 100.454422
v 76.769455 50.462780 101.308411
v 76.903259 48.697083 101.449509
v 76.540253 51.207481 101.058014
v 76.114059 52.059380 99.271820
v 74.972961 52.236881 99.312119
v 74.934753 52.059380 100.583420
v 76.037552 51.928680 100.502716
v 74.911758 51.572483 101.449509
v 75.991653 51.490780 101.308411
v 74.972961 48.734383 102.289612
v 76.114059 48.711082 101.983322
v 76.037552 50.490780 101.757614
v 74.934753 50.537479 101.983322
v -73.607941 48.734360 -101.918289
v -73.317337 50.537457 -101.877991
v -73.103241 50.490757 -103.192886
v -73.317337 48.711060 -103.273483
v -72.823441 51.572460 -101.853790
v -72.689636 51.490757 -103.144485
v -72.689636 50.462757 -104.040497
v -72.823441 48.697060 -104.181595
v -72.461746 51.207458 -103.779190
v -72.039047 52.059357 -101.877991
v -70.907837 52.236858 -101.918289
v -70.869537 52.059357 -103.273483
v -71.962646 51.928658 -103.192886
v -70.846642 51.572460 -104.181595
v -71.916740 51.490757 -104.040497
v -70.907837 48.734360 -105.035690
v -72.039047 48.711060 -104.729385
v -71.962646 50.490757 -104.503693
v -70.869537 50.537457 -104.729385
v 74.972961 48.734360 -105.035690
v 74.934753 50.537457 -104.729385
v 76.037552 50.490757 -104.503693
v 76.114059 48.711060 -104.729385
v 74.911758 51.572460 -104.181595
v 75.991653 51.490757 -104.040497
v 76.769455 50.462757 -104.040497
v 76.903259 48.697060 -104.181595
v 76.540253 51.207458 -103.779190
v 74.934753 52.059357 -103.273483
v 74.972961 52.236858 -101.918289
v 76.114059 52.059357 -101.877991
v 76.037552 51.928658 -103.192886
v 76.903259 51.572460 -101.853790
v 76.769455 51.490757 -103.144485
v 77.689453 48.734360 -101.918289
v 77.398865 48.711060 -103.273483
v 77.184662 50.490757 -103.192886
v 77.398865 50.537457 -101.877991
v -72.084946 29.616283 97.547012
v -72.903748 29.921284 97.537415
v -72.119614 29.573456 93.058640
v -72.949867 29.894985 93.432037
v -73.782341 30.891983 97.563217
v -73.445847 30.343184 97.547119
v -73.884315 30.882740 93.112473
v -73.530685 30.324972 92.575348
v -69.357841 29.616259 -103.321792
v -69.373138 29.410759 -101.942490
v -69.348640 29.921259 -104.266281
v -64.827789 29.569458 -103.342255
v -64.802597 29.347595 -101.937988
v -65.097137 29.892117 -104.311447
v -69.373138 30.891958 -105.219482
v -69.357841 30.343159 -104.864792
v -64.862198 30.882692 -105.326660
v -64.417725 30.325581 -104.953155
v 68.324860 29.889896 -104.322021
v 76.159851 29.616259 -100.013290
v 74.995956 29.410759 -100.029388
v 76.983551 29.921259 -100.003586
v 76.180878 29.568598 -96.647125
v 75.010986 29.340425 -96.018417
v 77.027573 29.891821 -96.874237
v 77.863754 30.891958 -100.029388
v 77.527252 30.343159 -100.013290
v 77.966980 30.882448 -96.696060
v 77.612503 30.325090 -96.297226
v 73.406662 29.616283 100.631714
v 73.421951 29.410784 99.336319
v 73.397552 29.921284 101.534210
v 68.858337 29.569456 100.652405
v 68.985184 29.351404 99.350495
v 69.125854 29.892090 101.579361
v 73.421951 30.891983 102.473419
v 73.406662 30.343184 102.118714
v 68.886841 30.882711 102.580582
v 68.440674 30.325569 102.207016
v -69.357841 52.137882 100.631714
v -69.348640 51.621483 101.534210
v -64.911148 52.183762 100.656357
v -64.471268 51.652611 101.589600
v -69.373138 48.748383 102.473419
v -69.357841 50.565479 102.118714
v -65.627541 48.755383 102.565308
v -64.407120 50.582405 102.206986
v -57.746201 48.757118 102.596039
v 76.159851 52.137882 97.547012
v 74.995956 52.343281 97.563217
v 76.983551 51.621483 97.537415
v 76.183517 52.183865 93.165085
v 75.011276 52.413494 92.150955
v 77.036667 51.653500 92.633896
v 77.863754 48.748383 97.563217
v 77.527252 50.565479 97.547119
v 77.950958 48.755383 93.887711
v 77.612152 50.583359 92.580002
v 77.980087 48.757580 86.729447
v 73.406662 52.137859 -103.321792
v 73.421951 52.343258 -101.942490
v 73.397552 51.621460 -104.266296
v 68.928223 52.183750 -103.346313
v 68.820267 52.406517 -101.937759
v 68.492188 51.652611 -104.321670
v 73.421951 48.748360 -105.219498
v 73.406662 50.565456 -104.864792
v 69.656860 48.755360 -105.311386
v 68.429718 50.582367 -104.953094
v 61.758450 48.757336 -105.342056
v -72.084946 52.137859 -100.013290
v -70.930740 52.343258 -100.029388
v -72.903748 51.621460 -100.003586
v -72.109428 52.184517 -96.710922
v -70.929932 52.407703 -96.615372
v -72.956955 51.653549 -96.335388
v -73.782341 48.748360 -100.029388
v -73.445847 50.565456 -100.013290
v -73.869537 48.755363 -97.338699
v -73.530823 50.583309 -96.325073
v -73.898560 48.757587 -93.522369
v 76.159851 31.592484 102.118714
v 74.995956 31.583183 102.473419
v 76.983551 31.598083 101.534210
v 76.177444 32.782574 102.200623
v 75.007355 32.578583 102.565308
v 77.035065 32.843559 101.584274
v 77.527252 31.592484 100.631714
v 77.608826 32.857033 100.657822
v 75.010712 34.057789 102.596039
v -72.084946 45.934181 102.118714
v -70.930740 45.943481 102.473419
v -72.903748 45.928581 101.534210
v -72.111595 41.742329 102.198380
v -70.961166 41.566105 102.579529
v -72.957245 41.403797 101.584641
v -73.782341 45.943481 99.336319
v -73.445847 45.934181 100.631714
v -73.888824 41.674240 99.349808
v -73.528641 41.563808 100.658249
v -73.898918 34.069492 99.350464
v 77.527252 31.592459 -103.321792
v 77.863754 31.583158 -101.942490
v 76.983551 31.598059 -104.266281
v 77.604721 32.829769 -103.344330
v 77.950958 32.578560 -101.954590
v 77.031250 32.748932 -104.313141
v 76.159851 31.592459 -104.864792
v 76.185196 32.822929 -104.949264
v 77.032623 41.431961 -104.321670
v 77.980392 34.069477 -101.956680
v -72.084946 31.592459 -104.864792
v -70.930740 31.583158 -105.219482
v -72.903748 31.598059 -104.266281
v -72.102921 32.781715 -104.946564
v -70.942245 32.578560 -105.311386
v -72.955193 32.843769 -104.316315
v -73.445847 31.592459 -103.321792
v -73.527313 32.857029 -103.347671
v -70.945587 34.057465 -105.342102
v -74.103195 31.590546 93.217896
v -74.228943 32.576180 86.836716
v -74.211998 32.796085 93.790802
v -73.782341 31.583183 99.336319
v -73.984238 31.577583 97.572922
v -73.869537 32.578583 99.348419
v -74.085144 32.577183 97.577713
v -74.118958 34.051655 97.577896
v -74.228973 39.220028 93.889954
v -74.265640 34.068043 86.833420
v 77.598175 30.325254 93.382828
v 77.036728 29.889107 92.417404
v 77.527252 30.343184 97.547012
v 76.983551 29.921284 97.537415
v 74.995956 29.410784 97.563217
v 76.159851 29.616283 97.547119
v 75.009338 29.350964 93.302063
v 76.190338 29.564568 92.249542
v -73.884171 48.760597 92.990936
v -73.518066 50.583637 93.350540
v -72.948135 51.650196 93.476318
v -73.782341 48.748383 97.563217
v -73.445847 50.565479 97.547012
v -72.903748 51.621483 97.537415
v -72.084946 52.137882 97.547119
v -72.115448 52.189510 92.333328
v -70.928963 29.346239 -96.710235
v -69.360275 29.214512 -96.762939
v -65.631119 29.138159 -93.566055
v -64.936768 29.149246 -97.247009
v -70.930740 29.410759 -100.029388
v -69.382240 29.287558 -100.039093
v -64.082962 29.207777 -100.051010
v 61.849148 29.138155 -97.342361
v -57.863586 29.115761 -93.573440
v 74.993790 52.407867 -96.705292
v 73.408920 52.539547 -96.765762
v 69.660446 52.615963 -93.564987
v 68.956635 52.604836 -97.247925
v 74.995956 52.343258 -100.029388
v 73.431152 52.466557 -100.039093
v 68.907043 52.538887 -100.006073
v 61.873524 52.638363 -93.575012
v 78.186188 31.591202 -96.795044
v 78.295563 32.632984 -96.731506
v 78.065659 31.577559 -100.039093
v 78.166656 32.577160 -100.043884
v 78.200317 34.062809 -100.044891
v 78.310379 34.066216 -97.342010
v -73.519028 30.326344 -96.858627
v -72.957077 29.889065 -96.260574
v -73.445847 30.343159 -100.013290
v -72.903748 29.921259 -100.003586
v -72.084946 29.616259 -100.013290
v -72.115509 29.564463 -96.086563
v 77.967438 48.760155 -96.583496
v 77.601044 50.582916 -96.860016
v 77.029053 51.650192 -96.942734
v 77.863754 48.748360 -100.029388
v 77.527252 50.565456 -100.013290
v 76.983551 51.621460 -100.003586
v 76.159851 52.137859 -100.013290
v 76.190414 52.189610 -96.146377
v 61.869419 34.068256 102.982910
v 61.868053 39.232864 102.982880
v -64.969818 31.590921 -105.557434
v -57.837776 32.576363 -105.690307
v -65.630943 32.576458 -105.652389
v -69.382240 31.577559 -105.432297
v -69.386841 32.577160 -105.538681
v -69.387238 34.051754 -105.574295
v -65.629471 39.220127 -105.690323
v -65.631340 34.067860 -105.690292
v -57.860962 34.069473 -105.728989
v 61.868900 34.068066 -105.728989
v -65.131165 30.325573 102.193405
v -64.304626 29.889950 101.589981
v -69.357841 30.343184 102.118714
v -69.348640 29.921284 101.534210
v -69.357841 29.616283 100.631714
v -64.064980 29.565592 100.664353
v -64.739731 48.760647 -105.326477
v -65.108673 50.583580 -104.940689
v -65.246719 51.650093 -104.312820
v -69.373138 48.748360 -105.219498
v -69.357841 50.565456 -104.864792
v -69.348640 51.621460 -104.266296
v -69.373138 52.343258 -101.942490
v -69.357841 52.137859 -103.321792
v -64.137207 52.412479 -101.957962
v -64.136978 52.188572 -103.353882
v -64.216675 52.546261 -100.049332
v -57.836243 52.615971 -97.342224
v -65.535522 52.605835 -96.727951
v -69.382240 52.466557 -100.039093
v -69.365852 52.539635 -96.687134
v 68.941040 29.152445 94.063202
v 73.431152 29.287582 97.572922
v 68.124802 29.207571 97.580887
v 68.921539 52.406769 99.332779
v 68.999985 52.538578 97.541382
v 69.543304 52.604828 93.180481
v 73.421951 52.343281 99.336319
v 73.431152 52.466579 97.572922
v 73.438339 52.547726 92.264023
v 68.994843 31.590925 102.811371
v 69.660263 32.576481 102.906311
v 73.431152 31.577583 102.686218
v 73.435760 32.577183 102.792618
v 73.436905 34.063118 102.828156
v 69.659195 34.062939 102.944245
v 69.162949 30.325586 -104.939468
v 73.406662 30.343159 -104.864792
v 73.397552 29.921259 -104.266281
v 73.421951 29.410759 -101.942490
v 73.406662 29.616259 -103.321792
v 68.168304 29.341633 -101.958008
v 68.078110 29.565546 -103.354431
v 68.763550 48.760704 102.580399
v 69.132996 50.583679 102.194611
v 69.272278 51.650154 101.580765
v 73.421951 48.748383 102.473419
v 73.406662 50.565479 102.118714
v 73.397552 51.621483 101.534210
v 73.406662 52.137882 100.631714
v 68.166458 52.188583 100.663803
v 69.660461 29.138180 86.813263
v 73.438507 29.206362 92.404755
v 68.994308 29.215012 -99.997635
v 69.562881 29.148251 -96.732513
v 73.431152 29.287558 -100.039093
v 73.414551 29.214422 -96.683014
v -77.336243 51.193966 -37.103393
v -77.310341 51.169067 -38.519989
v -78.055344 47.637665 -38.455795
v -78.082245 47.655266 -37.103287
v -77.234238 51.096066 -39.912887
v -77.976341 47.585964 -39.785492
v -78.400146 43.646667 -38.387588
v -78.430458 43.579964 -36.462784
v -78.321640 43.618866 -39.650284
v -77.109642 50.976566 -41.258285
v -76.938446 50.812267 -42.532593
v -77.669647 47.385265 -42.286484
v -77.847244 47.501465 -41.069992
v -78.016739 43.510468 -42.025284
v -78.193237 43.573166 -40.870087
v -78.066650 34.493847 -41.390091
v -78.222702 34.436016 -40.371384
v -78.281342 39.724865 -40.677597
v -78.110641 39.713566 -41.773788
v -78.334656 34.409546 -39.312378
v -78.455231 39.729801 -38.938034
v -78.403259 34.378922 -38.206268
v -78.425171 34.355537 -37.102280
v -78.507172 39.599270 -36.500229
v -76.722343 50.604965 -43.711990
v -77.445343 47.238567 -43.412399
v -76.465942 50.358967 -44.779098
v -77.179443 47.064568 -44.431198
v -77.793839 43.431267 -43.094391
v -77.529541 43.337364 -44.061783
v -76.174141 50.079067 -45.716598
v -75.851746 49.769665 -46.507095
v -76.542236 46.647568 -46.080887
v -76.876740 46.866467 -45.326187
v -76.896240 43.112366 -45.628387
v -77.228745 43.230465 -44.911697
v -77.093170 33.877113 -44.394928
v -77.374405 33.738842 -43.783813
v -77.348938 39.663467 -44.512695
v -77.027443 39.642365 -45.192688
v -77.635635 34.673820 -43.182220
v -77.639740 39.682568 -43.706283
v -77.868477 34.598824 -42.338394
v -77.895241 39.699467 -42.788284
v -75.503242 49.435368 -47.133194
v -76.180847 46.410965 -46.678589
v -75.135345 49.082466 -47.588592
v -75.799141 46.161266 -47.113388
v -76.537041 42.984665 -46.195999
v -76.157639 42.849865 -46.608795
v -74.754547 48.717068 -47.866897
v -74.367142 48.345467 -47.961792
v -75.002243 45.639767 -47.469696
v -75.404037 45.902664 -47.379089
v -75.378654 42.422234 -46.922928
v -75.827705 41.715801 -46.710266
v -75.639343 36.982864 -46.010483
v -76.078117 35.338081 -45.656982
v -76.425690 35.168442 -45.424362
v -76.313538 39.595367 -46.123093
v -76.762016 35.001163 -45.051269
v -76.680145 39.619465 -45.731293
v -73.979843 47.973866 -47.866897
v -74.600441 45.376766 -47.379089
v -73.598938 47.608467 -47.588592
v -74.205338 45.118267 -47.113388
v -74.996063 42.137260 -46.808517
v -74.573547 42.286964 -46.608795
v -73.231041 47.255466 -47.133194
v -72.882645 46.921165 -46.507095
v -73.462341 44.631966 -46.080887
v -73.823746 44.868465 -46.678589
v -73.835037 42.024567 -45.628387
v -74.194244 42.152164 -46.195999
v -74.228943 37.249966 -44.817093
v -74.560043 37.187267 -45.330795
v -74.415443 39.470467 -45.731293
v -74.068146 39.447567 -45.192688
v -74.909546 37.121067 -45.704285
v -74.782043 39.494564 -46.123093
v -75.271347 37.052567 -45.932587
v -72.560143 46.611767 -45.716598
v -73.127747 44.413067 -45.326187
v -72.268341 46.331867 -44.779098
v -72.825142 44.214966 -44.431198
v -73.502541 41.906364 -44.911697
v -73.201645 41.799465 -44.061783
v -72.012039 46.085964 -43.711990
v -71.795837 45.878567 -42.532593
v -72.334946 43.894264 -42.286484
v -72.559143 44.040966 -43.412399
v -72.714539 41.626366 -42.025284
v -72.937347 41.705566 -43.094391
v -73.217056 37.446270 -41.647278
v -73.425156 37.403866 -42.599991
v -73.667206 37.406338 -43.474243
v -73.936447 37.498905 -44.260849
v -71.624641 45.714367 -41.258285
v -72.157341 43.777966 -41.069992
v -71.500137 45.594868 -39.912887
v -72.028137 43.693466 -39.785492
v -72.538040 41.563667 -40.870087
v -72.409637 41.517967 -39.650284
v -71.424042 45.521866 -38.519989
v -71.398148 45.496967 -37.103287
v -71.922340 43.624165 -37.103287
v -71.949242 43.641865 -38.455795
v -72.304337 41.480667 -37.103287
v -72.331146 41.490166 -38.387588
v -72.826462 37.477722 -37.108978
v -72.854012 37.478535 -38.331772
v -72.929413 37.468575 -39.482483
v -73.050385 37.467270 -40.600143
v -71.424042 45.521866 -35.686691
v -71.949242 43.641865 -35.750900
v -71.500137 45.594868 -34.293793
v -72.028137 43.693466 -34.421188
v -72.331146 41.490166 -35.819092
v -72.409546 41.517967 -34.556381
v -71.624641 45.714367 -32.948395
v -71.795837 45.878567 -31.674087
v -72.334946 43.894264 -31.920196
v -72.157341 43.777966 -33.136688
v -72.737480 41.403625 -32.266952
v -72.561523 41.367722 -33.411758
v -73.110001 37.449669 -33.128616
v -72.930550 37.452072 -34.747620
v -72.855179 37.468697 -35.890594
v -72.012039 46.085964 -30.494797
v -72.559143 44.040966 -30.794296
v -72.268341 46.331871 -29.427597
v -72.825142 44.214970 -29.775497
v -72.960541 41.445965 -31.206619
v -73.224991 41.500389 -30.245926
v -72.560143 46.611771 -28.490188
v -72.882645 46.921169 -27.699692
v -73.462341 44.631969 -28.125900
v -73.127747 44.413071 -28.880493
v -73.835037 42.024570 -28.578384
v -73.526863 41.567745 -29.397339
v -74.228943 37.249969 -29.389587
v -73.922638 37.307968 -30.037994
v -74.068146 39.447571 -29.013992
v -73.645340 37.360466 -30.806991
v -73.401840 37.406666 -31.682388
v -73.231041 47.255470 -27.073501
v -73.823746 44.868469 -27.528091
v -73.598938 47.608471 -26.618088
v -74.205338 45.118271 -27.093292
v -74.194244 42.152168 -28.010696
v -74.595428 41.903702 -27.680435
v -73.979843 47.973869 -26.339798
v -74.367142 48.345470 -26.244888
v -75.002243 45.639771 -26.736984
v -74.600441 45.376770 -26.827591
v -75.367188 42.474678 -27.268936
v -74.967339 42.351593 -27.359497
v -75.730728 35.443722 -28.474441
v -75.271347 37.052570 -28.274094
v -74.909546 37.121071 -28.502396
v -74.560043 37.187271 -28.875992
v -74.415443 39.470470 -28.475387
v -74.754547 48.717072 -26.339798
v -75.404037 45.902668 -26.827591
v -75.135345 49.082470 -26.618088
v -75.799141 46.161270 -27.093292
v -75.765045 42.710369 -27.345596
v -76.157639 42.849869 -27.597885
v -75.503242 49.435371 -27.073501
v -75.851746 49.769669 -27.699692
v -76.542236 46.647572 -28.125793
v -76.180847 46.410969 -27.528091
v -76.896240 43.112370 -28.578384
v -76.537041 42.984669 -28.010696
v -77.078842 34.824451 -29.663132
v -76.767273 34.920868 -29.173706
v -76.680145 39.619469 -28.475387
v -77.027443 39.642368 -29.013992
v -76.439095 35.040352 -28.814590
v -76.313538 39.595371 -28.083588
v -76.092209 35.221794 -28.577728
v -75.933838 39.570370 -27.844192
v -76.174141 50.079071 -28.490097
v -76.876740 46.866470 -28.880493
v -76.465942 50.358971 -29.427597
v -77.179443 47.064571 -29.775497
v -77.228745 43.230469 -29.294998
v -77.529541 43.337364 -30.144882
v -76.722343 50.604965 -30.494690
v -76.938446 50.812267 -31.674087
v -77.669647 47.385265 -31.920196
v -77.445343 47.238567 -30.794296
v -78.016739 43.510468 -32.181381
v -77.793839 43.431267 -31.112289
v -78.065506 34.480694 -32.813797
v -77.870285 34.537048 -31.884628
v -77.895241 39.699467 -31.418381
v -78.110641 39.713566 -32.432983
v -77.637207 34.615940 -31.036484
v -77.639740 39.682568 -30.500381
v -77.370651 34.721695 -30.287613
v -77.348938 39.663471 -29.693985
v -77.109642 50.976566 -32.948395
v -77.847244 47.501465 -33.136688
v -77.234146 51.096066 -34.293793
v -78.020340 47.637329 -35.016632
v -78.193237 43.573166 -33.336594
v -78.321640 43.618866 -34.556381
v -77.310341 51.169067 -35.686691
v -78.402756 34.372173 -35.993393
v -78.333817 34.394096 -34.886764
v -78.353317 39.714954 -34.077225
v -78.220619 34.431061 -33.819748
v -77.688332 32.636734 -38.484985
v -77.003395 32.860062 -38.409012
v -77.564323 32.706200 -35.208588
v -76.512238 33.071003 -43.691971
v -75.200729 33.796734 -39.502167
v -74.638580 34.203671 -41.375214
v -74.188065 34.437798 -36.694198
v -74.909164 33.948376 -33.591949
v -76.607834 33.068951 -33.657532
v -60.075043 56.647465 -43.190384
v -68.139847 55.997467 -43.059997
v -68.244743 56.237865 -41.661896
v -60.153542 56.898464 -41.761795
v -73.052643 54.932365 -42.911789
v -73.184036 55.156265 -41.548492
v -68.321045 56.412666 -40.185791
v -60.210640 57.081066 -40.253296
v -73.279640 55.319164 -40.109085
v -75.692543 53.265965 -42.738495
v -75.847137 53.465366 -41.415893
v -75.959641 53.610367 -40.019394
v -76.051842 53.729164 -37.103287
v -76.028442 53.698967 -38.573685
v -73.357941 55.452667 -37.103287
v -73.338043 55.418667 -38.618896
v -68.383545 56.555965 -37.103287
v -60.257442 57.230667 -37.103287
v -60.245544 57.192665 -38.691589
v -68.367645 56.519466 -38.657593
v -59.576744 55.053967 -47.646484
v -67.474136 54.471867 -47.420486
v -67.671738 54.924564 -46.553192
v -59.724541 55.526867 -46.760193
v -72.218536 53.511066 -47.163895
v -72.466042 53.932766 -46.318191
v -67.850441 55.334267 -45.524689
v -59.858341 55.954666 -45.709091
v -72.690041 54.314465 -45.315185
v -74.710739 52.000565 -46.863693
v -75.002045 52.376064 -46.043289
v -75.265640 52.715866 -45.070190
v -75.497238 53.014366 -43.962585
v -72.886742 54.649666 -44.173599
v -59.975945 56.330566 -44.512695
v -68.007446 55.694065 -44.353897
v -58.896042 52.877361 -49.277496
v -66.564842 52.387863 -49.016586
v -66.802139 52.931664 -48.912491
v -59.073643 53.445263 -49.171097
v -71.079147 51.569462 -48.720291
v -71.376442 52.076061 -48.618790
v -67.035446 53.466362 -48.607086
v -59.248344 54.003761 -48.859085
v -71.668747 52.574165 -48.320999
v -73.369644 50.271965 -48.373688
v -73.719643 50.723064 -48.275192
v -74.063644 51.166466 -47.986297
v -74.396042 51.594868 -47.513595
v -71.951141 53.055367 -47.833786
v -59.416943 54.543167 -48.348495
v -67.260742 53.982765 -48.107391
v -58.215443 50.700665 -47.646484
v -65.655540 50.303867 -47.420486
v -65.868942 50.792965 -48.107391
v -58.375141 51.211567 -48.348495
v -69.939743 49.627865 -47.163895
v -70.207138 50.083565 -47.833786
v -66.094238 51.309464 -48.607086
v -57.231949 51.820610 -48.903107
v -70.489540 50.564766 -48.320999
v -72.028641 48.543365 -46.863693
v -72.343338 48.949066 -47.513595
v -72.675743 49.377464 -47.986297
v -73.019745 49.820965 -48.275192
v -70.781845 51.062862 -48.618790
v -58.718441 52.309361 -49.171097
v -66.327545 51.844063 -48.912491
v -57.717140 49.107166 -43.190384
v -64.989838 48.778267 -43.059997
v -65.122238 49.081665 -44.353897
v -57.816242 49.424168 -44.512695
v -69.105637 48.206566 -42.911789
v -69.271545 48.489265 -44.173599
v -65.279243 49.441566 -45.524689
v -57.933743 49.799965 -45.709091
v -69.468246 48.824467 -45.315185
v -71.046844 47.277966 -42.738495
v -71.242142 47.529667 -43.962585
v -71.473740 47.828167 -45.070190
v -71.737343 48.167866 -46.043289
v -69.692245 49.206066 -46.318191
v -58.067543 50.227867 -46.760193
v -65.457947 49.851166 -46.553192
v -57.534744 48.523968 -37.103287
v -64.746140 48.219868 -37.103287
v -64.762039 48.256268 -38.657593
v -57.546642 48.561966 -38.691589
v -68.800339 47.686264 -37.103287
v -68.820236 47.720264 -38.618896
v -64.808640 48.363068 -40.185791
v -57.581543 48.673565 -40.253296
v -68.878647 47.819767 -40.109085
v -70.687546 46.814766 -37.103287
v -70.710938 46.845066 -38.573685
v -70.779739 46.933666 -40.019394
v -70.892242 47.078667 -41.415893
v -68.974243 47.982666 -41.548492
v -57.638641 48.856167 -41.761795
v -64.884941 48.537865 -41.661896
v -57.717140 49.107166 -31.016296
v -64.989838 48.778267 -31.146789
v -64.884941 48.537865 -32.544784
v -57.638641 48.856167 -32.444900
v -69.105637 48.206566 -31.294891
v -68.974243 47.982666 -32.658188
v -64.808640 48.363068 -34.020889
v -57.581543 48.673565 -33.953384
v -68.878647 47.819767 -34.097595
v -71.046844 47.277966 -31.468185
v -70.892242 47.078667 -32.790787
v -70.779739 46.933666 -34.187302
v -70.710938 46.845066 -35.632995
v -68.820236 47.720264 -35.587784
v -57.546642 48.561966 -35.515091
v -64.762039 48.256268 -35.549087
v -58.215443 50.700668 -26.560196
v -65.655540 50.303871 -26.786194
v -65.457947 49.851170 -27.653488
v -58.067543 50.227871 -27.446487
v -69.939743 49.627869 -27.042801
v -69.692245 49.206070 -27.888489
v -65.279243 49.441570 -28.681991
v -57.933743 49.799969 -28.497589
v -69.468246 48.824471 -28.891495
v -72.028641 48.543369 -27.343002
v -71.737343 48.167870 -28.163391
v -71.473740 47.828171 -29.136490
v -71.242142 47.529667 -30.244095
v -69.271545 48.489269 -30.033096
v -57.816242 49.424171 -29.693985
v -65.122238 49.081669 -29.852798
v -58.896042 52.877369 -24.929184
v -66.564842 52.387871 -25.190094
v -66.327545 51.844070 -25.294296
v -58.718441 52.309368 -25.035599
v -71.079147 51.569469 -25.486389
v -70.781845 51.062870 -25.587997
v -66.094238 51.309471 -25.599594
v -57.179100 51.823708 -25.301926
v -70.489540 50.564770 -25.885696
v -73.369644 50.271969 -25.832992
v -73.019745 49.820969 -25.931488
v -72.675743 49.377468 -26.220398
v -72.343338 48.949070 -26.693100
v -70.207138 50.083569 -26.372894
v -58.375141 51.211571 -25.858200
v -65.868942 50.792969 -26.099289
v -59.576744 55.054070 -26.560196
v -67.474136 54.471870 -26.786194
v -67.260742 53.982769 -26.099289
v -59.416943 54.543171 -25.858200
v -72.218536 53.511070 -27.042801
v -71.951141 53.055370 -26.372894
v -67.035446 53.466370 -25.599594
v -59.248344 54.003769 -25.347595
v -71.668747 52.574169 -25.885696
v -74.710739 52.000568 -27.343002
v -74.396042 51.594872 -26.693100
v -74.063644 51.166470 -26.220398
v -73.719643 50.723068 -25.931488
v -71.376442 52.076069 -25.587997
v -59.073643 53.445271 -25.035599
v -66.802139 52.931671 -25.294296
v -60.075043 56.647465 -31.016296
v -68.139847 55.997467 -31.146698
v -68.007446 55.694069 -29.852798
v -59.975945 56.330570 -29.693985
v -73.052643 54.932365 -31.294891
v -72.886742 54.649670 -30.033096
v -67.850441 55.334270 -28.681991
v -59.858341 55.954670 -28.497589
v -72.690041 54.314468 -28.891495
v -75.692543 53.265965 -31.468185
v -75.497238 53.014366 -30.244095
v -75.265640 52.715870 -29.136490
v -75.002045 52.376068 -28.163391
v -72.466042 53.932770 -27.888489
v -59.724541 55.526871 -27.446487
v -67.671738 54.924568 -27.653488
v -68.367645 56.519466 -35.549087
v -60.245544 57.192665 -35.515091
v -73.338043 55.418667 -35.587784
v -68.321045 56.412666 -34.020889
v -60.210640 57.081066 -33.953384
v -73.279640 55.319164 -34.097595
v -76.028442 53.698967 -35.632995
v -75.959641 53.610367 -34.187302
v -75.847137 53.465366 -32.790787
v -73.184036 55.156265 -32.658188
v -60.153542 56.898464 -32.444900
v -68.244743 56.237865 -32.544784
v 2.147858 57.432266 -43.504684
v -15.832842 57.413067 -43.478393
v -15.850142 57.678265 -41.982193
v 2.147858 57.698067 -42.002197
v -32.886642 57.307568 -43.410187
v -32.922340 57.570465 -41.929993
v -15.862842 57.871166 -40.402298
v 2.147858 57.891365 -40.415893
v -32.948242 57.761665 -40.366989
v -47.979042 57.068268 -43.310684
v -48.034744 57.326668 -41.853790
v -48.075241 57.514565 -40.315491
v -48.108543 57.668568 -37.103287
v -48.100044 57.629368 -38.722992
v -32.969543 57.918465 -37.103287
v -32.964142 57.878567 -38.748993
v -15.873142 58.029266 -37.103287
v 2.147858 58.049866 -37.103287
v 2.147858 58.009567 -38.773590
v -15.870542 57.989067 -38.766800
v 2.147858 55.745167 -48.190796
v -15.722542 55.729565 -48.145294
v -15.755242 56.229164 -47.217087
v 2.147858 56.245865 -47.258789
v -32.660343 55.638664 -48.027191
v -32.727543 56.133865 -47.108887
v -15.784842 56.681168 -46.116287
v 2.147858 56.698765 -46.153396
v -32.788342 56.581966 -46.019897
v -47.625244 55.428165 -47.854797
v -47.730240 55.914867 -46.951095
v -47.825241 56.355167 -45.879196
v -47.908642 56.742065 -44.659088
v -32.841640 56.975666 -44.780289
v 2.147858 57.096767 -44.895187
v -15.810842 57.078266 -44.863296
v 2.147858 53.440563 -49.905990
v -15.571842 53.429962 -49.853485
v -15.611142 54.029961 -49.742096
v 2.147858 54.041862 -49.794083
v -32.351242 53.358963 -49.717087
v -32.431942 53.953762 -49.606888
v -15.649842 54.619961 -49.415298
v 2.147858 54.633163 -49.465988
v -32.511242 54.538662 -49.283584
v -47.142143 53.187862 -49.518097
v -47.268143 53.772461 -49.409592
v -47.392143 54.347160 -49.091385
v -47.511841 54.902363 -48.570694
v -32.587841 55.103561 -48.754593
v 2.147858 55.204262 -48.928985
v -15.687141 55.189861 -48.880493
v 2.147858 51.135864 -48.190796
v -31.828573 51.089634 -48.045532
v -0.452486 51.682095 -48.936844
v -45.118942 51.507450 -48.602646
v -18.630630 52.255310 -49.412231
v 2.147858 52.247864 -49.465988
v -46.658943 50.947468 -47.854797
v -38.650589 52.734962 -49.543609
v 2.147858 52.839161 -49.794083
v -15.532542 52.829964 -49.742096
v 31.883099 49.438065 -43.466049
v -28.885344 49.421734 -43.405929
v -29.285837 49.753635 -44.785766
v 32.661644 49.766464 -44.828110
v -29.894224 50.147156 -46.032684
v 2.147858 50.182266 -46.153396
v -46.305141 49.307465 -43.310684
v -46.375542 49.633667 -44.659088
v -46.458942 50.020466 -45.879196
v -46.553940 50.460865 -46.951095
v -30.850096 50.593105 -47.122620
v 2.147858 50.635265 -47.258789
v 30.130573 48.823692 -37.103256
v -27.170338 48.819016 -37.103119
v -28.277218 48.854530 -38.724884
v 30.612534 48.865822 -38.800461
v -28.391829 48.970192 -40.350555
v 30.849514 48.984253 -40.423843
v -46.175743 48.707165 -37.103287
v -46.184143 48.746265 -38.722992
v -46.208942 48.861164 -40.315491
v -46.249443 49.049065 -41.853790
v -28.589350 49.159988 -41.919037
v 31.261539 49.176132 -41.988602
v -27.860088 49.438026 -30.740845
v -27.223236 49.176140 -32.218246
v -26.802792 48.984154 -33.783920
v -46.305141 49.307465 -30.895996
v -46.249443 49.049065 -32.352890
v -46.208942 48.861164 -33.891189
v -46.184143 48.746265 -35.483688
v -28.278980 48.854500 -35.481933
v 30.615307 48.865780 -35.407028
v 2.147858 51.135868 -26.015884
v -31.687922 51.092232 -26.157059
v -30.784513 50.594288 -27.082168
v 2.147858 50.635269 -26.947998
v -29.943241 50.145161 -28.179153
v 2.147858 50.182270 -28.053299
v -46.658943 50.947472 -26.351898
v -46.553940 50.460869 -27.255691
v -46.458942 50.020470 -28.327499
v -46.375542 49.633671 -29.547592
v -29.314606 49.752838 -29.423004
v 32.729393 49.765621 -29.381180
v 2.147858 53.440571 -24.300690
v -15.571842 53.429970 -24.353195
v -15.532542 52.829971 -24.464584
v 2.147858 52.839169 -24.412598
v -32.351242 53.358971 -24.489593
v -38.536011 52.736500 -24.661850
v -18.501648 52.254890 -24.794174
v 2.147858 52.247871 -24.740799
v -47.142143 53.187870 -24.688583
v -45.034271 51.509506 -25.601486
v 2.202465 51.686890 -25.259079
v 2.147858 55.745171 -26.015884
v -15.722542 55.729568 -26.061386
v -15.687141 55.189869 -25.326187
v 2.147858 55.204269 -25.277695
v -32.660343 55.638668 -26.179489
v -32.587841 55.103569 -25.452194
v -15.649842 54.619968 -24.791397
v 2.147858 54.633171 -24.740799
v -32.511242 54.538670 -24.923096
v -47.625244 55.428169 -26.351898
v -47.511841 54.902370 -25.636001
v -47.392143 54.347168 -25.115295
v -47.268143 53.772469 -24.797089
v -32.431942 53.953770 -24.599792
v 2.147858 54.041870 -24.412598
v -15.611142 54.029968 -24.464584
v 2.147858 57.432266 -30.701996
v -15.832842 57.413067 -30.728287
v -15.810842 57.078270 -29.343399
v 2.147858 57.096771 -29.311493
v -32.886642 57.307568 -30.796402
v -32.841640 56.975670 -29.426391
v -15.784842 56.681171 -28.090393
v 2.147858 56.698769 -28.053299
v -32.788342 56.581970 -28.186798
v -47.979042 57.068268 -30.895996
v -47.908642 56.742069 -29.547592
v -47.825241 56.355171 -28.327499
v -47.730240 55.914871 -27.255600
v -32.727543 56.133869 -27.097793
v 2.147858 56.245869 -26.947891
v -15.755242 56.229168 -26.989593
v -15.870542 57.989067 -35.439896
v 2.147858 58.009567 -35.433090
v -32.964142 57.878567 -35.457687
v -15.862842 57.871166 -33.804397
v 2.147858 57.891365 -33.790787
v -32.948242 57.761665 -33.839691
v -48.100044 57.629368 -35.483688
v -48.075241 57.514565 -33.891189
v -48.034744 57.326668 -32.352890
v -32.922340 57.570465 -32.276687
v 2.147858 57.698067 -32.204498
v -15.850142 57.678265 -32.224594
v -77.999039 33.288467 -41.337494
v -78.141541 33.223465 -40.360184
v -78.292122 33.156300 -38.665314
v -77.841042 32.785168 -41.405884
v -77.536842 32.713367 -41.640289
v -77.612289 32.670040 -40.684845
v -77.959839 32.725765 -40.461883
v -78.069443 32.670570 -39.041672
v -78.100540 32.656067 -37.355392
v -78.326042 33.139465 -37.166397
v -77.604141 33.471066 -43.053390
v -77.074242 33.220264 -44.202392
v -76.885315 33.120682 -44.312866
v -77.159943 32.967766 -43.738190
v -77.304741 33.087666 -43.679794
v -77.303146 32.848064 -43.171387
v -77.598701 32.903214 -42.690994
v -77.430847 32.767365 -42.461487
v -77.818344 33.371067 -42.240890
v -75.730942 35.295666 -45.695984
v -75.823044 34.296566 -45.450592
v -76.153244 34.141266 -45.375992
v -76.480545 33.987267 -45.161987
v -75.916344 33.798866 -45.223892
v -76.197525 33.465710 -44.932815
v -76.215637 33.632465 -45.146591
v -76.542542 33.252666 -44.675888
v -76.520737 33.463566 -44.938293
v -76.809937 33.335865 -44.622787
v -76.795242 33.847366 -44.818191
v -74.385040 35.780464 -44.544784
v -74.700943 35.666664 -45.040283
v -74.578041 34.853867 -44.311081
v -74.873543 34.718567 -44.800491
v -75.034439 35.546566 -45.400680
v -75.183243 34.578865 -45.157593
v -74.785378 34.320354 -43.928100
v -75.386307 33.798725 -43.973511
v -75.113342 34.152966 -44.552093
v -75.665543 33.686867 -44.641495
v -75.382339 34.026066 -44.920593
v -75.644341 33.919067 -45.146591
v -75.855545 33.633667 -44.906387
v -75.499741 34.440365 -45.375992
v -75.379745 35.422165 -45.620895
v -73.309982 36.174858 -40.908493
v -73.712891 36.015793 -42.812820
v -73.564072 35.323128 -40.724670
v -73.952240 35.136761 -42.627960
v -73.931778 34.749130 -40.470520
v -74.308197 34.555645 -42.446594
v -74.304138 34.979366 -43.695694
v -74.092644 35.885765 -43.919296
v -73.043472 36.255161 -37.691116
v -73.307541 35.436665 -37.040298
v -73.353172 35.418243 -38.680878
v -73.131546 36.231865 -39.326584
v -73.680260 34.873074 -36.175232
v -73.731194 34.849663 -38.442673
v -73.307877 36.167171 -33.320663
v -73.572945 35.308327 -33.226196
v -73.077026 36.259212 -35.549881
v -73.349457 35.418652 -35.381790
v -73.941238 34.744366 -32.800796
v -74.458145 34.290726 -31.890274
v -74.282471 34.382900 -33.591095
v -73.796967 34.814610 -33.990295
v -74.385040 35.780468 -29.661880
v -74.092644 35.885765 -30.287384
v -74.535843 34.887268 -29.857895
v -74.267944 35.005867 -30.448379
v -73.683441 36.039223 -31.498474
v -73.938049 35.137173 -31.473801
v -74.590546 34.451859 -30.187271
v -75.002876 34.076847 -29.868896
v -74.689522 34.197449 -30.648086
v -74.227600 34.594490 -31.366119
v -75.379745 35.422169 -28.585785
v -75.803841 34.306870 -28.756088
v -75.475937 34.453072 -28.830688
v -75.034439 35.546570 -28.805984
v -75.150841 34.597969 -29.044693
v -75.839340 33.839970 -28.982788
v -75.959198 33.593075 -29.265228
v -75.474197 33.817398 -29.387161
v -75.548943 33.969971 -29.060089
v -75.252747 34.102371 -29.268387
v -74.954643 34.266571 -29.583984
v -74.833847 34.746971 -29.388489
v -74.700943 35.666668 -29.166397
v -77.055542 33.722271 -29.895584
v -76.760040 33.857571 -29.406189
v -76.449242 34.001869 -29.049087
v -77.052536 33.188274 -30.415878
v -76.543419 33.216137 -30.245849
v -76.669037 33.376568 -29.654587
v -76.223244 33.407269 -29.565185
v -76.395538 33.521671 -29.286087
v -76.120239 33.683369 -29.060089
v -76.129341 34.154068 -28.830688
v -78.064049 33.263744 -33.454239
v -77.796043 33.382965 -32.065781
v -77.577637 33.483067 -31.238891
v -77.852371 32.783173 -33.760803
v -77.087257 32.947697 -32.090652
v -77.492516 32.961742 -31.832611
v -77.329437 33.596767 -30.510986
v -78.277802 33.166340 -35.501724
v -78.051834 32.682030 -35.808212
v 80.443558 51.193966 -37.103287
v 81.189453 47.655266 -37.103287
v 81.162552 47.637665 -38.455795
v 80.417557 51.169067 -38.519989
v 81.537994 43.576813 -36.472458
v 81.507355 43.646767 -38.387588
v 81.018646 47.563717 -40.524811
v 80.341461 51.096066 -39.912887
v 81.428955 43.618866 -39.650284
v 81.614517 39.598961 -36.503586
v 81.532501 34.355968 -37.102844
v 81.510239 34.370186 -38.206390
v 81.562668 39.722782 -38.933670
v 81.441879 34.391251 -39.307602
v 81.173828 34.477299 -41.387024
v 81.217957 39.713566 -41.773788
v 81.388565 39.724865 -40.677597
v 81.329346 34.426674 -40.373642
v 81.124054 43.510468 -42.025284
v 81.300552 43.573166 -40.870087
v 80.776855 47.385265 -42.286484
v 80.045761 50.812366 -42.532593
v 80.216965 50.976566 -41.258285
v 80.552658 47.238567 -43.412399
v 79.829559 50.604965 -43.711990
v 80.901154 43.431267 -43.094391
v 80.286758 47.064568 -44.431198
v 79.573257 50.359066 -44.779098
v 80.636856 43.337364 -44.061783
v 80.978149 34.542545 -42.321075
v 81.002563 39.699467 -42.788284
v 80.746674 34.613583 -43.162704
v 80.746964 39.682667 -43.706283
v 80.186447 34.814064 -44.542663
v 80.134766 39.642365 -45.192688
v 80.456161 39.663467 -44.512695
v 80.481186 34.695122 -43.907883
v 80.003464 43.112366 -45.628387
v 80.335953 43.230465 -44.911697
v 79.649551 46.647568 -46.080887
v 78.958954 49.769665 -46.507095
v 79.281464 50.079067 -45.716598
v 79.984055 46.866467 -45.326187
v 79.288055 46.410965 -46.678589
v 78.610565 49.435467 -47.133194
v 79.644257 42.984665 -46.195999
v 78.906464 46.161266 -47.113388
v 78.242661 49.082466 -47.588592
v 79.264954 42.849865 -46.608795
v 79.871613 34.972717 -45.045212
v 79.787460 39.619465 -45.731293
v 79.540756 35.116562 -45.409439
v 79.420761 39.595367 -46.123093
v 78.820984 35.589767 -45.760116
v 78.499695 42.269943 -46.901214
v 79.041153 39.570366 -46.362488
v 79.189407 35.304554 -45.647613
v 78.872253 42.710365 -46.861099
v 78.109558 45.639767 -47.469696
v 77.474457 48.345467 -47.961792
v 77.861755 48.717068 -47.866897
v 78.511353 45.902767 -47.379089
v 77.707764 45.376766 -47.379089
v 77.087051 47.973866 -47.866897
v 78.068451 42.304497 -46.832672
v 77.312653 45.118267 -47.113388
v 76.706253 47.608467 -47.588592
v 77.721832 41.861542 -46.527481
v 78.378662 37.052567 -45.932587
v 78.016754 37.121067 -45.704285
v 77.336258 37.249966 -44.817184
v 77.175354 39.447567 -45.192688
v 77.522659 39.470467 -45.731293
v 77.667252 37.187267 -45.330795
v 76.942261 42.024567 -45.628387
v 77.301559 42.152164 -46.195999
v 76.569565 44.631966 -46.080887
v 75.989853 46.921165 -46.507095
v 76.338364 47.255466 -47.133194
v 76.930954 44.868565 -46.678589
v 76.235062 44.413067 -45.326187
v 75.667465 46.611866 -45.716598
v 76.630569 41.586555 -44.808090
v 75.932358 44.214966 -44.431198
v 75.375656 46.331867 -44.779098
v 76.308960 41.799465 -44.061783
v 77.029861 37.307964 -44.168686
v 76.766769 37.401009 -43.441467
v 76.325363 37.452717 -41.656448
v 76.530838 37.448502 -42.618790
v 75.821762 41.626366 -42.025284
v 76.044662 41.705566 -43.094391
v 75.442261 43.894264 -42.286484
v 74.903152 45.878567 -42.532593
v 75.119263 46.085964 -43.711990
v 75.666458 44.040966 -43.412399
v 75.264664 43.778065 -41.069992
v 74.731964 45.714367 -41.258285
v 75.645264 41.563667 -40.870087
v 75.135452 43.693466 -39.785492
v 74.607452 45.594868 -39.912887
v 75.516861 41.518066 -39.650284
v 76.158752 37.433903 -40.564728
v 76.036667 37.456856 -39.455643
v 75.933548 37.478989 -37.110184
v 75.960938 37.482136 -38.334579
v 75.411652 41.480667 -37.103287
v 75.438354 41.490166 -38.387588
v 75.029556 43.624165 -37.103287
v 74.505356 45.496967 -37.103393
v 74.531357 45.521866 -38.519989
v 75.056564 43.641865 -38.455795
v 75.056564 43.641865 -35.750900
v 74.531357 45.521866 -35.686691
v 75.438354 41.490166 -35.819092
v 75.135452 43.693466 -34.421188
v 74.607452 45.594868 -34.293793
v 75.516861 41.518066 -34.556381
v 75.962814 37.464756 -35.893814
v 76.037766 37.464134 -34.719482
v 76.321167 37.392723 -32.623764
v 76.158829 37.447456 -33.617386
v 75.821762 41.626366 -32.181381
v 75.645264 41.563667 -33.336594
v 75.442261 43.894264 -31.920196
v 74.903152 45.878567 -31.674087
v 74.731964 45.714367 -32.948395
v 75.264664 43.778065 -33.136688
v 75.666458 44.040966 -30.794296
v 75.119263 46.085964 -30.494797
v 76.065933 41.455044 -31.209091
v 75.932358 44.214970 -29.775497
v 75.375656 46.331871 -29.427597
v 76.308960 41.799465 -30.144882
v 76.509155 37.406666 -31.682388
v 76.779968 37.387482 -30.725387
v 77.336258 37.249969 -29.389587
v 77.175354 39.447571 -29.013992
v 77.045807 37.429718 -29.966736
v 76.942261 42.024570 -28.578384
v 76.609756 41.906368 -29.294998
v 76.569565 44.631969 -28.125900
v 75.989853 46.921169 -27.699692
v 75.667465 46.611870 -28.490188
v 76.235062 44.413071 -28.880493
v 76.930954 44.868568 -27.528091
v 76.338364 47.255470 -27.073501
v 77.301559 42.152168 -28.010696
v 77.312653 45.118271 -27.093292
v 76.706161 47.608471 -26.618088
v 77.680862 42.286968 -27.597885
v 77.667252 37.187271 -28.875992
v 77.522659 39.470470 -28.475387
v 78.016754 37.121071 -28.502396
v 77.889359 39.494568 -28.083588
v 78.840042 35.517685 -28.460708
v 78.462799 42.599861 -27.251770
v 78.112167 42.138668 -27.392151
v 78.378662 37.052570 -28.274094
v 78.109558 45.639771 -26.736984
v 77.474457 48.345470 -26.244888
v 77.087051 47.973869 -26.339798
v 77.707764 45.376770 -26.827591
v 78.511353 45.902771 -26.827591
v 77.861755 48.717072 -26.339798
v 78.923431 41.790569 -27.480499
v 78.906464 46.161270 -27.093292
v 78.242661 49.082470 -26.618088
v 79.264954 42.849869 -27.597885
v 79.185715 35.390301 -28.542328
v 79.533371 35.169659 -28.784134
v 79.420761 39.595371 -28.083588
v 80.187866 34.840424 -29.663986
v 80.134766 39.642368 -29.013992
v 79.787460 39.619469 -28.475387
v 79.872635 34.943569 -29.168991
v 80.003464 43.112370 -28.578384
v 79.644257 42.984669 -28.010696
v 79.649551 46.647572 -28.125900
v 78.958954 49.769669 -27.699692
v 78.610565 49.435471 -27.073501
v 79.288055 46.410969 -27.528091
v 79.984055 46.866470 -28.880493
v 79.281464 50.079071 -28.490097
v 80.335953 43.230469 -29.294998
v 80.286758 47.064571 -29.775497
v 79.573257 50.359070 -29.427597
v 80.636856 43.337364 -30.144882
v 80.477371 34.748550 -30.282059
v 80.456161 39.663471 -29.693985
v 80.741333 34.649815 -31.022217
v 80.746964 39.682667 -30.500381
v 81.172623 34.495182 -32.809708
v 81.217957 39.713566 -32.432983
v 81.002563 39.699467 -31.418381
v 80.975494 34.563538 -31.872208
v 81.124054 43.510468 -32.181381
v 80.901154 43.431267 -31.112289
v 80.776855 47.385265 -31.920196
v 80.045761 50.812366 -31.674087
v 79.829559 50.604965 -30.494690
v 80.552658 47.238567 -30.794296
v 80.954453 47.501465 -33.136688
v 80.216965 50.976566 -32.948395
v 81.300552 43.573265 -33.336594
v 81.083664 47.586067 -34.421188
v 80.341461 51.096066 -34.293793
v 81.428955 43.618866 -34.556381
v 81.328003 34.442379 -33.817993
v 81.388565 39.724865 -33.529098
v 81.441254 34.399921 -34.887955
v 81.512756 39.732967 -34.686493
v 81.510193 34.373459 -35.996384
v 80.417557 51.169067 -35.686691
v 81.162552 47.637665 -35.750900
v 80.741623 32.668270 -37.635010
v 79.990326 32.924625 -35.145294
v 79.919098 32.959671 -40.509537
v 80.633560 32.720337 -39.919266
v 78.154678 33.875641 -36.375549
v 77.338928 34.414738 -36.595398
v 77.636612 34.251770 -41.430099
v 78.336411 33.778797 -41.600052
v 80.421356 32.828716 -41.860580
v 63.452358 56.647465 -43.190384
v 63.530857 56.898464 -41.761795
v 71.460052 56.237865 -41.661896
v 71.355164 55.997566 -43.059997
v 63.587955 57.081066 -40.253296
v 71.536255 56.412666 -40.185791
v 76.318359 55.156265 -41.548492
v 76.186951 54.932365 -42.911789
v 76.413956 55.319164 -40.109085
v 63.622860 57.192665 -38.691589
v 63.634762 57.230667 -37.103287
v 71.598862 56.555965 -37.103287
v 71.582962 56.519466 -38.657593
v 76.492264 55.452667 -37.103287
v 76.472351 55.418667 -38.618896
v 79.135651 53.698967 -38.573685
v 79.159164 53.729164 -37.103287
v 79.066956 53.610367 -40.019394
v 78.799759 53.265965 -42.738495
v 78.954453 53.465366 -41.415893
v 62.954060 55.054066 -47.646484
v 63.101955 55.526867 -46.760193
v 70.886963 54.924667 -46.553192
v 70.689453 54.471966 -47.420486
v 63.235760 55.954666 -45.709091
v 71.065765 55.334267 -45.524689
v 75.600357 53.932865 -46.318191
v 75.352859 53.511066 -47.163895
v 75.824265 54.314465 -45.315185
v 63.353260 56.330566 -44.512695
v 71.222763 55.694065 -44.353897
v 76.021057 54.649666 -44.173599
v 78.604462 53.014366 -43.962585
v 78.372955 52.715866 -45.070190
v 77.818054 52.000565 -46.863693
v 78.109360 52.376064 -46.043289
v 62.273457 52.877361 -49.277496
v 62.451061 53.445263 -49.171097
v 70.017456 52.931664 -48.912491
v 69.780151 52.387863 -49.016586
v 62.625660 54.003761 -48.859085
v 70.250763 53.466362 -48.607086
v 74.510757 52.076061 -48.618790
v 74.213455 51.569462 -48.720291
v 74.803055 52.574165 -48.320999
v 62.794361 54.543167 -48.348495
v 70.476059 53.982765 -48.107391
v 75.085358 53.055367 -47.833786
v 77.503265 51.594868 -47.513595
v 77.170959 51.166466 -47.986297
v 76.476959 50.271965 -48.373688
v 76.826859 50.723064 -48.275192
v 61.592754 50.700665 -47.646484
v 61.752560 51.211567 -48.348495
v 69.084259 50.792965 -48.107391
v 68.870865 50.303867 -47.420486
v 60.634533 51.822819 -48.904037
v 69.309555 51.309464 -48.607086
v 73.341461 50.083565 -47.833786
v 73.074051 49.627865 -47.163895
v 73.623764 50.564766 -48.320999
v 62.095860 52.309361 -49.171097
v 69.542862 51.844162 -48.912491
v 73.916153 51.062862 -48.618790
v 76.127060 49.820965 -48.275192
v 75.782959 49.377464 -47.986297
v 75.135864 48.543365 -46.863693
v 75.450653 48.949165 -47.513595
v 61.094456 49.107265 -43.190384
v 61.193562 49.424168 -44.512695
v 68.337555 49.081665 -44.353897
v 68.205154 48.778267 -43.059997
v 61.311161 49.799965 -45.709091
v 68.494553 49.441566 -45.524689
v 72.405853 48.489265 -44.173599
v 72.239853 48.206566 -42.911789
v 72.602554 48.824467 -45.315185
v 61.444859 50.227867 -46.760193
v 68.673264 49.851166 -46.553192
v 72.826553 49.206165 -46.318191
v 74.844559 48.167965 -46.043289
v 74.580963 47.828167 -45.070190
v 74.154160 47.277966 -42.738495
v 74.349457 47.529667 -43.962585
v 60.912060 48.523968 -37.103287
v 60.923962 48.562065 -38.691589
v 67.977356 48.256268 -38.657593
v 67.961456 48.219868 -37.103287
v 60.958858 48.673664 -40.253296
v 68.023956 48.363068 -40.185791
v 71.954559 47.720264 -38.618896
v 71.934662 47.686264 -37.103287
v 72.012955 47.819767 -40.109085
v 61.015957 48.856167 -41.761795
v 68.100266 48.537968 -41.661896
v 72.108551 47.982666 -41.548492
v 73.999451 47.078667 -41.415893
v 73.886963 46.933666 -40.019394
v 73.794754 46.814865 -37.103287
v 73.818253 46.845066 -38.573685
v 61.094456 49.107265 -31.016296
v 61.015957 48.856167 -32.444992
v 68.100266 48.537968 -32.544784
v 68.205154 48.778267 -31.146789
v 60.958858 48.673664 -33.953384
v 68.023956 48.363167 -34.020889
v 72.108551 47.982666 -32.658188
v 72.239960 48.206566 -31.294891
v 72.012955 47.819767 -34.097595
v 60.923962 48.562065 -35.515091
v 67.977356 48.256268 -35.549087
v 71.954559 47.720264 -35.587784
v 73.818253 46.845066 -35.632995
v 73.886963 46.933666 -34.187302
v 74.154160 47.277966 -31.468185
v 73.999451 47.078667 -32.790787
v 61.592754 50.700668 -26.560196
v 61.444859 50.227871 -27.446487
v 68.673264 49.851170 -27.653488
v 68.870865 50.303871 -26.786194
v 61.311161 49.799969 -28.497589
v 68.494553 49.441570 -28.681991
v 72.826462 49.206169 -27.888489
v 73.074051 49.627869 -27.042801
v 72.602554 48.824471 -28.891495
v 61.193562 49.424171 -29.693985
v 68.337555 49.081669 -29.852798
v 72.405853 48.489269 -30.033096
v 74.349365 47.529667 -30.244095
v 74.580963 47.828171 -29.136490
v 75.135864 48.543369 -27.343002
v 74.844559 48.167969 -28.163391
v 62.273457 52.877369 -24.929184
v 62.095860 52.309368 -25.035599
v 69.542862 51.844170 -25.294296
v 69.780151 52.387871 -25.190094
v 60.591717 51.821835 -25.302505
v 69.309555 51.309471 -25.599594
v 73.916153 51.062870 -25.587997
v 74.213455 51.569469 -25.486389
v 73.623764 50.564770 -25.885696
v 61.752560 51.211571 -25.858200
v 69.084259 50.792969 -26.099289
v 73.341461 50.083569 -26.372894
v 75.450653 48.949169 -26.693100
v 75.782959 49.377468 -26.220398
v 76.476959 50.271969 -25.832992
v 76.127060 49.820969 -25.931488
v 62.954060 55.054070 -26.560196
v 62.794361 54.543171 -25.858200
v 70.476059 53.982769 -26.099289
v 70.689453 54.471970 -26.786194
v 62.625660 54.003769 -25.347595
v 70.250763 53.466370 -25.599594
v 75.085464 53.055370 -26.372894
v 75.352859 53.511070 -27.042801
v 74.803055 52.574169 -25.885696
v 62.451061 53.445271 -25.035599
v 70.017456 52.931671 -25.294296
v 74.510757 52.076069 -25.587997
v 76.826859 50.723068 -25.931488
v 77.170959 51.166470 -26.220398
v 77.818054 52.000568 -27.343002
v 77.503265 51.594872 -26.693100
v 63.452358 56.647465 -31.016296
v 63.353260 56.330570 -29.693985
v 71.222763 55.694069 -29.852798
v 71.355164 55.997566 -31.146698
v 63.235760 55.954670 -28.497589
v 71.065765 55.334270 -28.681991
v 76.021057 54.649670 -30.033096
v 76.186951 54.932365 -31.294891
v 75.824265 54.314468 -28.891495
v 63.101955 55.526871 -27.446487
v 70.886963 54.924671 -27.653488
v 75.600357 53.932869 -27.888489
v 78.109360 52.376068 -28.163391
v 78.372955 52.715870 -29.136490
v 78.799759 53.265965 -31.468185
v 78.604462 53.014366 -30.244095
v 63.622860 57.192665 -35.515091
v 71.582962 56.519466 -35.549087
v 63.587955 57.081066 -33.953384
v 71.536255 56.412666 -34.020889
v 76.472351 55.418667 -35.587784
v 76.413956 55.319164 -34.097595
v 63.530857 56.898464 -32.444900
v 71.460052 56.237865 -32.544784
v 76.318359 55.156265 -32.658188
v 78.954453 53.465366 -32.790787
v 79.066956 53.610367 -34.187302
v 79.135651 53.698967 -35.632995
v 20.037758 57.678265 -41.982086
v 20.020458 57.413067 -43.478393
v 20.050457 57.871166 -40.402298
v 36.866856 57.570465 -41.929993
v 36.831257 57.307568 -43.410187
v 36.892857 57.761765 -40.366989
v 20.060757 58.029266 -37.103287
v 20.058159 57.989067 -38.766800
v 36.914059 57.918465 -37.103393
v 36.908657 57.878567 -38.748993
v 51.747456 57.629368 -38.722992
v 51.755955 57.668568 -37.103287
v 51.722759 57.514565 -40.315491
v 51.626461 57.068268 -43.310684
v 51.682156 57.326668 -41.853790
v 19.942860 56.229164 -47.217087
v 19.910156 55.729565 -48.145294
v 19.972458 56.681168 -46.116287
v 36.672062 56.133865 -47.108887
v 36.604961 55.638664 -48.027191
v 36.732861 56.581966 -46.019897
v 19.998459 57.078266 -44.863296
v 36.786259 56.975666 -44.780289
v 51.556057 56.742065 -44.659088
v 51.472660 56.355267 -45.879196
v 51.272755 55.428265 -47.854797
v 51.377659 55.914867 -46.951095
v 19.798759 54.030064 -49.742096
v 19.759457 53.429962 -49.853485
v 19.837460 54.619961 -49.415298
v 36.376461 53.953762 -49.606888
v 36.295757 53.358963 -49.717087
v 36.455761 54.538662 -49.283584
v 19.874760 55.189861 -48.880493
v 36.532360 55.103561 -48.754593
v 51.159359 54.902363 -48.570694
v 51.039555 54.347160 -49.091385
v 50.789555 53.187862 -49.518097
v 50.915661 53.772461 -49.409592
v 30.980274 51.658154 -48.825409
v 35.644100 51.091896 -48.049057
v 22.798367 52.254944 -49.412063
v 19.720158 52.829964 -49.742096
v 42.459995 52.735310 -49.543915
v 50.306355 50.947567 -47.854797
v 50.419758 51.473362 -48.570694
v 33.872822 50.146809 -46.031631
v 34.741451 50.594543 -47.125152
v 50.201359 50.460865 -46.951095
v 50.106457 50.020466 -45.879196
v 49.952656 49.307465 -43.310684
v 50.022961 49.633667 -44.659088
v 49.896854 49.049065 -41.853790
v 49.856358 48.861164 -40.315491
v 49.823154 48.707165 -37.103287
v 49.831554 48.746365 -38.722992
v 32.621979 49.159851 -32.288238
v 32.919891 49.421738 -30.800217
v 32.432457 48.969833 -33.858612
v 49.831554 48.746365 -35.483688
v 49.856358 48.861164 -33.891189
v 49.952656 49.307465 -30.895996
v 49.896854 49.049065 -32.352890
v 34.859127 50.592857 -27.084518
v 35.795849 51.090034 -26.160354
v 33.966373 50.145348 -28.178314
v 50.022961 49.633671 -29.547592
v 50.106457 50.020470 -28.327499
v 50.306355 50.947571 -26.351898
v 50.201359 50.460869 -27.255691
v 19.720158 52.829971 -24.464584
v 19.759457 53.429970 -24.353195
v 22.695816 52.254986 -24.794327
v 42.337627 52.736702 -24.661484
v 36.295856 53.358971 -24.489593
v 48.850643 51.506809 -25.604599
v 50.789555 53.187870 -24.688583
v 19.874760 55.189869 -25.326187
v 19.910156 55.729568 -26.061386
v 19.837460 54.619968 -24.791489
v 36.532360 55.103569 -25.452087
v 36.604961 55.638668 -26.179489
v 36.455761 54.538670 -24.923096
v 19.798759 54.030071 -24.464584
v 36.376461 53.953770 -24.599792
v 50.915661 53.772469 -24.797089
v 51.039555 54.347168 -25.115295
v 51.272755 55.428268 -26.351898
v 51.159359 54.902370 -25.636001
v 19.998459 57.078270 -29.343399
v 20.020458 57.413067 -30.728287
v 19.972458 56.681171 -28.090393
v 36.786259 56.975670 -29.426391
v 36.831257 57.307568 -30.796402
v 36.732861 56.581970 -28.186798
v 19.942860 56.229168 -26.989593
v 36.672062 56.133869 -27.097793
v 51.377659 55.914871 -27.255691
v 51.472660 56.355270 -28.327499
v 51.626461 57.068268 -30.895996
v 51.556057 56.742069 -29.547592
v 20.058159 57.989067 -35.439896
v 20.050457 57.871166 -33.804397
v 36.908657 57.878567 -35.457687
v 36.892857 57.761665 -33.839691
v 20.037758 57.678265 -32.224487
v 36.866856 57.570465 -32.276687
v 51.682156 57.326668 -32.352890
v 51.722759 57.514565 -33.891189
v 51.747456 57.629368 -35.483688
v 81.171432 33.263432 -40.840408
v 81.385284 33.164108 -38.738296
v 81.428360 33.142166 -37.103287
v 81.154266 32.686283 -38.678207
v 81.186966 32.667660 -36.582199
v 80.964066 32.781860 -40.790237
v 80.448257 33.590668 -43.746796
v 80.176254 33.715065 -44.355392
v 80.694351 33.478065 -43.024094
v 80.910553 33.379066 -42.201187
v 80.735458 32.893665 -42.115890
v 80.124664 32.981625 -43.417953
v 80.546356 32.988464 -42.924591
v 79.713684 33.183670 -44.556595
v 80.093353 33.215668 -44.228683
v 80.331161 33.096367 -43.633484
v 79.248566 34.147667 -45.395492
v 78.920761 34.301765 -45.466293
v 79.571457 33.993866 -45.184982
v 79.882355 33.849567 -44.836594
v 79.836365 33.344566 -44.696182
v 79.478851 33.328068 -44.912796
v 79.562851 33.489765 -45.030197
v 79.229065 33.499866 -45.090988
v 78.990082 33.804207 -45.279739
v 79.275253 33.657967 -45.224594
v 77.808151 35.666664 -45.040283
v 77.492264 35.780464 -44.544784
v 78.141754 35.546566 -45.400680
v 77.965759 34.726566 -44.836594
v 77.671860 34.861065 -44.355392
v 78.275558 34.586864 -45.184982
v 78.487061 35.422165 -45.620895
v 78.595154 34.446667 -45.395492
v 78.988998 33.536297 -45.018997
v 78.703857 33.944466 -45.224594
v 78.624451 33.766068 -44.912796
v 78.429657 34.058067 -45.030197
v 78.475906 33.796368 -44.586410
v 77.884705 34.306210 -44.154022
v 78.160553 34.184967 -44.696182
v 76.702957 36.064766 -42.332992
v 76.411911 36.197685 -40.904281
v 76.935364 35.981068 -43.177383
v 77.059708 35.135544 -42.711899
v 76.678711 35.317173 -40.871704
v 77.199860 35.885765 -43.919296
v 77.399857 34.985565 -43.746796
v 78.091690 34.006985 -43.586136
v 77.431442 34.540394 -42.810699
v 77.078537 34.722237 -41.033096
v 76.151245 36.247387 -37.669433
v 76.238861 36.231865 -39.326584
v 76.459045 35.418285 -38.703827
v 76.419571 35.437336 -36.597656
v 76.859375 34.836246 -38.898559
v 76.802689 34.869373 -36.574707
v 76.417694 36.162617 -33.312103
v 76.190765 36.250526 -35.459366
v 76.535385 35.386555 -34.521286
v 76.838318 35.248726 -32.417633
v 76.930756 34.802563 -34.332275
v 77.715164 34.214912 -32.093094
v 77.192703 34.670845 -32.410354
v 77.199860 35.885765 -30.287384
v 77.492264 35.780468 -29.661880
v 76.802429 36.018658 -31.468048
v 77.399857 34.985565 -30.459991
v 77.671860 34.861069 -29.851288
v 77.153763 35.098167 -31.182587
v 77.585037 34.472031 -30.799332
v 78.173248 33.980843 -30.178039
v 77.903564 34.313869 -29.977981
v 78.487061 35.422169 -28.585785
v 78.141754 35.546570 -28.805984
v 78.595154 34.446671 -28.811188
v 78.920761 34.301769 -28.740387
v 78.275558 34.586868 -29.021683
v 77.808151 35.666668 -29.166397
v 77.965759 34.726570 -29.370087
v 78.412964 33.859970 -29.610794
v 78.160553 34.184971 -29.510483
v 78.624451 33.766071 -29.293884
v 78.429657 34.058071 -29.176498
v 78.991623 33.529400 -29.197784
v 79.211334 33.507511 -29.109863
v 78.985153 33.819469 -28.919784
v 78.703857 33.944469 -28.982086
v 79.882355 33.849571 -29.370087
v 80.176254 33.715069 -29.851288
v 79.571457 33.993870 -29.021683
v 79.248566 34.147671 -28.811188
v 79.275253 33.657970 -28.982086
v 79.478851 33.328072 -29.293884
v 79.562851 33.489769 -29.176498
v 79.698456 33.200970 -29.610794
v 79.895554 33.099968 -30.062485
v 80.093353 33.215672 -29.977981
v 79.836365 33.344570 -29.510483
v 80.815582 33.419868 -31.589691
v 81.177399 33.258343 -33.404434
v 80.448257 33.590668 -30.459991
v 80.110001 32.984886 -30.800995
v 80.455765 33.031273 -30.946060
v 80.426529 32.820686 -32.455017
v 80.828400 32.845737 -32.556442
v 81.386810 33.164532 -35.485168
v 81.080414 32.720203 -34.509796
v 80.693146 32.690731 -35.257797
v -75.003464 33.901985 -30.931366
v -75.476135 33.620140 -30.530228
v -75.038040 33.953266 -30.218582
v -75.404938 33.729271 -29.885483
v -75.749542 33.586769 -29.577392
v -75.933197 33.414528 -30.158264
v -77.002525 32.851658 -42.700210
v -76.951447 32.902267 -43.471695
v -76.886841 32.993164 -43.988083
v -76.540237 33.133766 -44.321182
v -76.175339 33.359665 -44.629288
v -76.049362 33.343842 -44.057876
v 79.680618 33.080700 -30.981827
v 79.427551 33.210022 -29.698974
v 79.127121 33.333248 -29.721619
v 78.763214 33.556194 -29.683349
v 78.579666 33.648117 -30.776779
v 78.743927 33.559742 -44.452240
v 79.077576 33.359554 -44.498871
v 79.571899 33.135567 -43.650909
v 79.414444 33.218384 -44.535019
v 78.911835 33.492348 -44.796982
v 79.289764 33.304665 -44.809387
v 79.289764 33.304668 -29.397293
v 78.916168 33.491535 -29.402756
v -74.228943 32.576160 -93.582245
v 61.867313 29.115782 86.835632
v -57.863682 52.638359 -93.577972
v 61.865398 52.638386 86.836090
v 61.872356 29.115759 -93.576950
v -65.774323 41.721184 102.925705
v -65.629837 45.951881 102.792618
v -69.382240 45.949081 102.686218
v -69.383827 41.294617 102.821915
v 78.347061 39.231380 86.836716
v 78.292740 41.723598 94.034393
v 78.166656 45.951881 93.890122
v 77.863754 45.943481 99.336319
v 78.065659 45.949081 97.572922
v 77.974930 41.329506 99.349747
v 78.194153 41.312191 97.578491
v 61.873356 39.231358 -105.728989
v 69.660263 42.625057 -105.652389
v 69.659164 45.951859 -105.538696
v 74.995956 45.943459 -105.219498
v 73.431152 45.949059 -105.432297
v 75.019623 41.310684 -105.333893
v 73.439026 41.266766 -105.567993
v -74.265640 39.231361 -93.578094
v -74.192947 42.625061 -97.342285
v -74.085144 45.951862 -97.341095
v -73.782341 45.943459 -101.942490
v -73.984238 45.949059 -100.039093
v -73.893425 41.333477 -101.955704
v -74.112755 41.306679 -100.044525
v 77.603104 41.871647 100.661118
v 77.031784 41.763977 101.583832
v 77.527252 45.934181 100.631714
v 76.983551 45.928581 101.534210
v 74.995956 45.943481 102.473419
v 76.159851 45.934181 102.118714
v 74.995346 41.717644 102.586762
v 76.190567 41.262405 102.204132
v -73.518585 32.754368 100.662399
v -72.947540 32.730095 101.584564
v -73.445847 31.592484 100.631714
v -72.903748 31.598083 101.534210
v -72.084946 31.592484 102.118714
v -72.112061 32.847748 102.203293
v 76.183136 41.788364 -104.948746
v 76.159851 45.934158 -104.864792
v 76.983551 45.928558 -104.266296
v 77.863754 45.943459 -101.942490
v 77.527252 45.934158 -103.321792
v 77.966827 41.694660 -101.965744
v 77.608063 41.267239 -103.355240
v -73.521683 41.870693 -103.351044
v -72.951942 41.766296 -104.315887
v -73.445847 45.934158 -103.321792
v -72.903748 45.928558 -104.266296
v -70.930740 45.943459 -105.219498
v -72.084946 45.934158 -104.864792
v -70.930344 41.718113 -105.332840
v -72.115677 41.265862 -104.950165
v 78.347061 39.232105 -93.578720
v 78.200272 45.952553 86.782807
v -74.106483 41.761658 97.551483
v -74.211472 42.498734 93.180100
v -73.984238 45.949081 97.572922
v -74.103539 45.891949 93.121033
v -74.118866 45.952461 -93.547897
v -74.265640 39.231224 86.829422
v 78.188339 41.644665 -100.045410
v 78.290665 41.883938 -97.378525
v 78.065659 45.949059 -100.039093
v 78.186569 45.899704 -96.681442
v 78.310364 42.625362 -93.578094
v -57.855118 39.229809 102.982926
v -57.835594 42.625130 102.944229
v -57.802994 45.952126 102.828156
v -69.361458 41.782017 -105.560928
v -65.630943 42.625057 -105.652389
v -69.382240 45.949059 -105.432297
v -64.874245 45.890015 -105.557785
v 61.812313 45.952129 -105.574234
v 61.845516 42.624649 -105.690307
v -57.863640 42.625359 -105.690292
v -57.855057 39.231247 -105.728989
v 73.410095 41.782063 102.814865
v 69.588196 41.747307 102.929306
v 73.431152 45.949081 102.686218
v 68.899033 45.890011 102.811722
v 61.873356 42.625381 102.944214
v 78.310379 42.624809 86.810791
v -74.228958 42.624901 -93.571121
vn 0.981208 -0.050600 0.186201
vn 0.924494 -0.000000 -0.381197
vn 0.957431 -0.019401 0.288009
vn 0.974615 -0.223603 -0.011300
vn 0.945800 -0.324600 0.009900
vn 0.970205 -0.009500 -0.242101
vn 0.914982 0.001500 -0.403492
vn -0.976360 -0.063897 -0.206491
vn -0.924819 -0.000100 0.380408
vn -0.952443 -0.029201 -0.303314
vn -0.963413 -0.267804 0.010800
vn -0.937971 -0.346689 -0.004100
vn -1.000000 -0.000000 -0.000900
vn -0.909228 -0.012400 0.416113
vn 0.082602 -0.996119 0.030401
vn -0.281090 -0.959665 0.005600
vn 0.118799 -0.992489 -0.029200
vn -0.002400 -0.927707 0.373303
vn -0.017300 -0.912321 0.409110
vn 0.002400 -0.953657 -0.300886
vn 0.006500 -0.928174 -0.372090
vn 0.008100 -0.980851 -0.194590
vn -0.077197 -0.996564 -0.029999
vn 0.340810 -0.940127 -0.003300
vn -0.095998 -0.995381 0.000600
vn -0.008000 -0.923263 -0.384085
vn -0.000600 -0.912088 -0.409995
vn -0.002000 -0.952480 0.304594
vn -0.005800 -0.926887 0.375295
vn -0.007400 -0.979502 0.201300
vn -1.000000 -0.000200 0.000800
vn -0.921805 -0.010800 0.387502
vn -1.000000 -0.000000 0.000500
vn -0.920304 0.001300 -0.391202
vn -0.925678 -0.003900 -0.378291
vn -0.930328 -0.056102 -0.362411
vn -0.999993 0.001600 -0.003300
vn 0.998124 -0.036701 -0.049001
vn 0.926100 -0.011600 0.377100
vn 0.962551 0.016699 -0.270586
vn 0.996446 -0.076704 0.034802
vn 0.961240 -0.273011 -0.038502
vn -1.000000 -0.000200 0.000100
vn -0.974343 0.005100 0.225010
vn -0.986885 0.021400 0.159998
vn 0.000100 1.000000 -0.000500
vn 0.002700 0.973682 -0.227896
vn -0.000000 1.000000 -0.000400
vn 0.016300 0.988703 0.149000
vn -0.002300 0.976192 0.216898
vn -0.097703 0.992527 0.073102
vn 0.986602 0.154900 0.051200
vn 0.978120 -0.007600 0.207904
vn 0.985125 -0.022901 0.170304
vn 0.107301 -0.989205 0.099801
vn 0.287389 -0.957564 0.021899
vn 0.006000 -0.972911 0.231103
vn -0.989401 -0.130100 0.064500
vn -0.974709 0.005900 0.223402
vn -0.987658 0.019599 0.155393
vn -0.995533 -0.084303 -0.042501
vn -0.999999 -0.001100 -0.000700
vn -0.975385 0.002200 -0.220497
vn -0.120104 0.990631 0.065002
vn -0.291504 0.956312 0.022200
vn 0.000300 0.987850 0.155408
vn -0.027100 0.974693 0.221898
vn 0.002900 0.974078 -0.226195
vn 0.004800 0.975081 0.221796
vn 1.000000 -0.000100 0.000100
vn 0.974032 -0.006900 0.226307
vn 0.986108 -0.017300 0.165201
vn 0.983710 0.175002 -0.041100
vn 0.974468 -0.007700 -0.224393
vn 0.950523 0.309808 0.022901
vn 0.090903 -0.995237 -0.035201
vn -0.009600 -0.979954 -0.198991
vn 0.320201 -0.947103 -0.021600
vn 0.009000 -0.977682 0.209896
vn -0.999999 0.001200 0.000200
vn -0.970043 0.007700 0.242811
vn -0.972921 0.010400 0.230905
vn -0.981838 -0.188807 -0.018601
vn -0.959113 -0.281504 0.029300
vn 0.010699 0.994552 -0.103695
vn 0.010400 0.972589 -0.232297
vn -0.321106 0.946819 -0.020600
vn 0.995893 0.082899 0.036400
vn 0.938826 0.343910 0.018201
vn 0.985283 0.010700 0.170597
vn 0.137993 -0.985053 0.103095
vn 0.329184 -0.944054 0.019999
vn 0.002800 -0.981508 0.191402
vn -0.000000 -1.000000 -0.000300
vn -0.000000 -1.000000 -0.000100
vn -0.003300 -0.974143 0.225910
vn -0.349108 -0.409609 0.842819
vn 0.444806 0.005100 0.895612
vn -0.112203 -0.563117 0.818725
vn 0.015000 -0.489684 0.871771
vn -0.673901 0.109900 -0.730602
vn 0.531282 0.006400 -0.847171
vn -0.000100 -0.000000 -1.000000
vn -0.548400 0.074400 -0.832900
vn 0.659499 0.257300 0.706299
vn -0.000000 -0.000000 1.000000
vn 0.000400 0.000600 1.000000
vn 0.620815 -0.007700 0.783919
vn 0.535506 -0.006000 0.844510
vn -0.737288 0.102298 -0.667789
vn -0.000000 -0.000000 -1.000000
vn -0.398094 0.619691 -0.676390
vn -0.556929 0.086505 -0.826043
vn 0.624975 0.195492 0.755770
vn -0.000000 0.001300 0.999999
vn 0.558906 0.053401 0.827510
vn -0.388500 0.031800 0.920900
vn -0.020600 0.431208 0.902017
vn 0.000600 -0.001300 0.999999
vn -0.432212 0.009300 0.901724
vn -0.419113 -0.002900 0.907929
vn -0.738213 0.067201 -0.671212
vn -0.438510 0.566113 -0.698016
vn -0.538988 0.071398 -0.839282
vn -0.081800 -0.715996 -0.693296
vn -0.000000 0.385006 -0.922914
vn -0.543407 -0.410405 -0.732309
vn -0.074897 -0.548078 -0.833067
vn -0.331190 -0.019099 0.943371
vn 0.196797 -0.056999 0.978786
vn -0.074999 -0.978091 0.194198
vn -0.295606 -0.791915 0.534310
vn -0.325716 -0.931847 0.159908
vn -0.770039 -0.330817 -0.545528
vn -0.926285 -0.338095 -0.166397
vn 0.447776 -0.357981 -0.819357
vn 0.407993 -0.736687 -0.539290
vn 0.111301 -0.767010 -0.631908
vn 0.994483 -0.099998 -0.031699
vn 0.952660 -0.273988 -0.131794
vn 0.982732 -0.047602 -0.178806
vn 0.841696 -0.254899 0.475998
vn 0.952433 -0.268309 0.144505
vn -0.997681 0.046399 0.049799
vn -0.967179 0.190196 0.168496
vn -0.983983 0.177797 0.012900
vn 0.997701 0.045200 -0.050500
vn 0.972399 0.159600 -0.170200
vn 0.980979 0.193896 -0.009200
vn 0.267195 -0.537391 0.799886
vn 0.327312 -0.661625 0.674625
vn 0.078399 -0.816786 0.571590
vn 0.777796 -0.045100 0.626897
vn 0.941699 -0.169400 0.290700
vn 0.666495 -0.344198 0.661296
vn 0.207002 -0.125101 -0.970309
vn 0.571725 -0.444920 -0.689331
vn 0.818501 -0.148800 -0.554901
vn 0.919585 -0.219296 -0.325995
vn 0.965134 -0.018401 -0.261109
vn 0.781041 -0.534328 -0.323217
vn 0.415906 -0.482407 -0.770912
vn 0.476686 -0.158995 -0.864575
vn 0.051099 -0.836490 -0.545594
vn 0.095197 -0.979470 -0.177695
vn -0.050400 -0.816104 0.575703
vn -0.097802 -0.977017 0.189403
vn -0.652318 -0.357910 0.668118
vn -0.712692 -0.590794 0.378196
vn -0.920541 -0.218810 0.323614
vn -0.956274 -0.261893 -0.130197
vn -0.931962 -0.165611 -0.322521
vn -0.974486 -0.021700 -0.223397
vn -0.101095 -0.252687 -0.962252
vn -0.459604 -0.563205 -0.686706
vn -0.088901 -0.871313 -0.482607
vn -0.732570 -0.570777 -0.370885
vn -0.298791 -0.910771 -0.284991
vn -0.334192 -0.024899 -0.942176
vn -0.806789 -0.189897 -0.559492
vn -0.211595 -0.122297 -0.969676
vn 0.414690 0.886779 -0.204095
vn 0.069598 0.959977 -0.271294
vn 0.186599 0.980596 -0.060100
vn 0.021500 0.939999 -0.340500
vn 0.141999 0.754295 -0.640996
vn 0.040499 0.368188 -0.928869
vn -0.337590 0.915273 -0.219793
vn -0.358211 0.933628 -0.004800
vn -0.145097 0.987981 -0.053299
vn -0.772556 0.620365 -0.135292
vn -0.773462 0.615669 0.150693
vn -0.958621 0.284406 -0.012600
vn 0.413316 0.885034 0.214208
vn 0.377622 0.925954 0.003400
vn 0.205400 0.977601 0.045900
vn 0.825918 0.551812 0.115602
vn 0.967317 0.200603 0.155103
vn 0.978980 0.039999 0.199996
vn 0.994686 0.072899 0.072699
vn 0.934375 0.000200 0.356291
vn 0.857305 0.047600 0.512603
vn -0.958965 0.225092 -0.172394
vn -0.976105 0.042000 -0.213201
vn -0.994500 0.075200 -0.072900
vn -0.933345 -0.000900 -0.358979
vn -0.820418 0.055001 -0.569113
vn -0.314789 -0.928367 -0.197593
vn -0.127400 -0.908802 -0.397301
vn -0.152006 -0.985241 -0.078703
vn -0.350990 -0.393088 -0.849875
vn -0.107698 -0.278494 -0.954380
vn -0.075299 -0.516795 -0.852791
vn -0.011900 -0.913796 -0.405998
vn -0.070998 -0.782582 -0.618486
vn -0.025900 -0.712299 -0.701399
vn 0.022201 -0.998133 -0.056902
vn 0.942880 -0.330093 -0.044899
vn 0.737598 -0.673698 -0.045600
vn 0.421484 -0.884167 0.201493
vn 0.124997 -0.973874 0.189595
vn 0.251200 -0.965600 0.067200
vn 0.012400 -0.912313 0.409306
vn 0.126595 -0.754671 0.643775
vn 0.016500 -0.405805 0.913811
vn -0.056600 -0.995408 0.077201
vn -0.018400 -0.998083 0.059099
vn -0.773012 -0.519008 0.364806
vn -0.954077 -0.295493 0.049199
vn -0.752314 -0.656812 0.051201
vn 0.826570 -0.007800 -0.562780
vn 0.981331 -0.027801 -0.190306
vn 0.923605 0.005700 -0.383302
vn 0.400000 0.005100 -0.916501
vn -0.991407 0.085501 -0.099001
vn -0.995722 -0.082402 -0.041801
vn -0.846218 -0.005300 -0.532811
vn -0.959896 0.021900 -0.279499
vn 0.037198 -0.998155 0.047998
vn 0.395102 -0.918305 0.024700
vn 0.222099 -0.974796 0.021100
vn 0.764803 -0.643503 0.031300
vn 0.480314 -0.876426 -0.034301
vn 0.960998 -0.269400 0.062500
vn 0.963066 -0.262791 -0.058698
vn 0.791326 -0.610920 -0.024101
vn 0.016401 -0.979534 -0.200607
vn -0.123498 -0.990181 -0.065499
vn 0.116596 -0.993165 0.005400
vn 0.048100 -0.936704 -0.346802
vn -0.015500 -0.968381 -0.248995
vn 0.285294 -0.690987 -0.664187
vn 0.102401 -0.243001 -0.964606
vn 0.028501 -0.837543 -0.545628
vn -0.009300 -0.923787 -0.382794
vn -0.335209 0.917726 0.213106
vn -0.042398 0.963949 0.262686
vn -0.127904 0.989528 0.066902
vn 0.005800 0.940331 0.340211
vn -0.107204 0.760332 0.640627
vn 0.780115 -0.610112 0.138503
vn 0.815113 -0.577309 0.048001
vn 0.408010 -0.886222 -0.219405
vn 0.155506 -0.986837 -0.044402
vn 0.569017 -0.102403 -0.815925
vn 0.821595 -0.048600 -0.567996
vn 0.841905 -0.256802 -0.474603
vn 0.398893 -0.027500 -0.916585
vn 0.709104 -0.000000 -0.705104
vn -0.992094 -0.121399 -0.031800
vn -0.115703 -0.992025 0.050001
vn -0.917886 -0.342995 0.199597
vn -0.904497 -0.147399 0.400199
vn -0.982955 -0.166992 0.076896
vn -0.770613 -0.330005 0.545209
vn -0.382901 -0.386601 0.839003
vn -0.779225 -0.079203 0.621720
vn -0.699163 -0.037798 0.713962
vn -0.384388 -0.000100 0.923172
vn 0.089998 -0.975573 0.200394
vn 0.031100 -0.884605 0.465303
vn 0.017000 -0.994189 0.106299
vn -0.012700 -0.367098 0.930095
vn -0.085301 -0.973908 -0.210302
vn -0.028800 -0.878809 -0.476305
vn -0.014600 -0.994098 -0.107500
vn -0.931768 -0.011000 0.362888
vn -0.811877 -0.007300 0.583783
vn -0.797507 -0.075201 0.598605
vn -0.998106 -0.039100 0.047500
vn -0.969252 0.009500 0.245888
vn -0.981811 -0.027200 0.187902
vn -0.349110 -0.021801 0.936828
vn 0.013500 -0.344112 0.938832
vn 0.068100 -0.924399 0.375299
vn 0.000300 -0.802227 0.597020
vn -0.009700 -0.964635 0.263410
vn 0.052301 -0.977111 0.206202
vn -0.007600 -0.926016 0.377407
vn 0.106401 -0.428805 0.897110
vn 0.048901 -0.156202 0.986514
vn 0.020599 -0.208692 0.977764
vn 0.492195 -0.157098 0.856192
vn 0.338598 -0.130099 0.931894
vn 0.145999 -0.044300 0.988292
vn 0.357001 -0.002200 0.934102
vn 0.904400 -0.012600 0.426500
vn 0.596865 -0.085695 0.797753
vn 0.920019 -0.035001 0.390308
vn -0.956306 -0.286102 0.060200
vn -0.960433 -0.275710 0.039401
vn -0.418201 -0.908303 -0.009700
vn -0.740834 -0.671031 -0.029701
vn -0.766175 -0.642179 0.024099
vn -0.047799 -0.998379 -0.030899
vn -0.353696 -0.934690 -0.035400
vn -0.222196 -0.974782 -0.020700
vn -0.955365 -0.288390 -0.064098
vn 0.002600 -0.374181 -0.927352
vn -0.007000 -0.362519 -0.931950
vn 0.000100 0.924529 0.381112
vn -0.000000 0.383308 0.923620
vn -0.000000 0.385006 0.922914
vn 0.551794 -0.179698 0.814391
vn 0.818998 -0.564998 0.100100
vn 0.471378 -0.377483 0.797063
vn 0.440516 -0.889333 0.122605
vn 0.213211 -0.958648 0.188509
vn 0.680303 -0.732603 0.021900
vn 0.891196 -0.451698 0.041700
vn 0.983484 -0.152998 0.096698
vn 0.376118 -0.924044 -0.068403
vn 0.518096 -0.847393 -0.116199
vn 0.773365 -0.632972 0.035398
vn 0.135105 -0.982940 -0.124805
vn 0.129406 0.650230 0.748635
vn 0.363107 0.931618 0.015500
vn 0.628377 0.763272 -0.150194
vn 0.805127 0.592820 0.018301
vn 0.965574 0.259893 0.011100
vn 0.106698 0.990779 0.083498
vn 0.856637 0.515822 0.010000
vn 0.684512 0.728913 0.011400
vn 0.103705 0.993847 -0.038902
vn 0.422283 0.906263 0.019099
vn 0.457172 0.889245 0.015399
vn 0.796826 0.603920 -0.018701
vn 0.706767 0.681568 0.189591
vn -0.563097 0.816496 -0.127499
vn -0.466997 0.882895 0.049100
vn -0.087902 0.701112 0.707612
vn -0.855198 0.518299 -0.001900
vn -0.635982 0.771678 0.006300
vn -0.353093 0.935582 -0.003500
vn -0.117700 0.991602 -0.053600
vn -0.457483 0.881166 0.119395
vn -0.061201 0.644310 -0.762312
vn -0.988542 0.150606 -0.010100
vn -0.756694 0.653595 -0.015100
vn -0.865223 0.501313 -0.008600
vn -0.059203 -0.998246 -0.000400
vn -0.350402 -0.936506 0.013200
vn -0.201803 -0.971416 0.125002
vn -0.778390 -0.623392 0.074099
vn -0.346696 -0.474695 0.808991
vn -0.986272 -0.141696 0.084798
vn -0.839101 -0.543701 0.017300
vn -0.843465 -0.533078 -0.066297
vn -0.519801 -0.851102 -0.073700
vn -0.373903 -0.446703 -0.812806
vn -0.775919 -0.630715 -0.012200
vn -0.981751 -0.187991 -0.028699
vn -0.978901 -0.173400 -0.108100
vn -0.477104 -0.878707 -0.015700
vn 0.990931 -0.132104 0.024601
vn 0.901640 -0.431019 0.035602
vn 0.990161 -0.121795 0.068897
vn 0.543071 -0.833855 0.098795
vn 0.436099 -0.380499 0.815498
vn 0.368109 -0.929222 -0.032301
vn 0.155804 -0.984527 -0.080202
vn 0.718581 -0.695181 -0.019099
vn 0.572333 -0.814347 -0.096306
vn 0.986068 -0.152295 -0.066898
vn 0.790685 -0.576989 -0.204696
vn 0.851936 -0.523422 -0.015301
vn 0.759466 0.650371 0.015099
vn 0.825290 0.559693 0.075099
vn 0.466007 0.884312 -0.028800
vn 0.122201 0.992205 0.024400
vn 0.383315 0.923035 0.032801
vn 0.137201 0.986510 0.089301
vn 0.701981 0.711781 0.024299
vn 0.985741 0.143606 0.087704
vn 0.843557 0.536973 0.008500
vn 0.131498 0.990485 -0.040599
vn 0.527226 0.843641 -0.101505
vn 0.508915 0.860726 -0.012500
vn 0.620020 0.780925 -0.075702
vn 0.191103 0.978716 -0.074801
vn 0.865016 0.495909 -0.076301
vn -0.988462 0.148894 0.027799
vn -0.889239 0.455920 0.037302
vn -0.977222 0.185604 0.102902
vn -0.639471 0.768665 0.015199
vn -0.461294 0.880289 0.110899
vn -0.763140 0.646234 0.000400
vn -0.439808 0.897916 0.017800
vn -0.138895 0.988065 -0.066598
vn -0.405693 0.911884 -0.062299
vn -0.230409 0.971039 -0.063203
vn -0.988025 0.153804 -0.012300
vn -0.756628 0.647924 -0.087803
vn -0.839420 0.543413 -0.008800
vn -0.613200 0.788800 0.042200
vn -0.188305 -0.981124 0.044001
vn -0.464901 -0.884203 0.045300
vn -0.152698 -0.986987 0.050399
vn -0.786374 -0.616280 -0.042599
vn -0.869469 -0.491082 0.053498
vn -0.673577 -0.111396 0.730675
vn -0.858800 -0.510000 0.048600
vn -0.593784 -0.136396 -0.792979
vn -0.135305 -0.989934 -0.041501
vn -0.623294 -0.779893 -0.057199
vn -0.511694 -0.859091 -0.011500
vn -0.720695 -0.693095 -0.014800
vn 0.990241 -0.109505 0.086204
vn 0.925844 -0.376777 0.029198
vn 0.647793 -0.153498 0.746192
vn 0.734996 -0.667297 -0.120399
vn 0.587402 -0.808403 0.038000
vn 0.244109 -0.969635 0.014801
vn 0.161608 -0.984447 -0.068903
vn 0.569221 -0.816930 0.092803
vn 0.188804 -0.561113 -0.805919
vn 0.995023 -0.097602 -0.020100
vn 0.877303 -0.479901 0.005900
vn 0.923620 -0.383308 0.000400
vn 0.635075 0.770970 -0.047798
vn 0.764134 0.644228 0.032701
vn 0.955217 0.292005 0.047901
vn 0.346904 0.935611 -0.065501
vn 0.348887 0.936665 0.030599
vn 0.631865 0.774957 0.013699
vn 0.812776 0.581983 0.026299
vn 0.624120 0.781225 -0.012700
vn 0.736697 0.674997 -0.040700
vn 0.862178 0.505687 -0.030499
vn 0.984965 0.172594 -0.007500
vn 0.960592 0.277898 0.006000
vn 0.351704 0.936111 0.000900
vn 0.083701 0.995610 -0.041900
vn 0.356994 0.934084 0.006500
vn 0.611786 0.774982 0.158496
vn -0.614401 0.780802 -0.113400
vn -0.489496 0.870993 0.042000
vn -0.117705 0.672331 0.730833
vn -0.881602 0.471901 0.009300
vn -0.779408 0.626506 0.003700
vn -0.466273 0.884548 0.012799
vn -0.127904 0.990733 -0.045702
vn -0.515210 0.850117 0.108902
vn -0.079598 0.637681 -0.766177
vn -0.991864 0.123595 -0.030499
vn -0.801290 0.597693 -0.026400
vn -0.855089 0.518393 -0.009600
vn -0.724470 -0.688871 0.024499
vn -0.553584 -0.825377 0.110897
vn -0.451284 -0.891368 0.042498
vn -0.990513 -0.082101 0.110201
vn -0.872337 -0.474820 0.116505
vn -0.835976 -0.548284 0.022999
vn -0.739084 -0.673386 0.017500
vn -0.841176 -0.538785 -0.046199
vn -0.425213 -0.892827 0.148505
vn -0.944926 0.327009 -0.013400
vn -0.659607 0.751308 -0.021300
vn -0.594473 0.803264 0.036998
vn -0.986662 0.161394 -0.021199
vn -0.868892 0.490795 0.064399
vn -0.646105 0.188501 0.739605
vn -0.559509 0.034301 0.828114
vn -0.973499 0.098900 0.206200
vn -0.968760 0.002200 0.247990
vn -0.992501 -0.056300 0.108500
vn -0.996318 0.013300 0.084701
vn 0.006900 0.996408 0.084401
vn -0.009101 0.971756 0.235814
vn 0.018600 0.559694 0.828491
vn 0.041399 0.956887 0.287496
vn 0.990487 -0.123098 -0.061499
vn 0.877894 -0.478297 -0.023100
vn 0.949400 -0.313800 -0.013000
vn 0.181806 -0.983334 0.001300
vn 0.572420 -0.819328 -0.032201
vn 0.465095 -0.884690 0.031800
vn 0.988776 -0.147296 -0.024999
vn 0.987710 0.055001 0.146301
vn 0.987730 -0.045801 0.149305
vn 0.508523 0.013801 0.860938
vn 0.964302 0.001700 0.264800
vn -0.101903 -0.994730 -0.011300
vn -0.298291 -0.954372 -0.014000
vn -0.952489 -0.303696 0.023100
vn -0.693381 -0.720280 0.020499
vn -0.032399 -0.998764 0.037699
vn 0.015701 -0.991138 0.131905
vn -0.173499 -0.554796 0.813695
vn 0.012800 -0.960232 0.278909
vn -0.007800 -0.974375 0.224794
vn -0.944067 0.329389 -0.015499
vn -0.147896 0.988872 0.016100
vn -0.549002 0.835304 -0.029400
vn -0.581221 0.168406 0.796129
vn -0.991657 0.008900 0.128594
vn -0.974380 -0.015200 0.224395
vn -0.557015 0.017300 0.830322
vn -0.963887 0.074099 0.255796
vn 0.288300 0.957400 -0.016400
vn 0.767874 0.640479 -0.012500
vn 0.127598 0.613288 0.779485
vn 0.009500 0.995413 0.095201
vn 0.021300 0.563404 0.825907
vn 0.042600 0.955194 0.292898
vn 0.951424 -0.307408 -0.017100
vn 0.171795 -0.982274 0.074998
vn 0.610778 -0.791471 0.022899
vn 0.977083 -0.145997 0.154897
vn 0.995676 0.018200 0.091098
vn 0.511192 -0.237196 0.826087
vn 0.973357 0.009700 0.229090
vn -0.167895 -0.639682 0.750079
vn -0.052800 -0.541403 0.839104
vn 0.016500 -0.531804 0.846707
vn 0.002900 -0.975448 0.220211
vn 0.005400 -0.994760 0.102096
vn -0.955005 0.296201 -0.015200
vn -0.704193 0.709692 -0.021200
vn -0.115795 0.992961 0.024899
vn -0.402597 0.913693 -0.055500
vn -0.127700 0.988401 0.082200
vn -0.995039 0.080103 0.059002
vn -0.652097 0.165299 0.739896
vn -0.518896 0.044200 0.853694
vn -0.991756 0.072297 0.105795
vn -0.975517 -0.013600 0.219504
vn -0.995690 -0.017400 0.091099
vn 0.566200 0.822701 -0.050800
vn 0.093702 0.656916 0.748118
vn -0.008000 0.995005 0.099501
vn 0.108900 0.989702 0.092900
vn -0.014800 0.976413 0.215403
vn 0.026200 0.538999 0.841899
vn 0.029401 0.964127 0.263807
vn -0.008000 0.549178 0.835667
vn 0.807065 -0.588274 -0.050798
vn 0.750929 -0.659925 -0.024601
vn 0.725237 -0.688335 0.015001
vn 0.141801 -0.989510 0.027600
vn 0.456496 -0.887392 -0.064399
vn 0.468405 -0.883110 0.026700
vn 0.996035 -0.014901 0.087703
vn 0.971943 0.007100 0.235110
vn 0.563776 0.024499 0.825564
vn 0.954718 -0.053801 0.292606
vn -0.108595 -0.989054 -0.099895
vn -0.494008 -0.869115 -0.024400
vn -0.310611 -0.950433 -0.014100
vn -0.820249 -0.571364 -0.027098
vn -0.155196 -0.987777 -0.014500
vn -0.128596 -0.976668 0.171994
vn 0.116495 -0.992861 0.025599
vn -0.049400 -0.952091 0.301797
vn 0.009200 -0.957039 0.289812
vn 0.005600 -0.982210 0.187702
vn -0.910309 0.406204 0.079601
vn -0.970686 0.224897 -0.084799
vn -0.967229 0.064002 -0.245707
vn -0.994086 -0.000300 -0.108598
vn -0.977324 -0.004400 -0.211705
vn -0.088600 -0.632597 -0.769397
vn -0.256702 -0.955506 -0.145301
vn -0.027099 -0.929160 -0.368684
vn -0.105297 -0.986169 -0.127996
vn 0.026300 -0.957418 -0.287505
vn 0.001300 -0.827078 -0.562085
vn 0.028600 0.673989 -0.738188
vn 0.338015 0.640327 -0.689730
vn 0.128205 0.987235 -0.094503
vn 0.040902 0.948039 -0.315513
vn -0.006700 0.992991 -0.117999
vn 0.001800 0.994138 -0.108104
vn -0.012400 0.537979 -0.842867
vn -0.000200 0.972263 -0.233891
vn 0.076000 0.681996 -0.727396
vn 0.447995 0.492594 -0.746091
vn 0.051597 0.951151 -0.304384
vn -0.001800 0.991061 -0.133395
vn 0.010900 0.995087 -0.098399
vn -0.012200 0.533882 -0.845471
vn -0.000400 0.978635 -0.205607
vn 0.038301 0.711719 -0.701419
vn 0.409304 0.604505 -0.683406
vn 0.155196 0.983674 -0.091098
vn 0.028300 0.949199 -0.313400
vn -0.006800 0.993273 -0.115597
vn 0.005000 0.994762 -0.102096
vn 0.016799 0.528674 -0.848659
vn 0.643085 -0.109797 -0.757883
vn 0.686102 -0.727403 -0.012200
vn 0.967736 -0.219508 -0.123705
vn 0.949982 -0.052299 -0.307894
vn 0.992159 0.022199 -0.122995
vn 0.973722 0.004000 -0.227705
vn 0.529008 0.002600 -0.848613
vn -0.876182 0.466390 0.121597
vn -0.963392 0.261298 -0.059999
vn -0.956310 0.074501 -0.282703
vn -0.992747 -0.007200 -0.120006
vn -0.997190 0.015500 -0.073299
vn -0.539712 -0.019700 -0.841619
vn -0.974976 -0.007200 -0.222194
vn 0.699458 -0.031998 -0.713957
vn 0.546706 -0.444805 -0.709408
vn 0.983639 -0.160506 -0.081803
vn 0.951671 -0.054798 -0.302191
vn 0.993012 0.012000 -0.117401
vn 0.995067 0.001000 -0.099197
vn 0.974076 0.003500 -0.226194
vn -0.915680 0.378092 -0.136297
vn -0.955593 0.270598 -0.116699
vn -0.951815 0.059701 -0.300805
vn -0.992359 -0.021499 -0.121495
vn -0.996933 0.010100 -0.077603
vn -0.975922 -0.009700 -0.217905
vn -0.412602 -0.910905 0.003500
vn -0.234704 -0.969817 -0.066101
vn -0.059503 -0.954040 -0.293712
vn 0.001300 -0.990952 -0.134207
vn -0.015200 -0.995624 -0.092202
vn -0.003800 -0.975037 -0.222008
vn 0.009500 -0.988073 -0.153696
vn -0.255193 -0.953375 -0.161096
vn -0.060898 -0.655575 -0.752671
vn -0.181592 -0.973458 -0.139294
vn -0.041099 -0.945985 -0.321595
vn -0.003200 -0.990567 -0.136995
vn -0.120195 -0.988562 -0.091096
vn 0.000300 -0.971653 -0.236413
vn 0.004700 -0.523506 -0.852009
vn 0.935018 -0.307206 -0.177103
vn 0.643886 -0.085898 -0.760284
vn 0.959614 -0.223303 -0.171103
vn 0.924192 -0.040300 -0.379797
vn 0.988656 0.015499 -0.149393
vn 0.969391 0.003500 -0.245498
vn 0.503994 -0.029900 -0.863190
vn 0.564514 0.824021 -0.048101
vn 0.983627 0.179105 0.020001
vn 0.950815 0.309105 0.020100
vn 0.788693 0.614494 -0.019000
vn -0.902487 -0.429194 0.036199
vn -0.822013 -0.567409 0.048401
vn -0.132098 -0.991185 0.010100
vn -0.303805 -0.952317 -0.028200
vn -0.609911 -0.792215 0.020100
vn -0.034200 0.556105 0.830408
vn -0.382690 -0.000000 -0.923877
vn 0.384218 -0.000000 0.923243
vn -0.000500 0.593291 0.804988
vn -0.029499 0.561775 0.826764
vn 0.999994 0.001500 0.003100
vn 1.000000 -0.000200 -0.000600
vn 1.000000 -0.000000 -0.000400
vn -0.000400 -0.003500 0.999994
vn -0.000000 -0.393098 0.919496
vn -0.000100 -0.000500 1.000000
vn 0.047802 0.004500 -0.998847
vn 0.141606 -0.044002 -0.988945
vn 0.020300 -0.382597 -0.923692
vn -0.000400 0.002800 -0.999996
vn 0.126505 -0.422617 -0.897436
vn 0.020501 -0.208809 -0.977742
vn 0.360509 -0.133003 -0.923224
vn 0.586482 -0.110597 -0.802376
vn -0.381402 -0.027300 -0.924006
vn -0.922708 -0.012300 -0.385303
vn -0.782094 -0.098699 -0.615295
vn 0.969259 0.011200 0.245789
vn 0.848987 0.048399 0.526192
vn 0.668573 -0.052798 0.741770
vn -0.184708 -0.058603 0.981045
vn -0.043601 0.005800 0.999032
vn -0.022600 -0.376807 0.926016
vn -0.011400 -0.390016 -0.920738
vn 0.194597 -0.059399 -0.979083
vn 0.034902 -0.392822 -0.918952
vn -0.446289 -0.019400 -0.894678
vn -0.198106 -0.043201 -0.979228
vn -0.697292 -0.020600 -0.716491
vn -0.863539 -0.120305 -0.489722
vn -0.949949 -0.208789 -0.232388
vn -0.115501 -0.392405 0.912512
vn -0.018800 -0.182003 0.983118
vn -0.351813 -0.123905 0.927834
vn -0.455505 -0.169702 0.873909
vn -0.571982 -0.100597 0.814074
vn 0.551703 -0.096800 0.828404
vn 0.808471 -0.073097 0.583979
vn 0.409210 -0.005700 0.912422
vn 0.932537 -0.013701 0.360814
vn 0.009900 -0.941671 -0.336390
vn 0.060401 -0.983208 -0.172201
vn 0.014801 0.432020 0.901742
vn 0.047702 0.348114 0.936238
vn -0.000600 -0.001400 -0.999999
vn 0.017699 0.416283 -0.909063
vn 0.100400 0.273201 -0.956703
vn 0.335509 0.942025 -0.004800
vn -0.000000 0.933139 0.359515
vn -0.006900 -0.316190 0.948671
vn -0.020600 -0.782194 0.622695
vn 0.007400 0.970321 0.241705
vn 0.142794 0.758469 0.635874
vn 0.094498 -0.315593 0.944178
vn -0.004400 -0.314184 -0.949352
vn 0.009300 -0.938594 0.344898
vn 0.558725 -0.013901 0.829237
vn -0.387319 0.000100 0.921946
vn 0.601574 0.123795 0.789166
vn 0.371707 0.612511 0.697613
vn -0.310096 0.950687 0.005900
vn -0.001700 0.941865 -0.335987
vn -0.070896 0.283486 0.956352
vn -0.015800 0.431893 -0.901786
vn 0.000100 0.394583 -0.918860
vn -0.037701 0.324510 -0.945130
vn 0.007300 -0.339107 -0.940719
vn 0.022400 -0.796596 -0.604097
vn -0.000100 0.396392 0.918081
vn -0.056601 -0.769019 0.636715
vn -0.001700 0.972787 -0.231697
vn -0.109098 0.766684 -0.632687
vn -0.000600 0.004600 -0.999989
vn 0.154295 -0.525682 0.836571
vn -0.000000 -0.000100 1.000000
vn -0.973632 0.227908 -0.009900
vn -0.939881 0.002400 0.341493
vn -0.976384 0.004500 0.215996
vn -0.811112 0.221303 0.541408
vn -0.811020 0.040501 0.583615
vn 0.977013 0.213003 0.008700
vn 0.943491 0.001100 -0.331397
vn 0.977368 0.211393 0.008100
vn 0.963689 -0.004100 -0.266997
vn -0.552817 -0.062902 0.830925
vn -0.015300 -0.916820 -0.399009
vn 0.545314 -0.069802 -0.835321
vn -0.558200 -0.051600 0.828100
vn 0.007900 -0.922835 0.385115
vn -0.011700 -0.340611 0.940131
vn -0.000000 0.384012 -0.923328
vn 0.000100 0.928477 -0.371391
vn 0.901797 -0.033000 0.430898
vn 0.956216 0.019600 0.292005
vn 0.996072 0.040399 0.078798
vn 0.965497 0.247199 -0.081900
vn 0.999331 0.029601 -0.021501
vn 0.931188 0.080699 -0.355495
vn -0.973438 0.008100 -0.228809
vn 1.000000 0.000800 -0.000600
vn -0.953746 -0.017301 0.300115
vn -0.605103 -0.187701 0.773704
vn -0.996023 -0.038801 0.080202
vn -0.946066 0.007500 -0.323888
vn -0.595687 -0.095798 -0.797483
vn -0.000000 0.924819 0.380408
vn -0.000000 0.924819 -0.380408
vn 0.047798 -0.512481 -0.857367
vn 0.022600 -0.545805 -0.837607
vn 0.007200 -0.951975 0.306092
vn 0.130002 -0.619308 0.774310
vn -0.003300 -0.986620 0.163003
vn 0.175301 -0.979006 0.104001
vn 0.440405 -0.893011 -0.092601
vn -0.014200 0.499811 -0.866018
vn -0.095997 0.601381 0.793175
vn 0.012300 0.951209 0.308303
vn -0.140903 0.985823 0.091102
vn 0.013500 0.994231 -0.106403
vn 0.014700 0.985387 -0.169698
vn 0.973655 0.016701 0.227413
vn 0.988443 0.120405 0.092104
vn 0.977220 -0.018700 -0.211404
vn 0.998044 0.044202 -0.044202
vn 0.972419 0.004100 -0.233205
vn -0.529379 -0.023299 -0.848066
vn -0.987232 -0.034501 -0.155505
vn 1.000000 -0.000000 -0.000200
vn 1.000000 0.000700 -0.000500
vn 0.571804 -0.419703 0.704904
vn -0.949546 -0.014001 0.313315
vn -0.996614 -0.029100 0.076901
vn 0.962663 0.022199 -0.269790
vn 0.563690 0.031499 -0.825386
vn 0.978182 -0.004700 -0.207696
vn -0.925601 -0.000100 -0.378500
vn 0.685229 0.203809 0.699230
vn 0.987299 0.040600 0.153600
vn -0.969407 0.008800 -0.245302
vn 0.000500 -0.000400 -1.000000
vn -0.529496 -0.069099 -0.845494
vn -0.521199 -0.020100 -0.853198
vn 0.413298 -0.000700 -0.910596
vn 0.465303 0.016000 -0.885007
vn -0.985667 -0.014300 0.168094
vn -0.955255 -0.258088 0.144493
vn -0.984413 -0.158602 -0.076001
vn -0.943850 0.030298 -0.328983
vn -0.965238 -0.224109 -0.134505
vn 0.924664 -0.000100 0.380785
vn 0.001800 -0.999998 -0.000600
vn -0.000000 -1.000000 -0.000000
vn -0.030502 -0.482527 -0.875350
vn 0.011400 -0.527112 -0.849719
vn 0.142901 -0.681105 0.718105
vn -0.025599 -0.586878 0.809270
vn -0.006900 -0.526025 0.850441
vn 0.028901 -0.996432 0.079303
vn -0.014700 -0.985882 -0.166797
vn -0.007400 -0.995823 -0.091002
vn 0.004600 -0.868707 -0.495304
vn -0.004000 -0.962402 -0.271600
vn 0.004600 -0.962425 0.271507
vn -0.001900 -0.000500 -0.999998
vn 0.057100 -0.475603 -0.877805
vn -0.012300 -0.481994 -0.876088
vn 0.007300 -0.969192 0.246198
vn 0.125901 -0.980910 0.148202
vn 0.002800 -0.973704 -0.227801
vn 0.005200 -0.849148 -0.528130
vn -0.000200 1.000000 -0.000200
vn -0.000400 1.000000 -0.000500
vn -0.027201 0.993625 -0.109403
vn -0.031401 0.548111 -0.835816
vn -0.009900 0.953165 0.302289
vn -0.028799 0.997270 0.067998
vn 0.003500 0.974973 -0.222294
vn -0.024501 -0.966044 -0.257212
vn 0.062098 -0.920075 -0.386789
vn -0.067098 -0.976878 -0.202995
vn 0.011600 -0.972334 0.233308
vn 0.054002 -0.817830 0.572921
vn -0.077502 -0.818526 0.569218
vn -0.255102 -0.547305 0.797107
vn -0.074703 -0.923638 0.375915
vn -0.004900 0.984324 0.176304
vn -0.042702 0.996554 0.071104
vn -0.032201 0.991315 -0.127502
vn -0.000100 1.000000 -0.000100
vn -0.000400 1.000000 -0.000400
vn -0.000000 -0.001300 -0.999999
vn 0.009600 -0.205406 -0.978630
vn -0.000000 0.001600 -0.999999
vn -0.000000 0.000900 -1.000000
vn 0.028601 0.403020 -0.914744
vn 0.000700 0.357001 -0.934104
vn -0.000000 -0.001700 0.999999
vn 0.010000 -0.213710 0.976846
vn -0.000000 -0.000800 1.000000
vn 0.000800 -0.358181 0.933652
vn 0.028300 -0.402902 0.914805
vn -0.011601 0.368519 0.929548
vn -0.000000 0.001200 0.999999
vn -0.000100 -1.000000 0.000100
vn 0.401485 -0.915865 -0.001300
vn -0.296490 -0.954967 0.011500
vn -0.016101 -0.923934 -0.382214
vn -0.019500 -0.926007 -0.377003
vn 0.999999 -0.001200 -0.000000
vn 0.976679 0.214395 0.011500
vn 0.940368 -0.339788 0.015899
vn 0.999999 0.001600 -0.000000
vn 1.000000 0.000800 -0.000000
vn 0.936369 0.349689 -0.030499
vn 0.938743 0.344616 0.001600
vn 0.928789 0.370595 -0.003300
vn 0.213300 0.976702 -0.023600
vn 0.400082 0.916460 -0.006000
vn 0.282802 0.959107 0.011700
vn 0.007200 0.918748 -0.394778
vn 0.019401 0.926044 -0.376918
vn -0.999999 0.001400 -0.000100
vn -0.923427 0.383711 -0.007000
vn -0.934918 0.354407 0.018000
vn -0.999999 -0.001200 0.000400
vn -0.999999 -0.001000 0.000500
vn -0.933024 -0.359709 0.008700
vn -0.933693 -0.357997 -0.007500
vn 0.000100 -0.000000 -1.000000
vn 0.019299 -0.217991 -0.975760
vn 0.373390 -0.000400 -0.927674
vn 0.095397 -0.142596 -0.985173
vn -0.090003 -0.154205 0.983931
vn -0.020900 -0.228599 0.973296
vn -0.000100 -0.000000 1.000000
vn 0.376001 -0.005700 0.926602
vn 0.387409 0.018500 0.921722
vn 0.398306 -0.036801 0.916514
vn 0.046500 -0.990092 -0.132499
vn 0.395399 -0.918497 -0.004700
vn -0.002000 -0.986773 -0.162096
vn 0.954379 -0.298493 -0.007900
vn 0.924373 -0.381489 -0.000600
vn 0.939261 -0.342886 0.014799
vn 0.912496 -0.021900 -0.408498
vn 0.926486 -0.010100 -0.376194
vn 0.001700 0.999998 0.000500
vn -0.423882 0.905661 -0.010100
vn 0.392295 0.919787 0.009800
vn -0.003700 0.999993 -0.000300
vn -0.001700 0.999999 -0.000000
vn 0.380197 0.924892 0.005000
vn -0.993337 0.114404 -0.013901
vn -0.924288 -0.381695 -0.001100
vn -0.981742 0.189008 -0.021401
vn -0.934816 -0.004300 -0.355106
vn -0.920280 0.031499 -0.389991
vn 0.024000 -0.226598 -0.973693
vn 0.373601 -0.012800 -0.927501
vn 0.376590 -0.002800 0.926376
vn 0.382298 0.009000 0.923995
vn -0.262009 -0.964933 -0.016001
vn -0.378609 -0.925523 -0.007900
vn -0.302996 -0.952886 0.014200
vn 0.047598 -0.989852 -0.133894
vn -0.002200 -0.986757 -0.162193
vn 0.315207 -0.949022 -0.001200
vn 0.383610 -0.923424 -0.011500
vn 0.924153 -0.382022 -0.000800
vn 0.938998 -0.343599 0.014900
vn 0.910178 -0.022799 -0.413590
vn 0.927908 0.002200 -0.372803
vn -0.424486 0.905371 -0.010700
vn 0.002700 0.999996 0.000800
vn -0.924252 -0.381780 -0.001100
vn -0.981746 0.188990 -0.021399
vn -0.934816 -0.004400 -0.355106
vn -0.999994 0.003500 -0.000100
vn -0.940921 -0.338507 -0.009000
vn -0.968679 -0.245695 0.035999
vn -0.923996 0.008900 0.382298
vn -0.926256 -0.003200 0.376882
vn -1.000000 -0.000000 -0.000100
vn -0.986774 -0.131496 -0.094797
vn -1.000000 -0.000000 -0.000000
vn 0.985235 -0.145205 0.090703
vn 0.935214 -0.352505 0.033400
vn 0.999999 0.001100 -0.000400
vn 0.918208 -0.008700 0.396003
vn 0.999996 0.002800 -0.000000
vn 0.967638 -0.249510 -0.037701
vn 0.929072 -0.017399 -0.369489
vn 0.915780 0.008500 -0.401591
vn 0.920651 -0.043802 -0.387921
vn -0.008700 -0.962708 0.270402
vn -0.006100 -0.924512 0.381105
vn 0.014200 -0.950107 0.311602
vn -0.078502 -0.995027 -0.061302
vn 0.000300 -0.999999 -0.001400
vn -0.000900 -0.950182 -0.311694
vn -0.013600 -0.923278 -0.383891
vn -0.000100 0.999996 -0.002900
vn 0.000300 0.920900 -0.389800
vn 0.013900 0.909805 -0.414802
vn 0.000500 0.999995 0.003200
vn 0.000400 0.999998 0.002100
vn 0.000200 0.922327 0.386411
vn -0.008700 0.915022 0.403310
vn -0.008300 0.927108 0.374703
vn -0.010701 0.108405 0.994049
vn -0.388588 0.016099 0.921271
vn -0.017200 0.183996 0.982777
vn -1.000000 -0.000100 0.000400
vn -0.909939 0.004400 0.414718
vn -1.000000 0.000100 0.000100
vn -0.948693 -0.022500 -0.315398
vn -0.916441 -0.019001 -0.399718
vn -0.999999 0.000600 -0.001200
vn 0.999999 -0.000100 0.001300
vn 0.920775 0.001700 0.390090
vn 0.948338 -0.023201 0.316413
vn 1.000000 0.000100 -0.000200
vn 0.912115 -0.004700 -0.409907
vn 0.940865 -0.037599 -0.336688
vn 0.943189 -0.074499 -0.323796
vn -0.038999 -0.998664 0.033899
vn -0.146003 -0.989223 0.011000
vn -0.013300 -0.992380 0.122497
vn 0.012100 -0.987539 0.156906
vn 0.015201 -0.991436 -0.129705
vn -0.011900 -0.987606 -0.156501
vn 0.135600 -0.990703 0.011000
vn 0.165695 -0.986171 -0.003400
vn 0.000200 -0.001400 -0.999999
vn 0.411103 -0.012200 -0.911507
vn -0.000700 0.001700 -0.999998
vn -0.429207 0.012900 -0.903114
vn -0.342015 -0.040002 -0.938843
vn 0.000900 -0.000400 -1.000000
vn 0.309094 -0.040199 -0.950182
vn -0.013101 0.988045 -0.153607
vn -0.018100 0.998300 0.055400
vn 0.028301 0.995647 -0.088804
vn -0.029399 0.998763 0.040099
vn -0.165702 0.986113 0.011100
vn -0.091999 0.995393 -0.027000
vn 0.164001 0.986408 -0.010100
vn 0.090397 0.995569 0.025899
vn -0.000500 0.000200 1.000000
vn -0.420479 -0.009400 0.907254
vn -0.000400 -0.000000 1.000000
vn 0.000600 -0.000300 1.000000
vn 0.340391 0.014400 0.940174
vn -0.910365 0.004300 0.413784
vn -0.948701 -0.022100 -0.315400
vn -0.915076 -0.017800 -0.402889
vn 0.999999 -0.000500 0.001200
vn 0.911722 -0.018100 0.410410
vn 0.940551 -0.043298 0.336882
vn 0.926782 -0.002200 -0.375593
vn 0.942942 -0.074503 -0.324514
vn 0.935213 -0.066401 -0.347805
vn -0.038899 -0.998668 0.033899
vn 0.165792 -0.986154 -0.003500
vn -0.000200 -0.000100 -1.000000
vn -0.372890 0.000400 -0.927875
vn -0.000200 -0.000000 -1.000000
vn 0.426980 -0.002100 -0.904258
vn 0.388106 -0.000300 -0.921615
vn 0.302201 -0.040000 -0.952404
vn 0.000700 0.000400 -1.000000
vn -0.165799 0.986097 0.011100
vn 0.164099 0.986392 -0.010100
vn 0.090397 0.995566 0.025999
vn 0.991178 -0.127697 0.035499
vn 0.000100 0.000800 1.000000
vn 0.411801 0.011400 0.911202
vn -0.000900 -0.001700 0.999998
vn 0.000900 0.000300 1.000000
vn 0.307011 0.018001 0.951536
vn -0.192596 -0.296594 -0.935382
vn -0.649483 -0.321891 -0.688882
vn -0.660292 -0.085799 -0.746091
vn -0.925095 -0.290298 -0.244799
vn -0.604099 -0.764398 -0.225300
vn -0.643609 -0.763510 -0.053101
vn -0.924173 0.306691 -0.227693
vn -0.651390 0.322295 -0.686889
vn -0.706783 0.085998 -0.702183
vn -0.214104 0.276305 -0.936918
vn -0.198503 0.751711 -0.628909
vn -0.050297 0.749962 -0.659566
vn 0.932906 0.277102 -0.230002
vn 0.624796 0.752296 -0.208999
vn 0.641618 0.765021 -0.055402
vn 0.205492 0.296188 -0.932762
vn 0.681000 0.288400 -0.673100
vn 0.678485 0.077798 -0.730483
vn 0.226394 -0.274093 -0.934676
vn 0.228400 -0.735298 -0.638099
vn 0.055902 -0.747222 -0.662219
vn 0.930570 -0.293991 -0.218193
vn 0.664033 -0.277414 -0.694335
vn 0.720800 -0.080100 -0.688500
vn -0.215401 -0.284701 0.934103
vn -0.192905 -0.761319 0.619016
vn -0.051199 -0.760782 0.646985
vn -0.927165 -0.307388 0.214192
vn -0.655694 -0.302697 0.691694
vn -0.717138 -0.081604 0.692137
vn 0.933195 -0.281099 0.223899
vn 0.636222 -0.738026 0.224808
vn 0.664711 -0.745512 0.048701
vn 0.214497 -0.305295 0.927786
vn 0.694298 -0.283499 0.661498
vn 0.689537 -0.081604 0.719639
vn 0.228393 0.283191 0.931472
vn 0.206405 0.759319 0.617115
vn 0.053999 0.760080 0.647583
vn 0.932482 0.299794 0.201496
vn 0.672503 0.294901 0.678803
vn 0.731394 0.079599 0.677294
vn -0.928014 0.291804 0.231603
vn -0.620607 0.749508 0.230402
vn -0.650408 0.758009 0.048901
vn -0.201794 0.306390 0.930271
vn -0.680490 0.289396 0.673190
vn -0.675416 0.083302 0.732717
vn -0.102095 -0.994453 -0.025299
vn -0.289591 -0.953069 -0.088297
vn -0.056299 -0.990175 -0.127997
vn -0.904009 0.393204 -0.167802
vn -0.984658 0.089496 -0.149794
vn -0.434191 0.111598 -0.893881
vn -0.477778 0.552275 -0.683169
vn -0.154196 0.609584 -0.777580
vn 0.506590 0.830584 -0.231295
vn 0.506611 0.534611 -0.676414
vn 0.166806 0.619923 -0.766728
vn 0.306685 -0.837759 -0.451778
vn 0.300010 -0.947630 -0.109504
vn -0.059601 -0.994824 0.082302
vn -0.310195 -0.866185 0.391793
vn -0.301597 -0.948889 0.092999
vn 0.106901 -0.994209 0.011000
vn 0.299189 -0.951066 0.077197
vn 0.056998 -0.991671 0.115497
vn 0.453598 0.127100 0.882097
vn 0.488691 0.585089 0.647188
vn 0.167300 0.642500 0.747800
vn 0.995930 0.087303 0.022401
vn 0.904893 0.401397 0.141599
vn 0.987742 0.088904 0.128305
vn -0.993005 0.015100 0.117101
vn -0.890137 0.097604 0.445118
vn -0.988115 0.103002 0.114102
vn -0.908751 0.388122 0.153409
vn -0.488501 0.852202 0.187400
vn -0.548105 0.835608 0.036600
vn -0.497613 0.553414 0.667917
vn -0.169898 0.649893 0.740792
vn -0.101996 -0.994466 -0.025199
vn -0.056002 -0.990230 -0.127704
vn -0.904063 0.393084 -0.167793
vn -0.984673 0.089498 -0.149696
vn -0.434225 0.111706 -0.893851
vn -0.477882 0.552179 -0.683174
vn -0.154098 0.609594 -0.777592
vn 0.506567 0.830545 -0.231485
vn 0.300006 -0.947620 -0.109602
vn -0.310285 -0.866159 0.391781
vn -0.301687 -0.948861 0.092996
vn 0.299309 -0.951028 0.077202
vn 0.488615 0.585118 0.647219
vn 0.995939 0.087203 0.022401
vn 0.987766 0.088797 0.128196
vn -0.993017 0.015100 0.117002
vn -0.890237 0.097604 0.444918
vn -0.908838 0.387916 0.153406
vn -0.488619 0.852133 0.187407
vn -0.548173 0.835559 0.036698
vn -0.497694 0.553493 0.667792
vn -0.064500 -0.808899 0.584399
vn -0.137200 -0.960097 0.243699
vn -0.095898 -0.108298 0.989482
vn -0.429513 -0.468014 0.772323
vn -0.107802 -0.425910 0.898320
vn -0.141904 0.385511 0.911726
vn -0.128100 0.087400 0.987903
vn -0.880117 0.120502 0.459209
vn -0.649412 0.573110 0.499809
vn -0.749875 0.639579 0.169194
vn -0.200096 0.832585 -0.516491
vn -0.644813 0.553412 -0.527211
vn -0.738219 0.650017 -0.180305
vn -0.752914 -0.507909 -0.418508
vn -0.803384 -0.590488 -0.076798
vn -0.325605 -0.897614 -0.297105
vn -0.087798 -0.953780 -0.287394
vn 0.087701 -0.994308 0.060500
vn 0.371697 -0.884392 0.282298
vn 0.096703 -0.953034 0.287010
vn 0.013800 -0.959519 -0.281306
vn 0.070998 -0.796780 -0.600085
vn 0.140501 -0.959109 -0.245702
vn 0.891884 0.113498 -0.437792
vn 0.670715 0.564512 -0.481111
vn 0.771897 0.614998 -0.161099
vn 0.024200 0.087398 -0.995879
vn 0.157904 0.396110 -0.904524
vn 0.140003 0.085902 -0.986418
vn 0.127996 0.014300 0.991672
vn 0.468011 0.092002 0.878921
vn 0.125094 0.100395 0.987052
vn 0.169303 0.380107 0.909316
vn 0.209709 0.845936 0.490321
vn 0.040101 0.831812 0.553608
vn 0.693174 0.528980 0.489582
vn 0.765026 0.622422 0.165306
vn -0.833153 -0.533670 0.145092
vn -0.600816 -0.550515 0.579615
vn -0.717079 -0.201994 0.667080
vn -0.107695 -0.907960 0.404982
vn -0.141703 -0.984722 0.101202
vn -0.200192 0.405584 0.891866
vn -0.648486 0.422691 0.633086
vn -0.703414 0.119202 0.700714
vn -0.908425 0.364610 0.204506
vn -0.516169 0.840149 0.166490
vn -0.542997 0.838796 0.039700
vn -0.893582 0.408692 -0.185696
vn -0.646583 0.397190 -0.651283
vn -0.716082 0.122497 -0.687183
vn -0.174394 -0.523683 -0.833872
vn -0.617696 -0.524797 -0.585696
vn -0.704316 -0.192404 -0.683315
vn -0.129504 -0.991529 -0.010000
vn -0.419093 -0.902585 -0.098498
vn -0.107803 -0.985530 -0.130804
vn 0.410512 -0.905927 0.103803
vn 0.107803 -0.985530 0.130804
vn 0.171696 -0.537988 0.825281
vn 0.617817 -0.528514 0.582216
vn 0.707483 -0.193995 0.679584
vn 0.843789 -0.515693 -0.148598
vn 0.604596 -0.525496 -0.598596
vn 0.710986 -0.191296 -0.676687
vn 0.107698 -0.907284 -0.406493
vn 0.137403 -0.985321 -0.101302
vn 0.907025 0.367410 -0.205706
vn 0.527275 0.835160 -0.156492
vn 0.544936 0.837455 -0.041403
vn 0.202794 0.409088 -0.889675
vn 0.672476 0.393286 -0.626978
vn 0.712009 0.121901 -0.691508
vn 0.902712 0.392105 0.177102
vn 0.650302 0.386001 0.654302
vn 0.719095 0.123799 0.683795
vn -0.833210 -0.533606 0.145002
vn -0.717030 -0.202009 0.667128
vn -0.141801 -0.984708 0.101201
vn -0.703405 0.119301 0.700705
vn -0.908407 0.364603 0.204602
vn -0.542999 0.838799 0.039600
vn -0.893598 0.408699 -0.185600
vn -0.646684 0.397190 -0.651184
vn -0.174491 -0.523674 -0.833858
vn -0.617700 -0.524900 -0.585600
vn -0.704268 -0.192391 -0.683369
vn -0.129602 -0.991516 -0.010000
vn -0.419097 -0.902594 -0.098399
vn 0.410388 -0.905973 0.103897
vn 0.171802 -0.537908 0.825312
vn 0.617781 -0.528484 0.582282
vn 0.707469 -0.194092 0.679570
vn 0.843685 -0.515891 -0.148497
vn 0.604533 -0.525528 -0.598632
vn 0.107802 -0.907220 -0.406609
vn 0.527202 0.835204 -0.156501
vn 0.544890 0.837485 -0.041399
vn 0.202803 0.409005 -0.889711
vn 0.672448 0.393228 -0.627045
vn 0.712058 0.121893 -0.691459
vn 0.902692 0.392197 0.176998
vn -0.364788 0.006200 -0.931070
vn -0.926241 -0.017701 -0.376517
vn -0.041297 0.419873 -0.906643
vn -0.012800 0.695709 -0.718209
vn 0.010000 0.951913 -0.306204
vn 0.380399 -0.006600 -0.924799
vn 0.930037 0.020101 -0.366915
vn 0.048101 -0.380510 -0.923525
vn 0.013400 -0.708791 -0.705291
vn -0.010300 -0.951978 -0.305993
vn -0.041703 -0.428127 0.902756
vn -0.013400 -0.703082 0.710982
vn -0.009200 -0.928623 0.370909
vn 0.009100 -0.953735 0.300511
vn 0.388514 0.004100 0.921434
vn 0.935620 -0.020600 0.352407
vn 0.044697 0.428273 0.902543
vn 0.014001 0.703227 0.710827
vn 0.001300 0.930809 0.365504
vn -0.009600 0.953797 0.300299
vn -0.372801 -0.003800 0.927903
vn -0.932002 0.018100 0.362001
vn 0.285690 -0.957967 -0.026099
vn 0.299492 -0.954074 -0.006900
vn 0.178491 -0.980652 -0.080396
vn 0.409323 -0.912150 0.020901
vn 0.664479 -0.746977 -0.022199
vn -0.271600 -0.962098 0.024500
vn -0.289605 -0.957117 0.007500
vn -0.167793 -0.982858 0.076397
vn -0.391493 -0.919983 -0.019100
vn -0.908360 -0.418181 0.002600
vn 0.915303 0.400002 -0.047100
vn 0.971187 0.226897 -0.072899
vn 0.645517 0.763520 -0.018600
vn 0.414592 0.909783 -0.020200
vn -0.271495 0.962083 -0.026200
vn -0.289999 0.956997 -0.007600
vn -0.167991 0.982347 -0.082296
vn -0.408114 0.912931 -0.000600
vn -0.653003 0.757003 -0.023100
vn -0.988823 -0.088202 -0.120203
vn -0.965548 -0.043802 -0.256513
vn -0.844421 -0.131403 -0.519313
vn -0.792605 -0.062700 -0.606504
vn -0.128006 0.215209 -0.968142
vn 0.137006 0.930642 -0.339315
vn 0.480787 0.028399 -0.876377
vn 0.840412 0.024200 -0.541408
vn 0.390001 0.004700 -0.920802
vn 0.964315 0.018600 -0.264104
vn 0.088199 -0.867591 -0.489395
vn 0.537623 -0.108805 0.836136
vn 0.333015 -0.200109 0.921443
vn 0.990878 -0.089898 0.100398
vn 0.970644 -0.049897 0.235287
vn 0.863097 -0.134500 0.486799
vn 0.942966 -0.001100 0.332888
vn 0.807498 -0.073300 0.585298
vn 0.135902 0.231004 0.963415
vn -0.142397 0.942679 0.301793
vn -0.862382 0.027899 0.505489
vn -0.938923 -0.009100 0.344008
vn -0.969456 0.018199 0.244589
vn 0.277492 -0.960572 -0.017299
vn 0.103796 -0.994463 -0.016399
vn 0.347510 -0.937628 0.009500
vn 0.662089 -0.748788 -0.030899
vn -0.273396 -0.961786 0.014900
vn -0.103902 -0.994522 0.011400
vn -0.392310 -0.919624 -0.019601
vn -0.355891 -0.934477 -0.009700
vn -0.667025 -0.744528 0.027501
vn 0.983110 0.098101 -0.154502
vn 0.990806 0.132101 -0.029200
vn 0.997327 0.043501 -0.058702
vn 0.903249 0.428376 -0.025199
vn 0.846881 0.531388 -0.020500
vn 0.834903 0.549302 -0.034700
vn 0.915381 0.401792 -0.025299
vn 0.924602 0.380501 -0.018200
vn -0.885043 0.464870 -0.024398
vn -0.902071 0.430686 -0.027899
vn -0.947228 0.320109 -0.017001
vn -0.378208 0.925720 -0.000300
vn -0.828926 0.559218 -0.012500
vn -0.988827 -0.088302 -0.120103
vn -0.965519 -0.043901 -0.256605
vn -0.844461 -0.131294 -0.519276
vn -0.792476 -0.062598 -0.606682
vn 0.441320 0.145707 -0.885441
vn 0.368694 0.011000 -0.929486
vn 0.189799 0.021200 -0.981594
vn 0.843874 0.028499 -0.535784
vn 0.392803 -0.005300 -0.919607
vn 0.964262 0.018699 -0.264290
vn 0.537617 -0.108903 0.836127
vn 0.333104 -0.200103 0.921412
vn 0.990887 -0.089799 0.100399
vn 0.970616 -0.049901 0.235404
vn 0.863067 -0.134395 0.486881
vn 0.941839 0.013001 0.335814
vn 0.807422 -0.073202 0.585416
vn -0.142499 0.942694 0.301698
vn -0.862425 0.027901 0.505415
vn -0.969428 0.018101 0.244707
vn 0.277610 -0.960536 -0.017401
vn 0.103895 -0.994453 -0.016399
vn 0.662031 -0.748835 -0.031001
vn -0.396886 -0.917867 0.001500
vn -0.352710 -0.935727 0.003400
vn 0.990819 0.132003 -0.029201
vn 0.903251 0.428377 -0.025099
vn 0.846997 0.531198 -0.020600
vn 0.922599 0.385200 -0.020800
vn 0.761087 0.647489 -0.038799
vn 0.416612 0.909025 -0.010400
vn 0.739613 0.672711 -0.020800
vn 0.365918 0.930647 -0.000400
vn 0.915379 0.401791 -0.025399
vn -0.885084 0.464792 -0.024400
vn -0.902148 0.430523 -0.027901
vn -0.947198 0.320199 -0.017000
vn -0.378208 0.925720 -0.000400
vn -0.829004 0.559103 -0.012500
vn -0.817286 -0.119098 0.563790
vn -0.916369 -0.043299 0.397986
vn -0.955563 -0.209892 0.206992
vn -0.210807 -0.052202 0.976133
vn -0.491784 -0.151295 0.857472
vn -0.580892 -0.079499 0.810089
vn -0.964574 0.225694 0.136596
vn -0.305587 0.941259 -0.143694
vn -0.380409 0.013400 -0.924721
vn -0.490518 0.032301 -0.870832
vn -0.245004 0.024400 -0.969215
vn -0.247405 -0.967621 0.050001
vn -0.026599 -0.994367 0.102597
vn -0.770737 -0.499924 0.395019
vn -0.763386 -0.645489 0.024200
vn 0.808895 -0.579996 0.096399
vn 0.265892 -0.962772 -0.048699
vn 0.035499 -0.994671 -0.096797
vn 0.762179 -0.534185 -0.365690
vn 0.775603 -0.630802 -0.023000
vn 0.840018 -0.149303 -0.521611
vn 0.942667 -0.163594 -0.290890
vn 0.108597 -0.106397 -0.988376
vn 0.249691 -0.053198 -0.966863
vn 0.520210 -0.149703 -0.840816
vn 0.346388 0.006600 -0.938068
vn 0.600403 -0.081800 -0.795503
vn 0.967254 0.216790 -0.131994
vn 0.326706 0.934518 0.141203
vn 0.524793 0.027400 0.850789
vn 0.352710 0.003400 0.935727
vn 0.255415 0.018401 0.966656
vn 0.918580 0.005900 0.395191
vn 0.370791 -0.008600 0.928677
vn -0.014300 -0.963921 -0.265806
vn -0.011600 -0.994520 -0.103902
vn -0.022600 -0.218802 -0.975508
vn 0.013199 -0.388484 -0.921361
vn -0.010800 -0.549395 -0.835493
vn -0.004800 -0.746014 -0.665913
vn -0.080204 -0.766238 -0.637532
vn -0.005400 -0.382720 -0.923849
vn -0.001500 -0.382192 -0.924082
vn 0.015801 -0.964034 0.265309
vn 0.014000 -0.994479 0.103998
vn 0.005500 -0.921341 0.388717
vn -0.010000 -0.938697 0.344599
vn 0.028501 -0.764637 0.643831
vn -0.133193 0.095795 -0.986450
vn -0.024700 0.130197 -0.991180
vn -0.047801 0.043001 -0.997931
vn -0.019600 0.420290 -0.907178
vn -0.014800 0.519284 -0.854474
vn -0.019901 0.464916 0.885131
vn -0.021499 0.422788 0.905974
vn 0.012300 0.359314 0.933136
vn 0.027300 0.295304 0.955013
vn -0.009500 0.553197 0.832996
vn -0.942741 -0.181508 0.279812
vn -0.942754 -0.074396 0.325084
vn -0.938515 -0.312705 0.146302
vn -0.696614 -0.100902 0.710315
vn -0.302103 -0.040600 0.952410
vn -0.891399 0.452700 0.021700
vn -0.253403 0.966911 -0.029500
vn -0.951516 0.110402 -0.287105
vn -0.943464 0.042898 -0.328687
vn -0.974678 0.167096 -0.148597
vn -0.704206 0.069301 -0.706606
vn -0.299105 0.019700 -0.954017
vn -0.463694 -0.885488 -0.030000
vn 0.463892 -0.885384 0.029999
vn 0.040400 -0.998891 -0.024200
vn 0.942724 -0.181605 -0.279807
vn 0.938515 -0.312705 -0.146302
vn 0.696715 -0.100902 -0.710216
vn 0.891399 0.452700 -0.021700
vn 0.253192 0.966969 0.029399
vn 0.951516 0.110402 0.287105
vn 0.952463 0.044498 0.301388
vn 0.974678 0.167096 0.148597
vn -0.027400 -0.998902 -0.038000
vn -0.012199 -0.380379 -0.924750
vn -0.023500 -0.645010 -0.763812
vn 0.032199 -0.893162 -0.448581
vn 0.027201 -0.998919 0.037701
vn 0.013400 -0.389390 0.920976
vn 0.023500 -0.645499 0.763399
vn -0.032102 -0.893145 0.448622
vn 0.029099 0.970364 -0.239891
vn -0.024699 0.252894 0.967179
vn -0.032001 0.506712 0.861521
vn 0.012099 0.987557 0.156793
vn -0.021799 0.975752 0.217789
vn -0.942724 -0.181605 0.279807
vn -0.942846 -0.074404 0.324816
vn -0.407320 -0.024901 0.912946
vn -0.696809 -0.101001 0.710109
vn -0.951259 0.024899 0.307387
vn -0.891355 0.452777 0.021899
vn -0.956414 0.046401 -0.288304
vn -0.463692 -0.885485 -0.030099
vn 0.463692 -0.885485 0.030099
vn 0.942706 -0.181701 -0.279802
vn 0.696910 -0.101001 -0.710010
vn 0.891397 0.452699 -0.021800
vn 0.253191 0.966966 0.029499
vn 0.951505 0.110501 0.287102
vn 0.942967 0.042299 0.330188
vn 0.974693 0.167099 0.148499
vn 0.704301 0.069400 0.706501
vn 0.950170 -0.032899 0.309990
vn 0.013400 -0.389510 0.920925
vn 0.029101 0.970334 -0.240009
vn 0.000100 -1.000000 -0.000000
vn 0.317391 -0.948174 -0.015100
vn 0.021800 -0.926319 0.376108
vn -0.007800 -0.957480 0.288394
vn 0.932927 0.359210 0.024801
vn 1.000000 -0.000600 -0.000800
vn 0.999997 -0.001300 -0.002300
vn -0.296216 0.955052 -0.011501
vn -0.380308 0.924820 0.008600
vn -0.021900 0.926317 0.376107
vn 0.008000 0.957479 0.288394
vn -0.940041 -0.340715 -0.015401
vn -0.999999 -0.001300 -0.000000
vn -0.999999 0.001600 -0.000000
vn -1.000000 0.000800 -0.000000
vn 0.925822 -0.377009 -0.026801
vn 0.920089 -0.391596 0.009400
vn 0.303998 -0.952393 0.023100
vn 0.178106 -0.981232 0.073902
vn 0.201104 -0.957318 0.207604
vn 0.664297 -0.747096 0.023600
vn -0.416818 -0.908939 0.009600
vn -0.288208 -0.957228 -0.025501
vn -0.167793 -0.982456 -0.081396
vn -0.203202 -0.956308 -0.210202
vn -0.652657 -0.757251 -0.024698
vn 0.674501 0.737801 0.026400
vn 0.640028 0.767033 0.045002
vn 0.927373 0.372589 0.033999
vn -0.931092 0.361897 0.045800
vn -0.289010 0.957033 0.023701
vn -0.167803 0.982917 0.075601
vn -0.188700 0.959798 0.207800
vn -0.652769 0.757164 0.024399
vn -0.000000 1.000000 -0.000000
vn -0.020600 -0.707906 -0.706006
vn -0.037999 -0.749786 -0.660588
vn -0.026401 -0.412815 -0.910432
vn -0.011500 -0.368192 -0.929679
vn -0.015000 -0.596888 -0.802184
vn -0.021100 0.715003 0.698803
vn -0.039100 0.761492 0.646994
vn -0.027199 0.421387 0.906473
vn -0.015099 0.598266 0.801155
vn -0.000400 0.000200 -1.000000
vn 0.051502 -0.062102 -0.996740
vn 0.001500 -0.002400 -0.999996
vn -0.000400 -0.000400 -1.000000
vn -0.028501 -0.403021 -0.914747
vn 0.022800 -0.321900 0.946499
vn -0.000800 0.000500 1.000000
vn -0.002400 0.001400 0.999996
vn -0.028899 0.403388 0.914573
vn 0.021300 0.707996 -0.705896
vn 0.040498 0.749669 -0.660573
vn 0.028299 0.413690 -0.909978
vn 0.015500 0.596595 -0.802393
vn 0.021499 -0.727970 0.685272
vn 0.041798 -0.761458 0.646865
vn 0.033200 -0.380495 0.924187
vn 0.001400 0.999999 -0.000000
vn 0.252005 0.967620 0.014300
vn 0.380983 -0.924558 0.006700
vn 0.010700 -0.990610 0.136301
vn 0.945886 0.324395 -0.008200
vn 0.924168 -0.381987 0.000500
vn 0.925442 0.043202 0.376417
vn 0.979813 0.018000 0.199103
vn -0.002800 0.999996 0.000100
vn -0.385089 0.922873 0.003400
vn -0.403617 0.914840 -0.012701
vn 0.003000 0.999995 -0.000600
vn 0.002100 0.999998 -0.000500
vn 0.331008 0.943622 0.003300
vn 0.413189 0.910277 0.025899
vn -0.957073 -0.289792 0.005700
vn -0.924323 -0.381610 0.000600
vn -0.929310 -0.369004 -0.014800
vn -0.927050 -0.010899 0.374780
vn -0.974939 -0.045802 0.217709
vn 0.380897 -0.924593 0.006700
vn 0.924168 -0.381987 0.000400
vn 0.925074 0.034799 0.378189
vn 0.979776 0.017900 0.199295
vn -0.385210 0.922823 0.003400
vn -0.403581 0.914857 -0.012599
vn -0.957037 -0.289911 0.005700
vn -0.924168 -0.381987 0.000800
vn -0.929195 -0.369298 -0.014700
vn -0.974917 -0.045801 0.217804
vn 0.952886 -0.303196 0.009000
vn 0.689000 -0.724200 0.028500
vn 0.933639 -0.357915 -0.014701
vn 0.314789 -0.949067 -0.013400
vn 0.976813 0.213303 0.018400
vn -0.921888 0.381795 0.065999
vn -0.353907 0.934618 0.035201
vn -0.174192 0.984057 0.035898
vn -0.890910 0.452805 0.035300
vn 0.952857 -0.303286 0.009000
vn 0.933492 -0.358297 -0.014700
vn 0.976792 0.213398 0.018400
vn -0.921894 0.381797 0.065900
vn -0.353819 0.934651 0.035202
vn -0.174210 0.984054 0.035902
vn -0.379695 -0.925088 0.006700
vn -0.953722 -0.300507 -0.010500
vn -0.675403 -0.736603 -0.035300
vn -0.936707 -0.349802 0.014800
vn -0.262008 -0.964931 -0.016101
vn -0.353801 -0.935103 -0.020200
vn -0.953788 -0.300296 -0.010500
vn -0.936488 -0.350396 0.014600
vn -0.000000 1.000000 -0.000100
vn -0.007500 -0.329896 0.943988
vn -0.028800 -0.749912 0.660910
vn -0.003800 -0.397787 0.917470
vn 0.024101 0.645217 -0.763620
vn -0.031600 0.718111 -0.695211
vn 0.000500 -0.953116 -0.302605
vn -0.006800 -0.931607 -0.363403
vn 0.000100 -0.999999 0.001300
vn 0.003100 0.452404 -0.891808
vn -0.007600 0.281693 -0.959475
vn 0.370779 0.046697 -0.927547
vn 0.209392 0.018199 -0.977662
vn 0.000100 0.999996 0.002700
vn -0.012801 0.914440 0.404518
vn -0.000500 0.999996 -0.002900
vn -0.000400 0.999998 -0.002000
vn 0.004400 -0.312412 0.949937
vn 0.000700 -0.380579 0.924748
vn -0.012599 -0.372981 0.927753
vn 0.227406 -0.051701 0.972427
vn 0.025002 -0.769348 -0.638340
vn 0.033599 -0.751489 -0.658890
vn 0.018999 0.206991 -0.978158
vn 0.084998 0.683287 -0.725186
vn 0.029799 0.667877 -0.743675
vn 0.038700 0.934898 0.352799
vn 0.041201 0.984234 0.172006
vn 0.037299 0.446782 0.893865
vn 0.370804 0.000200 0.928711
vn -0.000700 0.000400 1.000000
vn 0.000200 -0.000100 1.000000
vn 0.000200 -0.000000 1.000000
vn -0.944130 -0.149905 -0.293509
vn -0.939438 -0.309112 -0.148006
vn -0.831269 -0.533680 -0.155494
vn -0.721792 -0.120199 -0.681593
vn 0.309887 0.014599 0.950661
vn 0.901591 -0.009000 0.432496
vn 0.944102 -0.149900 0.293601
vn 0.939438 -0.309112 0.148006
vn 0.835682 -0.527589 0.152597
vn 0.721686 -0.120298 0.681687
vn -0.310093 0.015500 -0.950580
vn -0.944116 -0.149803 -0.293605
vn -0.939479 -0.308993 -0.147997
vn -0.831281 -0.533688 -0.155397
vn -0.721607 -0.120101 -0.681806
vn 0.309799 0.014100 0.950697
vn 0.944116 -0.149803 0.293605
vn 0.939450 -0.309083 0.147992
vn 0.835695 -0.527597 0.152499
vn 0.721783 -0.120297 0.681584
vn -0.999999 0.000400 0.001100
vn -0.945609 0.018100 0.324803
vn -1.000000 -0.000300 -0.000200
vn -0.999999 -0.001400 -0.000700
vn 0.952291 0.007600 -0.305097
vn 0.999999 -0.001200 -0.000400
vn 0.999999 0.000700 0.000800
vn 1.000000 -0.000500 -0.000000
vn -0.000600 -0.000300 -1.000000
vn 0.000700 0.000100 -1.000000
vn 0.000200 -0.000100 -1.000000
vn -0.945679 0.018200 0.324593
vn -0.999999 -0.001400 -0.000600
vn 0.936631 0.002200 -0.350311
vn 1.000000 -0.000400 -0.000900
vn 1.000000 0.000100 0.000600
vn 1.000000 -0.000100 0.000200
vn -0.340303 0.014300 -0.940207
vn -0.000300 -0.000700 -1.000000
vn 0.000900 0.000700 -0.999999
vn -0.000000 -0.000500 -1.000000
vn -0.311708 -0.022001 0.949923
vn -0.952987 0.079499 0.292396
vn -0.975038 0.164706 0.148906
vn -0.724608 0.083301 0.684108
vn 0.312991 -0.023199 -0.949473
vn 0.952987 0.079499 -0.292396
vn 0.975038 0.164706 -0.148906
vn 0.724608 0.083301 -0.684108
vn -0.322415 -0.021901 0.946345
vn -0.952950 0.079504 0.292515
vn -0.724565 0.083196 0.684167
vn 0.952967 0.079397 -0.292490
vn -0.001200 -0.000100 -0.999999
vn -0.378001 -0.001700 -0.925803
vn 0.003900 -0.000100 -0.999992
vn 0.002500 -0.000100 -0.999997
vn 0.001800 -0.000200 0.999998
vn -0.003800 -0.000100 0.999993
vn -0.002300 -0.000100 0.999997
vn 0.991301 0.016300 -0.130600
vn 0.978716 0.205203 -0.002500
vn -0.378087 -0.001700 -0.925768
vn 0.004600 -0.000200 -0.999989
vn 0.991314 0.016300 -0.130502
vn 0.978761 0.204992 -0.002500
vn -0.721632 0.014201 -0.692131
vn -0.510623 0.010700 -0.859738
vn -0.843046 0.024898 -0.537265
vn 0.773701 -0.085900 -0.627701
vn 0.845985 -0.134398 -0.515991
vn 0.553527 -0.115806 -0.824740
vn 0.708005 -0.035700 -0.705305
vn 0.429581 0.031999 0.902461
vn 0.168105 0.035501 0.985130
vn 0.588510 0.021100 0.808214
vn 0.866191 0.026800 0.498995
vn -0.784758 -0.088395 0.613467
vn -0.866562 -0.141194 0.478679
vn -0.576693 -0.121399 0.807891
vn -0.721688 0.013400 0.692089
vn -0.709918 -0.036901 0.703317
vn -0.721730 0.014201 -0.692029
vn -0.843163 0.024999 -0.537076
vn 0.771600 -0.086500 -0.630200
vn 0.845941 -0.134391 -0.516064
vn 0.552793 -0.115399 -0.825290
vn 0.429783 0.031999 0.902365
vn 0.588623 0.021101 0.808132
vn -0.784799 -0.088500 0.613399
vn -0.866683 -0.141097 0.478490
vn -0.576807 -0.121401 0.807809
vn -0.721640 0.013401 0.692139
vn -0.709868 -0.036898 0.703368
vn -0.980277 0.197295 0.011500
vn -0.980235 0.197507 0.011400
vn -0.999998 -0.000100 0.001800
vn -0.999992 -0.000100 -0.003900
vn -0.999997 -0.000100 -0.002300
vn 0.927388 0.001800 -0.374095
vn 0.999992 -0.000100 0.003900
vn 0.999999 -0.000200 0.001200
vn -0.111700 0.016700 -0.993602
vn -0.001100 0.178894 -0.983868
vn -0.399420 0.049203 0.915447
vn -0.902396 0.030900 0.429798
vn -0.986225 0.026301 0.163304
vn -0.807848 0.020501 0.589035
vn -0.499201 0.025800 0.866102
vn -0.612486 -0.098798 -0.784283
vn -0.477301 -0.166600 -0.862802
vn -0.803145 -0.148190 -0.577060
vn 0.982451 0.029902 -0.184110
vn 0.528879 0.023699 -0.848366
vn 0.845399 -0.122500 0.519899
vn 0.908975 -0.246593 0.336091
vn 0.577186 -0.092298 0.811380
vn 0.010300 0.193701 0.981006
vn -0.000500 -0.916244 0.400619
vn -0.009200 -0.766308 -0.642407
vn -0.000300 -0.792962 0.609271
vn -0.089099 -0.977694 -0.190199
vn -0.000100 -1.000000 -0.000900
vn -0.097200 0.973902 0.205101
vn -0.009200 0.767492 0.640993
vn 0.000500 0.999998 -0.001800
vn 0.846885 -0.492491 -0.200596
vn 0.728596 -0.008100 0.684896
vn 0.796783 -0.604087 0.014700
vn -0.735080 -0.067798 -0.674582
vn -0.725238 -0.009200 0.688436
vn -0.740228 -0.006300 -0.672326
vn -0.841157 -0.506534 0.189413
vn -0.796924 -0.603918 -0.014000
vn -0.727310 -0.000000 -0.686309
vn -0.144998 -0.863087 0.483793
vn -0.124700 -0.460800 0.878700
vn -0.353592 -0.737184 0.575788
vn 0.264411 -0.950841 0.161207
vn 0.181293 -0.789268 0.586676
vn 0.107900 -0.977602 0.180700
vn 0.354311 -0.651920 0.670421
vn 0.217301 -0.195601 0.956306
vn 0.138505 -0.452716 0.880832
vn 0.047901 -0.109602 0.992821
vn -0.414915 -0.402215 -0.816130
vn -0.602426 -0.708530 -0.367516
vn -0.856430 -0.317211 -0.407314
vn -0.368095 -0.759890 -0.535793
vn -0.087096 -0.102095 -0.990955
vn -0.144003 -0.451410 -0.880620
vn -0.243605 -0.238005 -0.940218
vn -0.239595 -0.957980 -0.157697
vn -0.155193 -0.792963 -0.589173
vn 0.083101 -0.605609 -0.791412
vn 0.185806 -0.861129 -0.473216
vn 0.129804 -0.936029 -0.327110
vn 0.118198 -0.438991 -0.890683
vn 0.386290 -0.738082 -0.553186
vn 0.196906 -0.206506 -0.958428
vn 0.040902 -0.393215 -0.918536
vn 0.472289 -0.590086 -0.654784
vn 0.368405 -0.115102 -0.922513
vn 0.531019 -0.342112 -0.775228
vn -0.044602 0.094403 0.994534
vn -0.131796 0.382588 0.914471
vn -0.207790 0.165592 0.964055
vn -0.232906 0.955827 0.179305
vn -0.421001 0.709201 0.565501
vn -0.127900 0.779899 0.612699
vn -0.441480 0.337785 0.831262
vn -0.671376 0.607578 0.424385
vn -0.862574 0.242393 0.444086
vn 0.514204 0.519404 0.682505
vn 0.352899 0.109800 0.929197
vn 0.562322 0.272211 0.780830
vn 0.232801 0.178501 0.956003
vn 0.212899 0.770997 0.600198
vn 0.152503 0.354807 0.922418
vn 0.415303 0.691804 0.590704
vn -0.504819 0.521720 -0.687726
vn -0.381411 0.122703 -0.916226
vn -0.562236 0.272617 -0.780750
vn -0.220797 0.171698 -0.960088
vn -0.194291 0.771865 -0.605372
vn -0.133892 0.355479 -0.925045
vn -0.401208 0.694013 -0.597811
vn 0.089600 0.084400 -0.992395
vn 0.138302 0.376804 -0.915910
vn 0.262505 0.188104 -0.946419
vn 0.251504 0.952214 -0.173303
vn 0.440608 0.703913 -0.557110
vn 0.144898 0.776689 -0.612991
vn 0.446298 0.316099 -0.837197
vn 0.674030 0.606427 -0.421819
vn 0.862268 0.227891 -0.452283
vn -0.322391 -0.933073 0.159495
vn -0.392202 -0.905105 -0.164201
vn -0.420292 -0.795286 -0.436892
vn -0.355484 -0.934559 0.015199
vn -0.004600 -0.849296 -0.527897
vn -0.039999 -0.387295 -0.921088
vn 0.348400 -0.922799 -0.164500
vn 0.554210 -0.667112 0.497809
vn 0.450600 -0.758800 0.470300
vn 0.852600 -0.287300 0.436500
vn 0.380902 -0.898305 0.219001
vn 0.013899 -0.852358 0.522774
vn 0.038800 -0.366002 0.929805
vn 0.013700 -0.764217 0.644814
vn -0.005100 0.839712 0.543008
vn -0.034000 0.333600 0.942101
vn 0.256607 0.946824 0.194105
vn 0.248095 0.967580 0.047299
vn 0.097704 0.975642 0.196408
vn 0.454078 0.872859 0.178692
vn 0.359806 0.932916 0.014400
vn 0.447891 0.874782 -0.184796
vn 0.799176 0.600482 -0.027199
vn 0.449992 0.705987 -0.546890
vn 0.009700 0.837993 -0.545595
vn 0.044301 0.351305 -0.935213
vn 0.007000 0.763072 -0.646276
vn -0.240904 0.950116 -0.198103
vn -0.236706 0.970023 -0.055001
vn -0.086197 0.974961 -0.204992
vn -0.444486 0.877372 -0.180694
vn -0.359796 0.932990 -0.008700
vn -0.435807 0.879713 0.190203
vn -0.798229 0.601722 0.027601
vn -0.448725 0.706840 0.546831
vn 0.060602 -0.016001 0.998034
vn 0.762566 -0.041598 0.645571
vn 0.437318 -0.275911 0.855936
vn -0.781002 0.042200 0.623101
vn -0.123998 0.034499 0.991683
vn -0.750584 0.022700 0.660386
vn -0.723364 0.001100 0.690466
vn 0.040899 -0.012600 -0.999084
vn 0.139195 -0.037299 -0.989562
vn 0.723023 -0.001400 -0.690822
vn -0.058199 -0.025200 -0.997987
vn -0.001300 -0.762402 -0.647102
vn -0.001500 -0.763825 0.645421
vn -0.003200 -0.115106 -0.993348
vn -0.030501 0.002400 -0.999532
vn 0.008800 -0.135898 -0.990684
vn -0.064902 -0.532517 0.843927
vn 0.002400 0.110300 0.993895
vn -0.002400 0.764097 0.645097
vn -0.002200 0.100998 0.994884
vn -0.013801 0.076903 -0.996943
vn -0.039901 0.316906 -0.947617
vn 0.001800 0.098296 -0.995156
vn -0.006100 0.844583 -0.535389
vn -0.010500 -0.150801 0.988508
vn 0.001800 -0.099504 0.995036
vn 0.003500 0.096998 -0.995278
vn 0.053302 -0.914432 -0.401214
vn -0.006100 -0.784499 -0.620100
vn -0.000100 -1.000000 0.000800
vn 0.041399 0.849673 0.525683
vn -0.029498 0.796159 0.604369
vn 0.036699 0.009800 0.999278
vn 0.047700 0.094300 0.994400
vn 0.032798 0.319985 0.946855
vn -0.038399 0.013200 0.999175
vn -0.030301 -0.005700 0.999525
vn 0.862473 0.446386 0.238493
vn 0.725316 0.001100 0.688415
vn 0.039000 0.008300 -0.999205
vn 0.011900 0.072500 -0.997297
vn -0.861193 0.448796 -0.238598
vn 0.744273 0.000500 0.667876
vn 0.123494 0.027799 0.991956
vn 0.271701 0.110601 0.956005
vn 0.730285 0.008800 -0.683086
vn 0.726821 0.003300 -0.686819
vn 0.765067 0.043598 -0.642473
vn -0.124205 0.028701 -0.991841
vn -0.264001 0.050400 -0.963205
vn -0.055801 0.081302 -0.995126
vn -0.720525 0.002400 -0.693424
vn -0.114001 -0.041600 0.992609
vn -0.266196 -0.142098 0.953387
vn -0.223199 -0.243399 0.943896
vn -0.052502 -0.128404 0.990331
vn 0.001400 -0.999975 -0.006900
vn -0.003000 -0.999995 -0.001000
vn -0.002400 -0.999959 -0.008700
vn -0.031299 0.676489 0.735788
vn -0.023800 0.592509 0.805212
vn -0.008700 0.671477 0.740974
vn -0.009800 0.487800 0.872900
vn 0.010400 0.353492 0.935380
vn 0.006300 0.496194 0.868189
vn 0.004700 0.364999 0.930996
vn 0.491914 0.869125 0.051401
vn 0.523596 0.851793 0.017200
vn 0.490700 0.871099 0.020000
vn 0.532413 0.846420 0.010500
vn 0.552690 0.833385 0.001400
vn 0.527595 0.849492 -0.002600
vn 0.516592 0.855186 0.042299
vn 0.518194 0.854990 -0.021600
vn 0.531516 0.846826 -0.019401
vn 0.044497 0.646458 -0.761651
vn 0.017200 0.561201 -0.827501
vn 0.014100 0.659218 -0.751820
vn 0.032199 0.750679 -0.659882
vn 0.017300 0.755695 -0.654695
vn 0.006500 0.479507 -0.877514
vn -0.007300 0.357790 -0.933774
vn 0.004300 0.500006 -0.866011
vn 0.007900 0.509707 -0.860312
vn 0.002300 0.615972 -0.787765
vn 0.000500 0.366005 -0.930613
vn -0.640826 0.767431 0.019801
vn -0.644717 0.764420 0.001500
vn -0.637131 0.770538 0.018301
vn -0.051298 -0.475585 0.878173
vn 0.005800 -0.349089 0.937071
vn -0.043402 -0.416417 0.908137
vn -0.056997 -0.559072 0.827158
vn -0.042299 -0.518088 0.854281
vn -0.067401 -0.527607 0.846811
vn -0.023401 -0.473415 0.880528
vn 0.002700 -0.384593 0.923082
vn 0.672902 -0.739702 0.006700
vn 0.694902 -0.719102 -0.001500
vn 0.706342 -0.707842 0.006300
vn 0.658970 -0.752166 0.002100
vn 0.669191 -0.743090 -0.001300
vn 0.674362 -0.738358 -0.008000
vn 0.034200 -0.503893 -0.863089
vn -0.010900 -0.394101 -0.919002
vn 0.024800 -0.436404 -0.899409
vn 0.038601 -0.575020 -0.817228
vn 0.032201 -0.545914 -0.837222
vn 0.048997 -0.556869 -0.829154
vn 0.018700 -0.511108 -0.859313
vn -0.008700 -0.416904 -0.908909
vn -0.672693 -0.739892 -0.006600
vn -0.694801 -0.719201 0.001600
vn -0.706392 -0.707792 -0.006400
vn -0.668216 -0.743918 0.008500
vn -0.669400 -0.742900 0.001400
vn -0.653406 -0.757007 0.000900
vn 0.001400 -0.999997 0.001800
vn 0.035000 -0.999386 -0.001300
vn -0.005600 -0.999961 0.006800
vn 0.004000 -0.999970 0.006700
vn 0.006000 0.481196 0.876593
vn 0.006900 0.559983 0.828475
vn 0.006000 0.579931 0.814644
vn 0.011500 0.639227 0.768932
vn 0.016200 0.543292 0.839388
vn 0.006400 0.672694 0.739893
vn 0.003300 0.587734 0.809047
vn 0.012200 0.740473 0.671975
vn 0.016700 0.354294 -0.934985
vn -0.006000 0.522391 -0.852685
vn 0.004400 -0.600218 0.799824
vn 0.000900 -0.557489 0.830184
vn 0.001300 -0.615296 0.788295
vn 0.015000 -0.580283 0.814277
vn 0.007300 -0.549111 0.835717
vn -0.004900 -0.393794 0.919186
vn 0.008600 -0.506114 0.862424
vn 0.002100 -0.424307 0.905516
vn 0.002600 -0.483007 0.875613
vn -0.002200 -0.478494 0.878088
vn -0.003900 -0.366002 0.930606
vn -0.004300 -0.625725 -0.780032
vn -0.001000 -0.580594 -0.814192
vn -0.001300 -0.641894 -0.766793
vn -0.014400 -0.607495 -0.794193
vn -0.005700 -0.568962 -0.822344
vn 0.011400 -0.378803 -0.925407
vn 0.002200 -0.518987 -0.854779
vn 0.012499 -0.413183 -0.910562
vn -0.000600 -0.487976 -0.872857
vn 0.001100 -0.353391 -0.935475
vn 0.221001 0.848804 0.480302
vn 0.333691 0.900977 0.277293
vn 0.196098 0.889092 0.413596
vn 0.493491 0.868183 -0.052199
vn 0.409124 0.904054 -0.123707
vn 0.417981 0.907260 -0.046598
vn -0.078400 -0.783204 0.616803
vn -0.028199 -0.967083 0.252895
vn 0.004300 -0.972847 0.231411
vn 0.009200 -0.605894 0.795492
vn 0.074399 -0.801690 0.593092
vn 0.157896 -0.695883 0.700583
vn -0.009200 -0.633216 -0.773920
vn -0.074498 -0.801981 -0.592686
vn -0.158905 -0.721324 -0.674122
vn 0.466585 -0.882172 -0.063798
vn 0.332991 -0.883377 -0.329791
vn 0.434112 -0.826622 -0.358110
vn -0.390596 -0.472595 0.789992
vn -0.738700 -0.606100 0.294900
vn -0.341797 -0.622095 0.704395
vn 0.785491 -0.617693 0.038200
vn 0.682308 -0.729909 0.041100
vn 0.729530 -0.641126 0.238210
vn 0.768191 -0.640193 -0.006000
vn 0.687282 -0.725081 -0.043599
vn 0.777571 -0.626077 -0.058398
vn 0.342811 -0.471815 -0.812325
vn 0.706209 -0.631508 -0.320104
vn 0.311787 -0.630775 -0.710571
vn -0.794818 -0.605414 -0.041701
vn -0.682219 -0.730020 -0.040601
vn -0.751809 -0.611208 -0.247403
vn -0.399795 -0.916588 -0.005600
vn -0.097402 -0.995223 -0.006600
vn -0.202405 -0.978426 0.041401
vn 0.004000 -0.817875 -0.575382
vn 0.007200 -0.969698 -0.244200
vn -0.001100 -0.978634 -0.205607
vn -0.001600 -0.861524 -0.507714
vn 0.175691 -0.983149 -0.050497
vn 0.190208 -0.981743 -0.000900
vn 0.466593 -0.881388 0.073799
vn 0.481911 -0.876220 0.000600
vn 0.651185 -0.758883 0.007400
vn 0.179901 -0.982805 0.041600
vn 0.034501 -0.998431 0.044101
vn -0.003900 -0.805871 0.592079
vn 0.039401 -0.971629 0.233207
vn 0.000300 -0.974953 0.222412
vn -0.003000 -0.849536 0.527522
vn -0.000000 -0.998842 0.048102
vn -0.568103 0.820904 0.058100
vn -0.505892 0.843587 0.180097
vn -0.577817 0.810224 0.098303
vn -0.620209 0.783311 0.042001
vn -0.619830 0.782938 0.053103
vn -0.267395 0.769186 0.580390
vn -0.359094 0.842386 0.401793
vn -0.407093 0.844085 0.348994
vn -0.489012 0.838120 0.241706
vn 0.612601 -0.785501 0.087800
vn 0.645416 -0.762018 0.052601
vn 0.421481 -0.829263 0.366984
vn 0.494501 -0.818302 0.293001
vn 0.621712 -0.762115 0.180704
vn 0.327108 -0.726418 0.604415
vn 0.575122 -0.789930 0.212708
vn 0.134703 -0.708913 -0.692313
vn 0.024200 -0.597390 -0.801586
vn 0.186805 -0.717618 -0.670917
vn 0.521507 -0.811312 -0.264204
vn 0.254516 -0.731947 -0.632040
vn 0.308995 -0.726488 -0.613790
vn 0.639620 -0.766924 -0.052102
vn 0.578205 -0.785107 -0.222002
vn -0.497286 -0.821877 -0.277892
vn -0.633607 -0.771309 -0.060201
vn -0.543112 -0.804718 -0.239705
vn -0.626284 -0.762280 -0.163396
vn -0.355382 -0.752063 -0.555072
vn -0.607811 -0.776214 -0.167503
vn -0.360105 -0.671608 0.647508
vn -0.362809 -0.724619 0.585915
vn -0.104401 -0.565506 0.818109
vn -0.614129 -0.763336 0.200409
vn -0.685300 -0.727100 0.041100
vn -0.300100 -0.720201 0.625501
vn 0.502003 0.853704 0.138501
vn 0.325393 0.877381 0.352592
vn 0.326711 0.777527 0.537319
vn 0.441401 0.885303 0.146300
vn 0.346106 0.878015 0.330606
vn 0.446498 0.888096 0.109200
vn 0.418302 0.896004 -0.149001
vn 0.298714 0.874940 -0.381117
vn 0.316214 0.868637 -0.381416
vn 0.482905 0.872210 -0.077801
vn 0.517593 0.855188 -0.027400
vn 0.474913 0.878423 -0.053201
vn -0.375194 0.735088 -0.564691
vn -0.542817 0.827326 -0.144505
vn -0.375212 0.839826 -0.392312
vn -0.198605 0.694719 -0.691319
vn -0.279797 0.788993 -0.546995
vn -0.622186 0.782683 -0.017100
vn -0.557830 0.828845 -0.042902
vn -0.596192 0.801689 -0.042999
vn -0.512495 0.848091 -0.134499
vn -0.575092 0.815389 -0.066399
vn -0.607134 0.794144 -0.026901
vn -0.049700 0.404903 0.913008
vn -0.012301 0.202309 0.979244
vn 0.015501 0.298615 0.954248
vn 0.020900 -0.217698 0.975792
vn 0.010200 -0.028401 0.999545
vn -0.004200 -0.255899 0.966695
vn 0.029701 0.163905 0.986029
vn 0.019800 -0.028300 0.999403
vn 0.763825 -0.645421 0.002000
vn -0.019400 0.254002 -0.967009
vn -0.021600 0.371907 -0.928018
vn -0.005500 0.500315 -0.865826
vn -0.028700 -0.236997 -0.971086
vn -0.028300 0.193402 -0.980711
vn -0.030700 -0.035400 -0.998902
vn -0.040402 -0.016801 -0.999042
vn -0.640504 0.767905 -0.008800
vn -0.885386 0.464793 -0.007700
vn -0.661469 0.749965 0.003200
vn -0.766430 -0.642325 -0.002000
vn -0.690278 -0.723477 0.009900
vn -0.775518 -0.631314 0.003800
vn 0.033299 0.850275 0.525284
vn 0.016100 0.852679 0.522187
vn -0.001400 -0.854103 -0.520102
vn -0.000200 -0.976036 -0.217608
vn 0.081000 -0.828700 -0.553800
vn 0.001100 -0.667610 -0.744511
vn 0.033301 -0.998528 -0.042801
vn 0.034902 -0.973243 -0.227110
vn 0.003200 -0.663696 0.747996
vn 0.001800 -0.827732 0.561121
vn 0.001000 -0.626510 0.779413
vn 0.004700 0.200305 0.979722
vn -0.003200 -0.005400 0.999980
vn -0.004200 0.202706 0.979231
vn -0.010000 -0.243088 0.969953
vn -0.014200 -0.012600 0.999820
vn -0.006700 -0.203894 0.978970
vn -0.029201 -0.029301 0.999144
vn -0.013800 0.200999 0.979494
vn -0.003400 0.006400 -0.999974
vn 0.004000 -0.186605 -0.982427
vn 0.014000 -0.004000 -0.999894
vn 0.025599 -0.215493 -0.976170
vn 0.024100 -0.006500 -0.999688
vn 0.010900 -0.186596 -0.982376
vn 0.517606 0.855410 0.018900
vn 0.551516 0.834125 0.008100
vn 0.572207 0.820011 0.012700
vn 0.604279 0.796772 0.001400
vn 0.532977 0.846063 -0.010600
vn 0.588378 0.808570 -0.005100
vn 0.657044 -0.753851 -0.001300
vn 0.648875 -0.760871 -0.006100
vn 0.069199 -0.600288 -0.796784
vn 0.010500 -0.531497 -0.846995
vn 0.012900 -0.570202 -0.821403
vn 0.016200 0.450512 0.892623
vn 0.030000 0.476996 0.878393
vn -0.004600 0.362819 0.931848
vn 0.069197 0.598978 0.797770
vn 0.069698 0.576281 0.814274
vn 0.155799 0.744495 0.649195
vn 0.139202 0.695909 0.704509
vn 0.239998 0.811893 0.532195
vn 0.125993 -0.586270 0.800258
vn 0.072999 -0.521890 0.849884
vn 0.066100 -0.565201 0.822301
vn 0.116396 -0.516283 0.848472
vn 0.042998 -0.434478 0.899655
vn 0.040500 -0.505297 0.861995
vn 0.015500 -0.397405 0.917512
vn 0.659275 -0.750971 0.037399
vn 0.376113 -0.718125 0.585521
vn 0.421187 -0.561482 0.712278
vn 0.328209 -0.724919 -0.605616
vn 0.071996 -0.555566 -0.828350
vn 0.656081 -0.753378 -0.044499
vn 0.597400 -0.766400 -0.236100
vn 0.486800 0.868299 0.095300
vn 0.490089 0.868881 0.069698
vn 0.405192 0.906082 0.121798
vn 0.474009 0.871816 0.123502
vn 0.418421 0.884744 0.205310
vn 0.351391 0.867378 0.352391
vn 0.284004 0.854211 0.435506
vn 0.428797 0.880894 -0.200399
vn 0.228814 0.843053 -0.486730
vn 0.327994 0.906282 -0.266595
vn 0.390502 0.882205 -0.263101
vn 0.517706 0.854411 -0.044301
vn 0.478793 0.870587 -0.113298
vn 0.414883 0.881363 -0.225991
vn -0.020600 0.000900 -0.999787
vn -0.011200 -0.193603 -0.981016
vn -0.009200 0.002900 -0.999953
vn -0.010300 -0.236094 0.971676
vn 0.054299 -0.321695 0.945285
vn -0.016300 -0.041301 0.999014
vn -0.001700 0.261805 0.965119
vn -0.228211 0.733936 0.639732
vn -0.131006 0.608926 0.782334
vn -0.149398 0.656492 0.739391
vn -0.022901 0.434210 0.900521
vn 0.011600 0.346789 0.937871
vn -0.069198 0.535686 0.841577
vn -0.048897 0.450474 0.891449
vn -0.613424 0.789731 0.006000
vn -0.648073 0.761569 0.003800
vn -0.636704 0.771104 -0.002600
vn -0.083098 -0.589089 0.803784
vn -0.010000 -0.569696 0.821795
vn -0.017799 -0.542182 0.840072
vn -0.049800 -0.573905 0.817407
vn -0.017600 -0.507296 0.861592
vn -0.034399 -0.534790 0.844284
vn -0.630102 -0.776503 -0.003800
vn -0.659322 -0.751825 -0.007300
vn -0.000600 0.311604 -0.950212
vn -0.022100 0.465291 -0.884882
vn 0.019300 0.360607 -0.932518
vn -0.056701 0.477108 -0.877014
vn -0.082901 0.587306 -0.805108
vn -0.192094 0.722379 -0.664281
vn -0.167603 0.682913 -0.711013
vn -0.112499 -0.584592 -0.803490
vn -0.043498 -0.494377 -0.868159
vn -0.082602 -0.580415 -0.810121
vn -0.043599 -0.552787 -0.832181
vn -0.021201 -0.496921 -0.867537
vn 0.005900 -0.370591 -0.928777
vn -0.596893 0.802091 0.019200
vn -0.596124 0.801432 0.048402
vn -0.501684 0.854673 0.133596
vn -0.624618 0.780822 0.013000
vn -0.376993 0.842685 0.384393
vn -0.659411 -0.751013 -0.034001
vn -0.383193 -0.727687 -0.568890
vn -0.653493 -0.756892 0.007900
vn -0.485710 -0.868218 0.101402
vn -0.636101 -0.768001 0.074500
vn -0.491985 -0.813774 0.309390
vn -0.568606 -0.786208 0.242002
vn -0.144096 -0.679082 0.719781
vn -0.619230 0.783538 -0.051203
vn -0.571575 0.811565 -0.121095
vn -0.585383 0.805077 -0.095797
vn -0.308296 0.814788 -0.490993
vn -0.425908 0.853016 -0.301606
vn -0.317493 0.825582 -0.466490
vn 0.013600 0.190595 0.981575
vn 0.007400 -0.007200 0.999947
vn 0.034901 -0.225007 -0.973732
vn 0.036599 -0.036399 -0.998667
vn 0.043399 -0.019199 -0.998873
vn -0.098399 -0.500897 -0.859895
vn -0.028401 -0.305912 -0.951636
vn -0.027598 -0.402176 -0.915146
vn 0.046702 0.164106 -0.985337
vn -0.067797 0.696271 0.714570
vn -0.144396 0.682080 0.716879
vn -0.005000 -0.584961 0.811046
vn 0.002200 -0.665125 0.746728
vn -0.005000 -0.547682 0.836672
vn 0.002600 -0.367213 0.930133
vn -0.006500 -0.493509 0.869716
vn 0.022399 0.469281 0.882765
vn 0.042200 0.548794 0.834892
vn 0.077404 0.557229 0.826743
vn 0.150104 0.693019 0.705119
vn 0.048497 -0.574370 0.817158
vn 0.022400 -0.544110 0.838715
vn 0.088703 -0.586020 0.805427
vn 0.036201 -0.526619 0.849330
vn 0.188507 0.780528 -0.596021
vn 0.109002 0.667913 -0.736214
vn 0.115194 0.658668 -0.743564
vn 0.053301 0.584812 -0.809416
vn 0.041399 0.567583 -0.822275
vn 0.013499 0.490668 -0.871242
vn 0.004300 -0.683778 -0.729677
vn 0.005800 -0.614671 -0.788762
vn -0.002200 -0.693171 -0.720770
vn 0.003100 -0.573500 -0.819200
vn -0.007700 -0.376822 -0.926254
vn 0.000500 -0.515686 -0.856777
vn -0.030101 0.627626 -0.777933
vn -0.003400 0.612593 -0.790391
vn -0.075899 0.624794 -0.777092
vn -0.049002 -0.606821 -0.793327
vn -0.025401 -0.571323 -0.820332
vn -0.072297 -0.598878 -0.797570
vn -0.012700 -0.533690 -0.845585
vn -0.041501 -0.998129 0.044901
vn -0.308403 -0.951111 0.016600
vn -0.115595 -0.993257 0.008800
vn -0.557086 -0.830379 -0.011200
vn -0.324690 -0.945772 -0.009600
vn 0.532484 0.846375 0.010500
vn 0.527667 0.849447 -0.002600
vn 0.017300 0.561085 -0.827578
vn 0.032201 0.750729 -0.659825
vn -0.007400 0.357790 -0.933773
vn -0.640777 0.767472 0.019799
vn -0.043302 -0.416419 0.908141
vn 0.694801 -0.719201 -0.001500
vn 0.706392 -0.707792 0.006300
vn 0.034299 -0.503892 -0.863086
vn 0.038501 -0.575022 -0.817231
vn -0.672116 -0.740418 -0.006400
vn -0.694902 -0.719102 0.001600
vn -0.701614 -0.712514 -0.007800
vn -0.668271 -0.743868 0.008600
vn -0.669561 -0.742756 0.001400
vn -0.662960 -0.748654 0.001100
vn 0.035099 -0.999383 -0.001400
vn 0.005900 0.481273 0.876551
vn 0.016201 0.543221 0.839433
vn 0.003300 0.587800 0.809000
vn 0.012100 0.740474 0.671976
vn 0.016700 0.354207 -0.935018
vn 0.004400 -0.600282 0.799776
vn 0.014901 -0.580331 0.814244
vn 0.002100 -0.424389 0.905477
vn 0.002500 -0.482888 0.875678
vn -0.003800 -0.366002 0.930606
vn -0.001000 -0.580528 -0.814240
vn -0.005700 -0.569008 -0.822312
vn 0.493488 0.868179 -0.052299
vn 0.409087 0.904072 -0.123696
vn 0.004300 -0.972852 0.231389
vn 0.466705 -0.882109 -0.063801
vn 0.332902 -0.883406 -0.329802
vn 0.785581 -0.617585 0.038099
vn 0.729576 -0.641079 0.238192
vn 0.768191 -0.640192 -0.006100
vn 0.777660 -0.625967 -0.058397
vn 0.342694 -0.471792 -0.812387
vn 0.706164 -0.631568 -0.320084
vn 0.311878 -0.630755 -0.710549
vn -0.794899 -0.605300 -0.041800
vn -0.682107 -0.730108 -0.040900
vn -0.751701 -0.611301 -0.247500
vn 0.175903 -0.983116 -0.050401
vn 0.190093 -0.981766 -0.000900
vn 0.466713 -0.881324 0.073802
vn 0.481911 -0.876220 0.000800
vn 0.651292 -0.758791 0.007400
vn 0.179998 -0.982787 0.041599
vn 0.000200 -0.974931 0.222507
vn -0.567985 0.820979 0.058198
vn -0.619888 0.782885 0.053199
vn -0.267302 0.769207 0.580405
vn 0.612595 -0.785494 0.087899
vn 0.421399 -0.829298 0.366999
vn 0.494487 -0.818278 0.293092
vn 0.327197 -0.726394 0.604395
vn 0.639731 -0.766837 -0.052003
vn -0.626331 -0.762238 -0.163408
vn -0.355516 -0.752034 -0.555025
vn -0.607801 -0.776201 -0.167600
vn -0.362723 -0.724645 0.585937
vn 0.501892 0.853786 0.138398
vn 0.325405 0.877412 0.352505
vn 0.326686 0.777567 0.537277
vn 0.446493 0.888087 0.109298
vn 0.298596 0.874989 -0.381095
vn 0.482902 0.872203 -0.077900
vn 0.474990 0.878382 -0.053199
vn -0.375280 0.735060 -0.564669
vn -0.542772 0.827357 -0.144493
vn -0.279705 0.789015 -0.547010
vn -0.012299 0.202289 0.979249
vn 0.010100 -0.028301 0.999548
vn 0.763775 -0.645479 0.002000
vn -0.005500 0.500272 -0.865851
vn -0.040402 -0.016701 -0.999044
vn -0.885282 0.464991 -0.007700
vn -0.661413 0.750015 0.003200
vn -0.766109 -0.642708 -0.002000
vn -0.775517 -0.631314 0.003900
vn 0.080903 -0.828630 -0.553920
vn 0.001800 -0.827685 0.561190
vn 0.004700 0.200401 0.979703
vn -0.014200 -0.012700 0.999819
vn -0.006700 -0.203798 0.978990
vn -0.029101 -0.029301 0.999147
vn 0.010900 -0.186499 -0.982395
vn 0.517533 0.855454 0.018901
vn 0.604327 0.796735 0.001400
vn 0.532905 0.846108 -0.010600
vn 0.588426 0.808535 -0.005100
vn 0.648817 -0.760920 -0.006100
vn 0.069298 -0.600284 -0.796779
vn 0.013000 -0.570316 -0.821323
vn 0.016200 0.450592 0.892583
vn -0.004600 0.362785 0.931862
vn 0.069702 0.576215 0.814321
vn 0.139192 0.695961 0.704460
vn 0.126001 -0.586204 0.800305
vn 0.073001 -0.522007 0.849811
vn 0.066201 -0.565311 0.822217
vn 0.043000 -0.434397 0.899694
vn 0.659327 -0.750931 0.037302
vn 0.376000 -0.718201 0.585501
vn 0.420613 -0.562617 0.711721
vn 0.656024 -0.753427 -0.044502
vn 0.597465 -0.766355 -0.236086
vn 0.486876 0.868257 0.095295
vn 0.405187 0.906071 0.121896
vn 0.390587 0.882171 -0.263091
vn 0.478674 0.870653 -0.113294
vn -0.011200 -0.193796 -0.980978
vn -0.001700 0.261898 0.965094
vn -0.048797 0.450477 0.891454
vn -0.648015 0.761618 0.003800
vn -0.082999 -0.589093 0.803791
vn -0.018100 -0.541993 0.840188
vn -0.017700 -0.507295 0.861591
vn -0.630212 -0.776414 -0.003700
vn -0.649100 -0.760700 0.002400
vn -0.659323 -0.751826 -0.007100
vn -0.652522 -0.757726 0.008100
vn -0.022101 0.465212 -0.884923
vn -0.056698 0.477185 -0.876972
vn -0.082896 0.587371 -0.805061
vn -0.167604 0.683014 -0.710915
vn -0.043601 -0.552718 -0.832227
vn -0.596076 0.801468 0.048398
vn -0.501691 0.854684 0.133498
vn -0.624569 0.780861 0.012999
vn -0.660007 -0.750508 -0.033600
vn -0.485592 -0.868285 0.101398
vn -0.636106 -0.768007 0.074401
vn -0.492000 -0.813800 0.309300
vn -0.144106 -0.679028 0.719830
vn -0.619292 0.783490 -0.051199
vn -0.308386 0.814763 -0.490978
vn -0.317519 0.825550 -0.466528
vn 0.013600 0.190499 0.981593
vn 0.036599 -0.036299 -0.998671
vn -0.005000 -0.585008 0.811012
vn 0.077398 0.557183 0.826775
vn 0.150191 0.693061 0.705060
vn 0.048500 -0.574303 0.817205
vn 0.036100 -0.526693 0.849289
vn 0.115203 0.658717 -0.743519
vn 0.041401 0.567515 -0.822322
vn 0.013601 0.490828 -0.871150
vn -0.007700 -0.376787 -0.926268
vn 0.000400 -0.515686 -0.856777
vn -0.029898 0.627861 -0.777751
vn -0.072397 -0.598873 -0.797565
vn -0.041501 -0.998125 0.045001
vn -0.308313 -0.951140 0.016601
vn -0.115694 -0.993246 0.008800
vn -0.555700 -0.831300 -0.011700
vn -0.005300 -0.992953 0.118394
vn -0.009300 -0.998948 0.044902
vn 0.006100 -0.998876 0.046999
vn -0.001200 -0.999946 0.010300
vn -0.010300 -0.999910 0.008600
vn -0.010100 0.999949 0.000900
vn -0.049901 0.998724 0.007800
vn -0.008500 0.999907 0.010700
vn -0.228295 -0.005300 0.973578
vn -0.087903 -0.052802 0.994729
vn -0.088498 0.013800 0.995981
vn -0.018399 -0.011300 0.999767
vn -0.017200 -0.068600 0.997496
vn 0.999925 -0.011900 0.002800
vn 0.997816 -0.066001 0.002500
vn 0.999861 -0.016399 -0.003100
vn 0.999781 -0.010700 0.018000
vn 0.995895 -0.048700 0.076300
vn 0.997756 -0.064897 0.016499
vn 0.086299 -0.052499 -0.994885
vn 0.016800 -0.068700 -0.997496
vn 0.018399 -0.011800 -0.999761
vn -0.999920 -0.011600 -0.005100
vn -0.999926 -0.011900 0.002400
vn -0.999971 0.007400 0.001700
vn -0.998248 -0.053003 -0.026301
vn -0.997622 -0.068801 -0.004200
vn -0.734117 -0.679016 0.003100
vn -0.908395 -0.417898 0.013400
vn -0.900284 -0.435292 -0.003000
vn -0.270804 -0.962613 -0.006400
vn -0.137499 -0.990491 0.004600
vn -0.272904 -0.962015 0.007100
vn -0.003800 -0.703694 -0.710493
vn -0.013600 -0.435495 -0.900089
vn 0.002000 -0.454398 -0.890796
vn 0.734109 -0.679008 -0.005600
vn 0.908067 -0.418485 -0.016899
vn 0.899741 -0.436420 0.001900
vn 0.133995 -0.990962 -0.006300
vn 0.270097 -0.962788 -0.009300
vn 0.268399 -0.963297 0.004500
vn 0.003800 -0.700016 0.714117
vn 0.013399 -0.435577 0.900052
vn -0.001900 -0.454398 0.890797
vn -0.001400 0.144403 0.989518
vn -0.007100 0.351191 0.936277
vn -0.014799 0.138395 0.990266
vn -0.005000 0.992517 0.122002
vn -0.008400 0.941822 0.336008
vn 0.003700 0.940813 0.338905
vn 0.990584 0.136898 0.001500
vn 0.943111 0.332404 0.007000
vn 0.991197 0.131600 0.014500
vn 0.136294 0.990655 0.005200
vn 0.362896 0.931789 0.008700
vn 0.366086 0.930565 -0.005500
vn 0.001300 0.144403 -0.989518
vn 0.007200 0.355811 -0.934530
vn 0.014699 0.138494 -0.990254
vn -0.990621 0.136603 -0.003000
vn -0.942976 0.332692 -0.010600
vn -0.991076 0.131697 -0.020600
vn 0.917398 -0.033000 0.396599
vn 0.980403 -0.044100 0.192001
vn 0.981000 0.010900 0.193700
vn 0.230392 -0.007600 0.973068
vn 0.448889 -0.037999 0.892779
vn 0.453307 0.008400 0.891315
vn -0.917685 0.009600 0.397193
vn -0.981421 0.013300 0.191404
vn -0.980232 -0.007600 0.197706
vn 0.225401 0.010800 -0.974206
vn 0.455294 -0.034100 -0.889688
vn 0.221305 -0.045901 -0.974124
vn 0.982673 -0.007500 -0.185195
vn 0.923771 -0.034499 -0.381388
vn 0.923742 0.008600 -0.382918
vn -0.924433 -0.033001 -0.379914
vn -0.982630 -0.043901 -0.180306
vn -0.983311 0.011000 -0.181602
vn -0.232398 -0.007600 -0.972591
vn -0.455987 -0.037999 -0.889175
vn -0.460508 0.008400 -0.887616
vn -0.998525 -0.051301 0.017800
vn -0.995452 -0.059997 0.073996
vn -0.997059 -0.009900 0.075997
vn -0.999831 0.003200 0.018101
vn 0.736483 -0.676384 0.009900
vn 0.488718 -0.872432 0.004200
vn 0.133305 -0.991034 0.009000
vn -0.050298 -0.998668 -0.011500
vn -0.011300 -0.999935 -0.001800
vn -0.050001 -0.998722 0.007300
vn -0.006000 -0.998891 -0.046700
vn -0.008200 -0.993640 -0.112305
vn 0.005400 -0.993828 -0.110803
vn 0.050099 0.998680 -0.011300
vn 0.011500 0.999932 -0.001800
vn 0.049198 0.998763 0.007200
vn -0.737076 -0.675678 -0.013400
vn -0.490313 -0.871523 -0.006400
vn -0.132503 -0.991120 -0.011100
vn 0.131298 0.991284 -0.010800
vn -0.002700 -0.012500 0.999918
vn 0.002700 -0.012600 0.999917
vn 0.002400 0.005500 0.999982
vn 0.001300 -0.078501 0.996913
vn -0.013001 -0.208910 -0.977848
vn -0.001300 -0.078700 -0.996898
vn 0.001800 -0.215903 -0.976413
vn 0.002500 -0.012900 -0.999914
vn -0.002500 -0.012900 -0.999914
vn -0.017799 -0.012600 -0.999762
vn -0.017900 0.005000 -0.999827
vn -0.009900 -0.697204 0.716804
vn -0.004500 -0.887597 0.460599
vn -0.001600 0.999994 -0.003000
vn -0.010900 0.999880 -0.011000
vn 0.010000 -0.999950 0.000900
vn 0.001100 -0.999997 0.002100
vn 0.001600 -0.999994 -0.003000
vn 0.051702 -0.998641 0.006600
vn 0.008500 -0.999906 0.010800
vn 0.008600 -0.992700 0.120300
vn 0.008400 0.998956 0.044898
vn 0.000700 0.999927 0.012100
vn -0.007300 0.998951 0.045198
vn 0.012899 -0.208890 0.977854
vn -0.001900 -0.215903 0.976413
vn 0.009900 -0.701097 -0.712997
vn 0.004400 -0.893215 -0.449608
vn 0.008300 0.993014 0.117702
vn 0.008900 -0.998974 -0.044399
vn 0.000600 -0.999847 -0.017501
vn 0.010600 -0.999881 -0.011200
vn -0.998130 0.001800 -0.061102
vn -0.997846 0.052902 -0.038802
vn -0.995095 0.051600 -0.084400
vn 0.324803 -0.187502 -0.927009
vn 0.582008 -0.203103 -0.787411
vn 0.628608 -0.171802 -0.758509
vn 0.976696 -0.153999 0.149499
vn 0.979532 -0.152305 0.131604
vn 0.971033 -0.155405 0.181506
vn 0.984614 -0.151202 0.087601
vn 0.861822 -0.151004 0.484212
vn 0.907126 -0.168605 0.385611
vn 0.848116 -0.184603 0.496609
vn -0.370293 -0.134797 0.919083
vn -0.060998 -0.159794 0.985264
vn -0.424493 -0.109498 0.898786
vn -0.989204 0.146501 0.003700
vn -0.998540 0.050102 0.020201
vn -0.987092 0.145699 0.066499
vn -0.997881 -0.049699 0.041999
vn -0.999778 0.001500 0.021000
vn -0.998749 -0.050002 0.000600
vn -0.990217 -0.056001 0.127802
vn -0.994409 0.000100 0.105601
vn -0.994694 -0.054100 0.087500
vn 0.119196 -0.992870 -0.001000
vn 0.365709 -0.930722 0.003700
vn 0.162497 -0.986180 0.032299
vn 0.536615 -0.843823 0.002800
vn 0.491894 -0.869189 0.050499
vn 0.524984 -0.851074 -0.008100
vn 0.375208 -0.926819 0.015000
vn 0.000300 -0.848189 -0.529693
vn -0.001200 -0.747105 -0.664705
vn 0.000600 -0.844837 -0.535023
vn -0.000500 -0.759179 -0.650882
vn -0.004100 -0.586697 -0.809796
vn 0.014000 -0.750275 -0.660978
vn -0.001600 -0.587802 -0.809003
vn 0.006300 -0.845517 -0.533911
vn -0.009800 -0.004100 -0.999944
vn -0.008801 -0.328520 -0.944456
vn -0.017200 -0.009400 -0.999808
vn -0.009400 -0.346413 -0.938035
vn -0.003900 -0.340303 -0.940308
vn 0.002300 -0.978885 0.204397
vn -0.001500 -0.963280 0.268494
vn 0.002700 -0.963278 0.268494
vn -0.008400 -0.328909 0.944324
vn -0.001800 -0.587802 0.809003
vn -0.004100 -0.587620 0.809127
vn -0.000100 -0.759179 0.650882
vn -0.000000 -0.746868 0.664972
vn -0.000000 -0.586702 0.809803
vn 0.000100 -0.847998 0.529999
vn -0.664789 -0.739487 -0.105898
vn 0.031300 -0.998803 -0.037600
vn -0.597500 -0.800200 -0.051700
vn -0.127197 -0.985980 -0.107998
vn -0.779289 -0.576492 -0.245696
vn -0.319692 -0.924478 -0.207695
vn 0.084296 -0.221290 -0.971558
vn -0.318187 -0.169993 -0.932662
vn 0.008600 -0.170195 -0.985373
vn 0.253100 -0.836100 -0.486700
vn -0.072496 -0.588472 -0.805261
vn 0.266702 -0.605404 -0.749904
vn 0.743206 -0.643605 -0.182802
vn 0.601914 -0.793619 -0.088702
vn 0.732919 -0.623616 -0.271907
vn 0.960658 -0.152393 -0.232190
vn 0.942301 -0.234000 -0.239400
vn 0.941574 -0.153896 -0.299592
vn 0.737609 -0.673008 -0.054701
vn 0.600094 -0.799092 -0.036600
vn 0.742207 -0.661606 -0.106801
vn 0.988440 -0.151606 0.001700
vn 0.969991 -0.242498 -0.017700
vn 0.987698 -0.150200 -0.043500
vn 0.898008 -0.437504 -0.046600
vn 0.967271 -0.241493 -0.077898
vn 0.757210 -0.653109 0.009000
vn 0.603764 -0.797152 -0.004200
vn 0.737666 -0.674669 -0.025899
vn 0.916391 -0.383796 0.113699
vn 0.775290 -0.630292 0.040699
vn 0.907644 -0.417374 0.044497
vn 0.821495 -0.499797 0.274498
vn 0.720003 -0.682602 0.125100
vn 0.818323 -0.557016 0.141704
vn 0.864469 -0.307989 0.397286
vn 0.901594 -0.318798 0.292398
vn 0.655214 -0.754017 0.046401
vn 0.065198 -0.208892 0.975763
vn 0.445326 -0.232514 0.864651
vn 0.373102 -0.181801 0.909804
vn 0.564782 -0.748977 0.346489
vn 0.687417 -0.537413 0.488512
vn 0.515375 -0.576273 0.634270
vn -0.452588 -0.824978 0.338491
vn 0.154895 -0.975871 0.153895
vn -0.400887 -0.779275 0.481685
vn -0.924797 -0.298499 0.235899
vn -0.475909 -0.850516 0.223904
vn -0.899058 -0.301386 0.317585
vn -0.957111 -0.279603 0.075901
vn 0.997760 0.053398 -0.040298
vn 0.998136 0.001700 -0.061002
vn 0.995033 0.051802 -0.085003
vn 0.983507 0.142801 -0.111001
vn 0.990566 0.047898 -0.128396
vn -0.747713 -0.196403 -0.634311
vn -0.603086 -0.188096 -0.775182
vn -0.779793 -0.160198 -0.605194
vn -0.917998 -0.155800 -0.364699
vn -0.944153 -0.153092 -0.291785
vn -0.905875 -0.167795 -0.388889
vn -0.861842 -0.150207 -0.484424
vn -0.848555 -0.186812 -0.495032
vn -0.972575 -0.152296 0.175795
vn -0.961925 -0.152804 0.226606
vn -0.957771 -0.157295 0.240693
vn -0.941833 -0.154605 0.298410
vn -0.936322 -0.167704 0.308507
vn -0.319186 -0.188491 0.928758
vn -0.582895 -0.201398 0.787193
vn -0.628294 -0.171698 0.758793
vn 0.397577 -0.123293 0.909248
vn 0.627985 -0.096798 0.772182
vn 0.658627 -0.058002 0.750231
vn 0.999822 0.001600 0.018800
vn 0.997963 -0.049698 0.039999
vn 0.998631 -0.052302 -0.001100
vn -0.366404 -0.930410 -0.009200
vn -0.131295 -0.990865 -0.030799
vn -0.155796 -0.987773 -0.005600
vn -0.449103 -0.891105 0.065100
vn -0.523511 -0.852018 0.001600
vn -0.453220 -0.889040 -0.064803
vn 0.000100 -0.588320 -0.808628
vn 0.008700 -0.328818 -0.944353
vn 0.008800 -0.346294 -0.938085
vn 0.010000 -0.004100 -0.999942
vn 0.017500 -0.009200 -0.999805
vn 0.002000 -0.995165 0.098197
vn -0.002500 -0.998910 0.046600
vn -0.003700 -0.995335 0.096403
vn -0.000400 -0.940530 0.339711
vn -0.002100 -0.939838 0.341614
vn 0.003900 -0.340303 0.940308
vn 0.003900 -0.587572 0.809162
vn 0.008800 -0.329505 0.944113
vn -0.000200 -0.848116 0.529810
vn 0.000500 -0.759179 0.650882
vn -0.014600 -0.750411 0.660810
vn 0.001500 -0.588498 0.808497
vn -0.005500 -0.845402 0.534102
vn 0.990737 -0.052102 -0.125405
vn 0.955373 -0.250293 -0.156896
vn 0.982058 -0.050498 -0.181692
vn 0.997981 -0.049499 -0.039799
vn 0.960747 -0.268913 -0.068203
vn 0.994882 -0.051899 -0.086698
vn 0.531515 -0.845524 -0.050801
vn 0.528498 -0.848797 0.015300
vn 0.559590 -0.819486 -0.123698
vn -0.088401 -0.993706 -0.068800
vn 0.597334 -0.776445 -0.200812
vn -0.258698 -0.491795 -0.831392
vn 0.144092 -0.465475 -0.873253
vn -0.135608 -0.727344 -0.672741
vn -0.061301 -0.199304 -0.978018
vn -0.444183 -0.227892 -0.866468
vn -0.375015 -0.187608 -0.907836
vn -0.937760 -0.217191 -0.270988
vn -0.899064 -0.393084 -0.192792
vn -0.952231 -0.226607 -0.204707
vn -0.644174 -0.761869 -0.067797
vn -0.789099 -0.571299 -0.225700
vn -0.672702 -0.715102 -0.190001
vn -0.614308 -0.788511 -0.029600
vn -0.772882 -0.622985 -0.120597
vn -0.969475 -0.244594 -0.017100
vn -0.900058 -0.433780 -0.041598
vn -0.899889 -0.435895 0.014000
vn -0.602219 -0.798326 0.002800
vn -0.741329 -0.670626 -0.026301
vn -0.980592 -0.150799 0.125299
vn -0.961996 -0.237299 0.135100
vn -0.968705 -0.242401 0.053400
vn -0.902288 -0.425495 0.069499
vn -0.987661 -0.151494 0.039698
vn -0.984614 -0.152002 0.086201
vn -0.749796 -0.660296 0.042600
vn -0.747598 -0.664098 0.008400
vn -0.622682 -0.781477 0.039499
vn -0.771759 -0.629867 0.087495
vn -0.944872 -0.223293 0.239493
vn -0.904398 -0.402299 0.142200
vn -0.898201 -0.384200 0.213600
vn -0.787732 -0.595224 0.158706
vn -0.670124 -0.734926 0.104004
vn -0.796226 -0.551018 0.249808
vn -0.889247 -0.356419 0.286715
vn -0.154396 -0.726881 0.669183
vn 0.137107 -0.468525 0.872746
vn -0.216597 -0.493594 0.842289
vn 0.620827 -0.727732 0.291513
vn 0.936344 -0.230511 0.264812
vn 0.904607 -0.192501 0.380303
vn 0.593502 -0.784902 0.178001
vn 0.953387 -0.259496 0.153998
vn -0.147599 -0.988894 0.017400
vn 0.542883 -0.835175 0.088097
vn -0.093503 -0.993335 0.067402
vn 0.958576 -0.277693 0.063398
vn 0.961917 -0.273305 -0.004600
vn 0.581570 -0.812458 0.041098
vn 0.702892 -0.669692 0.239697
vn 0.634614 -0.760517 0.137403
vn 0.311315 -0.859440 0.405519
vn 0.433805 -0.874011 0.218903
vn 0.378087 -0.921869 0.084897
vn 0.175808 -0.942745 0.283414
vn 0.627702 -0.778303 0.015300
vn 0.176498 -0.981686 0.071699
vn 0.271501 -0.961703 -0.037600
vn 0.405710 -0.911623 -0.065902
vn -0.089098 -0.993180 -0.075198
vn 0.506516 -0.858226 -0.083003
vn 0.156604 -0.978127 -0.136904
vn -0.375589 -0.801176 -0.465886
vn 0.037501 -0.969023 -0.244106
vn -0.369999 -0.853298 -0.367399
vn 0.589005 -0.782707 -0.201102
vn 0.024500 -0.987985 0.152598
vn -0.321202 -0.946506 0.030900
vn -0.254603 -0.955513 0.148902
vn -0.550016 -0.834924 0.019601
vn -0.575973 -0.812762 0.087596
vn -0.371215 -0.928537 0.004300
vn -0.573515 -0.814721 -0.085502
vn -0.533600 -0.845699 -0.008000
vn -0.310809 -0.949728 -0.037601
vn -0.528216 -0.819925 -0.220707
vn -0.432502 -0.745104 -0.507703
vn -0.625814 -0.695516 -0.353008
vn 0.184107 -0.912736 0.364715
vn 0.096699 -0.969688 0.224397
vn -0.433369 -0.745647 0.506164
vn -0.529415 -0.819124 0.220806
vn -0.279508 -0.909127 0.308809
vn -0.690379 -0.697479 0.192094
vn 0.001500 0.999998 0.001500
vn 0.001100 0.999994 -0.003400
vn -0.001100 0.999998 0.001800
vn -0.001000 -0.999994 -0.003400
vn -0.230397 0.014600 0.972987
vn 0.999744 0.022501 0.002400
vn 0.999983 0.005200 0.002600
vn 0.999973 0.005000 -0.005300
vn 0.002400 0.023700 -0.999716
vn 0.002500 0.005700 -0.999981
vn -0.002500 0.005700 -0.999981
vn 0.018300 0.004400 -0.999823
vn 0.086703 0.013701 -0.996140
vn 0.017000 0.023100 -0.999589
vn -0.999754 0.021699 -0.004700
vn -0.999973 0.005400 -0.004900
vn -0.999670 0.003200 -0.025499
vn -0.997055 0.012899 -0.075597
vn -0.999463 0.022299 -0.023999
vn 0.224399 0.014000 0.974397
vn 0.456197 0.012300 -0.889794
vn 0.742736 0.008400 -0.669532
vn -0.226196 0.014000 -0.973981
vn -0.997102 0.015400 0.074500
vn -0.999688 0.020900 0.013700
vn 0.999590 -0.009800 -0.026900
vn 0.999543 0.016401 -0.025401
vn 0.999739 0.022601 -0.003300
vn -0.002300 0.023800 0.999714
vn -0.002500 0.005600 0.999981
vn -0.086899 0.016200 -0.996085
vn -0.088700 -0.011200 -0.995995
vn -0.001600 0.023900 -0.999713
vn 0.001200 0.024200 0.999706
vn 0.017800 0.016300 0.999709
vn 0.319506 -0.017700 -0.947419
vn -0.999999 -0.000000 -0.001100
vn -0.000000 -1.000000 0.000200
vn -0.000000 -1.000000 0.000300
vn -0.000000 -1.000000 0.000100
vn -1.000000 0.000300 -0.000700
vn -0.999997 -0.000100 0.002400
vn -0.908808 -0.042900 0.415004
vn -0.948825 -0.033601 0.314008
vn 0.996830 0.035301 0.071302
vn 0.010900 0.980364 0.196893
vn 0.043701 0.553916 -0.831425
vn 0.035401 0.550909 -0.833814
vn -0.386787 -0.000000 -0.922169
vn -0.645035 -0.684237 0.340219
vn -0.691630 -0.709731 0.133906
vn -0.649006 -0.677906 -0.345303
vn -0.685595 -0.714995 -0.136899
vn -0.287502 -0.791105 -0.539903
vn 0.787490 -0.537493 -0.301596
vn 0.785117 -0.607313 -0.121503
vn 0.777907 -0.549505 0.304803
vn 0.391690 -0.736881 0.550986
vn 0.463479 -0.362284 0.808664
vn -0.751289 0.549792 0.365095
vn -0.396496 0.318297 0.861091
vn -0.348908 0.728517 0.589514
vn 0.819487 0.481892 0.310195
vn 0.422607 0.694911 0.581809
vn 0.484284 0.293891 0.824073
vn 0.862220 0.197105 0.466611
vn 0.822378 0.476487 -0.310892
vn 0.829973 0.546382 -0.112296
vn 0.860894 0.184899 -0.473997
vn 0.484797 0.300198 -0.821495
vn 0.421770 0.705649 -0.569359
vn -0.746903 0.555402 -0.365601
vn -0.347584 0.720568 -0.599973
vn -0.410288 0.307991 -0.858374
vn -0.816228 0.228508 -0.530618
vn 0.352587 -0.924665 0.143795
vn 0.382601 -0.858603 0.341201
vn 0.790470 -0.592277 0.156094
vn 0.744875 -0.551381 0.375687
vn 0.513395 -0.303497 0.802692
vn 0.962371 -0.237193 0.132596
vn 0.978124 -0.002800 0.208005
vn 0.968220 -0.210404 -0.135203
vn 0.787873 -0.594880 -0.159295
vn 0.751303 -0.549502 -0.365501
vn 0.369090 -0.860976 -0.349990
vn 0.389396 -0.919691 -0.050399
vn 0.382792 -0.912981 -0.141197
vn 0.156700 -0.853601 -0.496800
vn 0.320714 -0.922240 -0.215909
vn 0.162803 -0.842315 0.513809
vn 0.057799 -0.818290 0.571893
vn 0.333898 -0.914094 0.230098
vn 0.419102 -0.476903 0.772604
vn 0.787185 -0.523390 0.326194
vn -0.156901 -0.816508 -0.555605
vn -0.057900 -0.798202 -0.599601
vn -0.336689 -0.906769 -0.253791
vn -0.405878 -0.457875 -0.790957
vn -0.796217 -0.499411 -0.341507
vn -0.092498 -0.370591 -0.924179
vn -0.153404 -0.827820 0.539613
vn -0.409809 -0.470411 0.781518
vn -0.324185 -0.914757 0.241089
vn -0.513106 -0.314303 0.798709
vn -0.358796 -0.870691 0.336396
vn -0.311213 -0.676229 0.667728
vn -0.045298 -0.976867 0.208993
vn -0.117706 -0.993048 0.001200
vn -0.367691 -0.928677 0.048599
vn -0.362514 -0.922236 0.134405
vn -0.761807 -0.627606 0.160502
vn -0.961279 -0.236595 0.141297
vn -0.761518 -0.628815 -0.157104
vn -0.353902 -0.924805 -0.139601
vn 0.258404 0.100302 -0.960816
vn -0.757106 0.653205 -0.010700
vn 0.799204 0.600403 -0.028100
vn 0.421087 0.021199 0.906772
vn 0.257013 0.100705 0.961147
vn -0.346694 0.033399 -0.937383
vn -0.181208 0.109405 -0.977341
vn -0.437492 0.015800 -0.899084
vn 0.425685 -0.904868 0.002700
vn 0.908739 -0.416918 0.019301
vn 0.766779 -0.640682 0.039699
vn 0.960473 -0.268192 0.074598
vn 0.352692 -0.933978 0.057399
vn 0.010600 -0.967592 0.252298
vn -0.426896 -0.904291 0.004300
vn -0.922454 -0.385481 -0.021999
vn -0.779014 -0.625611 -0.041801
vn -0.969908 -0.227702 -0.086201
vn -0.353705 -0.933213 -0.063301
vn -0.182299 0.108899 0.977194
vn 0.349294 -0.936983 -0.007500
vn 0.770493 -0.636894 -0.026600
vn -0.699593 -0.713593 -0.036800
vn -0.278786 -0.960353 0.000800
vn -0.699234 -0.714635 0.019201
vn 0.023300 -0.812498 0.582498
vn -0.270305 -0.114702 0.955918
vn 0.000500 -0.338610 0.940927
vn -0.021601 -0.798720 -0.601315
vn -0.018001 -0.180907 -0.983336
vn 0.976028 -0.120404 0.181305
vn 0.866599 -0.152600 0.475099
vn 0.877489 -0.470094 -0.094999
vn 0.986732 -0.114504 -0.115104
vn 0.439018 0.898436 0.008700
vn 0.979185 0.200497 -0.031600
vn 0.513675 0.291186 -0.807061
vn -0.972063 0.233891 -0.019699
vn -0.422710 0.614714 0.665915
vn -0.424415 0.905432 -0.008000
vn 0.487583 -0.869170 0.082497
vn 0.627918 0.733421 -0.260408
vn 0.720099 0.179700 -0.670199
vn -0.316197 0.554194 0.769992
vn -0.528404 -0.448103 0.721105
vn -0.888935 -0.457918 -0.010300
vn 0.895926 -0.444113 0.009000
vn 0.762323 -0.642719 -0.076002
vn 0.371602 0.877105 -0.304302
vn 0.474011 0.321008 -0.819919
vn -0.975451 0.220012 -0.009500
vn -0.472483 0.559980 0.680575
vn -0.491714 -0.865224 -0.098003
vn -0.840805 -0.530003 -0.110201
vn -0.002100 -0.862887 0.505392
vn 0.994139 -0.000700 -0.108104
vn 0.540607 0.016600 -0.841111
vn 1.000000 0.000300 0.000600
vn -0.000400 0.000600 -1.000000
vn 0.999997 -0.000100 -0.002300
vn 0.911866 -0.047898 -0.407685
vn 0.945176 -0.035799 -0.324592
vn -0.051299 -0.344791 0.937277
vn 0.867096 -0.153199 -0.473998
vn 0.979104 -0.124101 -0.161101
vn -0.326004 -0.068101 -0.942912
vn 0.089198 -0.301194 -0.949382
vn -0.464212 -0.151204 -0.872723
vn -0.100898 -0.083598 -0.991378
vn -0.532603 -0.095101 -0.841005
vn -0.862680 -0.138597 0.486389
vn -0.980639 -0.107004 0.164006
vn 0.002600 -0.999997 0.000300
vn -0.000700 0.000800 0.999999
vn -0.009500 -0.001400 0.999954
vn 0.107001 0.275903 0.955211
vn -0.000500 1.000000 -0.000800
vn 0.002000 0.999998 0.000700
vn -0.000000 -0.000200 -1.000000
vn -0.001800 -0.999998 -0.000300
vn 0.000600 0.999999 0.001300
vn -0.001700 0.999998 -0.000700
vn -0.074696 0.281486 -0.956653
vn 0.000400 -0.006500 0.999979
vn -0.408892 -0.000100 -0.912583
vn 1.000000 -0.000700 0.000400
vn 0.855304 0.035600 -0.516902
vn 0.415708 0.029601 -0.909017
vn -0.001300 -0.000800 -0.999999
vn 0.610608 -0.006000 -0.791910
vn -0.950076 -0.163596 0.265693
vn -0.899502 0.031200 0.435801
vn -0.021700 -0.872120 0.488811
vn -0.057000 -0.995393 -0.077099
vn 0.050400 -0.996702 0.063600
vn 0.008800 -0.954928 -0.296709
vn 1.000000 -0.000000 -0.000000
vn 1.000000 0.000300 -0.000000
vn 0.004400 0.999990 -0.000500
vn 0.001400 0.999999 -0.000200
vn -0.008900 0.954898 -0.296799
vn -0.036800 -0.199002 -0.979308
vn 0.000100 0.000700 -1.000000
vn -0.391716 -0.056702 -0.918337
vn 0.036399 -0.199792 0.979162
vn 0.000100 -0.000100 1.000000
vn -0.002100 0.005000 0.999985
vn 0.999990 -0.004400 -0.000200
vn 0.985101 -0.086400 -0.148700
vn 0.001500 0.999999 0.000400
vn 0.968083 -0.043099 -0.246896
vn -0.000900 1.000000 -0.000000
vn -0.999021 0.016600 -0.041001
vn -0.990493 0.017100 -0.136499
vn -0.973258 0.022699 -0.228590
vn -0.391593 -0.056799 -0.918384
vn 0.036399 -0.199696 0.979182
vn 0.985115 -0.086401 -0.148602
vn -0.999017 0.016600 -0.041101
vn -0.973233 0.022601 -0.228708
vn -0.122104 -0.107904 -0.986634
vn -0.217096 -0.051699 -0.974780
vn -0.000100 0.999997 -0.002500
vn -0.390199 -0.036700 -0.919999
vn 0.000100 1.000000 0.000400
vn -0.033999 0.017100 0.999276
vn -0.117799 0.016800 0.992895
vn -0.999999 -0.000000 0.001400
vn -0.200698 0.017900 0.979490
vn -1.000000 0.000200 -0.000300
vn -0.934908 -0.066501 0.348603
vn 1.000000 -0.000000 0.000400
vn 0.999999 0.000800 -0.001500
vn 0.000400 -0.000300 -1.000000
vn -0.000300 0.001300 -0.999999
vn -0.320015 -0.045002 -0.946343
vn 0.001400 0.999999 -0.000500
vn 0.000800 0.999997 0.002100
vn 0.001200 0.999999 0.000500
vn 0.000500 -0.000200 1.000000
vn 0.000700 -0.000000 1.000000
vn -0.323697 0.022600 0.945891
vn -0.925913 0.013200 -0.377505
vn 1.000000 -0.000300 0.000400
vn 0.999999 -0.000000 -0.001400
vn 0.000400 0.000200 -1.000000
vn -0.320702 -0.045100 -0.946106
vn -0.322712 0.022201 0.946237
vn -0.000100 -0.000300 1.000000
vn 0.000700 0.000300 1.000000
vn -0.507128 -0.655636 -0.559431
vn -0.187490 -0.749359 -0.635066
vn -0.511801 0.655601 -0.555201
vn -0.607434 0.764943 -0.214212
vn -0.203196 0.959280 -0.196196
vn 0.483705 0.680907 -0.549905
vn 0.188709 0.737337 -0.648632
vn 0.192207 0.958533 -0.210407
vn 0.489804 -0.680006 -0.545605
vn 0.631098 -0.748398 -0.203999
vn 0.208896 -0.958280 -0.195096
vn -0.521387 -0.701683 0.485588
vn -0.624792 -0.758290 0.186097
vn -0.197493 -0.962864 0.184093
vn 0.540471 -0.691163 0.479775
vn 0.199793 -0.754475 0.625180
vn 0.544310 0.691512 0.474908
vn 0.639380 0.746576 0.183894
vn 0.201295 0.961477 0.187196
vn -0.516697 0.702296 0.489697
vn -0.187502 0.756609 0.626407
vn -0.804090 -0.381095 -0.456295
vn -0.367610 -0.466312 -0.804621
vn -0.282601 -0.871903 -0.399902
vn -0.616114 -0.741917 -0.264506
vn -0.655529 -0.749433 -0.092904
vn -0.922008 -0.361703 -0.138101
vn -0.876778 0.238494 -0.417590
vn -0.862755 0.091495 -0.497274
vn -0.490290 0.840883 -0.229195
vn 0.910822 0.379809 -0.161704
vn 0.866677 0.271393 -0.418589
vn 0.867879 0.084198 -0.489588
vn 0.442786 0.131896 -0.886873
vn 0.363300 -0.444500 -0.818800
vn 0.801195 -0.383698 -0.459197
vn 0.595312 -0.757516 -0.267906
vn 0.917953 -0.368721 -0.146309
vn 0.651798 -0.751297 -0.103500
vn -0.627815 -0.753019 0.197005
vn -0.661489 -0.745888 0.077999
vn -0.806854 -0.404677 0.430375
vn -0.378713 -0.462916 0.801427
vn -0.926626 -0.355810 0.121503
vn 0.616694 -0.762592 0.195298
vn 0.656383 -0.750580 0.076098
vn 0.924048 -0.363480 0.118393
vn 0.800725 -0.416013 0.431013
vn 0.296611 -0.875133 0.382314
vn 0.408792 -0.464991 0.785285
vn 0.498995 0.843092 0.200498
vn 0.900603 0.286901 0.326501
vn 0.885346 0.108593 0.452073
vn 0.999242 0.018201 0.034401
vn -0.903089 0.282797 0.323196
vn -0.999271 0.026599 0.027399
vn -0.464397 0.150799 0.872694
vn -0.804121 -0.381010 -0.456312
vn -0.367696 -0.466295 -0.804592
vn -0.282693 -0.871879 -0.399890
vn -0.616084 -0.741981 -0.264393
vn -0.655698 -0.749298 -0.092800
vn -0.921975 -0.361790 -0.138096
vn -0.876799 0.238400 -0.417599
vn -0.862730 0.091503 -0.497317
vn -0.490407 0.840813 -0.229204
vn 0.861957 0.083996 -0.499975
vn 0.363503 -0.444504 -0.818707
vn 0.595296 -0.757495 -0.267998
vn 0.917919 -0.368808 -0.146303
vn -0.627876 -0.752971 0.196992
vn -0.661494 -0.745893 0.077899
vn -0.806921 -0.404611 0.430311
vn -0.378799 -0.462898 0.801397
vn -0.926615 -0.355806 0.121602
vn 0.656437 -0.750542 0.076004
vn 0.924000 -0.363600 0.118400
vn 0.800692 -0.416096 0.430996
vn 0.296505 -0.875216 0.382207
vn 0.408805 -0.465106 0.785210
vn 0.499005 0.843109 0.200402
vn 0.885325 0.108603 0.452113
vn -0.999268 0.026699 0.027399
vn -0.464516 0.150805 0.872630
vn -0.354689 -0.897673 0.261492
vn -0.198896 -0.787982 0.582687
vn -0.009600 -0.150998 0.988487
vn -0.366596 0.241498 0.898491
vn -0.453597 0.092499 0.886394
vn -0.204706 0.844426 0.495015
vn -0.138603 0.372508 -0.917620
vn -0.365810 0.273407 -0.889624
vn -0.451296 0.084199 -0.888393
vn -0.872273 0.138196 -0.469086
vn -0.408479 -0.443177 -0.797959
vn -0.205801 -0.801404 -0.561603
vn -0.137793 -0.402580 -0.904954
vn 0.197186 -0.791445 0.578560
vn 0.079102 -0.774819 0.627215
vn 0.440484 -0.442784 0.780971
vn 0.759098 -0.533798 0.372599
vn 0.128295 -0.397784 0.908465
vn 0.195709 -0.797835 -0.570225
vn 0.126100 -0.403601 -0.906203
vn 0.443328 -0.456429 -0.771449
vn 0.391099 -0.882298 -0.261899
vn 0.222085 0.837145 -0.499867
vn 0.357609 0.273507 -0.892922
vn 0.479500 0.102800 -0.871500
vn 0.038101 0.016601 -0.999136
vn 0.353895 0.269596 0.895587
vn 0.031399 0.025699 0.999176
vn 0.882425 0.140404 0.449013
vn -0.308603 -0.904809 0.293403
vn -0.399492 -0.909381 0.115898
vn -0.175295 -0.518886 0.836677
vn -0.440917 0.792731 0.420916
vn -0.164111 0.847056 0.505533
vn -0.136507 0.978150 0.156808
vn -0.439994 0.816689 -0.373395
vn -0.533507 0.834511 -0.137702
vn -0.159197 0.977779 -0.136397
vn -0.158105 0.839828 -0.519318
vn -0.201505 0.401710 -0.893322
vn -0.315994 -0.912981 -0.258095
vn -0.123806 -0.911244 -0.392819
vn 0.278489 -0.913563 0.296388
vn 0.108595 -0.910155 0.399780
vn 0.275798 -0.913693 -0.298498
vn 0.175295 -0.518886 -0.836677
vn 0.406406 -0.906414 -0.115102
vn 0.396790 0.814380 -0.423489
vn 0.147401 0.840606 -0.521204
vn 0.135405 0.978936 -0.152806
vn 0.393997 0.817693 0.419696
vn 0.150506 0.847734 0.508620
vn 0.202491 0.392783 0.897061
vn 0.527312 0.836019 0.151703
vn 0.159307 0.977746 0.136506
vn -0.440801 0.792803 0.420901
vn -0.164097 0.847084 0.505491
vn -0.201401 0.401802 -0.893304
vn -0.123707 -0.911255 -0.392824
vn 0.278506 -0.913520 0.296506
vn 0.108703 -0.910128 0.399812
vn 0.406290 -0.906479 -0.114997
vn 0.147393 0.840563 -0.521277
vn 0.150596 0.847678 0.508687
vn 0.202499 0.392698 0.897096
vn 0.159294 0.977764 0.136395
vn -0.217604 -0.050701 -0.974719
vn -0.068801 -0.107601 -0.991811
vn -0.982513 -0.054301 -0.178102
vn -0.935706 -0.055400 -0.348402
vn -0.990828 -0.112003 -0.075602
vn -0.690516 -0.000800 -0.723317
vn -0.969770 0.047799 -0.239293
vn -0.991505 0.098800 -0.084600
vn -0.159608 0.055003 -0.985647
vn -0.313490 0.055498 -0.947968
vn -0.060198 0.119895 -0.990960
vn -0.064401 0.285503 -0.956211
vn -0.015100 0.576186 -0.817179
vn -0.031201 0.986526 -0.160604
vn -0.028001 0.950518 -0.309406
vn -0.084303 0.992635 -0.087003
vn 0.229606 0.049501 -0.972024
vn 0.075802 0.105503 -0.991526
vn 0.982759 0.053798 -0.176893
vn 0.938613 0.054101 -0.340705
vn 0.988904 0.126000 -0.078700
vn 0.701988 0.000300 -0.712188
vn 0.970340 -0.048602 -0.236810
vn 0.989926 -0.105703 -0.094202
vn 0.171207 -0.054202 -0.983743
vn 0.330007 -0.054201 -0.942421
vn 0.012300 -0.264409 -0.964332
vn 0.033500 -0.986613 -0.159602
vn 0.030001 -0.950717 -0.308605
vn 0.083301 -0.993514 -0.077401
vn -0.064502 -0.286410 0.955933
vn -0.069197 -0.127995 0.989358
vn -0.015199 -0.577362 0.816347
vn -0.031700 -0.988193 0.149899
vn -0.028700 -0.955312 0.294204
vn -0.077803 -0.994336 0.072403
vn 0.232191 -0.048498 0.971460
vn 0.049501 -0.068502 0.996422
vn 0.984635 -0.055102 0.165706
vn 0.944297 -0.055400 0.324399
vn 0.991068 -0.113996 0.069198
vn 0.713081 0.000200 0.701081
vn 0.973249 0.049703 0.224311
vn 0.996699 0.062600 0.051700
vn 0.171904 0.054201 0.983622
vn 0.337289 0.055398 0.939770
vn 0.075697 0.126595 0.989062
vn 0.069500 0.286002 0.955705
vn 0.015600 0.576998 0.816597
vn 0.034200 0.988200 0.149300
vn 0.030799 0.955466 0.293490
vn 0.064300 0.995198 0.073800
vn -0.219890 0.049698 0.974258
vn -0.078903 0.114904 0.990238
vn -0.984501 0.055100 0.166500
vn -0.941571 0.056798 0.331990
vn -0.991068 0.113996 0.069198
vn -0.701635 0.000200 0.712536
vn -0.972631 -0.049102 0.227107
vn -0.991834 -0.101204 0.077603
vn -0.160403 -0.055001 0.985518
vn -0.320603 -0.056801 0.945509
vn 0.649936 -0.758743 -0.043502
vn 0.978387 -0.203797 -0.035000
vn 0.923872 -0.380889 -0.037199
vn -0.636014 -0.770517 0.042301
vn -0.653626 -0.756430 0.024201
vn -0.978225 -0.204905 0.033001
vn -0.920583 -0.388893 0.035899
vn 0.062899 0.994687 -0.081499
vn -0.635720 0.770624 -0.044701
vn -0.978364 0.203892 -0.035099
vn -0.920445 0.389019 -0.038002
vn -0.151901 -0.196801 -0.968605
vn -0.483099 -0.105400 -0.869199
vn -0.974871 -0.219294 -0.039199
vn -0.091202 0.208704 -0.973717
vn -0.215891 0.022399 -0.976160
vn 0.034899 0.317894 -0.947484
vn -0.002900 0.632696 -0.774395
vn -0.098196 0.984562 -0.144894
vn -0.125694 0.920858 -0.369083
vn -0.202101 0.978202 -0.047700
vn 0.085604 0.954244 -0.286513
vn 0.006800 0.886491 -0.462695
vn 0.190793 0.980166 -0.053598
vn 0.103999 0.095399 -0.989992
vn 0.121402 0.230304 -0.965516
vn 0.202302 0.020500 -0.979109
vn 0.044498 -0.603175 -0.796367
vn -0.004700 -0.854326 -0.519716
vn -0.075798 -0.610886 -0.788082
vn -0.047202 -0.620321 0.782926
vn -0.076202 -0.884427 0.460414
vn 0.004300 -0.872389 0.488794
vn 0.078100 -0.632398 0.770697
vn 0.175401 -0.227701 0.957803
vn 0.974334 -0.222808 0.032101
vn 0.091200 0.208799 0.973697
vn -0.033500 0.335096 0.941588
vn 0.001500 0.664704 0.747105
vn 0.102599 0.987188 0.122199
vn 0.132504 0.935826 0.326609
vn 0.212707 0.976234 0.041501
vn -0.088703 0.963938 0.250910
vn -0.009000 0.906371 0.422387
vn -0.104305 0.095505 0.989949
vn -0.129297 0.247294 0.960275
vn -0.246099 0.029500 0.968796
vn -0.499822 0.022401 0.865838
vn -0.537607 0.028600 0.842711
vn 0.972551 -0.227189 -0.050297
vn -0.973825 -0.225006 0.032201
vn 0.316981 0.948045 -0.027098
vn 0.573208 0.818812 -0.031300
vn -0.535332 0.843750 -0.038802
vn -0.151998 -0.196798 -0.968590
vn -0.483218 -0.105404 -0.869132
vn -0.215796 0.022400 -0.976182
vn 0.006700 0.886492 -0.462696
vn 0.190697 0.980185 -0.053599
vn 0.044398 -0.603178 -0.796370
vn -0.075803 -0.610823 -0.788130
vn -0.076196 -0.884449 0.460374
vn 0.175498 -0.227697 0.957786
vn 0.212802 0.976209 0.041600
vn -0.104295 0.095495 0.989951
vn -0.246005 0.029501 0.968820
vn -0.500478 0.022299 0.865462
vn -0.537185 0.028699 0.842976
vn 0.972573 -0.227094 -0.050299
vn 0.317012 0.948034 -0.027101
vn -0.535405 0.843708 -0.038700
vn -0.974762 0.203592 0.091596
vn -0.943771 0.328990 -0.032599
vn -0.752216 0.658914 0.001700
vn -0.121504 0.987429 0.101103
vn -0.330990 0.933971 0.134696
vn -0.038000 0.978003 0.205101
vn -0.250609 0.964034 -0.088503
vn -0.425992 0.904684 -0.008800
vn -0.042898 0.979264 -0.197993
vn -0.990193 0.092499 -0.104699
vn -0.961677 0.241194 -0.130397
vn -0.970253 0.020899 -0.241188
vn -0.865628 0.021701 -0.500216
vn -0.842722 0.028101 -0.537614
vn -0.699179 0.019599 -0.714678
vn -0.454608 -0.890315 0.025900
vn -0.452604 -0.890008 -0.055100
vn 0.477090 -0.878482 -0.025599
vn 0.475791 -0.877984 0.052599
vn 0.034100 -0.268401 -0.962704
vn 0.974762 0.203592 -0.091596
vn 0.947072 0.319290 0.033299
vn 0.767702 0.640802 -0.002500
vn 0.134802 0.985712 -0.101001
vn 0.354312 0.926032 -0.130105
vn 0.047099 0.976675 -0.209495
vn 0.270493 0.958774 0.087098
vn 0.448920 0.893540 0.007500
vn 0.990223 0.092402 0.104502
vn 0.964716 0.231404 0.125602
vn 0.968857 0.028399 0.245989
vn 0.877304 0.022600 0.479402
vn 0.839717 0.025801 0.542411
vn 0.034301 -0.270105 0.962220
vn -0.022101 0.947427 -0.319209
vn -0.026000 0.816401 -0.576900
vn -0.034501 0.841015 0.539910
vn -0.958073 -0.283592 0.040899
vn -0.110802 -0.139402 0.984017
vn -0.302399 -0.164399 0.938897
vn -0.028701 -0.309610 0.950430
vn -0.872685 0.487492 0.027800
vn -0.988266 0.147495 0.039699
vn -0.846664 0.530577 -0.040598
vn -0.559415 0.828522 -0.024601
vn -0.067103 0.996944 -0.040002
vn -0.956603 0.290301 -0.025200
vn -0.869408 0.493005 -0.032800
vn -0.986444 0.155807 -0.051502
vn -0.119805 0.076504 -0.989845
vn -0.306098 0.091499 -0.947593
vn -0.047901 0.156405 -0.986531
vn -0.914006 -0.023800 -0.405003
vn -0.877022 -0.480312 -0.011500
vn -0.950760 -0.308587 -0.028799
vn -0.777320 -0.628616 -0.024801
vn -0.512678 -0.858064 0.029799
vn -0.902857 -0.429480 0.019899
vn -0.772003 -0.635103 0.025600
vn 0.877300 -0.479800 0.011700
vn 0.948224 -0.315308 0.038101
vn 0.776963 -0.629070 0.024499
vn 0.512487 -0.858178 -0.029799
vn 0.902896 -0.429398 -0.019900
vn 0.772231 -0.634826 -0.025601
vn 0.955666 -0.290090 -0.050498
vn 0.110902 -0.139303 -0.984020
vn 0.302399 -0.164399 -0.938897
vn 0.028699 -0.309490 -0.950469
vn 0.872728 0.487415 -0.027801
vn 0.986736 0.155106 -0.047902
vn 0.846667 0.530579 0.040498
vn 0.559300 0.828600 0.024600
vn 0.044301 0.997117 -0.061601
vn 0.067103 0.996944 0.040002
vn 0.956603 0.290301 0.025200
vn 0.869475 0.492886 0.032799
vn 0.984792 0.162899 0.060400
vn 0.727401 0.074100 0.682201
vn 0.119805 0.076504 0.989845
vn 0.306098 0.091499 0.947593
vn 0.039302 0.148407 0.988145
vn -0.036999 -0.873181 -0.485989
vn 0.010200 -0.440578 -0.897656
vn 0.030400 -0.619001 -0.784801
vn 0.037001 -0.873224 0.485913
vn -0.010100 -0.440699 0.897598
vn -0.030300 -0.619003 0.784804
vn -0.029201 0.485716 -0.873629
vn -0.042300 0.439398 -0.897296
vn -0.037000 0.847502 -0.529501
vn 0.039299 0.532086 -0.845778
vn 0.025001 0.836544 -0.547329
vn 0.027199 0.290286 -0.956553
vn 0.035601 0.502015 -0.864126
vn 0.051801 0.157104 -0.986223
vn -0.025999 0.836158 0.547872
vn 0.028099 0.477689 0.878080
vn 0.005000 0.541610 0.840615
vn 0.042200 0.438797 0.897595
vn 0.036800 0.847199 0.529999
vn -0.958045 -0.283684 0.040898
vn -0.110803 -0.139304 0.984031
vn -0.028699 -0.309490 0.950469
vn -0.872751 0.487373 0.027798
vn -0.846601 0.530700 -0.040300
vn -0.559300 0.828600 -0.024600
vn -0.869475 0.492886 -0.032799
vn -0.727401 0.074100 -0.682201
vn -0.877235 -0.479919 -0.011700
vn -0.950721 -0.308707 -0.028801
vn -0.777053 -0.628962 -0.024399
vn -0.512605 -0.858108 0.029800
vn 0.877086 -0.480193 0.011600
vn 0.948194 -0.315398 0.038100
vn 0.777322 -0.628618 0.024701
vn 0.512680 -0.858066 -0.029699
vn 0.872685 0.487492 -0.027800
vn 0.986726 0.155104 -0.048101
vn 0.846642 0.530627 0.040402
vn 0.559370 0.828556 0.024499
vn 0.869408 0.493005 0.032800
vn 0.039201 0.148505 0.988134
vn -0.037002 -0.873157 -0.486032
vn -0.036898 0.847460 -0.529575
vn 0.005000 0.541564 0.840644
vn 0.036902 0.847241 0.529926
vn 0.933600 -0.358200 -0.009200
vn -0.999999 -0.001200 -0.000000
vn -1.000000 0.000200 -0.000000
vn -0.932183 0.361893 -0.008300
vn 0.920604 -0.389202 0.031800
vn 0.978058 -0.205591 0.033699
vn 0.084399 -0.993885 0.071199
vn -0.917720 -0.395709 -0.034701
vn -0.978164 -0.204692 -0.035999
vn -0.083998 -0.992582 -0.087898
vn 0.207512 0.977957 0.023201
vn -0.917621 0.396109 0.032701
vn -0.978033 0.205707 0.033701
vn -0.077401 0.994316 0.073101
vn -0.000000 1.000000 0.000300
vn -0.031600 -0.957499 -0.286700
vn -0.031901 -0.986422 -0.161104
vn -0.063898 -0.289090 -0.955167
vn -0.031901 0.961737 0.272110
vn -0.032399 0.988079 0.150497
vn -0.064000 0.290298 0.954794
vn -0.001000 0.000400 -0.999999
vn 0.000200 -1.000000 -0.000000
vn 0.033599 0.957283 -0.287195
vn 0.034402 0.986451 -0.160408
vn 0.069002 0.288708 -0.954927
vn 0.034000 -0.961697 0.271999
vn 0.034698 -0.988154 0.149493
vn 0.003800 0.999993 -0.000000
vn 0.992800 0.017500 0.118500
vn -0.002600 0.999997 0.000100
vn -0.999999 -0.001100 -0.000000
vn -0.987804 -0.088800 0.127900
vn 0.992812 0.017500 0.118401
vn -0.987816 -0.088801 0.127802
vn 0.601820 0.798127 0.028401
vn 0.363384 0.931358 0.022899
vn 0.747695 0.663295 0.031500
vn 0.893120 0.448810 0.030101
vn -0.992313 0.122302 0.018900
vn -0.858721 0.512113 0.018400
vn 0.747697 0.663297 0.031400
vn -0.992325 0.122203 0.018900
vn -0.858747 0.512069 0.018399
vn 0.128398 0.016700 -0.991582
vn 0.000100 0.999997 0.002500
vn -0.000000 -0.001300 0.999999
vn 0.138593 -0.105194 0.984747
vn 0.003300 -0.351790 -0.936073
vn -0.012400 -0.353900 -0.935201
vn 0.029799 0.796586 -0.603790
vn 0.023700 0.933916 -0.356706
vn 0.031901 0.441016 -0.896932
vn 0.020400 0.117902 0.992816
vn 0.017400 0.505789 0.862482
vn -0.000400 0.000200 1.000000
vn 0.000100 -0.000000 1.000000
vn 0.320612 -0.045102 0.946136
vn 0.321001 -0.045100 0.946004
vn -0.296984 -0.165391 -0.940450
vn -0.097798 -0.143697 -0.984778
vn 0.297012 -0.165407 0.940438
vn 0.097699 -0.143698 0.984787
vn -0.297012 -0.165407 -0.940438
vn -0.097796 -0.143795 -0.984763
vn 0.296984 -0.165391 0.940450
vn 0.097697 -0.143796 0.984773
vn -1.000000 0.000300 0.000700
vn -0.999999 -0.001400 -0.000400
vn 1.000000 -0.000800 -0.000300
vn 1.000000 0.000200 0.000800
vn -0.000500 -0.000200 -1.000000
vn 0.000500 -0.000000 -1.000000
vn 0.323607 0.022700 -0.945919
vn 1.000000 -0.000200 -0.000500
vn 1.000000 -0.000000 0.000900
vn -0.000400 -0.000800 -1.000000
vn 0.000500 0.000100 -1.000000
vn 0.284395 0.020800 -0.958482
vn -0.298394 0.092198 0.949979
vn -0.105604 0.079303 0.991241
vn 0.302716 0.091805 -0.948649
vn 0.120304 0.078403 -0.989636
vn -0.298485 0.092195 0.949951
vn 0.711483 0.078698 -0.698283
vn 0.000300 -0.000000 -1.000000
vn 0.001900 -0.000200 0.999998
vn 1.000000 0.000300 0.000400
vn -0.999998 -0.001800 -0.000100
vn 0.004400 -0.000300 -0.999990
vn -0.999999 -0.001700 -0.000100
vn 0.392301 -0.191401 -0.899703
vn -0.394397 -0.190899 0.898893
vn 0.392001 -0.190601 -0.900003
vn -0.394389 -0.190995 0.898876
vn 0.999992 -0.004000 0.000100
vn -0.999998 -0.000200 0.001900
vn 0.999987 -0.000500 -0.005000
vn 0.000900 -0.000200 -1.000000
vn -0.889334 -0.237709 -0.390615
vn -0.706371 -0.042398 -0.706571
vn 0.508286 -0.145096 0.848877
vn 0.000100 -0.004000 -0.999992
vn -0.000100 -1.000000 -0.000300
vn 1.000000 0.000100 0.000200
vn -0.005300 0.776901 -0.629601
vn 1.000000 -0.000500 0.000600
vn -0.999996 0.000400 -0.002900
vn -0.788576 -0.103397 0.606182
vn -0.549497 -0.674396 0.493197
vn -0.497702 -0.440602 0.747103
vn -0.386685 -0.247190 0.888466
vn -0.549911 -0.393508 0.736715
vn 0.108700 0.974197 -0.197799
vn -0.246590 -0.967761 0.051298
vn -0.111903 -0.894124 0.433612
vn 0.247299 -0.966797 -0.064400
vn 0.346011 -0.938230 0.000900
vn 0.268103 -0.114101 -0.956610
vn 0.243509 -0.194307 -0.950236
vn -0.000000 -1.000000 -0.000800
vn 0.000100 0.999995 0.003000
vn 0.999998 -0.000100 -0.002200
vn 0.795262 0.074496 0.601671
vn -0.999999 -0.000200 -0.001200
vn -0.999999 0.000400 0.001500
vn -0.999999 0.000400 0.001300
vn -0.293901 0.096000 -0.951003
vn -0.131702 0.991013 0.023400
vn -0.122005 0.990541 0.062803
vn -0.093199 0.993091 0.071299
vn -0.097298 0.994884 0.027200
vn -0.067103 0.994938 0.074803
vn -0.069199 0.997187 0.028800
vn -0.134600 0.990900 -0.000600
vn -0.098504 0.995137 -0.000000
vn -0.069797 0.997561 -0.000000
vn -0.039300 0.998795 0.029400
vn -0.038500 0.996402 0.075500
vn -0.002300 0.997151 0.075396
vn -0.002300 0.999562 0.029499
vn -0.039501 0.999220 -0.000000
vn -0.002400 0.999997 -0.000000
vn -0.039400 0.998791 -0.029400
vn -0.002300 0.999562 -0.029499
vn -0.002300 0.997135 -0.075603
vn -0.038500 0.996410 -0.075401
vn -0.069398 0.997165 -0.029099
vn -0.067100 0.995006 -0.073900
vn -0.132105 0.990935 -0.024401
vn -0.097703 0.994833 -0.027601
vn -0.093200 0.993198 -0.069800
vn -0.123601 0.990504 -0.060200
vn -0.029699 0.764882 0.643485
vn -0.083701 0.791505 0.605404
vn -0.004700 0.672541 0.740045
vn -0.011900 0.761204 0.648403
vn 0.000200 0.753709 0.657208
vn 0.491415 0.870926 -0.000200
vn 0.490306 0.871311 -0.020400
vn 0.084103 0.767324 -0.635720
vn 0.007400 0.585113 -0.810918
vn 0.007300 0.364993 -0.930982
vn 0.002100 0.686513 -0.727114
vn 0.005600 0.768373 -0.639978
vn -0.614501 0.788501 -0.025600
vn -0.561006 0.827509 -0.022400
vn -0.554716 0.829924 -0.059302
vn -0.599922 0.797629 -0.062302
vn -0.642478 0.766074 -0.018799
vn -0.618493 0.785790 -0.000600
vn -0.562384 0.826876 -0.000000
vn -0.629387 0.776984 -0.013000
vn -0.614482 0.788577 0.023599
vn -0.599170 0.798060 0.063997
vn -0.555378 0.829467 0.059498
vn -0.560887 0.827581 0.022699
vn 0.036300 0.998908 0.029400
vn 0.035400 0.996494 0.075800
vn 0.070102 0.997124 0.028801
vn 0.067797 0.994951 0.073996
vn 0.036501 0.999334 -0.000000
vn 0.070700 0.997498 -0.000000
vn 0.140707 0.989751 0.024401
vn 0.102901 0.994311 0.027500
vn 0.098095 0.992748 0.069496
vn 0.131696 0.989473 0.059998
vn 0.143395 0.989665 0.000500
vn 0.104097 0.994567 0.000200
vn 0.140305 0.989832 -0.023401
vn 0.129894 0.989556 -0.062497
vn 0.098104 0.992640 -0.071003
vn 0.102595 0.994354 -0.027099
vn 0.067900 0.994899 -0.074600
vn 0.070102 0.997124 -0.028801
vn 0.036300 0.998908 -0.029400
vn 0.035501 0.996521 -0.075402
vn 0.001900 0.361611 0.932327
vn 0.034901 0.623912 0.780715
vn 0.088303 0.760825 0.642921
vn 0.028098 0.733454 0.679158
vn -0.014700 0.698581 -0.715380
vn -0.028498 0.710161 -0.703462
vn -0.088098 0.813478 -0.574885
vn -0.032000 0.784501 -0.619301
vn -0.006800 0.699652 -0.714451
vn -0.018300 0.780494 -0.624895
vn -0.007200 0.774605 -0.632404
vn -0.432305 0.891610 0.134701
vn -0.451807 0.890813 0.048201
vn -0.523224 0.837738 0.156307
vn -0.331010 0.894128 0.301609
vn -0.404882 0.852361 0.330985
vn -0.283203 0.951810 0.117701
vn -0.300993 0.952679 0.042499
vn -0.245696 0.948385 0.200497
vn -0.168597 0.881083 0.441891
vn -0.225502 0.835909 0.500405
vn -0.078901 0.878111 0.471906
vn -0.151494 0.953161 0.261789
vn -0.089704 0.952840 0.289912
vn -0.106299 0.984186 0.141698
vn -0.182204 0.982019 0.049401
vn -0.162503 0.979420 0.119702
vn 0.191605 0.980327 0.047401
vn 0.114999 0.982990 0.143199
vn 0.170800 0.977897 0.120600
vn 0.095404 0.948645 0.301614
vn 0.158298 0.950185 0.268496
vn 0.299105 0.953317 0.041501
vn 0.282794 0.952080 0.116498
vn 0.254590 0.946564 0.197992
vn 0.082902 0.863024 0.498314
vn 0.417708 0.907416 0.046001
vn -0.182108 0.982145 -0.047202
vn -0.108502 0.984217 -0.139802
vn -0.162103 0.979620 -0.118602
vn -0.092099 0.954689 -0.282997
vn -0.151098 0.954688 -0.256397
vn -0.299984 0.953050 -0.041298
vn -0.282208 0.952228 -0.116703
vn -0.244599 0.949297 -0.197499
vn -0.168796 0.887881 -0.427991
vn -0.082999 0.887590 -0.453095
vn -0.227287 0.848853 -0.477273
vn -0.328998 0.897694 -0.293098
vn -0.402689 0.858177 -0.318392
vn -0.430482 0.892762 -0.132894
vn -0.520712 0.839819 -0.153503
vn -0.450479 0.891458 -0.048698
vn 0.282412 0.952241 -0.116105
vn 0.300204 0.952914 -0.042801
vn 0.252495 0.946682 -0.200096
vn 0.169306 0.877132 -0.449416
vn 0.082399 0.866690 -0.491994
vn 0.158000 0.950403 -0.267901
vn 0.094196 0.949660 -0.298787
vn 0.112695 0.983258 -0.143194
vn 0.191393 0.980265 -0.049498
vn 0.170607 0.977943 -0.120505
vn -0.140001 -0.972505 0.186101
vn -0.215202 -0.973409 0.078501
vn -0.317000 -0.857699 0.404800
vn -0.444916 -0.794129 0.414015
vn 0.327877 -0.879639 0.344576
vn 0.143997 -0.980382 0.134597
vn -0.133906 -0.988144 -0.075103
vn -0.440595 -0.895989 -0.055499
vn -0.351393 -0.863582 -0.361593
vn -0.129401 -0.973607 -0.188001
vn -0.449588 -0.813777 -0.368290
vn -0.027199 -0.963867 -0.264991
vn -0.019401 -0.998536 -0.050502
vn 0.141098 -0.980885 -0.133998
vn -0.882974 0.469386 0.005800
vn -0.827174 0.558582 0.061398
vn -0.988183 -0.152797 0.012100
vn -0.990120 -0.115302 0.079802
vn -0.537975 0.825061 0.172792
vn -0.731395 0.613496 0.297798
vn -0.915307 -0.038600 0.400903
vn -0.781688 -0.621490 0.052099
vn -0.025800 -0.288903 0.957011
vn -0.032900 -0.017600 0.999304
vn -0.500775 -0.006000 0.865557
vn -0.327892 0.752181 0.571586
vn -0.395608 0.539010 0.743614
vn -0.065501 0.319506 0.945318
vn -0.117394 0.544874 0.830260
vn 0.074199 0.625993 0.776291
vn 0.027901 0.351316 0.935841
vn 0.446202 0.539803 0.713804
vn 0.042899 -0.048899 0.997882
vn 0.543488 -0.085198 0.835082
vn 0.765516 0.594613 0.245805
vn 0.934610 -0.101101 0.341004
vn 0.986720 -0.145403 0.072401
vn 0.976620 -0.214604 0.012600
vn 0.547924 0.835637 0.038602
vn 0.828927 0.557118 0.050002
vn 0.860845 0.508767 0.010099
vn 0.524220 0.850532 -0.042302
vn 0.560081 0.828272 -0.016599
vn 0.868257 0.496076 -0.006200
vn 0.805260 0.589371 -0.064797
vn 0.987191 -0.159099 -0.011900
vn 0.988601 -0.121800 -0.088500
vn 0.458616 0.872531 -0.168406
vn 0.695589 0.643589 -0.319295
vn 0.894865 -0.048598 -0.443683
vn 0.451203 -0.035700 -0.891707
vn 0.000100 -0.015400 -0.999881
vn 0.246405 0.805116 -0.539511
vn 0.345695 0.573892 -0.742390
vn 0.020900 0.377904 -0.925609
vn 0.036301 0.604712 -0.795616
vn -0.124195 0.596074 -0.793266
vn -0.030801 0.315208 -0.948523
vn -0.425090 0.550787 -0.718284
vn -0.011700 -0.024901 -0.999621
vn -0.536720 -0.019701 -0.843531
vn -0.752524 0.609919 -0.248408
vn -0.931935 -0.047402 -0.359514
vn -0.378608 -0.674114 -0.634213
vn -0.420499 -0.503599 -0.754698
vn -0.991778 -0.098498 -0.081698
vn -0.979661 -0.200192 -0.013699
vn -0.827581 0.558988 -0.051399
vn -0.869052 0.494630 -0.009501
vn -0.084898 0.984276 0.154896
vn -0.069900 0.950200 0.303700
vn -0.061900 0.984798 0.162300
vn -0.050300 0.947792 0.314897
vn -0.049297 0.867851 0.494372
vn -0.034099 0.863273 0.503584
vn -0.016101 0.856728 0.515517
vn -0.000500 0.854059 0.520175
vn -0.028899 0.946573 0.321191
vn -0.001800 0.946060 0.323986
vn -0.035898 0.985557 0.165493
vn -0.002300 0.986090 0.166198
vn 0.203303 0.978914 0.019900
vn 0.306206 0.951817 0.016800
vn 0.207391 0.978258 0.000600
vn 0.308989 0.951066 0.000200
vn 0.420181 0.907258 0.018199
vn 0.420212 0.907426 -0.000100
vn 0.420299 0.907199 -0.018400
vn 0.307412 0.951438 -0.016201
vn 0.203596 0.978878 -0.018600
vn 0.089101 0.983714 -0.156102
vn 0.072799 0.947882 -0.310194
vn 0.062401 0.984716 -0.162603
vn 0.050903 0.946952 -0.317317
vn 0.052199 0.860077 -0.507487
vn 0.033300 0.858812 -0.511207
vn 0.026901 0.947436 -0.318812
vn 0.018800 0.860204 -0.509603
vn -0.002400 0.865458 -0.500976
vn -0.001700 0.948562 -0.316587
vn 0.033101 0.985737 -0.165006
vn -0.002400 0.986423 -0.164204
vn -0.193903 0.980817 -0.020000
vn -0.307109 0.951528 -0.016700
vn -0.197904 0.980221 -0.000700
vn -0.310192 0.950674 -0.000200
vn -0.453008 0.891316 -0.018400
vn -0.453403 0.891306 0.000100
vn -0.453804 0.890907 0.018600
vn -0.308407 0.951120 0.016000
vn -0.194198 0.980788 0.018500
vn -0.039799 -0.999182 0.007100
vn -0.026199 -0.999652 -0.003100
vn -0.543807 -0.839210 -0.000800
vn 0.000400 -0.998808 -0.048800
vn -0.158001 0.804605 0.572404
vn -0.296195 0.845186 0.444893
vn -0.451776 0.843755 0.289785
vn -0.230798 0.804692 0.546995
vn -0.559588 0.815882 0.145597
vn 0.215400 -0.726800 0.652200
vn 0.626986 -0.776583 -0.061699
vn 0.477994 -0.817490 -0.321296
vn -0.209306 -0.747421 -0.630518
vn -0.102796 -0.628275 -0.771170
vn -0.658721 -0.751324 0.040001
vn 0.493309 0.869015 0.038201
vn 0.265290 0.878468 -0.397385
vn 0.084103 0.723930 -0.684728
vn 0.138200 0.779397 -0.611098
vn 0.878404 0.477902 0.004100
vn 0.974715 -0.223304 0.008100
vn 0.001800 -0.296811 -0.954935
vn -0.027100 -0.227004 -0.973517
vn -0.976138 -0.216908 -0.010300
vn 0.032500 0.985489 0.166598
vn 0.026099 0.945081 0.325793
vn 0.061501 0.984524 0.164104
vn 0.049502 0.944929 0.323510
vn 0.048798 0.852359 0.520675
vn 0.071201 0.946115 0.315905
vn 0.087698 0.983682 0.157097
vn -0.035801 0.985926 -0.163304
vn -0.029199 0.949274 -0.313091
vn -0.061502 0.985133 -0.160405
vn -0.050899 0.950479 -0.306593
vn -0.018200 0.867613 -0.496907
vn -0.033799 0.872083 -0.488190
vn -0.051300 0.877895 -0.476097
vn -0.070001 0.952307 -0.297002
vn -0.084098 0.984580 -0.153397
vn -0.002900 -0.191902 0.981410
vn 0.006200 0.191803 -0.981414
vn 0.020600 0.178601 -0.983706
vn 0.077102 0.674519 -0.734220
vn 0.044202 0.609129 -0.791838
vn 0.046899 0.608992 -0.791789
vn -0.000500 0.526606 -0.850109
vn 0.164394 0.786371 0.595478
vn 0.234889 0.811163 0.535576
vn 0.312489 0.852969 -0.418085
vn 0.205500 0.775399 -0.597099
vn 0.164594 0.764972 -0.622677
vn -0.006500 0.190108 -0.981742
vn -0.019299 0.192290 -0.981148
vn -0.099394 0.513770 0.852151
vn -0.178903 0.666510 0.723711
vn -0.117005 0.573323 -0.810932
vn -0.051600 0.417301 -0.907302
vn -0.355678 0.815049 0.457371
vn -0.206007 -0.710825 0.672524
vn -0.514905 0.838007 -0.180602
vn -0.490198 0.844397 -0.216099
vn -0.555182 0.819274 -0.143395
vn -0.448099 0.850798 -0.274499
vn -0.166804 0.836219 -0.522412
vn -0.296999 0.860896 -0.413098
vn -0.259801 0.842503 -0.471902
vn -0.375817 0.862338 -0.339315
vn 0.006600 -0.193303 0.981117
vn 0.004600 0.213009 -0.977039
vn 0.036198 0.147793 -0.988356
vn -0.060900 0.571404 0.818406
vn 0.080698 0.656980 0.749577
vn 0.072003 0.661329 -0.746632
vn -0.200407 0.738027 -0.644324
vn -0.144501 0.752705 -0.642304
vn -0.076598 0.735777 -0.672879
vn -0.251209 -0.967933 0.000600
vn -0.131603 0.991024 0.023501
vn -0.067103 0.994946 0.074703
vn -0.134502 0.990913 -0.000500
vn -0.069199 0.997187 -0.028800
vn -0.132203 0.990920 -0.024500
vn -0.093202 0.993219 -0.069501
vn -0.123601 0.990510 -0.060101
vn -0.029702 0.764841 0.643534
vn 0.490381 0.871267 -0.020499
vn 0.007300 0.364906 -0.931016
vn 0.002200 0.686513 -0.727114
vn 0.005500 0.768374 -0.639978
vn -0.599986 0.797581 -0.062299
vn -0.642419 0.766123 -0.018801
vn -0.555503 0.829404 0.059200
vn 0.070300 0.997101 0.029100
vn 0.098096 0.992761 0.069297
vn 0.098103 0.992633 -0.071102
vn 0.028100 0.733504 0.679104
vn -0.028600 0.710209 -0.703409
vn -0.451804 0.890809 0.048300
vn -0.301084 0.952650 0.042498
vn 0.095395 0.948655 0.301586
vn 0.417501 0.907501 0.046200
vn -0.162101 0.979609 -0.118701
vn -0.092201 0.954707 -0.282902
vn -0.151200 0.954698 -0.256300
vn -0.282212 0.952239 -0.116605
vn -0.450519 0.891437 -0.048702
vn 0.157996 0.950377 -0.267994
vn 0.094205 0.949650 -0.298816
vn 0.170605 0.977931 -0.120604
vn -0.444881 -0.794166 0.413982
vn 0.141100 -0.980898 -0.133900
vn -0.882910 0.469506 0.005800
vn -0.827137 0.558625 0.061503
vn -0.988170 -0.152895 0.012000
vn -0.990131 -0.115204 0.079803
vn -0.032900 -0.017700 0.999302
vn -0.117401 0.544803 0.830305
vn 0.765471 0.594677 0.245791
vn 0.986713 -0.145502 0.072301
vn 0.547878 0.835667 0.038598
vn 0.860844 0.508767 0.010199
vn 0.560080 0.828270 -0.016699
vn 0.868300 0.496000 -0.006200
vn 0.805225 0.589418 -0.064802
vn 0.988613 -0.121702 -0.088501
vn 0.458576 0.872555 -0.168391
vn 0.451202 -0.035800 -0.891704
vn 0.000100 -0.015300 -0.999883
vn 0.246392 0.805073 -0.539582
vn -0.124205 0.596122 -0.793229
vn -0.536791 -0.019700 -0.843485
vn -0.420602 -0.503503 -0.754704
vn -0.991776 -0.098598 -0.081598
vn -0.869053 0.494630 -0.009401
vn -0.069701 0.950117 0.304005
vn -0.061999 0.984792 0.162299
vn -0.034101 0.863316 0.503510
vn -0.000500 0.853800 0.520600
vn -0.001800 0.945886 0.324495
vn 0.203302 0.978912 0.020000
vn 0.307292 0.951476 -0.016300
vn 0.203499 0.978897 -0.018700
vn -0.001700 0.948592 -0.316497
vn 0.032999 0.985776 -0.164796
vn -0.307200 0.951499 -0.016700
vn -0.310311 0.950635 -0.000300
vn -0.453088 0.891276 -0.018400
vn -0.453323 0.891346 0.000100
vn -0.039699 -0.999186 0.007100
vn -0.542596 -0.839994 -0.000800
vn -0.296104 0.845211 0.444906
vn -0.559596 0.815894 0.145499
vn -0.209388 -0.747358 -0.630565
vn 0.493188 0.869079 0.038299
vn 0.878362 0.477979 0.004100
vn 0.974694 -0.223399 0.008000
vn -0.976139 -0.216909 -0.010200
vn 0.026100 0.945111 0.325704
vn 0.048802 0.852332 0.520719
vn -0.061603 0.985143 -0.160307
vn -0.050600 0.950396 -0.306899
vn -0.070102 0.952329 -0.296909
vn 0.006100 0.191899 -0.981396
vn 0.077003 0.674524 -0.734226
vn -0.019199 0.192194 -0.981169
vn -0.116995 0.573276 -0.810966
vn 0.006600 -0.193400 0.981098
vn -0.061000 0.571401 0.818401
vn 0.071998 0.661279 -0.746677
vn -0.047498 -0.997967 0.042499
vn -0.041898 -0.992459 0.115195
vn -0.111505 -0.988840 0.098804
vn -0.129103 -0.990922 0.037501
vn -0.047000 0.997990 0.042500
vn -0.129299 0.990893 0.037600
vn -0.115203 0.988029 0.102603
vn -0.041802 0.992543 0.114505
vn -0.133995 0.990963 0.006100
vn -0.216505 -0.175804 0.960322
vn -0.182693 -0.375187 0.908767
vn -0.064400 -0.420502 0.905003
vn -0.078397 -0.198492 0.976962
vn -0.015700 -0.212603 0.977013
vn -0.014000 -0.438790 0.898480
vn -0.226904 -0.059201 0.972116
vn -0.002400 -0.070600 0.997502
vn 0.979655 -0.188891 0.067797
vn 0.969874 -0.165996 0.178295
vn 0.915910 -0.369404 0.157002
vn 0.913105 -0.403902 0.055700
vn 0.979202 -0.202300 0.015400
vn 0.906945 -0.421021 0.013901
vn 0.978780 -0.204896 0.002600
vn 0.997090 0.013100 0.075099
vn 0.208291 -0.173492 -0.962557
vn 0.182301 -0.384601 -0.904903
vn 0.063803 -0.420518 -0.905038
vn 0.078097 -0.198593 -0.976966
vn 0.015599 -0.212889 -0.976952
vn 0.014000 -0.438790 -0.898480
vn 0.002400 -0.070600 -0.997502
vn -0.979494 -0.189399 -0.068700
vn -0.971813 -0.166302 -0.167102
vn -0.920389 -0.364696 -0.140998
vn -0.912750 -0.404578 -0.056597
vn -0.979200 -0.201700 -0.022000
vn -0.906760 -0.421182 -0.019799
vn -0.995841 -0.049002 -0.076803
vn -0.978372 -0.206794 -0.004900
vn -0.322685 -0.602272 0.730166
vn -0.129703 -0.659515 0.740417
vn -0.400517 -0.306413 0.863537
vn -0.608084 -0.565686 0.556986
vn -0.707117 -0.273607 0.652016
vn -0.091802 -0.884918 0.456609
vn -0.253712 -0.856639 0.449221
vn -0.410686 -0.824872 0.388487
vn -0.768719 -0.577015 0.275907
vn -0.883605 -0.313602 0.347702
vn -0.917037 -0.367615 0.154606
vn -0.762399 -0.635599 0.121500
vn -0.488196 -0.868692 0.083899
vn -0.481184 -0.849771 0.215293
vn -0.223310 -0.953543 0.202209
vn -0.244906 -0.966323 0.079002
vn -0.089403 -0.970937 0.222009
vn 0.221799 -0.953897 0.202199
vn 0.088601 -0.971012 0.222003
vn 0.110397 -0.988975 0.098697
vn 0.243309 -0.966734 0.078903
vn 0.479606 -0.850610 0.215503
vn 0.486713 -0.869523 0.083902
vn 0.252105 -0.857016 0.449408
vn 0.090901 -0.885013 0.456607
vn 0.408505 -0.825711 0.389005
vn 0.768123 -0.577617 0.276308
vn 0.761908 -0.636206 0.121401
vn 0.883373 -0.313491 0.348389
vn 0.606628 -0.566126 0.558126
vn 0.705678 -0.273591 0.653580
vn 0.320802 -0.602504 0.730805
vn 0.398323 -0.306418 0.864550
vn 0.178406 -0.373213 0.910431
vn 0.128495 -0.659576 0.740573
vn -0.763478 -0.586783 -0.269792
vn -0.762611 -0.638409 -0.104202
vn -0.892109 -0.303503 -0.334704
vn -0.612714 -0.567413 -0.550113
vn -0.711031 -0.273412 -0.647828
vn -0.486704 -0.870307 -0.075401
vn -0.482101 -0.849401 -0.214700
vn -0.433610 -0.829119 -0.352908
vn -0.319407 -0.597613 -0.735416
vn -0.402080 -0.316784 -0.859057
vn -0.186607 -0.378413 -0.906632
vn -0.139998 -0.660690 -0.737489
vn -0.094003 -0.889525 -0.447112
vn -0.242794 -0.865877 -0.437388
vn -0.222906 -0.955724 -0.192105
vn -0.088998 -0.973383 -0.211196
vn -0.110302 -0.989714 -0.091101
vn -0.244890 -0.966761 -0.073497
vn 0.221399 -0.956096 -0.191999
vn 0.243291 -0.967165 -0.073497
vn 0.109303 -0.989825 -0.091102
vn 0.088097 -0.973466 -0.211193
vn 0.241203 -0.866211 -0.437606
vn 0.093201 -0.889612 -0.447106
vn 0.480600 -0.850201 -0.214900
vn 0.485104 -0.871208 -0.075301
vn 0.431585 -0.829971 -0.353388
vn 0.317498 -0.597796 -0.736095
vn 0.138704 -0.660817 -0.737619
vn 0.401007 -0.323605 -0.857014
vn 0.714515 -0.273106 -0.644113
vn 0.611197 -0.567997 -0.551197
vn 0.762834 -0.587426 -0.270212
vn 0.894298 -0.296999 -0.334699
vn 0.922080 -0.359492 -0.143297
vn 0.762110 -0.639008 -0.104201
vn -0.369414 0.273410 0.888133
vn -0.415706 0.086101 0.905414
vn -0.189504 0.110702 0.975619
vn -0.144393 0.313184 0.938652
vn -0.340804 0.642308 0.686508
vn -0.108105 0.692130 0.713631
vn -0.707708 0.262803 0.655808
vn -0.731315 0.076702 0.677714
vn -0.651229 0.474021 0.592626
vn -0.320305 0.901414 0.291304
vn -0.099895 0.942549 0.318783
vn -0.347196 0.933589 0.088699
vn -0.720279 0.624982 0.300991
vn -0.740038 0.666034 0.093505
vn -0.910814 0.260304 0.320405
vn -0.947519 0.295506 0.122002
vn -0.981812 0.106601 0.157102
vn -0.928108 0.087001 0.362003
vn 0.910375 0.260993 0.321091
vn 0.927845 0.086995 0.362678
vn 0.981457 0.108095 0.158293
vn 0.947330 0.296109 0.122004
vn 0.718795 0.626396 0.301598
vn 0.738709 0.667508 0.093501
vn 0.706169 0.263288 0.657271
vn 0.729869 0.076697 0.679271
vn 0.649067 0.475176 0.594070
vn 0.318506 0.902018 0.291406
vn 0.345300 0.934301 0.088600
vn 0.113001 0.988407 0.101401
vn 0.099004 0.942633 0.318811
vn 0.338898 0.642795 0.686995
vn 0.107101 0.692207 0.713708
vn 0.367284 0.273588 0.888961
vn 0.142995 0.313188 0.938864
vn 0.186496 0.109098 0.976379
vn 0.413389 0.086098 0.906475
vn -0.915655 0.260787 -0.305885
vn -0.934132 0.086803 -0.346212
vn -0.983049 0.108205 -0.148007
vn -0.948480 0.295694 -0.113798
vn -0.723600 0.627400 -0.287700
vn -0.740576 0.666278 -0.087297
vn -0.717418 0.266107 -0.643816
vn -0.742093 0.076699 -0.665894
vn -0.660710 0.481807 -0.575608
vn -0.320912 0.905233 -0.278510
vn -0.347412 0.934032 -0.083003
vn -0.113906 0.988948 -0.094905
vn -0.099402 0.947020 -0.305406
vn -0.345084 0.651970 -0.675169
vn -0.107798 0.702986 -0.702986
vn -0.375085 0.278189 -0.884264
vn -0.144297 0.318193 -0.936980
vn -0.188095 0.109097 -0.976073
vn -0.421186 0.086197 -0.902869
vn 0.372907 0.278405 -0.885116
vn 0.419681 0.090396 -0.903159
vn 0.185691 0.113295 -0.976055
vn 0.142997 0.318193 -0.937179
vn 0.343203 0.652406 -0.675706
vn 0.106901 0.703005 -0.703105
vn 0.715900 0.266600 -0.645300
vn 0.742388 0.076499 -0.665589
vn 0.658609 0.483007 -0.577008
vn 0.319113 0.905838 -0.278612
vn 0.098598 0.947076 -0.305492
vn 0.112896 0.989065 -0.094897
vn 0.345396 0.934788 -0.082899
vn 0.722124 0.628821 -0.288309
vn 0.739202 0.667802 -0.087300
vn 0.915211 0.261503 -0.306604
vn 0.948292 0.296297 -0.113799
vn 0.983353 0.104295 -0.148793
vn 0.934507 0.082701 -0.346203
vn -0.262403 -0.964411 0.032500
vn -0.486511 -0.873120 0.031101
vn -0.486712 -0.873522 0.008400
vn -0.913817 -0.402107 0.057001
vn -0.745026 -0.665823 0.040201
vn -0.042399 -0.993483 -0.105798
vn -0.035698 -0.973243 -0.226987
vn -0.034399 -0.894477 -0.445789
vn -0.004900 -0.971790 -0.235798
vn -0.007700 -0.895159 -0.445680
vn -0.066202 -0.418215 -0.905932
vn -0.045800 -0.691205 -0.721206
vn 0.004700 -0.971693 -0.236198
vn 0.126602 -0.991218 -0.038201
vn 0.260600 -0.964900 -0.032500
vn 0.484591 -0.874184 -0.031199
vn 0.484826 -0.874547 -0.010501
vn 0.913489 -0.402795 -0.057399
vn 0.744022 -0.666920 -0.040601
vn 0.041498 -0.992557 0.114495
vn 0.035699 -0.970562 0.238191
vn 0.034299 -0.888866 0.456882
vn 0.004700 -0.968980 0.247095
vn 0.007800 -0.889589 0.456695
vn 0.065596 -0.418276 0.905948
vn 0.045402 -0.687224 0.725025
vn -0.004800 -0.968877 0.247494
vn -0.037199 0.942971 0.330790
vn -0.039200 0.702099 0.710999
vn -0.006100 0.706293 0.707893
vn -0.069199 0.131598 0.988885
vn -0.051698 0.340387 0.938863
vn 0.126195 0.991262 0.038399
vn 0.357800 0.933201 0.033400
vn 0.735188 0.676989 0.034399
vn 0.731701 0.681601 0.005800
vn 0.990350 0.125306 0.059203
vn 0.945627 0.322209 0.044401
vn 0.042100 0.993496 -0.105800
vn 0.036701 0.947613 -0.317304
vn 0.038600 0.712505 -0.700605
vn 0.005900 0.993803 -0.111000
vn 0.006600 0.946583 -0.322394
vn 0.006200 0.716480 -0.697580
vn 0.068502 0.131604 -0.988933
vn 0.051298 0.345088 -0.937167
vn -0.004300 0.945220 -0.326407
vn -0.006000 0.993690 -0.111999
vn -0.127499 0.991091 -0.038500
vn -0.360013 0.932335 -0.033801
vn -0.736283 0.675784 -0.034699
vn -0.133502 0.991015 -0.008200
vn -0.364987 0.930966 -0.009300
vn -0.733374 0.679776 -0.008200
vn -0.990253 0.125694 -0.059997
vn -0.945601 0.322200 -0.045000
vn -0.369800 0.929101 0.004300
vn 0.434099 -0.141400 0.889699
vn 0.210998 -0.177198 0.961291
vn 0.724310 -0.119102 0.679109
vn 0.222800 -0.058600 0.973101
vn 0.732192 -0.031000 0.680393
vn 0.913318 -0.133603 0.384708
vn -0.217503 0.045201 0.975013
vn -0.442098 0.037200 0.896195
vn -0.732910 0.031200 0.679610
vn -0.454489 0.011500 0.890678
vn -0.734004 0.007500 0.679104
vn -0.982708 0.043000 0.180101
vn -0.921236 0.034001 0.387515
vn -0.453201 -0.035500 0.890701
vn 0.970825 -0.169004 -0.170104
vn 0.920334 -0.136305 -0.366614
vn 0.741208 -0.119201 -0.660607
vn 0.982215 -0.055401 -0.179403
vn 0.743299 -0.031900 -0.668199
vn 0.441414 -0.138004 -0.886628
vn -0.441125 -0.141308 -0.886251
vn -0.212703 -0.177203 -0.960914
vn -0.736124 -0.118904 -0.666321
vn -0.224694 -0.058498 -0.972672
vn -0.743886 -0.030999 -0.667587
vn -0.920181 -0.133597 -0.367992
vn -0.980131 -0.197906 0.013300
vn -0.997483 -0.070899 0.001000
vn -0.979062 -0.191293 0.069597
vn -0.970233 -0.167606 0.174806
vn -0.980536 -0.054202 0.188707
vn 0.744223 -0.666720 0.040201
vn 0.484324 -0.874343 0.030902
vn 0.127995 -0.991058 0.037698
vn 0.261398 -0.964694 0.032200
vn -0.990794 0.134999 0.010100
vn -0.942316 0.334606 0.008900
vn -0.733902 0.679201 0.008600
vn -0.946025 0.321009 0.044601
vn -0.990621 0.123003 0.059501
vn -0.736430 0.675628 0.034601
vn -0.360109 0.932323 0.033101
vn -0.047800 -0.997909 -0.043500
vn -0.128004 -0.991030 -0.038401
vn -0.008800 -0.999860 -0.014199
vn 0.047302 0.997937 -0.043402
vn 0.126798 0.991181 -0.038499
vn 0.008200 0.999855 -0.014899
vn 0.007900 0.998910 -0.046000
vn -0.007500 0.998963 -0.044898
vn -0.000600 0.999878 -0.015600
vn 0.979349 -0.201310 -0.018701
vn 0.997851 -0.062797 -0.018699
vn 0.978982 -0.191596 -0.069899
vn 0.995272 -0.061598 -0.075098
vn 0.996991 -0.010500 -0.076799
vn -0.744299 -0.666599 -0.040800
vn -0.485807 -0.873513 -0.031100
vn -0.263107 -0.964226 -0.032301
vn 0.990777 0.134797 -0.013800
vn 0.942107 0.335102 -0.011900
vn 0.732923 0.680221 -0.011100
vn 0.945669 0.321989 -0.045099
vn 0.990555 0.123294 -0.059997
vn 0.734842 0.677339 -0.034902
vn 0.358098 0.933094 -0.033200
vn -0.081304 -0.201310 -0.976148
vn -0.019800 -0.066698 -0.997577
vn -0.087098 -0.064998 -0.994077
vn -0.045898 -0.687364 0.724862
vn -0.034500 -0.889002 0.456601
vn -0.035801 -0.970431 0.238708
vn -0.010600 0.142099 -0.989796
vn -0.009100 0.358790 -0.933374
vn -0.008700 0.715874 -0.698175
vn -0.051899 0.344396 -0.937389
vn -0.069698 0.129196 -0.989167
vn -0.039202 0.712538 -0.700537
vn -0.042401 0.993429 -0.106303
vn -0.037000 0.947603 -0.317301
vn -0.047801 0.997914 -0.043401
vn -0.050299 0.998675 -0.010900
vn 0.046301 -0.998031 0.042301
vn 0.047802 0.997944 0.042702
vn 0.042202 0.992652 0.113406
vn 0.009800 0.999914 0.008700
vn 0.080601 -0.201302 0.976208
vn 0.019699 -0.066798 0.997572
vn 0.086403 -0.065002 0.994137
vn 0.087501 -0.010800 0.996106
vn 0.017899 -0.011800 0.999770
vn 0.045398 -0.691372 -0.721071
vn 0.033900 -0.894592 -0.445596
vn 0.041902 -0.993440 -0.106404
vn 0.035201 -0.973117 -0.227604
vn 0.010500 0.142295 0.989769
vn 0.009100 0.354088 0.935168
vn 0.008600 0.705880 0.708280
vn 0.051401 0.339709 0.939125
vn 0.069001 0.129202 0.989215
vn 0.038900 0.702208 0.710908
vn 0.036701 0.942915 0.331005
vn 0.047701 -0.997927 -0.043201
vn 0.049101 -0.998728 -0.011500
vn -0.943239 0.332114 0.001300
vn -0.942342 0.331515 -0.045702
vn -0.988484 0.145498 -0.041599
vn -0.940220 0.327907 -0.092002
vn -0.985799 0.144000 -0.086400
vn -0.981324 0.140203 -0.131703
vn -0.936120 0.322307 -0.140703
vn -0.929408 0.313703 -0.194402
vn -0.973867 0.134795 -0.182794
vn -0.990537 0.048202 -0.128505
vn -0.982670 0.044299 -0.179994
vn -0.991799 -0.001100 -0.127800
vn -0.983657 -0.004600 -0.179992
vn -0.982750 -0.042498 -0.179991
vn -0.991044 -0.044502 -0.125906
vn -0.995402 -0.045100 -0.084500
vn -0.998183 -0.045499 -0.039499
vn -0.918971 0.301291 -0.254392
vn -0.962529 0.126804 -0.239707
vn -0.903036 0.284311 -0.322013
vn -0.945424 0.115703 -0.304608
vn -0.970858 0.038198 -0.236590
vn -0.953029 0.029801 -0.301409
vn -0.918565 0.100096 -0.382386
vn -0.877905 0.260302 -0.401902
vn -0.836090 0.225297 -0.500194
vn -0.873909 0.077301 -0.479905
vn -0.925102 0.017800 -0.379301
vn -0.878346 0.000300 -0.478025
vn -0.923308 -0.027100 -0.383103
vn -0.875114 -0.041801 -0.482108
vn -0.858704 -0.115001 -0.499402
vn -0.918077 -0.107697 -0.381491
vn -0.952493 -0.016800 -0.304098
vn -0.951968 -0.042099 -0.303290
vn -0.971391 -0.009500 -0.237298
vn -0.970435 -0.042402 -0.237609
vn -0.765378 0.173395 -0.619782
vn -0.797821 0.043601 -0.601316
vn -0.645791 0.097299 -0.757289
vn -0.663732 -0.007100 -0.747936
vn -0.797798 -0.025200 -0.602398
vn -0.655889 -0.058499 -0.752587
vn -0.437707 -0.077001 -0.895814
vn -0.447507 -0.011000 -0.894213
vn -0.153795 -0.144595 -0.977466
vn -0.106401 -0.156602 -0.981914
vn -0.403799 -0.121100 -0.906797
vn -0.062302 -0.158904 -0.985326
vn -0.627779 -0.096597 -0.772374
vn -0.609382 -0.127996 -0.782477
vn -0.789709 -0.063301 -0.610207
vn -0.778935 -0.088504 -0.620828
vn 0.179594 -0.265391 -0.947267
vn 0.261001 -0.219701 -0.940005
vn 0.452706 -0.341405 -0.823711
vn 0.541793 -0.249297 -0.802690
vn 0.716509 -0.256503 -0.648708
vn 0.633819 -0.378011 -0.674820
vn 0.745495 -0.391797 -0.539196
vn 0.819239 -0.253812 -0.514224
vn 0.752562 -0.192790 -0.629668
vn 0.846271 -0.183694 -0.500083
vn 0.857929 -0.154405 -0.490017
vn 0.872435 -0.157906 -0.462518
vn 0.789600 -0.166500 -0.590600
vn 0.773787 -0.163097 -0.612089
vn 0.648416 -0.176604 -0.740518
vn 0.395806 -0.183503 -0.899814
vn 0.813289 -0.394295 -0.427894
vn 0.879490 -0.247997 -0.406195
vn 0.855221 -0.392009 -0.339008
vn 0.915567 -0.241891 -0.321288
vn 0.901549 -0.174390 -0.395977
vn 0.935704 -0.167101 -0.310701
vn 0.938700 -0.236200 -0.251100
vn 0.882685 -0.387993 -0.265195
vn 0.901435 -0.383315 -0.201208
vn 0.954019 -0.231505 -0.190404
vn 0.956387 -0.162098 -0.242997
vn 0.970018 -0.158303 -0.184403
vn 0.971864 -0.151094 -0.180693
vn 0.916537 -0.152306 -0.369815
vn 0.913818 -0.379508 -0.144603
vn 0.964071 -0.227593 -0.136996
vn 0.921662 -0.376385 -0.094196
vn 0.970260 -0.224991 -0.089296
vn 0.978809 -0.155701 -0.133001
vn 0.984268 -0.153895 -0.086797
vn 0.973793 -0.223098 -0.044200
vn 0.925974 -0.374689 -0.046699
vn 0.927425 -0.374010 -0.000000
vn 0.974909 -0.222602 -0.000000
vn 0.987327 -0.152704 -0.043201
vn 0.988318 -0.152403 -0.000000
vn 0.984887 -0.151798 -0.083399
vn 0.980577 -0.148697 -0.127897
vn 0.973793 -0.223098 0.044200
vn 0.925974 -0.374689 0.046699
vn 0.970436 -0.224508 0.088603
vn 0.921409 -0.377004 0.094201
vn 0.987316 -0.152803 0.043101
vn 0.984022 -0.155004 0.087602
vn 0.954469 -0.230393 0.189494
vn 0.964377 -0.226895 0.135997
vn 0.913478 -0.380291 0.144696
vn 0.900767 -0.384786 0.201393
vn 0.987735 -0.151005 0.039701
vn 0.939340 -0.234810 0.250011
vn 0.882014 -0.389306 0.265504
vn 0.916595 -0.240099 0.319698
vn 0.854419 -0.393409 0.339408
vn 0.958081 -0.159497 0.237995
vn 0.937982 -0.163897 0.305494
vn 0.819695 -0.252798 0.513997
vn 0.880029 -0.246708 0.405813
vn 0.812626 -0.395313 0.428214
vn 0.745234 -0.392118 0.539324
vn 0.868566 -0.164194 0.467582
vn 0.915922 -0.160404 0.367909
vn 0.943320 -0.155303 0.293306
vn 0.962389 -0.152998 0.224497
vn 0.719190 -0.255096 0.646291
vn 0.634388 -0.377293 0.674687
vn 0.544187 -0.248294 0.801381
vn 0.454614 -0.339311 0.823526
vn 0.749200 -0.196900 0.632400
vn 0.604294 -0.188298 0.774192
vn -0.106804 -0.156205 0.981933
vn 0.263791 -0.219093 0.939368
vn 0.183099 -0.261799 0.947595
vn -0.149402 -0.140002 0.978815
vn 0.321998 -0.193799 0.926693
vn 0.648296 -0.184099 0.738796
vn 0.780708 -0.160602 0.603906
vn 0.791128 -0.172506 0.586821
vn -0.443095 -0.075499 0.893290
vn -0.443522 -0.005900 0.896244
vn -0.666805 -0.006400 0.745205
vn -0.642673 0.102396 0.759268
vn -0.657381 -0.062298 0.750979
vn -0.874223 0.076802 0.479412
vn -0.798098 0.042900 0.600998
vn -0.762990 0.178098 0.621392
vn -0.834285 0.229296 0.501391
vn -0.878518 -0.000000 0.477710
vn -0.798089 -0.025700 0.601992
vn -0.874439 -0.041902 0.483322
vn -0.869186 -0.089099 0.486392
vn -0.776168 -0.109896 0.620875
vn -0.789040 -0.063703 0.611031
vn -0.612624 -0.140806 0.777731
vn -0.638888 -0.094398 0.763486
vn -0.329889 -0.178094 0.927068
vn -0.918706 0.099501 0.382203
vn -0.876577 0.263693 0.402590
vn -0.945478 0.115297 0.304593
vn -0.901936 0.287111 0.322613
vn -0.925158 0.017399 0.379183
vn -0.953104 0.029500 0.301201
vn -0.973956 0.134694 0.182392
vn -0.962596 0.126499 0.239599
vn -0.918122 0.303607 0.254706
vn -0.928775 0.315391 0.194695
vn -0.982879 0.043699 0.178996
vn -0.970912 0.038000 0.236403
vn -0.984002 -0.004600 0.178100
vn -0.981716 -0.058301 0.181203
vn -0.969176 -0.063698 0.237994
vn -0.971389 -0.009700 0.237297
vn -0.949545 -0.068396 0.306082
vn -0.952877 -0.016800 0.302893
vn -0.923604 -0.026900 0.382402
vn -0.919949 -0.076404 0.384521
vn -0.981591 0.140299 0.129599
vn -0.935868 0.323389 0.139895
vn -0.939720 0.329307 0.092102
vn -0.990547 0.049302 0.128006
vn -0.995441 0.051302 0.080403
vn -0.942237 0.331813 0.045702
vn -0.059298 0.987073 -0.148896
vn -0.059197 0.976656 -0.206491
vn -0.148203 0.966619 -0.209004
vn -0.149292 0.977150 -0.151292
vn -0.378100 0.899900 -0.217300
vn -0.380987 0.911068 -0.157494
vn -0.059399 0.993491 -0.097199
vn -0.149906 0.983741 -0.098904
vn -0.382709 0.918121 -0.102902
vn -0.735593 0.659194 -0.156099
vn -0.730258 0.648263 -0.215588
vn -0.738815 0.666113 -0.102202
vn -0.741192 0.671293 -0.000000
vn -0.740600 0.670000 -0.051100
vn -0.383891 0.923378 -0.000000
vn -0.383593 0.922082 -0.051199
vn -0.150093 0.987452 -0.049098
vn -0.150193 0.988657 -0.000000
vn -0.059502 0.998228 -0.000000
vn -0.059398 0.997065 -0.048298
vn -0.057901 0.900822 -0.430311
vn -0.056703 0.841339 -0.537525
vn -0.136507 0.828742 -0.542727
vn -0.141702 0.889012 -0.435406
vn -0.340797 0.757593 -0.556695
vn -0.357386 0.819067 -0.448782
vn -0.058501 0.937217 -0.343806
vn -0.144705 0.926330 -0.347811
vn -0.367402 0.857605 -0.359902
vn -0.689121 0.573918 -0.442414
vn -0.655501 0.521101 -0.546601
vn -0.709328 0.608424 -0.355914
vn -0.722023 0.631920 -0.281709
vn -0.373788 0.882871 -0.284291
vn -0.146992 0.950348 -0.274285
vn -0.058797 0.960955 -0.270387
vn -0.040401 0.331109 -0.942727
vn -0.026201 -0.008400 -0.999621
vn -0.045799 -0.012600 -0.998871
vn -0.084496 0.319084 -0.943952
vn -0.088500 -0.030700 -0.995603
vn -0.190903 0.272204 -0.943113
vn -0.049598 0.582281 -0.811473
vn -0.111500 0.568201 -0.815301
vn -0.265487 0.504375 -0.821659
vn -0.361089 0.140596 -0.921872
vn -0.154993 -0.083796 -0.984355
vn -0.507008 0.317305 -0.801412
vn -0.599296 0.439797 -0.668896
vn -0.312491 0.659181 -0.683981
vn -0.127499 0.729496 -0.671996
vn -0.054303 0.743137 -0.666933
vn 0.018700 -0.845595 -0.533497
vn 0.064496 -0.842345 -0.535065
vn 0.050198 -0.746963 -0.662968
vn 0.209396 -0.808086 -0.550591
vn 0.168999 -0.714996 -0.678396
vn 0.027700 -0.589206 -0.807508
vn 0.107796 -0.565077 -0.817966
vn 0.417615 -0.579520 -0.699824
vn 0.511406 -0.642907 -0.570206
vn 0.275885 -0.473175 -0.836656
vn 0.077401 -0.306204 -0.948814
vn 0.020000 -0.334793 -0.942080
vn -0.004900 -0.342887 -0.939364
vn 0.026799 -0.962855 -0.268687
vn 0.027799 -0.978473 -0.204494
vn 0.084004 -0.975043 -0.205509
vn 0.081998 -0.959477 -0.269593
vn 0.268587 -0.939254 -0.213690
vn 0.261700 -0.923702 -0.279800
vn 0.025199 -0.939658 -0.341185
vn 0.078702 -0.936322 -0.342208
vn 0.251294 -0.900580 -0.354692
vn 0.638391 -0.712790 -0.290496
vn 0.657205 -0.720306 -0.221902
vn 0.611588 -0.700386 -0.367993
vn 0.572268 -0.679462 -0.459174
vn 0.235204 -0.865216 -0.442808
vn 0.073400 -0.900602 -0.428401
vn 0.022699 -0.903877 -0.427189
vn 0.029001 -0.998431 -0.047901
vn 0.029099 -0.999577 -0.000000
vn 0.086198 -0.996278 -0.000000
vn 0.086102 -0.995124 -0.048101
vn 0.277599 -0.960697 -0.000000
vn 0.277106 -0.959522 -0.050301
vn 0.028801 -0.994926 -0.096402
vn 0.085801 -0.991608 -0.096701
vn 0.275703 -0.955911 -0.101101
vn 0.683494 -0.728094 -0.052100
vn 0.685178 -0.728376 -0.000000
vn 0.678589 -0.726989 -0.104898
vn 0.670182 -0.724680 -0.160296
vn 0.273087 -0.949454 -0.154793
vn 0.085099 -0.985289 -0.148198
vn 0.028401 -0.988624 -0.147704
vn 0.085099 -0.985289 0.148198
vn 0.028401 -0.988624 0.147704
vn 0.027599 -0.978374 0.204995
vn 0.083597 -0.975061 0.205592
vn 0.273087 -0.949454 0.154793
vn 0.268508 -0.939227 0.213906
vn 0.085801 -0.991608 0.096701
vn 0.028801 -0.994926 0.096402
vn 0.275703 -0.955911 0.101101
vn 0.671387 -0.723586 0.160197
vn 0.658686 -0.718985 0.221795
vn 0.679380 -0.726279 0.104697
vn 0.683907 -0.727707 0.052100
vn 0.277106 -0.959522 0.050301
vn 0.029001 -0.998431 0.047901
vn 0.086102 -0.995124 0.048101
vn 0.072797 -0.900661 0.428381
vn 0.022499 -0.903977 0.426989
vn 0.018500 -0.845791 0.533194
vn 0.063802 -0.842428 0.535018
vn 0.234900 -0.865201 0.443000
vn 0.209002 -0.808109 0.550706
vn 0.078200 -0.936403 0.342101
vn 0.024999 -0.939771 0.340889
vn 0.251098 -0.900593 0.354797
vn 0.574272 -0.677767 0.459178
vn 0.513197 -0.641397 0.570297
vn 0.613589 -0.698687 0.367893
vn 0.640202 -0.711202 0.290401
vn 0.261507 -0.923724 0.279907
vn 0.026700 -0.962994 0.268198
vn 0.081597 -0.959568 0.269391
vn -0.005400 -0.343183 0.939253
vn -0.009500 -0.344809 0.938625
vn -0.026301 -0.008300 0.999620
vn -0.046098 -0.012999 0.998852
vn 0.019100 -0.335306 0.941916
vn -0.089301 -0.031500 0.995506
vn 0.027200 -0.589505 0.807307
vn 0.107103 -0.565416 0.817823
vn 0.076402 -0.306409 0.948829
vn -0.156700 -0.084800 0.983999
vn 0.276102 -0.472604 0.836907
vn 0.418701 -0.578401 0.700101
vn 0.168501 -0.715105 0.678404
vn 0.014701 -0.749427 0.661924
vn 0.049499 -0.747083 0.662885
vn -0.127509 0.729449 0.672045
vn -0.054199 0.743185 0.666887
vn -0.056603 0.841344 0.537528
vn -0.136194 0.828564 0.543077
vn -0.313315 0.658632 0.684133
vn -0.341393 0.757184 0.556888
vn -0.111299 0.568395 0.815193
vn -0.049499 0.582284 0.811477
vn -0.266395 0.503690 0.821784
vn -0.600965 0.437874 0.668661
vn -0.657041 0.519333 0.546434
vn -0.508795 0.315497 0.800993
vn -0.362988 0.138995 0.921369
vn -0.191697 0.271396 0.943184
vn -0.040501 0.330810 0.942828
vn -0.084603 0.318812 0.944035
vn -0.146794 0.950464 0.273990
vn -0.058797 0.960955 0.270387
vn -0.059103 0.976743 0.206109
vn -0.148203 0.966619 0.209004
vn -0.374187 0.882670 0.284390
vn -0.378391 0.899779 0.217295
vn -0.144705 0.926330 0.347811
vn -0.058398 0.937266 0.343688
vn -0.367884 0.857363 0.359985
vn -0.722982 0.630785 0.281793
vn -0.730979 0.647381 0.215794
vn -0.710484 0.607086 0.355892
vn -0.690479 0.572382 0.442286
vn -0.357997 0.818792 0.448796
vn -0.057700 0.900794 0.430397
vn -0.141695 0.889170 0.435085
vn -0.150093 0.987452 0.049098
vn -0.059398 0.997065 0.048298
vn -0.383804 0.922010 0.050901
vn -0.149700 0.983803 0.098600
vn -0.059399 0.993491 0.097199
vn -0.382685 0.918165 0.102596
vn -0.740600 0.670000 0.051100
vn -0.739091 0.665792 0.102299
vn -0.736090 0.658591 0.156298
vn -0.380987 0.911068 0.157494
vn -0.059298 0.987073 0.148896
vn -0.149104 0.977224 0.151004
vn -0.000000 0.989017 -0.147803
vn -0.000000 0.978888 -0.204397
vn -0.004100 0.978775 -0.204895
vn -0.004000 0.988980 -0.147997
vn -0.011900 0.978606 -0.205401
vn -0.011700 0.988874 -0.148296
vn -0.000000 0.995333 -0.096503
vn -0.003900 0.995315 -0.096602
vn -0.011600 0.995226 -0.096903
vn -0.026401 0.988544 -0.148607
vn -0.026501 0.978234 -0.205807
vn -0.026301 0.994936 -0.097004
vn -0.026299 0.999654 -0.000000
vn -0.026300 0.998487 -0.048299
vn -0.011500 0.999934 -0.000000
vn -0.011500 0.998772 -0.048199
vn -0.003800 0.998835 -0.048102
vn -0.003800 0.999993 -0.000000
vn -0.000000 0.998847 -0.048002
vn -0.000000 0.904165 -0.427183
vn -0.000000 0.845563 -0.533876
vn -0.005200 0.845211 -0.534407
vn -0.004800 0.903907 -0.427703
vn -0.013200 0.844304 -0.535702
vn -0.012800 0.903403 -0.428601
vn -0.000000 0.940175 -0.340691
vn -0.004500 0.939906 -0.341402
vn -0.012401 0.939540 -0.342215
vn -0.026900 0.902807 -0.429203
vn -0.027000 0.843403 -0.536602
vn -0.026799 0.938882 -0.343194
vn -0.026601 0.962519 -0.269905
vn -0.012100 0.962923 -0.269506
vn -0.004300 0.963187 -0.268796
vn -0.000000 0.963418 -0.268005
vn -0.000000 0.338401 -0.941002
vn -0.005600 -0.002100 -0.999982
vn -0.006000 0.337888 -0.941167
vn -0.012800 0.336201 -0.941703
vn -0.000000 0.589598 -0.807697
vn -0.006000 0.588601 -0.808401
vn -0.013600 0.587213 -0.809318
vn -0.022400 0.334002 -0.942306
vn -0.025400 0.585309 -0.810412
vn -0.026701 0.745723 -0.665721
vn -0.013500 0.747087 -0.664589
vn -0.005600 0.748131 -0.663527
vn -0.000000 0.748798 -0.662798
vn 0.000900 -0.590986 -0.806681
vn -0.000000 -0.339084 -0.940756
vn -0.002500 -0.963108 -0.269102
vn -0.002400 -0.978716 -0.205203
vn 0.002600 -0.978840 -0.204608
vn 0.002100 -0.963441 -0.267911
vn 0.000300 -0.940530 -0.339711
vn 0.001800 -0.940098 -0.340899
vn 0.009500 -0.963094 -0.268998
vn 0.010200 -0.978624 -0.205405
vn 0.008500 -0.939558 -0.342285
vn 0.007100 -0.903550 -0.428424
vn 0.001200 -0.903916 -0.427708
vn -0.000000 -0.904585 -0.426293
vn -0.003100 -0.998818 -0.048501
vn -0.002400 -0.999997 -0.000000
vn 0.001900 -0.999998 -0.000000
vn 0.003500 -0.998831 -0.048202
vn -0.002800 -0.995281 -0.096998
vn 0.003000 -0.995338 -0.096404
vn 0.011000 -0.998777 -0.048199
vn 0.011000 -0.999939 -0.000000
vn 0.010900 -0.995264 -0.096597
vn 0.010600 -0.988930 -0.148004
vn 0.002800 -0.989028 -0.147704
vn -0.002700 -0.988938 -0.148306
vn 0.010501 -0.988855 0.148508
vn 0.010000 -0.978521 0.205904
vn 0.010800 -0.995245 0.096804
vn 0.002600 -0.988938 0.148306
vn 0.011000 -0.998777 0.048199
vn 0.004300 -0.998809 0.048600
vn 0.001200 -0.903916 0.427708
vn -0.000000 -0.904624 0.426211
vn -0.000000 -0.846568 0.532280
vn 0.001800 -0.940098 0.340899
vn 0.007000 -0.903473 0.428587
vn 0.005900 -0.844941 0.534826
vn 0.008400 -0.939623 0.342108
vn 0.009400 -0.962925 0.269607
vn -0.003900 -0.340214 0.940340
vn -0.000000 -0.338996 0.940788
vn -0.005600 -0.002100 0.999982
vn -0.009800 -0.004000 0.999944
vn -0.017100 -0.009300 0.999811
vn -0.005600 0.748081 0.663583
vn -0.000000 0.748892 0.662693
vn -0.000000 0.845800 0.533500
vn -0.005200 0.845211 0.534407
vn -0.013500 0.747087 0.664589
vn -0.013200 0.844304 0.535702
vn -0.005900 0.588601 0.808402
vn -0.000000 0.589598 0.807697
vn -0.013600 0.587279 0.809271
vn -0.026601 0.745631 0.665828
vn -0.026899 0.843360 0.536675
vn -0.025400 0.585309 0.810412
vn -0.022399 0.334389 0.942169
vn -0.012800 0.336201 0.941703
vn -0.000000 0.338401 0.941002
vn -0.006000 0.337888 0.941167
vn -0.004300 0.963187 0.268796
vn -0.000000 0.963281 0.268495
vn -0.000000 0.978888 0.204397
vn -0.004100 0.978775 0.204895
vn -0.012100 0.962837 0.269810
vn -0.011900 0.978521 0.205804
vn -0.004500 0.939906 0.341402
vn -0.000000 0.940068 0.340988
vn -0.012401 0.939540 0.342215
vn -0.026600 0.962382 0.270395
vn -0.026501 0.978234 0.205807
vn -0.026799 0.939067 0.342688
vn -0.026899 0.902576 0.429689
vn -0.012800 0.903268 0.428885
vn -0.000000 0.904165 0.427183
vn -0.004800 0.903907 0.427703
vn -0.003800 0.998835 0.048102
vn -0.000000 0.998847 0.048002
vn -0.011500 0.998772 0.048199
vn -0.003900 0.995315 0.096602
vn -0.000000 0.995333 0.096503
vn -0.011600 0.995226 0.096903
vn -0.026300 0.998487 0.048299
vn -0.026301 0.994936 0.097004
vn -0.026400 0.988500 0.148900
vn -0.011700 0.988874 0.148296
vn -0.000000 0.989017 0.147803
vn -0.004000 0.988980 0.147997
vn -0.968779 -0.172996 -0.177596
vn -0.972485 -0.198897 -0.121298
vn -0.970528 -0.235507 -0.051101
vn -0.704319 -0.693419 -0.152004
vn -0.540008 -0.841613 0.008900
vn -0.965424 -0.260606 0.006400
vn -0.823306 -0.421803 -0.379803
vn -0.770420 -0.396911 -0.498913
vn -0.944930 -0.125604 -0.302210
vn -0.961428 -0.149304 -0.231007
vn 0.145700 -0.341001 -0.928703
vn -0.254291 -0.294590 -0.921169
vn -0.564383 -0.228093 -0.793376
vn -0.355789 -0.567183 -0.742777
vn -0.013000 -0.870718 -0.491610
vn -0.608921 -0.478016 -0.633021
vn -0.748122 -0.172605 -0.640719
vn 0.873109 -0.226902 -0.431504
vn 0.801212 -0.228804 -0.552908
vn 0.848709 -0.393804 -0.353004
vn 0.803041 -0.385520 -0.454423
vn 0.671970 -0.231190 -0.703568
vn 0.704492 -0.372996 -0.603793
vn 0.686603 -0.613703 -0.389802
vn 0.501715 -0.795323 -0.340210
vn 0.544098 -0.605597 -0.580697
vn 0.499308 -0.361706 -0.787312
vn 0.438095 -0.231197 -0.868689
vn 0.960899 -0.238900 -0.140000
vn 0.885909 -0.425804 -0.184002
vn 0.893551 -0.435976 -0.107194
vn 0.872227 -0.412813 -0.262308
vn 0.914019 -0.227605 -0.335807
vn 0.900483 -0.434892 -0.000500
vn 0.964424 -0.227706 0.134303
vn 0.970799 -0.234300 0.051500
vn 0.796185 -0.599688 0.080398
vn 0.917596 -0.208899 0.338199
vn 0.874168 -0.208292 0.438684
vn 0.948200 -0.215500 0.233400
vn 0.914903 -0.349901 0.201301
vn 0.484519 -0.341114 0.805532
vn 0.141803 -0.341507 0.929120
vn 0.670226 -0.223109 0.707827
vn 0.690705 -0.329502 0.643704
vn 0.277088 -0.612073 0.740668
vn 0.803665 -0.317386 0.503378
vn 0.764964 -0.511976 0.390782
vn 0.800917 -0.214304 0.559112
vn -0.731398 -0.289399 0.617499
vn -0.820639 -0.288414 0.493324
vn -0.557708 -0.297705 0.774812
vn -0.272616 -0.732042 0.624336
vn -0.255595 -0.322293 0.911481
vn -0.057701 -0.667010 0.742811
vn -0.939390 -0.300097 0.165798
vn -0.490076 -0.862657 0.125094
vn -0.875075 -0.294091 0.384389
vn -0.524287 -0.850079 0.049899
vn 0.942455 0.330984 -0.047198
vn 0.943072 0.332590 -0.000000
vn 0.989167 0.146795 0.000300
vn 0.988387 0.145298 -0.044499
vn 0.998514 0.050801 0.019700
vn 0.940124 0.328208 -0.091902
vn 0.991787 -0.001100 -0.127898
vn 0.983619 -0.004500 -0.180203
vn 0.982941 0.044702 -0.178407
vn 0.974347 0.134806 -0.180209
vn 0.929658 0.313586 -0.193391
vn 0.935983 0.322794 -0.140497
vn 0.918971 0.301291 -0.254392
vn 0.962529 0.126804 -0.239707
vn 0.970858 0.038198 -0.236590
vn 0.903036 0.284311 -0.322013
vn 0.945367 0.115696 -0.304789
vn 0.953067 0.029799 -0.301290
vn 0.970022 -0.054601 -0.236805
vn 0.971367 -0.009500 -0.237392
vn 0.950988 -0.056099 -0.304096
vn 0.952853 -0.016499 -0.302985
vn 0.923612 -0.026600 -0.382405
vn 0.920793 -0.063200 -0.384897
vn 0.869280 -0.074398 -0.488689
vn 0.874412 -0.041501 -0.483406
vn 0.925102 0.017800 -0.379301
vn 0.878346 0.000300 -0.478025
vn 0.918565 0.100096 -0.382386
vn 0.873909 0.077301 -0.479905
vn 0.836090 0.225297 -0.500194
vn 0.877905 0.260302 -0.401902
vn 0.765378 0.173395 -0.619782
vn 0.797857 0.043598 -0.601268
vn 0.797882 -0.025199 -0.602287
vn 0.645791 0.097299 -0.757289
vn 0.666330 -0.005900 -0.745634
vn 0.657132 -0.061803 -0.751237
vn 0.778588 -0.093099 -0.620591
vn 0.788882 -0.063199 -0.611286
vn 0.615078 -0.123895 -0.778672
vn 0.638097 -0.094000 -0.764196
vn 0.366110 -0.135704 -0.920624
vn 0.330209 -0.166404 -0.929124
vn 0.055800 -0.159601 -0.985603
vn 0.422415 -0.108104 -0.899933
vn 0.442300 -0.075300 -0.893700
vn 0.105503 -0.156504 -0.982026
vn 0.153795 -0.144595 -0.977466
vn 0.447507 -0.011000 -0.894213
vn -0.179594 -0.265391 -0.947267
vn -0.263899 -0.219699 -0.939196
vn -0.320788 -0.194493 -0.926967
vn -0.452706 -0.341405 -0.823711
vn -0.542915 -0.249007 -0.802022
vn -0.647998 -0.177800 -0.740598
vn -0.790817 -0.166704 -0.588913
vn -0.869080 -0.159096 -0.468389
vn -0.717866 -0.256088 -0.647369
vn -0.819197 -0.253799 -0.514298
vn -0.745410 -0.391805 -0.539307
vn -0.633819 -0.378011 -0.674820
vn -0.813291 -0.394396 -0.427795
vn -0.879708 -0.247702 -0.405904
vn -0.855221 -0.392009 -0.339008
vn -0.916081 -0.241395 -0.320193
vn -0.934003 -0.170601 -0.313901
vn -0.960425 -0.152004 -0.233406
vn -0.972272 -0.150496 -0.178995
vn -0.969970 -0.158495 -0.184494
vn -0.956294 -0.162199 -0.243298
vn -0.938700 -0.236200 -0.251100
vn -0.954019 -0.231505 -0.190404
vn -0.901435 -0.383315 -0.201208
vn -0.882696 -0.387898 -0.265299
vn -0.913818 -0.379508 -0.144603
vn -0.964071 -0.227593 -0.136996
vn -0.978792 -0.155899 -0.132899
vn -0.921697 -0.376299 -0.094200
vn -0.970260 -0.224991 -0.089296
vn -0.984252 -0.153993 -0.086796
vn -0.980576 -0.149896 -0.126497
vn -0.984860 -0.152194 -0.082997
vn -0.987698 -0.150200 -0.043500
vn -0.988409 -0.151801 0.001900
vn -0.988318 -0.152403 -0.000000
vn -0.987327 -0.152704 -0.043201
vn -0.973793 -0.223098 -0.044200
vn -0.974909 -0.222602 -0.000000
vn -0.927425 -0.374010 -0.000000
vn -0.925974 -0.374689 -0.046699
vn -0.973793 -0.223098 0.044200
vn -0.925974 -0.374689 0.046699
vn -0.987316 -0.152803 0.043101
vn -0.970358 -0.224690 0.088996
vn -0.921374 -0.377089 0.094197
vn -0.984321 -0.153603 0.086702
vn -0.978887 -0.155298 0.132898
vn -0.969324 -0.160204 0.186405
vn -0.913413 -0.380406 0.144802
vn -0.964175 -0.227394 0.136596
vn -0.954398 -0.230600 0.189600
vn -0.900748 -0.384820 0.201411
vn -0.938960 -0.235390 0.250889
vn -0.882014 -0.389306 0.265504
vn -0.915880 -0.241095 0.320993
vn -0.854419 -0.393409 0.339408
vn -0.901893 -0.173699 0.395497
vn -0.916604 -0.155301 0.368401
vn -0.858395 -0.154099 0.489297
vn -0.846591 -0.182998 0.499795
vn -0.871874 -0.162495 0.461986
vn -0.812626 -0.395313 0.428214
vn -0.879898 -0.247199 0.405799
vn -0.819791 -0.252897 0.513795
vn -0.745193 -0.392097 0.539395
vn -0.717182 -0.255693 0.648283
vn -0.634388 -0.377293 0.674687
vn -0.752965 -0.192191 0.629370
vn -0.542811 -0.248605 0.802217
vn -0.454693 -0.339295 0.823488
vn -0.789251 -0.172089 0.589464
vn -0.773925 -0.162705 0.612019
vn -0.648483 -0.182695 0.738981
vn -0.380094 -0.182897 0.906685
vn -0.056900 -0.200200 0.978101
vn 0.067901 -0.159802 0.984811
vn -0.183099 -0.261799 0.947595
vn -0.261203 -0.219003 0.940112
vn 0.106703 -0.156305 0.981928
vn 0.149400 -0.140100 0.978801
vn 0.438380 -0.077297 0.895460
vn 0.443482 -0.005900 0.896264
vn 0.664419 -0.007600 0.747322
vn 0.642614 0.102402 0.759316
vn 0.330006 -0.164603 0.929517
vn 0.612366 -0.126693 0.780357
vn 0.778201 -0.093600 0.621001
vn 0.869600 -0.073200 0.488300
vn 0.874331 -0.041902 0.483517
vn 0.788900 -0.063800 0.611200
vn 0.878411 -0.000100 0.477906
vn 0.798004 -0.025700 0.602103
vn 0.762990 0.178098 0.621392
vn 0.798182 0.042899 0.600887
vn 0.874223 0.076802 0.479412
vn 0.834285 0.229296 0.501391
vn 0.918774 0.099697 0.381989
vn 0.876519 0.263706 0.402709
vn 0.925193 0.017400 0.379097
vn 0.945478 0.115297 0.304593
vn 0.901954 0.287085 0.322584
vn 0.953075 0.029499 0.301292
vn 0.923604 -0.026900 0.382402
vn 0.921488 -0.062799 0.383295
vn 0.952839 -0.016801 0.303012
vn 0.950455 -0.056497 0.305685
vn 0.970426 -0.053001 0.235506
vn 0.981548 -0.052703 0.183809
vn 0.983583 -0.004700 0.180397
vn 0.971389 -0.009700 0.237297
vn 0.982665 0.043998 0.180094
vn 0.970889 0.038000 0.236497
vn 0.918122 0.303607 0.254706
vn 0.962596 0.126499 0.239599
vn 0.973956 0.134694 0.182392
vn 0.928804 0.315301 0.194701
vn 0.981324 0.140203 0.131703
vn 0.935664 0.323588 0.140795
vn 0.990380 0.048499 0.129597
vn 0.986019 0.143503 0.084702
vn 0.939898 0.328799 0.092100
vn 0.995366 0.051198 0.081397
vn 0.991513 -0.001200 0.130002
vn 0.990551 -0.051003 0.127307
vn 0.996656 0.001600 0.081696
vn 0.994953 -0.051198 0.086296
vn 0.942338 0.331513 0.045802
vn 0.988362 0.146094 0.042398
vn 0.150699 0.966192 -0.209198
vn 0.060399 0.976581 -0.206496
vn 0.060500 0.987000 -0.148900
vn 0.151701 0.976809 -0.151101
vn 0.060601 0.993418 -0.097202
vn 0.152299 0.983394 -0.098699
vn 0.381804 0.898310 -0.217403
vn 0.384606 0.909614 -0.157102
vn 0.386387 0.916568 -0.102996
vn 0.152693 0.987053 -0.049098
vn 0.060699 0.996982 -0.048399
vn 0.060697 0.998156 -0.000000
vn 0.152794 0.988258 -0.000000
vn 0.387309 0.920522 -0.051301
vn 0.387695 0.921788 -0.000000
vn 0.742712 0.669611 -0.000000
vn 0.742164 0.668268 -0.051098
vn 0.740331 0.664428 -0.102204
vn 0.731824 0.646521 -0.215507
vn 0.737115 0.657514 -0.156003
vn 0.138908 0.828145 -0.543029
vn 0.057899 0.841087 -0.537792
vn 0.059103 0.900643 -0.430521
vn 0.144300 0.888401 -0.435800
vn 0.059699 0.937291 -0.343397
vn 0.147305 0.925732 -0.348312
vn 0.344308 0.755918 -0.556813
vn 0.361005 0.817410 -0.448906
vn 0.371109 0.855921 -0.360109
vn 0.149302 0.950011 -0.274203
vn 0.060097 0.960847 -0.270485
vn 0.377518 0.881243 -0.284414
vn 0.723583 0.630185 -0.281593
vn 0.710905 0.606704 -0.355702
vn 0.657007 0.519406 -0.546406
vn 0.690693 0.572194 -0.442196
vn 0.046701 -0.012800 -0.998827
vn 0.026800 -0.008300 -0.999606
vn 0.041399 0.330588 -0.942867
vn 0.086001 0.318504 -0.944012
vn 0.050601 0.582006 -0.811609
vn 0.113501 0.567506 -0.815509
vn 0.089599 -0.031200 -0.995489
vn 0.193006 0.271008 -0.943029
vn 0.268302 0.502804 -0.821707
vn 0.129792 0.728757 -0.672360
vn 0.055500 0.742899 -0.667099
vn 0.315795 0.657491 -0.684090
vn 0.600694 0.438196 -0.668694
vn 0.508205 0.315903 -0.801207
vn 0.155196 -0.084398 -0.984272
vn 0.361994 0.139498 -0.921684
vn -0.065697 -0.842057 -0.535373
vn -0.019199 -0.845468 -0.533680
vn -0.015300 -0.748903 -0.662503
vn -0.051100 -0.746604 -0.663303
vn -0.028299 -0.589083 -0.807577
vn -0.211999 -0.807197 -0.550898
vn -0.170992 -0.714167 -0.678769
vn -0.108902 -0.564508 -0.818212
vn 0.005000 -0.342887 -0.939363
vn -0.019800 -0.334705 -0.942115
vn -0.077697 -0.306288 -0.948763
vn -0.276792 -0.472786 -0.836576
vn -0.512903 -0.641804 -0.570104
vn -0.418798 -0.578698 -0.699797
vn -0.085698 -0.974878 -0.205595
vn -0.028401 -0.978432 -0.204607
vn -0.027299 -0.962952 -0.268287
vn -0.083502 -0.959427 -0.269308
vn -0.025799 -0.939676 -0.341091
vn -0.080301 -0.936114 -0.342405
vn -0.272309 -0.938132 -0.213907
vn -0.265196 -0.922584 -0.280195
vn -0.254598 -0.899492 -0.355097
vn -0.074800 -0.900298 -0.428799
vn -0.023200 -0.903905 -0.427103
vn -0.238210 -0.864235 -0.443118
vn -0.573913 -0.678116 -0.459111
vn -0.613378 -0.698875 -0.367887
vn -0.659102 -0.718602 -0.221801
vn -0.640202 -0.711202 -0.290401
vn -0.088002 -0.996120 -0.000000
vn -0.029799 -0.999556 -0.000000
vn -0.029700 -0.998406 -0.048000
vn -0.087897 -0.994963 -0.048198
vn -0.029500 -0.994905 -0.096401
vn -0.087604 -0.991441 -0.096804
vn -0.281490 -0.959564 -0.000000
vn -0.280996 -0.958385 -0.050399
vn -0.279487 -0.954855 -0.100695
vn -0.086997 -0.985064 -0.148595
vn -0.029100 -0.988604 -0.147701
vn -0.276811 -0.948438 -0.154406
vn -0.672204 -0.722804 -0.160301
vn -0.680618 -0.725119 -0.104703
vn -0.687184 -0.726483 -0.000000
vn -0.685595 -0.726095 -0.052400
vn -0.086901 -0.985116 0.148302
vn -0.085299 -0.974891 0.205698
vn -0.028299 -0.978375 0.204895
vn -0.029100 -0.988604 0.147701
vn -0.087303 -0.991438 0.097104
vn -0.029299 -0.994882 0.096698
vn -0.276904 -0.948314 0.155002
vn -0.272306 -0.938019 0.214404
vn -0.279413 -0.954844 0.101005
vn -0.087897 -0.994963 0.048198
vn -0.029700 -0.998406 0.048000
vn -0.280996 -0.958385 0.050399
vn -0.685595 -0.726095 0.052400
vn -0.681399 -0.724399 0.104600
vn -0.673313 -0.721814 0.160103
vn -0.660641 -0.717245 0.221614
vn -0.074200 -0.900396 0.428698
vn -0.065101 -0.842209 0.535206
vn -0.018900 -0.845592 0.533495
vn -0.023000 -0.903910 0.427105
vn -0.079698 -0.936172 0.342390
vn -0.025500 -0.939683 0.341094
vn -0.238010 -0.864136 0.443419
vn -0.211695 -0.807080 0.551187
vn -0.254411 -0.899538 0.355115
vn -0.083198 -0.959374 0.269593
vn -0.027200 -0.962811 0.268803
vn -0.265095 -0.922583 0.280295
vn -0.642010 -0.709611 0.290304
vn -0.615313 -0.697214 0.367808
vn -0.575875 -0.676471 0.459080
vn -0.514693 -0.640291 0.570192
vn 0.005500 -0.343094 0.939285
vn 0.046901 -0.013300 0.998811
vn 0.026900 -0.008700 0.999600
vn 0.009700 -0.344897 0.938591
vn -0.027701 -0.589319 0.807426
vn -0.019199 -0.335185 0.941957
vn 0.090399 -0.032000 0.995391
vn -0.108299 -0.564796 0.818094
vn -0.050500 -0.747002 0.662901
vn -0.170495 -0.714277 0.678778
vn -0.419995 -0.577594 0.699992
vn -0.277009 -0.472215 0.836827
vn -0.076800 -0.306400 0.948800
vn 0.157001 -0.085301 0.983908
vn 0.129801 0.728806 0.672305
vn 0.138598 0.828089 0.543193
vn 0.057798 0.841167 0.537679
vn 0.055400 0.742903 0.667103
vn 0.113501 0.567506 0.815509
vn 0.050601 0.582412 0.811317
vn 0.316597 0.656894 0.684293
vn 0.345010 0.755522 0.556916
vn 0.269210 0.502118 0.821829
vn 0.086200 0.318199 0.944097
vn 0.041399 0.330588 0.942867
vn 0.193805 0.270107 0.943124
vn 0.363799 0.138000 0.921198
vn 0.509990 0.314094 0.800784
vn 0.602399 0.436300 0.668399
vn 0.658510 0.517708 0.546208
vn 0.149302 0.950011 0.274203
vn 0.150699 0.966192 0.209198
vn 0.060303 0.976648 0.206210
vn 0.060097 0.960847 0.270485
vn 0.147293 0.925857 0.347984
vn 0.059601 0.937111 0.343904
vn 0.377906 0.881015 0.284605
vn 0.382112 0.898227 0.217207
vn 0.371604 0.855708 0.360103
vn 0.144104 0.888623 0.435411
vn 0.059003 0.900649 0.430523
vn 0.361582 0.817060 0.449078
vn 0.691995 0.570696 0.442097
vn 0.712009 0.605407 0.355704
vn 0.724492 0.629093 0.281697
vn 0.732558 0.645663 0.215588
vn 0.152693 0.987053 0.049098
vn 0.060699 0.996982 0.048399
vn 0.152299 0.983394 0.098699
vn 0.060601 0.993418 0.097202
vn 0.387487 0.920469 0.050898
vn 0.386387 0.916568 0.102996
vn 0.151701 0.976809 0.151101
vn 0.060500 0.987000 0.148900
vn 0.384805 0.909512 0.157202
vn 0.737611 0.656910 0.156202
vn 0.740614 0.664113 0.102202
vn 0.742319 0.668118 0.050801
vn 0.004200 0.978775 -0.204895
vn 0.004000 0.988980 -0.147997
vn 0.003900 0.995315 -0.096602
vn 0.012100 0.978603 -0.205401
vn 0.011899 0.988857 -0.148394
vn 0.011800 0.995224 -0.096902
vn 0.003900 0.998835 -0.048102
vn 0.003900 0.999992 -0.000000
vn 0.011700 0.998769 -0.048199
vn 0.011700 0.999932 -0.000000
vn 0.026901 0.999638 -0.000000
vn 0.026899 0.998471 -0.048299
vn 0.026901 0.994921 -0.097002
vn 0.026999 0.988455 -0.149093
vn 0.027100 0.978218 -0.205804
vn 0.005300 0.845211 -0.534407
vn 0.004900 0.903906 -0.427703
vn 0.004600 0.939906 -0.341402
vn 0.013400 0.844495 -0.535397
vn 0.013000 0.903266 -0.428884
vn 0.012601 0.939538 -0.342214
vn 0.004400 0.963187 -0.268796
vn 0.012500 0.962833 -0.269809
vn 0.027200 0.962504 -0.269901
vn 0.027400 0.938899 -0.343100
vn 0.027500 0.902792 -0.429196
vn 0.027599 0.843270 -0.536781
vn 0.005700 -0.002200 -0.999981
vn 0.006100 0.337590 -0.941273
vn 0.006000 0.588601 -0.808401
vn 0.013100 0.336200 -0.941700
vn 0.013800 0.587212 -0.809316
vn 0.005700 0.748131 -0.663527
vn 0.013800 0.746990 -0.664692
vn 0.027301 0.745523 -0.665921
vn 0.026002 0.585234 -0.810447
vn 0.022900 0.334296 -0.942190
vn -0.000900 -0.845296 -0.534297
vn 0.001700 -0.753894 -0.656994
vn 0.003800 -0.586114 -0.810220
vn 0.003900 -0.340303 -0.940308
vn -0.000900 -0.754500 -0.656300
vn -0.004900 -0.845020 -0.534713
vn -0.001200 -0.903916 -0.427708
vn -0.002000 -0.939806 -0.341702
vn -0.007200 -0.903741 -0.428019
vn -0.008700 -0.939480 -0.342493
vn -0.009700 -0.962785 -0.270096
vn -0.010300 -0.978583 -0.205596
vn -0.010800 -0.988838 -0.148606
vn -0.011100 -0.995184 -0.097398
vn -0.011200 -0.998756 -0.048598
vn -0.011300 -0.999936 -0.000000
vn -0.002900 -0.989042 0.147606
vn -0.003000 -0.978759 0.204991
vn -0.011200 -0.998756 0.048598
vn -0.011100 -0.995203 0.097200
vn -0.010400 -0.978642 0.205309
vn -0.010800 -0.988928 0.148004
vn -0.001200 -0.903973 0.427587
vn -0.009700 -0.963033 0.269209
vn -0.008600 -0.939557 0.342284
vn -0.007200 -0.903511 0.428505
vn 0.005700 -0.002200 0.999981
vn 0.010000 -0.004100 0.999942
vn 0.017500 -0.009400 0.999803
vn 0.005700 0.748081 0.663583
vn 0.005300 0.845211 0.534407
vn 0.006000 0.588601 0.808401
vn 0.013800 0.746990 0.664692
vn 0.013400 0.844495 0.535397
vn 0.013800 0.587212 0.809316
vn 0.006100 0.337590 0.941273
vn 0.013100 0.336200 0.941700
vn 0.022899 0.333789 0.942370
vn 0.025900 0.585301 0.810402
vn 0.027501 0.843318 0.536711
vn 0.027201 0.745525 0.665922
vn 0.004400 0.963187 0.268796
vn 0.004200 0.978775 0.204895
vn 0.004600 0.939906 0.341402
vn 0.012300 0.962920 0.269506
vn 0.012100 0.978518 0.205804
vn 0.012601 0.939538 0.342214
vn 0.004900 0.903906 0.427703
vn 0.013000 0.903401 0.428600
vn 0.027499 0.902562 0.429682
vn 0.027300 0.938902 0.343101
vn 0.027100 0.978218 0.205804
vn 0.027200 0.962504 0.269901
vn 0.003900 0.998835 0.048102
vn 0.003900 0.995315 0.096602
vn 0.011700 0.998769 0.048199
vn 0.011800 0.995224 0.096902
vn 0.004000 0.988980 0.147997
vn 0.011900 0.988871 0.148296
vn 0.027001 0.988528 0.148604
vn 0.026901 0.994921 0.097002
vn 0.026899 0.998471 0.048299
vn 0.853635 -0.180707 -0.488520
vn 0.902210 -0.193402 -0.385504
vn 0.928581 -0.210596 -0.305594
vn 0.943895 -0.230399 -0.236599
vn 0.609500 -0.751400 -0.252800
vn 0.023900 -0.987719 -0.154403
vn 0.648580 -0.676579 -0.348689
vn 0.158792 -0.934055 -0.319885
vn 0.638801 -0.641001 -0.425501
vn -0.126798 -0.295196 -0.946986
vn 0.273499 -0.249699 -0.928896
vn 0.586020 -0.199607 -0.785327
vn 0.762270 -0.178793 -0.622075
vn 0.623425 -0.514420 -0.588823
vn 0.118799 -0.811891 -0.571594
vn 0.458120 -0.470221 -0.754333
vn -0.873989 -0.214597 -0.435995
vn -0.801813 -0.215903 -0.557209
vn -0.670984 -0.219995 -0.708083
vn -0.863065 -0.338386 -0.374985
vn -0.810414 -0.326106 -0.486708
vn -0.696097 -0.314298 -0.645497
vn -0.474170 -0.310280 -0.823947
vn -0.510418 -0.501117 -0.698824
vn -0.691916 -0.508411 -0.512612
vn -0.771481 -0.524687 -0.359891
vn -0.962912 -0.232503 -0.136902
vn -0.901405 -0.419802 -0.106001
vn -0.915263 -0.216891 -0.339486
vn -0.887367 -0.368886 -0.276590
vn -0.760108 -0.646207 -0.068201
vn -0.968110 -0.238302 -0.077301
vn -0.916109 -0.216102 0.337703
vn -0.874391 -0.215998 0.434495
vn -0.863690 -0.345796 0.366696
vn -0.671509 -0.221203 0.707209
vn -0.438210 -0.230105 0.868921
vn -0.475505 -0.308603 0.823808
vn -0.122296 -0.293290 0.948169
vn -0.698408 -0.315904 0.642208
vn -0.801875 -0.217793 0.556383
vn -0.810024 -0.327510 0.486414
vn -0.776408 -0.525105 0.348504
vn -0.695893 -0.504595 0.510995
vn -0.634811 -0.680911 0.365206
vn -0.504717 -0.503117 0.701523
vn 0.764509 -0.171402 0.621407
vn 0.857759 -0.176292 0.482877
vn 0.582084 -0.199094 0.788378
vn 0.271206 -0.252105 0.928919
vn 0.437608 -0.472009 0.765315
vn 0.095600 -0.810702 0.577601
vn 0.660402 -0.614202 0.432001
vn 0.622811 -0.517909 0.586410
vn 0.551418 -0.820227 0.152205
vn 0.266192 -0.937270 -0.225093
vn 0.424382 -0.875762 -0.230090
vn -0.264391 -0.955368 -0.131796
vn -0.283004 -0.902411 -0.324904
vn -0.017700 0.017400 0.999692
vn -0.016400 0.056000 0.998296
vn -0.002300 0.058499 0.998285
vn -0.081802 0.051301 0.995327
vn 0.999714 0.016500 0.017300
vn 0.998460 0.053098 0.016099
vn 0.998461 0.055398 0.002500
vn 0.996347 0.048902 0.070003
vn 0.982458 0.041998 0.181692
vn 0.016199 0.056598 -0.998266
vn 0.002200 0.058798 -0.998267
vn 0.081197 0.051498 -0.995367
vn 0.212398 0.044000 -0.976192
vn -0.998291 0.053599 -0.023300
vn -0.998477 0.054999 -0.004300
vn -0.996256 0.048898 -0.071297
vn -0.984497 0.042000 -0.170299
vn 0.917115 0.013100 0.398407
vn 0.732785 0.010100 0.680386
vn 0.921168 0.033899 0.387686
vn 0.731126 0.031301 0.681524
vn 0.214198 0.046300 0.975692
vn 0.439690 0.037199 0.897379
vn -0.916322 -0.037201 0.398710
vn -0.733698 -0.032500 0.678698
vn -0.913723 -0.133703 0.383710
vn -0.725876 -0.119996 0.677278
vn -0.435909 -0.142003 0.888718
vn 0.445696 0.035200 -0.894492
vn 0.744494 0.031300 -0.666895
vn 0.984092 0.044100 -0.172099
vn 0.927854 0.035802 -0.371222
vn 0.983317 0.014700 -0.181303
vn -0.924197 0.012900 -0.381699
vn -0.744523 0.010100 -0.667521
vn -0.928012 0.033900 -0.371005
vn -0.743122 0.031401 -0.668419
vn -0.215999 0.046300 -0.975295
vn -0.447104 0.037200 -0.893708
vn -0.996246 0.050502 0.070303
vn -0.998485 0.053499 0.012900
vn 0.997013 0.014800 -0.075801
vn 0.996206 0.050600 -0.070800
vn 0.998400 0.053600 -0.018000
vn -0.082099 0.053400 -0.995193
vn -0.017800 0.022400 -0.999591
vn -0.013600 0.056102 -0.998332
vn 0.085699 0.016300 0.996188
vn 0.081198 0.053199 0.995277
vn 0.013499 0.055797 0.998351
s 1
usemtl carpetWhite
f 198//1 136//2 859//3
f 3//4 136//2 2//5
f 136//2 6//6 7//7
f 179//8 461//9 836//10
f 11//11 461//9 10//12
f 461//9 13//13 14//14
f 18//15 431//16 19//17
f 887//18 431//16 20//19
f 884//20 431//16 21//21
f 294//22 431//16 884//20
f 25//23 425//24 26//25
f 28//26 425//24 27//27
f 871//28 425//24 29//29
f 320//30 425//24 871//28
f 32//31 442//32 35//33
f 37//34 442//32 860//35
f 38//36 442//32 37//34
f 39//37 442//32 38//36
f 41//38 454//39 43//40
f 44//41 454//39 42//42
f 47//43 905//44 49//45
f 52//46 53//47 54//48
f 56//49 53//47 966//50
f 57//51 53//47 56//49
f 58//52 935//53 59//54
f 62//55 63//56 64//57
f 68//58 924//59 70//60
f 71//61 924//59 69//62
f 71//61 72//63 924//59
f 73//64 711//65 74//66
f 78//67 77//68 721//69
f 79//70 903//71 81//72
f 82//73 83//74 80//75
f 84//76 85//77 86//78
f 87//79 86//78 85//77
f 90//80 944//81 92//82
f 93//83 944//81 91//84
f 98//85 99//86 737//87
f 100//88 101//89 102//90
f 106//91 107//92 108//93
f 107//92 110//94 111//95
f 951//96 108//93 107//92
f 670//97 380//98 112//99
f 112//99 380//98 113//100
f 117//101 928//102 590//103
f 118//104 928//102 117//101
f 120//105 810//106 119//107
f 121//108 810//106 120//105
f 122//109 810//106 121//108
f 124//110 150//111 123//112
f 125//113 150//111 124//110
f 127//114 128//106 126//115
f 129//116 128//106 127//114
f 730//106 128//106 129//116
f 131//117 420//118 130//119
f 132//120 420//118 131//117
f 133//121 420//118 132//120
f 140//122 462//111 139//123
f 141//124 462//111 140//122
f 928//102 813//111 590//103
f 159//125 464//126 158//127
f 160//128 464//126 159//125
f 145//129 858//130 168//106
f 170//131 172//132 171//133
f 179//8 181//134 180//135
f 194//136 191//137 872//138
f 4//139 197//140 5//141
f 198//1 200//142 199//143
f 208//144 209//145 369//146
f 227//147 228//148 371//149
f 163//150 257//151 256//152
f 261//153 262//154 259//155
f 275//156 276//157 274//158
f 274//158 270//159 269//160
f 291//161 288//162 287//163
f 294//22 289//164 295//165
f 320//30 316//166 321//167
f 322//168 326//169 324//170
f 343//171 347//172 344//173
f 354//174 355//175 356//176
f 355//175 348//177 353//178
f 358//179 359//180 357//181
f 236//182 360//183 235//184
f 869//185 361//186 363//187
f 869//185 360//183 361//186
f 238//188 365//189 237//190
f 240//191 365//189 238//188
f 211//192 368//193 369//146
f 218//194 375//195 217//196
f 218//194 220//197 375//195
f 226//198 377//199 225//200
f 381//201 378//202 380//98
f 381//201 377//199 378//202
f 246//203 383//204 245//205
f 893//206 383//204 382//207
f 188//208 387//209 187//210
f 184//211 185//212 389//213
f 391//214 388//215 390//216
f 295//165 19//17 22//217
f 291//161 292//218 393//219
f 207//220 397//221 206//222
f 402//223 398//224 401//225
f 321//167 31//226 30//227
f 318//228 32//229 404//230
f 269//160 407//231 274//158
f 41//38 43//40 266//232
f 407//231 43//40 821//233
f 827//234 407//231 821//233
f 344//173 408//235 341//236
f 359//180 358//179 410//237
f 860//35 409//238 410//237
f 247//239 250//240 411//241
f 250//240 254//242 412//243
f 264//244 44//41 42//42
f 268//245 42//42 41//38
f 412//243 254//242 272//246
f 281//247 413//248 282//249
f 281//247 279//250 414//251
f 278//252 277//253 415//254
f 416//255 279//250 415//254
f 416//255 414//251 279//250
f 216//256 417//257 215//258
f 421//259 418//260 420//118
f 421//259 417//257 418//260
f 201//261 422//262 199//143
f 190//263 425//24 189//264
f 195//265 426//266 196//267
f 7//7 427//268 462//269
f 180//135 10//12 9//270
f 171//133 431//16 169//271
f 178//272 13//273 12//274
f 177//275 176//276 432//277
f 14//14 433//278 816//279
f 14//14 432//277 433//278
f 296//280 17//281 16//282
f 887//18 20//19 823//283
f 305//284 24//285 23//286
f 325//287 440//288 323//289
f 338//290 441//291 339//292
f 440//288 441//291 442//32
f 145//129 440//288 838//293
f 256//152 164//294 163//150
f 251//295 445//296 256//152
f 247//239 443//297 248//298
f 445//296 443//297 444//299
f 164//294 445//296 444//299
f 304//300 446//301 303//302
f 447//303 448//304 449//305
f 454//39 832//306 455//307
f 832//306 450//308 453//309
f 832//306 449//305 448//304
f 832//306 448//304 450//308
f 337//310 456//311 338//290
f 458//312 345//313 335//314
f 350//315 349//316 457//317
f 349//316 345//313 458//312
f 342//318 341//236 456//311
f 416//255 463//319 974//320
f 965//321 466//322 902//323
f 699//324 472//325 474//326
f 474//326 469//327 471//328
f 473//329 472//325 476//330
f 477//331 472//325 699//324
f 486//332 483//333 487//334
f 488//335 483//333 486//332
f 695//336 491//337 490//338
f 490//338 492//339 493//340
f 491//337 492//339 490//338
f 494//341 491//337 695//336
f 58//52 492//339 497//342
f 492//339 496//343 497//342
f 502//344 503//345 501//346
f 499//347 503//345 506//348
f 508//349 511//350 512//351
f 510//352 511//350 508//349
f 511//350 515//353 516//354
f 52//355 518//356 521//357
f 523//358 520//359 522//360
f 526//361 527//362 528//363
f 527//362 530//364 531//365
f 47//366 530//364 532//367
f 537//368 538//369 534//370
f 537//368 540//371 538//369
f 50//372 537//368 536//373
f 538//369 540//371 543//374
f 544//375 545//376 726//377
f 545//376 547//378 548//379
f 84//76 555//380 554//381
f 555//380 556//382 551//383
f 557//384 552//385 558//386
f 559//387 561//388 127//114
f 560//389 561//388 559//387
f 562//390 563//391 720//392
f 563//391 564//393 561//388
f 563//391 561//388 560//389
f 79//394 561//388 565//395
f 561//388 564//393 565//395
f 571//396 569//397 570//398
f 574//399 569//397 572//400
f 567//401 569//397 574//399
f 578//402 579//403 713//404
f 579//403 580//405 577//406
f 579//403 577//406 576//407
f 577//406 580//405 581//408
f 584//409 583//410 586//411
f 588//412 585//413 587//414
f 586//411 583//410 590//415
f 583//410 585//413 590//415
f 731//416 594//417 733//418
f 598//419 595//420 900//421
f 594//417 595//420 598//419
f 71//61 600//422 599//423
f 606//424 602//425 607//426
f 602//425 605//427 607//426
f 608//428 610//429 753//430
f 753//430 610//429 616//431
f 616//431 612//432 614//433
f 610//429 612//432 616//431
f 622//434 618//435 617//436
f 625//437 619//438 626//439
f 627//440 629//441 630//442
f 628//443 629//441 627//440
f 632//444 633//445 629//441
f 632//444 629//441 628//443
f 629//441 633//445 635//446
f 638//447 637//448 636//449
f 103//450 637//448 639//451
f 640//452 641//453 642//454
f 637//448 642//454 645//455
f 647//456 650//457 651//458
f 649//459 650//457 647//456
f 649//459 653//460 650//457
f 650//457 653//460 654//461
f 657//462 656//463 660//464
f 662//465 659//466 661//467
f 669//468 667//469 666//470
f 90//471 672//472 671//473
f 114//474 674//475 675//476
f 523//358 522//360 685//477
f 522//360 519//478 685//477
f 516//354 54//479 57//51
f 515//353 519//478 54//479
f 513//480 685//477 514//481
f 685//477 519//478 515//353
f 689//482 690//483 688//484
f 691//485 687//486 686//487
f 695//336 692//488 494//341
f 494//341 692//488 693//489
f 695//336 696//490 694//491
f 478//492 481//493 697//494
f 65//495 63//56 484//496
f 63//56 473//329 484//496
f 62//55 470//497 63//56
f 470//497 473//329 63//56
f 475//498 697//494 476//330
f 477//331 698//499 475//498
f 477//331 701//500 698//499
f 699//324 700//501 701//500
f 702//502 698//499 701//500
f 541//503 543//374 703//504
f 50//372 48//505 540//371
f 48//505 529//506 540//371
f 47//366 532//367 48//505
f 532//367 529//506 48//505
f 526//361 703//504 527//362
f 526//361 704//507 705//508
f 531//365 707//509 528//363
f 709//510 705//508 704//507
f 709//510 704//507 706//511
f 588//412 587//414 710//512
f 75//513 711//65 582//514
f 711//65 580//405 582//514
f 73//64 581//408 711//65
f 581//408 580//405 711//65
f 578//402 710//512 579//403
f 716//515 712//516 713//404
f 712//516 714//517 713//404
f 716//515 717//518 715//519
f 571//396 570//398 718//520
f 570//398 566//521 718//520
f 82//73 80//75 566//521
f 79//394 565//395 80//75
f 562//390 718//520 563//391
f 718//520 566//521 564//393
f 723//522 719//523 720//392
f 720//392 719//523 721//69
f 723//522 724//524 722//525
f 557//384 558//386 725//526
f 558//386 556//382 725//526
f 84//76 86//78 555//380
f 89//527 546//528 86//78
f 546//528 556//382 86//78
f 544//375 725//526 545//376
f 725//526 556//382 546//528
f 726//377 727//529 728//530
f 548//379 729//531 727//529
f 904//532 728//530 727//529
f 734//533 735//534 733//418
f 890//535 915//536 735//534
f 915//536 732//537 733//418
f 662//465 661//467 736//538
f 661//467 658//539 736//538
f 97//540 737//87 655//541
f 95//542 654//461 737//87
f 652//543 736//538 653//460
f 736//538 658//539 653//460
f 740//544 741//545 739//546
f 742//547 738//548 739//546
f 640//452 743//549 641//453
f 638//447 633//445 743//549
f 103//450 101//89 636//449
f 101//89 633//445 638//447
f 100//88 635//446 101//89
f 635//446 633//445 101//89
f 747//550 744//551 631//552
f 631//552 744//551 745//553
f 747//550 748//554 746//555
f 980//556 745//553 748//554
f 745//553 744//551 746//555
f 626//439 749//557 625//437
f 624//558 611//559 749//557
f 109//560 107//92 623//561
f 107//92 611//559 624//558
f 106//91 613//562 107//92
f 613//562 611//559 107//92
f 753//430 750//563 608//428
f 608//428 750//563 751//564
f 753//430 754//565 752//566
f 682//567 684//568 755//569
f 93//83 91//84 681//570
f 91//84 669//468 681//570
f 90//471 671//473 91//84
f 671//473 669//468 91//84
f 665//571 755//569 666//470
f 668//572 756//573 665//571
f 112//99 113//100 758//574
f 759//575 757//576 758//574
f 664//577 140//122 139//123
f 663//578 140//122 664//577
f 663//578 760//579 140//122
f 760//579 761//580 762//581
f 675//476 115//582 114//474
f 678//583 115//582 675//476
f 678//583 763//584 115//582
f 683//585 763//584 678//583
f 763//584 764//586 765//587
f 642//454 152//588 151//589
f 643//590 152//588 642//454
f 643//590 766//591 152//588
f 641//453 768//592 767//593
f 986//594 766//591 985//595
f 766//591 768//592 985//595
f 574//399 147//596 146//597
f 572//400 147//596 574//399
f 572//400 769//598 147//596
f 571//396 771//599 770//600
f 773//601 769//598 77//68
f 769//598 771//599 772//602
f 503//345 165//603 143//604
f 504//605 165//603 503//345
f 504//605 774//606 165//603
f 502//344 776//607 775//608
f 774//606 776//607 53//47
f 166//609 774//606 53//47
f 552//385 777//610 157//611
f 553//612 777//610 552//385
f 553//612 778//613 777//610
f 778//613 781//614 782//615
f 909//616 778//613 782//615
f 525//617 124//110 123//112
f 524//618 124//110 525//617
f 524//618 783//619 124//110
f 523//358 784//620 785//621
f 787//622 783//619 786//623
f 783//619 784//620 786//623
f 619//438 788//624 162//625
f 620//626 788//624 619//438
f 620//626 789//627 788//624
f 625//437 792//628 791//629
f 789//627 792//628 793//630
f 928//102 789//627 793//630
f 591//631 117//101 590//415
f 589//632 117//101 591//631
f 589//632 794//633 117//101
f 588//412 795//634 796//635
f 794//633 795//634 797//636
f 601//637 159//125 158//127
f 603//638 159//125 601//637
f 603//638 798//639 159//125
f 606//424 800//640 799//641
f 798//639 800//640 914//642
f 919//643 798//639 914//642
f 535//644 155//645 534//370
f 539//646 155//645 535//644
f 539//646 801//647 155//645
f 541//503 802//648 542//649
f 801//647 802//648 803//650
f 156//651 801//647 803//650
f 485//652 134//653 487//334
f 482//654 134//653 485//652
f 482//654 804//655 134//653
f 804//655 805//656 806//657
f 135//658 804//655 806//657
f 501//346 807//659 502//344
f 60//660 808//661 498//662
f 808//661 496//343 498//662
f 58//52 497//342 808//661
f 497//342 496//343 808//661
f 596//663 69//664 68//58
f 592//665 809//666 593//667
f 809//666 605//427 593//667
f 606//424 607//426 809//666
f 607//426 605//427 809//666
f 724//524 810//106 812//668
f 460//669 813//111 462//111
f 980//556 138//670 814//671
f 816//279 815//672 696//490
f 460//669 277//253 275//156
f 455//307 821//233 454//39
f 453//309 821//233 455//307
f 451//673 821//233 453//309
f 292//674 821//233 394//675
f 175//676 436//677 433//678
f 824//679 827//234 830//680
f 827//234 826//681 390//682
f 824//679 286//683 285//684
f 830//680 287//163 286//683
f 831//685 287//163 830//680
f 830//680 827//234 831//685
f 831//685 827//234 828//686
f 833//687 15//688 460//669
f 833//687 834//689 15//688
f 15//688 834//689 836//10
f 816//279 436//677 817//106
f 46//690 837//691 454//39
f 837//691 262//154 261//153
f 832//306 837//691 260//692
f 838//293 858//130 145//129
f 854//693 858//130 838//293
f 839//694 858//130 854//693
f 858//130 841//695 401//225
f 439//696 874//697 843//698
f 844//699 846//700 845//701
f 38//36 850//702 39//703
f 839//694 314//704 313//705
f 855//706 853//707 854//693
f 838//293 855//706 854//693
f 855//706 838//293 851//708
f 203//709 857//710 856//711
f 8//712 857//710 859//3
f 338//290 860//35 441//291
f 341//236 860//35 456//311
f 861//713 425//24 28//26
f 189//264 425//24 862//714
f 862//714 425//24 861//713
f 29//29 425//24 402//223
f 865//715 380//98 864//716
f 233//717 364//718 362//719
f 362//719 364//718 363//187
f 374//720 948//721 375//195
f 841//695 402//223 401//225
f 840//722 870//723 841//695
f 29//29 870//723 871//28
f 843//698 27//27 439//696
f 843//698 872//138 28//26
f 862//714 190//263 189//264
f 862//714 872//138 190//263
f 861//713 872//138 862//714
f 28//26 872//138 861//713
f 868//724 218//194 217//196
f 868//724 948//721 873//725
f 400//726 858//130 401//225
f 138//670 858//130 856//711
f 438//727 874//697 439//696
f 874//697 846//700 844//699
f 875//728 431//16 887//18
f 169//271 431//16 170//131
f 170//131 431//16 875//728
f 21//21 431//16 391//214
f 937//729 142//730 877//731
f 142//730 816//279 489//732
f 436//677 260//106 817//106
f 370//733 960//734 365//189
f 130//119 420//118 419//735
f 882//736 881//737 880//738
f 826//681 391//214 390//216
f 825//739 883//740 826//681
f 21//21 883//740 884//20
f 885//741 421//259 420//118
f 823//283 20//19 436//677
f 875//728 172//132 170//131
f 875//728 886//742 172//132
f 878//743 238//188 237//190
f 878//743 960//734 888//744
f 436//677 449//305 832//306
f 185//745 827//234 390//682
f 460//669 827//234 833//687
f 420//118 891//746 961//747
f 380//98 865//715 902//323
f 367//748 934//749 368//193
f 892//750 209//145 208//144
f 892//750 210//751 209//145
f 892//750 894//752 210//751
f 892//750 934//749 894//752
f 376//753 947//754 373//755
f 895//756 228//148 227//147
f 466//322 899//757 690//483
f 416//255 974//320 975//758
f 464//126 790//759 928//102
f 717//518 902//323 901//760
f 978//761 979//762 444//299
f 464//126 465//763 154//764
f 784//620 685//477 786//623
f 523//358 685//477 784//620
f 782//615 903//71 83//74
f 730//765 906//766 903//71
f 129//116 127//114 906//766
f 81//72 907//767 79//394
f 907//767 127//114 79//394
f 82//73 568//768 908//769
f 910//770 908//769 568//768
f 51//771 787//622 786//623
f 786//623 685//477 51//771
f 905//44 685//477 691//485
f 725//526 904//532 782//615
f 557//772 782//615 781//614
f 544//375 904//532 725//526
f 729//531 466//322 730//106
f 690//483 911//773 905//44
f 899//757 898//774 911//773
f 49//45 912//775 47//366
f 912//775 898//774 47//366
f 913//776 787//622 51//771
f 51//771 50//372 536//373
f 51//771 536//373 913//776
f 913//776 536//373 533//777
f 154//764 467//778 950//779
f 916//780 465//763 161//781
f 902//323 467//778 965//321
f 890//535 917//782 915//536
f 890//535 889//783 917//782
f 89//527 88//784 918//785
f 87//79 915//536 917//782
f 554//381 550//786 919//643
f 916//780 550//786 157//611
f 800//640 915//536 914//642
f 606//424 915//536 800//640
f 592//665 915//536 809//666
f 771//599 721//69 772//602
f 571//396 721//69 771//599
f 562//390 721//69 718//520
f 773//601 813//111 148//111
f 126//115 810//106 723//522
f 723//522 810//106 724//524
f 975//758 978//761 416//255
f 772//602 721//69 77//68
f 590//103 813//111 920//787
f 920//787 813//111 773//601
f 812//668 811//788 921//789
f 73//64 74//66 922//790
f 76//791 923//792 77//68
f 923//792 773//601 77//68
f 584//409 586//411 923//792
f 920//787 586//411 590//415
f 710//512 714//517 797//636
f 588//412 710//512 795//634
f 578//402 714//517 710//512
f 105//793 793//630 751//564
f 754//565 717//518 122//109
f 102//90 634//794 100//88
f 105//793 751//564 122//109
f 104//795 103//450 926//796
f 104//795 926//796 925//797
f 929//798 72//63 932//799
f 797//636 924//59 72//63
f 924//59 797//636 714//517
f 122//109 751//564 754//565
f 104//795 928//102 793//630
f 625//437 793//630 792//628
f 608//800 793//630 749//801
f 158//127 464//126 599//423
f 599//423 464//126 929//798
f 615//802 717//518 753//430
f 753//430 717//518 754//565
f 717//518 930//803 924//59
f 901//760 900//421 930//803
f 68//58 70//60 931//804
f 71//61 599//423 932//799
f 71//61 932//799 72//63
f 805//656 697//494 806//657
f 478//492 697//494 805//656
f 700//501 937//729 702//502
f 935//53 702//502 937//729
f 135//658 936//805 933//806
f 474//326 420//118 699//324
f 699//324 420//118 700//501
f 142//730 420//118 133//121
f 806//657 697//494 61//807
f 935//53 697//494 702//502
f 934//749 939//808 461//9
f 700//501 420//118 937//729
f 877//731 876//809 938//810
f 58//52 59//54 938//810
f 938//810 493//340 58//52
f 762//581 742//547 94//811
f 114//812 364//718 941//813
f 941//813 364//718 940//814
f 947//754 942//815 867//816
f 92//82 945//817 90//471
f 945//817 673//818 90//471
f 94//811 680//819 946//820
f 941//813 674//475 114//474
f 941//813 676//821 674//475
f 946//820 676//821 941//813
f 462//111 364//718 942//815
f 138//670 381//201 380//98
f 137//822 947//754 381//201
f 762//581 94//811 760//579
f 940//814 760//579 94//811
f 761//580 736//538 762//581
f 662//465 736//538 761//580
f 764//823 755//569 765//824
f 682//567 755//569 764//823
f 113//100 951//96 759//575
f 116//825 763//584 949//826
f 364//718 464//126 869//185
f 902//323 113//100 380//98
f 111//95 951//96 107//92
f 765//824 951//96 111//95
f 948//721 950//779 467//778
f 950//779 948//721 869//185
f 952//827 902//323 615//802
f 953//828 902//323 952//827
f 954//829 902//323 953//828
f 949//826 464//126 364//718
f 952//827 614//433 955//830
f 106//91 108//93 955//830
f 110//831 956//832 111//833
f 956//832 763//584 111//833
f 622//434 617//436 956//832
f 949//826 956//832 617//436
f 803//650 703//504 67//834
f 957//835 703//504 709//510
f 957//835 67//834 703//504
f 487//836 881//737 959//837
f 959//837 881//737 958//838
f 891//746 474//326 471//328
f 891//746 471//328 962//839
f 62//55 64//57 468//840
f 488//335 486//332 963//841
f 959//837 486//332 487//334
f 964//842 963//841 959//837
f 421//259 885//741 965//321
f 961//747 466//322 885//741
f 965//321 960//734 421//259
f 958//838 465//763 156//651
f 958//838 156//651 964//842
f 802//648 703//504 803//650
f 541//503 703//504 802//648
f 531//365 466//322 707//509
f 707//509 466//322 708//106
f 502//344 53//47 776//607
f 494//843 53//47 807//844
f 443//297 411//241 444//299
f 247//239 411//241 443//297
f 164//294 138//670 817//106
f 696//490 966//50 693//489
f 166//609 53//47 970//845
f 489//732 816//279 695//336
f 695//336 816//279 696//490
f 966//50 53//47 693//489
f 967//846 460//669 166//609
f 123//112 150//111 521//357
f 521//357 150//111 967//846
f 696//490 968//847 966//50
f 815//672 512//351 968//847
f 57//51 56//49 969//848
f 52//355 521//357 970//845
f 52//355 970//845 55//849
f 166//609 970//845 967//846
f 985//595 745//553 99//86
f 971//850 457//317 975//758
f 350//315 457//317 971//850
f 167//106 138//670 979//762
f 139//123 462//111 660//464
f 660//464 462//111 986//594
f 356//176 976//851 975//758
f 971//850 351//852 350//315
f 971//850 976//851 351//852
f 351//852 976//851 356//176
f 971//850 975//758 976//851
f 973//853 977//854 978//761
f 979//762 327//855 167//856
f 977//854 329//857 327//855
f 95//542 96//858 981//859
f 657//462 660//464 982//860
f 986//594 982//860 660//464
f 99//86 982//860 986//594
f 986//594 462//111 813//111
f 641//453 985//595 768//592
f 631//861 985//595 743//862
f 748//554 983//106 980//556
f 119//107 983//106 747//550
f 747//550 983//106 748//554
f 810//106 816//279 983//106
f 989//863 994//864 990//111
f 991//865 994//864 988//866
f 994//864 996//867 2274//868
f 994//864 995//111 996//867
f 999//869 2256//870 1001//871
f 2279//872 2256//870 1002//873
f 1003//106 2256//870 2266//874
f 1004//875 2256//870 1003//106
f 1008//876 2222//877 1010//878
f 1797//879 2222//877 1011//880
f 1015//881 2218//882 1016//883
f 1017//884 2218//882 1014//885
f 2218//882 1021//886 2217//887
f 2218//882 1020//888 1021//886
f 1024//889 1028//890 1026//891
f 1783//892 1028//890 1027//893
f 1031//894 2221//895 1032//896
f 1033//897 2221//895 1030//898
f 2221//895 1036//899 2220//900
f 1042//901 1041//902 1875//903
f 1044//904 1041//902 1043//111
f 1043//111 1041//902 1042//901
f 1045//905 1046//906 1047//106
f 1047//106 1046//906 1048//907
f 1046//906 1054//908 1053//909
f 1046//906 1052//910 1054//908
f 1060//911 1914//912 1058//913
f 1066//914 2332//915 1068//916
f 1070//917 2332//915 1069//918
f 1073//919 2337//920 1074//921
f 1075//922 2337//920 1072//923
f 1927//924 1074//921 2337//920
f 1081//925 1080//926 1083//927
f 1085//928 1080//926 1084//929
f 1095//904 1090//930 1094//901
f 1094//901 1090//930 1093//931
f 1096//905 1098//906 1097//106
f 1097//106 1098//906 1099//907
f 1098//906 1105//932 1104//933
f 1098//906 1103//910 1105//932
f 1108//934 2346//935 1110//936
f 1111//937 2346//935 1109//938
f 2346//935 1114//939 1115//940
f 1118//914 2333//941 1120//942
f 1122//943 2333//941 1121//944
f 1125//919 2007//945 1126//946
f 1127//922 2007//945 1124//923
f 1132//925 2335//947 1134//948
f 1136//949 2335//947 1135//929
f 1139//950 1144//951 1140//952
f 1143//953 1144//951 1142//954
f 1145//955 1144//951 2027//955
f 1147//956 1144//951 1146//957
f 1146//957 1144//951 1145//955
f 1148//958 1149//959 1150//960
f 1150//960 1149//959 1151//961
f 1153//962 1149//959 1152//963
f 1149//959 1156//964 1155//965
f 1149//959 1154//966 1156//964
f 1550//967 1164//968 1159//969
f 1160//970 1164//968 1158//971
f 1164//968 1163//972 2350//973
f 1173//974 1179//975 1174//976
f 1175//977 1179//975 1172//978
f 2354//979 1179//975 1178//980
f 1179//975 1177//981 1178//980
f 1182//982 2469//983 1184//984
f 1190//985 2421//986 1192//987
f 1194//988 2421//986 2390//989
f 1195//990 2421//986 1194//988
f 1199//991 2124//992 1200//993
f 1201//994 2124//992 1198//994
f 2394//995 2124//992 1205//996
f 2124//992 1204//997 1205//996
f 1207//998 1208//999 1209//1000
f 1209//1000 1208//999 1210//1001
f 1216//1002 1208//999 1213//1003
f 1217//1004 1208//999 1215//1005
f 1219//1006 1224//1007 1222//1008
f 2098//1009 1224//1007 1223//1010
f 1226//1011 1224//1007 1225//1012
f 1230//1013 1234//1014 1231//1015
f 1233//1016 1234//1014 1232//1017
f 1232//1017 1234//1014 1229//1018
f 1238//1019 1234//1014 1236//1020
f 1240//1021 2389//1022 1243//1023
f 1246//1024 2389//1022 1245//1025
f 1250//985 2398//1026 1252//987
f 1255//1027 2398//1026 1254//1028
f 1256//990 2398//1026 1255//1027
f 1260//1029 1267//1030 1261//1031
f 2403//1032 1265//1033 1266//1034
f 1268//1035 1269//999 1270//1000
f 1270//1000 1269//999 1271//1001
f 1277//1002 1269//999 1274//1003
f 1278//1004 1269//999 1276//1036
f 1280//1037 2168//1038 1283//1039
f 1285//1040 2168//1038 2402//1041
f 1286//1042 2168//1038 1285//1040
f 1287//1043 2168//1038 1286//1042
f 1291//1013 1295//1014 1292//1015
f 1294//1016 1295//1014 1293//1044
f 1293//1044 1295//1014 1290//1018
f 1299//1045 1295//1014 1297//1046
f 136//2 198//1 1//1047 2//5
f 1301//1048 2407//1049 1304//1050
f 1307//1051 2407//1049 1306//1052
f 1309//1053 1311//1054 1312//1055
f 1317//1056 1316//1057 1315//1058
f 1318//1059 1320//1060 1321//1061
f 1327//1062 1326//1063 1325//1064
f 1333//1065 1330//1066 1329//1067
f 1337//1068 1335//1069 1334//1070
f 1339//1071 1342//1072 1343//1073
f 1345//1074 1341//1075 1340//1076
f 1355//1077 1352//1078 1351//1079
f 1359//1080 1357//1081 1356//1082
f 1361//1083 1364//1084 1365//1085
f 1367//1086 1363//1087 1362//1088
f 1378//1089 1375//1090 1374//1091
f 1383//1092 1381//1093 1380//1094
f 1385//1095 1388//1096 1389//1097
f 1391//1098 1387//1099 1386//1100
f 1055//1101 1399//1102 1056//1103
f 1081//925 1404//1104 1403//1105
f 1411//1106 1409//1107 1408//1108
f 1412//1109 1414//1110 1415//1111
f 1060//911 1424//1112 1428//1113
f 1883//1114 1884//1115 1430//1116
f 1444//1117 1445//1118 1886//1119
f 1452//1120 1449//1121 1448//1122
f 1456//1123 1450//1124 1457//1125
f 1908//1126 1460//1127 1459//1128
f 1461//1129 1469//1130 1468//1131
f 1469//1130 1466//1132 1465//1133
f 1106//1134 1474//1102 1107//1135
f 1132//925 1479//1136 1478//1137
f 1486//1138 1484//1139 1483//1140
f 1487//1141 1489//1110 1490//1111
f 1111//937 1499//1112 1503//1142
f 1960//1114 1961//1143 1505//1144
f 1519//1117 1520//1145 1963//1119
f 1527//1120 1524//1146 1523//1122
f 1531//1147 1525//1124 1532//1148
f 1985//1149 1535//1150 1534//1128
f 1536//1151 1544//1152 1543//1153
f 1544//1152 1541//1154 1540//1133
f 1550//967 1551//1155 1549//1156
f 2010//1157 1547//1158 1553//1159
f 1182//982 1555//1160 1554//1161
f 1562//1162 1560//1163 1559//1164
f 1563//1165 1565//1166 1566//1167
f 1573//1168 1574//1169 1147//956
f 1573//1168 2031//1170 1574//1169
f 1160//970 2031//1170 1580//1171
f 2035//1172 2036//1173 1582//1174
f 1599//1175 1593//1176 1600//1177
f 1607//1178 1604//1179 1603//1180
f 1611//1181 1605//1182 1612//1183
f 2057//1184 1615//1185 1614//1186
f 1616//1187 1624//1188 1623//1189
f 1624//1188 1621//1190 1620//1191
f 1625//1192 1627//1193 1628//1194
f 1209//1000 1631//1195 1630//1196
f 1634//1197 1636//1198 1637//1199
f 1643//1200 1641//1201 1640//1202
f 1653//1203 1651//1204 1650//1205
f 1659//1206 1656//1207 1655//1208
f 1211//1209 1657//1210 1661//1211
f 1217//1004 1663//1212 1662//1213
f 1670//1214 1668//1215 1667//1216
f 1676//1217 1673//1218 1672//1219
f 1216//1002 1674//1220 1678//1221
f 1684//1222 1681//1223 1680//1224
f 1689//1225 1687//1226 1686//1227
f 1695//1228 1692//1229 1691//1230
f 1699//1231 1701//1193 1702//1232
f 1270//1000 1705//1195 1704//1233
f 1708//1197 1710//1198 1711//1234
f 1717//1235 1715//1201 1714//1236
f 1727//1237 1725//1238 1724//1205
f 1733//1239 1730//1240 1729//1241
f 1272//1242 1731//1243 1735//1211
f 1278//1004 1737//1244 1736//1213
f 1744//1245 1742//1246 1741//1247
f 1750//1248 1747//1249 1746//1219
f 1277//1002 1748//1250 1752//1221
f 1758//1222 1755//1251 1754//1252
f 1763//1253 1761//1254 1760//1255
f 1769//1256 1766//1229 1765//1230
f 1312//1055 1773//1257 1309//1053
f 1321//1061 1776//1258 1318//1059
f 1325//1064 1778//1259 1327//1062
f 1325//1064 1779//1260 1778//1259
f 1783//892 1779//1260 1782//1261
f 2274//868 996//867 1783//892
f 1334//1070 1784//1262 1337//1068
f 1340//1076 1788//1263 1345//1074
f 1343//1073 1791//1264 1339//1071
f 1343//1073 1792//1265 1791//1264
f 1797//879 1792//1265 1796//1266
f 1351//1079 1799//1267 1355//1077
f 1351//1079 1800//1268 1799//1267
f 1804//1269 1800//1268 1803//1270
f 2279//872 1002//873 1804//1269
f 1362//1088 1805//1271 1367//1086
f 1380//1094 1811//1272 1383//1092
f 1374//1091 1814//1273 1378//1089
f 1374//1091 1816//1274 1814//1273
f 1821//1275 1816//1274 1820//1276
f 1386//1100 1823//1277 1391//1098
f 1356//1082 1828//1278 1359//1080
f 1830//1279 1833//1280 1831//1281
f 1836//1282 1834//1283 1016//883
f 1837//1284 1840//1285 1838//1286
f 1846//1287 1845//1288 2220//900
f 1329//1067 1847//1289 1333//1065
f 1847//1289 1020//888 1019//1290
f 1028//890 1848//1291 1026//891
f 2217//887 1021//886 2246//1292
f 1849//1293 1852//1294 1850//1295
f 1855//1296 1853//1297 1032//896
f 1858//1298 1859//1299 1860//1300
f 1085//928 1860//1300 1859//1299
f 1085//928 1857//1301 1860//1300
f 1408//1108 1861//1302 1411//1106
f 1415//1111 1867//1303 1412//1109
f 1870//1304 1872//1305 1871//1306
f 1070//917 1872//1305 1874//1307
f 1424//1112 1060//911 1877//1308
f 1888//1309 1052//910 1051//1310
f 1890//1311 1891//1312 1892//1313
f 1893//1314 1892//1313 1891//1312
f 1893//1314 1889//1315 1892//1313
f 1448//1122 1894//1316 1452//1120
f 1465//1133 1902//1317 1469//1130
f 1460//1127 1908//1126 1907//1318
f 1910//1319 1907//1318 1909//1320
f 1428//1113 1062//1321 1061//1322
f 1914//912 1063//1323 1912//1324
f 1430//1116 1915//1325 1429//1326
f 1921//1327 1917//1328 1916//1329
f 1417//1330 1922//1331 1418//1332
f 1923//1333 1924//1334 1922//1331
f 1928//1335 1074//921 1927//924
f 1929//1336 1928//1335 2281//1337
f 2281//1337 1928//1335 1927//924
f 1081//925 1083//927 1933//1338
f 1404//1104 1081//925 1931//1339
f 1087//1340 1933//1338 1083//927
f 2337//920 1077//1341 1932//1342
f 1936//1343 1937//1344 1938//1345
f 1136//949 1938//1345 1937//1344
f 1136//949 1935//1346 1938//1345
f 1483//1140 1939//1302 1486//1138
f 1490//1111 1945//1303 1487//1141
f 1496//1347 1948//1348 1495//1349
f 1948//1348 1949//1350 1950//1351
f 1122//943 1949//1350 1952//1352
f 1093//931 1950//1351 1121//944
f 1122//943 1950//1351 1949//1350
f 1499//1112 1111//937 1954//1308
f 1965//1353 1103//910 1102//1354
f 1967//1355 1968//1356 1969//1357
f 1970//1358 1969//1357 1968//1356
f 1970//1358 1966//1359 1969//1357
f 1523//1122 1971//1316 1527//1120
f 1540//1133 1979//1360 1544//1152
f 1535//1150 1985//1149 1984//1361
f 1987//1319 1984//1361 1986//1362
f 1503//1142 1113//1363 1112//1364
f 1115//940 1114//939 1989//1365
f 1505//1144 1990//1325 1504//1326
f 2322//1366 1992//1367 1991//1329
f 1492//1330 1996//1368 1493//1332
f 1997//1369 1998//1370 1996//1368
f 2338//1371 2001//1372 2323//1373
f 2001//1372 1126//1374 2334//1375
f 2002//1376 2001//1372 2338//1371
f 1132//925 1134//948 2006//1377
f 1479//1136 1132//925 2004//1378
f 1138//1379 2006//1377 1134//948
f 2007//945 1129//1380 2005//1381
f 2008//1382 1141//1383 1139//1384
f 2010//1157 2011//1385 2012//1386
f 1547//1158 2010//1157 2012//1386
f 2469//983 2012//1386 2011//1385
f 2469//983 2009//1387 2012//1386
f 1559//1164 2013//1388 1562//1162
f 1566//1167 2019//1389 1563//1165
f 1170//1390 2024//1391 2026//1392
f 1574//1169 1144//951 1147//956
f 1549//1156 1158//1393 1157//1394
f 1545//1395 1140//952 2029//1396
f 1585//1397 1149//959 1148//958
f 1600//1177 2037//1398 1598//1399
f 1596//1400 1152//963 2033//1401
f 1595//1402 1154//966 1153//1403
f 2039//1404 2040//1405 2041//1406
f 2042//1407 2041//1406 2040//1405
f 2042//1407 2038//1408 2041//1406
f 1603//1180 2043//1409 1607//1178
f 1620//1191 2051//1410 1624//1188
f 1615//1185 2057//1184 2056//1411
f 2059//1412 2056//1411 2058//1413
f 2060//1414 2059//1412 2368//1415
f 1580//1171 1162//1416 1161//1417
f 1165//1418 1168//1419 1578//1420
f 1578//1420 2061//1421 1579//1422
f 2350//973 1163//972 2061//1421
f 2350//973 2349//1423 2062//1424
f 1582//1174 2063//1425 1581//1426
f 2355//1427 2065//1428 2064//1429
f 1568//1430 2069//1431 1569//1432
f 2070//1433 2071//1434 2069//1431
f 1182//982 1184//984 2078//1435
f 1555//1160 1182//982 2076//1436
f 1186//1437 1178//980 1187//1438
f 1187//1438 2078//1435 1184//984
f 1178//980 1177//981 2077//1439
f 1628//1194 2079//1440 1625//1192
f 2079//1440 1191//1441 1189//1442
f 2389//1022 2080//1443 2083//1444
f 1640//1202 2084//1445 1643//1200
f 1232//1017 1229//1018 2088//1446
f 1650//1205 2091//1447 1653//1203
f 2091//1447 2093//1448 2092//1449
f 2098//1009 2094//1450 2097//1451
f 1657//1210 1211//1209 2101//1452
f 1630//1196 1208//999 1207//998
f 1663//1212 1217//1004 2105//1453
f 1678//1221 1215//1005 1214//1454
f 1672//1219 2108//1455 1676//1217
f 2108//1455 1204//997 1203//1456
f 1224//1007 2109//1457 1225//1012
f 1680//1224 2111//1458 1684//1222
f 1238//1019 1236//1020 2115//1459
f 1691//1230 2118//1460 1695//1228
f 2118//1460 2120//1461 2119//1462
f 1661//1211 1213//1003 1212//1463
f 1659//1206 1219//1464 2126//1465
f 1674//1220 1216//1002 2128//1466
f 1662//1213 1210//1001 1218//1467
f 1670//1214 1669//1468 2130//1469
f 1631//1195 1209//1000 2133//1470
f 1230//1013 1231//1015 2139//1471
f 1634//1197 1240//1472 2144//1473
f 1237//1474 1234//1014 2142//1475
f 1702//1232 2148//1476 1699//1231
f 2148//1476 1251//1477 1249//1442
f 2153//1478 2149//1479 2152//1444
f 2398//1026 1253//1480 2153//1478
f 1714//1236 2154//1481 1717//1235
f 1293//1044 1290//1018 2158//1446
f 1724//1205 2161//1447 1727//1237
f 2161//1447 2163//1482 2162//1449
f 1731//1243 1272//1242 2171//1483
f 1704//1233 1269//999 1268//1035
f 1737//1244 1278//1004 2175//1484
f 1752//1221 1276//1036 1275//1454
f 1746//1219 2178//1485 1750//1248
f 2178//1485 1265//1033 1264//1456
f 1285//1040 2179//1486 1286//1042
f 2403//1032 1266//1034 1285//1040
f 1754//1252 2181//1487 1758//1222
f 1299//1045 1297//1046 2185//1488
f 1765//1230 2188//1489 1769//1256
f 2188//1489 2190//1490 2189//1491
f 2407//1049 2191//1492 1306//1052
f 1267//1030 2193//1493 2407//1049
f 1735//1211 1274//1003 1273//1463
f 1733//1239 1280//1464 2195//1465
f 1748//1250 1277//1002 2197//1466
f 1736//1213 1271//1001 1279//1467
f 1744//1245 1743//1494 2199//1469
f 1705//1195 1270//1000 2202//1470
f 1291//1013 1292//1015 2208//1495
f 1708//1197 1301//1472 2213//1473
f 1298//1474 1295//1014 2211//1475
f 2224//1496 2222//877 2223//1497
f 2222//877 2227//1498 1804//1269
f 2222//877 2226//1499 2227//1498
f 2228//1500 2218//882 2217//887
f 1808//1501 2218//882 1810//1502
f 2232//1503 1028//890 2252//1504
f 2233//861 1028//890 2232//1503
f 1028//890 2236//1505 1821//1275
f 1028//890 2235//1506 2236//1505
f 1845//1288 2221//895 2220//900
f 1844//1507 2221//895 1845//1288
f 1842//1508 2221//895 1844//1507
f 1825//1509 2221//895 1827//1510
f 2231//1511 2222//877 2219//1512
f 2223//1497 2242//1513 2224//1514
f 2242//1513 1365//1085 1371//1515
f 2222//877 2240//1516 2223//1497
f 2220//900 1012//1517 1846//1287
f 1010//878 2245//1518 1008//1519
f 2245//1518 1315//1058 1314//1520
f 1012//1517 2243//1521 1010//878
f 2248//1522 2250//1523 2251//1524
f 2239//1525 1855//1296 2221//895
f 2232//1503 2255//1526 2233//1527
f 2255//1526 1389//1097 1394//1528
f 2252//1504 2253//1529 2232//1503
f 1782//1261 1028//890 1783//892
f 1780//1530 1028//890 1782//1261
f 1028//890 1855//1296 2252//1504
f 1028//890 1852//1294 1855//1296
f 2257//1531 2259//1532 2260//1533
f 2261//1534 2257//1531 990//1535
f 2262//1536 2264//1537 2265//1538
f 2266//874 2262//1536 1003//1539
f 1803//1270 2222//877 1804//1269
f 1801//824 2222//877 1803//1270
f 2222//877 1846//1287 1012//1517
f 2222//877 1840//1285 1846//1287
f 2267//111 994//864 2274//868
f 2268//1540 994//864 2267//111
f 1338//1541 994//864 1789//1542
f 1789//1542 994//864 1785//1543
f 2261//1534 994//864 1798//1544
f 2269//1545 2256//870 2279//872
f 1812//1546 2256//870 1806//1547
f 2266//874 2256//870 1822//1548
f 1796//1266 2222//877 1797//879
f 1794//824 2222//877 1796//1266
f 2222//877 1833//1280 1836//1282
f 2270//1549 2272//1550 2273//1551
f 1783//892 1027//893 2274//868
f 2274//868 2270//1549 2267//1552
f 2275//1553 2277//1554 2278//1555
f 1804//1269 2227//1498 2279//872
f 2279//872 2275//1553 2269//1545
f 1820//1276 1028//890 1821//1275
f 1818//1556 1028//890 1820//1276
f 1028//890 2247//1557 2246//1292
f 1883//1114 2336//1558 1885//1559
f 2282//1560 1913//1561 2281//1337
f 1456//1123 1913//1561 2282//1560
f 1893//1314 1913//1561 2285//1562
f 1913//1561 2284//1563 2285//1562
f 2288//1564 2286//1565 2287//1566
f 1898//1567 2286//1565 1900//1568
f 2290//1569 2347//1570 2286//1565
f 1918//1571 1920//1572 1919//1573
f 1920//1572 2293//1574 1910//1319
f 1920//1572 2292//1575 2293//1574
f 1960//1114 2321//1576 1962//1559
f 1992//1367 2322//1366 2321//1576
f 2295//1560 2298//1577 2338//1371
f 1531//1147 2298//1577 2295//1560
f 1970//1358 2298//1577 2299//1578
f 2298//1577 2297//1579 2299//1578
f 2301//1564 2348//1580 2300//1581
f 1975//1567 2348//1580 1977//1568
f 1993//1582 1995//1583 1994//1584
f 1995//1583 2306//1574 1987//1319
f 1995//1583 2305//1585 2306//1574
f 2309//1586 2308//1587 2307//1588
f 2280//1589 1445//1118 1444//1117
f 2280//1589 2336//1558 2308//1587
f 2282//1560 2313//1590 1456//1123
f 2313//1590 1450//1124 1456//1123
f 1086//1591 2337//920 1087//1340
f 2288//1592 1468//1131 1467//1593
f 2287//1566 1468//1131 2288//1592
f 1468//1131 2317//1594 1461//1129
f 2320//1595 2319//1587 2318//1596
f 2294//1589 1520//1145 1519//1117
f 2294//1589 2321//1576 2319//1587
f 2295//1560 2327//1597 1531//1147
f 2327//1597 1525//1124 1531//1147
f 1137//1598 2007//945 1138//1379
f 2301//1599 1543//1153 1542//1600
f 2300//1581 1543//1153 2301//1599
f 1543//1153 2331//1594 1536//1151
f 2336//1558 2342//1601 1914//912
f 2341//1602 2340//1603 2339//1604
f 1057//1605 1399//1102 1055//1101
f 1059//1606 2342//1601 2340//1603
f 2345//1607 2344//1603 2343//1608
f 1108//934 1474//1102 1106//1134
f 1110//936 2346//935 2344//1603
f 2286//1565 2347//1570 2337//920
f 2346//935 1115//940 2322//1366
f 1115//940 2298//1577 2321//1576
f 1179//975 2354//979 2365//1609
f 2353//1610 2352//1611 2351//1612
f 1159//969 1164//968 2352//1611
f 2365//1613 2074//1614 1179//975
f 1178//980 1186//1437 2354//979
f 1164//968 2355//1427 2351//1612
f 2356//1615 2355//1427 2373//1616
f 1599//1175 2355//1427 2356//1615
f 2035//1172 2355//1427 2037//1617
f 2357//1618 2062//1424 2074//111
f 2358//1619 2062//1424 2357//1618
f 1611//1181 2062//1424 2358//1619
f 2062//1424 2361//1620 2042//1407
f 2062//1424 2360//1621 2361//1620
f 2363//1622 2354//979 2362//1623
f 2047//1624 2354//979 2049//1625
f 2066//1626 2068//1627 2067//1628
f 2068//1627 2368//1415 2059//1412
f 2068//1627 2367//1629 2368//1415
f 2372//1630 1593//1176 1599//1175
f 2350//973 2062//1424 2373//1616
f 2356//1615 2373//1616 2370//1631
f 2358//1619 2378//1632 1611//1181
f 2378//1632 1605//1182 1611//1181
f 2074//1614 2374//1633 2357//1618
f 2374//1633 2375//1634 2358//1619
f 2363//1635 1623//1189 1622//1636
f 2362//1623 1623//1189 2363//1635
f 1623//1189 2382//1637 1616//1187
f 2083//1444 2123//1638 2389//1022
f 2081//1639 2123//1638 2083//1444
f 1669//1640 2123//1638 2131//1641
f 2152//1444 2407//1049 2153//1478
f 2150//1639 2407//1049 2152//1444
f 1743//1640 2407//1049 2200//1641
f 1223//1010 2390//989 2098//1009
f 1194//988 2393//1642 1195//1643
f 2393//1642 1655//1208 1654//1644
f 2390//989 2391//1645 1194//988
f 2385//1646 1206//1647 2123//1638
f 1200//993 2397//1648 1199//1649
f 2397//1648 1667//1216 1666//1650
f 1206//1647 2395//1651 1200//993
f 1284//1652 1254//1028 2168//1038
f 1255//1027 2401//1653 1256//1654
f 2401//1653 1729//1241 1728//1655
f 1254//1028 2399//1656 1255//1027
f 2388//1657 1267//1030 2407//1049
f 1261//1031 2406//1658 1260//1659
f 2406//1658 1741//1247 1740//1660
f 1267//1030 2404//1661 1261//1031
f 2409//1662 2421//986 2408//1663
f 2089//1664 2421//986 2085//1665
f 2410//1666 2124//992 2394//995
f 2411//1667 2124//992 2410//1666
f 2116//1668 2124//992 2112//1669
f 2097//1451 1224//1007 2098//1009
f 2095//1670 1224//1007 2097//1451
f 2140//1671 1224//1007 2135//1672
f 2416//1662 2398//1026 2415//1673
f 2159//1664 2398//1026 2155//1674
f 2417//1675 1267//1030 2403//1032
f 2418//1676 1267//1030 2417//1675
f 2186//1677 1267//1030 2182//1678
f 2167//1679 2402//1041 2168//1038
f 2165//1680 2402//1041 2167//1679
f 2209//1681 2402//1041 2204//1682
f 2389//1022 1244//1683 2421//986
f 2408//1663 2424//1684 2409//1685
f 2424//1684 1637//1199 1643//1200
f 2421//986 2422//1686 2408//1663
f 2414//1687 2394//995 1224//1007
f 2410//1666 2427//1688 2411//1689
f 2427//1688 1686//1227 1684//1222
f 2394//995 2425//1690 2410//1666
f 2153//1478 1305//1691 2398//1026
f 2415//1673 2430//1692 2416//1685
f 2430//1692 1711//1234 1717//1235
f 2398//1026 2428//1693 2415//1673
f 2417//1675 2433//1694 2418//1689
f 2433//1694 1760//1255 1758//1222
f 2434//1695 1041//902 1040//1696
f 1868//1697 1041//902 1862//1698
f 2435//1699 1046//906 1053//909
f 1903//1700 1046//906 1895//1701
f 1874//1307 2332//915 1070//917
f 1873//1702 2332//915 1874//1307
f 2332//915 1925//1703 1929//1336
f 1859//1299 1080//926 1085//928
f 1858//1298 1080//926 1859//1299
f 2436//1695 1090//930 1092//1704
f 1946//1705 1090//930 1940//1698
f 1093//931 1090//930 1950//1351
f 2437//1699 1098//906 1104//933
f 1980//1700 1098//906 1972//1701
f 1952//1352 2333//941 1122//943
f 1951//1706 2333//941 1952//1352
f 2333//941 1999//1707 2002//1376
f 1937//1344 2335//947 1136//949
f 1936//1343 2335//947 1937//1344
f 1040//1696 1084//929 2434//1708
f 2439//1709 1084//929 2438//1710
f 2440//1711 2441//1712 2442//1713
f 1875//903 1069//918 1042//1714
f 2285//1562 1054//908 1893//1314
f 2435//1715 1452//1120 1453//1716
f 1053//909 2444//1717 2435//1715
f 2444//1717 2285//1562 2443//1718
f 2445//1719 2446//1720 2447//1721
f 1911//1722 2293//1574 1048//1723
f 1092//1704 1135//929 2436//1724
f 2449//1709 1135//929 2448//1725
f 2450//1726 2451//1727 2452//1728
f 2437//1729 1527//1120 1528//1716
f 1104//933 2454//1730 2437//1729
f 2454//1730 2299//1578 2453//1718
f 2455//1731 2456//1732 2457//1733
f 1988//1734 2306//1574 1099//1735
f 1891//1312 1913//1561 1893//1314
f 1890//1311 1913//1561 1891//1312
f 1909//1320 1920//1572 1910//1319
f 1908//1126 1920//1572 1909//1320
f 1920//1572 2314//1736 1086//1591
f 1968//1356 2298//1577 1970//1358
f 1967//1355 2298//1577 1968//1356
f 1986//1362 1995//1583 1987//1319
f 1985//1149 1995//1583 1986//1362
f 1995//1583 2328//1737 1137//1598
f 2458//1738 1144//951 1143//953
f 2020//1739 1144//951 2014//1740
f 2459//1741 1149//959 1155//965
f 2052//1742 1149//959 2044//1743
f 1151//961 1149//959 2060//1414
f 2025//1744 1170//1390 2026//1392
f 1170//1390 2072//1745 2074//111
f 2353//1610 2351//1612 2469//983
f 2010//1157 2469//983 2011//1385
f 1185//1746 1142//954 2469//983
f 2458//1747 1562//1162 1561//1748
f 1143//953 2461//1749 2458//1747
f 2461//1749 1185//1746 2460//1750
f 2462//1751 2463//1752 2464//1753
f 2361//1620 1155//965 2042//1407
f 2459//1741 1607//1178 1608//1754
f 1155//965 2361//1620 2465//1755
f 1151//961 2468//1756 1150//1757
f 2368//1415 2466//1758 1151//961
f 1186//1437 2469//983 2351//1612
f 2040//1405 2062//1424 2042//1407
f 2039//1404 2062//1424 2040//1405
f 2058//1413 2351//1612 2059//1412
f 2057//1184 2351//1612 2058//1413
f 2351//1612 2379//1759 1186//1437
f 2472//1760 2476//1761 2473//1762
f 2474//1763 2476//1761 2471//1764
f 2477//1765 2479//1766 2480//1767
f 2488//1768 2492//1769 2487//1770
f 2497//1771 2503//1772 2499//1773
f 2500//1774 2503//1772 2498//1775
f 2504//1776 2499//1773 2503//1772
f 2512//1777 2507//1778 2511//1779
f 2514//1780 2515//1781 2513//1782
f 2517//1783 2521//1784 2518//1785
f 2592//1786 2518//1785 2521//1784
f 2522//1787 2523//1788 2495//1789
f 2522//1787 2525//1790 2523//1788
f 2527//1791 2526//1792 2524//1793
f 2528//1794 2529//1795 2474//1763
f 2528//1794 2525//1790 2529//1795
f 2531//1796 2532//1797 2530//1798
f 2532//1797 2534//1799 2535//1800
f 2536//1801 2534//1799 2533//1802
f 2537//1803 2538//1804 2489//1805
f 2537//1803 2536//1801 2538//1804
f 2595//1806 2540//1807 2541//1808
f 2543//1809 2544//1810 2542//1811
f 2546//1812 2547//1813 2545//1814
f 2546//1812 2544//1810 2547//1813
f 2549//1815 2550//1816 2548//1817
f 2549//1815 2552//1818 2550//1816
f 2556//1819 2553//1820 2551//1821
f 2560//1822 2561//1823 2559//1824
f 2560//1822 2563//1825 2561//1823
f 2566//1826 2564//1827 2562//1828
f 2570//1829 2571//1830 2572//1831
f 2575//1832 2576//1833 2573//1834
f 2578//1835 2579//1836 2577//1837
f 2578//1835 2576//1833 2579//1836
f 2511//1779 2580//1838 2512//1777
f 2582//1839 2498//1775 2496//1840
f 2582//1839 2581//1841 2498//1775
f 2525//1790 2528//1794 2582//1839
f 2475//1842 2583//1843 2476//1761
f 2535//1800 2586//1844 2532//1797
f 2519//1845 2485//1846 2484//1847
f 2516//1848 2487//1770 2485//1846
f 2589//1849 2590//1850 2591//1851
f 2518//1785 2592//1786 2590//1850
f 2478//1852 2594//1853 2479//1766
f 2540//1807 2595//1806 2594//1853
f 2554//1854 2597//1855 2555//1856
f 2598//1857 2599//1858 2554//1854
f 2602//1859 2601//1860 2603//1861
f 2576//1833 2575//1832 2602//1859
f 2604//1862 2605//1863 2606//1864
f 2565//1865 2480//1866 2482//1867
f 2609//1868 2610//1869 2565//1865
f 2613//1870 2612//1871 2614//1872
f 2544//1810 2543//1809 2613//1870
f 2521//1784 2615//1873 2592//1786
f 2484//1847 2486//1874 2520//1875
f 2545//1814 2617//1876 2546//1812
f 2616//1877 2618//1878 2619//1879
f 2536//1801 2494//1880 2621//1881
f 2491//1882 2621//1881 2494//1880
f 2495//1789 2497//1771 2522//1787
f 2622//1883 2499//1773 2504//1776
f 2585//1884 2623//1885 2476//1761
f 2584//1886 2622//1883 2648//1887
f 2493//1888 2585//1884 2584//1886
f 2472//1760 2473//1762 2626//1889
f 2512//1777 2626//1889 2507//1778
f 2634//1890 2624//1891 2596//1892
f 2567//1893 2629//1894 2627//1895
f 2482//1867 2481//1896 2566//1826
f 2584//1886 2627//1895 2493//1888
f 2625//1897 2623//1885 2593//1898
f 2627//1895 2606//1864 2608//1899
f 2631//1900 2585//1884 2630//1901
f 2513//1782 2585//1884 2587//1902
f 2633//1903 2624//1891 2632//1904
f 2615//1873 2593//1898 2592//1786
f 2593//1898 2615//1873 2557//1905
f 2631//1900 2630//1901 2531//1796
f 2531//1796 2630//1901 2533//1802
f 2558//1906 2553//1820 2635//1907
f 2558//1906 2635//1907 2634//1890
f 2555//1856 2633//1903 2556//1819
f 2632//1904 2624//1891 2635//1907
f 2539//1908 2596//1892 2595//1806
f 2483//1909 2625//1897 2539//1908
f 2539//1908 2625//1897 2596//1892
f 2600//1910 2642//1911 2601//1860
f 2569//1912 2493//1888 2607//1913
f 2607//1913 2493//1888 2608//1899
f 2494//1880 2493//1888 2569//1912
f 2617//1876 2619//1879 2618//1878
f 2611//1914 2619//1879 2612//1871
f 2639//1915 2643//1916 2642//1911
f 2644//1917 2643//1916 2639//1915
f 2569//1912 2636//1918 2645//1919
f 2569//1912 2570//1829 2636//1918
f 2577//1837 2637//1920 2578//1835
f 2637//1920 2636//1918 2570//1829
f 2646//1921 2648//1887 2504//1776
f 2561//1823 2563//1825 2647//1922
f 2648//1887 2568//1923 2567//1893
f 2646//1921 2563//1825 2568//1923
f 2567//1893 2584//1886 2648//1887
f 2492//1769 2491//1882 2642//1911
f 2504//1776 2619//1879 2641//1924
f 2634//1890 2596//1892 2593//1898
f 2649//1925 2483//1909 2619//1879
f 2650//1926 2649//1925 2503//1772
f 2649//1925 2506//1927 2505//1928
f 2679//1929 2677//1930 2678//1931
f 2681//1932 2684//1933 2682//1934
f 2688//1935 2690//1936 2691//1937
f 2692//1938 2691//1937 2690//1936
f 2695//1939 2696//1940 2697//1941
f 2702//1942 2703//1943 2699//1944
f 2698//1945 2702//1942 2696//1940
f 2710//1946 2699//1944 2706//1947
f 2712//1948 2715//1949 2713//1950
f 2714//1951 2713//1950 2716//1952
f 2718//1953 2720//1954 2721//1955
f 2723//1956 2725//1957 2721//1955
f 2724//1958 2721//1955 2720//1954
f 2743//1959 2736//1960 2741//1961
f 2750//1962 2754//1963 2751//1964
f 2755//1965 2756//1966 2753//1967
f 2754//1963 2758//1968 2757//1969
f 2760//1970 2761//1971 2759//1972
f 2763//1973 2762//1974 2760//1970
f 2764//1975 2761//1971 2762//1974
f 2768//1976 2771//1977 2769//1978
f 2772//1979 2773//1980 2770//1981
f 2771//1977 2775//1982 2774//1983
f 2777//1984 2778//1985 2776//1986
f 2782//1987 2779//1988 2781//1989
f 2679//1929 2804//1990 2677//1930
f 2679//1929 2806//1991 2804//1990
f 2676//1992 2804//1990 2807//1993
f 2809//1994 2811//1995 2810//1996
f 2817//1997 2811//1995 2814//1998
f 2693//1999 2687//2000 2810//1996
f 2819//2001 2693//1999 2817//1997
f 2820//2002 2822//2003 2723//1956
f 2832//2004 2834//2005 2833//2006
f 2837//2007 2835//2008 2832//2004
f 2840//2009 2841//2010 2839//2011
f 2842//2012 2835//2008 2841//2010
f 2844//2013 2834//2005 2842//2012
f 2843//2014 2842//2012 2840//2009
f 2846//2015 2848//2016 2847//2017
f 2851//2018 2849//2019 2846//2015
f 2854//2020 2855//2021 2853//2022
f 2857//2023 2849//2019 2855//2021
f 2856//2024 2857//2023 2854//2020
f 2883//2025 2885//2026 2884//2027
f 2708//2028 2904//2029 2905//2030
f 2924//2031 2920//2032 2919//2033
f 2836//2034 2938//2035 2937//2036
f 2850//2037 2948//2038 2947//2039
f 2960//2040 2958//2041 2957//2042
f 2975//2043 2973//2044 2748//2045
f 2995//2046 2996//2047 2759//1972
f 2995//2046 2994//2048 2996//2047
f 3012//2049 2765//2050 3013//2051
f 3015//2052 3014//2053 2766//2054
f 3036//2055 3037//2056 2776//1986
f 3036//2055 3035//2057 3037//2056
f 3091//2058 3089//2059 3087//2060
f 2948//2038 2850//2037 3092//2061
f 2949//2062 3092//2061 3094//2063
f 3093//2064 3094//2063 3092//2061
f 2953//2065 2960//2040 3096//2066
f 2932//2067 3097//2068 2930//2069
f 2935//2070 3097//2068 2932//2067
f 2807//1993 2806//1991 2940//2071
f 2938//2035 2836//2034 3098//2072
f 2939//2073 3098//2072 3100//2074
f 3099//2075 3100//2074 3098//2072
f 3101//2076 2807//1993 2940//2071
f 3110//2077 3111//2078 3109//2079
f 2740//2080 3109//2079 2742//2081
f 3113//2082 3105//2083 3112//2084
f 3105//2083 3107//2085 3111//2078
f 2931//2086 2930//2069 3120//2087
f 2933//2088 2931//2086 3116//2089
f 3122//2090 3117//2091 3119//2092
f 2956//2093 3251//2094 3128//2095
f 3127//2096 3130//2097 3131//2098
f 3126//2099 3127//2096 3132//2100
f 3135//2101 3139//2102 3138//2103
f 3141//2104 3136//2105 3142//2106
f 3142//2106 3136//2105 3138//2103
f 2749//2107 3144//2108 2752//2109
f 2749//2107 3143//2110 3144//2108
f 2971//2111 3143//2110 2973//2044
f 3331//2112 2752//2109 3144//2108
f 2989//2113 3146//2114 2985//2115
f 3151//2116 3152//2117 3148//2118
f 3161//2119 3158//2120 3160//2121
f 3162//2122 2704//2123 3154//2124
f 3025//2125 3029//2126 3163//2127
f 3164//2128 3163//2127 3165//2129
f 3041//2130 3166//2131 3042//2132
f 3168//2133 3166//2131 3167//2134
f 3166//2131 3041//2130 2737//2135
f 3172//2136 3171//2137 3174//2138
f 2757//1969 3176//2139 2754//1963
f 3176//2139 3173//2140 3175//2141
f 3174//2138 3171//2137 3178//2142
f 3178//2142 3173//2140 3177//2143
f 2759//1972 3182//2144 2995//2046
f 2765//2050 3012//2049 2761//1971
f 3184//2145 2719//2146 3185//2147
f 2774//1983 3189//2148 2771//1977
f 2719//2146 3184//2145 3191//2149
f 3184//2145 3186//2150 3190//2151
f 3193//2152 3192//2153 3195//2154
f 2776//1986 3196//2155 3036//2055
f 2783//2156 2970//2157 2778//1985
f 2819//2001 3203//2158 3202//2159
f 3218//2160 3216//2161 3094//2063
f 2955//2162 3219//2163 2956//2093
f 3216//2161 3218//2160 2955//2162
f 2805//2164 3216//2161 2952//2165
f 3220//2166 3221//2167 3099//2075
f 2919//2033 3221//2167 2924//2031
f 3221//2167 3220//2166 3222//2168
f 3223//2169 3225//2170 3224//2171
f 3229//2172 2840//2009 2839//2011
f 3229//2172 3226//2173 3228//2174
f 3230//2175 3231//2176 3226//2173
f 3233//2177 3237//2178 3234//2179
f 3239//2180 2854//2020 2853//2022
f 3236//2181 3238//2182 3239//2180
f 2701//2183 3242//2184 2702//1942
f 3000//2185 3180//2186 3242//2184
f 3242//2184 3180//2186 2703//1943
f 2707//2187 2703//1943 3183//2188
f 3097//2068 3250//2189 2763//1973
f 2959//2190 3250//2189 3097//2068
f 3251//2094 2772//1979 3129//2191
f 3253//2192 2772//1979 3252//2193
f 3254//2194 3255//2195 2812//2196
f 3256//2197 3257//2198 3255//2195
f 3256//2197 3147//2199 3258//2200
f 3256//2197 3258//2200 3257//2198
f 3153//2201 3258//2200 3147//2199
f 3123//2202 3259//2203 3360//2204
f 2992//2205 3261//2206 3259//2203
f 3263//2207 3262//2208 2839//2011
f 2760//1970 3121//2209 2930//2069
f 2759//1972 2996//2047 2760//1970
f 2996//2047 3122//2090 3121//2209
f 2992//2205 3264//2210 2993//2211
f 3123//2202 3117//2091 3264//2210
f 3117//2091 3122//2090 3264//2210
f 2766//2054 3265//2212 2767//2213
f 2764//1975 3267//2214 2765//2050
f 2765//2050 3266//2215 3014//2053
f 3267//2214 3132//2100 3266//2215
f 2698//1945 3268//2216 3150//2217
f 2695//1939 2887//2218 3270//2219
f 3270//2219 3269//2220 3268//2216
f 3274//2221 3269//2220 3272//2222
f 3160//2121 3277//2223 3161//2119
f 2910//2224 2906//2225 3280//2226
f 2705//2227 3281//2228 2708//2028
f 3281//2228 3278//2229 3280//2226
f 2704//2123 3162//2122 2705//2227
f 3189//2148 3284//2230 3190//2151
f 3283//2231 3285//2232 3284//2230
f 3288//2233 3230//2175 3229//2172
f 2992//2205 2991//2234 3261//2206
f 2991//2234 3289//2235 3288//2233
f 3231//2176 3230//2175 3290//2236
f 3291//2237 3293//2238 3292//2239
f 3298//2240 3174//2138 2689//2241
f 3294//2242 3297//2243 3298//2240
f 3300//2244 3195//2154 3197//2245
f 2741//1961 2739//2246 3300//2244
f 3301//2247 2755//1965 2752//2109
f 3304//2248 3305//2249 3303//2250
f 3303//2250 2755//1965 3301//2247
f 3306//2251 3302//2252 3305//2249
f 2941//2253 2781//1989 2780//2254
f 3308//2255 3309//2256 2821//2257
f 3310//2258 3311//2259 3309//2256
f 3315//2260 3311//2259 3314//2261
f 3316//2262 3320//2263 3317//2264
f 3317//2264 3320//2263 3318//2265
f 3322//2266 3321//2267 2853//2022
f 3322//2266 3318//2265 3320//2263
f 3299//2268 3110//2077 2740//2080
f 2964//2269 3323//2270 3110//2077
f 2961//2271 2964//2269 3299//2268
f 3112//2084 3111//2078 3323//2270
f 3291//2237 3112//2084 3325//2272
f 2777//1984 3140//2273 2780//2254
f 2776//1986 3037//2056 2777//1984
f 3037//2056 3141//2104 3140//2273
f 3136//2105 3141//2104 3326//2274
f 2928//2275 2929//2276 3327//2277
f 3327//2277 3329//2278 3328//2279
f 3303//2250 2925//2280 2924//2031
f 2752//2109 3331//2112 3301//2247
f 3331//2112 3143//2110 3328//2279
f 2732//2281 3333//2282 3332//2283
f 3170//2284 3169//2285 3342//2286
f 3346//2287 3345//2288 3223//2169
f 3346//2287 3177//2143 3345//2288
f 3347//2289 3348//2290 3240//2291
f 3032//2292 3031//2293 3319//2294
f 3031//2293 3348//2290 3347//2289
f 2821//2257 3241//2295 3308//2255
f 3351//2296 2684//1933 2681//1932
f 3113//2082 3292//2239 3352//2297
f 2689//2241 2688//1935 3298//2240
f 3220//2166 3354//2298 3222//2168
f 2831//2299 2833//2006 3220//2166
f 2833//2006 3355//2300 3354//2298
f 3343//2301 2844//2013 2843//2014
f 3307//2302 3305//2249 3355//2300
f 2813//2303 3357//2304 2814//1998
f 2813//2303 3356//2305 3357//2304
f 3258//2200 3153//2201 3358//2306
f 2836//2034 3115//2307 2837//2007
f 3115//2307 2838//2308 2837//2007
f 3123//2202 3360//2204 3118//2309
f 3360//2204 3260//2310 2838//2308
f 2841//2010 2838//2308 3260//2310
f 3159//2311 3244//2312 3362//2313
f 3362//2313 3246//2314 3363//2315
f 3249//2316 3363//2315 3246//2314
f 3217//2317 3364//2318 3219//2163
f 2845//2319 2847//2017 3217//2317
f 2847//2017 3365//2320 3364//2318
f 3282//2321 2857//2023 2856//2024
f 3366//2322 3365//2320 2857//2023
f 2774//1983 3253//2192 3366//2322
f 2822//2003 3368//2323 2823//2324
f 2822//2003 3367//2325 3368//2323
f 2850//2037 3134//2326 2851//2018
f 3134//2326 2852//2327 2851//2018
f 3372//2328 2852//2327 3134//2326
f 3372//2328 3318//2265 2852//2327
f 2855//2021 2852//2327 3373//2329
f 2918//2330 2922//2331 3374//2332
f 3377//2333 3376//2334 2922//2331
f 3406//1929 3404//1930 3405//1931
f 3408//1932 3411//1933 3409//1934
f 3415//1935 3417//1936 3418//1937
f 3419//1938 3418//1937 3417//1936
f 3422//1939 3423//1940 3424//1941
f 3429//2335 3430//1943 3426//2336
f 3425//1945 3429//2335 3423//1940
f 3437//1946 3426//2336 3433//1947
f 3439//1948 3442//2337 3440//1950
f 3441//2338 3440//1950 3443//1952
f 3445//1953 3447//2339 3448//1955
f 3450//1956 3452//1957 3448//1955
f 3451//1958 3448//1955 3447//2339
f 3470//2340 3463//1960 3468//1961
f 3477//1962 3481//1963 3478//2341
f 3482//1965 3483//1966 3480//1967
f 3481//1963 3485//1968 3484//1969
f 3487//1970 3488//2342 3486//2343
f 3490//1973 3489//1974 3487//1970
f 3491//1975 3488//2342 3489//1974
f 3495//2344 3498//1977 3496//1978
f 3499//2345 3500//1980 3497//1981
f 3498//1977 3502//1982 3501//1983
f 3504//2346 3505//2347 3503//2348
f 3509//2349 3506//2350 3508//2351
f 3406//1929 3531//1990 3404//1930
f 3406//1929 3533//2352 3531//1990
f 3403//1992 3531//1990 3534//1993
f 3536//2353 3538//1995 3537//1996
f 3544//1997 3538//1995 3541//2354
f 3420//1999 3414//2355 3537//1996
f 3546//2356 3420//1999 3544//1997
f 3547//2357 3549//2003 3450//1956
f 3559//2358 3561//2005 3560//2006
f 3564//2359 3562//2008 3559//2358
f 3567//2009 3568//2010 3566//2360
f 3569//2361 3562//2008 3568//2010
f 3571//2013 3561//2005 3569//2361
f 3570//2362 3569//2361 3567//2009
f 3573//2015 3575//2363 3574//2017
f 3578//2018 3576//2364 3573//2015
f 3581//2020 3582//2021 3580//2022
f 3584//2023 3576//2364 3582//2021
f 3583//2024 3584//2023 3581//2020
f 3610//2025 3612//2026 3611//2027
f 3435//2365 3631//2366 3632//2030
f 3651//2031 3647//2032 3646//2367
f 3563//2034 3665//2035 3664//2036
f 3577//2037 3675//2038 3674//2039
f 3687//2368 3685//2369 3684//2042
f 3702//2043 3700//2044 3475//2045
f 3722//2370 3723//2047 3486//2343
f 3722//2370 3721//2371 3723//2047
f 3739//2372 3492//2050 3740//2373
f 3742//2374 3741//2375 3493//2376
f 3763//2377 3764//2378 3503//2348
f 3763//2377 3762//2379 3764//2378
f 3818//2058 3816//2059 3814//2060
f 3675//2038 3577//2037 3819//2061
f 3676//2062 3819//2061 3821//2063
f 3820//2064 3821//2063 3819//2061
f 3680//2380 3687//2368 3823//2381
f 3659//2382 3824//2383 3657//2384
f 3662//2385 3824//2383 3659//2382
f 3534//1993 3533//2352 3667//2071
f 3665//2035 3563//2034 3825//2072
f 3666//2073 3825//2072 3827//2386
f 3826//2075 3827//2386 3825//2072
f 3828//2076 3534//1993 3667//2071
f 3837//2387 3838//2078 3836//2079
f 3467//2080 3836//2079 3469//2388
f 3840//2389 3832//2083 3839//2084
f 3832//2083 3834//2085 3838//2078
f 3658//2390 3657//2384 3847//2087
f 3660//2391 3658//2390 3843//2392
f 3849//2090 3844//2393 3846//2092
f 3683//2093 3978//2094 3855//2095
f 3854//2096 3857//2097 3858//2098
f 3853//2394 3854//2096 3859//2100
f 3862//2101 3866//2102 3865//2103
f 3868//2395 3863//2396 3869//2397
f 3869//2397 3863//2396 3865//2103
f 3476//2107 3871//2398 3479//2109
f 3476//2107 3870//2110 3871//2398
f 3698//2111 3870//2110 3700//2044
f 4059//2112 3479//2109 3871//2398
f 3716//2399 3873//2400 3712//2401
f 3878//2116 3879//2117 3875//2402
f 3888//2119 3885//2403 3887//2121
f 3889//2404 3431//2123 3881//2405
f 3752//2406 3756//2407 3890//2127
f 3891//2128 3890//2127 3892//2408
f 3768//2130 3893//2131 3769//2132
f 3895//2133 3893//2131 3894//2134
f 3893//2131 3768//2130 3464//2135
f 3899//2136 3898//2409 3901//2138
f 3484//1969 3903//2139 3481//1963
f 3903//2139 3900//2410 3902//2141
f 3901//2138 3898//2409 3905//2142
f 3905//2142 3900//2410 3904//2143
f 3486//2343 3909//2411 3722//2370
f 3492//2050 3739//2372 3488//2342
f 3911//2145 3446//2146 3912//2412
f 3501//1983 3916//2148 3498//1977
f 3446//2146 3911//2145 3918//2149
f 3911//2145 3913//2150 3917//2413
f 3920//2152 3919//2414 3922//2415
f 3503//2348 3923//2416 3763//2377
f 3510//2156 3697//2417 3505//2347
f 3546//2356 3930//2158 3929//2159
f 3945//2160 3943//2161 3821//2063
f 3682//2418 3946//2163 3683//2093
f 3943//2161 3945//2160 3682//2418
f 3532//2164 3943//2161 3679//2165
f 3947//2166 3948//2419 3826//2075
f 3646//2367 3948//2419 3651//2031
f 3948//2419 3947//2166 3949//2168
f 3950//2420 3952//2170 3951//2171
f 3956//2172 3567//2009 3566//2360
f 3956//2172 3953//2421 3955//2422
f 3957//2423 3958//2176 3953//2421
f 3960//2177 3964//2178 3961//2179
f 3966//2180 3581//2020 3580//2022
f 3963//2181 3965//2424 3966//2180
f 3428//2425 3969//2184 3429//2335
f 3727//2185 3907//2426 3969//2184
f 3969//2184 3907//2426 3430//1943
f 3434//2427 3430//1943 3910//2428
f 3824//2383 3977//2189 3490//1973
f 3686//2429 3977//2189 3824//2383
f 3978//2094 3499//2345 3856//2430
f 3980//2192 3499//2345 3979//2431
f 3981//2432 3982//2195 3539//2433
f 3983//2197 3984//2434 3982//2195
f 3983//2197 3874//2199 3985//2435
f 3983//2197 3985//2435 3984//2434
f 3880//2201 3985//2435 3874//2199
f 3850//2436 3986//2437 4088//2438
f 3719//2205 3988//2439 3986//2437
f 3990//2207 3989//2208 3566//2360
f 3487//1970 3848//2440 3657//2384
f 3486//2343 3723//2047 3487//1970
f 3723//2047 3849//2090 3848//2440
f 3719//2205 3991//2441 3720//2442
f 3850//2436 3844//2393 3991//2441
f 3844//2393 3849//2090 3991//2441
f 3493//2376 3992//2212 3494//2213
f 3491//1975 3994//2443 3492//2050
f 3492//2050 3993//2444 3741//2375
f 3994//2443 3859//2100 3993//2444
f 3425//1945 3995//2445 3877//2217
f 3422//1939 3614//2446 3997//2219
f 3997//2219 3996//2220 3995//2445
f 4001//2221 3996//2220 3999//2222
f 3887//2121 4004//2223 3888//2119
f 3637//2224 3633//2225 4007//2447
f 3432//2227 4008//2448 3435//2365
f 4008//2448 4005//2229 4007//2447
f 3431//2123 3889//2404 3432//2227
f 3916//2148 4011//2230 3917//2413
f 4010//2449 4012//2232 4011//2230
f 4015//2233 3957//2423 3956//2172
f 3719//2205 3718//2234 3988//2439
f 3718//2234 4016//2235 4015//2233
f 3958//2176 3957//2423 4017//2450
f 4018//2237 4020//2238 4019//2239
f 4025//2240 3901//2138 3416//2241
f 4021//2242 4024//2451 4025//2240
f 4027//2244 3922//2415 3924//2452
f 3468//1961 3466//2246 4027//2244
f 4028//2453 3482//1965 3479//2109
f 4031//2248 4032//2454 4030//2250
f 4030//2250 3482//1965 4028//2453
f 4033//2455 4029//2252 4032//2454
f 3668//2456 4035//2457 3507//2458
f 3655//2459 3508//2351 4035//2457
f 4036//2255 4037//2460 3548//2257
f 4038//2461 4039//2462 4037//2460
f 4043//2260 4039//2462 4042//2463
f 4044//2262 4048//2263 4045//2264
f 4045//2264 4048//2263 4046//2464
f 4050//2266 4049//2267 3580//2022
f 4050//2266 4046//2464 4048//2263
f 4026//2268 3837//2387 3467//2080
f 3691//2465 4051//2466 3837//2387
f 3688//2467 3691//2465 4026//2268
f 3839//2084 3838//2078 4051//2466
f 4018//2237 3839//2084 4053//2272
f 3504//2346 3867//2468 3507//2458
f 3764//2378 3868//2395 3867//2468
f 3863//2396 3868//2395 4054//2274
f 3655//2459 3656//2469 4055//2470
f 4055//2470 4057//2471 4056//2279
f 4030//2250 3652//2472 3651//2031
f 3479//2109 4059//2112 4028//2453
f 4059//2112 3870//2110 4056//2279
f 3459//2473 4061//2282 4060//2283
f 3897//2474 3896//2285 4070//2475
f 4074//2476 4073//2288 3950//2420
f 4074//2476 3904//2143 4073//2288
f 4075//2289 4076//2477 3967//2291
f 3759//2292 3758//2293 4047//2294
f 3758//2293 4076//2477 4075//2289
f 3548//2257 3968//2295 4036//2255
f 4079//2296 3411//1933 3408//1932
f 3840//2389 4019//2239 4080//2297
f 3416//2241 3415//1935 4025//2240
f 3947//2166 4082//2478 3949//2168
f 3558//2299 3560//2006 3947//2166
f 3560//2006 4083//2300 4082//2478
f 4071//2301 3571//2013 3570//2362
f 4034//2302 4032//2454 4083//2300
f 3540//2303 4085//2304 3541//2354
f 3540//2303 4084//2479 4085//2304
f 3985//2435 3880//2201 4086//2480
f 3563//2034 3842//2481 3564//2359
f 3842//2481 3565//2308 3564//2359
f 3850//2436 4088//2438 3845//2309
f 4088//2438 3987//2482 3565//2308
f 3568//2010 3565//2308 3987//2482
f 3886//2311 3971//2312 4090//2483
f 4090//2483 3973//2314 4091//2484
f 3976//2485 4091//2484 3973//2314
f 3944//2317 4092//2318 3946//2163
f 3572//2319 3574//2017 3944//2317
f 3574//2017 4093//2320 4092//2318
f 4009//2486 3584//2023 3583//2024
f 4094//2487 4093//2320 3584//2023
f 3501//1983 3980//2192 4094//2487
f 3549//2003 4096//2488 3550//2324
f 3549//2003 4095//2325 4096//2488
f 3577//2037 3861//2326 3578//2018
f 3861//2326 3579//2327 3578//2018
f 4100//2489 3579//2327 3861//2326
f 4100//2489 4046//2464 3579//2327
f 3582//2021 3579//2327 4101//2329
f 3645//2490 3649//2491 4102//2492
f 4105//2493 4104//2334 3649//2491
f 4113//2494 4112//2495 4550//2496
f 4115//2497 4112//2495 4114//2498
f 4127//2499 4122//2500 4124//2501
f 4143//2502 4134//2503 5937//2504
f 4142//2505 4134//2503 4136//2506
f 4157//2507 4155//2508 4156//2509
f 4158//2510 4150//2511 4152//2512
f 4165//2513 4167//2514 4172//2515
f 4184//2516 4461//2517 5995//2518
f 4181//2519 5929//2520 4184//2516
f 4339//2521 4338//2522 4182//2523
f 4506//2524 4110//2525 4334//2526
f 4349//2527 4348//2528 4168//2529
f 4360//2530 4359//2531 4153//2532
f 4355//2533 4354//2534 4469//2535
f 4370//2536 4369//2537 4137//2538
f 4379//2539 4378//2540 4377//2541
f 4120//2542 4373//2543 4577//2544
f 4390//2545 4389//2546 4388//2547
f 4384//2548 4383//2549 4514//2550
f 4401//2551 4400//2552 4399//2553
f 4412//2554 4411//2555 4410//2556
f 4420//2557 4151//2558 5943//2559
f 4421//2560 4416//2561 5966//2562
f 4431//2563 4430//2564 4432//2565
f 5950//2566 4440//2567 4166//2568
f 4442//2569 4436//2570 5979//2571
f 4450//2572 4180//2573 5957//2574
f 4451//2575 4446//2576 5987//2577
f 4454//2578 4458//2579 4459//2580
f 4461//2517 4454//2578 4460//2581
f 4462//2582 4463//2583 4360//2530
f 4355//2533 4469//2535 4468//2584
f 4479//2585 4480//2586 4111//2587
f 4484//2588 4344//2589 4568//2590
f 4488//2591 4489//2592 4556//2593
f 4501//2594 4502//2595 4339//2521
f 4110//2525 4506//2524 4478//2596
f 4384//2548 4514//2550 4487//2597
f 4141//2598 4515//2599 4516//2600
f 4141//2598 4139//2601 4515//2599
f 4517//2602 4518//2603 4169//2604
f 4526//2605 4518//2603 4525//2606
f 4525//2606 4524//2607 4523//2608
f 4527//2609 4528//2610 4370//2536
f 5931//2611 4545//2612 4127//2499
f 4578//2613 5930//2614 5933//2615
f 4578//2613 4579//2616 4548//2617
f 4113//2494 4550//2496 4365//2618
f 4552//2619 4125//2620 4121//2621
f 4557//2622 4139//2601 4138//2623
f 4563//2624 4350//2625 4349//2527
f 4120//2542 4577//2544 4551//2626
f 4580//2627 4485//2628 4484//2588
f 5933//2615 4581//2629 4578//2613
f 4604//2630 4590//2631 4592//2632
f 4650//2633 4651//2634 4663//2635
f 4709//2636 4708//2637 4707//2638
f 4709//2636 4710//2639 4708//2637
f 4726//2640 4723//2641 4722//2642
f 4765//2643 4739//2644 4750//2645
f 4587//2646 4591//2647 4789//2648
f 4793//2649 4607//2650 4606//2651
f 4796//2652 4795//2653 4794//2654
f 4797//2655 4798//2656 4799//2657
f 4804//2658 5905//2659 4801//2660
f 4805//2661 4799//2657 4798//2656
f 5051//2662 5052//2663 5050//2664
f 5053//2665 5054//2666 5052//2663
f 4861//2667 4865//2668 5053//2665
f 5056//2669 5053//2665 5051//2662
f 5038//2670 5057//2671 5043//2672
f 5057//2671 4865//2668 4872//2673
f 5059//2674 5054//2666 5057//2671
f 5084//2675 5104//2676 5103//2677
f 5110//2678 4945//2679 5111//2680
f 5114//2681 5111//2680 4945//2679
f 5115//2682 5112//2683 5111//2680
f 5094//2684 5115//2682 5114//2681
f 5166//2685 5165//2686 5167//2687
f 4797//2655 5167//2687 5165//2686
f 5177//2688 5176//2689 5175//2690
f 5179//2691 4641//2692 4640//2693
f 5184//2694 5185//2695 5183//2696
f 5196//2697 5197//2698 5198//2699
f 4678//2700 5206//2701 4679//2702
f 5209//2703 4802//2704 5210//2705
f 4693//2706 5213//2707 4694//2708
f 5213//2707 5215//2709 5216//2710
f 5217//2711 4803//2712 5218//2713
f 5220//2714 5226//2715 5222//2716
f 5217//2711 5222//2716 5226//2715
f 5233//2717 5235//2718 5236//2719
f 5229//2720 5233//2717 5230//2721
f 5224//2722 5236//2719 5235//2718
f 4741//2723 5237//2724 4742//2725
f 5244//2726 5246//2727 5245//2728
f 5253//2729 5254//2730 5255//2731
f 5261//2732 5265//2733 5262//2734
f 4793//2649 5267//2735 4794//2654
f 5274//2736 5281//2737 5277//2738
f 5275//2739 5277//2738 5288//2740
f 5344//2741 5336//2742 5341//2743
f 5355//2744 5356//2745 5351//2746
f 5340//2747 5351//2746 5343//2748
f 5389//2749 5403//2750 5399//2751
f 5399//2751 5404//2752 5402//2753
f 5426//2754 5419//2755 5423//2756
f 5434//2757 5440//2758 5437//2759
f 5278//2760 5481//2761 5279//2762
f 5486//2763 5487//2764 5484//2765
f 5918//2766 5488//2767 5922//2768
f 5549//2769 5728//2770 5554//2771
f 5728//2770 5716//2772 5722//2773
f 5086//2774 5092//2775 5743//2776
f 5098//2777 5104//2676 5750//2778
f 5755//2779 5757//2780 5758//2781
f 5115//2682 5749//2782 5760//2783
f 5112//2683 5115//2682 5757//2780
f 5634//2784 5629//2785 5760//2783
f 5753//2786 5760//2783 5749//2782
f 5629//2785 5758//2781 5757//2780
f 5286//2787 5795//2788 5283//2789
f 5280//2790 5796//2791 5282//2792
f 5484//2765 5798//2793 5799//2794
f 5487//2764 5800//2795 5798//2793
f 5492//2796 5805//2797 5800//2795
f 5819//2798 5820//2799 5818//2800
f 5322//2801 5827//2802 5337//2803
f 5838//2804 5839//2805 5836//2806
f 5843//2807 5834//2808 5833//2809
f 5490//2810 5844//2811 5843//2807
f 5846//2812 5848//2813 5849//2814
f 5489//2815 5850//2816 5490//2810
f 5390//2817 5852//2818 5389//2749
f 5853//2819 5854//2820 5852//2818
f 5846//2812 5849//2814 5853//2819
f 5387//2821 5853//2819 5388//2822
f 5489//2815 5856//2823 5851//2824
f 5857//2825 5858//2826 5856//2823
f 5403//2750 5861//2827 5404//2752
f 5861//2827 5855//2828 5864//2829
f 5857//2825 5865//2830 5858//2826
f 5866//2831 5867//2832 5865//2830
f 5865//2830 5862//2833 5864//2829
f 5880//2834 5887//2835 5881//2836
f 5898//2837 5894//2838 5896//2839
f 5900//2840 5895//2841 5894//2838
f 5903//2842 5902//2843 5899//2844
f 5902//2843 5901//2845 5895//2841
f 5484//2765 5799//2794 5903//2842
f 5799//2794 5797//2846 5901//2845
f 5235//2718 5904//2847 5224//2722
f 5234//2848 5906//2849 5235//2718
f 5243//2850 5908//2851 5244//2726
f 5254//2730 5909//2852 5256//2853
f 5225//2854 4804//2658 4803//2712
f 5904//2847 5905//2659 4804//2658
f 4805//2661 5905//2659 5909//2852
f 4799//2657 4805//2661 5264//2855
f 5910//2856 4800//2857 4798//2656
f 5164//2858 5910//2856 5165//2686
f 4801//2660 4800//2857 5915//2859
f 5177//2688 5910//2856 5164//2858
f 5911//2860 4800//2857 5910//2856
f 5172//2861 5912//2862 5173//2863
f 5197//2698 5915//2859 5199//2864
f 5897//2865 5916//2866 5899//2844
f 5917//2867 5918//2766 5916//2866
f 5866//2831 5920//2868 5919//2869
f 5903//2842 5485//2870 5484//2765
f 5916//2866 5918//2766 5485//2870
f 5899//2844 5485//2870 5903//2842
f 5921//2871 5922//2768 5491//2872
f 5833//2809 5921//2871 5843//2807
f 5492//2796 5486//2763 5923//2873
f 5921//2871 5925//2874 5922//2768
f 5829//2875 5925//2874 5831//2876
f 5890//2877 5917//2867 5891//2878
f 5879//2879 5928//2880 5927//2881
f 5919//2869 5875//2882 5866//2831
f 5932//2883 4494//2884 5931//2611
f 5931//2611 4127//2499 4126//2885
f 4486//2886 5933//2615 5930//2614
f 4143//2502 5937//2504 4426//2887
f 6017//2888 5938//2889 5988//2890
f 6009//2891 5945//2892 6011//2893
f 5945//2892 4171//2894 4526//2605
f 5951//2895 4171//2894 5946//2896
f 6018//2897 5952//2898 5995//2518
f 5952//2898 4185//2899 4184//2516
f 5958//2900 4185//2899 5953//2901
f 4421//2560 5966//2562 5965//2902
f 5950//2566 5973//2903 4440//2567
f 5973//2903 4441//2904 4440//2567
f 4451//2575 5987//2577 5986//2905
f 5990//2906 4460//2581 4459//2580
f 4461//2517 4460//2581 5995//2518
f 5995//2518 5991//2907 6018//2897
f 5988//2890 4500//2908 5997//2909
f 5988//2890 6000//2910 6017//2888
f 6002//2911 6001//2912 4516//2600
f 6004//2913 4523//2608 4522//2914
f 4525//2606 4523//2608 6011//2893
f 6011//2893 6010//2915 6009//2891
f 4516//2600 6016//2916 6002//2911
f 4516//2600 6013//2917 6016//2916
f 144//2918 460//669 275//156
f 874//697 357//181 462//111
f 163//106 817//106 258//106
f 136//2 3//4 4//139 5//141
f 461//9 179//8 9//270 10//12
f 5//141 6//6 136//2
f 137//822 8//712 136//2
f 136//2 8//712 859//3
f 461//9 11//11 12//2919 13//13
f 431//16 18//15 16//2920 17//2921
f 939//808 15//688 461//9
f 461//9 15//688 836//10
f 431//16 294//22 22//217 19//17
f 17//2921 20//19 431//16
f 425//24 25//23 23//2922 24//824
f 425//24 320//30 30//227 31//226
f 24//824 27//27 425//24
f 442//32 39//37 40//2923 35//33
f 31//226 26//25 425//24
f 32//31 33//2924 442//32
f 33//2924 34//2925 442//32
f 34//2925 36//2926 442//32
f 64//57 63//56 67//834 957//835
f 41//38 42//42 454//39
f 44//41 45//2927 454//39
f 45//2927 46//690 454//39
f 454//39 821//233 43//40
f 47//43 48//505 905//44
f 50//372 51//771 48//505
f 905//44 48//505 51//771
f 52//46 55//849 53//47
f 57//51 54//48 53//47
f 58//52 808//661 935//53
f 60//660 61//807 808//661
f 697//494 808//661 61//807
f 697//494 935//53 808//661
f 65//495 66//95 63//56
f 66//95 67//834 63//56
f 74//66 711//65 77//68 78//67
f 68//58 69//62 924//59
f 75//513 76//791 711//65
f 77//68 711//65 76//791
f 87//79 88//784 89//527 86//78
f 79//70 80//75 903//71
f 903//71 80//75 83//74
f 99//86 96//858 95//542 737//87
f 90//80 91//84 944//81
f 93//83 680//819 944//81
f 680//819 94//811 944//81
f 96//858 99//86 745//553 984//2928
f 97//540 98//85 737//87
f 464//126 928//102 118//104 929//798
f 103//450 104//795 101//89
f 101//89 105//793 102//90
f 109//560 110//94 107//92
f 114//812 115//582 364//718
f 115//582 116//825 364//718
f 464//126 160//128 161//781 465//763
f 125//113 787//622 909//616
f 125//113 909//616 150//111
f 487//836 134//653 881//737
f 134//653 135//658 881//737
f 444//299 416//255 978//761
f 978//761 975//758 457//317
f 146//597 147//596 148//111
f 147//596 149//2929 148//111
f 149//2929 773//601 148//111
f 151//589 152//588 813//111
f 152//588 153//2930 813//111
f 153//2930 986//594 813//111
f 534//370 155//645 465//763
f 155//645 156//651 465//763
f 138//670 167//106 168//106 858//130
f 163//106 164//294 817//106
f 138//670 816//279 817//106
f 143//604 165//603 459//2931
f 165//603 166//609 459//2931
f 174//2932 173//2933 171//133 172//132
f 169//271 170//131 171//133
f 177//275 174//2932 172//132 176//276
f 174//2932 177//275 178//272 173//2933
f 183//2934 182//2935 180//135 181//134
f 9//270 179//8 180//135
f 186//2936 183//2934 181//134 184//211
f 183//2934 186//2936 188//208 182//2935
f 193//2937 192//2938 190//263 191//137
f 190//263 872//138 191//137
f 196//267 193//2937 191//137 194//136
f 194//136 874//697 195//265
f 194//136 195//265 196//267
f 193//2937 196//267 197//140 192//2938
f 5//141 197//140 196//267
f 202//2939 201//261 199//143 200//142
f 1//1047 198//1 199//143
f 205//2940 202//2939 200//142 204//2941
f 203//709 858//130 204//2941
f 200//142 203//709 204//2941
f 202//2939 205//2940 207//220 201//261
f 212//2942 211//192 209//145 210//751
f 369//146 209//145 211//192
f 212//2942 210//751 213//2943 214//2944
f 212//2942 214//2944 216//256 211//192
f 221//2945 220//197 218//194 219//2946
f 221//2945 219//2946 222//2947 224//2948
f 221//2945 224//2948 226//198 220//197
f 231//2949 230//2950 228//148 229//2951
f 371//149 228//148 230//2950
f 231//2949 229//2951 232//2952 234//2953
f 231//2949 234//2953 236//182 230//2950
f 241//2954 240//191 238//188 239//2955
f 241//2954 239//2955 242//2956 244//2957
f 241//2954 244//2957 246//203 240//191
f 250//240 247//239 248//298 249//2958
f 249//2958 248//298 251//295 252//2959
f 254//242 250//240 249//2958 253//2960
f 253//2960 249//2958 252//2959 255//2961
f 259//155 257//151 163//150 258//2962
f 252//2959 251//295 256//152 257//151
f 255//2961 252//2959 257//151 259//155
f 259//155 258//2962 260//692 261//153
f 264//244 265//2963 263//2964 44//41
f 259//155 262//154 255//2961
f 254//242 253//2960 265//2963 264//244
f 253//2960 255//2961 262//154 265//2963
f 262//154 263//2964 265//2963
f 268//245 41//38 266//232 267//2965
f 267//2965 266//232 269//160 270//159
f 272//246 268//245 267//2965 271//2966
f 271//2966 267//2965 270//159 273//2967
f 273//2967 270//159 274//158 276//157
f 144//2918 275//156 274//158
f 276//157 275//156 277//253 278//252
f 278//252 279//250 280//2968
f 273//2967 276//157 278//252 280//2968
f 283//2969 284//2970 281//247 282//249
f 272//246 271//2966 284//2970 283//2969
f 284//2970 280//2968 279//250 281//247
f 271//2966 273//2967 280//2968 284//2970
f 290//2971 289//164 286//683 288//162
f 286//683 287//163 288//162
f 293//2972 290//2971 288//162 291//161
f 290//2971 293//2972 295//165 289//164
f 22//217 294//22 295//165
f 299//2973 298//2974 296//280 297//2975
f 302//2976 299//2973 297//2975 300//2977
f 299//2973 302//2976 304//300 298//2974
f 308//2978 307//2979 305//284 306//2980
f 310//2981 308//2978 306//2980 309//2982
f 308//2978 310//2981 312//2983 307//2979
f 317//2984 316//166 314//704 315//2985
f 319//2986 317//2984 315//2985 318//228
f 317//2984 319//2986 321//167 316//166
f 30//227 320//30 321//167
f 322//168 323//289 145//129 168//2987
f 324//170 325//287 323//289 322//168
f 330//2988 328//2989 327//855 329//857
f 167//856 327//855 328//2989
f 322//168 168//2987 167//856 328//2989
f 326//169 322//168 328//2989 330//2988
f 334//2990 331//2991 332//2992 333//2993
f 333//2993 332//2992 335//314 336//2994
f 329//857 334//2990 333//2993 330//2988
f 330//2988 333//2993 336//2994 326//169
f 339//292 340//2995 337//310 338//290
f 325//287 324//170 340//2995 339//292
f 340//2995 336//2994 335//314 337//310
f 324//170 326//169 336//2994 340//2995
f 344//173 341//236 342//318 343//171
f 343//171 342//318 345//313 346//2996
f 347//172 343//171 346//2996 348//177
f 351//852 352//2997 349//316 350//315
f 352//2997 346//2996 345//313 349//316
f 352//2997 351//852 353//178
f 353//178 348//177 346//2996 352//2997
f 348//177 355//175 359//180 347//172
f 354//174 357//181 355//175
f 356//176 355//175 353//178
f 357//181 359//180 355//175
f 360//183 236//182 234//2953 361//186
f 362//719 361//186 234//2953 232//2952
f 232//2952 233//2998 362//719
f 368//193 366//2999 240//191 367//748
f 361//186 362//719 363//187
f 364//718 869//185 363//187
f 240//191 366//2999 365//189
f 246//203 245//205 367//748
f 240//191 246//203 367//748
f 365//189 366//2999 211//192 370//733
f 211//192 366//2999 368//193
f 216//256 215//258 370//733
f 211//192 216//256 370//733
f 373//755 371//149 230//2950 372//3000
f 372//3000 230//2950 236//182 374//720
f 236//182 235//184 374//720
f 373//755 372//3000 220//197 376//753
f 374//720 375//195 372//3000
f 375//195 220//197 372//3000
f 226//198 225//200 376//753
f 220//197 226//198 376//753
f 377//199 226//198 224//2948 378//202
f 379//3001 378//202 224//2948 222//2947
f 222//2947 223//3002 379//3001
f 383//204 246//203 244//2957 382//207
f 378//202 379//3001 380//98
f 384//3003 382//207 244//2957 242//2956
f 242//2956 243//3004 384//3003
f 387//209 188//208 186//2936 388//215
f 382//207 384//3003 385//3005
f 385//3005 893//206 382//207
f 389//213 388//215 186//2936 184//211
f 389//213 185//212 390//216
f 19//17 295//165 293//2972 392//3006
f 388//215 389//213 390//216
f 391//214 387//209 388//215
f 394//3007 395//3008 393//219 292//218
f 392//3006 293//2972 291//161 393//219
f 394//3007 301//3009 300//2977 395//3008
f 393//219 395//3008 392//3006
f 396//3010 395//3008 300//2977 297//2975
f 18//15 396//3010 297//2975 296//280
f 395//3008 396//3010 392//3006
f 296//280 16//282 18//15
f 19//17 392//3006 396//3010 18//15
f 397//221 207//220 205//2940 398//224
f 400//726 398//224 205//2940 204//2941
f 397//221 398//224 399//3011
f 204//2941 858//130 400//726
f 26//25 321//167 319//2986 403//3012
f 398//224 400//726 401//225
f 402//223 399//3011 398//224
f 321//167 26//25 31//226
f 35//3013 405//3014 404//230 32//229
f 403//3012 319//2986 318//228 404//230
f 35//3013 40//3015 309//2982 405//3014
f 404//230 405//3014 403//3012
f 406//3016 405//3014 309//2982 306//2980
f 25//23 406//3016 306//2980 305//284
f 405//3014 406//3016 403//3012
f 305//284 23//286 25//23
f 26//25 403//3012 406//3016 25//23
f 407//231 269//160 266//232 43//40
f 274//158 407//231 144//2918
f 410//237 409//238 344//173 347//172
f 827//234 144//2918 407//231
f 408//235 344//173 409//238
f 412//243 283//2969 282//249 411//241
f 347//172 359//180 410//237
f 358//179 860//35 410//237
f 411//241 250//240 412//243
f 264//244 42//42 254//242
f 268//245 272//246 42//42
f 272//246 254//242 42//42
f 417//257 216//256 214//2944 418//260
f 283//2969 412//243 272//246
f 413//248 281//247 414//251
f 415//254 277//253 463//319
f 279//250 278//252 415//254
f 463//319 416//255 415//254
f 419//735 418//260 214//2944 213//2943
f 213//2943 130//3017 419//735
f 2//5 1//1047 199//143 422//262
f 418//260 419//735 420//118
f 422//262 201//261 207//220 424//3018
f 422//262 423//3019 2//5
f 207//220 206//222 424//3018
f 423//3019 422//262 424//3018 425//24
f 423//3019 425//24 190//263 192//2938
f 3//4 423//3019 192//2938 197//140
f 197//140 4//139 3//4
f 6//6 5//141 196//267 426//266
f 423//3019 3//4 2//5
f 10//12 180//135 182//2935 428//3020
f 195//265 874//697 427//268
f 195//265 427//268 426//266
f 7//7 426//266 427//268
f 7//7 6//6 426//266
f 430//3021 428//3020 182//2935 188//208
f 428//3020 429//3022 10//12
f 188//208 187//210 430//3021
f 431//16 429//3022 428//3020 430//3021
f 431//16 171//133 173//2933 429//3022
f 11//11 429//3022 173//2933 178//272
f 178//272 12//274 11//11
f 13//273 178//272 177//275 432//277
f 429//3022 11//11 10//12
f 17//281 296//280 298//2974 434//3023
f 176//276 175//3024 433//278
f 432//277 176//276 433//278
f 14//14 13//273 432//277
f 434//3023 298//2974 304//300 435//3025
f 304//300 303//302 435//3025
f 24//285 305//284 307//2979 437//3026
f 435//3025 436//677 434//3023
f 20//19 434//3023 436//677
f 20//19 17//281 434//3023
f 437//3026 307//2979 312//2983 438//727
f 312//2983 311//3027 438//727
f 440//288 325//287 339//292 441//291
f 438//727 439//696 437//3026
f 27//27 437//3026 439//696
f 27//27 24//285 437//3026
f 323//289 440//288 145//129
f 445//296 251//295 248//298 443//297
f 838//293 440//288 442//32
f 256//152 445//296 164//294
f 449//305 304//300 302//2976 447//303
f 304//300 449//305 446//301
f 451//3028 452//3029 300//2977 301//3009
f 447//303 450//308 448//304
f 452//3029 447//303 302//2976 300//2977
f 452//3029 451//3028 453//309
f 453//309 450//308 447//303 452//3029
f 458//312 332//2992 331//2991 457//317
f 455//307 832//306 453//309
f 337//310 335//314 456//311
f 335//314 345//313 456//311
f 469//327 470//497 62//55 468//840
f 332//2992 458//312 335//314
f 457//317 349//316 458//312
f 342//318 456//311 345//313
f 459//2931 460//669 939//808
f 138//670 856//711 137//822
f 856//711 8//712 137//822
f 939//808 460//669 15//688
f 7//7 462//269 136//2
f 979//762 164//294 444//299
f 473//329 470//497 469//327 472//325
f 468//840 471//328 469//327
f 472//325 477//331 475//498 476//330
f 469//327 474//326 472//325
f 480//3030 481//493 478//492 479//3031
f 484//496 481//493 480//3030 483//333
f 479//3031 482//654 480//3030
f 480//3030 482//654 485//652 487//334
f 483//333 488//335 65//495 484//496
f 480//3030 487//334 483//333
f 496//343 492//339 491//337 495//3032
f 489//732 695//336 490//338
f 494//341 495//3032 491//337
f 499//347 500//3033 60//660 498//662
f 58//52 493//340 492//339
f 503//345 499//347 498//662 501//346
f 502//344 504//605 503//345
f 506//348 503//345 143//604 505//3034
f 499//347 506//348 505//3034 500//3033
f 510//352 508//349 689//482 509//3035
f 507//3036 689//482 508//349
f 510//352 509//3035 513//480 514//481
f 515//353 511//350 510//352 514//481
f 516//354 57//51 512//351 511//350
f 518//356 517//3037 519//478 520//359
f 517//3037 518//356 52//355
f 518//356 525//617 123//112 521//357
f 523//358 524//618 520//359
f 519//478 522//360 520//359
f 520//359 524//618 525//617 518//356
f 537//368 534//370 533//777 536//373
f 529//506 530//364 527//362
f 528//363 527//362 531//365
f 47//366 898//774 530//364
f 529//506 532//367 530//364
f 538//369 539//646 535//644 534//370
f 538//369 543//374 541//503 542//649
f 50//372 540//371 537//368
f 548//379 727//529 726//377 545//376
f 542//649 539//646 538//369
f 546//528 547//378 545//376
f 547//378 546//528 89//527 918//785
f 549//3038 547//378 918//785 889//783
f 551//383 552//385 157//611 550//786
f 548//379 547//378 549//3038
f 551//383 550//786 554//381 555//380
f 556//382 558//386 552//385 551//383
f 557//384 553//612 552//385
f 560//389 723//522 720//392 563//391
f 126//3039 560//389 559//387
f 567//401 568//768 82//73 566//521
f 79//394 127//114 561//388
f 567//401 574//399 573//3040 568//768
f 566//521 569//397 567//401
f 571//396 572//400 569//397
f 566//521 570//398 569//397
f 146//597 573//3040 574//399
f 576//407 716//515 713//404 579//403
f 576//407 577//406 575//3041
f 577//406 581//408 73//64 922//790
f 575//3041 577//406 922//790 811//788
f 583//410 584//409 75//513 582//514
f 585//413 589//632 591//631 590//415
f 582//514 585//413 583//410
f 588//412 589//632 585//413
f 582//514 587//414 585//413
f 594//417 731//416 592//665 593//667
f 595//420 596//663 68//58 900//421
f 593//667 595//420 594//417
f 594//417 598//419 734//533 733//418
f 593//667 596//663 595//420
f 597//3042 734//533 598//419
f 600//422 601//637 158//127 599//423
f 602//425 603//638 601//637 600//422
f 605//427 602//425 600//422 604//3043
f 71//61 604//3043 600//422
f 610//429 609//3044 611//559 612//432
f 606//424 603//638 602//425
f 608//428 609//3044 610//429
f 612//432 613//562 106//91 614//433
f 618//435 619//438 162//625 617//436
f 611//559 613//562 612//432
f 615//802 753//430 616//431
f 618//435 622//434 109//560 623//561
f 618//435 621//3045 619//438
f 624//558 621//3045 618//435 623//561
f 624//558 626//439 619//438 621//3045
f 625//437 620//626 619//438
f 632//444 628//443 747//550 631//552
f 119//3046 628//443 627//440
f 629//441 635//446 100//88 634//794
f 642//454 637//448 638//447 640//452
f 634//794 630//442 629//441
f 103//450 636//449 637//448
f 641//453 643//590 642//454
f 645//455 642//454 151//589 644//3047
f 637//448 645//455 644//3047 639//451
f 649//459 647//456 740//544 648//3048
f 646//3049 740//544 647//456
f 649//459 648//3048 652//543 653//460
f 650//457 654//461 95//542 651//458
f 656//463 657//462 97//540 655//541
f 656//463 655//541 658//539 659//466
f 656//463 664//577 139//123 660//464
f 662//465 663//578 659//466
f 658//539 661//467 659//466
f 659//466 663//578 664//577 656//463
f 667//469 668//572 665//571 666//470
f 670//97 112//99 668//572 667//469
f 672//472 667//469 669//468 671//473
f 90//471 673//818 672//472
f 677//3050 678//583 675//476 674//475
f 670//97 667//469 672//472
f 679//3051 680//819 93//83 681//570
f 674//475 679//3051 677//3050
f 674//475 676//821 680//819 679//3051
f 677//3050 684//568 682//567 683//585
f 681//570 684//568 677//3050 679//3051
f 683//585 678//583 677//3050
f 687//486 513//480 509//3035 686//487
f 517//3037 52//355 54//479
f 517//3037 54//479 519//478
f 516//354 515//353 54//479
f 514//481 685//477 515//353
f 686//487 688//484 690//483 691//485
f 686//487 509//3035 688//484
f 509//3035 689//482 688//484
f 905//44 691//485 690//483
f 692//488 694//491 696//490 693//489
f 692//488 695//336 694//491
f 473//329 697//494 481//493 484//496
f 529//506 703//504 543//374 540//371
f 476//330 697//494 473//329
f 699//324 701//500 477//331
f 700//501 702//502 701//500
f 708//3052 706//511 528//363 707//509
f 527//362 703//504 529//506
f 528//363 704//507 526//361
f 580//405 710//512 587//414 582//514
f 704//507 528//363 706//511
f 708//3052 709//510 706//511
f 712//516 715//519 717//518 714//517
f 579//403 710//512 580//405
f 712//516 716//515 715//519
f 576//407 575//3041 716//515
f 566//521 80//75 565//395 564//393
f 719//523 722//525 724//524 721//69
f 563//391 718//520 564//393
f 560//389 126//3039 723//522
f 719//523 723//522 722//525
f 658//539 737//87 654//461 653//460
f 555//380 86//78 556//382
f 545//376 725//526 546//528
f 727//529 729//531 730//765
f 730//765 904//532 727//529
f 731//416 733//418 732//537
f 735//534 915//536 733//418
f 655//541 737//87 658//539
f 750//563 752//566 754//565 751//564
f 648//3048 739//546 652//543
f 652//543 739//546 738//548
f 648//3048 740//544 739//546
f 741//545 742//547 739//546
f 640//452 638//447 743//549
f 636//449 101//89 638//447
f 632//444 631//552 743//549
f 632//444 743//549 633//445
f 628//443 119//3046 747//550
f 744//551 747//550 746//555
f 748//554 745//553 746//555
f 626//439 624//558 749//557
f 623//561 107//92 624//558
f 609//3044 608//428 749//557
f 609//3044 749//557 611//559
f 750//563 753//430 752//566
f 669//468 755//569 684//568 681//570
f 758//574 757//576 668//572 112//99
f 666//470 755//569 669//468
f 756//573 668//572 757//576
f 760//579 663//578 662//465 761//580
f 113//100 759//575 758//574
f 140//122 760//579 141//124
f 763//584 683//585 682//567 764//586
f 115//582 763//584 116//825
f 766//591 643//590 767//593 768//592
f 152//588 766//591 153//2930
f 643//590 641//453 767//593
f 769//598 572//400 770//600 771//599
f 986//594 153//2930 766//591
f 147//596 769//598 149//2929
f 572//400 571//396 770//600
f 774//606 504//605 775//608 776//607
f 77//68 769//598 772//602
f 773//601 149//2929 769//598
f 165//603 774//606 166//609
f 504//605 502//344 775//608
f 778//613 553//612 780//3053 781//614
f 777//610 778//613 779//3054
f 780//3053 557//384 781//614
f 553//612 557//384 780//3053
f 783//619 524//618 785//621 784//620
f 909//616 779//3054 778//613
f 124//110 783//619 125//113
f 524//618 523//358 785//621
f 789//627 620//626 791//629 792//628
f 787//622 125//113 783//619
f 788//624 789//627 790//759
f 620//626 625//437 791//629
f 794//633 589//632 796//635 795//634
f 928//102 790//759 789//627
f 117//101 794//633 118//104
f 589//632 588//412 796//635
f 798//639 603//638 799//641 800//640
f 929//798 794//633 797//636
f 929//798 118//104 794//633
f 159//125 798//639 160//128
f 603//638 606//424 799//641
f 798//639 919//643 161//781 160//128
f 801//647 539//646 542//649 802//648
f 155//645 801//647 156//651
f 804//655 482//654 479//3031 805//656
f 134//653 804//655 135//658
f 479//3031 478//492 805//656
f 496//343 807//659 501//346 498//662
f 605//427 69//664 596//663 593//667
f 495//3032 494//341 807//659
f 495//3032 807//659 496//343
f 14//14 816//279 142//730 461//9
f 604//3043 71//61 69//664
f 604//3043 69//664 605//427
f 810//106 126//115 128//106
f 575//3041 811//788 810//106
f 811//788 812//668 810//106
f 983//106 119//107 810//106
f 646//3049 651//458 138//670
f 651//458 814//671 138//670
f 128//106 816//279 810//106
f 507//3036 512//351 128//106
f 512//351 815//672 128//106
f 816//279 128//106 815//672
f 821//233 451//673 301//3055 394//675
f 138//670 983//106 816//279
f 354//174 974//320 462//111
f 460//669 462//111 974//320
f 827//234 824//679 285//3056 825//739
f 292//674 818//3057 821//233
f 818//3057 819//3058 821//233
f 819//3058 820//3059 821//233
f 816//279 433//678 436//677
f 175//676 822//3060 436//677
f 822//3060 823//283 436//677
f 828//686 827//234 820//3059 819//3058
f 825//739 826//681 827//234
f 821//233 820//3059 827//234
f 291//161 829//3061 818//3062 292//218
f 287//163 828//686 819//3058 829//3061
f 829//3061 291//161 287//163
f 819//3058 818//3062 829//3061
f 181//134 834//689 835//3063 184//211
f 824//679 830//680 286//683
f 831//685 828//686 287//163
f 835//3063 185//212 184//211
f 181//134 179//8 836//10 834//689
f 833//687 835//3063 834//689
f 837//691 46//690 263//2964 262//154
f 454//39 837//691 832//306
f 45//2927 44//41 263//2964
f 45//2927 263//2964 46//690
f 858//130 839//694 313//869 840//722
f 260//692 837//691 261//153
f 860//35 358//179 844//699 845//701
f 840//722 841//695 858//130
f 462//111 427//268 874//697
f 842//3064 843//698 874//697
f 310//2981 849//3065 848//3066 312//2983
f 846//700 847//3067 845//701
f 848//3066 311//3027 312//2983
f 849//3065 847//3067 846//700 848//3066
f 309//2982 40//3015 39//703 850//702
f 310//2981 309//2982 850//702 849//3065
f 849//3065 850//702 38//36 847//3067
f 847//3067 38//36 37//34 845//701
f 37//34 860//35 845//701
f 851//708 838//293 36//2926 34//2925
f 442//32 36//2926 838//293
f 318//228 852//3068 33//3069 32//229
f 315//2985 853//707 852//3068 318//228
f 853//707 851//708 34//2925 852//3068
f 34//2925 33//3069 852//3068
f 315//2985 314//704 854//693 853//707
f 839//694 854//693 314//704
f 200//142 198//1 859//3 857//710
f 855//706 851//708 853//707
f 856//711 857//710 8//712
f 203//709 200//142 857//710
f 856//711 858//130 203//709
f 425//24 424//3018 206//3070 397//221
f 441//291 860//35 442//32
f 338//290 456//311 860//35
f 341//236 408//235 860//35
f 408//235 409//238 860//35
f 866//3071 943//106 138//670 380//98
f 397//221 399//3011 425//24
f 399//3011 402//223 425//24
f 223//3072 863//3073 380//98
f 863//3073 864//716 380//98
f 670//97 866//3071 380//98
f 948//721 868//724 217//3074 375//195
f 364//718 867//816 942//815
f 948//721 374//720 235//3075 360//183
f 870//723 840//722 314//704 316//166
f 360//183 869//185 948//721
f 841//695 29//29 402//223
f 841//695 870//723 29//29
f 840//722 313//705 314//704
f 316//166 320//30 871//28 870//723
f 219//2946 873//725 863//3073 222//2947
f 843//698 28//26 27//27
f 842//3064 874//697 194//136
f 842//3064 194//136 872//138
f 843//698 842//3064 872//138
f 865//715 864//716 873//725
f 863//3073 223//3002 222//2947
f 219//2946 218//194 868//724 873//725
f 864//716 863//3073 873//725
f 874//697 438//727 311//3076 848//3066
f 873//725 948//721 865//715
f 431//16 430//3021 187//3077 387//2922
f 848//3066 846//700 874//697
f 358//179 874//697 844//699
f 960//734 878//743 237//3078 365//189
f 387//2922 391//214 431//16
f 142//730 489//732 876//809
f 142//730 876//809 877//731
f 937//729 420//118 142//730
f 832//306 260//106 436//677
f 460//669 144//2918 827//234
f 960//734 370//733 215//3079 417//257
f 883//740 825//739 286//683 289//164
f 417//257 421//259 960//734
f 243//3076 879//3080 881//737
f 881//737 879//3080 880//738
f 826//681 21//21 391//214
f 826//681 883//740 21//21
f 825//739 285//684 286//683
f 289//164 294//22 884//20 883//740
f 172//132 886//742 822//3060 176//276
f 822//3060 175//3024 176//276
f 886//742 875//728 887//18 823//283
f 823//283 822//3060 886//742
f 239//2955 888//744 879//3080 242//2956
f 882//736 880//738 888//744
f 879//3080 243//3004 242//2956
f 239//2955 238//188 878//743 888//744
f 880//738 879//3080 888//744
f 436//677 435//3025 303//3081 446//301
f 888//744 960//734 882//736
f 902//323 466//322 889//783 890//535
f 446//301 449//305 436//677
f 185//745 835//3063 827//234
f 835//3063 833//687 827//234
f 466//322 548//379 889//783
f 934//749 892//750 208//144 369//146
f 474//326 891//746 420//118
f 885//741 420//118 961//747
f 934//749 367//748 245//957 383//204
f 369//146 368//193 934//749
f 894//752 934//749 133//121 132//120
f 383//204 893//206 934//749
f 386//3082 893//206 385//3005
f 210//751 894//752 132//120 131//117
f 131//117 130//3017 213//2943
f 131//117 213//2943 210//751
f 947//754 895//756 227//147 371//149
f 386//3082 385//3005 881//737
f 384//3003 243//3076 881//737
f 385//3005 384//3003 881//737
f 947//754 376//753 225//3083 377//199
f 371//149 373//755 947//754
f 229//2951 896//3084 897//3085 232//2952
f 377//199 381//201 947//754
f 897//3085 233//2998 232//2952
f 229//2951 228//148 895//756 896//3084
f 867//816 897//3085 896//3084
f 867//816 896//3084 895//756 947//754
f 568//768 573//3040 909//616 910//770
f 379//3001 223//3072 380//98
f 364//718 233//717 897//3085
f 364//718 897//3085 867//816
f 465//763 157//3086 777//610
f 777//610 779//3054 465//763
f 909//616 465//763 779//3054
f 466//322 531//365 898//774
f 466//322 898//774 899//757
f 164//294 979//762 138//670
f 150//111 146//597 148//111
f 162//625 788//624 464//126
f 788//624 790//759 464//126
f 597//3042 900//421 902//323
f 900//421 901//760 902//323
f 950//779 464//126 154//764
f 122//109 575//3041 810//106
f 717//518 615//802 902//323
f 513//480 687//486 685//477
f 687//486 691//485 685//477
f 904//532 903//71 782//615
f 787//622 465//763 909//616
f 730//106 690//483 128//106
f 730//765 129//116 906//766
f 127//114 126//3039 559//387
f 906//766 127//114 907//767
f 907//767 81//72 906//766
f 81//72 903//71 906//766
f 83//74 908//769 910//770
f 83//74 82//73 908//769
f 87//79 85//77 914//642 915//536
f 909//616 83//74 910//770
f 573//3040 146//597 150//111
f 909//616 573//3040 150//111
f 689//482 507//3036 128//106
f 690//483 689//482 128//106
f 51//771 685//477 905//44
f 730//765 903//71 904//532
f 782//615 83//74 909//616
f 557//772 725//526 782//615
f 544//375 726//377 904//532
f 726//377 728//530 904//532
f 533//777 534//370 465//763
f 787//622 533//777 465//763
f 730//106 466//322 690//483
f 729//531 548//379 466//322
f 690//483 899//757 911//773
f 898//774 531//365 530//364
f 911//773 898//774 912//775
f 912//775 49//45 911//773
f 49//45 905//44 911//773
f 787//622 913//776 533//777
f 965//321 467//778 154//764
f 919//643 85//77 84//76 554//381
f 916//780 157//3086 465//763
f 889//783 548//379 549//3038
f 917//782 889//783 918//785
f 918//785 88//784 917//782
f 88//784 87//79 917//782
f 85//77 919//643 914//642
f 724//524 921//789 78//67 721//69
f 161//781 919//643 916//780
f 916//780 919//643 550//786
f 606//424 809//666 915//536
f 592//665 731//416 915//536
f 731//416 732//537 915//536
f 890//535 735//534 902//323
f 734//533 597//3042 902//323
f 735//534 734//533 902//323
f 571//396 718//520 721//69
f 562//390 720//392 721//69
f 813//111 150//111 148//111
f 460//669 974//320 463//319
f 150//111 813//111 460//669
f 724//524 812//668 921//789
f 921//789 811//788 922//790
f 922//790 74//66 921//789
f 121//108 630//442 634//794 102//90
f 74//66 78//67 921//789
f 76//791 75//513 584//409
f 76//791 584//409 923//792
f 773//601 923//792 920//787
f 920//787 923//792 586//411
f 795//634 710//512 797//636
f 578//402 713//404 714//517
f 104//795 793//630 101//89
f 105//793 101//89 793//630
f 924//59 714//517 717//518
f 120//105 119//3046 627//440
f 120//105 627//440 630//442
f 121//108 120//105 630//442
f 122//109 121//108 102//90 105//793
f 639//451 644//3047 927//3087 925//797
f 104//795 925//797 928//102
f 926//796 103//450 639//451
f 926//796 639//451 925//797
f 459//2931 881//737 135//658 933//806
f 928//102 925//797 927//3087
f 797//636 72//63 929//798
f 928//102 927//3087 813//111
f 644//3047 151//589 813//111
f 927//3087 644//3047 813//111
f 716//515 575//3041 122//109
f 717//518 716//515 122//109
f 625//437 749//801 793//630
f 608//800 751//564 793//630
f 717//518 901//760 930//803
f 900//421 597//3042 598//419
f 930//803 900//421 931//804
f 68//58 931//804 900//421
f 931//804 70//60 930//803
f 70//60 924//59 930//803
f 929//798 932//799 599//423
f 475//498 698//499 697//494
f 698//499 702//502 697//494
f 937//729 938//810 59//54 935//53
f 61//807 936//805 806//657
f 135//658 806//657 936//805
f 459//2931 893//206 386//3082
f 893//206 939//808 934//749
f 142//730 133//121 934//749
f 461//9 142//730 934//749
f 459//2931 386//3082 881//737
f 505//3034 143//604 459//2931
f 933//806 505//3034 459//2931
f 937//729 877//731 938//810
f 876//809 489//732 490//338
f 876//809 490//338 493//340
f 938//810 876//809 493//340
f 500//3033 505//3034 933//806 936//805
f 61//807 60//660 500//3033
f 61//807 500//3033 936//805
f 672//472 673//818 866//3088 670//97
f 939//808 893//206 459//2931
f 94//811 742//547 944//81
f 742//547 762//581 736//538
f 943//3089 866//3088 673//818
f 943//3089 673//818 945//817
f 943//3089 945//817 92//82 944//81
f 462//111 141//124 940//814 364//718
f 680//819 676//821 946//820
f 940//814 946//820 941//813
f 940//814 94//811 946//820
f 943//106 741//545 138//670
f 138//670 137//822 381//201
f 137//822 136//2 947//754
f 954//829 953//828 108//93 951//96
f 462//269 942//815 947//754
f 947//754 136//2 462//269
f 741//545 943//3089 944//81
f 742//547 741//545 944//81
f 940//814 141//124 760//579
f 652//543 738//548 736//538
f 738//548 742//547 736//538
f 740//544 646//3049 138//670
f 741//545 740//544 138//670
f 765//824 755//569 951//96
f 665//571 756//573 755//569
f 756//573 757//576 755//569
f 757//576 759//575 755//569
f 954//829 113//100 902//323
f 116//825 949//826 364//718
f 902//323 865//715 948//721
f 113//100 954//829 951//96
f 765//587 111//833 763//584
f 950//779 869//185 464//126
f 759//575 951//96 755//569
f 948//721 467//778 902//323
f 617//436 162//625 464//126
f 949//826 617//436 464//126
f 952//827 615//802 616//431
f 952//827 616//431 614//433
f 953//828 952//827 955//830
f 106//91 955//830 614//433
f 955//830 108//93 953//828
f 962//839 471//328 468//840 64//57
f 110//831 109//560 622//434
f 110//831 622//434 956//832
f 949//826 763//584 956//832
f 881//737 882//736 960//734
f 961//3090 891//746 962//839
f 961//3090 962//839 64//57 957//835
f 963//841 67//834 66//3091 488//335
f 67//834 963//841 964//842
f 66//3091 65//495 488//335
f 465//763 881//737 960//734 154//764
f 958//838 964//842 959//837
f 959//837 963//841 486//332
f 466//322 965//321 885//741
f 961//747 708//106 466//322
f 960//734 965//321 154//764
f 958//838 881//737 465//763
f 709//510 708//3052 961//3090 957//835
f 977//854 973//853 334//2990 329//857
f 803//650 67//834 964//842
f 964//842 156//651 803//650
f 526//361 705//508 703//504
f 705//508 709//510 703//504
f 502//344 807//844 53//47
f 494//843 693//489 53//47
f 282//249 413//248 411//241
f 413//248 414//251 411//241
f 414//251 416//255 411//241
f 459//2931 166//609 460//669
f 53//47 55//849 970//845
f 277//253 460//669 463//319
f 416//255 444//299 411//241
f 967//846 150//111 460//669
f 696//490 815//672 968//847
f 512//351 507//3036 508//349
f 968//847 512//351 969//848
f 57//51 969//848 512//351
f 969//848 56//49 968//847
f 56//49 966//50 968//847
f 967//846 970//845 521//357
f 331//2991 972//3092 457//317
f 972//3092 973//853 457//317
f 973//853 978//761 457//317
f 974//320 356//176 975//758
f 974//320 354//174 356//176
f 351//852 356//176 353//178
f 972//3092 331//2991 334//2990
f 972//3092 334//2990 973//853
f 980//556 814//671 96//858 984//2928
f 979//762 977//854 327//855
f 979//762 978//761 977//854
f 651//458 646//3049 647//456
f 814//671 651//458 981//859
f 95//542 981//859 651//458
f 981//859 96//858 814//671
f 994//864 989//863 987//863 988//866
f 98//85 982//860 99//86
f 98//85 97//540 657//462
f 98//85 657//462 982//860
f 980//556 983//106 138//670
f 980//556 984//2928 745//553
f 986//594 985//595 99//86
f 641//453 743//862 985//595
f 631//861 745//553 985//595
f 994//864 991//865 992//111 993//111
f 2256//870 999//869 997//106 998//106
f 993//111 995//111 994//864
f 994//864 2261//1534 990//111
f 2256//870 1004//875 1005//115 1001//871
f 998//106 1000//106 2256//870
f 1000//106 1002//873 2256//870
f 2222//877 1008//876 1006//824 1007//824
f 2218//882 1015//881 1013//881 1014//885
f 1007//824 1009//3093 2222//877
f 1009//3093 1011//880 2222//877
f 2222//877 1012//1517 1010//878
f 2218//882 1017//884 1018//3094 1019//3095
f 1028//890 1024//889 1022//3096 1023//3097
f 1019//3095 1020//888 2218//882
f 2218//882 2219//1512 1016//883
f 2221//895 1031//894 1029//894 1030//898
f 1023//3097 1025//3098 1028//890
f 1025//3098 1027//893 1028//890
f 2221//895 1033//897 1034//957 1035//43
f 1041//902 1039//3099 1037//3100 1038//3101
f 1035//43 1036//899 2221//895
f 1046//906 1049//3102 1050//3103 1051//3104
f 1038//3101 1040//1696 1041//902
f 1914//912 1057//1605 1055//1101 1056//1103
f 1051//3104 1052//910 1046//906
f 1911//907 1048//907 1046//906
f 2342//1601 1059//1606 1057//1605 1914//912
f 1056//1103 1058//913 1914//912
f 1914//912 1060//911 1061//1322 1062//1321
f 2332//915 1066//914 1064//3105 1065//3106
f 1062//1321 1063//1323 1914//912
f 2337//920 1073//919 1071//3107 1072//923
f 1065//3106 1067//3108 2332//915
f 1067//3108 1069//918 2332//915
f 2337//920 1075//922 1076//3109 1077//1341
f 1080//926 1081//925 1078//3110 1079//3111
f 1080//926 1920//1572 1086//1591 1087//1340
f 1079//3111 1082//3112 1080//926
f 1082//3112 1084//929 1080//926
f 1090//930 1091//3099 1088//3100 1089//3113
f 1080//926 1087//1340 1083//927
f 1098//906 1100//3114 1101//3103 1102//3104
f 1089//3113 1092//1704 1090//930
f 2346//935 1108//934 1106//1134 1107//1135
f 1102//3104 1103//910 1098//906
f 1988//907 1099//907 1098//906
f 2346//935 1111//937 1112//1364 1113//1363
f 1107//1135 1109//938 2346//935
f 2333//941 1118//914 1116//3105 1117//3115
f 1113//1363 1114//939 2346//935
f 2007//945 1125//919 1123//3107 1124//923
f 1117//3115 1119//3108 2333//941
f 1119//3108 1121//944 2333//941
f 2007//945 1127//922 1128//3109 1129//1380
f 2335//947 1132//925 1130//3116 1131//3111
f 2007//945 2334//1375 1126//946
f 2335//947 1995//1583 1137//1598 1138//1379
f 1131//3111 1133//3117 2335//947
f 1133//3117 1135//929 2335//947
f 1164//968 1550//967 1157//1394 1158//971
f 2335//947 1138//1379 1134//948
f 1139//950 1141//1383 1144//951
f 1141//1383 1142//954 1144//951
f 1153//962 1154//966 1149//959
f 1164//968 1160//970 1161//1417 1162//1416
f 2349//1423 1168//1419 1165//1418 1170//1390
f 1162//1416 1163//972 1164//968
f 1165//1418 1166//3118 1170//1390
f 1166//3118 1167//3119 1170//1390
f 1179//975 1173//974 1171//3120 1172//978
f 1167//3119 1169//3121 1170//1390
f 1179//975 1175//977 1176//3122 1177//981
f 2469//983 1182//982 1180//3123 1181//3124
f 2421//986 1190//985 1188//957 1189//3125
f 1181//3124 1183//3126 2469//983
f 1183//3126 1185//1746 2469//983
f 2469//983 1186//1437 1187//1438
f 2469//983 1187//1438 1184//984
f 2421//986 1195//990 1196//3127 1192//987
f 1189//3125 1191//1441 2421//986
f 1191//1441 1193//3128 2421//986
f 2124//992 1199//991 1197//3129 1198//994
f 2124//992 1201//994 1202//3094 1203//3130
f 1208//999 1211//1209 1212//1463 1213//1003
f 1203//3130 1204//997 2124//992
f 2124//992 1206//1647 1200//993
f 1208//999 1216//1002 1214//1454 1215//1005
f 1208//999 1217//1004 1218//1467 1210//1001
f 1224//1007 1226//1011 1227//3131 1222//1008
f 1219//1006 1220//3132 1224//1007
f 1220//3132 1221//3133 1224//1007
f 1221//3133 1223//1010 1224//1007
f 1234//1014 1230//1013 1228//3134 1229//1018
f 1234//1014 1237//1474 1235//3135 1236//1020
f 1234//1014 1238//1019 1239//3136 1231//1015
f 2389//1022 1246//1024 1247//3137 1243//1023
f 1240//1021 1241//3138 2389//1022
f 1241//3138 1242//3139 2389//1022
f 1242//3139 1244//1683 2389//1022
f 1245//1025 2389//1022 2123//1638
f 2398//1026 1250//985 1248//957 1249//3125
f 2398//1026 1256//990 1257//3127 1252//987
f 1249//3125 1251//1477 2398//1026
f 1251//1477 1253//1480 2398//1026
f 2169//3140 1254//1028 2398//1026
f 1267//1030 1260//1029 1258//3141 1259//3094
f 2403//1032 1262//3094 1263//3094 1264//3142
f 1267//1030 1259//3094 1262//3094 2403//1032
f 1264//3142 1265//1033 2403//1032
f 1269//999 1272//1242 1273//1463 1274//1003
f 1269//999 1277//1002 1275//1454 1276//1036
f 1269//999 1278//1004 1279//1467 1271//1001
f 2168//1038 1287//1043 1288//3143 1283//1039
f 1280//1037 1281//103 2168//1038
f 1281//103 1282//3144 2168//1038
f 1282//3144 1284//1652 2168//1038
f 1295//1014 1291//1013 1289//3134 1290//1018
f 1295//1014 1298//1474 1296//3135 1297//1046
f 1295//1014 1299//1045 1300//3136 1292//1015
f 2153//1478 2407//1049 1303//3145 1305//1691
f 1301//1048 1302//3146 2407//1049
f 1302//3146 1303//3145 2407//1049
f 2407//1049 1307//1051 1308//3147 1304//1050
f 1313//3148 1311//1054 1309//1053 1310//3149
f 1313//3148 1310//3149 1314//1520 1316//1057
f 1314//1520 1315//1058 1316//1057
f 1313//3148 1316//1057 1317//1056 1311//1054
f 1317//1056 1312//1055 1311//1054
f 1322//3150 1320//1060 1318//1059 1319//3151
f 1322//3150 1319//3151 1323//3152 1326//1063
f 1323//3152 1325//1064 1326//1063
f 1322//3150 1326//1063 1327//1062 1320//1060
f 1327//1062 1321//1061 1320//1060
f 1332//3153 1331//3154 1328//3155 1330//1066
f 1328//3155 1329//1067 1330//1066
f 1332//3153 1330//1066 1333//1065 1335//1069
f 1333//1065 1334//1070 1335//1069
f 1332//3153 1335//1069 1337//1068 1331//3154
f 1344//3156 1342//1072 1339//1071 1341//1075
f 1339//1071 1340//1076 1341//1075
f 1344//3156 1341//1075 1345//1074 1346//3157
f 1344//3156 1346//3157 1348//3158 1342//1072
f 1348//3158 1343//1073 1342//1072
f 1354//3159 1353//3160 1350//3161 1352//1078
f 1350//3161 1351//1079 1352//1078
f 1354//3159 1352//1078 1355//1077 1357//1081
f 1355//1077 1356//1082 1357//1081
f 1354//3159 1357//1081 1359//1080 1353//3160
f 1366//3162 1364//1084 1361//1083 1363//1087
f 1361//1083 1362//1088 1363//1087
f 1366//3162 1363//1087 1367//1086 1369//3163
f 1366//3162 1369//3163 1371//1515 1364//1084
f 1371//1515 1365//1085 1364//1084
f 1377//3164 1376//3165 1373//3166 1375//1090
f 1373//3166 1374//1091 1375//1090
f 1377//3164 1375//1090 1378//1089 1381//1093
f 1378//1089 1380//1094 1381//1093
f 1377//3164 1381//1093 1383//1092 1376//3165
f 1390//3167 1388//1096 1385//1095 1387//1099
f 1385//1095 1386//1100 1387//1099
f 1390//3167 1387//1099 1391//1098 1392//3168
f 1390//3167 1392//3168 1394//1528 1388//1096
f 1394//1528 1389//1097 1388//1096
f 1397//3169 1395//3170 1396//3171 1398//3172
f 1398//3172 1396//3171 1399//1102 1400//3173
f 1056//1103 1399//1102 1396//3171
f 1398//3172 1400//3173 1402//3174 1397//3169
f 1406//3175 1405//3176 1403//1105 1404//1104
f 1078//3110 1081//925 1403//1105
f 1409//1107 1406//3175 1404//1104 1407//3177
f 1407//3177 1408//1108 1409//1107
f 1406//3175 1409//1107 1411//1106 1405//3176
f 1414//1110 1412//1109 1413//3178 1416//3179
f 1416//3179 1413//3178 1417//1330 1419//3180
f 1416//3179 1419//3180 1421//3181 1414//1110
f 1421//3181 1415//1111 1414//1110
f 1424//1112 1422//3182 1423//3183 1425//3184
f 1425//3184 1423//3183 1426//3185 1427//3186
f 1425//3184 1427//3186 1428//1113 1424//1112
f 1061//1322 1060//911 1428//1113
f 1432//3187 1431//3188 1430//1116 1884//1115
f 1429//1326 1883//1114 1430//1116
f 1434//3189 1432//3187 1884//1115 1433//3190
f 1432//3187 1434//3189 1436//3191 1431//3188
f 1441//3192 1440//3193 1438//3194 1439//3195
f 1443//3196 1441//3192 1439//3195 1442//3197
f 1441//3192 1443//3196 1445//1118 1440//3193
f 1886//1119 1445//1118 1443//3196
f 1450//1124 1447//3198 1449//1121 1451//3199
f 1447//3198 1448//1122 1449//1121
f 1451//3199 1449//1121 1452//1120 1454//3200
f 1451//3199 1454//3200 1457//1125 1450//1124
f 1455//3201 1456//1123 1457//1125
f 1462//3202 1461//1129 1459//1128 1460//1127
f 1458//3203 1908//1126 1459//1128
f 1462//3202 1460//1127 1464//3204 1466//1132
f 1464//3204 1465//1133 1466//1132
f 1466//1132 1469//1130 1461//1129 1462//3202
f 1467//1593 1468//1131 1469//1130
f 1472//3205 1470//3206 1471//3207 1473//3208
f 1473//3208 1471//3207 1474//1102 1475//3209
f 1107//1135 1474//1102 1471//3207
f 1473//3208 1475//3209 1477//3210 1472//3205
f 1481//3211 1480//3212 1478//1137 1479//1136
f 1130//3116 1132//925 1478//1137
f 1484//1139 1481//3211 1479//1136 1482//3213
f 1482//3213 1483//1140 1484//1139
f 1481//3211 1484//1139 1486//1138 1480//3212
f 1489//1110 1487//1141 1488//3178 1491//3179
f 1491//3179 1488//3178 1492//1330 1494//3214
f 1491//3179 1494//3214 1496//1347 1489//1110
f 1496//1347 1490//1111 1489//1110
f 1499//1112 1497//3215 1498//3183 1500//3216
f 1500//3216 1498//3183 1501//3217 1502//3186
f 1500//3216 1502//3186 1503//1142 1499//1112
f 1112//1364 1111//937 1503//1142
f 1507//3218 1506//3219 1505//1144 1961//1143
f 1504//1326 1960//1114 1505//1144
f 1509//3220 1507//3218 1961//1143 1508//3221
f 1507//3218 1509//3220 1511//3222 1506//3219
f 1516//3192 1515//3223 1513//3224 1514//3225
f 1518//3226 1516//3192 1514//3225 1517//3227
f 1516//3192 1518//3226 1520//1145 1515//3223
f 1963//1119 1520//1145 1518//3226
f 1525//1124 1522//3228 1524//1146 1526//3199
f 1522//3228 1523//1122 1524//1146
f 1526//3199 1524//1146 1527//1120 1529//3229
f 1526//3199 1529//3229 1532//1148 1525//1124
f 1530//3201 1531//1147 1532//1148
f 1537//3202 1536//1151 1534//1128 1535//1150
f 1533//3230 1985//1149 1534//1128
f 1537//3202 1535//1150 1539//3231 1541//1154
f 1539//3231 1540//1133 1541//1154
f 1541//1154 1544//1152 1536//1151 1537//3202
f 1542//1600 1543//1153 1544//1152
f 1547//1158 1545//1395 1546//3232 1548//3233
f 1548//3233 1546//3232 1549//1156 1551//1155
f 1157//1394 1550//967 1549//1156
f 1548//3233 1551//1155 1553//1159 1547//1158
f 1552//3234 2010//1157 1553//1159
f 1557//3235 1556//3236 1554//1161 1555//1160
f 1180//3123 1182//982 1554//1161
f 1560//1163 1557//3235 1555//1160 1558//3237
f 1558//3237 1559//1164 1560//1163
f 1557//3235 1560//1163 1562//1162 1556//3236
f 1565//1166 1563//1165 1564//3238 1567//3239
f 1567//3239 1564//3238 1568//1430 1570//3240
f 1567//3239 1570//3240 1572//3241 1565//1166
f 1572//3241 1566//1167 1565//1166
f 2031//1170 1573//1168 1575//3242 1576//3243
f 1576//3243 1575//3242 1577//3244 1579//1422
f 1165//1418 1578//1420 1577//3244
f 1577//3244 1578//1420 1579//1422
f 1576//3243 1579//1422 1580//1171 2031//1170
f 1161//1417 1160//970 1580//1171
f 1584//3245 1583//3246 1582//1174 2036//1173
f 1581//1426 2035//1172 1582//1174
f 1587//3247 1584//3245 2036//1173 1586//3248
f 1585//1397 1148//958 1586//3248
f 2036//1173 1585//1397 1586//3248
f 1584//3245 1587//3247 1589//3249 1583//3246
f 1594//3250 1593//1176 1591//3251 1592//3252
f 1597//3253 1594//3250 1592//3252 1596//1400
f 1595//1402 1153//1403 1596//1400
f 1592//3252 1595//1402 1596//1400
f 1594//3250 1597//3253 1600//1177 1593//1176
f 1598//1399 1599//1175 1600//1177
f 1605//1182 1602//3254 1604//1179 1606//3255
f 1602//3254 1603//1180 1604//1179
f 1606//3255 1604//1179 1607//1178 1609//3256
f 1606//3255 1609//3256 1612//1183 1605//1182
f 1610//3257 1611//1181 1612//1183
f 1617//3258 1616//1187 1614//1186 1615//1185
f 1613//3259 2057//1184 1614//1186
f 1617//3258 1615//1185 1619//3260 1621//1190
f 1619//3260 1620//1191 1621//1190
f 1621//1190 1624//1188 1616//1187 1617//3258
f 1622//1636 1623//1189 1624//1188
f 1629//3261 1627//1193 1625//1192 1626//3262
f 1629//3261 1626//3262 1630//1196 1631//1195
f 1207//998 1209//1000 1630//1196
f 1629//3261 1631//1195 1633//3263 1627//1193
f 1633//3263 1628//1194 1627//1193
f 1638//3264 1636//1198 1634//1197 1635//3265
f 1638//3264 1635//3265 1639//3266 1641//1201
f 1639//3266 1640//1202 1641//1201
f 1638//3264 1641//1201 1643//1200 1636//1198
f 1643//1200 1637//1199 1636//1198
f 1647//3267 1646//3268 1644//3269 1645//3270
f 1647//3267 1645//3270 1648//3271 1651//1204
f 1648//3271 1650//1205 1651//1204
f 1647//3267 1651//1204 1653//1203 1646//3268
f 1658//3272 1657//1210 1654//1644 1656//1207
f 1654//1644 1655//1208 1656//1207
f 1658//3272 1656//1207 1659//1206 1660//3273
f 1658//3272 1660//3273 1661//1211 1657//1210
f 1212//1463 1211//1209 1661//1211
f 1665//3274 1664//3275 1662//1213 1663//1212
f 1218//1467 1217//1004 1662//1213
f 1665//3274 1663//1212 1666//1650 1668//1215
f 1666//1650 1667//1216 1668//1215
f 1665//3274 1668//1215 1670//1214 1664//3275
f 1675//3276 1674//1220 1671//3277 1673//1218
f 1671//3277 1672//1219 1673//1218
f 1675//3276 1673//1218 1676//1217 1677//3278
f 1675//3276 1677//3278 1678//1221 1674//1220
f 1214//1454 1216//1002 1678//1221
f 1683//3279 1682//3280 1679//3281 1681//1223
f 1679//3281 1680//1224 1681//1223
f 1683//3279 1681//1223 1684//1222 1687//1226
f 1684//1222 1686//1227 1687//1226
f 1683//3279 1687//1226 1689//1225 1682//3280
f 1694//3282 1693//3283 1690//3284 1692//1229
f 1690//3284 1691//1230 1692//1229
f 1694//3282 1692//1229 1695//1228 1697//3285
f 1694//3282 1697//3285 1698//3286 1693//3283
f 1703//3261 1701//1193 1699//1231 1700//3262
f 1703//3261 1700//3262 1704//1233 1705//1195
f 1268//1035 1270//1000 1704//1233
f 1703//3261 1705//1195 1707//3263 1701//1193
f 1707//3263 1702//1232 1701//1193
f 1712//3287 1710//1198 1708//1197 1709//3288
f 1712//3287 1709//3288 1713//3266 1715//1201
f 1713//3266 1714//1236 1715//1201
f 1712//3287 1715//1201 1717//1235 1710//1198
f 1717//1235 1711//1234 1710//1198
f 1721//3267 1720//3268 1718//3269 1719//3270
f 1721//3267 1719//3270 1722//3289 1725//1238
f 1722//3289 1724//1205 1725//1238
f 1721//3267 1725//1238 1727//1237 1720//3268
f 1732//3272 1731//1243 1728//1655 1730//1240
f 1728//1655 1729//1241 1730//1240
f 1732//3272 1730//1240 1733//1239 1734//3290
f 1732//3272 1734//3290 1735//1211 1731//1243
f 1273//1463 1272//1242 1735//1211
f 1739//3291 1738//3292 1736//1213 1737//1244
f 1279//1467 1278//1004 1736//1213
f 1739//3291 1737//1244 1740//1660 1742//1246
f 1740//1660 1741//1247 1742//1246
f 1739//3291 1742//1246 1744//1245 1738//3292
f 1749//3276 1748//1250 1745//3277 1747//1249
f 1745//3277 1746//1219 1747//1249
f 1749//3276 1747//1249 1750//1248 1751//3293
f 1749//3276 1751//3293 1752//1221 1748//1250
f 1275//1454 1277//1002 1752//1221
f 1757//3279 1756//3294 1753//3281 1755//1251
f 1753//3281 1754//1252 1755//1251
f 1757//3279 1755//1251 1758//1222 1761//1254
f 1758//1222 1760//1255 1761//1254
f 1757//3279 1761//1254 1763//1253 1756//3294
f 1768//3282 1767//3295 1764//3296 1766//1229
f 1764//3296 1765//1230 1766//1229
f 1768//3282 1766//1229 1769//1256 1771//3285
f 1768//3282 1771//3285 1772//3297 1767//3295
f 988//3298 987//3299 1309//1053 1773//1257
f 1033//3300 1775//3301 1317//1056 1034//3302
f 1312//1055 1774//3303 1773//1257
f 1030//3304 1776//1258 1775//3301 1033//3300
f 1776//1258 1774//3303 1312//1055 1775//3301
f 1312//1055 1317//1056 1775//3301
f 1030//3304 1029//3305 1318//1059 1776//1258
f 991//3306 1777//3307 1327//1062 992//3308
f 1321//1061 1774//3303 1776//1258
f 988//3298 1773//1257 1777//3307 991//3306
f 1773//1257 1774//3303 1321//1061 1777//3307
f 1321//1061 1327//1062 1777//3307
f 993//3309 992//3308 1327//1062 1778//1259
f 995//3310 993//3309 1778//1259 1779//1260
f 1780//3311 1781//3312 1323//3152 1324//3313
f 1782//1261 1779//1260 1325//1064 1781//3312
f 1781//3312 1780//3311 1782//1261
f 1325//1064 1323//3152 1781//3312
f 1785//3314 1336//3315 1337//1068 1784//1262
f 996//867 995//3310 1779//1260
f 1783//892 996//867 1779//1260
f 1017//3316 1787//3317 1333//1065 1018//3318
f 1334//1070 1786//3319 1784//1262
f 1014//3320 1788//1263 1787//3317 1017//3316
f 1788//1263 1786//3319 1334//1070 1787//3317
f 1334//1070 1333//1065 1787//3317
f 1014//3320 1013//3321 1345//1074 1788//1263
f 1789//3322 1790//3323 1339//1071 1338//1541
f 1340//1076 1786//3319 1788//1263
f 1785//3314 1784//1262 1790//3323 1789//3322
f 1784//1262 1786//3319 1340//1076 1790//3323
f 1340//1076 1339//1071 1790//3323
f 994//864 1338//1541 1339//1071 1791//1264
f 1793//3324 994//864 1791//1264 1792//1265
f 1794//3325 1795//3326 1348//3158 1347//3327
f 1796//1266 1792//1265 1343//1073 1795//3326
f 1795//3326 1794//3325 1796//1266
f 1343//1073 1348//3158 1795//3326
f 998//3328 997//3329 1355//1077 1799//1267
f 1798//1544 1793//3324 1792//1265
f 2261//1534 1798//1544 1797//879
f 1797//879 1798//1544 1792//1265
f 1000//3330 998//3328 1799//1267 1800//1268
f 1801//3331 1802//3332 1350//3161 1349//3333
f 1803//1270 1800//1268 1351//1079 1802//3332
f 1802//3332 1801//3331 1803//1270
f 1351//1079 1350//3161 1802//3332
f 1806//3334 1368//3335 1367//1086 1805//1271
f 1002//873 1000//3330 1800//1268
f 1804//1269 1002//873 1800//1268
f 1808//3336 1809//3337 1361//1083 1360//3338
f 1362//1088 1807//3339 1805//1271
f 1810//3340 1811//1272 1809//3337 1808//3336
f 1811//1272 1807//3339 1362//1088 1809//3337
f 1362//1088 1361//1083 1809//3337
f 1810//3340 1382//3341 1383//1092 1811//1272
f 1812//3342 1813//3343 1378//1089 1379//3344
f 1380//1094 1807//3339 1811//1272
f 1806//3334 1805//1271 1813//3343 1812//3342
f 1805//1271 1807//3339 1380//1094 1813//3343
f 1380//1094 1378//1089 1813//3343
f 1815//3345 1379//3344 1378//1089 1814//1273
f 1817//3346 1815//3345 1814//1273 1816//1274
f 1818//3347 1819//3348 1373//3166 1372//3349
f 1820//1276 1816//1274 1374//1091 1819//3348
f 1819//3348 1818//3347 1820//1276
f 1374//1091 1373//3166 1819//3348
f 1001//3350 1005//3351 1391//1098 1823//1277
f 1822//1548 1817//3346 1816//1274
f 2266//874 1822//1548 1821//1275
f 1821//1275 1822//1548 1816//1274
f 1825//3352 1826//3353 1385//1095 1384//3354
f 1386//1100 1824//3355 1823//1277
f 1827//3356 1828//1278 1826//3353 1825//3352
f 1828//1278 1824//3355 1386//1100 1826//3353
f 1386//1100 1385//1095 1826//3353
f 1827//3356 1358//3357 1359//1080 1828//1278
f 999//3358 1829//3359 1355//1077 997//3329
f 1356//1082 1824//3355 1828//1278
f 1001//3350 1823//1277 1829//3359 999//3358
f 1823//1277 1824//3355 1356//1082 1829//3359
f 1356//1082 1355//1077 1829//3359
f 1831//1281 1347//3327 1348//3158 1830//1279
f 1830//1279 1348//3158 1346//3157 1832//3360
f 1833//1280 1830//1279 1832//3360 1834//1283
f 1015//3361 1835//3362 1345//1074 1013//3321
f 1835//3362 1832//3360 1346//3157 1345//1074
f 1835//3362 1015//3361 1016//883
f 1016//883 1834//1283 1832//3360 1835//3362
f 1838//1286 1349//3333 1350//3161 1837//1284
f 2219//1512 1836//1282 1016//883
f 1836//1282 1833//1280 1834//1283
f 1837//1284 1350//3161 1353//3160 1839//3363
f 1840//1285 1837//1284 1839//3363 1841//3364
f 1842//3365 1843//3366 1359//1080 1358//3357
f 1843//3366 1839//3363 1353//3160 1359//1080
f 1843//3366 1842//3365 1844//1507
f 1844//1507 1841//3364 1839//3363 1843//3366
f 1019//1290 1018//3318 1333//1065 1847//1289
f 1845//1288 1846//1287 1844//1507
f 1846//1287 1841//3364 1844//1507
f 1846//1287 1840//1285 1841//3364
f 1020//888 1847//1289 1329//1067 1848//1291
f 1026//891 1848//1291 1329//1067 1024//889
f 1328//3155 1022//3367 1024//889
f 1329//1067 1328//3155 1024//889
f 1848//1291 1028//890 1021//886 1020//888
f 2246//1292 1021//886 1028//890
f 1850//1295 1324//3313 1323//3152 1849//1293
f 1849//1293 1323//3152 1319//3151 1851//3368
f 1852//1294 1849//1293 1851//3368 1853//1297
f 1031//3369 1854//3370 1318//1059 1029//3305
f 1854//3370 1851//3368 1319//3151 1318//1059
f 1854//3370 1031//3369 1032//896
f 1032//896 1853//1297 1851//3368 1854//3370
f 1038//3101 1037//3371 1395//3170 1856//3372
f 2221//895 1855//1296 1032//896
f 1855//1296 1852//1294 1853//1297
f 1856//3372 1395//3170 1397//3169 1860//1300
f 1038//3101 1856//3372 1860//1300 1857//1301
f 1858//1298 1860//1300 1397//3169 1402//3174
f 1402//3174 1401//3373 1858//1298
f 1857//1301 1085//928 1040//1696 1038//3101
f 1862//3374 1410//3375 1411//1106 1861//1302
f 1863//3376 1861//1302 1408//1108 1864//3377
f 1861//1302 1863//3376 1862//3374
f 1075//3378 1865//3379 1407//3177 1076//3380
f 1072//3381 1866//3382 1865//3379 1075//3378
f 1866//3382 1864//3377 1408//1108 1865//3379
f 1408//1108 1407//3177 1865//3379
f 1072//3381 1071//3383 1412//1109 1867//1303
f 1866//3382 1867//1303 1415//1111 1864//3377
f 1867//1303 1866//3382 1072//3381
f 1868//3384 1869//3385 1421//3181 1420//3386
f 1862//3374 1863//3376 1869//3385 1868//3384
f 1863//3376 1864//3377 1415//1111 1869//3385
f 1415//1111 1421//3181 1869//3385
f 1871//1306 1420//3386 1421//3181 1870//1304
f 1872//1305 1870//1304 1421//3181 1419//3180
f 1873//1702 1872//1305 1419//3180 1417//1330
f 1417//1330 1418//1332 1873//1702
f 1871//1306 1872//1305 1070//917 1875//903
f 1872//1305 1873//1702 1874//1307
f 1069//918 1875//903 1070//917
f 1041//902 1044//904 1422//3182 1876//3387
f 1877//1308 1876//3387 1422//3182 1424//1112
f 1058//913 1878//3388 1877//1308 1060//911
f 1876//3387 1877//1308 1878//3388
f 1058//913 1056//1103 1396//3171 1878//3388
f 1039//3099 1879//3389 1395//3170 1037//3371
f 1041//902 1876//3387 1879//3389 1039//3099
f 1878//3388 1396//3171 1395//3170 1879//3389
f 1046//906 1045//905 1433//3190 1880//3390
f 1879//3389 1876//3387 1878//3388
f 1881//3391 1880//3390 1433//3190 1884//1115
f 1885//1559 1882//3392 1881//3391 1884//1115
f 1880//3390 1881//3391 1882//3392
f 1884//1115 1883//1114 1885//1559
f 1885//1559 1886//1119 1443//3196 1882//3392
f 1049//3102 1887//3393 1442//3197 1050//3394
f 1046//906 1880//3390 1887//3393 1049//3102
f 1882//3392 1443//3196 1442//3197 1887//3393
f 1051//1310 1050//3394 1442//3197 1888//1309
f 1887//3393 1880//3390 1882//3392
f 1888//1309 1442//3197 1439//3195 1892//1313
f 1052//910 1888//1309 1892//1313 1889//1315
f 1890//1311 1892//1313 1439//3195 1438//3194
f 1438//3194 1437//3395 1890//1311
f 1895//3396 1453//1716 1452//1120 1894//1316
f 1893//1314 1054//908 1889//1315
f 1054//908 1052//910 1889//1315
f 1896//3397 1894//1316 1448//1122 1897//3398
f 1894//1316 1896//3397 1895//3396
f 1898//3399 1899//3400 1447//3198 1446//3401
f 1900//3402 1901//3403 1899//3400 1898//3399
f 1901//3403 1897//3398 1448//1122 1899//3400
f 1448//1122 1447//3198 1899//3400
f 1900//3402 1467//1593 1469//1130 1902//1317
f 1901//3403 1902//1317 1465//1133 1897//3398
f 1902//1317 1901//3403 1900//3402
f 1903//3404 1904//3405 1464//3204 1463//3406
f 1895//3396 1896//3397 1904//3405 1903//3404
f 1896//3397 1897//3398 1465//1133 1904//3405
f 1465//1133 1464//3204 1904//3405
f 1906//3407 1463//3406 1464//3204 1905//3408
f 1907//1318 1905//3408 1464//3204 1460//1127
f 1905//3408 1907//1318 1910//1319 1911//1722
f 1907//1318 1908//1126 1909//1320
f 1911//1722 1906//3407 1905//3408
f 2293//1574 1911//1722 1910//1319
f 1062//1321 1428//1113 1427//3186 1912//1324
f 1912//1324 1427//3186 1426//3185 1066//914
f 1062//1321 1912//1324 1063//1323
f 1426//3185 1064//3409 1066//914
f 2332//915 1913//1561 2336//1558 1914//912
f 1066//914 1068//916 1912//1324
f 2332//915 1912//1324 1068//916
f 1915//1325 1430//1116 1431//3188 1916//1329
f 2332//915 1914//912 1912//1324
f 1916//1329 1431//3188 1436//3191 1918//1571
f 1915//1325 1916//1329 1917//1328
f 1436//3191 1435//3410 1918//1571
f 1922//1331 1417//1330 1413//3178 1923//1333
f 1918//1571 1919//1573 1916//1329
f 1920//1572 1916//1329 1919//1573
f 2342//1601 1921//1327 1920//1572
f 1920//1572 1921//1327 1916//1329
f 1073//3411 1926//3412 1412//1109 1071//3383
f 1922//1331 1924//1334 1925//1703
f 1923//1333 1413//3178 1412//1109 1926//3412
f 1926//3412 1073//3411 1074//921
f 1924//1334 1923//1333 1926//3412 1074//921
f 1924//1334 1928//1335 1929//1336 1925//1703
f 1928//1335 1924//1334 1074//921
f 1077//1341 1076//3380 1407//3177 1930//3413
f 1931//1339 1930//3413 1407//3177 1404//1104
f 1933//1338 1932//1342 1931//1339 1081//925
f 1930//3413 1932//1342 1077//1341
f 1930//3413 1931//1339 1932//1342
f 1932//1342 1933//1338 1087//1340 2337//920
f 1089//3113 1088//3414 1470//3206 1934//3415
f 1934//3415 1470//3206 1472//3205 1938//1345
f 1089//3113 1934//3415 1938//1345 1935//1346
f 1936//1343 1938//1345 1472//3205 1477//3210
f 1477//3210 1476//3373 1936//1343
f 1935//1346 1136//949 1092//1704 1089//3113
f 1940//3374 1485//3416 1486//1138 1939//1302
f 1941//3376 1939//1302 1483//1140 1942//3377
f 1939//1302 1941//3376 1940//3374
f 1127//3378 1943//3379 1482//3213 1128//3380
f 1124//3381 1944//3417 1943//3379 1127//3378
f 1944//3417 1942//3377 1483//1140 1943//3379
f 1483//1140 1482//3213 1943//3379
f 1124//3381 1123//3418 1487//1141 1945//1303
f 1944//3417 1945//1303 1490//1111 1942//3377
f 1945//1303 1944//3417 1124//3381
f 1946//3384 1947//3385 1496//1347 1495//1349
f 1940//3374 1941//3376 1947//3385 1946//3384
f 1941//3376 1942//3377 1490//1111 1947//3385
f 1490//1111 1496//1347 1947//3385
f 1949//1350 1948//1348 1496//1347 1494//3214
f 1951//1706 1949//1350 1494//3214 1492//1330
f 1492//1330 1493//1332 1951//1706
f 1090//930 1095//904 1497//3215 1953//3419
f 1949//1350 1951//1706 1952//1352
f 1121//944 1950//1351 1122//943
f 1954//1308 1953//3419 1497//3215 1499//1112
f 1109//938 1955//3388 1954//1308 1111//937
f 1953//3419 1954//1308 1955//3388
f 1109//938 1107//1135 1471//3207 1955//3388
f 1091//3099 1956//3420 1470//3206 1088//3414
f 1090//930 1953//3419 1956//3420 1091//3099
f 1955//3388 1471//3207 1470//3206 1956//3420
f 1098//906 1096//905 1508//3221 1957//3390
f 1956//3420 1953//3419 1955//3388
f 1958//3421 1957//3390 1508//3221 1961//1143
f 1962//1559 1959//3392 1958//3421 1961//1143
f 1957//3390 1958//3421 1959//3392
f 1961//1143 1960//1114 1962//1559
f 1962//1559 1963//1119 1518//3226 1959//3392
f 1100//3114 1964//3393 1517//3227 1101//3422
f 1098//906 1957//3390 1964//3393 1100//3114
f 1959//3392 1518//3226 1517//3227 1964//3393
f 1102//1354 1101//3422 1517//3227 1965//1353
f 1964//3393 1957//3390 1959//3392
f 1965//1353 1517//3227 1514//3225 1969//1357
f 1103//910 1965//1353 1969//1357 1966//1359
f 1967//1355 1969//1357 1514//3225 1513//3224
f 1513//3224 1512//3395 1967//1355
f 1972//3396 1528//1716 1527//1120 1971//1316
f 1970//1358 1105//932 1966//1359
f 1105//932 1103//910 1966//1359
f 1973//3397 1971//1316 1523//1122 1974//3398
f 1971//1316 1973//3397 1972//3396
f 1975//3399 1976//3400 1522//3228 1521//3423
f 1977//3402 1978//3403 1976//3400 1975//3399
f 1978//3403 1974//3398 1523//1122 1976//3400
f 1523//1122 1522//3228 1976//3400
f 1977//3402 1542//1600 1544//1152 1979//1360
f 1978//3403 1979//1360 1540//1133 1974//3398
f 1979//1360 1978//3403 1977//3402
f 1980//3424 1981//3405 1539//3231 1538//3425
f 1972//3396 1973//3397 1981//3405 1980//3424
f 1973//3397 1974//3398 1540//1133 1981//3405
f 1540//1133 1539//3231 1981//3405
f 1983//3426 1538//3425 1539//3231 1982//3427
f 1984//1361 1982//3427 1539//3231 1535//1150
f 1982//3427 1984//1361 1987//1319 1988//1734
f 1984//1361 1985//1149 1986//1362
f 1988//1734 1983//3426 1982//3427
f 2306//1574 1988//1734 1987//1319
f 1113//1363 1503//1142 1502//3186 1989//1365
f 1989//1365 1502//3186 1501//3217 1118//914
f 1113//1363 1989//1365 1114//939
f 1501//3217 1116//3428 1118//914
f 1990//1325 1505//1144 1506//3219 1991//1329
f 1118//914 1120//942 1989//1365
f 2333//941 1989//1365 1120//942
f 2333//941 1115//940 1989//1365
f 1991//1329 1506//3219 1511//3222 1993//1582
f 1990//1325 1991//1329 1992//1367
f 1511//3222 1510//3410 1993//1582
f 1996//1368 1492//1330 1488//3178 1997//1369
f 1993//1582 1994//1584 1991//1329
f 1995//1583 1991//1329 1994//1584
f 1995//1583 2322//1366 1991//1329
f 1125//3429 2000//3412 1487//1141 1123//3418
f 1996//1368 1998//1370 1999//1707
f 1997//1369 1488//3178 1487//1141 2000//3412
f 2000//3412 1125//3429 1126//1374
f 1998//1370 1997//1369 2000//3412 1126//1374
f 1998//1370 2001//1372 2002//1376 1999//1707
f 2323//1373 2001//1372 2334//1375
f 2001//1372 1998//1370 1126//1374
f 1129//1380 1128//3380 1482//3213 2003//3430
f 2004//1378 2003//3430 1482//3213 1479//1136
f 2006//1377 2005//1381 2004//1378 1132//925
f 2003//3430 2005//1381 1129//1380
f 2003//3430 2004//1378 2005//1381
f 2005//1381 2006//1377 1138//1379 2007//945
f 2008//1382 1545//1395 1547//1158 2012//1386
f 1545//1395 2008//1382 1139//1384
f 1141//1383 2008//1382 2012//1386 2009//1387
f 2014//3431 1561//1748 1562//1162 2013//1388
f 2469//983 1142//954 2009//1387
f 1142//954 1141//1383 2009//1387
f 2015//3432 2013//1388 1559//1164 2016//3433
f 2013//1388 2015//3432 2014//3431
f 1175//3434 2017//3435 1558//3237 1176//3436
f 1172//3437 2018//3438 2017//3435 1175//3434
f 2018//3438 2016//3433 1559//1164 2017//3435
f 1559//1164 1558//3237 2017//3435
f 1172//3437 1171//3439 1563//1165 2019//1389
f 2018//3438 2019//1389 1566//1167 2016//3433
f 2019//1389 2018//3438 1172//3437
f 2020//3440 2021//3441 1572//3241 1571//3442
f 2014//3431 2015//3432 2021//3441 2020//3440
f 2015//3432 2016//3433 1566//1167 2021//3441
f 1566//1167 1572//3241 2021//3441
f 2023//3443 1571//3442 1572//3241 2022//3444
f 2024//1391 2022//3444 1572//3241 1570//3240
f 2025//1744 2024//1391 1570//3240 1568//1430
f 1568//1430 1569//1432 2025//1744
f 2022//3444 2024//1391 1170//1390 2027//3445
f 2024//1391 2025//1744 2026//1392
f 2027//3445 2023//3443 2022//3444
f 2030//3446 2029//1396 1574//1169 2028//3447
f 1574//1169 2031//1170 2028//3447
f 1574//1169 2029//1396 1144//951
f 1158//1393 2030//3446 2028//3447 2031//1170
f 2031//1170 1160//970 1158//1393
f 1158//1393 1549//1156 1546//3232 2030//3446
f 2030//3446 1546//3232 1545//1395 2029//1396
f 1545//1395 1139//1384 1140//952
f 2029//1396 1140//952 1144//951
f 2034//3448 2033//1401 1585//1397 2032//3449
f 1585//1397 2036//1173 2032//3449
f 1585//1397 2033//1401 1149//959
f 2037//1398 2034//3448 2032//3449 2036//1173
f 2036//1173 2035//1172 2037//1398
f 2037//1398 1600//1177 1597//3253 2034//3448
f 2034//3448 1597//3253 1596//1400 2033//1401
f 1596//1400 1153//1403 1152//963
f 2033//1401 1152//963 1149//959
f 1154//966 1595//1402 2041//1406 2038//1408
f 1592//3252 2041//1406 1595//1402
f 2039//1404 2041//1406 1592//3252 1591//3251
f 1591//3251 1590//3450 2039//1404
f 2044//3451 1608//1754 1607//1178 2043//1409
f 2042//1407 1155//965 1156//964
f 2042//1407 1156//964 2038//1408
f 1156//964 1154//966 2038//1408
f 2045//3452 2043//1409 1603//1180 2046//3453
f 2043//1409 2045//3452 2044//3451
f 2047//3454 2048//3455 1602//3254 1601//3456
f 2049//3457 2050//3458 2048//3455 2047//3454
f 2050//3458 2046//3453 1603//1180 2048//3455
f 1603//1180 1602//3254 2048//3455
f 2049//3457 1622//1636 1624//1188 2051//1410
f 2050//3458 2051//1410 1620//1191 2046//3453
f 2051//1410 2050//3458 2049//3457
f 2052//3459 2053//3460 1619//3260 1618//3461
f 2044//3451 2045//3452 2053//3460 2052//3459
f 2045//3452 2046//3453 1620//1191 2053//3460
f 1620//1191 1619//3260 2053//3460
f 2055//3462 1618//3461 1619//3260 2054//3463
f 2056//1411 2054//3463 1619//3260 1615//1185
f 2054//3463 2056//1411 2059//1412 2060//1414
f 2056//1411 2057//1184 2058//1413
f 2060//1414 2055//3462 2054//3463
f 1162//1416 1580//1171 1579//1422 2061//1421
f 2063//1425 1582//1174 1583//3246 2064//1429
f 1162//1416 2061//1421 1163//972
f 1578//1420 1168//1419 2061//1421
f 2349//1423 2061//1421 1168//1419
f 2349//1423 2350//973 2061//1421
f 2064//1429 1583//3246 1589//3249 2066//1626
f 2063//1425 2064//1429 2065//1428
f 1589//3249 1588//3464 2066//1626
f 2069//1431 1568//1430 1564//3238 2070//1433
f 2066//1626 2067//1628 2064//1429
f 2068//1627 2064//1429 2067//1628
f 2068//1627 2355//1427 2064//1429
f 1173//3465 2073//3466 1563//1165 1171//3439
f 2069//1431 2071//1434 2072//1745
f 2070//1433 1564//3238 1563//1165 2073//3466
f 2073//3466 1173//3465 1174//976
f 2071//1434 2070//1433 2073//3466 1174//976
f 1174//976 1179//975 2074//1614 2071//1434
f 1177//981 1176//3436 1558//3237 2075//3467
f 2074//1614 2072//1745 2071//1434
f 2076//1436 2075//3467 1558//3237 1555//1160
f 2078//1435 2077//1439 2076//1436 1182//982
f 2075//3467 2077//1439 1177//981
f 2075//3467 2076//1436 2077//1439
f 2077//1439 2078//1435 1187//1438 1178//980
f 1189//1442 1188//3468 1625//1192 2079//1440
f 1191//1441 2079//1440 1628//1194 2080//1443
f 2081//3469 2082//3470 1633//3263 1632//3471
f 2083//1444 2080//1443 1628//1194 2082//3470
f 2082//3470 2081//3469 2083//1444
f 1628//1194 1633//3263 2082//3470
f 2080//1443 2389//1022 1193//3128 1191//1441
f 2421//986 1193//3128 2389//1022
f 2085//3472 1642//3473 1643//1200 2084//1445
f 2086//3474 2084//1445 1640//1202 2087//3475
f 2084//1445 2086//3474 2085//3472
f 2088//1446 2087//3475 1640//1202 1232//1017
f 1639//3266 1233//1016 1232//1017
f 1640//1202 1639//3266 1232//1017
f 1229//1018 1228//3476 1644//3269 2088//1446
f 2088//1446 1644//3269 1646//3268 2087//3475
f 2089//3477 2090//3478 1653//1203 1652//3479
f 2085//3472 2086//3474 2090//3478 2089//3477
f 2090//3478 2087//3475 1646//3268 1653//1203
f 2092//1449 1652//3479 1653//1203 2091//1447
f 2087//3475 2090//3478 2086//3474
f 2093//1448 2091//1447 1650//1205 2094//1450
f 2095//3480 2096//3481 1648//3271 1649//3482
f 2097//1451 2094//1450 1650//1205 2096//3481
f 2096//3481 2095//3480 2097//1451
f 1650//1205 1648//3271 2096//3481
f 2094//1450 2098//1009 2099//3483 2093//1448
f 2390//989 2099//3483 2098//1009
f 1192//3484 1196//3485 1654//1644 2100//3486
f 2101//1452 2100//3486 1654//1644 1657//1210
f 1208//999 2102//3487 2101//1452 1211//1209
f 2100//3486 2101//1452 2102//3487
f 1208//999 1630//1196 1626//3262 2102//3487
f 1190//3488 2103//3489 1625//1192 1188//3468
f 1192//3484 2100//3486 2103//3489 1190//3488
f 2102//3487 1626//3262 1625//1192 2103//3489
f 1198//3490 1197//3491 1666//1650 2104//3492
f 2103//3489 2100//3486 2102//3487
f 2105//1453 2104//3492 1666//1650 1663//1212
f 1215//1005 2106//3493 2105//1453 1217//1004
f 2104//3492 2105//1453 2106//3493
f 1215//1005 1678//1221 1677//3278 2106//3493
f 1201//3494 2107//3495 1676//1217 1202//3496
f 1198//3490 2104//3492 2107//3495 1201//3494
f 2106//3493 1677//3278 1676//1217 2107//3495
f 1203//1456 1202//3496 1676//1217 2108//1455
f 2107//3495 2104//3492 2106//3493
f 1204//997 2108//1455 1672//1219 2109//1457
f 1226//3497 2110//3498 1671//3277 1227//3499
f 1225//1012 2109//1457 1672//1219 2110//3498
f 2110//3498 1226//3497 1225//1012
f 1672//1219 1671//3277 2110//3498
f 2109//1457 1224//1007 1205//996 1204//997
f 2394//995 1205//996 1224//1007
f 2112//3500 1685//3501 1684//1222 2111//1458
f 2113//3502 2111//1458 1680//1224 2114//3503
f 2111//1458 2113//3502 2112//3500
f 2115//1459 2114//3503 1680//1224 1238//1019
f 1679//3281 1239//3504 1238//1019
f 1680//1224 1679//3281 1238//1019
f 1236//1020 1235//3505 1698//3286 2115//1459
f 2115//1459 1698//3286 1697//3285 2114//3503
f 2116//3506 2117//3507 1695//1228 1696//3508
f 2112//3500 2113//3502 2117//3507 2116//3506
f 2117//3507 2114//3503 1697//3285 1695//1228
f 2119//1462 1696//3508 1695//1228 2118//1460
f 2114//3503 2117//3507 2113//3502
f 2120//1461 2118//1460 1691//1230 2121//3509
f 1246//3510 2122//3511 1690//3284 1247//3512
f 1245//1025 2121//3509 1691//1230 2122//3511
f 2122//3511 1246//3510 1245//1025
f 1691//1230 1690//3284 2122//3511
f 2121//3509 1245//1025 2123//1638 2124//992
f 1213//1003 1661//1211 1660//3273 2125//3513
f 2124//992 2120//1461 2121//3509
f 1222//3514 2127//3515 2126//1465 1219//1464
f 2125//3513 1660//3273 1659//1206 2126//1465
f 1222//3514 1227//3499 1671//3277 2127//3515
f 2126//1465 2127//3515 2125//3513
f 2128//1466 2127//3515 1671//3277 1674//1220
f 1213//1003 2125//3513 2128//1466 1216//1002
f 2127//3515 2128//1466 2125//3513
f 1210//1001 1662//1213 1664//3275 2129//3516
f 2131//3517 2132//3518 2130//1469 1669//1468
f 2129//3516 1664//3275 1670//1214 2130//1469
f 2131//3517 1632//3471 1633//3263 2132//3518
f 2130//1469 2132//3518 2129//3516
f 2133//1470 2132//3518 1633//3263 1631//1195
f 1210//1001 2129//3516 2133//1470 1209//1000
f 2132//3518 2133//1470 2129//3516
f 2135//3519 1649//3482 1648//3271 2134//3520
f 2134//3520 1648//3271 1645//3270 2136//3521
f 2137//3522 2134//3520 2136//3521 2138//3523
f 2134//3520 2137//3522 2135//3519
f 1230//1013 2136//3521 1645//3270 1644//3269
f 1644//3269 1228//3476 1230//1013
f 2139//1471 2138//3523 2136//3521 1230//1013
f 1231//1015 1239//3504 1679//3281 2139//1471
f 2139//1471 1679//3281 1682//3280 2138//3523
f 2140//3524 2141//3525 1689//1225 1688//3526
f 2135//3519 2137//3522 2141//3525 2140//3524
f 2141//3525 2138//3523 1682//3280 1689//1225
f 1234//1014 1233//1016 1639//3266 2142//1475
f 2138//3523 2141//3525 2137//3522
f 2142//1475 1639//3266 1635//3265 2143//3527
f 1243//3528 2145//3529 2144//1473 1240//1472
f 2144//1473 2143//3527 1635//3265 1634//1197
f 1243//3528 1247//3512 1690//3284 2146//3530
f 2143//3527 2144//1473 2145//3529
f 2146//3530 1690//3284 1693//3283 2147//3531
f 2145//3529 2146//3530 2147//3531 2143//3527
f 2146//3530 2145//3529 1243//3528
f 1237//1474 2147//3531 1693//3283 1698//3286
f 1698//3286 1235//3505 1237//1474
f 2142//1475 2143//3527 2147//3531 1237//1474
f 1249//1442 1248//3532 1699//1231 2148//1476
f 1251//1477 2148//1476 1702//1232 2149//1479
f 2150//3533 2151//3470 1707//3263 1706//3534
f 2152//1444 2149//1479 1702//1232 2151//3470
f 2151//3470 2150//3533 2152//1444
f 1702//1232 1707//3263 2151//3470
f 2149//1479 2153//1478 1253//1480 1251//1477
f 2155//3535 1716//3473 1717//1235 2154//1481
f 2156//3536 2154//1481 1714//1236 2157//3537
f 2154//1481 2156//3536 2155//3535
f 2158//1446 2157//3537 1714//1236 1293//1044
f 1713//3266 1294//1016 1293//1044
f 1714//1236 1713//3266 1293//1044
f 1290//1018 1289//3476 1718//3269 2158//1446
f 2158//1446 1718//3269 1720//3268 2157//3537
f 2159//3477 2160//3538 1727//1237 1726//3479
f 2155//3535 2156//3536 2160//3538 2159//3477
f 2160//3538 2157//3537 1720//3268 1727//1237
f 2162//1449 1726//3479 1727//1237 2161//1447
f 2157//3537 2160//3538 2156//3536
f 2163//1482 2161//1447 1724//1205 2164//3539
f 2165//3480 2166//3481 1722//3289 1723//3482
f 2167//1679 2164//3539 1724//1205 2166//3481
f 2166//3481 2165//3480 2167//1679
f 1724//1205 1722//3289 2166//3481
f 2164//3539 2167//1679 2168//1038 2169//3140
f 1252//3540 1257//3541 1728//1655 2170//3542
f 2169//3140 2163//1482 2164//3539
f 2171//1483 2170//3542 1728//1655 1731//1243
f 1269//999 2172//3543 2171//1483 1272//1242
f 2170//3542 2171//1483 2172//3543
f 1269//999 1704//1233 1700//3262 2172//3543
f 1250//3488 2173//3489 1699//1231 1248//3532
f 1252//3540 2170//3542 2173//3489 1250//3488
f 2172//3543 1700//3262 1699//1231 2173//3489
f 1259//3544 1258//3545 1740//1660 2174//3546
f 2173//3489 2170//3542 2172//3543
f 2175//1484 2174//3546 1740//1660 1737//1244
f 1276//1036 2176//3547 2175//1484 1278//1004
f 2174//3546 2175//1484 2176//3547
f 1276//1036 1752//1221 1751//3293 2176//3547
f 1262//3494 2177//3495 1750//1248 1263//3496
f 1259//3544 2174//3546 2177//3495 1262//3494
f 2176//3547 1751//3293 1750//1248 2177//3495
f 1264//1456 1263//3496 1750//1248 2178//1485
f 2177//3495 2174//3546 2176//3547
f 1265//1033 2178//1485 1746//1219 2179//1486
f 1287//3497 2180//3498 1745//3277 1288//3499
f 1286//1042 2179//1486 1746//1219 2180//3498
f 2180//3498 1287//3497 1286//1042
f 1746//1219 1745//3277 2180//3498
f 2179//1486 1285//1040 1266//1034 1265//1033
f 2182//3548 1759//3549 1758//1222 2181//1487
f 2183//3550 2181//1487 1754//1252 2184//3551
f 2181//1487 2183//3550 2182//3548
f 2185//1488 2184//3551 1754//1252 1299//1045
f 1753//3281 1300//3504 1299//1045
f 1754//1252 1753//3281 1299//1045
f 1297//1046 1296//3505 1772//3297 2185//1488
f 2185//1488 1772//3297 1771//3285 2184//3551
f 2186//3506 2187//3552 1769//1256 1770//3508
f 2182//3548 2183//3550 2187//3552 2186//3506
f 2187//3552 2184//3551 1771//3285 1769//1256
f 2189//1491 1770//3508 1769//1256 2188//1489
f 2184//3551 2187//3552 2183//3550
f 2190//1490 2188//1489 1765//1230 2191//1492
f 1307//3510 2192//3511 1764//3296 1308//3553
f 1306//1052 2191//1492 1765//1230 2192//3511
f 2192//3511 1307//3510 1306//1052
f 1765//1230 1764//3296 2192//3511
f 2191//1492 2407//1049 2193//1493 2190//1490
f 1274//1003 1735//1211 1734//3290 2194//3554
f 1283//3514 2196//3515 2195//1465 1280//1464
f 2194//3554 1734//3290 1733//1239 2195//1465
f 1283//3514 1288//3499 1745//3277 2196//3515
f 2195//1465 2196//3515 2194//3554
f 2197//1466 2196//3515 1745//3277 1748//1250
f 1274//1003 2194//3554 2197//1466 1277//1002
f 2196//3515 2197//1466 2194//3554
f 1271//1001 1736//1213 1738//3292 2198//3516
f 2200//3517 2201//3518 2199//1469 1743//1494
f 2198//3516 1738//3292 1744//1245 2199//1469
f 2200//3517 1706//3534 1707//3263 2201//3518
f 2199//1469 2201//3518 2198//3516
f 2202//1470 2201//3518 1707//3263 1705//1195
f 1271//1001 2198//3516 2202//1470 1270//1000
f 2201//3518 2202//1470 2198//3516
f 2204//3519 1723//3482 1722//3289 2203//3520
f 2203//3520 1722//3289 1719//3270 2205//3555
f 2206//3522 2203//3520 2205//3555 2207//3523
f 2203//3520 2206//3522 2204//3519
f 1291//1013 2205//3555 1719//3270 1718//3269
f 1718//3269 1289//3476 1291//1013
f 2208//1495 2207//3523 2205//3555 1291//1013
f 1292//1015 1300//3504 1753//3281 2208//1495
f 2208//1495 1753//3281 1756//3294 2207//3523
f 2209//3524 2210//3525 1763//1253 1762//3526
f 2204//3519 2206//3522 2210//3525 2209//3524
f 2210//3525 2207//3523 1756//3294 1763//1253
f 1295//1014 1294//1016 1713//3266 2211//1475
f 2207//3523 2210//3525 2206//3522
f 2211//1475 1713//3266 1709//3288 2212//3527
f 1304//3528 2214//3556 2213//1473 1301//1472
f 2213//1473 2212//3527 1709//3288 1708//1197
f 1304//3528 1308//3553 1764//3296 2215//3530
f 2212//3527 2213//1473 2214//3556
f 2215//3530 1764//3296 1767//3295 2216//3557
f 2214//3556 2215//3530 2216//3557 2212//3527
f 2215//3530 2214//3556 1304//3528
f 1298//1474 2216//3557 1767//3295 1772//3297
f 1772//3297 1296//3505 1298//1474
f 2211//1475 2212//3527 2216//3557 1298//1474
f 2222//877 2224//1496 1370//824 2225//824
f 2219//1512 2222//877 1836//1282
f 2218//882 1808//1501 1360//3094 2229//800
f 2225//824 2226//1499 2222//877
f 1382//3341 1810//1502 2218//882
f 1028//890 2233//861 1393//1530 2234//1530
f 2229//800 2230//3558 2218//882
f 2231//1511 2219//1512 2218//882
f 2230//3558 2231//1511 2218//882
f 2221//895 1842//1508 1358//3559 1827//1510
f 2234//1530 2235//1506 1028//890
f 2221//895 1825//1509 1384//957 2237//3560
f 2240//1516 2222//877 2231//1511 2230//3558
f 2237//3560 2238//3561 2221//895
f 2238//3561 2239//1525 2221//895
f 1361//1083 2241//3562 2229//3563 1360//3338
f 1365//1085 2240//1516 2230//3558 2241//3562
f 2241//3562 1361//1083 1365//1085
f 2230//3558 2229//3563 2241//3562
f 1371//1515 1370//3564 2224//1514 2242//1513
f 1365//1085 2242//1513 2223//1497 2240//1516
f 2243//1521 1012//1517 2220//900 1036//899
f 1317//1056 2244//3565 1035//3566 1034//3302
f 1315//1058 2243//1521 1036//899 2244//3565
f 2244//3565 1317//1056 1315//1058
f 1036//899 1035//3566 2244//3565
f 1314//1520 1006//3567 1008//1519 2245//1518
f 1315//1058 2245//1518 1010//878 2243//1521
f 1376//3165 2250//1523 2249//3568 1373//3166
f 2246//1292 2247//1557 2248//1522
f 2249//3568 1372//3349 1373//3166
f 2250//1523 2248//1522 2247//1557 2249//3568
f 1383//1092 1382//3341 2218//882 2251//1524
f 2251//1524 2218//882 2228//1500 2248//1522
f 1376//3165 1383//1092 2251//1524 2250//1523
f 2248//1522 2228//1500 2217//887 2246//1292
f 2253//1529 2252//1504 2239//1525 2238//3561
f 2239//1525 2252//1504 1855//1296
f 1385//1095 2254//3569 2237//3570 1384//3354
f 1389//1097 2253//1529 2238//3561 2254//3569
f 2254//3569 1385//1095 1389//1097
f 2238//3561 2237//3570 2254//3569
f 1394//1528 1393//3571 2233//1527 2255//1526
f 1389//1097 2255//1526 2232//1503 2253//1529
f 1028//890 1780//1530 1324//1530 1850//3572
f 1314//1520 2258//3573 1007//3574 1006//3567
f 1850//3572 1852//1294 1028//890
f 1011//880 1009//3093 2257//1531
f 1310//3149 2259//1532 2258//3573 1314//1520
f 2259//1532 2257//1531 1009//3093 2258//3573
f 1009//3093 1007//3574 2258//3573
f 1309//1053 987//3299 989//3575 2260//1533
f 2260//1533 989//3575 990//1535 2257//1531
f 1310//3149 1309//1053 2260//1533 2259//1532
f 1394//1528 2263//3576 2234//3577 1393//3571
f 2261//1534 1797//879 1011//880
f 2257//1531 2261//1534 1011//880
f 2236//1505 2235//1506 2262//1536
f 1392//3168 2264//1537 2263//3576 1394//1528
f 2264//1537 2262//1536 2235//1506 2263//3576
f 2235//1506 2234//3577 2263//3576
f 1391//1098 1005//3351 1004//3578 2265//1538
f 2265//1538 1004//3578 1003//1539 2262//1536
f 1392//3168 1391//1098 2265//1538 2264//1537
f 2222//877 1801//824 1349//824 1838//94
f 2266//874 1821//1275 2236//1505
f 2262//1536 2266//874 2236//1505
f 994//864 2268//1540 1336//3579 1785//1543
f 1838//94 1840//1285 2222//877
f 2256//870 1812//1546 1379//106 1815//106
f 1793//3324 1798//1544 994//864
f 1368//3335 1806//1547 2256//870
f 2222//877 1794//824 1347//824 1831//3580
f 1815//106 1817//106 2256//870
f 1817//106 1822//1548 2256//870
f 1328//3155 2271//3581 1023//3582 1022//3367
f 1831//3580 1833//1280 2222//877
f 1027//893 1025//3098 2270//1549
f 1331//3154 2272//1550 2271//3581 1328//3155
f 2272//1550 2270//1549 1025//3098 2271//3581
f 1025//3098 1023//3582 2271//3581
f 1337//1068 1336//3315 2268//3583 2273//1551
f 2273//1551 2268//3583 2267//1552 2270//1549
f 1331//3154 1337//1068 2273//1551 2272//1550
f 1371//1515 2276//3584 2225//3585 1370//3564
f 2270//1549 2274//868 1027//893
f 2227//1498 2226//1499 2275//1553
f 1369//3163 2277//1554 2276//3584 1371//1515
f 2277//1554 2275//1553 2226//1499 2276//3584
f 2226//1499 2225//3585 2276//3584
f 1367//1086 1368//3335 2256//870 2278//1555
f 2278//1555 2256//870 2269//1545 2275//1553
f 1369//3163 1367//1086 2278//1555 2277//1554
f 1028//890 1818//1556 1372//3586 2249//3568
f 2275//1553 2279//872 2227//1498
f 2336//1558 2280//1589 1444//1117 1886//1119
f 2249//3568 2247//1557 1028//890
f 2336//1558 1883//1114 1429//1326 1915//1325
f 1886//1119 1885//1559 2336//1558
f 1921//1327 2336//1558 1915//1325 1917//1328
f 1913//1561 1456//1123 1455//3201 2283//3587
f 1929//1336 2281//1337 1913//1561
f 2286//1565 2288//1564 1467//3588 1900//1568
f 2283//3587 2284//1563 1913//1561
f 2286//1565 1898//1567 1446//1530 2289//1530
f 1920//1572 1918//1571 1435//3589 2291//3590
f 2289//1530 2290//1569 2286//1565
f 2321//1576 2294//1589 1519//1117 1963//1119
f 2291//3590 2292//1575 1920//1572
f 2321//1576 1960//1114 1504//1326 1990//1325
f 1963//1119 1962//1559 2321//1576
f 2298//1577 1531//1147 1530//3201 2296//3591
f 1990//1325 1992//1367 2321//1576
f 2002//1376 2338//1371 2298//1577
f 2348//1580 2301//1564 1542//3588 1977//1568
f 2296//3591 2297//1579 2298//1577
f 2348//1580 1975//1567 1521//1530 2302//1530
f 1995//1583 1993//1582 1510//3589 2304//3592
f 2302//1530 2303//1569 2348//1580
f 2303//1569 2323//1373 2348//1580
f 2308//1587 2309//1586 1438//3194 1440//3193
f 2304//3592 2305//1585 1995//1583
f 2307//1588 2308//1587 1913//1561
f 2309//1586 1437//3395 1438//3194
f 1440//3193 1445//1118 2280//1589 2308//1587
f 1447//3198 2311//3593 2289//3594 1446//3401
f 2308//1587 2336//1558 1913//1561
f 2290//1569 2310//3595 2347//1570
f 2312//3596 2311//3593 1447//3198 1450//1124
f 2311//3593 2310//3595 2290//1569 2289//3594
f 2312//3596 2313//1590 2282//1560 2310//3595
f 2311//3593 2312//3596 2310//3595
f 2313//1590 2312//3596 1450//1124
f 2310//3595 2282//1560 2281//1337 2347//1570
f 2281//1337 1927//924 2347//1570
f 1461//1129 2317//1594 2316//3597 1459//1128
f 1086//1591 2314//1736 2315//3598
f 2316//3597 1458//3203 1459//1128
f 2317//1594 2315//3598 2314//1736 2316//3597
f 2315//3598 2317//1594 1468//1131 2287//1566
f 1086//1591 2315//3598 2287//1566 2286//1565
f 2286//1565 2337//920 1086//1591
f 2319//1587 2320//1595 1513//3224 1515//3223
f 2318//1596 2319//1587 2298//1577
f 2320//1595 1512//3395 1513//3224
f 1515//3223 1520//1145 2294//1589 2319//1587
f 1522//3228 2325//3593 2302//3594 1521//3423
f 2319//1587 2321//1576 2298//1577
f 2303//1569 2324//3599 2323//1373
f 2326//3596 2325//3593 1522//3228 1525//1124
f 2325//3593 2324//3599 2303//1569 2302//3594
f 2326//3596 2327//1597 2295//1560 2324//3599
f 2325//3593 2326//3596 2324//3599
f 2327//1597 2326//3596 1525//1124
f 2324//3599 2295//1560 2338//1371 2323//1373
f 1536//1151 2331//1594 2330//3600 1534//1128
f 1137//1598 2328//1737 2329//3601
f 2330//3600 1533//3230 1534//1128
f 2331//1594 2329//3601 2328//1737 2330//3600
f 2329//3601 2331//1594 1543//1153 2300//1581
f 1137//1598 2329//3601 2300//1581 2348//1580
f 2348//1580 2007//945 1137//1598
f 2340//1603 2341//1602 1402//3174 1400//3173
f 1929//1336 1913//1561 2332//915
f 2339//1604 2340//1603 1080//926
f 2341//1602 1401//3373 1402//3174
f 1400//3173 1399//1102 1057//1605 2340//1603
f 1059//1606 2340//1603 1057//1605
f 2344//1603 2345//1607 1477//3210 1475//3209
f 2342//1601 1920//1572 1080//926
f 2340//1603 2342//1601 1080//926
f 2343//1608 2344//1603 2335//947
f 2345//1607 1476//3373 1477//3210
f 1475//3209 1474//1102 1108//934 2344//1603
f 1110//936 2344//1603 1108//934
f 2335//947 2346//935 2322//1366 1995//1583
f 2334//1375 2007//945 2348//1580 2323//1373
f 2344//1603 2346//935 2335//947
f 2336//1558 1921//1327 2342//1601
f 2337//920 2347//1570 1927//924
f 2322//1366 1115//940 2321//1576
f 2002//1376 2298//1577 2333//941
f 1164//968 2350//973 2373//1616 2355//1427
f 1115//940 2333//941 2298//1577
f 2352//1611 2353//1610 1553//1159 1551//1155
f 2074//111 2062//1424 2349//1423
f 2353//1610 1552//3234 1553//1159
f 1551//1155 1550//967 1159//969 2352//1611
f 2355//1427 1599//1175 1598//1399 2037//1617
f 2352//1611 1164//968 2351//1612
f 2351//1612 2355//1427 2068//1627
f 2355//1427 2035//1172 1581//1426 2063//1425
f 2062//1424 1611//1181 1610//3257 2359//3602
f 2063//1425 2065//1428 2355//1427
f 2354//979 2363//1622 1622//3603 2049//1625
f 2359//3602 2360//1621 2062//1424
f 2354//979 2047//1624 1601//1530 2364//1530
f 2068//1627 2066//1626 1588//3604 2366//3605
f 2364//1530 2365//1609 2354//979
f 2372//1630 2371//3606 1591//3251 1593//1176
f 2366//3605 2367//1629 2068//1627
f 2369//3607 2370//1631 2062//1424
f 2371//3606 1590//3450 1591//3251
f 2370//1631 2369//3607 2371//3606 2372//1630
f 2372//1630 1599//1175 2356//1615 2370//1631
f 1602//3254 2376//3608 2364//3609 1601//3456
f 2370//1631 2373//1616 2062//1424
f 2365//1613 2374//1633 2074//1614
f 2365//1613 2375//1634 2374//1633
f 2377//3610 2376//3608 1602//3254 1605//1182
f 2376//3608 2375//1634 2365//1613 2364//3609
f 2377//3610 2378//1632 2358//1619 2375//1634
f 2376//3608 2377//3610 2375//1634
f 2378//1632 2377//3610 1605//1182
f 1616//1187 2382//1637 2381//3611 1614//1186
f 2357//1618 2374//1633 2358//1619
f 1186//1437 2379//1759 2380//3612
f 2381//3611 1613//3259 1614//1186
f 2382//1637 2380//3612 2379//1759 2381//3611
f 2380//3612 2382//1637 1623//1189 2362//1623
f 1186//1437 2380//3612 2362//1623 2354//979
f 2123//1638 2081//1639 1632//3613 2131//1641
f 2407//1049 2150//1639 1706//3613 2200//1641
f 1669//1640 2383//3614 2123//1638
f 2383//3614 2384//3615 2123//1638
f 2384//3615 2385//1646 2123//1638
f 2391//1645 2390//989 1223//1010 1221//3133
f 1743//1640 2386//3614 2407//1049
f 2386//3614 2387//3616 2407//1049
f 2387//3616 2388//1657 2407//1049
f 1659//1206 2392//3617 1220//3618 1219//1464
f 1655//1208 2391//1645 1221//3133 2392//3617
f 2392//3617 1659//1206 1655//1208
f 1221//3133 1220//3618 2392//3617
f 1654//1644 1196//3485 1195//1643 2393//1642
f 1655//1208 2393//1642 1194//988 2391//1645
f 2395//1651 1206//1647 2385//1646 2384//3615
f 1670//1214 2396//3619 2383//3620 1669//1468
f 1667//1216 2395//1651 2384//3615 2396//3619
f 2396//3619 1670//1214 1667//1216
f 2384//3615 2383//3620 2396//3619
f 1666//1650 1197//3491 1199//1649 2397//1648
f 1667//1216 2397//1648 1200//993 2395//1651
f 2399//1656 1254//1028 1284//1652 1282//3144
f 1733//1239 2400//3621 1281//3622 1280//1464
f 1729//1241 2399//1656 1282//3144 2400//3621
f 2400//3621 1733//1239 1729//1241
f 1282//3144 1281//3622 2400//3621
f 1728//1655 1257//3541 1256//1654 2401//1653
f 1729//1241 2401//1653 1255//1027 2399//1656
f 2404//1661 1267//1030 2388//1657 2387//3616
f 2403//1032 1285//1040 2402//1041
f 1744//1245 2405//3623 2386//3624 1743//1494
f 1741//1247 2404//1661 2387//3616 2405//3623
f 2405//3623 1744//1245 1741//1247
f 2387//3616 2386//3624 2405//3623
f 1740//1660 1258//3545 1260//1659 2406//1658
f 1741//1247 2406//1658 1261//1031 2404//1661
f 2421//986 2409//1662 1642//3625 2085//1665
f 2123//1638 1206//1647 2124//992
f 2169//3140 2168//1038 1254//1028
f 2421//986 2089//1664 1652//957 2092//3626
f 2124//992 2411//1667 1685//3627 2112//1669
f 2092//3626 2093//1448 2421//986
f 2099//3483 2390//989 2421//986
f 2093//1448 2099//3483 2421//986
f 2124//992 2116//1668 1696//3094 2119//3628
f 1224//1007 2095//1670 1649//3629 2135//1672
f 2119//3628 2120//1461 2124//992
f 1224//1007 2140//1671 1688//111 2412//3630
f 2398//1026 2416//1662 1716//3625 2155//1674
f 2412//3630 2413//3631 1224//1007
f 2413//3631 2414//1687 1224//1007
f 2398//1026 2159//1664 1726//957 2162//3626
f 1267//1030 2418//1676 1759//3632 2182//1678
f 2162//3626 2163//1482 2398//1026
f 2163//1482 2169//3140 2398//1026
f 1267//1030 2186//1677 1770//3094 2189//3633
f 2402//1041 2165//1680 1723//3634 2204//1682
f 2189//3633 2190//1490 1267//1030
f 2190//1490 2193//1493 1267//1030
f 2402//1041 2209//1681 1762//111 2419//3635
f 2422//1686 2421//986 1244//1683 1242//3139
f 2419//3635 2420//3636 2402//1041
f 1634//1197 2423//3637 1241//3638 1240//1472
f 1637//1199 2422//1686 1242//3139 2423//3637
f 2423//3637 1634//1197 1637//1199
f 1242//3139 1241//3638 2423//3637
f 1643//1200 1642//3473 2409//1685 2424//1684
f 1637//1199 2424//1684 2408//1663 2422//1686
f 2425//1690 2394//995 2414//1687 2413//3631
f 1689//1225 2426//3639 2412//3640 1688//3526
f 1686//1227 2425//1690 2413//3631 2426//3639
f 2426//3639 1689//1225 1686//1227
f 2413//3631 2412//3640 2426//3639
f 1684//1222 1685//3501 2411//1689 2427//1688
f 1686//1227 2427//1688 2410//1666 2425//1690
f 2428//1693 2398//1026 1305//1691 1303//3145
f 1708//1197 2429//3641 1302//3638 1301//1472
f 1711//1234 2428//1693 1303//3145 2429//3641
f 2429//3641 1708//1197 1711//1234
f 1303//3145 1302//3638 2429//3641
f 1717//1235 1716//3473 2416//1685 2430//1692
f 1711//1234 2430//1692 2415//1673 2428//1693
f 1763//1253 2432//3639 2419//3640 1762//3526
f 2402//1041 2420//3636 2431//3642
f 1760//1255 2431//3642 2420//3636 2432//3639
f 2432//3639 1763//1253 1760//1255
f 2420//3636 2419//3640 2432//3639
f 1758//1222 1759//3549 2418//1689 2433//1694
f 1760//1255 2433//1694 2417//1675 2431//3642
f 2431//3642 2417//1675 2403//1032 2402//1041
f 1041//902 2434//1695 1410//1695 1862//1698
f 1041//902 1868//1697 1420//3643 1871//1306
f 1046//906 2435//1699 1453//3644 1895//1701
f 1871//1306 1875//903 1041//902
f 1046//906 1903//1700 1463//106 1906//106
f 2332//915 1873//1702 1418//3645 1922//1331
f 1906//106 1911//907 1046//906
f 1080//926 1858//1298 1401//3646 2341//1602
f 1922//1331 1925//1703 2332//915
f 1090//930 2436//1695 1485//1695 1940//1698
f 2341//1602 2339//1604 1080//926
f 1090//930 1946//1705 1495//3647 1948//1348
f 1098//906 2437//1699 1528//3644 1972//1701
f 1948//1348 1950//1351 1090//930
f 1098//906 1980//1700 1538//106 1983//106
f 2333//941 1951//1706 1493//3645 1996//1368
f 1983//106 1988//907 1098//906
f 2335//947 1936//1343 1476//3648 2345//1607
f 1996//1368 1999//1707 2333//941
f 1405//3176 2438//1710 1079//3111 1403//1105
f 2345//1607 2343//1608 2335//947
f 1084//929 1082//3112 2438//1710
f 1079//3111 1078//3110 1403//1105
f 1411//1106 1410//3375 2434//1708 2439//1709
f 1082//3112 1079//3111 2438//1710
f 2438//1710 1405//3176 1411//1106 2439//1709
f 1423//3183 2441//1712 1065//3106 1426//3185
f 1040//1696 1085//928 1084//929
f 2434//1708 1084//929 2439//1709
f 1069//918 1067//3108 2440//1711
f 1065//3106 1064//3409 1426//3185
f 2441//1712 2440//1711 1067//3108 1065//3106
f 1422//3182 1044//904 1043//3649 2442//1713
f 2442//1713 1043//3649 1042//1714 2440//1711
f 1423//3183 1422//3182 2442//1713 2441//1712
f 1454//3200 2443//1718 2283//3587 1457//1125
f 1042//1714 1069//918 2440//1711
f 2285//1562 2284//1563 2443//1718
f 2283//3587 1455//3201 1457//1125
f 2443//1718 1454//3200 1452//1120 2444//1717
f 2284//1563 2283//3587 2443//1718
f 2435//1715 2444//1717 1452//1120
f 1434//3189 2446//1720 2291//3590 1436//3191
f 1053//909 1054//908 2285//1562
f 1053//909 2285//1562 2444//1717
f 2293//1574 2292//1575 2445//1719
f 2291//3590 1435//3410 1436//3191
f 2446//1720 2445//1719 2292//1575 2291//3590
f 1433//3190 1045//905 1047//3650 2447//1721
f 2447//1721 1047//3650 1048//1723 2445//1719
f 1434//3189 1433//3190 2447//1721 2446//1720
f 1480//3212 2448//1725 1131//3111 1478//1137
f 1048//1723 2293//1574 2445//1719
f 1135//929 1133//3117 2448//1725
f 1131//3111 1130//3116 1478//1137
f 1486//1138 1485//3416 2436//1724 2449//1709
f 1133//3117 1131//3111 2448//1725
f 2448//1725 1480//3212 1486//1138 2449//1709
f 1498//3183 2451//1727 1117//3115 1501//3217
f 1092//1704 1136//949 1135//929
f 2436//1724 1135//929 2449//1709
f 1121//944 1119//3108 2450//1726
f 1117//3115 1116//3428 1501//3217
f 2451//1727 2450//1726 1119//3108 1117//3115
f 1497//3215 1095//904 1094//3651 2452//1728
f 2452//1728 1094//3651 1093//931 2450//1726
f 1498//3183 1497//3215 2452//1728 2451//1727
f 1529//3229 2453//1718 2296//3591 1532//1148
f 1093//931 1121//944 2450//1726
f 2299//1578 2297//1579 2453//1718
f 2296//3591 1530//3201 1532//1148
f 2453//1718 1529//3229 1527//1120 2454//1730
f 2297//1579 2296//3591 2453//1718
f 2437//1729 2454//1730 1527//1120
f 1509//3220 2456//1732 2304//3592 1511//3222
f 1104//933 1105//932 2299//1578
f 1105//932 1970//1358 2299//1578
f 1104//933 2299//1578 2454//1730
f 2306//1574 2305//1585 2455//1731
f 2304//3592 1510//3410 1511//3222
f 2456//1732 2455//1731 2305//1585 2304//3592
f 1508//3221 1096//905 1097//3652 2457//1733
f 2457//1733 1097//3652 1099//1735 2455//1731
f 1509//3220 1508//3221 2457//1733 2456//1732
f 1913//1561 1890//1311 1437//3653 2309//1586
f 1099//1735 2306//1574 2455//1731
f 1920//1572 1908//1126 1458//3203 2316//3597
f 2309//1586 2307//1588 1913//1561
f 2298//1577 1967//1355 1512//3653 2320//1595
f 2316//3597 2314//1736 1920//1572
f 1995//1583 1985//1149 1533//3230 2330//3600
f 2320//1595 2318//1596 2298//1577
f 1144//951 2458//1738 1561//3654 2014//1740
f 2330//3600 2328//1737 1995//1583
f 1144//951 2020//1739 1571//957 2023//957
f 1149//959 2459//1741 1608//3655 2044//1743
f 2023//957 2027//955 1144//951
f 1149//959 2052//1742 1618//3094 2055//3094
f 1170//1390 2025//1744 1569//3656 2069//1431
f 2055//3094 2060//1414 1149//959
f 2469//983 2010//1157 1552//3234 2353//1610
f 2069//1431 2072//1745 1170//1390
f 2349//1423 1170//1390 2074//111
f 1556//3236 2460//1750 1181//3124 1554//1161
f 1185//1746 1183//3126 2460//1750
f 1181//3124 1180//3123 1554//1161
f 2460//1750 1556//3236 1562//1162 2461//1749
f 1183//3126 1181//3124 2460//1750
f 2458//1747 2461//1749 1562//1162
f 1575//3242 2463//1752 1166//3118 1577//3244
f 1143//953 1142//954 1185//1746
f 1143//953 1185//1746 2461//1749
f 1169//3121 1167//3119 2462//1751
f 1166//3118 1165//1418 1577//3244
f 2463//1752 2462//1751 1167//3119 1166//3118
f 1573//1168 1147//956 1146//3657 2464//1753
f 2464//1753 1146//3657 1145//3658 2462//1751
f 1575//3242 1573//1168 2464//1753 2463//1752
f 1169//3121 1145//3658 2027//3445 1170//1390
f 1609//3256 2465//1755 2359//3602 1612//1183
f 1145//3658 1169//3121 2462//1751
f 2361//1620 2360//1621 2465//1755
f 2359//3602 1610//3257 1612//1183
f 2465//1755 1609//3256 1607//1178 2459//1741
f 2360//1621 2359//3602 2465//1755
f 1587//3247 2467//3659 2366//3605 1589//3249
f 2459//1741 1155//965 2465//1755
f 2368//1415 2367//1629 2466//1758
f 2366//3605 1588//3464 1589//3249
f 2467//3659 2466//1758 2367//1629 2366//3605
f 1586//3248 1148//958 1150//1757 2468//1756
f 1587//3247 1586//3248 2468//1756 2467//3659
f 2467//3659 2468//1756 1151//961 2466//1758
f 2062//1424 2039//1404 1590//3660 2371//3606
f 1151//961 2060//1414 2368//1415
f 2351//1612 2057//1184 1613//3259 2381//3611
f 2371//3606 2369//3607 2062//1424
f 2059//1412 2351//1612 2068//1627
f 2476//1761 2472//1760 2470//3661 2471//1764
f 2381//3611 2379//1759 2351//1612
f 2479//1766 2481//1896 2482//1867 2480//1767
f 2474//1763 2475//1842 2476//1761
f 2476//1761 2623//1885 2473//1762
f 2477//1765 2478//1852 2479//1766
f 2492//1769 2486//1874 2484//1847 2485//3662
f 2481//1896 2479//1766 2628//3663
f 2492//1769 2488//1768 2489//3664 2490//3141
f 2485//3662 2487//1770 2492//1769
f 2503//1772 2497//1771 2495//1789 2496//3560
f 2490//3141 2491//1882 2492//1769
f 2503//1772 2500//1774 2501//3665 2502//3666
f 2496//3560 2498//1775 2503//1772
f 2509//3667 2510//3668 2508//3669 2501//3670
f 2505//1928 2506//1927 2507//1778
f 2511//1779 2507//1778 2506//1927 2510//3668
f 2510//3668 2509//3667 2511//1779
f 2506//1927 2508//3669 2510//3668
f 2517//1783 2515//1781 2514//1780 2516//1848
f 2520//1875 2517//1783 2519//1845 2484//1847
f 2515//1781 2517//1783 2518//1785
f 2525//1790 2522//1787 2524//1793 2526//1792
f 2517//1783 2520//1875 2521//1784
f 2516//1848 2519//1845 2517//1783
f 2532//1797 2531//1796 2533//1802 2534//1799
f 2529//1795 2525//1790 2526//1792
f 2536//1801 2537//1803 2535//1800 2534//1799
f 2544//1810 2546//1812 2541//1808 2540//1807
f 2542//1811 2477//1765 2543//1809
f 2542//1811 2544//1810 2540//1807
f 2552//1818 2549//1815 2551//1821 2553//1820
f 2563//1825 2560//1822 2562//1828 2564//1827
f 2554//1854 2555//1856 2556//1819
f 2554//1854 2556//1819 2551//1821
f 2558//1906 2552//1818 2553//1820
f 2576//1833 2578//1835 2572//1831 2571//1830
f 2565//1865 2482//1867 2566//1826
f 2565//1865 2566//1826 2562//1828
f 2568//1923 2563//1825 2564//1827
f 2573//1834 2574//3671 2575//1832
f 2573//1834 2576//1833 2571//1830
f 2471//3672 2470//3673 2512//1777 2580//1838
f 2580//1838 2511//1779 2509//3667 2500//1774
f 2580//1838 2581//1841 2471//3672
f 2509//3667 2501//3670 2500//1774
f 2581//1841 2580//1838 2500//1774 2498//1775
f 2496//1840 2495//1789 2523//1788 2582//1839
f 2471//3672 2581//1841 2582//1839 2528//1794
f 2523//1788 2525//1790 2582//1839
f 2528//1794 2474//1763 2471//3672
f 2583//1843 2475//1842 2529//1795 2526//1792
f 2474//1763 2529//1795 2475//1842
f 2584//1886 2583//1843 2526//1792 2527//1791
f 2527//1791 2622//1883 2584//1886
f 2587//3674 2530//1798 2532//1797 2586//1844
f 2585//1884 2476//1761 2584//1886
f 2476//1761 2583//1843 2584//1886
f 2586//1844 2535//1800 2537//1803 2488//1768
f 2586//1844 2588//3675 2587//3674
f 2537//1803 2489//1805 2488//1768
f 2487//1770 2588//3675 2586//1844 2488//1768
f 2587//3674 2588//3675 2514//1780 2513//1782
f 2519//1845 2516//1848 2485//1846
f 2516//1848 2588//3675 2487//1770
f 2590//1850 2589//1849 2515//1781 2518//1785
f 2516//1848 2514//1780 2588//3675
f 2513//1782 2515//1781 2589//1849
f 2594//1853 2478//1852 2542//1811 2540//1807
f 2592//1786 2593//1898 2590//1850
f 2623//1885 2591//1851 2593//1898
f 2591//1851 2590//1850 2593//1898
f 2477//1765 2542//1811 2478//1852
f 2598//1857 2551//1821 2549//1815 2600//1910
f 2595//1806 2596//1892 2594//1853
f 2624//1891 2479//1766 2596//1892
f 2479//1766 2594//1853 2596//1892
f 2551//1821 2598//1857 2554//1854
f 2554//1854 2599//1858 2597//1855
f 2549//1815 2548//1817 2600//1910
f 2601//1860 2599//1858 2598//1857 2600//1910
f 2603//1861 2577//1837 2579//1836 2602//1859
f 2597//1855 2599//1858 2575//1832 2574//3671
f 2579//1836 2576//1833 2602//1859
f 2602//1859 2599//1858 2601//1860
f 2605//1863 2604//1862 2573//1834 2571//1830
f 2602//1859 2575//1832 2599//1858
f 2574//3671 2573//1834 2604//1862
f 2607//1913 2605//1863 2571//1830 2570//1829
f 2570//1829 2569//1912 2607//1913
f 2609//1868 2562//1828 2560//1822 2611//1914
f 2607//1913 2608//1899 2605//1863
f 2606//1864 2605//1863 2608//1899
f 2562//1828 2609//1868 2565//1865
f 2565//1865 2610//1869 2480//1866
f 2560//1822 2559//1824 2611//1914
f 2612//1871 2610//1869 2609//1868 2611//1914
f 2614//1872 2545//1814 2547//1813 2613//1870
f 2480//1866 2610//1869 2543//1809 2477//1765
f 2547//1813 2544//1810 2613//1870
f 2613//1870 2610//1869 2612//1871
f 2615//1873 2521//1784 2486//1874 2492//1769
f 2613//1870 2543//1809 2610//1869
f 2520//1875 2486//1874 2521//1784
f 2492//1769 2642//1911 2557//1905 2615//1873
f 2539//1908 2595//1806 2541//1808 2616//1877
f 2616//1877 2541//1808 2546//1812 2617//1876
f 2620//3676 2490//3677 2489//1805 2538//1804
f 2617//1876 2618//1878 2616//1877
f 2483//1909 2616//1877 2619//1879
f 2483//1909 2539//1908 2616//1877
f 2621//1881 2620//3676 2538//1804 2536//1801
f 2621//1881 2491//1882 2490//3677 2620//3676
f 2527//1791 2524//1793 2522//1787 2497//1771
f 2536//1801 2493//1888 2494//1880
f 2622//1883 2527//1791 2497//1771 2499//1773
f 2507//1778 2626//1889 2625//1897 2505//1928
f 2648//1887 2622//1883 2504//1776
f 2479//1766 2624//1891 2628//3663
f 2628//3663 2624//1891 2606//1864
f 2593//1898 2596//1892 2625//1897
f 2625//1897 2473//1762 2623//1885
f 2626//1889 2512//1777 2470//3673 2472//1760
f 2625//1897 2626//1889 2473//1762
f 2564//1827 2629//1894 2567//1893 2568//1923
f 2627//1895 2628//3663 2606//1864
f 2627//1895 2629//1894 2628//3663
f 2629//1894 2564//1827 2566//1826 2481//1896
f 2585//1884 2631//1900 2530//3678 2587//1902
f 2481//1896 2628//3663 2629//1894
f 2624//1891 2633//1903 2555//1856 2597//3679
f 2513//1782 2589//1849 2585//1884
f 2589//1849 2591//1851 2585//1884
f 2591//1851 2623//1885 2585//1884
f 2624//1891 2597//3679 2574//3671 2606//1864
f 2574//3671 2604//1862 2606//1864
f 2635//1907 2553//1820 2556//1819 2633//1903
f 2493//1888 2630//1901 2585//1884
f 2493//1888 2536//1801 2533//1802
f 2493//1888 2533//1802 2630//1901
f 2530//1798 2631//1900 2531//1796
f 2634//1890 2635//1907 2624//1891
f 2642//1911 2637//1920 2577//1837 2603//1677
f 2633//1903 2632//1904 2635//1907
f 2645//1919 2636//1918 2637//1920 2642//1911
f 2603//1677 2601//1860 2642//1911
f 2642//1911 2600//1910 2548//3680 2638//3681
f 2619//1879 2617//1876 2545//1814 2614//3682
f 2638//3681 2639//1915 2642//1911
f 2619//1879 2611//1914 2559//3683 2640//3684
f 2614//3682 2612//1871 2619//1879
f 2644//1917 2638//3681 2548//1817 2550//1816
f 2640//3684 2641//1924 2619//1879
f 2642//1911 2643//1916 2557//1905
f 2643//1916 2644//1917 2550//1816 2552//1818
f 2570//1829 2572//1831 2578//1835 2637//1920
f 2638//3681 2644//1917 2639//1915
f 2557//1905 2643//1916 2558//1906
f 2558//1906 2643//1916 2552//1818
f 2569//1912 2645//1919 2494//1880
f 2647//1922 2640//3685 2559//1824 2561//1823
f 2491//1882 2494//1880 2645//1919
f 2641//1924 2646//1921 2504//1776
f 2646//1921 2641//1924 2640//3685 2647//1922
f 2650//1926 2502//3666 2501//3670 2508//3669
f 2647//1922 2563//1825 2646//1921
f 2648//1887 2646//1921 2568//1923
f 2567//1893 2627//1895 2584//1886
f 2557//1905 2558//1906 2634//1890
f 2645//1919 2642//1911 2491//1882
f 2503//1772 2619//1879 2504//1776
f 2493//1888 2627//1895 2608//1899
f 2557//1905 2634//1890 2593//1898
f 2503//1772 2649//1925 2619//1879
f 2649//1925 2650//1926 2508//3669 2506//1927
f 2505//1928 2625//1897 2483//1909 2649//1925
f 2502//3666 2650//1926 2503//1772
f 2654//3686 2651//3687 2652//3688 2653//3689
f 2653//3689 2652//3688 2655//3690 2656//3691
f 2658//3692 2654//3686 2653//3689 2657//3693
f 2657//3693 2653//3689 2656//3691 2659//3694
f 2663//3695 2660//3696 2661//3697 2662//3698
f 2665//3699 2663//3695 2662//3698 2664//3700
f 2656//3691 2655//3690 2660//3696 2663//3695
f 2659//3694 2656//3691 2663//3695 2665//3699
f 2668//3701 2669//3702 2666//3703 2667//3704
f 2671//3705 2668//3701 2667//3704 2670//3706
f 2665//3699 2664//3700 2669//3702 2668//3701
f 2659//3694 2665//3699 2668//3701 2671//3705
f 2674//3707 2675//3708 2672//3709 2673//3710
f 2658//3692 2657//3693 2675//3708 2674//3707
f 2675//3708 2671//3705 2670//3706 2672//3709
f 2657//3693 2659//3694 2671//3705 2675//3708
f 2683//3711 2680//3712 2681//1932 2682//1934
f 2677//1930 2804//1990 2676//1992
f 2685//3713 2686//3714 2683//3711 2682//1934
f 2687//2000 2685//3713 2682//1934 2684//1933
f 2691//1937 2687//2000 2684//1933 2688//1935
f 2688//1935 2689//2241 2690//1936
f 2685//3713 2693//1999 2694//3715 2686//3714
f 2699//1944 2700//3716 2697//1941 2696//1940
f 2693//1999 2685//3713 2687//2000
f 2695//1939 2698//1945 2696//1940
f 2707//2187 2704//2123 2705//2227 2706//1947
f 2698//1945 2701//2183 2702//1942
f 2696//1940 2702//1942 2699//1944
f 2703//1943 2707//2187 2706//1947 2699//1944
f 2699//1944 2710//1946 2709//3717 2700//3716
f 2708//2028 2709//3717 2710//1946
f 2706//1947 2705//2227 2708//2028 2710//1946
f 2713//1950 2714//1951 2711//3718 2712//1948
f 2721//1955 2717//3719 2715//1949 2718//1953
f 2713//1950 2715//1949 2717//3719
f 2718//1953 2719//2146 2720//1954
f 2721//1955 2724//1958 2722//3720 2723//1956
f 2716//1952 2713//1950 2726//3721 2727//3722
f 2721//1955 2725//1957 2717//3719
f 2713//1950 2717//3719 2725//1957 2726//3721
f 2730//3723 2731//3724 2728//3725 2729//3726
f 2733//3727 2730//3723 2729//3726 2732//2281
f 2734//3728 2735//3729 2731//3724 2730//3723
f 2736//1960 2734//3728 2730//3723 2733//3727
f 2738//3730 2733//3727 2732//2281 2737//2135
f 2739//2246 2736//1960 2733//3727 2738//3730
f 2741//1961 2740//2080 2742//2081 2743//1959
f 2747//3731 2744//3732 2745//3733 2746//3734
f 2741//1961 2736//1960 2739//2246
f 2734//3728 2747//3731 2746//3734 2735//3729
f 2743//1959 2742//2081 2744//3732 2747//3731
f 2736//1960 2743//1959 2747//3731 2734//3728
f 2751//1964 2748//2045 2749//2107 2750//1962
f 2750//1962 2749//2107 2752//2109 2753//1967
f 2756//1966 2758//1968 2750//1962 2753//1967
f 2752//2109 2755//1965 2753//1967
f 2754//1963 2750//1962 2758//1968
f 2762//1974 3250//2189 2959//2190 2764//1975
f 2760//1970 2762//1974 2761//1971
f 2930//2069 2763//1973 2760//1970
f 2769//1978 2766//2054 2767//2213 2768//1976
f 2764//1975 2765//2050 2761//1971
f 2770//1981 2767//2213 3129//2191 2772//1979
f 2767//2213 2770//1981 2768//1976
f 2773//1980 2775//1982 2768//1976 2770//1981
f 2771//1977 2768//1976 2775//1982
f 2779//1988 2777//1984 2780//2254 2781//1989
f 2777//1984 2779//1988 2778//1985
f 2778//1985 2779//1988 2782//1987 2783//2156
f 2785//3735 2662//3698 2661//3697 2784//3736
f 2787//3737 2785//3735 2784//3736 2786//3738
f 2788//3739 2664//3700 2662//3698 2785//3735
f 2789//3740 2788//3739 2785//3735 2787//3737
f 2792//3741 2793//3742 2790//3743 2791//3744
f 2794//3745 2795//3746 2793//3742 2792//3741
f 2793//3742 2787//3737 2786//3738 2790//3743
f 2795//3746 2789//3740 2787//3737 2793//3742
f 2799//3747 2796//3748 2797//3749 2798//3750
f 2798//3750 2797//3749 2800//3751 2801//3752
f 2794//3745 2799//3747 2798//3750 2795//3746
f 2795//3746 2798//3750 2801//3752 2789//3740
f 2803//3753 2802//3754 2666//3703 2669//3702
f 2788//3739 2803//3753 2669//3702 2664//3700
f 2801//3752 2800//3751 2802//3754 2803//3753
f 2789//3740 2801//3752 2803//3753 2788//3739
f 2809//1994 2691//1937 2692//1938 2808//3755
f 2679//1929 2805//2164 2806//1991
f 2807//1993 2804//1990 2806//1991
f 2810//1996 2687//2000 2691//1937 2809//1994
f 2813//2303 2809//1994 2808//3755 2812//2196
f 2814//1998 2811//1995 2809//1994 2813//2303
f 2817//1997 2818//3756 2815//3757 2816//3758
f 2810//1996 2811//1995 2817//1997 2693//1999
f 2816//3758 2819//2001 2817//1997
f 2818//3756 2817//1997 2814//1998
f 2819//2001 2694//3715 2693//1999
f 2823//2324 2725//1957 2723//1956 2822//2003
f 2722//3720 2820//2002 2723//1956
f 2820//2002 2821//2257 2822//2003
f 2826//3759 2827//3760 2824//3761 2825//3762
f 2829//3763 2826//3759 2825//3762 2828//3764
f 2725//1957 2823//2324 2826//3759 2829//3763
f 2827//3760 2826//3759 2823//2324
f 2726//3721 2829//3763 2830//3765 2727//3722
f 2832//2004 2831//2299 2836//2034 2837//2007
f 2829//3763 2726//3721 2725//1957
f 2828//3764 2830//3765 2829//3763
f 2831//2299 2832//2004 2833//2006
f 2832//2004 2835//2008 2834//2005
f 2837//2007 2838//2308 2835//2008
f 2846//2015 2845//2319 2850//2037 2851//2018
f 2840//2009 2842//2012 2841//2010
f 2841//2010 2835//2008 2838//2308
f 2843//2014 2844//2013 2842//2012
f 2842//2012 2834//2005 2835//2008
f 2845//2319 2846//2015 2847//2017
f 2846//2015 2849//2019 2848//2016
f 2851//2018 2852//2327 2849//2019
f 2859//3766 2860//3767 2745//3733 2858//3768
f 2854//2020 2857//2023 2855//2021
f 2855//2021 2849//2019 2852//2327
f 2857//2023 2848//2016 2849//2019
f 2862//3769 2859//3766 2858//3768 2861//3770
f 2863//3771 2864//3772 2860//3767 2859//3766
f 2865//3773 2863//3771 2859//3766 2862//3769
f 2868//3774 2866//3775 2680//3712 2867//3776
f 2870//3777 2868//3774 2867//3776 2869//3778
f 2862//3769 2861//3770 2866//3775 2868//3774
f 2865//3773 2862//3769 2868//3774 2870//3777
f 2873//3779 2651//3687 2871//3780 2872//3781
f 2872//3781 2871//3780 2864//3772 2863//3771
f 2869//3778 2873//3779 2872//3781 2870//3777
f 2865//3773 2870//3777 2872//3781 2863//3771
f 2876//3782 2791//3744 2874//3783 2875//3784
f 2875//3784 2874//3783 2877//3785 2878//3786
f 2880//3787 2876//3782 2875//3784 2879//3788
f 2881//3789 2879//3788 2875//3784 2878//3786
f 2884//2027 2882//3790 2815//3757 2883//2025
f 2878//3786 2877//3785 2882//3790 2884//2027
f 2881//3789 2878//3786 2884//2027 2885//2026
f 2879//3788 2887//2218 2886//3791 2880//3787
f 2695//1939 2886//3791 2887//2218
f 2881//3789 2885//2026 2887//2218 2879//3788
f 2890//3792 2673//3710 2888//3793 2889//3794
f 2889//3794 2888//3793 2891//3795 2892//3796
f 2894//3797 2890//3792 2889//3794 2893//3798
f 2895//3799 2893//3798 2889//3794 2892//3796
f 2898//3800 2896//3801 2824//3761 2897//3802
f 2900//3803 2898//3800 2897//3802 2899//3804
f 2892//3796 2891//3795 2896//3801 2898//3800
f 2895//3799 2892//3796 2898//3800 2900//3803
f 2902//3805 2903//3806 2728//3725 2901//3807
f 2893//3798 2902//3805 2901//3807 2894//3797
f 2900//3803 2899//3804 2903//3806 2902//3805
f 2895//3799 2900//3803 2902//3805 2893//3798
f 2907//3808 2908//3809 2905//2030 2904//2029
f 2909//3810 2907//3808 2904//2029 2906//2225
f 2912//3811 2910//2224 2711//3718 2911//3812
f 2914//3813 2912//3811 2911//3812 2913//3814
f 2909//3810 2906//2225 2912//3811 2914//3813
f 2910//2224 2912//3811 2906//2225
f 2917//3815 2796//3748 2915//3816 2916//3817
f 2916//3817 2915//3816 2908//3809 2907//3808
f 2913//3814 2917//3815 2916//3817 2914//3813
f 2909//3810 2914//3813 2916//3817 2907//3808
f 2923//3818 2921//3819 2918//2330 2920//2032
f 2918//2330 2919//2033 2920//2032
f 2918//2330 2921//3819 2922//2331
f 2927//3820 2924//2031 2925//2280 2926//3821
f 2923//3818 2920//2032 2924//2031 2927//3820
f 2923//3818 2927//3820 2929//2276 2921//3819
f 2922//2331 2921//3819 2929//2276
f 2929//2276 2927//3820 2926//3821
f 2934//3822 2932//2067 2931//2086 2933//2088
f 2930//2069 2931//2086 2932//2067
f 2936//3823 2935//2070 2932//2067 2934//3822
f 2934//3822 2933//2088 2937//2036 2938//2035
f 2936//3823 2934//3822 2938//2035 2939//2073
f 2936//3823 2939//2073 2940//2071 2935//2070
f 2945//3824 2942//3825 2944//3826 2946//3827
f 2943//3828 2944//3826 2942//3825
f 2944//3826 2943//3828 2947//2039 2948//2038
f 2948//2038 2949//2062 2950//3829
f 2946//3827 2944//3826 2948//2038 2950//3829
f 2946//3827 2950//3829 2951//3830 2945//3824
f 2951//3830 2950//3829 2949//2062
f 2954//3831 2953//2065 2805//2164 2952//2165
f 2958//2041 2955//2162 2956//2093 2957//2042
f 2954//3831 2952//2165 2955//2162 2958//2041
f 2954//3831 2958//2041 2960//2040 2953//2065
f 2964//2269 2961//2271 2962//3832 2963//3833
f 2963//3833 2962//3832 2965//3834 2966//3835
f 2968//3836 2964//2269 2963//3833 2967//3837
f 2967//3837 2963//3833 2966//3835 2969//3838
f 2971//2111 2972//3839 2970//2157 2783//2156
f 2972//3839 2966//3835 2965//3834 2970//2157
f 2972//3839 2971//2111 2973//2044
f 2973//2044 2969//3838 2966//3835 2972//3839
f 2975//2043 2974//3840 2976//3841 2977//3842
f 2974//3840 2975//2043 2748//2045
f 2973//2044 2975//2043 2977//3842 2969//3838
f 2980//3843 2981//3844 2978//3845 2979//3846
f 2968//3836 2967//3837 2981//3844 2980//3843
f 2981//3844 2977//3842 2976//3841 2978//3845
f 2967//3837 2969//3838 2977//3842 2981//3844
f 2985//2115 2982//3847 2983//3848 2984//3849
f 2984//3849 2983//3848 2986//3850 2987//3851
f 2988//3852 2989//2113 2985//2115 2984//3849
f 2990//3853 2988//3852 2984//3849 2987//3851
f 2993//2211 2987//3851 2986//3850 2991//2234
f 2991//2234 2992//2205 2993//2211
f 2994//2048 2990//3853 2987//3851 2993//2211
f 2994//2048 2995//2046 2998//3854 2990//3853
f 2997//3855 2998//3854 2995//2046
f 3001//3856 3002//3857 2999//3858 3000//2185
f 2989//2113 2988//3852 3002//3857 3001//3856
f 3002//3857 2998//3854 2997//3855 2999//3858
f 2988//3852 2990//3853 2998//3854 3002//3857
f 3006//3859 3003//3860 3004//3861 3005//3862
f 3005//3862 3004//3861 3007//3863 3008//3864
f 3010//3865 3006//3859 3005//3862 3009//3866
f 3009//3866 3005//3862 3008//3864 3011//3867
f 3013//2051 3008//3864 3007//3863 3012//2049
f 3013//2051 2765//2050 3014//2053
f 3014//2053 3011//3867 3008//3864 3013//2051
f 3014//2053 3015//2052 3017//3868 3011//3867
f 3016//3869 3017//3868 3015//2052
f 3020//3870 3021//3871 3018//3872 3019//3873
f 3010//3865 3009//3866 3021//3871 3020//3870
f 3021//3871 3017//3868 3016//3869 3018//3872
f 3011//3867 3017//3868 3021//3871 3009//3866
f 3025//2125 3022//3874 3023//3875 3024//3876
f 3024//3876 3023//3875 3026//3877 3027//3878
f 3029//2126 3025//2125 3024//3876 3028//3879
f 3028//3879 3024//3876 3027//3878 3030//3880
f 3033//3881 3034//3882 3031//2293 3032//2292
f 3034//3882 3027//3878 3026//3877 3031//2293
f 3034//3882 3033//3881 3035//2057
f 3035//2057 3030//3880 3027//3878 3034//3882
f 3035//2057 3036//2055 3039//3883 3030//3880
f 3038//3884 3039//3883 3036//2055
f 3042//2132 3043//3885 3040//3886 3041//2130
f 3029//2126 3028//3879 3043//3885 3042//2132
f 3043//3885 3039//3883 3038//3884 3040//3886
f 3028//3879 3030//3880 3039//3883 3043//3885
f 3044//3887 2652//3688 2651//3687 2873//3779
f 3045//3888 3044//3887 2873//3779 2869//3778
f 3046//3889 2655//3690 2652//3688 3044//3887
f 3047//3890 3046//3889 3044//3887 3045//3888
f 2683//3711 3048//3891 2867//3776 2680//3712
f 2686//3714 3049//3892 3048//3891 2683//3711
f 3048//3891 3045//3888 2869//3778 2867//3776
f 3049//3892 3047//3890 3045//3888 3048//3891
f 3051//3893 2686//3714 2694//3715 3050//3894
f 3053//3895 3051//3893 3050//3894 3052//3896
f 3047//3890 3049//3892 3051//3893 3053//3895
f 2686//3714 3051//3893 3049//3892
f 2660//3696 3055//3897 3054//3898 2661//3697
f 2655//3690 3046//3889 3055//3897 2660//3696
f 3055//3897 3053//3895 3052//3896 3054//3898
f 3046//3889 3047//3890 3053//3895 3055//3897
f 3056//3899 2792//3741 2791//3744 2876//3782
f 3057//3900 3056//3899 2876//3782 2880//3787
f 3058//3901 2794//3745 2792//3741 3056//3899
f 3059//3902 3058//3901 3056//3899 3057//3900
f 2697//1941 3060//3903 2886//3791 2695//1939
f 2700//3716 3061//3904 3060//3903 2697//1941
f 3060//3903 3057//3900 2880//3787 2886//3791
f 3061//3904 3059//3902 3057//3900 3060//3903
f 2709//3717 2708//2028 2905//2030 3062//3905
f 3062//3905 2905//2030 2908//3809 3063//3906
f 2700//3716 2709//3717 3062//3905 3061//3904
f 3061//3904 3062//3905 3063//3906 3059//3902
f 3064//3907 2915//3816 2796//3748 2799//3747
f 3058//3901 3064//3907 2799//3747 2794//3745
f 3063//3906 2908//3809 2915//3816 3064//3907
f 3059//3902 3063//3906 3064//3907 3058//3901
f 3065//3908 2797//3749 2796//3748 2917//3815
f 3066//3909 3065//3908 2917//3815 2913//3814
f 3067//3910 2800//3751 2797//3749 3065//3908
f 3068//3911 3067//3910 3065//3908 3066//3909
f 2714//1951 3069//3912 2911//3812 2711//3718
f 2716//1952 3070//3913 3069//3912 2714//1951
f 3069//3912 3066//3909 2913//3814 2911//3812
f 3070//3913 3068//3911 3066//3909 3069//3912
f 3074//3914 3072//3915 3071//3916 3073//3917
f 2727//3722 3071//3916 3072//3915
f 3070//3913 2716//1952 2727//3722 3072//3915
f 3068//3911 3070//3913 3072//3915 3074//3914
f 2802//3754 3076//3918 3075//3919 2666//3703
f 2800//3751 3067//3910 3076//3918 2802//3754
f 3076//3918 3074//3914 3073//3917 3075//3919
f 3067//3910 3068//3911 3074//3914 3076//3918
f 3077//3920 2674//3707 2673//3710 2890//3792
f 3078//3921 3077//3920 2890//3792 2894//3797
f 3079//3922 2658//3692 2674//3707 3077//3920
f 3080//3923 3079//3922 3077//3920 3078//3921
f 2731//3724 3081//3924 2901//3807 2728//3725
f 2735//3729 3082//3925 3081//3924 2731//3724
f 3081//3924 3078//3921 2894//3797 2901//3807
f 3082//3925 3080//3923 3078//3921 3081//3924
f 2746//3734 2745//3733 2860//3767 3083//3926
f 3083//3926 2860//3767 2864//3772 3084//3927
f 2735//3729 2746//3734 3083//3926 3082//3925
f 3082//3925 3083//3926 3084//3927 3080//3923
f 3085//3928 2871//3780 2651//3687 2654//3686
f 3079//3922 3085//3928 2654//3686 2658//3692
f 3084//3927 2864//3772 2871//3780 3085//3928
f 3080//3923 3084//3927 3085//3928 3079//3922
f 2677//1930 2676//1992 3086//3929 3088//3930
f 3088//3930 3086//3929 3087//2060 3089//2059
f 3091//2058 3090//3931 2941//2253 2942//3825
f 3089//2059 3091//2058 2942//3825 2945//3824
f 3088//3930 2951//3830 2678//1931 2677//1930
f 3090//3931 3091//2058 3087//2060
f 3089//2059 2945//3824 2951//3830 3088//3930
f 3094//2063 3095//3932 2951//3830 2949//2062
f 2678//1931 2951//3830 3095//3932
f 3096//2066 2806//1991 2805//2164 2953//2065
f 3092//2061 2850//2037 2845//2319
f 2949//2062 2948//2038 3092//2061
f 2845//2319 3093//2064 3092//2061
f 3095//3932 2679//1929 2678//1931
f 3096//2066 2935//2070 2940//2071 2806//1991
f 2960//2040 2959//2190 3097//2068
f 3096//2066 2960//2040 3097//2068
f 2935//2070 3096//2066 3097//2068
f 3103//3933 2680//3712 2866//3775 3102//3934
f 2940//2071 2939//2073 3100//2074
f 3098//2072 2836//2034 2831//2299
f 2939//2073 2938//2035 3098//2072
f 2831//2299 3099//2075 3098//2072
f 3101//2076 2676//1992 2807//1993
f 3100//2074 3101//2076 2940//2071
f 3102//3934 2866//3775 2861//3770 3104//3935
f 3106//3936 3103//3933 3102//3934 3105//2083
f 3105//2083 3102//3934 3104//3935 3107//2085
f 2744//3732 3108//3937 2858//3768 2745//3733
f 2742//2081 3109//2079 3108//3937 2744//3732
f 3104//3935 2861//3770 2858//3768 3108//3937
f 3107//2085 3104//3935 3108//3937 3109//2079
f 3115//2307 2836//2034 2937//2036 3114//3938
f 2740//2080 3110//2077 3109//2079
f 3109//2079 3111//2078 3107//2085
f 3113//2082 3106//3936 3105//2083
f 3112//2084 3105//2083 3111//2078
f 3114//3938 2937//2036 2933//2088 3116//2089
f 3118//2309 3115//2307 3114//3938 3117//2091
f 3117//2091 3114//3938 3116//2089 3119//2092
f 3120//2087 3119//2092 3116//2089 2931//2086
f 3119//2092 3120//2087 3121//2209 3122//2090
f 2930//2069 3121//2209 3120//2087
f 3124//3939 2960//2040 2957//2042 3125//3940
f 3117//2091 3123//2202 3118//2309
f 2960//2040 3124//3939 2959//2190
f 3126//2099 3124//3939 3125//3940 3127//2096
f 3124//3939 3126//2099 2959//2190
f 3129//2191 3130//2097 3128//2095 3251//2094
f 3128//2095 3125//3940 2957//2042 2956//2093
f 3130//2097 3127//2096 3125//3940 3128//2095
f 3134//2326 2850//2037 2947//2039 3133//3941
f 3132//2100 3127//2096 3131//2098
f 3129//2191 3131//2098 3130//2097
f 3133//3941 2947//2039 2943//3828 3135//2101
f 3137//3942 3134//2326 3133//3941 3136//2105
f 3138//2103 3136//2105 3133//3941 3135//2101
f 2780//2254 3139//2102 2942//3825 2941//2253
f 3139//2102 3135//2101 2943//3828 2942//3825
f 3142//2106 3139//2102 3140//2273 3141//2104
f 2780//2254 3140//2273 3139//2102
f 3143//2110 2749//2107 2748//2045 2973//2044
f 3139//2102 3142//2106 3138//2103
f 3145//3943 2971//2111 2783//2156 2782//1987
f 3146//2114 3147//2199 2982//3847 2985//2115
f 2971//2111 3145//3943 3143//2110
f 3331//2112 3144//2108 3143//2110
f 3149//3944 3001//3856 3000//2185 2701//2183
f 2989//2113 3148//2118 3146//2114
f 3148//2118 2989//2113 3001//3856 3149//3944
f 3149//3944 3150//2217 3151//2116 3148//2118
f 3150//2217 3149//3944 2701//2183
f 3147//2199 3146//2114 3152//2117 3153//2201
f 3161//2119 3154//2124 3006//3859 3010//3865
f 3148//2118 3152//2117 3146//2114
f 3003//3860 3006//3859 3154//2124
f 3156//3945 3020//3870 3019//3873 3155//3946
f 3158//2120 3156//3945 3155//3946 3157//3947
f 3161//2119 3010//3865 3156//3945 3158//2120
f 3020//3870 3156//3945 3010//3865
f 3157//3947 3159//2311 3160//2121 3158//2120
f 3163//2127 3164//2128 3022//3874 3025//2125
f 3154//2124 2704//2123 3003//3860
f 3161//2119 3162//2122 3154//2124
f 3165//2129 3163//2127 3169//2285 3170//2284
f 3042//2132 3166//2131 3029//2126
f 3167//2134 3166//2131 2737//2135
f 3168//2133 3029//2126 3166//2131
f 3163//2127 3029//2126 3168//2133 3169//2285
f 3171//2137 3172//2136 2979//3846 2978//3845
f 3173//2140 3171//2137 2978//3845 2976//3841
f 3175//2141 2974//3840 2748//2045 2751//1964
f 3173//2140 2976//3841 2974//3840 3175//2141
f 2751//1964 2754//1963 3175//2141
f 3179//3948 3180//2186 3000//2185 2999//3858
f 3176//2139 3177//2143 3173//2140
f 2754//1963 3176//2139 3175//2141
f 2689//2241 3174//2138 3178//2142
f 3178//2142 3171//2137 3173//2140
f 3181//3949 3179//3948 2999//3858 2997//3855
f 3181//3949 2997//3855 2995//2046 3182//2144
f 2759//1972 2761//1971 3182//2144
f 3181//3949 3182//2144 3012//2049 3007//3863
f 2761//1971 3012//2049 3182//2144
f 3179//3948 3004//3861 3183//2188 3180//2186
f 3003//3860 3183//2188 3004//3861
f 3181//3949 3007//3863 3004//3861 3179//3948
f 3184//2145 3185//2147 3019//3873 3018//3872
f 3184//2145 3018//3872 3016//3869 3186//2150
f 3187//3950 3015//2052 2766//2054 2769//1978
f 3188//3951 3187//3950 2769//1978 2771//1977
f 3186//2150 3016//3869 3015//2052 3187//3950
f 3188//3951 3189//2148 3190//2151 3186//2150
f 3187//3950 3188//3951 3186//2150
f 2771//1977 3189//2148 3188//3951
f 3192//2153 3193//2152 3041//2130 3040//3886
f 3191//2149 3184//2145 3190//2151
f 3194//3952 3192//2153 3040//3886 3038//3884
f 3194//3952 3038//3884 3036//2055 3196//2155
f 2776//1986 2778//1985 3196//2155
f 3194//3952 3196//2155 2970//2157 2965//3834
f 2778//1985 2970//2157 3196//2155
f 3192//2153 2962//3832 3197//2245 3195//2154
f 2961//2271 3197//2245 2962//3832
f 3194//3952 2965//3834 2962//3832 3192//2153
f 2784//3736 2661//3697 3054//3898 3198//3953
f 3198//3953 3054//3898 3052//3896 3199//3954
f 2786//3738 2784//3736 3198//3953 3200//3955
f 3200//3955 3198//3953 3199//3954 3201//3956
f 3202//2159 3050//3894 2694//3715 2819//2001
f 3199//3954 3052//3896 3050//3894 3202//2159
f 3201//3956 3199//3954 3202//2159 3203//2158
f 2816//3758 2815//3757 2882//3790 3204//3957
f 3204//3957 2882//3790 2877//3785 3205//3958
f 2819//2001 2816//3758 3204//3957 3203//2158
f 3203//2158 3204//3957 3205//3958 3201//3956
f 3206//3959 2874//3783 2791//3744 2790//3743
f 3200//3955 3206//3959 2790//3743 2786//3738
f 3205//3958 2877//3785 2874//3783 3206//3959
f 3201//3956 3205//3958 3206//3959 3200//3955
f 2667//3704 2666//3703 3075//3919 3207//3960
f 3207//3960 3075//3919 3073//3917 3208//3961
f 2670//3706 2667//3704 3207//3960 3209//3962
f 3209//3962 3207//3960 3208//3961 3210//3963
f 3211//3964 3071//3916 2727//3722 2830//3765
f 3212//3965 3211//3964 2830//3765 2828//3764
f 3208//3961 3073//3917 3071//3916 3211//3964
f 3210//3963 3208//3961 3211//3964 3212//3965
f 2825//3762 2824//3761 2896//3801 3213//3966
f 3213//3966 2896//3801 2891//3795 3214//3967
f 2828//3764 2825//3762 3213//3966 3212//3965
f 3212//3965 3213//3966 3214//3967 3210//3963
f 3215//3968 2888//3793 2673//3710 2672//3709
f 3209//3962 3215//3968 2672//3709 2670//3706
f 3214//3967 2891//3795 2888//3793 3215//3968
f 3210//3963 3214//3967 3215//3968 3209//3962
f 2805//2164 3095//3932 3094//2063 3216//2161
f 3095//3932 2805//2164 2679//1929
f 3217//2317 3218//2160 3093//2064 2845//2319
f 3217//2317 3219//2163 2955//2162 3218//2160
f 3094//2063 3093//2064 3218//2160
f 2952//2165 3216//2161 2955//2162
f 2918//2330 3101//2076 3100//2074 2919//2033
f 3101//2076 2918//2330 2676//1992
f 2919//2033 3100//2074 3099//2075 3221//2167
f 3099//2075 2831//2299 3220//2166
f 2808//3755 2692//1938 3223//2169 3224//2171
f 2924//2031 3221//2167 3222//2168
f 2840//2009 3228//2174 3227//3969 2843//2014
f 3224//2171 3225//2170 3226//2173
f 3228//2174 3226//2173 3225//2170 3227//3969
f 3224//2171 3231//2176 2812//2196 2808//3755
f 3229//2172 3230//2175 3226//2173
f 2840//2009 3229//2172 3228//2174
f 2820//2002 2722//3720 3232//3970 3235//3971
f 3226//2173 3231//2176 3224//2171
f 3233//2177 3234//2179 3232//3970
f 3235//3971 3232//3970 3234//2179 3236//2181
f 2854//2020 3238//2182 3237//2178 2856//2024
f 3238//2182 3236//2181 3234//2179 3237//2178
f 2820//2002 3235//3971 3241//2295 2821//2257
f 3240//2291 3236//2181 3239//2180
f 2854//2020 3239//2180 3238//2182
f 3235//3971 3236//2181 3240//2291 3241//2295
f 3183//2188 3003//3860 2704//2123 2707//2187
f 2702//1942 3242//2184 2703//1943
f 2701//2183 3000//2185 3242//2184
f 3183//2188 2703//1943 3180//2186
f 3243//3972 3244//2312 3159//2311 3157//3947
f 3245//3973 3246//2314 3244//2312 3243//3972
f 3185//2147 3247//3974 3155//3946 3019//3873
f 3248//3975 3247//3974 3185//2147 2719//2146
f 3247//3974 3243//3972 3157//3947 3155//3946
f 3248//3975 3245//3973 3243//3972 3247//3974
f 3248//3975 3249//2316 3246//2314 3245//3973
f 3249//2316 3248//3975 2719//2146
f 2772//1979 3253//2192 2775//1982 2773//1980
f 2763//1973 3250//2189 2762//1974
f 2930//2069 3097//2068 2763//1973
f 3251//2094 3252//2193 2772//1979
f 2774//1983 2775//1982 3253//2192
f 3147//2199 3256//2197 3254//2194 2982//3847
f 3254//2194 3256//2197 3255//2195
f 3263//2207 3260//2310 3360//2204 3259//2203
f 3262//2208 3263//2207 3259//2203 3261//2206
f 3122//2090 2994//2048 2993//2211 3264//2210
f 3123//2202 2992//2205 3259//2203
f 2996//2047 2994//2048 3122//2090
f 2760//1970 2996//2047 3121//2209
f 2992//2205 3123//2202 3264//2210
f 3131//2098 3129//2191 2767//2213 3265//2212
f 3266//2215 3265//2212 2766//2054 3014//2053
f 3131//2098 3265//2212 3132//2100
f 3265//2212 3266//2215 3132//2100
f 3126//2099 3267//2214 2764//1975 2959//2190
f 2765//2050 3267//2214 3266//2215
f 3269//2220 3151//2116 3150//2217 3268//2216
f 3267//2214 3126//2099 3132//2100
f 2701//2183 2698//1945 3150//2217
f 3269//2220 3270//2219 2887//2218 2885//2026
f 3270//2219 3268//2216 2698//1945 2695//1939
f 2883//2025 2815//3757 3271//3976 3272//2222
f 3272//2222 3271//3976 3273//3977 3274//2221
f 2885//2026 2883//2025 3272//2222 3269//2220
f 3274//2221 3273//3977 3153//2201 3152//2117
f 3269//2220 3274//2221 3152//2117 3151//2116
f 3276//3978 3160//2121 3159//2311 3275//3979
f 3278//2229 3277//2223 3160//2121 3276//3978
f 2910//2224 3276//3978 3275//3979 3279//3980
f 3279//3980 2711//3718 2910//2224
f 3280//2226 3278//2229 3276//3978 2910//2224
f 3280//2226 2906//2225 2904//2029 3281//2228
f 2708//2028 3281//2228 2904//2029
f 3277//2223 3278//2229 3281//2228 3162//2122
f 3162//2122 3161//2119 3277//2223
f 2705//2227 3162//2122 3281//2228
f 3283//2231 3189//2148 2774//1983 3282//2321
f 3283//2231 3282//2321 2856//2024 3237//2178
f 3189//2148 3283//2231 3284//2230
f 3233//2177 3285//2232 3283//2231 3237//2178
f 3232//3970 2722//3720 2724//1958 3286//3981
f 3286//3981 2724//1958 2720//1954 3287//3982
f 3285//2232 3233//2177 3232//3970 3286//3981
f 3284//2230 3285//2232 3286//3981 3287//3982
f 3191//2149 3287//3982 2720//1954 2719//2146
f 3190//2151 3284//2230 3287//3982 3191//2149
f 3288//2233 3229//2172 2839//2011 3262//2208
f 3288//2233 3262//2208 3261//2206 2991//2234
f 3288//2233 3289//2235 3230//2175
f 2991//2234 2986//3850 3289//2235
f 3290//2236 2983//3848 2982//3847 3254//2194
f 2986//3850 2983//3848 3290//2236 3289//2235
f 3290//2236 3254//2194 2812//2196 3231//2176
f 3172//2136 3296//3983 3295//3984 2979//3846
f 3290//2236 3230//2175 3289//2235
f 3113//2082 3291//2237 3292//2239
f 3292//2239 3293//2238 3294//2242
f 3174//2138 3297//2243 3296//3983 3172//2136
f 3296//3983 3293//2238 3291//2237 3295//3984
f 3297//2243 3294//2242 3293//2238 3296//3983
f 3193//2152 2738//3730 2737//2135 3041//2130
f 3298//2240 3297//2243 3174//2138
f 3195//2154 2739//2246 2738//3730 3193//2152
f 3197//2245 2961//2271 3299//2268 3300//2244
f 3300//2244 3299//2268 2740//2080 2741//1961
f 3302//2252 2755//1965 3303//2250 3305//2249
f 3300//2244 2739//2246 3195//2154
f 2755//1965 3302//2252 2756//1966
f 2924//2031 3304//2248 3303//2250
f 3306//2251 3307//2302 2757//1969 2758//1968
f 3302//2252 3306//2251 2758//1968 2756//1966
f 3164//2128 3313//3985 3312//3986 3022//3874
f 3307//2302 3306//2251 3305//2249
f 2928//2275 2782//1987 2781//1989
f 3308//2255 3310//2258 3309//2256
f 3165//2129 3314//2261 3313//3985 3164//2128
f 3313//3985 3310//2258 3308//2255 3312//3986
f 3314//2261 3311//2259 3310//2258 3313//3985
f 3314//2261 3165//2129 3170//2284 3315//2260
f 3317//2264 3372//2328 3137//3942 3316//2262
f 3319//2294 3320//2263 3316//2262 3032//2292
f 3372//2328 3317//2264 3318//2265
f 3324//3987 2980//3843 2979//3846 3295//3984
f 3320//2263 3319//2294 3321//2267
f 3322//2266 3320//2263 3321//2267
f 3299//2268 2964//2269 3110//2077
f 3110//2077 3323//2270 3111//2078
f 2964//2269 2968//3836 3323//2270
f 3325//2272 3324//3987 3295//3984 3291//2237
f 3323//2270 2968//3836 3324//3987 3325//2272
f 2980//3843 3324//3987 2968//3836
f 3326//2274 3033//3881 3032//2292 3316//2262
f 3291//2237 3113//2082 3112//2084
f 3325//2272 3112//2084 3323//2270
f 3037//2056 3035//2057 3141//2104
f 2777//1984 3037//2056 3140//2273
f 3141//2104 3035//2057 3033//3881 3326//2274
f 3136//2105 3326//2274 3316//2262 3137//3942
f 3327//2277 3145//3943 2782//1987 2928//2275
f 3328//2279 3143//2110 3145//3943 3327//2277
f 2926//3821 3329//2278 3327//2277 2929//2276
f 3330//3988 3303//2250 3301//2247 3331//2112
f 3303//2250 3330//3988 2925//2280
f 2926//3821 2925//2280 3330//3988 3329//2278
f 3329//2278 3330//3988 3331//2112 3328//2279
f 3332//2283 3167//2134 2737//2135 2732//2281
f 3334//3989 3168//2133 3167//2134 3332//2283
f 3335//3990 3334//3989 3332//2283 3333//2282
f 2903//3806 3336//3991 2729//3726 2728//3725
f 2899//3804 3337//3992 3336//3991 2903//3806
f 3336//3991 3333//2282 2732//2281 2729//3726
f 3337//3992 3335//3990 3333//2282 3336//3991
f 2897//3802 2824//3761 3338//3993 3339//3994
f 3339//3994 3338//3993 3340//3995 3341//3996
f 2899//3804 2897//3802 3339//3994 3337//3992
f 3337//3992 3339//3994 3341//3996 3335//3990
f 3341//3996 3340//3995 3342//2286 3169//2285
f 3169//2285 3168//2133 3334//3989
f 3335//3990 3341//3996 3169//2285 3334//3989
f 3176//2139 2757//1969 3343//2301 3344//3997
f 3177//2143 3176//2139 3344//3997 3345//2288
f 3344//3997 3343//2301 2843//2014 3227//3969
f 3345//2288 3344//3997 3227//3969 3225//2170
f 3223//2169 2692//1938 2690//1936 3346//2287
f 3178//2142 3346//2287 2690//1936 2689//2241
f 3223//2169 3345//2288 3225//2170
f 3347//2289 3239//2180 2853//2022 3321//2267
f 3346//2287 3178//2142 3177//2143
f 3347//2289 3321//2267 3319//2294 3031//2293
f 3239//2180 3347//2289 3240//2291
f 3031//2293 3026//3877 3348//2290
f 3349//3998 3023//3875 3022//3874 3312//3986
f 3350//3999 3349//3998 3312//3986 3308//2255
f 3348//2290 3026//3877 3023//3875 3349//3998
f 3240//2291 3348//2290 3350//3999 3241//2295
f 3349//3998 3350//3999 3348//2290
f 3308//2255 3241//2295 3350//3999
f 3351//2296 2681//1932 2680//3712 3103//3933
f 3352//2297 3351//2296 3103//3933 3106//3936
f 3353//4000 2684//1933 3351//2296 3352//2297
f 3294//2242 3353//4000 3352//2297 3292//2239
f 3353//4000 3294//2242 3298//2240 2688//1935
f 3106//3936 3113//2082 3352//2297
f 3304//2248 2924//2031 3222//2168 3354//2298
f 2688//1935 2684//1933 3353//4000
f 3305//2249 3304//2248 3354//2298 3355//2300
f 3307//2302 2844//2013 3343//2301 2757//1969
f 2833//2006 2834//2005 3355//2300
f 3220//2166 2833//2006 3354//2298
f 2844//2013 3355//2300 2834//2005
f 3356//2305 2813//2303 3255//2195 3257//2198
f 2844//2013 3307//2302 3355//2300
f 2812//2196 3255//2195 2813//2303
f 3358//2306 3356//2305 3257//2198 3258//2200
f 3153//2201 3273//3977 3358//2306
f 3271//3976 2815//3757 2818//3756 3359//4001
f 3359//4001 2818//3756 2814//1998 3357//2304
f 3273//3977 3271//3976 3359//4001 3358//2306
f 3358//2306 3359//4001 3357//2304 3356//2305
f 3260//2310 3263//2207 2839//2011 2841//2010
f 3118//2309 3360//2204 3115//2307
f 3115//2307 3360//2204 2838//2308
f 3361//4002 2712//1948 2711//3718 3279//3980
f 3362//2313 3361//4002 3279//3980 3275//3979
f 2715//1949 2712//1948 3361//4002 3363//2315
f 3363//2315 3249//2316 2718//1953 2715//1949
f 3361//4002 3362//2313 3363//2315
f 3362//2313 3244//2312 3246//2314
f 3275//3979 3159//2311 3362//2313
f 2719//2146 2718//1953 3249//2316
f 3251//2094 2956//2093 3219//2163 3364//2318
f 3252//2193 3251//2094 3364//2318 3365//2320
f 3252//2193 3365//2320 3366//2322 3253//2192
f 2847//2017 2848//2016 3365//2320
f 3217//2317 2847//2017 3364//2318
f 3282//2321 3366//2322 2857//2023
f 2857//2023 3365//2320 2848//2016
f 3367//2325 2822//2003 3309//2256 3311//2259
f 3282//2321 2774//1983 3366//2322
f 2821//2257 3309//2256 2822//2003
f 3342//2286 3369//4003 3315//2260 3170//2284
f 3340//3995 3370//4004 3369//4003 3342//2286
f 3369//4003 3367//2325 3311//2259 3315//2260
f 3371//4005 3338//3993 2824//3761 2827//3760
f 3367//2325 3369//4003 3370//4004
f 3371//4005 2827//3760 2823//2324 3368//2323
f 3370//4004 3340//3995 3338//3993 3371//4005
f 3370//4004 3371//4005 3368//2323 3367//2325
f 3373//2329 3322//2266 2853//2022 2855//2021
f 3137//3942 3372//2328 3134//2326
f 2852//2327 3318//2265 3322//2266 3373//2329
f 3374//2332 3086//3929 2676//1992 2918//2330
f 3375//4006 3087//2060 3086//3929 3374//2332
f 3376//2334 3375//4006 3374//2332 2922//2331
f 3377//2333 2929//2276 2928//2275 2781//1989
f 2781//1989 2941//2253 3090//3931 3377//2333
f 2929//2276 3377//2333 2922//2331
f 3087//2060 3375//4006 3090//3931
f 3377//2333 3090//3931 3375//4006 3376//2334
f 3381//4007 3378//3687 3379//3688 3380//3689
f 3380//3689 3379//3688 3382//4008 3383//3691
f 3385//4009 3381//4007 3380//3689 3384//3693
f 3384//3693 3380//3689 3383//3691 3386//3694
f 3390//3695 3387//3696 3388//3697 3389//3698
f 3392//3699 3390//3695 3389//3698 3391//3700
f 3383//3691 3382//4008 3387//3696 3390//3695
f 3386//3694 3383//3691 3390//3695 3392//3699
f 3395//3701 3396//3702 3393//3703 3394//3704
f 3398//4010 3395//3701 3394//3704 3397//3706
f 3392//3699 3391//3700 3396//3702 3395//3701
f 3386//3694 3392//3699 3395//3701 3398//4010
f 3401//4011 3402//3708 3399//4012 3400//4013
f 3385//4009 3384//3693 3402//3708 3401//4011
f 3402//3708 3398//4010 3397//3706 3399//4012
f 3384//3693 3386//3694 3398//4010 3402//3708
f 3410//4014 3407//3712 3408//1932 3409//1934
f 3404//1930 3531//1990 3403//1992
f 3412//3713 3413//3714 3410//4014 3409//1934
f 3414//2355 3412//3713 3409//1934 3411//1933
f 3418//1937 3414//2355 3411//1933 3415//1935
f 3415//1935 3416//2241 3417//1936
f 3412//3713 3420//1999 3421//3715 3413//3714
f 3426//2336 3427//3716 3424//1941 3423//1940
f 3420//1999 3412//3713 3414//2355
f 3422//1939 3425//1945 3423//1940
f 3434//2427 3431//2123 3432//2227 3433//1947
f 3425//1945 3428//2425 3429//2335
f 3423//1940 3429//2335 3426//2336
f 3430//1943 3434//2427 3433//1947 3426//2336
f 3426//2336 3437//1946 3436//4015 3427//3716
f 3435//2365 3436//4015 3437//1946
f 3433//1947 3432//2227 3435//2365 3437//1946
f 3440//1950 3441//2338 3438//3718 3439//1948
f 3448//1955 3444//3719 3442//2337 3445//1953
f 3440//1950 3442//2337 3444//3719
f 3445//1953 3446//2146 3447//2339
f 3448//1955 3451//1958 3449//4016 3450//1956
f 3443//1952 3440//1950 3453//4017 3454//4018
f 3448//1955 3452//1957 3444//3719
f 3440//1950 3444//3719 3452//1957 3453//4017
f 3457//3723 3458//3724 3455//3725 3456//4019
f 3460//4020 3457//3723 3456//4019 3459//2473
f 3461//3728 3462//3729 3458//3724 3457//3723
f 3463//1960 3461//3728 3457//3723 3460//4020
f 3465//3730 3460//4020 3459//2473 3464//2135
f 3466//2246 3463//1960 3460//4020 3465//3730
f 3468//1961 3467//2080 3469//2388 3470//2340
f 3474//3731 3471//3732 3472//4021 3473//3734
f 3468//1961 3463//1960 3466//2246
f 3461//3728 3474//3731 3473//3734 3462//3729
f 3470//2340 3469//2388 3471//3732 3474//3731
f 3463//1960 3470//2340 3474//3731 3461//3728
f 3478//2341 3475//2045 3476//2107 3477//1962
f 3477//1962 3476//2107 3479//2109 3480//1967
f 3483//1966 3485//1968 3477//1962 3480//1967
f 3479//2109 3482//1965 3480//1967
f 3481//1963 3477//1962 3485//1968
f 3489//1974 3977//2189 3686//2429 3491//1975
f 3487//1970 3489//1974 3488//2342
f 3657//2384 3490//1973 3487//1970
f 3496//1978 3493//2376 3494//2213 3495//2344
f 3491//1975 3492//2050 3488//2342
f 3497//1981 3494//2213 3856//2430 3499//2345
f 3494//2213 3497//1981 3495//2344
f 3500//1980 3502//1982 3495//2344 3497//1981
f 3498//1977 3495//2344 3502//1982
f 3506//2350 3504//2346 3507//2458 3508//2351
f 3504//2346 3506//2350 3505//2347
f 3505//2347 3506//2350 3509//2349 3510//2156
f 3512//3735 3389//3698 3388//3697 3511//3736
f 3514//4022 3512//3735 3511//3736 3513//3738
f 3515//3739 3391//3700 3389//3698 3512//3735
f 3516//3740 3515//3739 3512//3735 3514//4022
f 3519//3741 3520//3742 3517//4023 3518//3744
f 3521//3745 3522//3746 3520//3742 3519//3741
f 3520//3742 3514//4022 3513//3738 3517//4023
f 3522//3746 3516//3740 3514//4022 3520//3742
f 3526//3747 3523//3748 3524//4024 3525//3750
f 3525//3750 3524//4024 3527//3751 3528//3752
f 3521//3745 3526//3747 3525//3750 3522//3746
f 3522//3746 3525//3750 3528//3752 3516//3740
f 3530//3753 3529//3754 3393//3703 3396//3702
f 3515//3739 3530//3753 3396//3702 3391//3700
f 3528//3752 3527//3751 3529//3754 3530//3753
f 3516//3740 3528//3752 3530//3753 3515//3739
f 3536//2353 3418//1937 3419//1938 3535//3755
f 3406//1929 3532//2164 3533//2352
f 3534//1993 3531//1990 3533//2352
f 3537//1996 3414//2355 3418//1937 3536//2353
f 3540//2303 3536//2353 3535//3755 3539//2433
f 3541//2354 3538//1995 3536//2353 3540//2303
f 3544//1997 3545//3756 3542//3757 3543//4025
f 3537//1996 3538//1995 3544//1997 3420//1999
f 3543//4025 3546//2356 3544//1997
f 3545//3756 3544//1997 3541//2354
f 3546//2356 3421//3715 3420//1999
f 3550//2324 3452//1957 3450//1956 3549//2003
f 3449//4016 3547//2357 3450//1956
f 3547//2357 3548//2257 3549//2003
f 3553//3759 3554//4026 3551//3761 3552//3762
f 3556//3763 3553//3759 3552//3762 3555//3764
f 3452//1957 3550//2324 3553//3759 3556//3763
f 3554//4026 3553//3759 3550//2324
f 3453//4017 3556//3763 3557//3765 3454//4018
f 3559//2358 3558//2299 3563//2034 3564//2359
f 3556//3763 3453//4017 3452//1957
f 3555//3764 3557//3765 3556//3763
f 3558//2299 3559//2358 3560//2006
f 3559//2358 3562//2008 3561//2005
f 3564//2359 3565//2308 3562//2008
f 3573//2015 3572//2319 3577//2037 3578//2018
f 3567//2009 3569//2361 3568//2010
f 3568//2010 3562//2008 3565//2308
f 3570//2362 3571//2013 3569//2361
f 3569//2361 3561//2005 3562//2008
f 3572//2319 3573//2015 3574//2017
f 3573//2015 3576//2364 3575//2363
f 3578//2018 3579//2327 3576//2364
f 3586//3766 3587//4027 3472//4021 3585//3768
f 3581//2020 3584//2023 3582//2021
f 3582//2021 3576//2364 3579//2327
f 3584//2023 3575//2363 3576//2364
f 3589//3769 3586//3766 3585//3768 3588//3770
f 3590//3771 3591//4028 3587//4027 3586//3766
f 3592//3773 3590//3771 3586//3766 3589//3769
f 3595//3774 3593//3775 3407//3712 3594//3776
f 3597//3777 3595//3774 3594//3776 3596//3778
f 3589//3769 3588//3770 3593//3775 3595//3774
f 3592//3773 3589//3769 3595//3774 3597//3777
f 3600//3779 3378//3687 3598//3780 3599//3781
f 3599//3781 3598//3780 3591//4028 3590//3771
f 3596//3778 3600//3779 3599//3781 3597//3777
f 3592//3773 3597//3777 3599//3781 3590//3771
f 3603//3782 3518//3744 3601//3783 3602//3784
f 3602//3784 3601//3783 3604//4029 3605//3786
f 3607//3787 3603//3782 3602//3784 3606//3788
f 3608//3789 3606//3788 3602//3784 3605//3786
f 3611//2027 3609//3790 3542//3757 3610//2025
f 3605//3786 3604//4029 3609//3790 3611//2027
f 3608//3789 3605//3786 3611//2027 3612//2026
f 3606//3788 3614//2446 3613//4030 3607//3787
f 3422//1939 3613//4030 3614//2446
f 3608//3789 3612//2026 3614//2446 3606//3788
f 3617//3792 3400//4013 3615//3793 3616//4031
f 3616//4031 3615//3793 3618//4032 3619//4033
f 3621//3797 3617//3792 3616//4031 3620//4034
f 3622//3799 3620//4034 3616//4031 3619//4033
f 3625//3800 3623//3801 3551//3761 3624//3802
f 3627//3803 3625//3800 3624//3802 3626//3804
f 3619//4033 3618//4032 3623//3801 3625//3800
f 3622//3799 3619//4033 3625//3800 3627//3803
f 3629//3805 3630//3806 3455//3725 3628//4035
f 3620//4034 3629//3805 3628//4035 3621//3797
f 3627//3803 3626//3804 3630//3806 3629//3805
f 3622//3799 3627//3803 3629//3805 3620//4034
f 3634//3808 3635//3809 3632//2030 3631//2366
f 3636//3810 3634//3808 3631//2366 3633//2225
f 3639//3811 3637//2224 3438//3718 3638//3812
f 3641//4036 3639//3811 3638//3812 3640//4037
f 3636//3810 3633//2225 3639//3811 3641//4036
f 3637//2224 3639//3811 3633//2225
f 3644//3815 3523//3748 3642//3816 3643//4038
f 3643//4038 3642//3816 3635//3809 3634//3808
f 3640//4037 3644//3815 3643//4038 3641//4036
f 3636//3810 3641//4036 3643//4038 3634//3808
f 3650//3818 3648//3819 3645//2490 3647//2032
f 3645//2490 3646//2367 3647//2032
f 3645//2490 3648//3819 3649//2491
f 3654//3820 3651//2031 3652//2472 3653//4039
f 3650//3818 3647//2032 3651//2031 3654//3820
f 3650//3818 3654//3820 3656//2469 3648//3819
f 3649//2491 3648//3819 3656//2469
f 3656//2469 3654//3820 3653//4039
f 3661//3822 3659//2382 3658//2390 3660//2391
f 3657//2384 3658//2390 3659//2382
f 3663//3823 3662//2385 3659//2382 3661//3822
f 3661//3822 3660//2391 3664//2036 3665//2035
f 3663//3823 3661//3822 3665//2035 3666//2073
f 3663//3823 3666//2073 3667//2071 3662//2385
f 3672//3824 3669//3825 3671//3826 3673//3827
f 3670//3828 3671//3826 3669//3825
f 3671//3826 3670//3828 3674//2039 3675//2038
f 3675//2038 3676//2062 3677//3829
f 3673//3827 3671//3826 3675//2038 3677//3829
f 3673//3827 3677//3829 3678//3830 3672//3824
f 3678//3830 3677//3829 3676//2062
f 3681//4040 3680//2380 3532//2164 3679//2165
f 3685//2369 3682//2418 3683//2093 3684//2042
f 3681//4040 3679//2165 3682//2418 3685//2369
f 3681//4040 3685//2369 3687//2368 3680//2380
f 3691//2465 3688//2467 3689//4041 3690//4042
f 3690//4042 3689//4041 3692//4043 3693//4044
f 3695//3836 3691//2465 3690//4042 3694//3837
f 3694//3837 3690//4042 3693//4044 3696//3838
f 3698//2111 3699//3839 3697//2417 3510//2156
f 3699//3839 3693//4044 3692//4043 3697//2417
f 3699//3839 3698//2111 3700//2044
f 3700//2044 3696//3838 3693//4044 3699//3839
f 3702//2043 3701//3840 3703//4045 3704//3842
f 3701//3840 3702//2043 3475//2045
f 3700//2044 3702//2043 3704//3842 3696//3838
f 3707//3843 3708//3844 3705//3845 3706//4046
f 3695//3836 3694//3837 3708//3844 3707//3843
f 3708//3844 3704//3842 3703//4045 3705//3845
f 3694//3837 3696//3838 3704//3842 3708//3844
f 3712//2401 3709//3847 3710//3848 3711//3849
f 3711//3849 3710//3848 3713//3850 3714//3851
f 3715//4047 3716//2399 3712//2401 3711//3849
f 3717//3853 3715//4047 3711//3849 3714//3851
f 3720//2442 3714//3851 3713//3850 3718//2234
f 3718//2234 3719//2205 3720//2442
f 3721//2371 3717//3853 3714//3851 3720//2442
f 3721//2371 3722//2370 3725//4048 3717//3853
f 3724//3855 3725//4048 3722//2370
f 3728//4049 3729//3857 3726//4050 3727//2185
f 3716//2399 3715//4047 3729//3857 3728//4049
f 3729//3857 3725//4048 3724//3855 3726//4050
f 3715//4047 3717//3853 3725//4048 3729//3857
f 3733//3859 3730//4051 3731//4052 3732//4053
f 3732//4053 3731//4052 3734//3863 3735//4054
f 3737//4055 3733//3859 3732//4053 3736//3866
f 3736//3866 3732//4053 3735//4054 3738//3867
f 3740//2373 3735//4054 3734//3863 3739//2372
f 3740//2373 3492//2050 3741//2375
f 3741//2375 3738//3867 3735//4054 3740//2373
f 3741//2375 3742//2374 3744//4056 3738//3867
f 3743//4057 3744//4056 3742//2374
f 3747//4058 3748//3871 3745//3872 3746//3873
f 3737//4055 3736//3866 3748//3871 3747//4058
f 3748//3871 3744//4056 3743//4057 3745//3872
f 3738//3867 3744//4056 3748//3871 3736//3866
f 3752//2406 3749//4059 3750//3875 3751//3876
f 3751//3876 3750//3875 3753//3877 3754//4060
f 3756//2407 3752//2406 3751//3876 3755//3879
f 3755//3879 3751//3876 3754//4060 3757//3880
f 3760//3881 3761//4061 3758//2293 3759//2292
f 3761//4061 3754//4060 3753//3877 3758//2293
f 3761//4061 3760//3881 3762//2379
f 3762//2379 3757//3880 3754//4060 3761//4061
f 3762//2379 3763//2377 3766//4062 3757//3880
f 3765//3884 3766//4062 3763//2377
f 3769//2132 3770//3885 3767//4063 3768//2130
f 3756//2407 3755//3879 3770//3885 3769//2132
f 3770//3885 3766//4062 3765//3884 3767//4063
f 3755//3879 3757//3880 3766//4062 3770//3885
f 3771//3887 3379//3688 3378//3687 3600//3779
f 3772//4064 3771//3887 3600//3779 3596//3778
f 3773//4065 3382//4008 3379//3688 3771//3887
f 3774//3890 3773//4065 3771//3887 3772//4064
f 3410//4014 3775//3891 3594//3776 3407//3712
f 3413//3714 3776//4066 3775//3891 3410//4014
f 3775//3891 3772//4064 3596//3778 3594//3776
f 3776//4066 3774//3890 3772//4064 3775//3891
f 3778//3893 3413//3714 3421//3715 3777//4067
f 3780//3895 3778//3893 3777//4067 3779//4068
f 3774//3890 3776//4066 3778//3893 3780//3895
f 3413//3714 3778//3893 3776//4066
f 3387//3696 3782//3897 3781//3898 3388//3697
f 3382//4008 3773//4065 3782//3897 3387//3696
f 3782//3897 3780//3895 3779//4068 3781//3898
f 3773//4065 3774//3890 3780//3895 3782//3897
f 3783//4069 3519//3741 3518//3744 3603//3782
f 3784//3900 3783//4069 3603//3782 3607//3787
f 3785//3901 3521//3745 3519//3741 3783//4069
f 3786//3902 3785//3901 3783//4069 3784//3900
f 3424//1941 3787//3903 3613//4030 3422//1939
f 3427//3716 3788//3904 3787//3903 3424//1941
f 3787//3903 3784//3900 3607//3787 3613//4030
f 3788//3904 3786//3902 3784//3900 3787//3903
f 3436//4015 3435//2365 3632//2030 3789//3905
f 3789//3905 3632//2030 3635//3809 3790//4070
f 3427//3716 3436//4015 3789//3905 3788//3904
f 3788//3904 3789//3905 3790//4070 3786//3902
f 3791//4071 3642//3816 3523//3748 3526//3747
f 3785//3901 3791//4071 3526//3747 3521//3745
f 3790//4070 3635//3809 3642//3816 3791//4071
f 3786//3902 3790//4070 3791//4071 3785//3901
f 3792//3908 3524//4024 3523//3748 3644//3815
f 3793//3909 3792//3908 3644//3815 3640//4037
f 3794//3910 3527//3751 3524//4024 3792//3908
f 3795//3911 3794//3910 3792//3908 3793//3909
f 3441//2338 3796//3912 3638//3812 3438//3718
f 3443//1952 3797//3913 3796//3912 3441//2338
f 3796//3912 3793//3909 3640//4037 3638//3812
f 3797//3913 3795//3911 3793//3909 3796//3912
f 3801//3914 3799//3915 3798//3916 3800//4072
f 3454//4018 3798//3916 3799//3915
f 3797//3913 3443//1952 3454//4018 3799//3915
f 3795//3911 3797//3913 3799//3915 3801//3914
f 3529//3754 3803//4073 3802//3919 3393//3703
f 3527//3751 3794//3910 3803//4073 3529//3754
f 3803//4073 3801//3914 3800//4072 3802//3919
f 3794//3910 3795//3911 3801//3914 3803//4073
f 3804//3920 3401//4011 3400//4013 3617//3792
f 3805//4074 3804//3920 3617//3792 3621//3797
f 3806//3922 3385//4009 3401//4011 3804//3920
f 3807//4075 3806//3922 3804//3920 3805//4074
f 3458//3724 3808//4076 3628//4035 3455//3725
f 3462//3729 3809//4077 3808//4076 3458//3724
f 3808//4076 3805//4074 3621//3797 3628//4035
f 3809//4077 3807//4075 3805//4074 3808//4076
f 3473//3734 3472//4021 3587//4027 3810//3926
f 3810//3926 3587//4027 3591//4028 3811//3927
f 3462//3729 3473//3734 3810//3926 3809//4077
f 3809//4077 3810//3926 3811//3927 3807//4075
f 3812//3928 3598//3780 3378//3687 3381//4007
f 3806//3922 3812//3928 3381//4007 3385//4009
f 3811//3927 3591//4028 3598//3780 3812//3928
f 3807//4075 3811//3927 3812//3928 3806//3922
f 3404//1930 3403//1992 3813//4078 3815//3930
f 3815//3930 3813//4078 3814//2060 3816//2059
f 3818//2058 3817//4079 3668//2456 3669//3825
f 3816//2059 3818//2058 3669//3825 3672//3824
f 3815//3930 3678//3830 3405//1931 3404//1930
f 3817//4079 3818//2058 3814//2060
f 3816//2059 3672//3824 3678//3830 3815//3930
f 3821//2063 3822//3932 3678//3830 3676//2062
f 3405//1931 3678//3830 3822//3932
f 3823//2381 3533//2352 3532//2164 3680//2380
f 3819//2061 3577//2037 3572//2319
f 3676//2062 3675//2038 3819//2061
f 3572//2319 3820//2064 3819//2061
f 3822//3932 3406//1929 3405//1931
f 3823//2381 3662//2385 3667//2071 3533//2352
f 3687//2368 3686//2429 3824//2383
f 3823//2381 3687//2368 3824//2383
f 3662//2385 3823//2381 3824//2383
f 3830//3933 3407//3712 3593//3775 3829//4080
f 3667//2071 3666//2073 3827//2386
f 3825//2072 3563//2034 3558//2299
f 3666//2073 3665//2035 3825//2072
f 3558//2299 3826//2075 3825//2072
f 3828//2076 3403//1992 3534//1993
f 3827//2386 3828//2076 3667//2071
f 3829//4080 3593//3775 3588//3770 3831//3935
f 3833//3936 3830//3933 3829//4080 3832//2083
f 3832//2083 3829//4080 3831//3935 3834//2085
f 3471//3732 3835//4081 3585//3768 3472//4021
f 3469//2388 3836//2079 3835//4081 3471//3732
f 3831//3935 3588//3770 3585//3768 3835//4081
f 3834//2085 3831//3935 3835//4081 3836//2079
f 3842//2481 3563//2034 3664//2036 3841//3938
f 3467//2080 3837//2387 3836//2079
f 3836//2079 3838//2078 3834//2085
f 3840//2389 3833//3936 3832//2083
f 3839//2084 3832//2083 3838//2078
f 3841//3938 3664//2036 3660//2391 3843//2392
f 3845//2309 3842//2481 3841//3938 3844//2393
f 3844//2393 3841//3938 3843//2392 3846//2092
f 3847//2087 3846//2092 3843//2392 3658//2390
f 3846//2092 3847//2087 3848//2440 3849//2090
f 3657//2384 3848//2440 3847//2087
f 3851//3939 3687//2368 3684//2042 3852//3940
f 3844//2393 3850//2436 3845//2309
f 3687//2368 3851//3939 3686//2429
f 3853//2394 3851//3939 3852//3940 3854//2096
f 3851//3939 3853//2394 3686//2429
f 3856//2430 3857//2097 3855//2095 3978//2094
f 3855//2095 3852//3940 3684//2042 3683//2093
f 3857//2097 3854//2096 3852//3940 3855//2095
f 3861//2326 3577//2037 3674//2039 3860//4082
f 3859//2100 3854//2096 3858//2098
f 3856//2430 3858//2098 3857//2097
f 3860//4082 3674//2039 3670//3828 3862//2101
f 3864//3942 3861//2326 3860//4082 3863//2396
f 3865//2103 3863//2396 3860//4082 3862//2101
f 3507//2458 3866//2102 3669//3825 3668//2456
f 3866//2102 3862//2101 3670//3828 3669//3825
f 3869//2397 3866//2102 3867//2468 3868//2395
f 3507//2458 3867//2468 3866//2102
f 3870//2110 3476//2107 3475//2045 3700//2044
f 3866//2102 3869//2397 3865//2103
f 3872//3943 3698//2111 3510//2156 3509//2349
f 3873//2400 3874//2199 3709//3847 3712//2401
f 3698//2111 3872//3943 3870//2110
f 4059//2112 3871//2398 3870//2110
f 3876//4083 3728//4049 3727//2185 3428//2425
f 3716//2399 3875//2402 3873//2400
f 3875//2402 3716//2399 3728//4049 3876//4083
f 3876//4083 3877//2217 3878//2116 3875//2402
f 3877//2217 3876//4083 3428//2425
f 3874//2199 3873//2400 3879//2117 3880//2201
f 3888//2119 3881//2405 3733//3859 3737//4055
f 3875//2402 3879//2117 3873//2400
f 3730//4051 3733//3859 3881//2405
f 3883//3945 3747//4058 3746//3873 3882//3946
f 3885//2403 3883//3945 3882//3946 3884//3947
f 3888//2119 3737//4055 3883//3945 3885//2403
f 3747//4058 3883//3945 3737//4055
f 3884//3947 3886//2311 3887//2121 3885//2403
f 3890//2127 3891//2128 3749//4059 3752//2406
f 3881//2405 3431//2123 3730//4051
f 3888//2119 3889//2404 3881//2405
f 3892//2408 3890//2127 3896//2285 3897//2474
f 3769//2132 3893//2131 3756//2407
f 3894//2134 3893//2131 3464//2135
f 3895//2133 3756//2407 3893//2131
f 3890//2127 3756//2407 3895//2133 3896//2285
f 3898//2409 3899//2136 3706//4046 3705//3845
f 3900//2410 3898//2409 3705//3845 3703//4045
f 3902//2141 3701//3840 3475//2045 3478//2341
f 3900//2410 3703//4045 3701//3840 3902//2141
f 3478//2341 3481//1963 3902//2141
f 3906//4084 3907//2426 3727//2185 3726//4050
f 3903//2139 3904//2143 3900//2410
f 3481//1963 3903//2139 3902//2141
f 3416//2241 3901//2138 3905//2142
f 3905//2142 3898//2409 3900//2410
f 3908//4085 3906//4084 3726//4050 3724//3855
f 3908//4085 3724//3855 3722//2370 3909//2411
f 3486//2343 3488//2342 3909//2411
f 3908//4085 3909//2411 3739//2372 3734//3863
f 3488//2342 3739//2372 3909//2411
f 3906//4084 3731//4052 3910//2428 3907//2426
f 3730//4051 3910//2428 3731//4052
f 3908//4085 3734//3863 3731//4052 3906//4084
f 3911//2145 3912//2412 3746//3873 3745//3872
f 3911//2145 3745//3872 3743//4057 3913//2150
f 3914//3950 3742//2374 3493//2376 3496//1978
f 3915//3951 3914//3950 3496//1978 3498//1977
f 3913//2150 3743//4057 3742//2374 3914//3950
f 3915//3951 3916//2148 3917//2413 3913//2150
f 3914//3950 3915//3951 3913//2150
f 3498//1977 3916//2148 3915//3951
f 3919//2414 3920//2152 3768//2130 3767//4063
f 3918//2149 3911//2145 3917//2413
f 3921//4086 3919//2414 3767//4063 3765//3884
f 3921//4086 3765//3884 3763//2377 3923//2416
f 3503//2348 3505//2347 3923//2416
f 3921//4086 3923//2416 3697//2417 3692//4043
f 3505//2347 3697//2417 3923//2416
f 3919//2414 3689//4041 3924//2452 3922//2415
f 3688//2467 3924//2452 3689//4041
f 3921//4086 3692//4043 3689//4041 3919//2414
f 3511//3736 3388//3697 3781//3898 3925//3953
f 3925//3953 3781//3898 3779//4068 3926//4087
f 3513//3738 3511//3736 3925//3953 3927//3955
f 3927//3955 3925//3953 3926//4087 3928//3956
f 3929//2159 3777//4067 3421//3715 3546//2356
f 3926//4087 3779//4068 3777//4067 3929//2159
f 3928//3956 3926//4087 3929//2159 3930//2158
f 3543//4025 3542//3757 3609//3790 3931//4088
f 3931//4088 3609//3790 3604//4029 3932//3958
f 3546//2356 3543//4025 3931//4088 3930//2158
f 3930//2158 3931//4088 3932//3958 3928//3956
f 3933//3959 3601//3783 3518//3744 3517//4023
f 3927//3955 3933//3959 3517//4023 3513//3738
f 3932//3958 3604//4029 3601//3783 3933//3959
f 3928//3956 3932//3958 3933//3959 3927//3955
f 3394//3704 3393//3703 3802//3919 3934//3960
f 3934//3960 3802//3919 3800//4072 3935//3961
f 3397//3706 3394//3704 3934//3960 3936//4089
f 3936//4089 3934//3960 3935//3961 3937//4090
f 3938//3964 3798//3916 3454//4018 3557//3765
f 3939//3965 3938//3964 3557//3765 3555//3764
f 3935//3961 3800//4072 3798//3916 3938//3964
f 3937//4090 3935//3961 3938//3964 3939//3965
f 3552//3762 3551//3761 3623//3801 3940//3966
f 3940//3966 3623//3801 3618//4032 3941//4091
f 3555//3764 3552//3762 3940//3966 3939//3965
f 3939//3965 3940//3966 3941//4091 3937//4090
f 3942//3968 3615//3793 3400//4013 3399//4012
f 3936//4089 3942//3968 3399//4012 3397//3706
f 3941//4091 3618//4032 3615//3793 3942//3968
f 3937//4090 3941//4091 3942//3968 3936//4089
f 3532//2164 3822//3932 3821//2063 3943//2161
f 3822//3932 3532//2164 3406//1929
f 3944//2317 3945//2160 3820//2064 3572//2319
f 3944//2317 3946//2163 3682//2418 3945//2160
f 3821//2063 3820//2064 3945//2160
f 3679//2165 3943//2161 3682//2418
f 3645//2490 3828//2076 3827//2386 3646//2367
f 3828//2076 3645//2490 3403//1992
f 3646//2367 3827//2386 3826//2075 3948//2419
f 3826//2075 3558//2299 3947//2166
f 3535//3755 3419//1938 3950//2420 3951//2171
f 3651//2031 3948//2419 3949//2168
f 3567//2009 3955//2422 3954//3969 3570//2362
f 3951//2171 3952//2170 3953//2421
f 3955//2422 3953//2421 3952//2170 3954//3969
f 3951//2171 3958//2176 3539//2433 3535//3755
f 3956//2172 3957//2423 3953//2421
f 3567//2009 3956//2172 3955//2422
f 3547//2357 3449//4016 3959//4092 3962//3971
f 3953//2421 3958//2176 3951//2171
f 3960//2177 3961//2179 3959//4092
f 3962//3971 3959//4092 3961//2179 3963//2181
f 3581//2020 3965//2424 3964//2178 3583//2024
f 3965//2424 3963//2181 3961//2179 3964//2178
f 3547//2357 3962//3971 3968//2295 3548//2257
f 3967//2291 3963//2181 3966//2180
f 3581//2020 3966//2180 3965//2424
f 3962//3971 3963//2181 3967//2291 3968//2295
f 3910//2428 3730//4051 3431//2123 3434//2427
f 3429//2335 3969//2184 3430//1943
f 3428//2425 3727//2185 3969//2184
f 3910//2428 3430//1943 3907//2426
f 3970//4093 3971//2312 3886//2311 3884//3947
f 3972//3973 3973//2314 3971//2312 3970//4093
f 3912//2412 3974//3974 3882//3946 3746//3873
f 3975//3975 3974//3974 3912//2412 3446//2146
f 3974//3974 3970//4093 3884//3947 3882//3946
f 3975//3975 3972//3973 3970//4093 3974//3974
f 3975//3975 3976//2485 3973//2314 3972//3973
f 3976//2485 3975//3975 3446//2146
f 3499//2345 3980//2192 3502//1982 3500//1980
f 3490//1973 3977//2189 3489//1974
f 3657//2384 3824//2383 3490//1973
f 3978//2094 3979//2431 3499//2345
f 3501//1983 3502//1982 3980//2192
f 3874//2199 3983//2197 3981//2432 3709//3847
f 3981//2432 3983//2197 3982//2195
f 3990//2207 3987//2482 4088//2438 3986//2437
f 3989//2208 3990//2207 3986//2437 3988//2439
f 3849//2090 3721//2371 3720//2442 3991//2441
f 3850//2436 3719//2205 3986//2437
f 3723//2047 3721//2371 3849//2090
f 3487//1970 3723//2047 3848//2440
f 3719//2205 3850//2436 3991//2441
f 3858//2098 3856//2430 3494//2213 3992//2212
f 3993//2444 3992//2212 3493//2376 3741//2375
f 3858//2098 3992//2212 3859//2100
f 3992//2212 3993//2444 3859//2100
f 3853//2394 3994//2443 3491//1975 3686//2429
f 3492//2050 3994//2443 3993//2444
f 3996//2220 3878//2116 3877//2217 3995//2445
f 3994//2443 3853//2394 3859//2100
f 3428//2425 3425//1945 3877//2217
f 3996//2220 3997//2219 3614//2446 3612//2026
f 3997//2219 3995//2445 3425//1945 3422//1939
f 3610//2025 3542//3757 3998//3976 3999//2222
f 3999//2222 3998//3976 4000//3977 4001//2221
f 3612//2026 3610//2025 3999//2222 3996//2220
f 4001//2221 4000//3977 3880//2201 3879//2117
f 3996//2220 4001//2221 3879//2117 3878//2116
f 4003//3978 3887//2121 3886//2311 4002//3979
f 4005//2229 4004//2223 3887//2121 4003//3978
f 3637//2224 4003//3978 4002//3979 4006//3980
f 4006//3980 3438//3718 3637//2224
f 4007//2447 4005//2229 4003//3978 3637//2224
f 4007//2447 3633//2225 3631//2366 4008//2448
f 3435//2365 4008//2448 3631//2366
f 4004//2223 4005//2229 4008//2448 3889//2404
f 3889//2404 3888//2119 4004//2223
f 3432//2227 3889//2404 4008//2448
f 4010//2449 3916//2148 3501//1983 4009//2486
f 4010//2449 4009//2486 3583//2024 3964//2178
f 3916//2148 4010//2449 4011//2230
f 3960//2177 4012//2232 4010//2449 3964//2178
f 3959//4092 3449//4016 3451//1958 4013//3981
f 4013//3981 3451//1958 3447//2339 4014//4094
f 4012//2232 3960//2177 3959//4092 4013//3981
f 4011//2230 4012//2232 4013//3981 4014//4094
f 3918//2149 4014//4094 3447//2339 3446//2146
f 3917//2413 4011//2230 4014//4094 3918//2149
f 4015//2233 3956//2172 3566//2360 3989//2208
f 4015//2233 3989//2208 3988//2439 3718//2234
f 4015//2233 4016//2235 3957//2423
f 3718//2234 3713//3850 4016//2235
f 4017//2450 3710//3848 3709//3847 3981//2432
f 3713//3850 3710//3848 4017//2450 4016//2235
f 4017//2450 3981//2432 3539//2433 3958//2176
f 3899//2136 4023//3983 4022//3984 3706//4046
f 4017//2450 3957//2423 4016//2235
f 3840//2389 4018//2237 4019//2239
f 4019//2239 4020//2238 4021//2242
f 3901//2138 4024//2451 4023//3983 3899//2136
f 4023//3983 4020//2238 4018//2237 4022//3984
f 4024//2451 4021//2242 4020//2238 4023//3983
f 3920//2152 3465//3730 3464//2135 3768//2130
f 4025//2240 4024//2451 3901//2138
f 3922//2415 3466//2246 3465//3730 3920//2152
f 3924//2452 3688//2467 4026//2268 4027//2244
f 4027//2244 4026//2268 3467//2080 3468//1961
f 4029//2252 3482//1965 4030//2250 4032//2454
f 4027//2244 3466//2246 3922//2415
f 3482//1965 4029//2252 3483//1966
f 3651//2031 4031//2248 4030//2250
f 4033//2455 4034//2302 3484//1969 3485//1968
f 4029//2252 4033//2455 3485//1968 3483//1966
f 3891//2128 4041//4095 4040//3986 3749//4059
f 4034//2302 4033//2455 4032//2454
f 3507//2458 4035//2457 3508//2351
f 3655//2459 3509//2349 3508//2351
f 4036//2255 4038//2461 4037//2460
f 3892//2408 4042//2463 4041//4095 3891//2128
f 4041//4095 4038//2461 4036//2255 4040//3986
f 4042//2463 4039//2462 4038//2461 4041//4095
f 4042//2463 3892//2408 3897//2474 4043//2260
f 4045//2264 4100//2489 3864//3942 4044//2262
f 4047//2294 4048//2263 4044//2262 3759//2292
f 4100//2489 4045//2264 4046//2464
f 4052//3987 3707//3843 3706//4046 4022//3984
f 4048//2263 4047//2294 4049//2267
f 4050//2266 4048//2263 4049//2267
f 4026//2268 3691//2465 3837//2387
f 3837//2387 4051//2466 3838//2078
f 3691//2465 3695//3836 4051//2466
f 4053//2272 4052//3987 4022//3984 4018//2237
f 4051//2466 3695//3836 4052//3987 4053//2272
f 3707//3843 4052//3987 3695//3836
f 3867//2468 3504//2346 3503//2348 3764//2378
f 4018//2237 3840//2389 3839//2084
f 4053//2272 3839//2084 4051//2466
f 3764//2378 3762//2379 3868//2395
f 4054//2274 3760//3881 3759//2292 4044//2262
f 3868//2395 3762//2379 3760//3881 4054//2274
f 3863//2396 4054//2274 4044//2262 3864//3942
f 4055//2470 3872//3943 3509//2349 3655//2459
f 4056//2279 3870//2110 3872//3943 4055//2470
f 3653//4039 4057//2471 4055//2470 3656//2469
f 4058//3988 4030//2250 4028//2453 4059//2112
f 4030//2250 4058//3988 3652//2472
f 3653//4039 3652//2472 4058//3988 4057//2471
f 4057//2471 4058//3988 4059//2112 4056//2279
f 4060//2283 3894//2134 3464//2135 3459//2473
f 4062//3989 3895//2133 3894//2134 4060//2283
f 4063//3990 4062//3989 4060//2283 4061//2282
f 3630//3806 4064//3991 3456//4019 3455//3725
f 3626//3804 4065//3992 4064//3991 3630//3806
f 4064//3991 4061//2282 3459//2473 3456//4019
f 4065//3992 4063//3990 4061//2282 4064//3991
f 3624//3802 3551//3761 4066//3993 4067//3994
f 4067//3994 4066//3993 4068//3995 4069//3996
f 3626//3804 3624//3802 4067//3994 4065//3992
f 4065//3992 4067//3994 4069//3996 4063//3990
f 4069//3996 4068//3995 4070//2475 3896//2285
f 3896//2285 3895//2133 4062//3989
f 4063//3990 4069//3996 3896//2285 4062//3989
f 3903//2139 3484//1969 4071//2301 4072//4096
f 3904//2143 3903//2139 4072//4096 4073//2288
f 4072//4096 4071//2301 3570//2362 3954//3969
f 4073//2288 4072//4096 3954//3969 3952//2170
f 3950//2420 3419//1938 3417//1936 4074//2476
f 3905//2142 4074//2476 3417//1936 3416//2241
f 3950//2420 4073//2288 3952//2170
f 4075//2289 3966//2180 3580//2022 4049//2267
f 4074//2476 3905//2142 3904//2143
f 4075//2289 4049//2267 4047//2294 3758//2293
f 3966//2180 4075//2289 3967//2291
f 3758//2293 3753//3877 4076//2477
f 4077//3998 3750//3875 3749//4059 4040//3986
f 4078//3999 4077//3998 4040//3986 4036//2255
f 4076//2477 3753//3877 3750//3875 4077//3998
f 3967//2291 4076//2477 4078//3999 3968//2295
f 4077//3998 4078//3999 4076//2477
f 4036//2255 3968//2295 4078//3999
f 4079//2296 3408//1932 3407//3712 3830//3933
f 4080//2297 4079//2296 3830//3933 3833//3936
f 4081//4097 3411//1933 4079//2296 4080//2297
f 4021//2242 4081//4097 4080//2297 4019//2239
f 4081//4097 4021//2242 4025//2240 3415//1935
f 3833//3936 3840//2389 4080//2297
f 4031//2248 3651//2031 3949//2168 4082//2478
f 3415//1935 3411//1933 4081//4097
f 4032//2454 4031//2248 4082//2478 4083//2300
f 4034//2302 3571//2013 4071//2301 3484//1969
f 3560//2006 3561//2005 4083//2300
f 3947//2166 3560//2006 4082//2478
f 3571//2013 4083//2300 3561//2005
f 4084//2479 3540//2303 3982//2195 3984//2434
f 3571//2013 4034//2302 4083//2300
f 3539//2433 3982//2195 3540//2303
f 4086//2480 4084//2479 3984//2434 3985//2435
f 3880//2201 4000//3977 4086//2480
f 3998//3976 3542//3757 3545//3756 4087//4001
f 4087//4001 3545//3756 3541//2354 4085//2304
f 4000//3977 3998//3976 4087//4001 4086//2480
f 4086//2480 4087//4001 4085//2304 4084//2479
f 3987//2482 3990//2207 3566//2360 3568//2010
f 3845//2309 4088//2438 3842//2481
f 3842//2481 4088//2438 3565//2308
f 4089//4098 3439//1948 3438//3718 4006//3980
f 4090//2483 4089//4098 4006//3980 4002//3979
f 3442//2337 3439//1948 4089//4098 4091//2484
f 4091//2484 3976//2485 3445//1953 3442//2337
f 4089//4098 4090//2483 4091//2484
f 4090//2483 3971//2312 3973//2314
f 4002//3979 3886//2311 4090//2483
f 3446//2146 3445//1953 3976//2485
f 3978//2094 3683//2093 3946//2163 4092//2318
f 3979//2431 3978//2094 4092//2318 4093//2320
f 3979//2431 4093//2320 4094//2487 3980//2192
f 3574//2017 3575//2363 4093//2320
f 3944//2317 3574//2017 4092//2318
f 4009//2486 4094//2487 3584//2023
f 3584//2023 4093//2320 3575//2363
f 4095//2325 3549//2003 4037//2460 4039//2462
f 4009//2486 3501//1983 4094//2487
f 3548//2257 4037//2460 3549//2003
f 4070//2475 4097//4003 4043//2260 3897//2474
f 4068//3995 4098//4004 4097//4003 4070//2475
f 4097//4003 4095//2325 4039//2462 4043//2260
f 4099//4005 4066//3993 3551//3761 3554//4026
f 4095//2325 4097//4003 4098//4004
f 4099//4005 3554//4026 3550//2324 4096//2488
f 4098//4004 4068//3995 4066//3993 4099//4005
f 4098//4004 4099//4005 4096//2488 4095//2325
f 4101//2329 4050//2266 3580//2022 3582//2021
f 3864//3942 4100//2489 3861//2326
f 3579//2327 4046//2464 4050//2266 4101//2329
f 4102//2492 3813//4078 3403//1992 3645//2490
f 4103//4006 3814//2060 3813//4078 4102//2492
f 4104//2334 4103//4006 4102//2492 3649//2491
f 4105//2493 3656//2469 3655//2459 4035//2457
f 4035//2457 3668//2456 3817//4079 4105//2493
f 3656//2469 4105//2493 3649//2491
f 3814//2060 4103//4006 3817//4079
f 4105//2493 3817//4079 4103//4006 4104//2334
f 4108//4099 4109//4100 4106//4101 4107//4102
f 4111//2587 4108//4099 4107//4102 4110//2525
f 4112//2495 4113//2494 4109//4100 4108//4099
f 4114//2498 4112//2495 4108//4099 4111//2587
f 4480//2586 4486//2886 4115//2497 4114//2498
f 4111//2587 4480//2586 4114//2498
f 5930//2614 4115//2497 4486//2886
f 4118//4103 4119//4104 4116//4105 4117//4106
f 4550//2496 4112//2495 4115//2497
f 4121//2621 4118//4103 4117//4106 4120//2542
f 4122//2500 4123//4107 4119//4104 4118//4103
f 4124//2501 4122//2500 4118//4103 4121//2621
f 4125//2620 5932//2883 4126//2885 4124//2501
f 4121//2621 4125//2620 4124//2501
f 4131//4108 4128//4109 4129//4110 4130//4111
f 4126//2885 4127//2499 4124//2501
f 4133//4112 4130//4111 4129//4110 4132//4113
f 4135//4114 4131//4108 4130//4111 4134//2503
f 4136//2506 4134//2503 4130//4111 4133//4112
f 4138//2623 4133//4112 4132//4113 4137//2538
f 4138//2623 4139//2601 4140//4115
f 4140//4115 4136//2506 4133//4112 4138//2623
f 4136//2506 4140//4115 4141//2598 4142//2505
f 4141//2598 4140//4115 4139//2601
f 4146//4116 4147//4117 4144//4118 4145//4119
f 4143//2502 4135//4114 4134//2503
f 5937//2504 4134//2503 4142//2505
f 4149//4120 4146//4116 4145//4119 4148//4121
f 4151//2558 4147//4117 4146//4116 4150//2511
f 4152//2512 4150//2511 4146//4116 4149//4120
f 4154//4122 4149//4120 4148//4121 4153//2532
f 4155//2508 4152//2512 4149//4120 4154//4122
f 4152//2512 4155//2508 4157//2507 4158//2510
f 4150//2511 5944//4123 5943//2559 4151//2558
f 4162//4124 4159//4125 4160//4126 4161//4127
f 5944//4123 4150//2511 4158//2510
f 4164//4128 4161//4127 4160//4126 4163//4129
f 4166//2568 4162//4124 4161//4127 4165//2513
f 4167//2514 4165//2513 4161//4127 4164//4128
f 4169//2604 4164//4128 4163//4129 4168//2529
f 4169//2604 4518//2603 4170//4130
f 4170//4130 4167//2514 4164//4128 4169//2604
f 4167//2514 4170//4130 4526//2605 4172//2515
f 4171//2894 4172//2515 4526//2605
f 4526//2605 4170//4130 4518//2603
f 4166//2568 4165//2513 5951//2895 5950//2566
f 4172//2515 4171//2894 5951//2895 4165//2513
f 4175//4131 4176//4132 4173//4133 4174//4134
f 4178//4135 4175//4131 4174//4134 4177//4136
f 4180//2573 4176//4132 4175//4131 4179//4137
f 4179//4137 4175//4131 4178//4135 4181//2519
f 4178//4135 4177//4136 4182//2523 4183//4138
f 4181//2519 4178//4135 4183//4138 5929//2520
f 4179//4137 5958//2900 5957//2574 4180//2573
f 4185//2899 4181//2519 4184//2516
f 4461//2517 4184//2516 5929//2520
f 4181//2519 4185//2899 5958//2900 4179//4137
f 4187//4139 4188//4140 4128//4109 4186//4141
f 4190//4142 4187//4139 4186//4141 4189//4143
f 4192//4144 4188//4140 4187//4139 4191//4145
f 4193//4146 4191//4145 4187//4139 4190//4142
f 4197//4147 4194//4148 4195//4149 4196//4150
f 4198//4151 4199//4152 4197//4147 4196//4150
f 4190//4142 4189//4143 4194//4148 4197//4147
f 4193//4146 4190//4142 4197//4147 4199//4152
f 4201//4153 4202//4154 4106//4101 4200//4155
f 4191//4145 4201//4153 4200//4155 4192//4144
f 4199//4152 4198//4151 4202//4154 4201//4153
f 4193//4146 4199//4152 4201//4153 4191//4145
f 4205//4156 4206//4157 4203//4158 4204//4159
f 4208//4160 4205//4156 4204//4159 4207//4161
f 4209//4162 4210//4163 4206//4157 4205//4156
f 4211//4164 4209//4162 4205//4156 4208//4160
f 4214//4165 4212//4166 4144//4118 4213//4167
f 4216//4168 4214//4165 4213//4167 4215//4169
f 4214//4165 4208//4160 4207//4161 4212//4166
f 4211//4164 4208//4160 4214//4165 4216//4168
f 4219//4170 4220//4171 4217//4172 4218//4173
f 4219//4170 4218//4173 4210//4163 4209//4162
f 4216//4168 4215//4169 4220//4171 4219//4170
f 4211//4164 4216//4168 4219//4170 4209//4162
f 4222//4174 4223//4175 4173//4133 4221//4176
f 4225//4177 4222//4174 4221//4176 4224//4178
f 4227//4179 4223//4175 4222//4174 4226//4180
f 4228//4181 4226//4180 4222//4174 4225//4177
f 4232//4182 4229//4183 4230//4184 4231//4185
f 4233//4186 4234//4187 4232//4182 4231//4185
f 4232//4182 4225//4177 4224//4178 4229//4183
f 4234//4187 4228//4181 4225//4177 4232//4182
f 4237//4188 4238//4189 4235//4190 4236//4191
f 4226//4180 4237//4188 4236//4191 4227//4179
f 4234//4187 4233//4186 4238//4189 4237//4188
f 4228//4181 4234//4187 4237//4188 4226//4180
f 4241//4192 4242//4193 4239//4194 4240//4195
f 4244//4196 4241//4192 4240//4195 4243//4197
f 4245//4198 4246//4199 4242//4193 4241//4192
f 4247//4200 4245//4198 4241//4192 4244//4196
f 4250//4201 4248//4202 4159//4125 4249//4203
f 4251//4204 4252//4205 4250//4201 4249//4203
f 4250//4201 4244//4196 4243//4197 4248//4202
f 4252//4205 4247//4200 4244//4196 4250//4201
f 4255//4206 4256//4207 4253//4208 4254//4209
f 4255//4206 4254//4209 4246//4199 4245//4198
f 4252//4205 4251//4204 4256//4207 4255//4206
f 4247//4200 4252//4205 4255//4206 4245//4198
f 4259//4210 4260//4211 4257//4212 4258//4213
f 4262//4214 4259//4210 4258//4213 4261//4215
f 4263//4216 4264//4217 4260//4211 4259//4210
f 4265//4218 4263//4216 4259//4210 4262//4214
f 4268//4219 4266//4220 4116//4105 4267//4221
f 4270//4222 4268//4219 4267//4221 4269//4223
f 4262//4214 4261//4215 4266//4220 4268//4219
f 4265//4218 4262//4214 4268//4219 4270//4222
f 4273//4224 4274//4225 4271//4226 4272//4227
f 4263//4216 4273//4224 4272//4227 4264//4217
f 4270//4222 4269//4223 4274//4225 4273//4224
f 4265//4218 4270//4222 4273//4224 4263//4216
f 4277//4228 4278//4229 4275//4230 4276//4231
f 4280//4232 4277//4228 4276//4231 4279//4233
f 4281//4234 4282//4235 4278//4229 4277//4228
f 4283//4236 4281//4234 4277//4228 4280//4232
f 4287//4237 4284//4238 4285//4239 4286//4240
f 4289//4241 4287//4237 4286//4240 4288//4242
f 4280//4232 4279//4233 4284//4238 4287//4237
f 4283//4236 4280//4232 4287//4237 4289//4241
f 4292//4243 4293//4244 4290//4245 4291//4246
f 4281//4234 4292//4243 4291//4246 4282//4235
f 4289//4241 4288//4242 4293//4244 4292//4243
f 4283//4236 4289//4241 4292//4243 4281//4234
f 4296//4247 4297//4248 4294//4249 4295//4250
f 4299//4251 4296//4247 4295//4250 4298//4252
f 4300//4253 4301//4254 4297//4248 4296//4247
f 4302//4255 4300//4253 4296//4247 4299//4251
f 4306//4256 4303//4257 4304//4258 4305//4259
f 4308//4260 4306//4256 4305//4259 4307//4261
f 4299//4251 4298//4252 4303//4257 4306//4256
f 4302//4255 4299//4251 4306//4256 4308//4260
f 4311//4262 4312//4263 4309//4264 4310//4265
f 4300//4253 4311//4262 4310//4265 4301//4254
f 4308//4260 4307//4261 4312//4263 4311//4262
f 4302//4255 4308//4260 4311//4262 4300//4253
f 4315//4266 4316//4267 4313//4268 4314//4269
f 4318//4270 4315//4266 4314//4269 4317//4271
f 4319//4272 4320//4273 4316//4267 4315//4266
f 4321//4274 4319//4272 4315//4266 4318//4270
f 4325//4275 4322//4276 4323//4277 4324//4278
f 4327//4279 4325//4275 4324//4278 4326//4280
f 4318//4270 4317//4271 4322//4276 4325//4275
f 4321//4274 4318//4270 4325//4275 4327//4279
f 4330//4281 4331//4282 4328//4283 4329//4284
f 4319//4272 4330//4281 4329//4284 4320//4273
f 4327//4279 4326//4280 4331//4282 4330//4281
f 4321//4274 4327//4279 4330//4281 4319//4272
f 4107//4102 4106//4101 4202//4154 4332//4285
f 4332//4285 4202//4154 4198//4151 4333//4286
f 4110//2525 4107//4102 4332//4285 4334//2526
f 4334//2526 4332//4285 4333//4286 4335//4287
f 4336//4288 4337//4289 4196//4150 4195//4149
f 4338//2522 4339//2521 4337//4289 4336//4288
f 4333//4286 4198//4151 4196//4150 4337//4289
f 4339//2521 4335//4287 4333//4286 4337//4289
f 4334//2526 4335//4287 4502//2595 4506//2524
f 4502//2595 4335//4287 4339//2521
f 4341//4290 4235//4190 4238//4189 4340//4291
f 4340//4291 4238//4189 4233//4186 4342//4292
f 4344//2589 4341//4290 4340//4291 4343//4293
f 4343//4293 4340//4291 4342//4292 4345//4294
f 4346//4295 4347//4296 4231//4185 4230//4184
f 4348//2528 4349//2527 4347//4296 4346//4295
f 4342//4292 4233//4186 4231//4185 4347//4296
f 4345//4294 4342//4292 4347//4296 4349//2527
f 4343//4293 4569//4297 4568//2590 4344//2589
f 4350//2625 4345//4294 4349//2527
f 4345//4294 4350//2625 4569//4297 4343//4293
f 4352//4298 4239//4194 4242//4193 4351//4299
f 4351//4299 4242//4193 4246//4199 4353//4300
f 4355//2533 4352//4298 4351//4299 4354//2534
f 4354//2534 4351//4299 4353//4300 4356//4301
f 4357//4302 4358//4303 4254//4209 4253//4208
f 4359//2531 4360//2530 4358//4303 4357//4302
f 4353//4300 4246//4199 4254//4209 4358//4303
f 4356//4301 4353//4300 4358//4303 4360//2530
f 4356//4301 4463//2583 4469//2535 4354//2534
f 4463//2583 4356//4301 4360//2530
f 4362//4304 4203//4158 4206//4157 4361//4305
f 4361//4305 4206//4157 4210//4163 4363//4306
f 4365//2618 4362//4304 4361//4305 4364//4307
f 4364//4307 4361//4305 4363//4306 4366//4308
f 4367//4309 4368//4310 4218//4173 4217//4172
f 4369//2537 4370//2536 4368//4310 4367//4309
f 4363//4306 4210//4163 4218//4173 4368//4310
f 4366//4308 4363//4306 4368//4310 4370//2536
f 4364//4307 4532//4311 4113//2494 4365//2618
f 4528//2610 4366//4308 4370//2536
f 4366//4308 4528//2610 4532//4311 4364//4307
f 4117//4106 4116//4105 4266//4220 4371//4312
f 4371//4312 4266//4220 4261//4215 4372//4313
f 4120//2542 4117//4106 4371//4312 4373//2543
f 4373//2543 4371//4312 4372//4313 4374//4314
f 4375//4315 4376//4316 4258//4213 4257//4212
f 4377//2541 4378//2540 4376//4316 4375//4315
f 4376//4316 4372//4313 4261//4215 4258//4213
f 4378//2540 4374//4314 4372//4313 4376//4316
f 4381//4317 4285//4239 4284//4238 4380//4318
f 4577//2544 4373//2543 4374//4314
f 4380//4318 4284//4238 4279//4233 4382//4319
f 4384//2548 4381//4317 4380//4318 4383//2549
f 4383//2549 4380//4318 4382//4319 4385//4320
f 4386//4321 4387//4322 4276//4231 4275//4230
f 4388//2547 4389//2546 4387//4322 4386//4321
f 4387//4322 4382//4319 4279//4233 4276//4231
f 4389//2546 4385//4320 4382//4319 4387//4322
f 4392//4323 4323//4277 4322//4276 4391//4324
f 4514//2550 4383//2549 4385//4320
f 4391//4324 4322//4276 4317//4271 4393//4325
f 4395//4326 4392//4323 4391//4324 4394//4327
f 4394//4327 4391//4324 4393//4325 4396//4328
f 4397//4329 4398//4330 4314//4269 4313//4268
f 4399//2553 4400//2552 4398//4330 4397//4329
f 4398//4330 4393//4325 4317//4271 4314//4269
f 4400//2552 4396//4328 4393//4325 4398//4330
f 4394//4327 4542//4331 4541//4332 4395//4326
f 4403//4333 4304//4258 4303//4257 4402//4334
f 4542//4331 4394//4327 4396//4328
f 4402//4334 4303//4257 4298//4252 4404//4335
f 4406//4336 4403//4333 4402//4334 4405//4337
f 4405//4337 4402//4334 4404//4335 4407//4338
f 4408//4339 4409//4340 4295//4250 4294//4249
f 4410//2556 4411//2555 4409//4340 4408//4339
f 4409//4340 4404//4335 4298//4252 4295//4250
f 4411//2555 4407//4338 4404//4335 4409//4340
f 4405//4337 4477//4341 4123//4107 4406//4336
f 4413//4342 4414//4343 4217//4172 4220//4171
f 4477//4341 4405//4337 4407//4338
f 4415//4344 4413//4342 4220//4171 4215//4169
f 4416//2561 4417//4345 4414//4343 4413//4342
f 4418//4346 4416//2561 4413//4342 4415//4344
f 4147//4117 4419//4347 4213//4167 4144//4118
f 4151//2558 4420//2557 4419//4347 4147//4117
f 4419//4347 4415//4344 4215//4169 4213//4167
f 4420//2557 4418//4346 4415//4344 4419//4347
f 4423//4348 4257//4212 4260//4211 4422//4349
f 4416//2561 4421//2560 4417//4345
f 5966//2562 4416//2561 4418//4346
f 4422//4349 4260//4211 4264//4217 4424//4350
f 4426//2887 4423//4348 4422//4349 4425//4351
f 4425//4351 4422//4349 4424//4350 4427//4352
f 4428//4353 4429//4354 4272//4227 4271//4226
f 4430//2564 4431//2563 4429//4354 4428//4353
f 4429//4354 4424//4350 4264//4217 4272//4227
f 4431//2563 4427//4352 4424//4350 4429//4354
f 4426//2887 4425//4351 5972//4355 4143//2502
f 4434//4356 4253//4208 4256//4207 4433//4357
f 5972//4355 4425//4351 4427//4352
f 4433//4357 4256//4207 4251//4204 4435//4358
f 4437//4359 4434//4356 4433//4357 4436//2570
f 4436//2570 4433//4357 4435//4358 4438//4360
f 4439//4361 4249//4203 4159//4125 4162//4124
f 4440//2567 4439//4361 4162//4124 4166//2568
f 4435//4358 4251//4204 4249//4203 4439//4361
f 4438//4360 4435//4358 4439//4361 4440//2567
f 4438//4360 4441//2904 5979//2571 4436//2570
f 4441//2904 4438//4360 4440//2567
f 4442//2569 4437//4359 4436//2570
f 4443//4362 4444//4363 4230//4184 4229//4183
f 4445//4364 4443//4362 4229//4183 4224//4178
f 4446//2576 4447//4365 4444//4363 4443//4362
f 4448//4366 4446//2576 4443//4362 4445//4364
f 4176//4132 4449//4367 4221//4176 4173//4133
f 4180//2573 4450//2572 4449//4367 4176//4132
f 4449//4367 4445//4364 4224//4178 4221//4176
f 4450//2572 4448//4366 4445//4364 4449//4367
f 4183//4138 4182//2523 4338//2522 4452//4368
f 4446//2576 4451//2575 4447//4365
f 5987//2577 4446//2576 4448//4366
f 5929//2520 4183//4138 4452//4368 4453//4369
f 4456//4370 4336//4288 4195//4149 4455//4371
f 4452//4368 4454//2578 4453//4369
f 4457//4372 4458//2579 4456//4370 4455//4371
f 4452//4368 4338//2522 4336//4288 4456//4370
f 4454//2578 4452//4368 4456//4370 4458//2579
f 4458//2579 4457//4372 4432//2565 4459//2580
f 4460//2581 4454//2578 4459//2580
f 4212//4166 4464//4373 4145//4119 4144//4118
f 4461//2517 5929//2520 4453//4369
f 4461//2517 4453//4369 4454//2578
f 4153//2532 4462//2582 4360//2530
f 4153//2532 4148//4121 4462//2582
f 4465//4374 4464//4373 4212//4166 4207//4161
f 4464//4373 4462//2582 4148//4121 4145//4119
f 4465//4374 4463//2583 4462//2582 4464//4373
f 4204//4159 4203//4158 4466//4375 4467//4376
f 4467//4376 4466//4375 4468//2584 4469//2535
f 4207//4161 4204//4159 4467//4376 4465//4374
f 4465//4374 4467//4376 4469//2535 4463//2583
f 4411//2555 4412//2554 4470//4377 4471//4378
f 4407//4338 4411//2555 4471//4378 4472//4379
f 4274//4225 4474//4380 4473//4381 4271//4226
f 4269//4223 4475//4382 4474//4380 4274//4225
f 4474//4380 4471//4378 4470//4377 4473//4381
f 4475//4382 4472//4379 4471//4378 4474//4380
f 4267//4221 4116//4105 4119//4104 4476//4383
f 4476//4383 4119//4104 4123//4107 4477//4341
f 4269//4223 4267//4221 4476//4383 4475//4382
f 4475//4382 4476//4383 4477//4341 4472//4379
f 4111//2587 4110//2525 4478//2596 4479//2585
f 4477//4341 4407//4338 4472//4379
f 4483//4384 4482//4385 4235//4190 4341//4290
f 4479//2585 4481//4386 4480//2586
f 4484//2588 4483//4384 4341//4290 4344//2589
f 4479//2585 4478//2596 4482//4385 4483//4384
f 4481//4386 4479//2585 4483//4384 4484//2588
f 4481//4386 4485//2628 5933//2615 4486//2886
f 4485//2628 4481//4386 4484//2588
f 4556//2593 4384//2548 4487//2597 4488//2591
f 4486//2886 4480//2586 4481//4386
f 4492//4387 4491//4388 4323//4277 4392//4323
f 4488//2591 4490//4389 4489//2592
f 4493//4390 4492//4387 4392//4323 4395//4326
f 4488//2591 4487//2597 4491//4388 4492//4387
f 4490//4389 4488//2591 4492//4387 4493//4390
f 4395//4326 4541//4332 4543//4391 4493//4390
f 4493//4390 4543//4391 4544//4392 4490//4389
f 4490//4389 4544//4392 5931//2611 4494//2884
f 4154//4122 4153//2532 4359//2531 4495//4393
f 4494//2884 4489//2592 4490//4389
f 4155//2508 4154//4122 4495//4393 4496//4394
f 4497//4395 4357//4302 4253//4208 4434//4356
f 4437//4359 4498//4396 4497//4395 4434//4356
f 4495//4393 4359//2531 4357//4302 4497//4395
f 4498//4396 4496//4394 4495//4393 4497//4395
f 4498//4396 4437//4359 4442//2569 4499//4397
f 4496//4394 4498//4396 4499//4397 4500//2908
f 4223//4175 4503//4398 4174//4134 4173//4133
f 4156//2509 4155//2508 4496//4394
f 5988//2890 4156//2509 4500//2908
f 4500//2908 4156//2509 4496//4394
f 4182//2523 4501//2594 4339//2521
f 4182//2523 4177//4136 4501//2594
f 4504//4399 4503//4398 4223//4175 4227//4179
f 4503//4398 4501//2594 4177//4136 4174//4134
f 4502//2595 4501//2594 4503//4398 4504//4399
f 4236//4191 4235//4190 4482//4385 4505//4400
f 4505//4400 4482//4385 4478//2596 4506//2524
f 4227//4179 4236//4191 4505//4400 4504//4399
f 4504//4399 4505//4400 4506//2524 4502//2595
f 4389//2546 4390//2545 4507//4401 4508//4402
f 4385//4320 4389//2546 4508//4402 4509//4403
f 4331//4282 4511//4404 4510//4405 4328//4283
f 4326//4280 4512//4406 4511//4404 4331//4282
f 4511//4404 4508//4402 4507//4401 4510//4405
f 4512//4406 4509//4403 4508//4402 4511//4404
f 4324//4278 4323//4277 4491//4388 4513//4407
f 4513//4407 4491//4388 4487//2597 4514//2550
f 4326//4280 4324//4278 4513//4407 4512//4406
f 4512//4406 4513//4407 4514//2550 4509//4403
f 4169//2604 4168//2529 4348//2528 4517//2602
f 4514//2550 4385//4320 4509//4403
f 4444//4363 4520//4408 4346//4295 4230//4184
f 4517//2602 4519//4409 4518//2603
f 4447//4365 4521//4410 4520//4408 4444//4363
f 4517//2602 4348//2528 4346//4295 4520//4408
f 4519//4409 4517//2602 4520//4408 4521//4410
f 4521//4410 4447//4365 4451//2575 4522//2914
f 4523//2608 4524//2607 4522//2914
f 4521//4410 4522//2914 4524//2607 4519//4409
f 4519//4409 4524//2607 4525//2606 4518//2603
f 6011//2893 4526//2605 4525//2606
f 4188//4140 4529//4411 4129//4110 4128//4109
f 4137//2538 4527//2609 4370//2536
f 4137//2538 4132//4113 4527//2609
f 4530//4412 4529//4411 4188//4140 4192//4144
f 4529//4411 4527//2609 4132//4113 4129//4110
f 4528//2610 4527//2609 4529//4411 4530//4412
f 4200//4155 4106//4101 4109//4100 4531//4413
f 4531//4413 4109//4100 4113//2494 4532//4311
f 4192//4144 4200//4155 4531//4413 4530//4412
f 4530//4412 4531//4413 4532//4311 4528//2610
f 4400//2552 4401//2551 4533//4414 4534//4415
f 4396//4328 4400//2552 4534//4415 4535//4416
f 4312//4263 4537//4417 4536//4418 4309//4264
f 4307//4261 4538//4419 4537//4417 4312//4263
f 4537//4417 4534//4415 4533//4414 4536//4418
f 4538//4419 4535//4416 4534//4415 4537//4417
f 4305//4259 4304//4258 4539//4420 4540//4421
f 4540//4421 4539//4420 4541//4332 4542//4331
f 4307//4261 4305//4259 4540//4421 4538//4419
f 4538//4419 4540//4421 4542//4331 4535//4416
f 4546//4422 4539//4420 4304//4258 4403//4333
f 4542//4331 4396//4328 4535//4416
f 4543//4391 4545//2612 4544//4392
f 4547//4423 4546//4422 4403//4333 4406//4336
f 4543//4391 4541//4332 4539//4420 4546//4422
f 4545//2612 4543//4391 4546//4422 4547//4423
f 4406//4336 4123//4107 4122//2500 4547//4423
f 4547//4423 4122//2500 4127//2499 4545//2612
f 4549//4424 4466//4375 4203//4158 4362//4304
f 5931//2611 4544//4392 4545//2612
f 5930//2614 4548//2617 4115//2497
f 5930//2614 4578//2613 4548//2617
f 4355//2533 4468//2584 4579//2616
f 4550//2496 4549//4424 4362//4304 4365//2618
f 4579//2616 4468//2584 4466//4375 4549//4424
f 4548//2617 4579//2616 4549//4424 4550//2496
f 4121//2621 4120//2542 4551//2626 4552//2619
f 4550//2496 4115//2497 4548//2617
f 4555//4425 4554//4426 4285//4239 4381//4317
f 4552//2619 4553//4427 4125//2620
f 4556//2593 4555//4425 4381//4317 4384//2548
f 4552//2619 4551//2626 4554//4426 4555//4425
f 4553//4427 4552//2619 4555//4425 4556//2593
f 4553//4427 4489//2592 4494//2884 5932//2883
f 4489//2592 4553//4427 4556//2593
f 4138//2623 4137//2538 4369//2537 4557//2622
f 5932//2883 4125//2620 4553//4427
f 4414//4343 4559//4428 4367//4309 4217//4172
f 4557//2622 4558//4429 4139//2601
f 4417//4345 4560//4430 4559//4428 4414//4343
f 4557//2622 4369//2537 4367//4309 4559//4428
f 4558//4429 4557//2622 4559//4428 4560//4430
f 4560//4430 4417//4345 4421//2560 4561//4431
f 4558//4429 4560//4430 4561//4431 4562//4432
f 4558//4429 4562//4432 4515//2599 4139//2601
f 4248//4202 4564//4433 4160//4126 4159//4125
f 4168//2529 4563//2624 4349//2527
f 4168//2529 4163//4129 4563//2624
f 4565//4434 4564//4433 4248//4202 4243//4197
f 4564//4433 4563//2624 4163//4129 4160//4126
f 4350//2625 4563//2624 4564//4433 4565//4434
f 4240//4195 4239//4194 4566//4435 4567//4436
f 4567//4436 4566//4435 4568//2590 4569//4297
f 4243//4197 4240//4195 4567//4436 4565//4434
f 4565//4434 4567//4436 4569//4297 4350//2625
f 4378//2540 4379//2539 4570//4437 4571//4438
f 4374//4314 4378//2540 4571//4438 4572//4439
f 4293//4244 4574//4440 4573//4441 4290//4245
f 4288//4242 4575//4442 4574//4440 4293//4244
f 4574//4440 4571//4438 4570//4437 4573//4441
f 4575//4442 4572//4439 4571//4438 4574//4440
f 4286//4240 4285//4239 4554//4426 4576//4443
f 4576//4443 4554//4426 4551//2626 4577//2544
f 4288//4242 4286//4240 4576//4443 4575//4442
f 4575//4442 4576//4443 4577//2544 4572//4439
f 4582//4444 4566//4435 4239//4194 4352//4298
f 4577//2544 4374//4314 4572//4439
f 4568//2590 4580//2627 4484//2588
f 4580//2627 4581//2629 4485//2628
f 4583//4445 4582//4444 4352//4298 4355//2533
f 4580//2627 4568//2590 4566//4435 4582//4444
f 4581//2629 4580//2627 4582//4444 4583//4445
f 4583//4445 4579//2616 4578//2613 4581//2629
f 4579//2616 4583//4445 4355//2533
f 4587//2646 4584//4446 4585//4447 4586//4448
f 5933//2615 4485//2628 4581//2629
f 4586//4448 4585//4447 4588//4449 4589//4450
f 4590//2631 4591//2647 4587//2646 4586//4448
f 4592//2632 4590//2631 4586//4448 4589//4450
f 4596//4451 4593//4452 4594//4453 4595//4454
f 4598//4455 4596//4451 4595//4454 4597//4456
f 4589//4450 4588//4449 4593//4452 4596//4451
f 4592//2632 4589//4450 4596//4451 4598//4455
f 4601//4457 4602//4458 4599//4459 4600//4460
f 4604//2630 4601//4457 4600//4460 4603//4461
f 4598//4455 4597//4456 4602//4458 4601//4457
f 4592//2632 4598//4455 4601//4457 4604//2630
f 4607//2650 4604//2630 4605//4462 4606//2651
f 4591//2647 4590//2631 4604//2630 4607//2650
f 4595//4454 4594//4453 4608//4463 4609//4464
f 4603//4461 4605//4462 4604//2630
f 4609//4464 4608//4463 4610//4465 4611//4466
f 4597//4456 4595//4454 4609//4464 4612//4467
f 4612//4467 4609//4464 4611//4466 4613//4468
f 4617//4469 4614//4470 4615//4471 4616//4472
f 4619//4473 4617//4469 4616//4472 4618//4474
f 4611//4466 4610//4465 4614//4470 4617//4469
f 4613//4468 4611//4466 4617//4469 4619//4473
f 4622//4475 4623//4476 4620//4477 4621//4478
f 4625//4479 4622//4475 4621//4478 4624//4480
f 4619//4473 4618//4474 4623//4476 4622//4475
f 4613//4468 4619//4473 4622//4475 4625//4479
f 4602//4458 4627//4481 4626//4482 4599//4459
f 4597//4456 4612//4467 4627//4481 4602//4458
f 4627//4481 4625//4479 4624//4480 4626//4482
f 4612//4467 4613//4468 4625//4479 4627//4481
f 4616//4472 4615//4471 4628//4483 4629//4484
f 4629//4484 4628//4483 4630//4485 4631//4486
f 4618//4474 4616//4472 4629//4484 4632//4487
f 4632//4487 4629//4484 4631//4486 4633//4488
f 4637//4489 4634//4490 4635//4491 4636//4492
f 4639//4493 4637//4489 4636//4492 4638//4494
f 4631//4486 4630//4485 4634//4490 4637//4489
f 4633//4488 4631//4486 4637//4489 4639//4493
f 4639//4493 4638//4494 4640//2693 4641//2692
f 4643//4495 4639//4493 4641//2692 4642//4496
f 4623//4476 4645//4497 4644//4498 4620//4477
f 4643//4495 4633//4488 4639//4493
f 4618//4474 4632//4487 4645//4497 4623//4476
f 4645//4497 4643//4495 4642//4496 4644//4498
f 4633//4488 4643//4495 4645//4497 4632//4487
f 4636//4492 4635//4491 4646//4499 4647//4500
f 4647//4500 4646//4499 4648//4501 4649//4502
f 4638//4494 4636//4492 4647//4500 4650//2633
f 4650//2633 4647//4500 4649//4502 4651//2634
f 4655//4503 4652//4504 4653//4505 4654//4506
f 4657//4507 4655//4503 4654//4506 4656//4508
f 4649//4502 4648//4501 4652//4504 4655//4503
f 4651//2634 4649//4502 4655//4503 4657//4507
f 4661//4509 4658//4510 4659//4511 4660//4512
f 4660//4512 4659//4511 4662//4513 4663//2635
f 4656//4508 4661//4509 4660//4512 4657//4507
f 4657//4507 4660//4512 4663//2635 4651//2634
f 4638//4494 4650//2633 4664//4514 4640//2693
f 4663//2635 4662//4513 4664//4514 4650//2633
f 4654//4506 4653//4505 4665//4515 4666//4516
f 4666//4516 4665//4515 4667//4517 4668//4518
f 4656//4508 4654//4506 4666//4516 4669//4519
f 4669//4519 4666//4516 4668//4518 4670//4520
f 4674//4521 4671//4522 4672//4523 4673//4524
f 4676//4525 4674//4521 4673//4524 4675//4526
f 4668//4518 4667//4517 4671//4522 4674//4521
f 4670//4520 4668//4518 4674//4521 4676//4525
f 4675//4526 4677//4527 4678//2700 4676//4525
f 4676//4525 4678//2700 4679//2702 4670//4520
f 4669//4519 4680//4528 4661//4509 4656//4508
f 4658//4510 4661//4509 4680//4528
f 4670//4520 4679//2702 4680//4528 4669//4519
f 4673//4524 4672//4523 4681//4529 4682//4530
f 4682//4530 4681//4529 4683//4531 4684//4532
f 4675//4526 4673//4524 4682//4530 4685//4533
f 4685//4533 4682//4530 4684//4532 4686//4534
f 4690//4535 4687//4536 4688//4537 4689//4538
f 4692//4539 4690//4535 4689//4538 4691//4540
f 4684//4532 4683//4531 4687//4536 4690//4535
f 4686//4534 4684//4532 4690//4535 4692//4539
f 4691//4540 4693//2706 4694//2708 4692//4539
f 4692//4539 4694//2708 4695//4541 4686//4534
f 4685//4533 4696//4542 4677//4527 4675//4526
f 4686//4534 4695//4541 4696//4542 4685//4533
f 4698//4543 4689//4538 4688//4537 4697//4544
f 4700//4545 4698//4543 4697//4544 4699//4546
f 4701//4547 4691//4540 4689//4538 4698//4543
f 4702//4548 4701//4547 4698//4543 4700//4545
f 4705//4549 4706//4550 4703//4551 4704//4552
f 4707//2638 4708//2637 4706//4550 4705//4549
f 4706//4550 4700//4545 4699//4546 4703//4551
f 4708//2637 4702//4548 4700//4545 4706//4550
f 4691//4540 4701//4547 4711//4553 4693//2706
f 4708//2637 4710//2639 4702//4548
f 4701//4547 4702//4548 4710//2639 4711//4553
f 4713//4554 4705//4549 4704//4552 4712//4555
f 4715//4556 4713//4554 4712//4555 4714//4557
f 4716//4558 4707//2638 4705//4549 4713//4554
f 4717//4559 4716//4558 4713//4554 4715//4556
f 4720//4560 4721//4561 4718//4562 4719//4563
f 4722//2642 4723//2641 4721//4561 4720//4560
f 4721//4561 4715//4556 4714//4557 4718//4562
f 4723//2641 4717//4559 4715//4556 4721//4561
f 4723//2641 4726//2640 4724//4564 4725//4565
f 4717//4559 4723//2641 4725//4565 4727//4566
f 4707//2638 4716//4558 4728//4567 4709//2636
f 4716//4558 4717//4559 4727//4566 4728//4567
f 4730//4568 4720//4560 4719//4563 4729//4569
f 4732//4570 4730//4568 4729//4569 4731//4571
f 4733//4572 4722//2642 4720//4560 4730//4568
f 4734//4573 4733//4572 4730//4568 4732//4570
f 4737//4574 4738//4575 4735//4576 4736//4577
f 4739//2644 4740//4578 4738//4575 4737//4574
f 4738//4575 4732//4570 4731//4571 4735//4576
f 4740//4578 4734//4573 4732//4570 4738//4575
f 4739//2644 4741//2723 4742//2725 4740//4578
f 4734//4573 4740//4578 4742//2725 4743//4579
f 4726//2640 4745//4580 4744//4581 4724//4564
f 4722//2642 4733//4572 4745//4580 4726//2640
f 4745//4580 4734//4573 4743//4579 4744//4581
f 4747//4582 4737//4574 4736//4577 4746//4583
f 4734//4573 4745//4580 4733//4572
f 4749//4584 4747//4582 4746//4583 4748//4585
f 4750//2645 4739//2644 4737//4574 4747//4582
f 4751//4586 4750//2645 4747//4582 4749//4584
f 4754//4587 4755//4588 4752//4589 4753//4590
f 4756//4591 4757//4592 4755//4588 4754//4587
f 4755//4588 4749//4584 4748//4585 4752//4589
f 4757//4592 4751//4586 4749//4584 4755//4588
f 4761//4593 4758//4594 4759//4595 4760//4596
f 4760//4596 4759//4595 4762//4597 4763//4598
f 4756//4591 4761//4593 4760//4596 4757//4592
f 4751//4586 4757//4592 4760//4596 4763//4598
f 4765//2643 4764//4599 4741//2723 4739//2644
f 4763//4598 4762//4597 4764//4599 4765//2643
f 4750//2645 4751//4586 4763//4598 4765//2643
f 4767//4600 4754//4587 4753//4590 4766//4601
f 4769//4602 4767//4600 4766//4601 4768//4603
f 4770//4604 4756//4591 4754//4587 4767//4600
f 4771//4605 4770//4604 4767//4600 4769//4602
f 4774//4606 4775//4607 4772//4608 4773//4609
f 4776//4610 4777//4611 4775//4607 4774//4606
f 4775//4607 4769//4602 4768//4603 4772//4608
f 4777//4611 4771//4605 4769//4602 4775//4607
f 4781//4612 4778//4613 4779//4614 4780//4615
f 4780//4615 4779//4614 4782//4616 4783//4617
f 4776//4610 4781//4612 4780//4615 4777//4611
f 4777//4611 4780//4615 4783//4617 4771//4605
f 4785//4618 4784//4619 4758//4594 4761//4593
f 4770//4604 4785//4618 4761//4593 4756//4591
f 4783//4617 4782//4616 4784//4619 4785//4618
f 4771//4605 4783//4617 4785//4618 4770//4604
f 4787//4620 4774//4606 4773//4609 4786//4621
f 4789//2648 4787//4620 4786//4621 4788//4622
f 4790//4623 4776//4610 4774//4606 4787//4620
f 4791//4624 4790//4623 4787//4620 4789//2648
f 4587//2646 4789//2648 4792//4625 4584//4446
f 4607//2650 4793//2649 4794//2654 4795//2653
f 4788//4622 4792//4625 4789//2648
f 4789//2648 4591//2647 4791//4624
f 4591//2647 4607//2650 4795//2653 4791//4624
f 4795//2653 4796//2652 4778//4613 4781//4612
f 4790//4623 4795//2653 4781//4612 4776//4610
f 4798//2656 4800//2857 5905//2659 4805//2661
f 4795//2653 4790//4623 4791//4624
f 4801//2660 4802//2704 4803//2712
f 4803//2712 4804//2658 4801//2660
f 4801//2660 5905//2659 4800//2857
f 4809//4626 4806//4627 4807//4628 4808//4629
f 4808//4629 4807//4628 4810//4630 4811//4631
f 4813//4632 4809//4626 4808//4629 4812//4633
f 4812//4633 4808//4629 4811//4631 4814//4634
f 4593//4452 4816//4635 4815//4636 4594//4453
f 4817//4637 4816//4635 4593//4452 4588//4449
f 4811//4631 4810//4630 4815//4636 4816//4635
f 4814//4634 4811//4631 4816//4635 4817//4637
f 4585//4447 4584//4446 4818//4638 4819//4639
f 4819//4639 4818//4638 4820//4640 4821//4641
f 4588//4449 4585//4447 4819//4639 4817//4637
f 4817//4637 4819//4639 4821//4641 4814//4634
f 4825//4642 4822//4643 4823//4644 4824//4645
f 4812//4633 4825//4642 4824//4645 4813//4632
f 4821//4641 4820//4640 4822//4643 4825//4642
f 4814//4634 4821//4641 4825//4642 4812//4633
f 4829//4646 4826//4647 4827//4648 4828//4649
f 4828//4649 4827//4648 4830//4650 4831//4651
f 4833//4652 4829//4646 4828//4649 4832//4653
f 4832//4653 4828//4649 4831//4651 4834//4654
f 4614//4470 4836//4655 4835//4656 4615//4471
f 4610//4465 4837//4657 4836//4655 4614//4470
f 4831//4651 4830//4650 4835//4656 4836//4655
f 4834//4654 4831//4651 4836//4655 4837//4657
f 4838//4658 4608//4463 4594//4453 4815//4636
f 4838//4658 4815//4636 4810//4630 4839//4659
f 4837//4657 4610//4465 4608//4463 4838//4658
f 4837//4657 4838//4658 4839//4659 4834//4654
f 4841//4660 4807//4628 4806//4627 4840//4661
f 4832//4653 4841//4660 4840//4661 4833//4652
f 4839//4659 4810//4630 4807//4628 4841//4660
f 4834//4654 4839//4659 4841//4660 4832//4653
f 4845//4662 4842//4663 4843//4664 4844//4665
f 4844//4665 4843//4664 4846//4666 4847//4667
f 4849//4668 4845//4662 4844//4665 4848//4669
f 4848//4669 4844//4665 4847//4667 4850//4670
f 4634//4490 4852//4671 4851//4672 4635//4491
f 4630//4485 4853//4673 4852//4671 4634//4490
f 4847//4667 4846//4666 4851//4672 4852//4671
f 4850//4670 4847//4667 4852//4671 4853//4673
f 4854//4674 4628//4483 4615//4471 4835//4656
f 4854//4674 4835//4656 4830//4650 4855//4675
f 4853//4673 4630//4485 4628//4483 4854//4674
f 4853//4673 4854//4674 4855//4675 4850//4670
f 4857//4676 4827//4648 4826//4647 4856//4677
f 4848//4669 4857//4676 4856//4677 4849//4668
f 4855//4675 4830//4650 4827//4648 4857//4676
f 4850//4670 4855//4675 4857//4676 4848//4669
f 4861//2667 4858//4678 4859//4679 4860//4680
f 4860//4680 4859//4679 4862//4681 4863//4682
f 4865//2668 4861//2667 4860//4680 4864//4683
f 4864//4683 4860//4680 4863//4682 4866//4684
f 4652//4504 4868//4685 4867//4686 4653//4505
f 4648//4501 4869//4687 4868//4685 4652//4504
f 4868//4685 4863//4682 4862//4681 4867//4686
f 4869//4687 4866//4684 4863//4682 4868//4685
f 4870//4688 4646//4499 4635//4491 4851//4672
f 4870//4688 4851//4672 4846//4666 4871//4689
f 4869//4687 4648//4501 4646//4499 4870//4688
f 4869//4687 4870//4688 4871//4689 4866//4684
f 4873//4690 4843//4664 4842//4663 4872//2673
f 4864//4683 4873//4690 4872//2673 4865//2668
f 4871//4689 4846//4666 4843//4664 4873//4690
f 4866//4684 4871//4689 4873//4690 4864//4683
f 4877//4691 4874//4692 4875//4693 4876//4694
f 4876//4694 4875//4693 4878//4695 4879//4696
f 4881//4697 4877//4691 4876//4694 4880//4698
f 4880//4698 4876//4694 4879//4696 4882//4699
f 4671//4522 4884//4700 4883//4701 4672//4523
f 4667//4517 4885//4702 4884//4700 4671//4522
f 4884//4700 4879//4696 4878//4695 4883//4701
f 4885//4702 4882//4699 4879//4696 4884//4700
f 4886//4703 4665//4515 4653//4505 4867//4686
f 4887//4704 4886//4703 4867//4686 4862//4681
f 4885//4702 4667//4517 4665//4515 4886//4703
f 4882//4699 4885//4702 4886//4703 4887//4704
f 4889//4705 4859//4679 4858//4678 4888//4706
f 4880//4698 4889//4705 4888//4706 4881//4697
f 4887//4704 4862//4681 4859//4679 4889//4705
f 4882//4699 4887//4704 4889//4705 4880//4698
f 4893//4707 4890//4708 4891//4709 4892//4710
f 4892//4710 4891//4709 4894//4711 4895//4712
f 4897//4713 4893//4707 4892//4710 4896//4714
f 4896//4714 4892//4710 4895//4712 4898//4715
f 4687//4536 4900//4716 4899//4717 4688//4537
f 4683//4531 4901//4718 4900//4716 4687//4536
f 4900//4716 4895//4712 4894//4711 4899//4717
f 4901//4718 4898//4715 4895//4712 4900//4716
f 4902//4719 4681//4529 4672//4523 4883//4701
f 4903//4720 4902//4719 4883//4701 4878//4695
f 4901//4718 4683//4531 4681//4529 4902//4719
f 4898//4715 4901//4718 4902//4719 4903//4720
f 4905//4721 4875//4693 4874//4692 4904//4722
f 4896//4714 4905//4721 4904//4722 4897//4713
f 4903//4720 4878//4695 4875//4693 4905//4721
f 4898//4715 4903//4720 4905//4721 4896//4714
f 4908//4723 4909//4724 4906//4725 4907//4726
f 4911//4727 4908//4723 4907//4726 4910//4728
f 4912//4729 4913//4730 4909//4724 4908//4723
f 4914//4731 4912//4729 4908//4723 4911//4727
f 4916//4732 4915//4733 4704//4552 4703//4551
f 4917//4734 4916//4732 4703//4551 4699//4546
f 4911//4727 4910//4728 4915//4733 4916//4732
f 4914//4731 4911//4727 4916//4732 4917//4734
f 4697//4544 4688//4537 4899//4717 4918//4735
f 4918//4735 4899//4717 4894//4711 4919//4736
f 4699//4546 4697//4544 4918//4735 4917//4734
f 4917//4734 4918//4735 4919//4736 4914//4731
f 4920//4737 4921//4738 4891//4709 4890//4708
f 4913//4730 4912//4729 4921//4738 4920//4737
f 4921//4738 4919//4736 4894//4711 4891//4709
f 4912//4729 4914//4731 4919//4736 4921//4738
f 4924//4739 4925//4740 4922//4741 4923//4742
f 4927//4743 4924//4739 4923//4742 4926//4744
f 4928//4745 4929//4746 4925//4740 4924//4739
f 4930//4747 4928//4745 4924//4739 4927//4743
f 4932//4748 4931//4749 4719//4563 4718//4562
f 4933//4750 4932//4748 4718//4562 4714//4557
f 4927//4743 4926//4744 4931//4749 4932//4748
f 4930//4747 4927//4743 4932//4748 4933//4750
f 4712//4555 4704//4552 4915//4733 4934//4751
f 4934//4751 4915//4733 4910//4728 4935//4752
f 4714//4557 4712//4555 4934//4751 4933//4750
f 4933//4750 4934//4751 4935//4752 4930//4747
f 4936//4753 4937//4754 4907//4726 4906//4725
f 4929//4746 4928//4745 4937//4754 4936//4753
f 4937//4754 4935//4752 4910//4728 4907//4726
f 4928//4745 4930//4747 4935//4752 4937//4754
f 4940//4755 4941//4756 4938//4757 4939//4758
f 4943//4759 4940//4755 4939//4758 4942//4760
f 4944//4761 4945//2679 4941//4756 4940//4755
f 4946//4762 4944//4761 4940//4755 4943//4759
f 4948//4763 4947//4764 4736//4577 4735//4576
f 4949//4765 4948//4763 4735//4576 4731//4571
f 4948//4763 4943//4759 4942//4760 4947//4764
f 4949//4765 4946//4762 4943//4759 4948//4763
f 4729//4569 4719//4563 4931//4749 4950//4766
f 4950//4766 4931//4749 4926//4744 4951//4767
f 4731//4571 4729//4569 4950//4766 4949//4765
f 4949//4765 4950//4766 4951//4767 4946//4762
f 4952//4768 4953//4769 4923//4742 4922//4741
f 4945//2679 4944//4761 4953//4769 4952//4768
f 4953//4769 4951//4767 4926//4744 4923//4742
f 4944//4761 4946//4762 4951//4767 4953//4769
f 4956//4770 4957//4771 4954//4772 4955//4773
f 4959//4774 4956//4770 4955//4773 4958//4775
f 4960//4776 4961//4777 4957//4771 4956//4770
f 4962//4778 4960//4776 4956//4770 4959//4774
f 4964//4779 4963//4780 4753//4590 4752//4589
f 4965//4781 4964//4779 4752//4589 4748//4585
f 4964//4779 4959//4774 4958//4775 4963//4780
f 4965//4781 4962//4778 4959//4774 4964//4779
f 4746//4583 4736//4577 4947//4764 4966//4782
f 4967//4783 4966//4782 4947//4764 4942//4760
f 4748//4585 4746//4583 4966//4782 4965//4781
f 4962//4778 4965//4781 4966//4782 4967//4783
f 4968//4784 4969//4785 4939//4758 4938//4757
f 4961//4777 4960//4776 4969//4785 4968//4784
f 4969//4785 4967//4783 4942//4760 4939//4758
f 4960//4776 4962//4778 4967//4783 4969//4785
f 4972//4786 4973//4787 4970//4788 4971//4789
f 4975//4790 4972//4786 4971//4789 4974//4791
f 4976//4792 4977//4793 4973//4787 4972//4786
f 4978//4794 4976//4792 4972//4786 4975//4790
f 4980//4795 4979//4796 4773//4609 4772//4608
f 4981//4797 4980//4795 4772//4608 4768//4603
f 4980//4795 4975//4790 4974//4791 4979//4796
f 4981//4797 4978//4794 4975//4790 4980//4795
f 4766//4601 4753//4590 4963//4780 4982//4798
f 4983//4799 4982//4798 4963//4780 4958//4775
f 4768//4603 4766//4601 4982//4798 4981//4797
f 4978//4794 4981//4797 4982//4798 4983//4799
f 4984//4800 4985//4801 4955//4773 4954//4772
f 4977//4793 4976//4792 4985//4801 4984//4800
f 4985//4801 4983//4799 4958//4775 4955//4773
f 4976//4792 4978//4794 4983//4799 4985//4801
f 4986//4802 4987//4803 4823//4644 4822//4643
f 4988//4804 4986//4802 4822//4643 4820//4640
f 4989//4805 4990//4806 4987//4803 4986//4802
f 4991//4807 4989//4805 4986//4802 4988//4804
f 4792//4625 4992//4808 4818//4638 4584//4446
f 4788//4622 4993//4809 4992//4808 4792//4625
f 4992//4808 4988//4804 4820//4640 4818//4638
f 4993//4809 4991//4807 4988//4804 4992//4808
f 4786//4621 4773//4609 4979//4796 4994//4810
f 4995//4811 4994//4810 4979//4796 4974//4791
f 4993//4809 4788//4622 4786//4621 4994//4810
f 4991//4807 4993//4809 4994//4810 4995//4811
f 4996//4812 4997//4813 4971//4789 4970//4788
f 4990//4806 4989//4805 4997//4813 4996//4812
f 4997//4813 4995//4811 4974//4791 4971//4789
f 4989//4805 4991//4807 4995//4811 4997//4813
f 5001//4814 4998//4815 4999//4816 5000//4817
f 5000//4817 4999//4816 5002//4818 5003//4819
f 5005//4820 5001//4814 5000//4817 5004//4821
f 5004//4821 5000//4817 5003//4819 5006//4822
f 5008//4823 5007//4824 4806//4627 4809//4626
f 5009//4825 5008//4823 4809//4626 4813//4632
f 5003//4819 5002//4818 5007//4824 5008//4823
f 5006//4822 5003//4819 5008//4823 5009//4825
f 4824//4645 4823//4644 5010//4826 5011//4827
f 5011//4827 5010//4826 5012//4828 5013//4829
f 4813//4632 4824//4645 5011//4827 5009//4825
f 5009//4825 5011//4827 5013//4829 5006//4822
f 5017//4830 5014//4831 5015//1530 5016//4832
f 5004//4821 5017//4830 5016//4832 5005//4820
f 5013//4829 5012//4828 5014//4831 5017//4830
f 5006//4822 5013//4829 5017//4830 5004//4821
f 5021//4833 5018//4834 5019//4835 5020//4836
f 5020//4836 5019//4835 5022//4837 5023//4838
f 5025//4839 5021//4833 5020//4836 5024//4840
f 5024//4840 5020//4836 5023//4838 5026//4841
f 5028//4842 5027//4843 4826//4647 4829//4646
f 5029//4844 5028//4842 4829//4646 4833//4652
f 5023//4838 5022//4837 5027//4843 5028//4842
f 5026//4841 5023//4838 5028//4842 5029//4844
f 4840//4661 4806//4627 5007//4824 5030//4845
f 5030//4845 5007//4824 5002//4818 5031//4846
f 4833//4652 4840//4661 5030//4845 5029//4844
f 5029//4844 5030//4845 5031//4846 5026//4841
f 5033//4847 4999//4816 4998//4815 5032//4848
f 5024//4840 5033//4847 5032//4848 5025//4839
f 5031//4846 5002//4818 4999//4816 5033//4847
f 5026//4841 5031//4846 5033//4847 5024//4840
f 5037//4849 5034//111 5035//4850 5036//4851
f 5036//4851 5035//4850 5038//2670 5039//4852
f 5041//4853 5037//4849 5036//4851 5040//4854
f 5040//4854 5036//4851 5039//4852 5042//4855
f 5044//4856 5043//2672 4842//4663 4845//4662
f 5045//4857 5044//4856 4845//4662 4849//4668
f 5039//4852 5038//2670 5043//2672 5044//4856
f 5042//4855 5039//4852 5044//4856 5045//4857
f 4856//4677 4826//4647 5027//4843 5046//4858
f 5046//4858 5027//4843 5022//4837 5047//4859
f 4849//4668 4856//4677 5046//4858 5045//4857
f 5045//4857 5046//4858 5047//4859 5042//4855
f 5049//4860 5019//4835 5018//4834 5048//4861
f 5040//4854 5049//4860 5048//4861 5041//4853
f 5047//4859 5022//4837 5019//4835 5049//4860
f 5042//4855 5047//4859 5049//4860 5040//4854
f 5053//2665 5056//2669 4858//4678 4861//2667
f 5051//2662 5053//2665 5052//2663
f 5052//2663 5054//2666 5055//4862
f 4872//2673 4842//4663 5043//2672 5057//2671
f 5053//2665 4865//2668 5054//2666
f 5059//2674 5035//4850 5034//111 5058//4863
f 5057//2671 5054//2666 4865//2668
f 5054//2666 5059//2674 5058//4863 5055//4862
f 5057//2671 5038//2670 5035//4850 5059//2674
f 5063//4864 5060//4865 5061//4866 5062//4867
f 5065//4868 5063//4864 5062//4867 5064//4869
f 5067//4870 5066//4871 4874//4692 4877//4691
f 5068//4872 5067//4870 4877//4691 4881//4697
f 5062//4867 5061//4866 5066//4871 5067//4870
f 5064//4869 5062//4867 5067//4870 5068//4872
f 4888//4706 4858//4678 5056//2669 5069//4873
f 5069//4873 5056//2669 5051//2662 5070//4874
f 4881//4697 4888//4706 5069//4873 5068//4872
f 5068//4872 5069//4873 5070//4874 5064//4869
f 5070//4874 5051//2662 5050//2664 5071//4875
f 5064//4869 5070//4874 5071//4875 5065//4868
f 5075//4876 5072//4877 5073//4878 5074//4879
f 5077//4880 5075//4876 5074//4879 5076//4881
f 5079//4882 5078//4883 4890//4708 4893//4707
f 5080//4884 5079//4882 4893//4707 4897//4713
f 5074//4879 5073//4878 5078//4883 5079//4882
f 5076//4881 5074//4879 5079//4882 5080//4884
f 4904//4722 4874//4692 5066//4871 5081//4885
f 5081//4885 5066//4871 5061//4866 5082//4886
f 4897//4713 4904//4722 5081//4885 5080//4884
f 5080//4884 5081//4885 5082//4886 5076//4881
f 5082//4886 5061//4866 5060//4865 5083//4887
f 5076//4881 5082//4886 5083//4887 5077//4880
f 4909//4724 5088//4888 5087//4889 4906//4725
f 4913//4730 5089//4890 5088//4888 4909//4724
f 5088//4888 5085//4891 5084//2675 5087//4889
f 5089//4890 5086//2774 5085//4891 5088//4888
f 5090//4892 4920//4737 4890//4708 5078//4883
f 5091//4893 5090//4892 5078//4883 5073//4878
f 5089//4890 4913//4730 4920//4737 5090//4892
f 5086//2774 5089//4890 5090//4892 5091//4893
f 5092//2775 5091//4893 5073//4878 5072//4877
f 5095//4894 5096//4895 5093//4896 5094//2684
f 5091//4893 5092//2775 5086//2774
f 5097//4897 5098//2777 5096//4895 5095//4894
f 4925//4740 5100//4898 5099//4899 4922//4741
f 4929//4746 5101//4900 5100//4898 4925//4740
f 5100//4898 5095//4894 5094//2684 5099//4899
f 5101//4900 5097//4897 5095//4894 5100//4898
f 5102//4901 4936//4753 4906//4725 5087//4889
f 5103//2677 5102//4901 5087//4889 5084//2675
f 5101//4900 4929//4746 4936//4753 5102//4901
f 5097//4897 5101//4900 5102//4901 5103//2677
f 5098//2777 5097//4897 5103//2677 5104//2676
f 5107//4902 5108//4903 5105//106 5106//4904
f 5110//2678 5107//4902 5106//4904 5109//4905
f 5111//2680 5112//2683 5108//4903 5107//4902
f 4941//4756 5110//2678 5113//4906 4938//4757
f 5107//4902 5110//2678 5111//2680
f 5114//2681 4952//4768 4922//4741 5099//4899
f 5110//2678 4941//4756 4945//2679
f 5109//4905 5113//4906 5110//2678
f 5118//4907 5119//4908 5116//4909 5117//4910
f 5099//4899 5094//2684 5114//2681
f 4952//4768 5114//2681 4945//2679
f 5094//2684 5093//4896 5115//2682
f 5114//2681 5115//2682 5111//2680
f 5121//4911 5118//4907 5117//4910 5120//4912
f 5122//4913 5123//4914 5119//4908 5118//4907
f 5124//4915 5122//4913 5118//4907 5121//4911
f 4957//4771 5126//4916 5125//4917 4954//4772
f 4961//4777 5127//4918 5126//4916 4957//4771
f 5126//4916 5121//4911 5120//4912 5125//4917
f 5127//4918 5124//4915 5121//4911 5126//4916
f 5128//4919 4968//4784 4938//4757 5113//4906
f 5129//4920 5128//4919 5113//4906 5109//4905
f 5127//4918 4961//4777 4968//4784 5128//4919
f 5124//4915 5127//4918 5128//4919 5129//4920
f 5130//4921 5131//4922 5106//4904 5105//106
f 5123//4914 5122//4913 5131//4922 5130//4921
f 5131//4922 5129//4920 5109//4905 5106//4904
f 5122//4913 5124//4915 5129//4920 5131//4922
f 5134//4923 5135//4924 5132//4925 5133//4926
f 5137//4927 5134//4923 5133//4926 5136//4928
f 5138//4929 5139//4930 5135//4924 5134//4923
f 5140//4931 5138//4929 5134//4923 5137//4927
f 4973//4787 5142//4932 5141//4933 4970//4788
f 4977//4793 5143//4934 5142//4932 4973//4787
f 5142//4932 5137//4927 5136//4928 5141//4933
f 5143//4934 5140//4931 5137//4927 5142//4932
f 5144//4935 4984//4800 4954//4772 5125//4917
f 5145//4936 5144//4935 5125//4917 5120//4912
f 5143//4934 4977//4793 4984//4800 5144//4935
f 5140//4931 5143//4934 5144//4935 5145//4936
f 5146//4937 5147//4938 5117//4910 5116//4909
f 5139//4930 5138//4929 5147//4938 5146//4937
f 5147//4938 5145//4936 5120//4912 5117//4910
f 5138//4929 5140//4931 5145//4936 5147//4938
f 5148//4939 5149//4940 5015//1530 5014//4831
f 5150//4941 5148//4939 5014//4831 5012//4828
f 5151//4942 5152//4943 5149//4940 5148//4939
f 5153//4944 5151//4942 5148//4939 5150//4941
f 4987//4803 5154//4945 5010//4826 4823//4644
f 4990//4806 5155//4946 5154//4945 4987//4803
f 5154//4945 5150//4941 5012//4828 5010//4826
f 5155//4946 5153//4944 5150//4941 5154//4945
f 5156//4947 4996//4812 4970//4788 5141//4933
f 5157//4948 5156//4947 5141//4933 5136//4928
f 5155//4946 4990//4806 4996//4812 5156//4947
f 5153//4944 5155//4946 5156//4947 5157//4948
f 5158//4949 5159//4950 5133//4926 5132//4925
f 5152//4943 5151//4942 5159//4950 5158//4949
f 5159//4950 5157//4948 5136//4928 5133//4926
f 5151//4942 5153//4944 5157//4948 5159//4950
f 4600//4460 4599//4459 5160//4951 5161//4952
f 4603//4461 4600//4460 5161//4952 5162//4953
f 5165//2686 5166//2685 5163//4954 5164//2858
f 5166//2685 5161//4952 5160//4951 5163//4954
f 5167//2687 5162//4953 5161//4952 5166//2685
f 5162//4953 5167//2687 5168//4955 5169//4956
f 4797//2655 5168//4955 5167//2687
f 4605//4462 5162//4953 5169//4956 4606//2651
f 5174//4957 5171//4958 5172//2861 5173//2863
f 4605//4462 4603//4461 5162//4953
f 4621//4478 5170//4959 4624//4480
f 5175//2690 5176//2689 5174//4957 5173//2863
f 4621//4478 4620//4477 5171//4958 5174//4957
f 5170//4959 4621//4478 5174//4957 5176//2689
f 5176//2689 5177//2688 5164//2858 5163//4954
f 5178//4960 5176//2689 5163//4954 5160//4951
f 5178//4960 5160//4951 4599//4459 4626//4482
f 5178//4960 5170//4959 5176//2689
f 5170//4959 5178//4960 4626//4482 4624//4480
f 4641//2692 5179//2691 5180//4961 5181//4962
f 4642//4496 4641//2692 5181//4962 5182//4963
f 5187//4964 5185//2695 5184//2694 5186//4965
f 5181//4962 5180//4961 5183//2696 5185//2695
f 5182//4963 5181//4962 5185//2695 5187//4964
f 5188//4966 5171//4958 4620//4477 5189//4967
f 5171//4958 5188//4966 5172//2861
f 5186//4965 5172//2861 5188//4966 5187//4964
f 5187//4964 5188//4966 5189//4967 5182//4963
f 5182//4963 5189//4967 4644//4498 4642//4496
f 4620//4477 4644//4498 5189//4967
f 4659//4511 4658//4510 5190//4968 5191//4969
f 5191//4969 5190//4968 5192//4970 5193//4971
f 4662//4513 4659//4511 5191//4969 5194//4972
f 5194//4972 5191//4969 5193//4971 5195//4973
f 5199//2864 5200//4974 5198//2699 5197//2698
f 5193//4971 5192//4970 5196//2697 5198//2699
f 5195//4973 5193//4971 5198//2699 5200//4974
f 5202//4975 5184//2694 5183//2696 5201//4976
f 5201//4976 5183//2696 5180//4961 5203//4977
f 5199//2864 5202//4975 5201//4976 5200//4974
f 5200//4974 5201//4976 5203//4977 5195//4973
f 5204//4978 5179//2691 4640//2693 4664//4514
f 5194//4972 5204//4978 4664//4514 4662//4513
f 5203//4977 5180//4961 5179//2691 5204//4978
f 5195//4973 5203//4977 5204//4978 5194//4972
f 5206//2701 4678//2700 4677//4527 5205//4979
f 5208//4980 5206//2701 5205//4979 5207//4981
f 5210//2705 5208//4980 5207//4981 5209//2703
f 5210//2705 4802//2704 5197//2698 5196//2697
f 5196//2697 5192//4970 5211//4982
f 5208//4980 5210//2705 5196//2697 5211//4982
f 5212//4983 5190//4968 4658//4510 4680//4528
f 4679//2702 5206//2701 5212//4983 4680//4528
f 5211//4982 5192//4970 5190//4968 5212//4983
f 5206//2701 5208//4980 5211//4982 5212//4983
f 5216//2710 4695//4541 4694//2708 5213//2707
f 5213//2707 5214//4984 5215//2709
f 5218//2713 5215//2709 5214//4984 5217//2711
f 5218//2713 4803//2712 4802//2704 5209//2703
f 5215//2709 5218//2713 5209//2703 5207//4981
f 4695//4541 5216//2710 5205//4979 4696//4542
f 5205//4979 4677//4527 4696//4542
f 5216//2710 5215//2709 5207//4981 5205//4979
f 4710//2639 4709//2636 5219//4985 5221//4986
f 5222//2716 5221//4986 5219//4985 5220//2714
f 5225//2854 5226//2715 5223//4987 5224//2722
f 5226//2715 5225//2854 4803//2712 5217//2711
f 5220//2714 5223//4987 5226//2715
f 5217//2711 5214//4984 5222//2716
f 5221//4986 5213//2707 4693//2706 4711//4553
f 5221//4986 5222//2716 5214//4984 5213//2707
f 4711//4553 4710//2639 5221//4986
f 5228//4988 4725//4565 4724//4564 5227//4989
f 5230//2721 5228//4988 5227//4989 5229//2720
f 4727//4566 4725//4565 5228//4988 5231//4990
f 5232//4991 5231//4990 5228//4988 5230//2721
f 5236//2719 5232//4991 5230//2721 5233//2717
f 5233//2717 5234//2848 5235//2718
f 5232//4991 5236//2719 5223//4987 5220//2714
f 5224//2722 5223//4987 5236//2719
f 5231//4990 5219//4985 4709//2636 4728//4567
f 5231//4990 5232//4991 5220//2714 5219//4985
f 4728//4567 4727//4566 5231//4990
f 5239//4992 5237//2724 4741//2723 5238//4993
f 5240//4994 4743//4579 4742//2725 5237//2724
f 5241//4995 5240//4994 5237//2724 5239//4992
f 5245//2728 5242//4996 5243//2850 5244//2726
f 5245//2728 5239//4992 5238//4993 5242//4996
f 5246//2727 5241//4995 5239//4992 5245//2728
f 5248//4997 5247//4998 5233//2717 5229//2720
f 5234//2848 5233//2717 5247//4998
f 5244//2726 5234//2848 5247//4998 5246//2727
f 5241//4995 5246//2727 5247//4998 5248//4997
f 4744//4581 5249//4999 5227//4989 4724//4564
f 4743//4579 5240//4994 5249//4999 4744//4581
f 5249//4999 5248//4997 5229//2720 5227//4989
f 5240//4994 5241//4995 5248//4997 5249//4999
f 5251//5000 4759//4595 4758//4594 5250//5001
f 5252//5002 4762//4597 4759//4595 5251//5000
f 5256//2853 5257//5003 5255//2731 5254//2730
f 5255//2731 5251//5000 5250//5001 5253//2729
f 5257//5003 5252//5002 5251//5000 5255//2731
f 5259//5004 5258//5005 5242//4996 5238//4993
f 5243//2850 5242//4996 5258//5005
f 5257//5003 5256//2853 5243//2850 5258//5005
f 5252//5002 5257//5003 5258//5005 5259//5004
f 4764//4599 5259//5004 5238//4993 4741//2723
f 4762//4597 5252//5002 5259//5004 4764//4599
f 5261//2732 4779//4614 4778//4613 5260//5006
f 5262//2734 4782//4616 4779//4614 5261//2732
f 5264//2855 5265//2733 5263//5007 4799//2657
f 5265//2733 5261//2732 5260//5006 5263//5007
f 5265//2733 5264//2855 5254//2730 5253//2729
f 5253//2729 5250//5001 5266//5008
f 5262//2734 5265//2733 5253//2729 5266//5008
f 4784//4619 5266//5008 5250//5001 4758//4594
f 4782//4616 5262//2734 5266//5008 4784//4619
f 5267//2735 4793//2649 4606//2651 5169//4956
f 4799//2657 5268//5009 5168//4955 4797//2655
f 5268//5009 5267//2735 5169//4956 5168//4955
f 5267//2735 5268//5009 5263//5007 5260//5006
f 4799//2657 5263//5007 5268//5009
f 4794//2654 5267//2735 5260//5006 4796//2652
f 5260//5006 4778//4613 4796//2652
f 5272//5010 5269//5011 5270//5012 5271//5013
f 5274//2736 5271//5013 5270//5012 5273//5014
f 5276//5015 5272//5010 5271//5013 5275//2739
f 5277//2738 5275//2739 5271//5013 5274//2736
f 5280//2790 5281//2737 5278//2760 5279//2762
f 5281//2737 5274//2736 5273//5014 5278//2760
f 5281//2737 5280//2790 5282//2792
f 5285//5016 5286//2787 5283//2789 5284//5017
f 5288//2740 5285//5016 5284//5017 5287//5018
f 5281//2737 5282//2792 5286//2787 5285//5016
f 5277//2738 5281//2737 5285//5016 5288//2740
f 5275//2739 5289//5019 5290//5020 5291//5021
f 5288//2740 5287//5018 5289//5019 5275//2739
f 5291//5021 5276//5015 5275//2739
f 5293//5022 5290//5020 5289//5019 5292//5023
f 5292//5023 5289//5019 5287//5018 5294//5024
f 5296//5025 5293//5022 5292//5023 5295//5026
f 5295//5026 5292//5023 5294//5024 5297//5027
f 5298//5028 5299//5029 5284//5017 5283//2789
f 5300//5030 5301//5031 5299//5029 5298//5028
f 5299//5029 5294//5024 5287//5018 5284//5017
f 5301//5031 5297//5027 5294//5024 5299//5029
f 5304//5032 5305//5033 5302//5034 5303//5035
f 5307//5036 5304//5032 5303//5035 5306//5037
f 5301//5031 5300//5030 5305//5033 5304//5032
f 5297//5027 5301//5031 5304//5032 5307//5036
f 5311//5038 5308//5039 5309//5040 5310//5041
f 5295//5026 5311//5038 5310//5041 5296//5025
f 5307//5036 5306//5037 5308//5039 5311//5038
f 5297//5027 5307//5036 5311//5038 5295//5026
f 5313//5042 5309//5040 5308//5039 5312//5043
f 5312//5043 5308//5039 5306//5037 5314//5044
f 5316//5045 5313//5042 5312//5043 5315//5046
f 5315//5046 5312//5043 5314//5044 5317//5047
f 5318//5048 5319//5049 5303//5035 5302//5034
f 5320//5050 5321//5051 5319//5049 5318//5048
f 5319//5049 5314//5044 5306//5037 5303//5035
f 5317//5047 5314//5044 5319//5049 5321//5051
f 5324//5052 5325//5053 5322//2801 5323//5054
f 5321//5051 5320//5050 5325//5053 5324//5052
f 5323//5054 5326//5055 5324//5052
f 5321//5051 5324//5052 5326//5055 5317//5047
f 5330//5056 5327//5057 5328//5058 5329//5059
f 5315//5046 5330//5056 5329//5059 5316//5045
f 5326//5055 5323//5054 5327//5057 5330//5056
f 5317//5047 5326//5055 5330//5056 5315//5046
f 5332//5060 5328//5058 5327//5057 5331//5061
f 5331//5061 5327//5057 5323//5054 5333//5062
f 5335//5063 5332//5060 5331//5061 5334//5064
f 5334//5064 5331//5061 5333//5062 5336//2742
f 5337//2803 5333//5062 5323//5054 5322//2801
f 5336//2742 5333//5062 5337//2803 5338//5065
f 5342//5066 5339//5067 5340//2747 5341//2743
f 5341//2743 5340//2747 5343//2748 5344//2741
f 5338//5065 5342//5066 5341//2743 5336//2742
f 5348//5068 5345//5069 5346//5070 5347//5071
f 5334//5064 5348//5068 5347//5071 5335//5063
f 5344//2741 5343//2748 5345//5069 5348//5068
f 5336//2742 5344//2741 5348//5068 5334//5064
f 5350//5072 5346//5070 5345//5069 5349//5073
f 5349//5073 5345//5069 5343//2748 5351//2746
f 5353//5074 5350//5072 5349//5073 5352//5075
f 5352//5075 5349//5073 5351//2746 5354//5076
f 5351//2746 5340//2747 5339//5067 5355//2744
f 5358//5077 5357//5078 5359//5079 5360//5080
f 5351//2746 5356//2745 5354//5076
f 5356//2745 5358//5077 5360//5080 5354//5076
f 5364//5081 5361//5082 5362//5083 5363//5084
f 5352//5075 5364//5081 5363//5084 5353//5074
f 5360//5080 5359//5079 5361//5082 5364//5081
f 5354//5076 5360//5080 5364//5081 5352//5075
f 5366//5085 5362//5083 5361//5082 5365//5086
f 5365//5086 5361//5082 5359//5079 5367//5087
f 5369//5088 5366//5085 5365//5086 5368//5089
f 5368//5089 5365//5086 5367//5087 5370//5090
f 5367//5087 5359//5079 5357//5078 5371//5091
f 5370//5090 5367//5087 5371//5091 5372//5092
f 5374//5093 5373//5094 5375//5095 5376//5096
f 5372//5092 5374//5093 5376//5096 5370//5090
f 5380//5097 5377//5098 5378//5099 5379//5100
f 5368//5089 5380//5097 5379//5100 5369//5088
f 5376//5096 5375//5095 5377//5098 5380//5097
f 5370//5090 5376//5096 5380//5097 5368//5089
f 5381//5101 5382//5102 5378//5099 5377//5098
f 5383//5103 5381//5101 5377//5098 5375//5095
f 5384//5104 5385//5105 5382//5102 5381//5101
f 5386//5106 5384//5104 5381//5101 5383//5103
f 5387//2821 5383//5103 5375//5095 5373//5094
f 5388//2822 5386//5106 5383//5103 5387//2821
f 5392//5107 5390//2817 5389//2749 5391//5108
f 5386//5106 5388//2822 5390//2817 5392//5107
f 5395//5109 5396//5110 5393//5111 5394//5112
f 5385//5105 5384//5104 5396//5110 5395//5109
f 5396//5110 5392//5107 5391//5108 5393//5111
f 5384//5104 5386//5106 5392//5107 5396//5110
f 5397//5113 5398//5114 5394//5112 5393//5111
f 5399//2751 5397//5113 5393//5111 5391//5108
f 5400//5115 5401//5116 5398//5114 5397//5113
f 5402//2753 5400//5115 5397//5113 5399//2751
f 5409//5117 5407//5118 5406//5119 5408//5120
f 5399//2751 5403//2750 5404//2752
f 5391//5108 5389//2749 5399//2751
f 5405//5121 5406//5119 5407//5118
f 5402//2753 5404//2752 5407//5118 5409//5117
f 5412//5122 5413//5123 5410//5124 5411//5125
f 5401//5116 5400//5115 5413//5123 5412//5122
f 5413//5123 5409//5117 5408//5120 5410//5124
f 5400//5115 5402//2753 5409//5117 5413//5123
f 5414//5126 5415//5127 5411//5125 5410//5124
f 5416//5128 5414//5126 5410//5124 5408//5120
f 5417//5129 5418//5130 5415//5127 5414//5126
f 5419//2755 5417//5129 5414//5126 5416//5128
f 5420//5131 5421//5132 5406//5119 5405//5121
f 5422//5133 5423//2756 5421//5132 5420//5131
f 5421//5132 5416//5128 5408//5120 5406//5119
f 5423//2756 5419//2755 5416//5128 5421//5132
f 5427//5134 5424//5135 5425//5136 5426//2754
f 5423//2756 5422//5133 5427//5134 5426//2754
f 5430//5137 5431//5138 5428//5139 5429//5140
f 5418//5130 5417//5129 5431//5138 5430//5137
f 5431//5138 5426//2754 5425//5136 5428//5139
f 5417//5129 5419//2755 5426//2754 5431//5138
f 5432//5141 5433//5142 5429//5140 5428//5139
f 5434//2757 5432//5141 5428//5139 5425//5136
f 5435//5143 5436//5144 5433//5142 5432//5141
f 5437//2759 5435//5143 5432//5141 5434//2757
f 5434//2757 5425//5136 5424//5135 5438//5145
f 5440//2758 5434//2757 5438//5145 5439//5146
f 5444//5147 5441//5148 5442//5149 5443//5150
f 5443//5150 5442//5149 5445//5151 5446//5152
f 5439//5146 5444//5147 5443//5150 5440//2758
f 5437//2759 5440//2758 5443//5150 5446//5152
f 5449//5153 5450//5154 5447//5155 5448//5156
f 5436//5144 5435//5143 5450//5154 5449//5153
f 5450//5154 5446//5152 5445//5151 5447//5155
f 5435//5143 5437//2759 5446//5152 5450//5154
f 5451//5157 5452//5158 5448//5156 5447//5155
f 5453//5159 5451//5157 5447//5155 5445//5151
f 5454//5160 5455//5161 5452//5158 5451//5157
f 5456//5162 5454//5160 5451//5157 5453//5159
f 5458//5163 5442//5149 5441//5148 5457//5164
f 5460//5165 5458//5163 5457//5164 5459//5166
f 5453//5159 5445//5151 5442//5149 5458//5163
f 5456//5162 5453//5159 5458//5163 5460//5165
f 5464//5167 5461//5168 5462//5169 5463//5170
f 5463//5170 5462//5169 5465//5171 5466//5172
f 5459//5166 5464//5167 5463//5170 5460//5165
f 5460//5165 5463//5170 5466//5172 5456//5162
f 5469//5173 5470//5174 5467//5175 5468//5176
f 5455//5161 5454//5160 5470//5174 5469//5173
f 5470//5174 5466//5172 5465//5171 5467//5175
f 5454//5160 5456//5162 5466//5172 5470//5174
f 5471//5177 5472//5178 5468//5176 5467//5175
f 5473//5179 5471//5177 5467//5175 5465//5171
f 5474//5180 5475//5181 5472//5178 5471//5177
f 5476//5182 5474//5180 5471//5177 5473//5179
f 5478//5183 5462//5169 5461//5168 5477//5184
f 5480//5185 5478//5183 5477//5184 5479//5186
f 5473//5179 5465//5171 5462//5169 5478//5183
f 5476//5182 5473//5179 5478//5183 5480//5185
f 5479//5186 5481//2761 5278//2760 5480//5185
f 5480//5185 5278//2760 5273//5014 5476//5182
f 5482//5187 5483//5188 5270//5012 5269//5011
f 5475//5181 5474//5180 5483//5188 5482//5187
f 5476//5182 5273//5014 5483//5188 5474//5180
f 5270//5012 5483//5188 5273//5014
f 5486//2763 5485//2870 5918//2766 5922//2768
f 5485//2870 5486//2763 5484//2765
f 5490//2810 5491//2872 5488//2767 5489//2815
f 5496//5189 5493//5190 5494//5191 5495//5192
f 5922//2768 5488//2767 5491//2872
f 5492//2796 5487//2764 5486//2763
f 5495//5192 5494//5191 5497//5193 5498//5194
f 5500//5195 5496//5189 5495//5192 5499//5196
f 5499//5196 5495//5192 5498//5194 5501//5197
f 5505//5198 5502//5199 5503//5200 5504//5201
f 5507//5202 5505//5198 5504//5201 5506//5203
f 5498//5194 5497//5193 5502//5199 5505//5198
f 5501//5197 5498//5194 5505//5198 5507//5202
f 5509//5204 5269//5011 5272//5010 5508//5205
f 5508//5205 5272//5010 5276//5015 5510//5206
f 5506//5203 5509//5204 5508//5205 5507//5202
f 5507//5202 5508//5205 5510//5206 5501//5197
f 5511//5207 5512//5208 5291//5021 5290//5020
f 5499//5196 5512//5208 5511//5207 5500//5195
f 5510//5206 5276//5015 5291//5021 5512//5208
f 5501//5197 5510//5206 5512//5208 5499//5196
f 5516//5209 5513//5210 5514//5211 5515//5212
f 5515//5212 5514//5211 5517//5213 5518//5214
f 5520//5215 5516//5209 5515//5212 5519//5216
f 5519//5216 5515//5212 5518//5214 5521//5217
f 5523//5218 5522//5219 5493//5190 5496//5189
f 5524//5220 5523//5218 5496//5189 5500//5195
f 5518//5214 5517//5213 5522//5219 5523//5218
f 5521//5217 5518//5214 5523//5218 5524//5220
f 5525//5221 5511//5207 5290//5020 5293//5022
f 5526//5222 5525//5221 5293//5022 5296//5025
f 5500//5195 5511//5207 5525//5221 5524//5220
f 5524//5220 5525//5221 5526//5222 5521//5217
f 5527//5223 5528//5224 5310//5041 5309//5040
f 5519//5216 5528//5224 5527//5223 5520//5215
f 5528//5224 5526//5222 5296//5025 5310//5041
f 5521//5217 5526//5222 5528//5224 5519//5216
f 5532//5225 5529//5226 5530//5227 5531//5228
f 5531//5228 5530//5227 5533//5229 5534//5230
f 5536//5231 5532//5225 5531//5228 5535//5232
f 5535//5232 5531//5228 5534//5230 5537//5233
f 5539//5234 5538//5235 5513//5210 5516//5209
f 5540//5236 5539//5234 5516//5209 5520//5215
f 5534//5230 5533//5229 5538//5235 5539//5234
f 5537//5233 5534//5230 5539//5234 5540//5236
f 5541//5237 5527//5223 5309//5040 5313//5042
f 5542//5238 5541//5237 5313//5042 5316//5045
f 5520//5215 5527//5223 5541//5237 5540//5236
f 5540//5236 5541//5237 5542//5238 5537//5233
f 5543//5239 5544//5240 5329//5059 5328//5058
f 5535//5232 5544//5240 5543//5239 5536//5231
f 5544//5240 5542//5238 5316//5045 5329//5059
f 5537//5233 5542//5238 5544//5240 5535//5232
f 5548//5241 5545//5242 5546//5243 5547//5244
f 5547//5244 5546//5243 5549//2769 5550//5245
f 5552//5246 5548//5241 5547//5244 5551//5247
f 5551//5247 5547//5244 5550//5245 5553//5248
f 5555//5249 5554//2771 5529//5226 5532//5225
f 5556//5250 5555//5249 5532//5225 5536//5231
f 5550//5245 5549//2769 5554//2771 5555//5249
f 5553//5248 5550//5245 5555//5249 5556//5250
f 5557//5251 5543//5239 5328//5058 5332//5060
f 5558//5252 5557//5251 5332//5060 5335//5063
f 5536//5231 5543//5239 5557//5251 5556//5250
f 5556//5250 5557//5251 5558//5252 5553//5248
f 5559//5253 5560//5254 5347//5071 5346//5070
f 5552//5246 5551//5247 5560//5254 5559//5253
f 5560//5254 5558//5252 5335//5063 5347//5071
f 5551//5247 5553//5248 5558//5252 5560//5254
f 5564//5255 5561//5256 5562//5257 5563//5258
f 5563//5258 5562//5257 5565//5259 5566//5260
f 5568//5261 5564//5255 5563//5258 5567//5262
f 5567//5262 5563//5258 5566//5260 5569//5263
f 5571//5264 5570//5265 5545//5242 5548//5241
f 5572//5266 5571//5264 5548//5241 5552//5246
f 5566//5260 5565//5259 5570//5265 5571//5264
f 5569//5263 5566//5260 5571//5264 5572//5266
f 5573//5267 5559//5253 5346//5070 5350//5072
f 5574//5268 5573//5267 5350//5072 5353//5074
f 5572//5266 5552//5246 5559//5253 5573//5267
f 5569//5263 5572//5266 5573//5267 5574//5268
f 5575//5269 5576//5270 5363//5084 5362//5083
f 5568//5261 5567//5262 5576//5270 5575//5269
f 5576//5270 5574//5268 5353//5074 5363//5084
f 5567//5262 5569//5263 5574//5268 5576//5270
f 5580//5271 5577//5272 5578//5273 5579//5274
f 5579//5274 5578//5273 5581//5275 5582//5276
f 5584//5277 5580//5271 5579//5274 5583//5278
f 5583//5278 5579//5274 5582//5276 5585//5279
f 5587//5280 5586//5281 5561//5256 5564//5255
f 5588//5282 5587//5280 5564//5255 5568//5261
f 5582//5276 5581//5275 5586//5281 5587//5280
f 5585//5279 5582//5276 5587//5280 5588//5282
f 5589//5283 5575//5269 5362//5083 5366//5085
f 5590//5284 5589//5283 5366//5085 5369//5088
f 5588//5282 5568//5261 5575//5269 5589//5283
f 5585//5279 5588//5282 5589//5283 5590//5284
f 5591//5285 5592//5286 5379//5100 5378//5099
f 5584//5277 5583//5278 5592//5286 5591//5285
f 5592//5286 5590//5284 5369//5088 5379//5100
f 5583//5278 5585//5279 5590//5284 5592//5286
f 5595//5287 5596//5288 5593//5289 5594//5290
f 5598//5291 5595//5287 5594//5290 5597//5292
f 5599//5293 5600//5294 5596//5288 5595//5287
f 5601//5295 5599//5293 5595//5287 5598//5291
f 5580//5271 5603//5296 5602//5297 5577//5272
f 5584//5277 5604//5298 5603//5296 5580//5271
f 5603//5296 5598//5291 5597//5292 5602//5297
f 5604//5298 5601//5295 5598//5291 5603//5296
f 5591//5285 5378//5099 5382//5102 5605//5299
f 5605//5299 5382//5102 5385//5105 5606//5300
f 5584//5277 5591//5285 5605//5299 5604//5298
f 5604//5298 5605//5299 5606//5300 5601//5295
f 5608//5301 5395//5109 5394//5112 5607//5302
f 5599//5293 5608//5301 5607//5302 5600//5294
f 5606//5300 5385//5105 5395//5109 5608//5301
f 5601//5295 5606//5300 5608//5301 5599//5293
f 5611//5303 5612//5304 5609//5305 5610//5306
f 5614//5307 5611//5303 5610//5306 5613//5308
f 5615//5309 5616//5310 5612//5304 5611//5303
f 5617//5311 5615//5309 5611//5303 5614//5307
f 5596//5288 5619//5312 5618//5313 5593//5289
f 5600//5294 5620//5314 5619//5312 5596//5288
f 5619//5312 5614//5307 5613//5308 5618//5313
f 5620//5314 5617//5311 5614//5307 5619//5312
f 5607//5302 5394//5112 5398//5114 5621//5315
f 5621//5315 5398//5114 5401//5116 5622//5316
f 5600//5294 5607//5302 5621//5315 5620//5314
f 5620//5314 5621//5315 5622//5316 5617//5311
f 5624//5317 5412//5122 5411//5125 5623//5318
f 5615//5309 5624//5317 5623//5318 5616//5310
f 5622//5316 5401//5116 5412//5122 5624//5317
f 5617//5311 5622//5316 5624//5317 5615//5309
f 5627//5319 5628//5320 5625//5321 5626//5322
f 5630//5323 5627//5319 5626//5322 5629//2785
f 5631//5324 5632//5325 5628//5320 5627//5319
f 5633//5326 5631//5324 5627//5319 5630//5323
f 5612//5304 5635//5327 5634//2784 5609//5305
f 5616//5310 5636//5328 5635//5327 5612//5304
f 5635//5327 5630//5323 5629//2785 5634//2784
f 5636//5328 5633//5326 5630//5323 5635//5327
f 5623//5318 5411//5125 5415//5127 5637//5329
f 5637//5329 5415//5127 5418//5130 5638//5330
f 5616//5310 5623//5318 5637//5329 5636//5328
f 5636//5328 5637//5329 5638//5330 5633//5326
f 5640//5331 5430//5137 5429//5140 5639//5332
f 5632//5325 5631//5324 5640//5331 5639//5332
f 5638//5330 5418//5130 5430//5137 5640//5331
f 5631//5324 5633//5326 5638//5330 5640//5331
f 5643//5333 5644//5334 5641//5335 5642//5336
f 5646//5337 5643//5333 5642//5336 5645//5338
f 5647//5339 5648//5340 5644//5334 5643//5333
f 5649//5341 5647//5339 5643//5333 5646//5337
f 5628//5320 5651//5342 5650//5343 5625//5321
f 5632//5325 5652//5344 5651//5342 5628//5320
f 5651//5342 5646//5337 5645//5338 5650//5343
f 5652//5344 5649//5341 5646//5337 5651//5342
f 5639//5332 5429//5140 5433//5142 5653//5345
f 5653//5345 5433//5142 5436//5144 5654//5346
f 5652//5344 5632//5325 5639//5332 5653//5345
f 5649//5341 5652//5344 5653//5345 5654//5346
f 5656//5347 5449//5153 5448//5156 5655//5348
f 5648//5340 5647//5339 5656//5347 5655//5348
f 5654//5346 5436//5144 5449//5153 5656//5347
f 5647//5339 5649//5341 5654//5346 5656//5347
f 5659//5349 5660//5350 5657//5351 5658//5352
f 5662//5353 5659//5349 5658//5352 5661//5354
f 5663//5355 5664//5356 5660//5350 5659//5349
f 5665//5357 5663//5355 5659//5349 5662//5353
f 5644//5334 5667//5358 5666//5359 5641//5335
f 5648//5340 5668//5360 5667//5358 5644//5334
f 5667//5358 5662//5353 5661//5354 5666//5359
f 5668//5360 5665//5357 5662//5353 5667//5358
f 5655//5348 5448//5156 5452//5158 5669//5361
f 5669//5361 5452//5158 5455//5161 5670//5362
f 5668//5360 5648//5340 5655//5348 5669//5361
f 5665//5357 5668//5360 5669//5361 5670//5362
f 5672//5363 5469//5173 5468//5176 5671//5364
f 5664//5356 5663//5355 5672//5363 5671//5364
f 5670//5362 5455//5161 5469//5173 5672//5363
f 5663//5355 5665//5357 5670//5362 5672//5363
f 5674//5365 5504//5201 5503//5200 5673//5366
f 5676//5367 5674//5365 5673//5366 5675//5368
f 5677//5369 5506//5203 5504//5201 5674//5365
f 5678//5370 5677//5369 5674//5365 5676//5367
f 5660//5350 5680//5371 5679//5372 5657//5351
f 5664//5356 5681//5373 5680//5371 5660//5350
f 5680//5371 5676//5367 5675//5368 5679//5372
f 5681//5373 5678//5370 5676//5367 5680//5371
f 5671//5364 5468//5176 5472//5178 5682//5374
f 5683//5375 5682//5374 5472//5178 5475//5181
f 5681//5373 5664//5356 5671//5364 5682//5374
f 5678//5370 5681//5373 5682//5374 5683//5375
f 5509//5204 5684//5376 5482//5187 5269//5011
f 5506//5203 5677//5369 5684//5376 5509//5204
f 5684//5376 5683//5375 5475//5181 5482//5187
f 5677//5369 5678//5370 5683//5375 5684//5376
f 5686//5377 4998//4815 5001//4814 5685//5378
f 5685//5378 5001//4814 5005//4820 5687//5379
f 5689//5380 5686//5377 5685//5378 5688//5381
f 5688//5381 5685//5378 5687//5379 5690//5382
f 5692//5383 5016//4832 5015//1530 5691//5384
f 5694//5385 5692//5383 5691//5384 5693//5386
f 5687//5379 5005//4820 5016//4832 5692//5383
f 5690//5382 5687//5379 5692//5383 5694//5385
f 5696//5387 5503//5200 5502//5199 5695//5388
f 5695//5388 5502//5199 5497//5193 5697//5389
f 5693//5386 5696//5387 5695//5388 5694//5385
f 5694//5385 5695//5388 5697//5389 5690//5382
f 5699//5390 5494//5191 5493//5190 5698//5391
f 5688//5381 5699//5390 5698//5391 5689//5380
f 5697//5389 5497//5193 5494//5191 5699//5390
f 5690//5382 5697//5389 5699//5390 5688//5381
f 5701//5392 5018//4834 5021//4833 5700//5393
f 5700//5393 5021//4833 5025//4839 5702//5394
f 5704//5395 5701//5392 5700//5393 5703//5396
f 5703//5396 5700//5393 5702//5394 5705//5397
f 5706//5398 5032//4848 4998//4815 5686//5377
f 5707//5399 5706//5398 5686//5377 5689//5380
f 5702//5394 5025//4839 5032//4848 5706//5398
f 5705//5397 5702//5394 5706//5398 5707//5399
f 5698//5391 5493//5190 5522//5219 5708//5400
f 5708//5400 5522//5219 5517//5213 5709//5401
f 5689//5380 5698//5391 5708//5400 5707//5399
f 5707//5399 5708//5400 5709//5401 5705//5397
f 5711//5402 5514//5211 5513//5210 5710//5403
f 5703//5396 5711//5402 5710//5403 5704//5395
f 5709//5401 5517//5213 5514//5211 5711//5402
f 5705//5397 5709//5401 5711//5402 5703//5396
f 5713//5404 5034//111 5037//4849 5712//5405
f 5712//5405 5037//4849 5041//4853 5714//5406
f 5716//2772 5713//5404 5712//5405 5715//5407
f 5715//5407 5712//5405 5714//5406 5717//5408
f 5718//5409 5048//4861 5018//4834 5701//5392
f 5719//5410 5718//5409 5701//5392 5704//5395
f 5714//5406 5041//4853 5048//4861 5718//5409
f 5717//5408 5714//5406 5718//5409 5719//5410
f 5710//5403 5513//5210 5538//5235 5720//5411
f 5720//5411 5538//5235 5533//5229 5721//5412
f 5704//5395 5710//5403 5720//5411 5719//5410
f 5719//5410 5720//5411 5721//5412 5717//5408
f 5723//5413 5530//5227 5529//5226 5722//2773
f 5715//5407 5723//5413 5722//2773 5716//2772
f 5721//5412 5533//5229 5530//5227 5723//5413
f 5717//5408 5721//5412 5723//5413 5715//5407
f 5725//5414 5050//2664 5052//2663 5724//5415
f 5724//5415 5052//2663 5055//4862 5726//5416
f 5727//5417 5058//4863 5034//111 5713//5404
f 5728//2770 5727//5417 5713//5404 5716//2772
f 5726//5416 5055//4862 5058//4863 5727//5417
f 5722//2773 5529//5226 5554//2771 5728//2770
f 5727//5417 5728//2770 5726//5416
f 5730//5418 5546//5243 5545//5242 5729//5419
f 5549//2769 5726//5416 5728//2770
f 5724//5415 5730//5418 5729//5419 5725//5414
f 5726//5416 5549//2769 5730//5418 5724//5415
f 5546//5243 5730//5418 5549//2769
f 5732//5420 5071//4875 5050//2664 5725//5414
f 5065//4868 5731//5421 5063//4864
f 5731//5421 5065//4868 5071//4875 5732//5420
f 5729//5419 5545//5242 5570//5265 5733//5422
f 5733//5422 5570//5265 5565//5259 5734//5423
f 5725//5414 5729//5419 5733//5422 5732//5420
f 5732//5420 5733//5422 5734//5423 5731//5421
f 5736//5424 5562//5257 5561//5256 5735//5425
f 5063//4864 5736//5424 5735//5425 5060//4865
f 5734//5423 5565//5259 5562//5257 5736//5424
f 5731//5421 5734//5423 5736//5424 5063//4864
f 5735//5425 5561//5256 5586//5281 5737//5426
f 5737//5426 5586//5281 5581//5275 5738//5427
f 5060//4865 5735//5425 5737//5426 5083//4887
f 5083//4887 5737//5426 5738//5427 5077//4880
f 5740//5428 5578//5273 5577//5272 5739//5429
f 5075//4876 5740//5428 5739//5429 5072//4877
f 5738//5427 5581//5275 5578//5273 5740//5428
f 5077//4880 5738//5427 5740//5428 5075//4876
f 5741//5430 5742//5431 5084//2675 5085//4891
f 5743//2776 5741//5430 5085//4891 5086//2774
f 5744//5432 5739//5429 5577//5272 5602//5297
f 5745//5433 5744//5432 5602//5297 5597//5292
f 5092//2775 5072//4877 5739//5429 5744//5432
f 5743//2776 5092//2775 5744//5432 5745//5433
f 5746//5434 5747//5435 5594//5290 5593//5289
f 5742//5431 5741//5430 5747//5435 5746//5434
f 5747//5435 5745//5433 5597//5292 5594//5290
f 5741//5430 5743//2776 5745//5433 5747//5435
f 5748//5436 5749//2782 5093//4896 5096//4895
f 5750//2778 5748//5436 5096//4895 5098//2777
f 5751//5437 5746//5434 5593//5289 5618//5313
f 5104//2676 5084//2675 5742//5431
f 5752//5438 5751//5437 5618//5313 5613//5308
f 5104//2676 5742//5431 5746//5434 5751//5437
f 5750//2778 5104//2676 5751//5437 5752//5438
f 5753//2786 5754//5439 5610//5306 5609//5305
f 5749//2782 5748//5436 5754//5439 5753//2786
f 5754//5439 5752//5438 5613//5308 5610//5306
f 5748//5436 5750//2778 5752//5438 5754//5439
f 5755//2779 5756//5440 5105//106 5108//4903
f 5757//2780 5755//2779 5108//4903 5112//2683
f 5758//2781 5759//5441 5756//5440 5755//2779
f 5760//2783 5753//2786 5609//5305 5634//2784
f 5115//2682 5093//4896 5749//2782
f 5757//2780 5115//2682 5760//2783
f 5761//5442 5758//2781 5626//5322 5625//5321
f 5760//2783 5629//2785 5757//2780
f 5762//5443 5763//5444 5116//4909 5119//4908
f 5758//2781 5761//5442 5759//5441
f 5629//2785 5626//5322 5758//2781
f 5764//5445 5762//5443 5119//4908 5123//4914
f 5765//5446 5766//5447 5763//5444 5762//5443
f 5767//5448 5765//5446 5762//5443 5764//5445
f 5756//5440 5768//5449 5130//4921 5105//106
f 5759//5441 5769//5450 5768//5449 5756//5440
f 5768//5449 5764//5445 5123//4914 5130//4921
f 5769//5450 5767//5448 5764//5445 5768//5449
f 5770//5451 5761//5442 5625//5321 5650//5343
f 5771//5452 5770//5451 5650//5343 5645//5338
f 5769//5450 5759//5441 5761//5442 5770//5451
f 5767//5448 5769//5450 5770//5451 5771//5452
f 5772//5453 5773//5454 5642//5336 5641//5335
f 5766//5447 5765//5446 5773//5454 5772//5453
f 5773//5454 5771//5452 5645//5338 5642//5336
f 5765//5446 5767//5448 5771//5452 5773//5454
f 5774//5455 5775//5456 5132//4925 5135//4924
f 5776//5457 5774//5455 5135//4924 5139//4930
f 5777//5458 5778//5459 5775//5456 5774//5455
f 5779//5460 5777//5458 5774//5455 5776//5457
f 5763//5444 5780//5461 5146//4937 5116//4909
f 5766//5447 5781//5462 5780//5461 5763//5444
f 5780//5461 5776//5457 5139//4930 5146//4937
f 5781//5462 5779//5460 5776//5457 5780//5461
f 5782//5463 5772//5453 5641//5335 5666//5359
f 5783//5464 5782//5463 5666//5359 5661//5354
f 5781//5462 5766//5447 5772//5453 5782//5463
f 5779//5460 5781//5462 5782//5463 5783//5464
f 5784//5465 5785//5466 5658//5352 5657//5351
f 5778//5459 5777//5458 5785//5466 5784//5465
f 5785//5466 5783//5464 5661//5354 5658//5352
f 5777//5458 5779//5460 5783//5464 5785//5466
f 5786//5467 5691//5384 5015//1530 5149//4940
f 5787//5468 5786//5467 5149//4940 5152//4943
f 5788//5469 5693//5386 5691//5384 5786//5467
f 5789//5470 5788//5469 5786//5467 5787//5468
f 5775//5456 5790//5471 5158//4949 5132//4925
f 5778//5459 5791//5472 5790//5471 5775//5456
f 5790//5471 5787//5468 5152//4943 5158//4949
f 5791//5472 5789//5470 5787//5468 5790//5471
f 5792//5473 5784//5465 5657//5351 5679//5372
f 5793//5474 5792//5473 5679//5372 5675//5368
f 5791//5472 5778//5459 5784//5465 5792//5473
f 5789//5470 5791//5472 5792//5473 5793//5474
f 5696//5387 5794//5475 5673//5366 5503//5200
f 5693//5386 5788//5469 5794//5475 5696//5387
f 5794//5475 5793//5474 5675//5368 5673//5366
f 5788//5469 5789//5470 5793//5474 5794//5475
f 5795//2788 5286//2787 5282//2792 5796//2791
f 5796//2791 5280//2790 5279//2762 5797//2846
f 5797//2846 5799//2794 5798//2793 5796//2791
f 5484//2765 5487//2764 5798//2793
f 5796//2791 5798//2793 5800//2795 5795//2788
f 5487//2764 5492//2796 5800//2795
f 5802//5476 5302//5034 5305//5033 5801//5477
f 5801//5477 5305//5033 5300//5030 5803//5478
f 5804//5479 5298//5028 5283//2789 5795//2788
f 5803//5478 5300//5030 5298//5028 5804//5479
f 5807//5480 5805//2797 5492//2796 5806//5481
f 5795//2788 5800//2795 5805//2797 5804//5479
f 5804//5479 5805//2797 5807//5480 5803//5478
f 5810//5482 5806//5481 5808//5483 5809//5484
f 5801//5477 5810//5482 5809//5484 5802//5476
f 5803//5478 5807//5480 5810//5482 5801//5477
f 5806//5481 5810//5482 5807//5480
f 5812//5485 5322//2801 5325//5053 5811//5486
f 5811//5486 5325//5053 5320//5050 5813//5487
f 5814//5488 5318//5048 5302//5034 5802//5476
f 5813//5487 5320//5050 5318//5048 5814//5488
f 5815//5489 5808//5483 5816//5490 5817//5491
f 5808//5483 5815//5489 5809//5484
f 5802//5476 5809//5484 5815//5489 5814//5488
f 5814//5488 5815//5489 5817//5491 5813//5487
f 5811//5486 5820//2799 5819//2798 5812//5485
f 5817//5491 5816//5490 5818//2800 5820//2799
f 5813//5487 5817//5491 5820//2799 5811//5486
f 5822//5492 5339//5067 5342//5066 5821//5493
f 5821//5493 5342//5066 5338//5065 5823//5494
f 5825//5495 5822//5492 5821//5493 5824//5496
f 5824//5496 5821//5493 5823//5494 5826//5497
f 5828//5498 5827//2802 5322//2801 5812//5485
f 5823//5494 5338//5065 5337//2803 5827//2802
f 5826//5497 5823//5494 5827//2802 5828//5498
f 5830//5499 5829//2875 5831//2876 5832//5500
f 5829//2875 5830//5499 5819//2798
f 5812//5485 5819//2798 5830//5499 5828//5498
f 5828//5498 5830//5499 5832//5500 5826//5497
f 5824//5496 5835//5501 5834//2808 5825//5495
f 5833//2809 5834//2808 5835//5501
f 5832//5500 5831//2876 5833//2809 5835//5501
f 5826//5497 5832//5500 5835//5501 5824//5496
f 5836//2806 5837//5502 5357//5078 5358//5077
f 5838//2804 5836//2806 5358//5077 5356//2745
f 5840//5503 5837//5502 5836//2806 5839//2805
f 5841//5504 5355//2744 5339//5067 5822//5492
f 5842//5505 5841//5504 5822//5492 5825//5495
f 5841//5504 5838//2804 5356//2745 5355//2744
f 5839//2805 5838//2804 5841//5504 5842//5505
f 5842//5505 5834//2808 5844//2811 5839//2805
f 5843//2807 5844//2811 5834//2808
f 5834//2808 5842//5505 5825//5495
f 5839//2805 5844//2811 5845//5506 5840//5503
f 5490//2810 5845//5506 5844//2811
f 5847//5507 5846//2812 5374//5093 5372//5092
f 5373//5094 5374//5093 5846//2812
f 5837//5502 5847//5507 5372//5092 5371//5091
f 5846//2812 5847//5507 5848//2813
f 5371//5091 5357//5078 5837//5502
f 5840//5503 5848//2813 5847//5507 5837//5502
f 5840//5503 5845//5506 5850//2816 5848//2813
f 5490//2810 5850//2816 5845//5506
f 5848//2813 5850//2816 5851//2824 5849//2814
f 5489//2815 5851//2824 5850//2816
f 5852//2818 5390//2817 5388//2822 5853//2819
f 5853//2819 5387//2821 5373//5094 5846//2812
f 5852//2818 5854//2820 5855//2828
f 5854//2820 5849//2814 5851//2824 5856//2823
f 5853//2819 5849//2814 5854//2820
f 5855//2828 5854//2820 5856//2823 5858//2826
f 5859//5508 5860//5509 5405//5121 5407//5118
f 5489//2815 5857//2825 5856//2823
f 5859//5508 5407//5118 5404//2752 5861//2827
f 5862//2833 5863//5510 5860//5509 5859//5508
f 5864//2829 5862//2833 5859//5508 5861//2827
f 5861//2827 5403//2750 5389//2749 5852//2818
f 5864//2829 5855//2828 5858//2826 5865//2830
f 5861//2827 5852//2818 5855//2828
f 5863//5510 5862//2833 5865//2830 5867//2832
f 5869//5511 5868//5512 5427//5134 5422//5133
f 5857//2825 5866//2831 5865//2830
f 5424//5135 5427//5134 5868//5512
f 5870//5513 5871//5514 5424//5135 5868//5512
f 5872//5515 5870//5513 5868//5512 5869//5511
f 5860//5509 5873//5516 5420//5131 5405//5121
f 5863//5510 5874//5517 5873//5516 5860//5509
f 5873//5516 5869//5511 5422//5133 5420//5131
f 5874//5517 5872//5515 5869//5511 5873//5516
f 5876//5518 5867//2832 5866//2831 5875//2882
f 5878//5519 5876//5518 5875//2882 5877//5520
f 5874//5517 5863//5510 5867//2832 5876//5518
f 5872//5515 5874//5517 5876//5518 5878//5519
f 5881//2836 5882//5521 5879//2879 5880//2834
f 5871//5514 5870//5513 5882//5521 5881//2836
f 5882//5521 5878//5519 5877//5520 5879//2879
f 5870//5513 5872//5515 5878//5519 5882//5521
f 5883//5522 5884//5523 5441//5148 5444//5147
f 5885//5524 5883//5522 5444//5147 5439//5146
f 5871//5514 5886//5525 5438//5145 5424//5135
f 5886//5525 5885//5524 5439//5146 5438//5145
f 5889//5526 5887//2835 5880//2834 5888//5527
f 5886//5525 5871//5514 5881//2836 5887//2835
f 5885//5524 5886//5525 5887//2835 5889//5526
f 5892//5528 5893//5529 5890//2877 5891//2878
f 5884//5523 5883//5522 5893//5529 5892//5528
f 5893//5529 5889//5526 5888//5527 5890//2877
f 5883//5522 5885//5524 5889//5526 5893//5529
f 5894//2838 5895//2841 5461//5168 5464//5167
f 5884//5523 5896//2839 5457//5164 5441//5148
f 5464//5167 5459//5166 5894//2838
f 5896//2839 5894//2838 5459//5166 5457//5164
f 5898//2837 5892//5528 5891//2878 5897//2865
f 5896//2839 5884//5523 5892//5528 5898//2837
f 5898//2837 5897//2865 5899//2844 5900//2840
f 5901//2845 5797//2846 5279//2762 5481//2761
f 5898//2837 5900//2840 5894//2838
f 5895//2841 5901//2845 5479//5186 5477//5184
f 5481//2761 5479//5186 5901//2845
f 5477//5184 5461//5168 5895//2841
f 5907//5530 5906//2849 5234//2848 5244//2726
f 5899//2844 5902//2843 5900//2840
f 5900//2840 5902//2843 5895//2841
f 5903//2842 5799//2794 5902//2843
f 5902//2843 5799//2794 5901//2845
f 5905//2659 5904//2847 5906//2849 5907//5530
f 5235//2718 5906//2849 5904//2847
f 5908//2851 5243//2850 5256//2853 5909//2852
f 5907//5530 5908//2851 5909//2852 5905//2659
f 5908//2851 5907//5530 5244//2726
f 4804//2658 5225//2854 5224//2722 5904//2847
f 5909//2852 5254//2730 5264//2855 4805//2661
f 4798//2656 4797//2655 5165//2686 5910//2856
f 5915//2859 5197//2698 4802//2704 4801//2660
f 5910//2856 5177//2688 5175//2690 5911//2860
f 5913//5531 5912//2862 5172//2861 5186//4965
f 5911//2860 5175//2690 5173//2863 5912//2862
f 4800//2857 5911//2860 5912//2862 5913//5531
f 5914//5532 5202//4975 5199//2864 5915//2859
f 5202//4975 5914//5532 5184//2694
f 5186//4965 5184//2694 5914//5532 5913//5531
f 5913//5531 5914//5532 5915//2859 4800//2857
f 5916//2866 5897//2865 5891//2878 5917//2867
f 5488//2767 5920//2868 5857//2825 5489//2815
f 5866//2831 5857//2825 5920//2868
f 5919//2869 5920//2868 5918//2766
f 5899//2844 5916//2866 5485//2870
f 5491//2872 5490//2810 5843//2807 5921//2871
f 5920//2868 5488//2767 5918//2766
f 5923//2873 5924//5533 5808//5483 5806//5481
f 5921//2871 5833//2809 5831//2876 5925//2874
f 5924//5533 5923//2873 5922//2768
f 5923//2873 5486//2763 5922//2768
f 5806//5481 5492//2796 5923//2873
f 5926//5534 5829//2875 5818//2800 5816//5490
f 5819//2798 5818//2800 5829//2875
f 5816//5490 5808//5483 5924//5533 5926//5534
f 5829//2875 5926//5534 5925//2874
f 5926//5534 5924//5533 5922//2768 5925//2874
f 5917//2867 5890//2877 5888//5527 5927//2881
f 5918//2766 5917//2867 5927//2881 5928//2880
f 5927//2881 5888//5527 5880//2834 5879//2879
f 5879//2879 5877//5520 5928//2880
f 5877//5520 5875//2882 5919//2869 5928//2880
f 4142//2505 4141//2598 6001//2912 5934//5535
f 5919//2869 5918//2766 5928//2880
f 5932//2883 5931//2611 4126//2885
f 4377//2541 5935//5536 6003//5537 4379//2539
f 6001//2912 6002//2911 5934//5535
f 5935//5536 5934//5535 6002//2911 6003//5537
f 5936//5538 4375//4315 4257//4212 4423//4348
f 5937//2504 5936//5538 4423//4348 4426//2887
f 5935//5536 4377//2541 4375//4315 5936//5538
f 5934//5535 5935//5536 5936//5538 5937//2504
f 4157//2507 4156//2509 5988//2890 5938//2889
f 5937//2504 4142//2505 5934//5535
f 4158//2510 4157//2507 5938//2889 5939//5539
f 4388//2547 5940//5540 5989//5541 4390//2545
f 5938//2889 6017//2888 5939//5539
f 5940//5540 5939//5539 6017//2888 5989//5541
f 5942//5542 4386//4321 4275//4230 5941//5543
f 5944//4123 5942//5542 5941//5543 5943//2559
f 5940//5540 4388//2547 4386//4321 5942//5542
f 5939//5539 5940//5540 5942//5542 5944//4123
f 5946//2896 4171//2894 5945//2892 6009//2891
f 5944//4123 4158//2510 5939//5539
f 6011//2893 5945//2892 4526//2605
f 4399//2553 5947//5544 6008//5545 4401//2551
f 5947//5544 5946//2896 6009//2891 6008//5545
f 5949//5546 4397//4329 4313//4268 5948//5547
f 5951//2895 5949//5546 5948//5547 5950//2566
f 5947//5544 4399//2553 4397//4329 5949//5546
f 5946//2896 5947//5544 5949//5546 5951//2895
f 4185//2899 5952//2898 6018//2897 5953//2901
f 5995//2518 5952//2898 4184//2516
f 4410//2556 5954//5548 5994//5549 4412//2554
f 5954//5548 5953//2901 6018//2897 5994//5549
f 5956//5550 4408//4339 4294//4249 5955//5551
f 5958//2900 5956//5550 5955//5551 5957//2574
f 5954//5548 4410//2556 4408//4339 5956//5550
f 5953//2901 5954//5548 5956//5550 5958//2900
f 4418//4346 4420//2557 5959//5552 5960//5553
f 5943//2559 5959//5552 4420//2557
f 4278//4229 5961//5554 5941//5543 4275//4230
f 4282//4235 5962//5555 5961//5554 4278//4229
f 5961//5554 5959//5552 5943//2559 5941//5543
f 5962//5555 5960//5553 5959//5552 5961//5554
f 4291//4246 4290//4245 5963//5556 5964//5557
f 5964//5557 5963//5556 5965//2902 5966//2562
f 4282//4235 4291//4246 5964//5557 5962//5555
f 5962//5555 5964//5557 5966//2562 5960//5553
f 4427//4352 4431//2563 5967//5558 5968//5559
f 5966//2562 4418//4346 5960//5553
f 4432//2565 5967//5558 4431//2563
f 4432//2565 4457//4372 5967//5558
f 4194//4148 5969//5560 4455//4371 4195//4149
f 4189//4143 5970//5561 5969//5560 4194//4148
f 5969//5560 5967//5558 4457//4372 4455//4371
f 5970//5561 5968//5559 5967//5558 5969//5560
f 5971//5562 4186//4141 4128//4109 4131//4108
f 5972//4355 5971//5562 4131//4108 4135//4114
f 5970//5561 4189//4143 4186//4141 5971//5562
f 5968//5559 5970//5561 5971//5562 5972//4355
f 4316//4267 5974//5563 5948//5547 4313//4268
f 5972//4355 4427//4352 5968//5559
f 4135//4114 4143//2502 5972//4355
f 4320//4273 5975//5564 5974//5563 4316//4267
f 5974//5563 5973//2903 5950//2566 5948//5547
f 5975//5564 4441//2904 5973//2903 5974//5563
f 4329//4284 4328//4283 5976//5565 5977//5566
f 5977//5566 5976//5565 5978//5567 5979//2571
f 4320//4273 4329//4284 5977//5566 5975//5564
f 5975//5564 5977//5566 5979//2571 4441//2904
f 4448//4366 4450//2572 5980//5568 5981//5569
f 5978//5567 4442//2569 5979//2571
f 5957//2574 5980//5568 4450//2572
f 4297//4248 5982//5570 5955//5551 4294//4249
f 4301//4254 5983//5571 5982//5570 4297//4248
f 5982//5570 5980//5568 5957//2574 5955//5551
f 5983//5571 5981//5569 5980//5568 5982//5570
f 4310//4265 4309//4264 5984//5572 5985//5573
f 5985//5573 5984//5572 5986//2905 5987//2577
f 4301//4254 4310//4265 5985//5573 5983//5571
f 5983//5571 5985//5573 5987//2577 5981//5569
f 4459//2580 4432//2565 4430//2564 5990//2906
f 5987//2577 4448//4366 5981//5569
f 5992//5574 4428//4353 4271//4226 4473//4381
f 5990//2906 5991//2907 4460//2581
f 5993//5575 5992//5574 4473//4381 4470//4377
f 5990//2906 4430//2564 4428//4353 5992//5574
f 5991//2907 5990//2906 5992//5574 5993//5575
f 4470//4377 4412//2554 5994//5549 5993//5575
f 5993//5575 5994//5549 6018//2897 5991//2907
f 5996//5576 4499//4397 4442//2569 5978//5567
f 5995//2518 4460//2581 5991//2907
f 4500//2908 4499//4397 5996//5576 5997//2909
f 5998//5577 5976//5565 4328//4283 4510//4405
f 5999//5578 5998//5577 4510//4405 4507//4401
f 5996//5576 5978//5567 5976//5565 5998//5577
f 5997//2909 5996//5576 5998//5577 5999//5578
f 4507//4401 4390//2545 5989//5541 5999//5578
f 5999//5578 5989//5541 6017//2888 6000//2910
f 4522//2914 4451//2575 5986//2905 6004//2913
f 6000//2910 5997//2909 5999//5578
f 6000//2910 5988//2890 5997//2909
f 4141//2598 4516//2600 6001//2912
f 6006//5579 5984//5572 4309//4264 4536//4418
f 6004//2913 6005//5580 4523//2608
f 6007//5581 6006//5579 4536//4418 4533//4414
f 6004//2913 5986//2905 5984//5572 6006//5579
f 6005//5580 6004//2913 6006//5579 6007//5581
f 4533//4414 4401//2551 6008//5545 6007//5581
f 6007//5581 6008//5545 6009//2891 6010//2915
f 6005//5580 6010//2915 6011//2893 4523//2608
f 6010//2915 6005//5580 6007//5581
f 4561//4431 4421//2560 5965//2902 6012//5582
f 4562//4432 4561//4431 6012//5582 6013//2917
f 6014//5583 5963//5556 4290//4245 4573//4441
f 6015//5584 6014//5583 4573//4441 4570//4437
f 6012//5582 5965//2902 5963//5556 6014//5583
f 6013//2917 6012//5582 6014//5583 6015//5584
f 4570//4437 4379//2539 6003//5537 6015//5584
f 6015//5584 6003//5537 6002//2911 6016//2916
f 6013//2917 4516//2600 4515//2599 4562//4432
f 6016//2916 6013//2917 6015//5584
f 358//179 357//181 874//697
f 354//174 462//111 357//181
f 260//106 258//106 817//106
