# UyDosh door
mtllib door.mtl
o door
v 0.284313 1.988018 -0.017178
v 0.284313 1.988018 0.018844
v 0.370508 1.988018 0.018844
v 0.370508 1.988018 -0.017178
v 0.284313 0.011981 -0.017178
v 0.370508 0.011981 -0.017178
v 0.370508 0.011981 0.018844
v 0.284313 0.011981 0.018844
v 0.370508 1.823348 -0.017178
v 0.284313 1.823348 -0.017178
v 0.370508 1.823348 0.018844
v 0.284313 1.823348 0.018844
v -0.370506 1.988018 0.018844
v -0.370506 1.988018 -0.017178
v -0.370506 1.823348 -0.017178
v -0.370506 1.823348 0.018844
v 0.370508 1.313901 -0.017178
v 0.284313 1.313901 -0.017178
v 0.370508 1.313901 0.018844
v 0.284313 1.313901 0.018844
v -0.370506 1.313901 -0.017178
v -0.370506 1.313901 0.018844
v 0.370508 1.177535 -0.017178
v 0.284313 1.177535 -0.017178
v 0.370508 1.177535 0.018844
v 0.284313 1.177535 0.018844
v -0.370506 1.177535 -0.017178
v -0.370506 1.177535 0.018844
v 0.370508 0.338748 -0.017178
v 0.284313 0.338748 -0.017178
v 0.370508 0.338748 0.018844
v 0.284313 0.338748 0.018844
v -0.370506 0.338748 -0.017178
v -0.370506 0.338748 0.018844
v 0.370508 0.261559 -0.017178
v 0.284313 0.261559 -0.017178
v 0.370508 0.261559 0.018844
v 0.284313 0.261559 0.018844
v -0.370506 0.261559 -0.017178
v -0.370506 0.261559 0.018844
v 0.370508 0.094316 -0.017178
v 0.284313 0.094316 -0.017178
v 0.370508 0.094316 0.018844
v 0.284313 0.094316 0.018844
v -0.370506 0.094316 -0.017178
v -0.370506 0.094316 0.018844
v -0.370506 0.011981 -0.017178
v -0.370506 0.011981 0.018844
v 0.038595 1.988018 -0.017178
v 0.038595 1.988018 0.018844
v 0.038595 1.823348 -0.017178
v 0.261157 1.800192 -0.017178
v 0.261157 1.337058 -0.017178
v 0.061752 1.337058 -0.017178
v 0.061752 1.800192 -0.017178
v 0.038595 1.177535 -0.017178
v 0.038595 1.313901 -0.017178
v 0.261157 1.154378 -0.017178
v 0.261157 0.361905 -0.017178
v 0.061752 0.361905 -0.017178
v 0.061752 1.154378 -0.017178
v 0.038595 0.261559 -0.017178
v 0.038595 0.338748 -0.017178
v 0.261157 0.238402 -0.017178
v 0.261157 0.117473 -0.017178
v 0.061752 0.117473 -0.017178
v 0.061752 0.238402 -0.017178
v 0.038595 0.011981 -0.017178
v 0.038595 0.094316 -0.017178
v 0.038595 0.011981 0.018844
v 0.038595 0.094316 0.018844
v 0.260848 0.117781 0.018844
v 0.260848 0.238094 0.018844
v 0.062061 0.238094 0.018844
v 0.062061 0.117781 0.018844
v 0.038595 0.338748 0.018844
v 0.038595 0.261559 0.018844
v 0.260848 0.362213 0.018844
v 0.260848 1.154068 0.018844
v 0.062061 1.154068 0.018844
v 0.062061 0.362213 0.018844
v 0.038595 1.313901 0.018844
v 0.038595 1.177535 0.018844
v 0.260848 1.337367 0.018844
v 0.260848 1.799883 0.018844
v 0.062061 1.799883 0.018844
v 0.062061 1.337367 0.018844
v 0.038595 1.823348 0.018844
v -0.038594 1.988018 -0.017178
v -0.038594 1.988018 0.018844
v -0.038594 1.823348 -0.017178
v -0.038594 1.313901 -0.017178
v -0.038594 1.177535 -0.017178
v -0.038594 0.338748 -0.017178
v -0.038594 0.261559 -0.017178
v -0.038594 0.094316 -0.017178
v -0.038594 0.011981 -0.017178
v -0.038594 0.011981 0.018844
v -0.038594 0.094316 0.018844
v -0.038594 0.261559 0.018844
v -0.038594 0.338748 0.018844
v -0.038594 1.177535 0.018844
v -0.038594 1.313901 0.018844
v -0.038594 1.823348 0.018844
v -0.284311 1.988018 -0.017178
v -0.284311 1.988018 0.018844
v -0.284311 1.823348 -0.017178
v -0.061750 1.800192 -0.017178
v -0.061750 1.337058 -0.017178
v -0.261155 1.337058 -0.017178
v -0.261155 1.800192 -0.017178
v -0.284311 1.177535 -0.017178
v -0.284311 1.313901 -0.017178
v -0.061750 1.154378 -0.017178
v -0.061750 0.361905 -0.017178
v -0.261155 0.361905 -0.017178
v -0.261155 1.154378 -0.017178
v -0.284311 0.261559 -0.017178
v -0.284311 0.338748 -0.017178
v -0.061750 0.238402 -0.017178
v -0.061750 0.117473 -0.017178
v -0.261155 0.117473 -0.017178
v -0.261155 0.238402 -0.017178
v -0.284311 0.011981 -0.017178
v -0.284311 0.094316 -0.017178
v -0.284311 0.011981 0.018844
v -0.284311 0.094316 0.018844
v -0.062059 0.117781 0.018844
v -0.062059 0.238094 0.018844
v -0.260846 0.238094 0.018844
v -0.260846 0.117781 0.018844
v -0.284311 0.338748 0.018844
v -0.284311 0.261559 0.018844
v -0.062059 0.362213 0.018844
v -0.062059 1.154068 0.018844
v -0.260846 1.154068 0.018844
v -0.260846 0.362213 0.018844
v -0.284311 1.313901 0.018844
v -0.284311 1.177535 0.018844
v -0.062059 1.337367 0.018844
v -0.062059 1.799883 0.018844
v -0.260846 1.799883 0.018844
v -0.260846 1.337367 0.018844
v -0.284311 1.823348 0.018844
v 0.276595 1.321620 -0.009459
v 0.276595 1.815630 -0.009459
v 0.046314 1.321620 -0.009459
v 0.046314 1.815630 -0.009459
v 0.276595 0.346467 -0.009459
v 0.276595 1.169815 -0.009459
v 0.046314 0.346467 -0.009459
v 0.046314 1.169815 -0.009459
v 0.276595 0.102036 -0.009459
v 0.276595 0.253840 -0.009459
v 0.046314 0.102036 -0.009459
v 0.046314 0.253840 -0.009459
v -0.046312 1.321620 -0.009459
v -0.046312 1.815630 -0.009459
v -0.276593 1.321620 -0.009459
v -0.276593 1.815630 -0.009459
v -0.046312 0.346467 -0.009459
v -0.046312 1.169815 -0.009459
v -0.276593 0.346467 -0.009459
v -0.276593 1.169815 -0.009459
v -0.046312 0.102036 -0.009459
v -0.046312 0.253840 -0.009459
v -0.276593 0.102036 -0.009459
v -0.276593 0.253840 -0.009459
v 0.268875 1.329339 -0.009459
v 0.268875 1.807910 -0.009459
v 0.054033 1.329339 -0.009459
v 0.054033 1.807910 -0.009459
v 0.268875 0.354186 -0.009459
v 0.268875 1.162097 -0.009459
v 0.054033 0.354186 -0.009459
v 0.054033 1.162097 -0.009459
v 0.268875 0.109754 -0.009459
v 0.268875 0.246122 -0.009459
v 0.054033 0.109754 -0.009459
v 0.054033 0.246122 -0.009459
v -0.054032 1.329339 -0.009459
v -0.054032 1.807910 -0.009459
v -0.268874 1.329339 -0.009459
v -0.268874 1.807910 -0.009459
v -0.054032 0.354186 -0.009459
v -0.054032 1.162097 -0.009459
v -0.268874 0.354186 -0.009459
v -0.268874 1.162097 -0.009459
v -0.054032 0.109754 -0.009459
v -0.054032 0.246122 -0.009459
v -0.268874 0.109754 -0.009459
v -0.268874 0.246122 -0.009459
v 0.276491 0.253737 0.011022
v 0.276491 0.102138 0.011022
v 0.046417 0.253737 0.011022
v 0.046417 0.102138 0.011022
v 0.276491 1.169713 0.011022
v 0.276491 0.346570 0.011022
v 0.046417 1.169713 0.011022
v 0.046417 0.346570 0.011022
v 0.276491 1.815526 0.011022
v 0.276491 1.321723 0.011022
v 0.046417 1.815526 0.011022
v 0.046417 1.321723 0.011022
v -0.046415 0.253737 0.011022
v -0.046415 0.102138 0.011022
v -0.276490 0.253737 0.011022
v -0.276490 0.102138 0.011022
v -0.046415 1.169713 0.011022
v -0.046415 0.346570 0.011022
v -0.276490 1.169713 0.011022
v -0.276490 0.346570 0.011022
v -0.046415 1.815526 0.011022
v -0.046415 1.321723 0.011022
v -0.276490 1.815526 0.011022
v -0.276490 1.321723 0.011022
v 0.268670 0.245915 0.011022
v 0.268670 0.109960 0.011022
v 0.054239 0.245915 0.011022
v 0.054239 0.109960 0.011022
v 0.268670 1.161890 0.011022
v 0.268670 0.354391 0.011022
v 0.054239 1.161890 0.011022
v 0.054239 0.354391 0.011022
v 0.268670 1.807705 0.011022
v 0.268670 1.329545 0.011022
v 0.054239 1.807705 0.011022
v 0.054239 1.329545 0.011022
v -0.054237 0.245915 0.011022
v -0.054237 0.109960 0.011022
v -0.268668 0.245915 0.011022
v -0.268668 0.109960 0.011022
v -0.054237 1.161890 0.011022
v -0.054237 0.354391 0.011022
v -0.268668 1.161890 0.011022
v -0.268668 0.354391 0.011022
v -0.054237 1.807705 0.011022
v -0.054237 1.329545 0.011022
v -0.268668 1.807705 0.011022
v -0.268668 1.329545 0.011022
v 0.332210 1.262146 -0.019381
v 0.345535 1.267665 -0.017829
v 0.347553 1.257516 -0.017829
v 0.333130 1.257516 -0.019381
v 0.331821 1.261985 -0.031548
v 0.332710 1.257516 -0.031547
v 0.335944 1.263692 -0.033293
v 0.337173 1.257516 -0.033293
v 0.339884 1.265325 -0.035262
v 0.341436 1.257516 -0.035262
v 0.343456 1.266805 -0.037679
v 0.345304 1.257516 -0.037679
v 0.346480 1.268057 -0.040767
v 0.348577 1.257516 -0.040767
v 0.348772 1.269006 -0.044750
v 0.351057 1.257516 -0.044750
v 0.350148 1.269576 -0.049853
v 0.352547 1.257516 -0.049853
v 0.350426 1.269691 -0.056300
v 0.352847 1.257516 -0.056300
v 0.349304 1.269226 -0.062514
v 0.351634 1.257516 -0.062514
v 0.346763 1.268174 -0.066970
v 0.348883 1.257516 -0.066970
v 0.343037 1.266631 -0.069961
v 0.344850 1.257516 -0.069961
v 0.338365 1.264695 -0.071778
v 0.339793 1.257516 -0.071778
v 0.332981 1.262466 -0.072716
v 0.333967 1.257516 -0.072716
v 0.327126 1.260040 -0.073068
v 0.327628 1.257516 -0.073068
v 0.321033 1.257516 -0.073126
v 0.329587 1.266070 -0.019381
v 0.339786 1.276269 -0.017829
v 0.329290 1.265774 -0.031548
v 0.332446 1.268929 -0.033293
v 0.335460 1.271943 -0.035262
v 0.338194 1.274679 -0.037679
v 0.340509 1.276993 -0.040767
v 0.342263 1.278747 -0.044750
v 0.343317 1.279800 -0.049853
v 0.343529 1.280012 -0.056300
v 0.342671 1.279155 -0.062514
v 0.340725 1.277209 -0.066970
v 0.337875 1.274358 -0.069961
v 0.334298 1.270782 -0.071778
v 0.330178 1.266661 -0.072716
v 0.325696 1.262179 -0.073068
v 0.325662 1.268693 -0.019381
v 0.331181 1.282018 -0.017829
v 0.325502 1.268305 -0.031548
v 0.327209 1.272428 -0.033293
v 0.328840 1.276367 -0.035262
v 0.330320 1.279940 -0.037679
v 0.331573 1.282964 -0.040767
v 0.332523 1.285255 -0.044750
v 0.333093 1.286631 -0.049853
v 0.333208 1.286909 -0.056300
v 0.332743 1.285789 -0.062514
v 0.331690 1.283246 -0.066970
v 0.330147 1.279521 -0.069961
v 0.328212 1.274848 -0.071778
v 0.325982 1.269466 -0.072716
v 0.323556 1.263609 -0.073068
v 0.321033 1.269614 -0.019381
v 0.321033 1.284037 -0.017829
v 0.321033 1.269194 -0.031548
v 0.321033 1.273656 -0.033293
v 0.321033 1.277920 -0.035262
v 0.321033 1.281787 -0.037679
v 0.321033 1.285060 -0.040767
v 0.321033 1.287540 -0.044750
v 0.321033 1.289030 -0.049853
v 0.321033 1.289332 -0.056300
v 0.321033 1.288117 -0.062514
v 0.321033 1.285366 -0.066970
v 0.321033 1.281333 -0.069961
v 0.321033 1.276276 -0.071778
v 0.321033 1.270450 -0.072716
v 0.321033 1.264111 -0.073068
v 0.316403 1.268693 -0.019381
v 0.310884 1.282018 -0.017829
v 0.316563 1.268305 -0.031548
v 0.314856 1.272428 -0.033293
v 0.313224 1.276367 -0.035262
v 0.311744 1.279940 -0.037679
v 0.310492 1.282964 -0.040767
v 0.309543 1.285255 -0.044750
v 0.308973 1.286631 -0.049853
v 0.308857 1.286909 -0.056300
v 0.309321 1.285789 -0.062514
v 0.310375 1.283246 -0.066970
v 0.311918 1.279521 -0.069961
v 0.313853 1.274848 -0.071778
v 0.316083 1.269466 -0.072716
v 0.318509 1.263609 -0.073068
v 0.312478 1.266070 -0.019381
v 0.302279 1.276269 -0.017829
v 0.312775 1.265774 -0.031548
v 0.309619 1.268929 -0.033293
v 0.306605 1.271943 -0.035262
v 0.303870 1.274679 -0.037679
v 0.301556 1.276993 -0.040767
v 0.299802 1.278747 -0.044750
v 0.298748 1.279800 -0.049853
v 0.298536 1.280012 -0.056300
v 0.299394 1.279155 -0.062514
v 0.301340 1.277209 -0.066970
v 0.304191 1.274358 -0.069961
v 0.307767 1.270782 -0.071778
v 0.311887 1.266661 -0.072716
v 0.316369 1.262179 -0.073068
v 0.309856 1.262146 -0.019381
v 0.296531 1.267665 -0.017829
v 0.310244 1.261985 -0.031548
v 0.306121 1.263692 -0.033293
v 0.302182 1.265325 -0.035262
v 0.298609 1.266805 -0.037679
v 0.295585 1.268057 -0.040767
v 0.293293 1.269006 -0.044750
v 0.291917 1.269576 -0.049853
v 0.291639 1.269691 -0.056300
v 0.292760 1.269226 -0.062514
v 0.295302 1.268174 -0.066970
v 0.299027 1.266631 -0.069961
v 0.303700 1.264695 -0.071778
v 0.309083 1.262466 -0.072716
v 0.314939 1.260040 -0.073068
v 0.308935 1.257516 -0.019381
v 0.294512 1.257516 -0.017829
v 0.309355 1.257516 -0.031547
v 0.304893 1.257516 -0.033293
v 0.300629 1.257516 -0.035262
v 0.296761 1.257516 -0.037679
v 0.293488 1.257516 -0.040767
v 0.291008 1.257516 -0.044750
v 0.289518 1.257516 -0.049853
v 0.289217 1.257516 -0.056300
v 0.290431 1.257516 -0.062514
v 0.293182 1.257516 -0.066970
v 0.297215 1.257516 -0.069961
v 0.302272 1.257516 -0.071778
v 0.308098 1.257516 -0.072716
v 0.314437 1.257516 -0.073068
v 0.309856 1.252886 -0.019381
v 0.296531 1.247367 -0.017829
v 0.310244 1.253047 -0.031547
v 0.306121 1.251340 -0.033293
v 0.302182 1.249708 -0.035262
v 0.298609 1.248228 -0.037679
v 0.295585 1.246975 -0.040767
v 0.293293 1.246026 -0.044750
v 0.291917 1.245456 -0.049853
v 0.291639 1.245341 -0.056300
v 0.292760 1.245806 -0.062514
v 0.295302 1.246858 -0.066970
v 0.299027 1.248401 -0.069961
v 0.303700 1.250337 -0.071778
v 0.309083 1.252566 -0.072716
v 0.314939 1.254992 -0.073068
v 0.312478 1.248962 -0.019381
v 0.302279 1.238763 -0.017829
v 0.312775 1.249258 -0.031547
v 0.309619 1.246103 -0.033293
v 0.306605 1.243089 -0.035262
v 0.303870 1.240354 -0.037679
v 0.301556 1.238039 -0.040767
v 0.299802 1.236285 -0.044750
v 0.298748 1.235232 -0.049853
v 0.298536 1.235019 -0.056300
v 0.299394 1.235877 -0.062514
v 0.301340 1.237823 -0.066970
v 0.304191 1.240674 -0.069961
v 0.307767 1.244250 -0.071778
v 0.311887 1.248371 -0.072716
v 0.316369 1.252853 -0.073068
v 0.316403 1.246339 -0.019381
v 0.310884 1.233014 -0.017829
v 0.316563 1.246727 -0.031547
v 0.314856 1.242604 -0.033293
v 0.313224 1.238665 -0.035262
v 0.311744 1.235092 -0.037679
v 0.310492 1.232068 -0.040767
v 0.309543 1.229777 -0.044750
v 0.308973 1.228401 -0.049853
v 0.308857 1.228123 -0.056300
v 0.309321 1.229244 -0.062514
v 0.310375 1.231786 -0.066970
v 0.311918 1.235512 -0.069961
v 0.313853 1.240183 -0.071778
v 0.316083 1.245567 -0.072716
v 0.318509 1.251423 -0.073068
v 0.321033 1.245418 -0.019381
v 0.321033 1.230995 -0.017829
v 0.321033 1.245838 -0.031547
v 0.321033 1.241376 -0.033293
v 0.321033 1.237112 -0.035262
v 0.321033 1.233245 -0.037679
v 0.321033 1.229972 -0.040767
v 0.321033 1.227491 -0.044750
v 0.321033 1.226002 -0.049853
v 0.321033 1.225701 -0.056300
v 0.321033 1.226914 -0.062514
v 0.321033 1.229666 -0.066970
v 0.321033 1.233698 -0.069961
v 0.321033 1.238756 -0.071778
v 0.321033 1.244582 -0.072716
v 0.321033 1.250921 -0.073068
v 0.325662 1.246339 -0.019381
v 0.331181 1.233014 -0.017829
v 0.325502 1.246727 -0.031547
v 0.327209 1.242604 -0.033293
v 0.328840 1.238665 -0.035262
v 0.330320 1.235092 -0.037679
v 0.331573 1.232068 -0.040767
v 0.332523 1.229777 -0.044750
v 0.333093 1.228401 -0.049853
v 0.333208 1.228123 -0.056300
v 0.332743 1.229244 -0.062514
v 0.331690 1.231786 -0.066970
v 0.330147 1.235512 -0.069961
v 0.328212 1.240183 -0.071778
v 0.325982 1.245567 -0.072716
v 0.323556 1.251423 -0.073068
v 0.329587 1.248962 -0.019381
v 0.339786 1.238763 -0.017829
v 0.329290 1.249258 -0.031547
v 0.332446 1.246103 -0.033293
v 0.335460 1.243089 -0.035262
v 0.338194 1.240354 -0.037679
v 0.340509 1.238039 -0.040767
v 0.342263 1.236285 -0.044750
v 0.343317 1.235232 -0.049853
v 0.343529 1.235019 -0.056300
v 0.342671 1.235877 -0.062514
v 0.340725 1.237823 -0.066970
v 0.337875 1.240674 -0.069961
v 0.334298 1.244250 -0.071778
v 0.330178 1.248371 -0.072716
v 0.325696 1.252853 -0.073068
v 0.332210 1.252886 -0.019381
v 0.345535 1.247367 -0.017829
v 0.331821 1.253047 -0.031547
v 0.335944 1.251340 -0.033293
v 0.339884 1.249708 -0.035262
v 0.343456 1.248228 -0.037679
v 0.346480 1.246975 -0.040767
v 0.348772 1.246026 -0.044750
v 0.350148 1.245456 -0.049853
v 0.350426 1.245341 -0.056300
v 0.349304 1.245806 -0.062514
v 0.346763 1.246858 -0.066970
v 0.343037 1.248401 -0.069961
v 0.338365 1.250337 -0.071778
v 0.332981 1.252566 -0.072716
v 0.327126 1.254992 -0.073068
v -0.360364 1.929811 0.063714
v -0.401531 1.929811 0.063714
v -0.401531 1.999999 0.063714
v -0.360365 1.999999 0.063714
v -0.401531 1.929811 -0.062044
v -0.401532 1.999999 -0.062044
v -0.377655 1.929811 -0.062044
v -0.377655 1.999999 -0.062044
v -0.372339 1.929811 -0.061197
v -0.369907 1.929811 -0.059336
v -0.369907 1.999999 -0.059336
v -0.372339 1.999999 -0.061197
v -0.369273 1.929811 -0.057475
v -0.369355 1.929811 -0.056629
v -0.369355 1.999999 -0.056629
v -0.369273 1.999999 -0.057475
v -0.366836 1.929811 -0.056229
v -0.365570 1.929811 -0.055176
v -0.365571 1.999999 -0.055176
v -0.366836 1.999999 -0.056229
v -0.365141 1.929811 -0.053686
v -0.365129 1.929811 -0.051979
v -0.365130 1.999999 -0.051980
v -0.365142 1.999999 -0.053687
v -0.365030 1.929811 -0.049788
v -0.364493 1.929812 -0.047875
v -0.364493 2.000000 -0.047876
v -0.365030 1.999999 -0.049788
v -0.363084 1.929812 -0.046523
v -0.360364 1.929812 -0.046010
v -0.360365 2.000000 -0.046010
v -0.363084 2.000000 -0.046523
v -0.401531 1.858216 0.063714
v -0.360364 1.858216 0.063714
v -0.401531 1.858216 -0.062043
v -0.377655 1.858216 -0.062043
v -0.372339 1.858216 -0.061197
v -0.369907 1.858215 -0.059336
v -0.369273 1.858215 -0.057475
v -0.369355 1.858215 -0.056629
v -0.366836 1.858215 -0.056229
v -0.365570 1.858215 -0.055176
v -0.365141 1.858216 -0.053686
v -0.365129 1.858216 -0.051979
v -0.365030 1.858216 -0.049787
v -0.364493 1.858216 -0.047875
v -0.363084 1.858216 -0.046523
v -0.360364 1.858216 -0.046010
v -0.401531 1.786620 0.063714
v -0.360364 1.786620 0.063714
v -0.401531 1.786620 -0.062043
v -0.377655 1.786620 -0.062043
v -0.372339 1.786620 -0.061197
v -0.369907 1.786620 -0.059336
v -0.369273 1.786620 -0.057475
v -0.369355 1.786620 -0.056629
v -0.366836 1.786620 -0.056229
v -0.365570 1.786620 -0.055176
v -0.365141 1.786620 -0.053686
v -0.365129 1.786620 -0.051979
v -0.365030 1.786620 -0.049787
v -0.364493 1.786620 -0.047875
v -0.363084 1.786620 -0.046523
v -0.360364 1.786620 -0.046010
v -0.401531 1.715025 0.063714
v -0.360364 1.715025 0.063714
v -0.401531 1.715024 -0.062043
v -0.377655 1.715024 -0.062043
v -0.372339 1.715025 -0.061197
v -0.369907 1.715025 -0.059336
v -0.369273 1.715025 -0.057474
v -0.369355 1.715025 -0.056629
v -0.366836 1.715025 -0.056229
v -0.365570 1.715025 -0.055176
v -0.365141 1.715025 -0.053686
v -0.365129 1.715025 -0.051979
v -0.365030 1.715025 -0.049787
v -0.364493 1.715025 -0.047876
v -0.363084 1.715025 -0.046523
v -0.360364 1.715025 -0.046010
v -0.401531 1.643429 0.063714
v -0.360364 1.643429 0.063714
v -0.401531 1.643428 -0.062043
v -0.377655 1.643428 -0.062043
v -0.372338 1.643429 -0.061196
v -0.369906 1.643429 -0.059335
v -0.369273 1.643429 -0.057474
v -0.369355 1.643429 -0.056629
v -0.366836 1.643429 -0.056229
v -0.365570 1.643429 -0.055176
v -0.365141 1.643429 -0.053686
v -0.365129 1.643429 -0.051979
v -0.365030 1.643429 -0.049787
v -0.364493 1.643429 -0.047875
v -0.363084 1.643429 -0.046523
v -0.360364 1.643429 -0.046009
v -0.401531 1.571834 0.063715
v -0.360364 1.571834 0.063714
v -0.401531 1.571834 -0.062043
v -0.377655 1.571834 -0.062043
v -0.372338 1.571834 -0.061196
v -0.369906 1.571834 -0.059335
v -0.369273 1.571834 -0.057474
v -0.369355 1.571834 -0.056628
v -0.366836 1.571834 -0.056229
v -0.365570 1.571834 -0.055176
v -0.365141 1.571834 -0.053686
v -0.365129 1.571834 -0.051979
v -0.365030 1.571834 -0.049787
v -0.364493 1.571834 -0.047875
v -0.363084 1.571834 -0.046523
v -0.360364 1.571834 -0.046009
v -0.401531 1.500239 0.063715
v -0.360364 1.500238 0.063714
v -0.401531 1.500239 -0.062043
v -0.377655 1.500239 -0.062043
v -0.372338 1.500239 -0.061196
v -0.369906 1.500239 -0.059335
v -0.369273 1.500239 -0.057474
v -0.369355 1.500239 -0.056628
v -0.366836 1.500239 -0.056228
v -0.365570 1.500239 -0.055175
v -0.365141 1.500238 -0.053685
v -0.365129 1.500238 -0.051978
v -0.365030 1.500239 -0.049787
v -0.364493 1.500239 -0.047875
v -0.363084 1.500239 -0.046523
v -0.360364 1.500239 -0.046009
v -0.401531 1.428643 0.063715
v -0.360364 1.428643 0.063714
v -0.401531 1.428643 -0.062043
v -0.377655 1.428643 -0.062043
v -0.372338 1.428643 -0.061196
v -0.369906 1.428643 -0.059335
v -0.369273 1.428643 -0.057474
v -0.369355 1.428643 -0.056628
v -0.366836 1.428643 -0.056228
v -0.365570 1.428643 -0.055175
v -0.365141 1.428643 -0.053686
v -0.365129 1.428643 -0.051979
v -0.365030 1.428643 -0.049787
v -0.364493 1.428643 -0.047875
v -0.363084 1.428643 -0.046523
v -0.360364 1.428643 -0.046009
v -0.401531 1.357047 0.063715
v -0.360364 1.357047 0.063714
v -0.401531 1.357047 -0.062043
v -0.377655 1.357047 -0.062043
v -0.372338 1.357047 -0.061196
v -0.369906 1.357047 -0.059335
v -0.369273 1.357047 -0.057474
v -0.369355 1.357047 -0.056628
v -0.366835 1.357047 -0.056228
v -0.365570 1.357047 -0.055175
v -0.365140 1.357047 -0.053685
v -0.365129 1.357047 -0.051978
v -0.365030 1.357047 -0.049786
v -0.364493 1.357047 -0.047875
v -0.363084 1.357047 -0.046523
v -0.360364 1.357047 -0.046009
v -0.401531 1.285451 0.063715
v -0.360364 1.285451 0.063714
v -0.401531 1.285451 -0.062043
v -0.377655 1.285451 -0.062043
v -0.372338 1.285451 -0.061196
v -0.369906 1.285451 -0.059335
v -0.369273 1.285451 -0.057474
v -0.369355 1.285451 -0.056628
v -0.366835 1.285451 -0.056228
v -0.365570 1.285451 -0.055175
v -0.365140 1.285451 -0.053685
v -0.365129 1.285451 -0.051979
v -0.365030 1.285451 -0.049786
v -0.364493 1.285451 -0.047875
v -0.363084 1.285452 -0.046523
v -0.360364 1.285452 -0.046009
v -0.401531 1.213855 0.063715
v -0.360364 1.213855 0.063715
v -0.401531 1.213855 -0.062042
v -0.377655 1.213855 -0.062043
v -0.372338 1.213855 -0.061196
v -0.369906 1.213855 -0.059335
v -0.369273 1.213855 -0.057474
v -0.369355 1.213855 -0.056628
v -0.366835 1.213855 -0.056228
v -0.365570 1.213855 -0.055175
v -0.365140 1.213855 -0.053685
v -0.365129 1.213855 -0.051978
v -0.365030 1.213856 -0.049786
v -0.364493 1.213856 -0.047874
v -0.363084 1.213856 -0.046522
v -0.360364 1.213856 -0.046009
v -0.401531 1.142259 0.063715
v -0.360364 1.142259 0.063715
v -0.401531 1.142260 -0.062042
v -0.377655 1.142259 -0.062042
v -0.372338 1.142259 -0.061196
v -0.369906 1.142259 -0.059334
v -0.369273 1.142259 -0.057473
v -0.369355 1.142259 -0.056628
v -0.366835 1.142259 -0.056227
v -0.365570 1.142259 -0.055174
v -0.365140 1.142259 -0.053685
v -0.365129 1.142259 -0.051978
v -0.365030 1.142260 -0.049786
v -0.364493 1.142260 -0.047874
v -0.363084 1.142261 -0.046522
v -0.360364 1.142261 -0.046009
v -0.401531 1.065877 0.063715
v -0.360364 1.065877 0.063715
v -0.401531 1.065877 -0.062043
v -0.377655 1.065877 -0.062043
v -0.372338 1.065877 -0.061196
v -0.369906 1.065877 -0.059335
v -0.369273 1.065877 -0.057474
v -0.369355 1.065877 -0.056628
v -0.366835 1.065877 -0.056228
v -0.365570 1.065877 -0.055175
v -0.365140 1.065877 -0.053685
v -0.365129 1.065877 -0.051978
v -0.365030 1.065878 -0.049786
v -0.364493 1.065878 -0.047874
v -0.363084 1.065879 -0.046522
v -0.360364 1.065879 -0.046009
v -0.401531 0.994282 0.063715
v -0.360364 0.994281 0.063715
v -0.401531 0.994282 -0.062042
v -0.377655 0.994282 -0.062042
v -0.372338 0.994282 -0.061196
v -0.369906 0.994282 -0.059335
v -0.369273 0.994282 -0.057473
v -0.369355 0.994282 -0.056628
v -0.366835 0.994282 -0.056227
v -0.365570 0.994282 -0.055174
v -0.365140 0.994282 -0.053685
v -0.365129 0.994282 -0.051978
v -0.365030 0.994282 -0.049786
v -0.364493 0.994282 -0.047874
v -0.363084 0.994283 -0.046522
v -0.360364 0.994283 -0.046009
v -0.401531 0.922686 0.063715
v -0.360364 0.922686 0.063715
v -0.401531 0.922686 -0.062042
v -0.377655 0.922686 -0.062042
v -0.372338 0.922686 -0.061196
v -0.369906 0.922686 -0.059334
v -0.369273 0.922686 -0.057473
v -0.369355 0.922686 -0.056627
v -0.366835 0.922686 -0.056227
v -0.365570 0.922686 -0.055174
v -0.365140 0.922686 -0.053685
v -0.365129 0.922686 -0.051978
v -0.365029 0.922687 -0.049786
v -0.364493 0.922687 -0.047874
v -0.363084 0.922687 -0.046522
v -0.360364 0.922687 -0.046008
v -0.401531 0.851091 0.063715
v -0.360364 0.851091 0.063715
v -0.401531 0.851091 -0.062042
v -0.377654 0.851091 -0.062042
v -0.372338 0.851091 -0.061196
v -0.369906 0.851091 -0.059334
v -0.369273 0.851091 -0.057473
v -0.369355 0.851091 -0.056627
v -0.366835 0.851091 -0.056227
v -0.365569 0.851091 -0.055174
v -0.365140 0.851091 -0.053685
v -0.365129 0.851091 -0.051978
v -0.365029 0.851091 -0.049786
v -0.364492 0.851091 -0.047874
v -0.363083 0.851091 -0.046522
v -0.360364 0.851091 -0.046008
v -0.401531 0.779496 0.063716
v -0.360364 0.779496 0.063716
v -0.401531 0.779496 -0.062042
v -0.377654 0.779496 -0.062042
v -0.372338 0.779496 -0.061196
v -0.369906 0.779496 -0.059334
v -0.369273 0.779496 -0.057473
v -0.369355 0.779496 -0.056627
v -0.366835 0.779496 -0.056227
v -0.365570 0.779496 -0.055174
v -0.365140 0.779496 -0.053685
v -0.365129 0.779496 -0.051978
v -0.365029 0.779496 -0.049786
v -0.364492 0.779496 -0.047874
v -0.363083 0.779496 -0.046522
v -0.360364 0.779496 -0.046008
v -0.401531 0.707900 0.063716
v -0.360364 0.707900 0.063715
v -0.401531 0.707900 -0.062042
v -0.377654 0.707900 -0.062042
v -0.372338 0.707900 -0.061196
v -0.369906 0.707900 -0.059334
v -0.369273 0.707900 -0.057473
v -0.369355 0.707900 -0.056627
v -0.366835 0.707900 -0.056227
v -0.365569 0.707900 -0.055174
v -0.365140 0.707900 -0.053685
v -0.365129 0.707900 -0.051978
v -0.365029 0.707900 -0.049786
v -0.364492 0.707900 -0.047874
v -0.363083 0.707901 -0.046522
v -0.360364 0.707901 -0.046008
v -0.401531 0.636305 0.063716
v -0.360364 0.636305 0.063716
v -0.401531 0.636305 -0.062042
v -0.377654 0.636305 -0.062042
v -0.372338 0.636305 -0.061196
v -0.369906 0.636305 -0.059334
v -0.369273 0.636305 -0.057473
v -0.369355 0.636305 -0.056627
v -0.366835 0.636305 -0.056227
v -0.365569 0.636305 -0.055174
v -0.365140 0.636305 -0.053684
v -0.365129 0.636305 -0.051978
v -0.365029 0.636305 -0.049786
v -0.364492 0.636305 -0.047874
v -0.363083 0.636305 -0.046522
v -0.360364 0.636305 -0.046008
v -0.401531 0.564710 0.063716
v -0.360364 0.564710 0.063716
v -0.401531 0.564710 -0.062041
v -0.377654 0.564710 -0.062042
v -0.372338 0.564710 -0.061196
v -0.369906 0.564710 -0.059334
v -0.369273 0.564710 -0.057473
v -0.369355 0.564710 -0.056627
v -0.366835 0.564710 -0.056227
v -0.365569 0.564710 -0.055174
v -0.365140 0.564710 -0.053684
v -0.365129 0.564710 -0.051977
v -0.365029 0.564710 -0.049785
v -0.364492 0.564710 -0.047874
v -0.363083 0.564710 -0.046522
v -0.360364 0.564710 -0.046008
v -0.401531 0.493114 0.063716
v -0.360364 0.493114 0.063716
v -0.401531 0.493114 -0.062041
v -0.377654 0.493114 -0.062041
v -0.372338 0.493114 -0.061196
v -0.369906 0.493114 -0.059334
v -0.369273 0.493114 -0.057473
v -0.369355 0.493114 -0.056627
v -0.366835 0.493114 -0.056227
v -0.365569 0.493114 -0.055174
v -0.365140 0.493114 -0.053684
v -0.365129 0.493114 -0.051977
v -0.365029 0.493114 -0.049785
v -0.364492 0.493114 -0.047873
v -0.363083 0.493114 -0.046521
v -0.360364 0.493114 -0.046008
v -0.401531 0.092179 0.063716
v -0.360364 0.092179 0.063716
v -0.401531 0.092179 -0.062041
v -0.377654 0.092179 -0.062041
v -0.372337 0.092179 -0.061195
v -0.369906 0.092179 -0.059333
v -0.369273 0.092179 -0.057472
v -0.369355 0.092179 -0.056627
v -0.366835 0.092179 -0.056227
v -0.365569 0.092179 -0.055174
v -0.365140 0.092179 -0.053684
v -0.365129 0.092179 -0.051977
v -0.365029 0.092179 -0.049785
v -0.364492 0.092179 -0.047873
v -0.363083 0.092179 -0.046522
v -0.360364 0.092179 -0.046008
v -0.401531 0.000000 0.063716
v -0.360364 0.041167 0.063716
v -0.401531 0.000000 -0.062041
v -0.377654 0.023877 -0.062041
v -0.372337 0.029193 -0.061195
v -0.369905 0.031625 -0.059333
v -0.369273 0.032258 -0.057472
v -0.369355 0.032176 -0.056627
v -0.366835 0.034696 -0.056227
v -0.365569 0.035962 -0.055174
v -0.365140 0.036391 -0.053684
v -0.365129 0.036402 -0.051977
v -0.365029 0.036502 -0.049785
v -0.364492 0.037039 -0.047873
v -0.363083 0.038448 -0.046521
v -0.360364 0.041167 -0.046008
v -0.306667 0.000000 0.063716
v -0.306667 0.041167 0.063716
v -0.306667 0.000000 -0.062042
v -0.306667 0.023877 -0.062042
v -0.306667 0.029193 -0.061195
v -0.306667 0.031625 -0.059334
v -0.306667 0.032258 -0.057473
v -0.306667 0.032176 -0.056627
v -0.306667 0.034696 -0.056227
v -0.306667 0.035962 -0.055174
v -0.306667 0.036391 -0.053684
v -0.306667 0.036402 -0.051977
v -0.306667 0.036502 -0.049785
v -0.306667 0.037039 -0.047873
v -0.306667 0.038448 -0.046521
v -0.306667 0.041167 -0.046008
v -0.232387 0.000000 0.063716
v -0.232387 0.041167 0.063715
v -0.232387 0.000000 -0.062042
v -0.232387 0.023877 -0.062042
v -0.232387 0.029193 -0.061195
v -0.232387 0.031625 -0.059334
v -0.232387 0.032258 -0.057473
v -0.232387 0.032176 -0.056627
v -0.232387 0.034696 -0.056227
v -0.232387 0.035962 -0.055174
v -0.232387 0.036391 -0.053685
v -0.232387 0.036402 -0.051978
v -0.232387 0.036502 -0.049786
v -0.232387 0.037039 -0.047874
v -0.232387 0.038448 -0.046522
v -0.232387 0.041167 -0.046008
v -0.137522 0.000000 0.063715
v -0.137522 0.041167 0.063715
v -0.137523 0.000000 -0.062042
v -0.137523 0.023877 -0.062042
v -0.137523 0.029193 -0.061196
v -0.137523 0.031625 -0.059335
v -0.137523 0.032258 -0.057474
v -0.137523 0.032176 -0.056628
v -0.137523 0.034696 -0.056228
v -0.137523 0.035962 -0.055175
v -0.137523 0.036391 -0.053685
v -0.137523 0.036402 -0.051978
v -0.137523 0.036502 -0.049786
v -0.137523 0.037039 -0.047874
v -0.137523 0.038448 -0.046522
v -0.137523 0.041167 -0.046009
v -0.063243 0.000000 0.063715
v -0.063242 0.041167 0.063715
v -0.063243 0.000000 -0.062043
v -0.063243 0.023878 -0.062043
v -0.063243 0.029193 -0.061196
v -0.063243 0.031625 -0.059335
v -0.063243 0.032258 -0.057474
v -0.063243 0.032177 -0.056628
v -0.063243 0.034696 -0.056228
v -0.063243 0.035962 -0.055175
v -0.063243 0.036392 -0.053685
v -0.063243 0.036402 -0.051978
v -0.063243 0.036503 -0.049786
v -0.063243 0.037039 -0.047875
v -0.063243 0.038449 -0.046522
v -0.063243 0.041167 -0.046009
v 0.016666 0.000000 0.063713
v 0.016666 0.041167 0.063713
v 0.016665 0.000001 -0.062044
v 0.016665 0.023878 -0.062044
v 0.016665 0.029194 -0.061198
v 0.016665 0.031626 -0.059337
v 0.016665 0.032259 -0.057476
v 0.016665 0.032177 -0.056630
v 0.016665 0.034696 -0.056231
v 0.016665 0.035962 -0.055177
v 0.016666 0.036392 -0.053688
v 0.016666 0.036403 -0.051980
v 0.016666 0.036503 -0.049789
v 0.016666 0.037039 -0.047877
v 0.016666 0.038449 -0.046524
v 0.016666 0.041168 -0.046011
v 0.063243 0.000001 0.063710
v 0.063243 0.041168 0.063710
v 0.063243 0.000001 -0.062047
v 0.063243 0.023878 -0.062047
v 0.063243 0.029194 -0.061201
v 0.063243 0.031626 -0.059339
v 0.063243 0.032259 -0.057478
v 0.063243 0.032178 -0.056632
v 0.063243 0.034697 -0.056232
v 0.063243 0.035962 -0.055179
v 0.063243 0.036392 -0.053689
v 0.063243 0.036404 -0.051982
v 0.063243 0.036503 -0.049790
v 0.063243 0.037039 -0.047879
v 0.063243 0.038450 -0.046527
v 0.063243 0.041168 -0.046014
v 0.137524 0.000001 0.063710
v 0.137524 0.041168 0.063710
v 0.137523 0.000001 -0.062047
v 0.137524 0.023879 -0.062047
v 0.137524 0.029194 -0.061201
v 0.137524 0.031626 -0.059339
v 0.137524 0.032259 -0.057478
v 0.137524 0.032178 -0.056632
v 0.137524 0.034697 -0.056232
v 0.137524 0.035963 -0.055179
v 0.137524 0.036392 -0.053690
v 0.137524 0.036404 -0.051983
v 0.137524 0.036503 -0.049791
v 0.137524 0.037039 -0.047879
v 0.137524 0.038450 -0.046527
v 0.137524 0.041168 -0.046014
v 0.232387 0.000001 0.063710
v 0.232388 0.041168 0.063710
v 0.232387 0.000001 -0.062047
v 0.232387 0.023879 -0.062048
v 0.232387 0.029194 -0.061202
v 0.232387 0.031627 -0.059340
v 0.232387 0.032260 -0.057479
v 0.232387 0.032178 -0.056633
v 0.232387 0.034697 -0.056233
v 0.232387 0.035963 -0.055180
v 0.232387 0.036392 -0.053690
v 0.232387 0.036404 -0.051983
v 0.232387 0.036503 -0.049791
v 0.232387 0.037039 -0.047879
v 0.232387 0.038450 -0.046527
v 0.232387 0.041168 -0.046014
v 0.327252 0.000001 0.063709
v 0.327252 0.041168 0.063710
v 0.327252 0.000001 -0.062048
v 0.327252 0.023879 -0.062048
v 0.327252 0.029195 -0.061202
v 0.327252 0.031627 -0.059340
v 0.327252 0.032260 -0.057479
v 0.327252 0.032178 -0.056633
v 0.327252 0.034697 -0.056233
v 0.327252 0.035963 -0.055180
v 0.327252 0.036392 -0.053690
v 0.327252 0.036404 -0.051984
v 0.327252 0.036503 -0.049792
v 0.327252 0.037039 -0.047880
v 0.327252 0.038450 -0.046528
v 0.327252 0.041168 -0.046014
v 0.401532 0.000001 0.063709
v 0.360365 0.041168 0.063709
v 0.401532 0.000001 -0.062049
v 0.377655 0.023879 -0.062048
v 0.372338 0.029195 -0.061202
v 0.369906 0.031627 -0.059340
v 0.369274 0.032260 -0.057479
v 0.369355 0.032178 -0.056633
v 0.366836 0.034697 -0.056233
v 0.365570 0.035963 -0.055180
v 0.365141 0.036392 -0.053691
v 0.365130 0.036404 -0.051984
v 0.365030 0.036503 -0.049792
v 0.364494 0.037040 -0.047880
v 0.363084 0.038450 -0.046528
v 0.360365 0.041169 -0.046014
v 0.401532 0.092180 0.063709
v 0.360365 0.092180 0.063709
v 0.401532 0.092180 -0.062049
v 0.377655 0.092180 -0.062048
v 0.372338 0.092180 -0.061202
v 0.369906 0.092180 -0.059341
v 0.369274 0.092180 -0.057480
v 0.369355 0.092180 -0.056634
v 0.366836 0.092180 -0.056234
v 0.365570 0.092180 -0.055181
v 0.365141 0.092180 -0.053691
v 0.365130 0.092180 -0.051984
v 0.365030 0.092180 -0.049792
v 0.364494 0.092180 -0.047880
v 0.363084 0.092180 -0.046528
v 0.360365 0.092180 -0.046015
v 0.401532 0.493116 0.063709
v 0.360365 0.493116 0.063709
v 0.401532 0.493116 -0.062049
v 0.377655 0.493116 -0.062048
v 0.372338 0.493116 -0.061203
v 0.369906 0.493116 -0.059340
v 0.369274 0.493116 -0.057479
v 0.369355 0.493116 -0.056634
v 0.366836 0.493116 -0.056233
v 0.365570 0.493116 -0.055180
v 0.365141 0.493116 -0.053691
v 0.365130 0.493116 -0.051984
v 0.365030 0.493116 -0.049792
v 0.364494 0.493116 -0.047880
v 0.363084 0.493116 -0.046528
v 0.360365 0.493116 -0.046015
v 0.401532 0.564711 0.063708
v 0.360365 0.564711 0.063709
v 0.401532 0.564712 -0.062049
v 0.377655 0.564712 -0.062049
v 0.372338 0.564712 -0.061203
v 0.369906 0.564712 -0.059341
v 0.369274 0.564712 -0.057479
v 0.369355 0.564712 -0.056634
v 0.366836 0.564712 -0.056234
v 0.365570 0.564712 -0.055181
v 0.365141 0.564712 -0.053691
v 0.365130 0.564712 -0.051984
v 0.365030 0.564712 -0.049792
v 0.364494 0.564712 -0.047880
v 0.363084 0.564712 -0.046529
v 0.360365 0.564712 -0.046015
v 0.401532 0.636307 0.063709
v 0.360365 0.636307 0.063709
v 0.401532 0.636307 -0.062049
v 0.377655 0.636307 -0.062049
v 0.372338 0.636307 -0.061203
v 0.369906 0.636307 -0.059341
v 0.369274 0.636307 -0.057480
v 0.369355 0.636307 -0.056634
v 0.366835 0.636307 -0.056234
v 0.365570 0.636307 -0.055181
v 0.365141 0.636307 -0.053691
v 0.365130 0.636307 -0.051984
v 0.365030 0.636307 -0.049792
v 0.364494 0.636307 -0.047880
v 0.363084 0.636307 -0.046529
v 0.360365 0.636307 -0.046015
v 0.401532 0.707900 0.063708
v 0.360365 0.707900 0.063709
v 0.401532 0.707901 -0.062049
v 0.377655 0.707901 -0.062049
v 0.372338 0.707901 -0.061203
v 0.369906 0.707901 -0.059341
v 0.369273 0.707901 -0.057480
v 0.369355 0.707901 -0.056634
v 0.366835 0.707901 -0.056234
v 0.365570 0.707901 -0.055181
v 0.365141 0.707901 -0.053691
v 0.365130 0.707901 -0.051984
v 0.365030 0.707901 -0.049793
v 0.364494 0.707901 -0.047881
v 0.363084 0.707902 -0.046529
v 0.360365 0.707902 -0.046015
v 0.401532 0.779496 0.063709
v 0.360365 0.779496 0.063709
v 0.401532 0.779496 -0.062049
v 0.377655 0.779496 -0.062049
v 0.372338 0.779496 -0.061203
v 0.369906 0.779496 -0.059341
v 0.369273 0.779496 -0.057480
v 0.369355 0.779496 -0.056634
v 0.366835 0.779496 -0.056234
v 0.365570 0.779496 -0.055181
v 0.365141 0.779496 -0.053691
v 0.365130 0.779496 -0.051985
v 0.365030 0.779496 -0.049792
v 0.364494 0.779496 -0.047880
v 0.363084 0.779498 -0.046529
v 0.360365 0.779498 -0.046015
v 0.401532 0.851091 0.063708
v 0.360365 0.851091 0.063709
v 0.401532 0.851091 -0.062049
v 0.377655 0.851091 -0.062049
v 0.372338 0.851091 -0.061203
v 0.369906 0.851091 -0.059341
v 0.369273 0.851091 -0.057480
v 0.369355 0.851091 -0.056634
v 0.366835 0.851091 -0.056234
v 0.365570 0.851091 -0.055181
v 0.365141 0.851091 -0.053692
v 0.365130 0.851091 -0.051985
v 0.365030 0.851091 -0.049793
v 0.364494 0.851091 -0.047881
v 0.363084 0.851094 -0.046529
v 0.360365 0.851094 -0.046015
v 0.401532 0.922686 0.063708
v 0.360365 0.922686 0.063708
v 0.401532 0.922687 -0.062049
v 0.377655 0.922687 -0.062049
v 0.372338 0.922687 -0.061203
v 0.369906 0.922687 -0.059341
v 0.369273 0.922687 -0.057480
v 0.369355 0.922687 -0.056634
v 0.366835 0.922687 -0.056234
v 0.365570 0.922687 -0.055181
v 0.365141 0.922687 -0.053692
v 0.365130 0.922687 -0.051985
v 0.365030 0.922687 -0.049793
v 0.364494 0.922687 -0.047881
v 0.363084 0.922689 -0.046529
v 0.360365 0.922689 -0.046015
v 0.401532 0.994282 0.063708
v 0.360365 0.994282 0.063708
v 0.401531 0.994282 -0.062050
v 0.377655 0.994282 -0.062049
v 0.372338 0.994282 -0.061203
v 0.369906 0.994282 -0.059342
v 0.369273 0.994282 -0.057481
v 0.369355 0.994282 -0.056635
v 0.366835 0.994282 -0.056235
v 0.365570 0.994282 -0.055182
v 0.365141 0.994282 -0.053692
v 0.365130 0.994282 -0.051985
v 0.365030 0.994282 -0.049793
v 0.364494 0.994282 -0.047881
v 0.363084 0.994285 -0.046529
v 0.360364 0.994285 -0.046016
v 0.401532 1.065878 0.063708
v 0.360365 1.065878 0.063708
v 0.401531 1.065878 -0.062050
v 0.377655 1.065878 -0.062050
v 0.372338 1.065878 -0.061203
v 0.369906 1.065878 -0.059342
v 0.369273 1.065878 -0.057481
v 0.369355 1.065878 -0.056635
v 0.366835 1.065878 -0.056235
v 0.365569 1.065878 -0.055182
v 0.365141 1.065878 -0.053692
v 0.365130 1.065878 -0.051985
v 0.365030 1.065878 -0.049793
v 0.364493 1.065878 -0.047881
v 0.363083 1.065881 -0.046529
v 0.360364 1.065881 -0.046016
v 0.401532 1.142259 0.063708
v 0.360365 1.142259 0.063708
v 0.401531 1.142260 -0.062050
v 0.377655 1.142260 -0.062050
v 0.372338 1.142260 -0.061203
v 0.369906 1.142260 -0.059341
v 0.369273 1.142260 -0.057480
v 0.369355 1.142260 -0.056634
v 0.366835 1.142260 -0.056234
v 0.365569 1.142260 -0.055181
v 0.365141 1.142260 -0.053692
v 0.365130 1.142260 -0.051985
v 0.365030 1.142260 -0.049793
v 0.364493 1.142260 -0.047881
v 0.363083 1.142262 -0.046529
v 0.360364 1.142262 -0.046015
v 0.401532 1.213855 0.063708
v 0.360365 1.213855 0.063708
v 0.401531 1.213856 -0.062050
v 0.377655 1.213856 -0.062050
v 0.372338 1.213856 -0.061203
v 0.369906 1.213856 -0.059342
v 0.369273 1.213856 -0.057481
v 0.369355 1.213856 -0.056635
v 0.366835 1.213856 -0.056235
v 0.365569 1.213856 -0.055181
v 0.365141 1.213856 -0.053692
v 0.365130 1.213856 -0.051985
v 0.365030 1.213856 -0.049793
v 0.364493 1.213856 -0.047881
v 0.363083 1.213858 -0.046529
v 0.360364 1.213858 -0.046016
v 0.401532 1.285451 0.063708
v 0.360365 1.285451 0.063708
v 0.401531 1.285451 -0.062050
v 0.377655 1.285451 -0.062050
v 0.372338 1.285451 -0.061203
v 0.369906 1.285451 -0.059342
v 0.369273 1.285451 -0.057481
v 0.369355 1.285451 -0.056635
v 0.366835 1.285451 -0.056235
v 0.365569 1.285451 -0.055182
v 0.365141 1.285451 -0.053692
v 0.365130 1.285451 -0.051985
v 0.365030 1.285452 -0.049793
v 0.364493 1.285452 -0.047881
v 0.363083 1.285454 -0.046529
v 0.360364 1.285454 -0.046016
v 0.401532 1.357048 0.063707
v 0.360365 1.357048 0.063708
v 0.401531 1.357049 -0.062050
v 0.377655 1.357049 -0.062050
v 0.372338 1.357049 -0.061203
v 0.369906 1.357049 -0.059342
v 0.369273 1.357049 -0.057481
v 0.369355 1.357049 -0.056635
v 0.366835 1.357049 -0.056235
v 0.365569 1.357049 -0.055182
v 0.365141 1.357048 -0.053692
v 0.365130 1.357048 -0.051985
v 0.365030 1.357048 -0.049793
v 0.364493 1.357048 -0.047881
v 0.363083 1.357048 -0.046529
v 0.360364 1.357048 -0.046016
v 0.401532 1.428644 0.063707
v 0.360365 1.428644 0.063707
v 0.401531 1.428644 -0.062050
v 0.377655 1.428644 -0.062050
v 0.372338 1.428644 -0.061203
v 0.369906 1.428644 -0.059342
v 0.369273 1.428644 -0.057481
v 0.369355 1.428644 -0.056635
v 0.366835 1.428644 -0.056235
v 0.365569 1.428644 -0.055182
v 0.365141 1.428644 -0.053692
v 0.365130 1.428644 -0.051986
v 0.365030 1.428644 -0.049794
v 0.364493 1.428644 -0.047882
v 0.363083 1.428644 -0.046530
v 0.360364 1.428644 -0.046016
v 0.401532 1.500239 0.063707
v 0.360365 1.500239 0.063707
v 0.401531 1.500240 -0.062050
v 0.377655 1.500240 -0.062050
v 0.372338 1.500240 -0.061203
v 0.369906 1.500240 -0.059342
v 0.369273 1.500240 -0.057481
v 0.369355 1.500240 -0.056635
v 0.366835 1.500240 -0.056235
v 0.365569 1.500240 -0.055182
v 0.365141 1.500239 -0.053692
v 0.365130 1.500239 -0.051986
v 0.365030 1.500239 -0.049794
v 0.364493 1.500239 -0.047882
v 0.363083 1.500239 -0.046530
v 0.360364 1.500239 -0.046016
v 0.401532 1.571834 0.063707
v 0.360364 1.571834 0.063707
v 0.401531 1.571834 -0.062051
v 0.377655 1.571834 -0.062050
v 0.372338 1.571834 -0.061203
v 0.369906 1.571834 -0.059342
v 0.369273 1.571834 -0.057481
v 0.369355 1.571834 -0.056635
v 0.366835 1.571834 -0.056235
v 0.365569 1.571834 -0.055182
v 0.365141 1.571834 -0.053693
v 0.365130 1.571834 -0.051986
v 0.365030 1.571834 -0.049794
v 0.364493 1.571834 -0.047882
v 0.363083 1.571834 -0.046530
v 0.360364 1.571834 -0.046016
v 0.401531 1.643430 0.063707
v 0.360364 1.643430 0.063707
v 0.401531 1.643429 -0.062051
v 0.377655 1.643429 -0.062050
v 0.372338 1.643430 -0.061203
v 0.369906 1.643430 -0.059342
v 0.369273 1.643430 -0.057481
v 0.369355 1.643430 -0.056635
v 0.366835 1.643430 -0.056235
v 0.365569 1.643430 -0.055182
v 0.365141 1.643430 -0.053693
v 0.365130 1.643430 -0.051986
v 0.365030 1.643430 -0.049794
v 0.364493 1.643430 -0.047882
v 0.363083 1.643430 -0.046530
v 0.360364 1.643430 -0.046016
v 0.401531 1.715026 0.063707
v 0.360364 1.715026 0.063707
v 0.401531 1.715025 -0.062051
v 0.377655 1.715024 -0.062051
v 0.372338 1.715026 -0.061204
v 0.369906 1.715026 -0.059342
v 0.369273 1.715026 -0.057481
v 0.369355 1.715026 -0.056636
v 0.366835 1.715026 -0.056236
v 0.365569 1.715026 -0.055183
v 0.365141 1.715026 -0.053693
v 0.365130 1.715026 -0.051986
v 0.365030 1.715026 -0.049794
v 0.364493 1.715026 -0.047882
v 0.363083 1.715026 -0.046530
v 0.360364 1.715026 -0.046016
v 0.401531 1.786622 0.063707
v 0.360364 1.786621 0.063707
v 0.401531 1.786620 -0.062050
v 0.377655 1.786620 -0.062050
v 0.372338 1.786621 -0.061203
v 0.369906 1.786621 -0.059342
v 0.369273 1.786621 -0.057481
v 0.369355 1.786621 -0.056636
v 0.366835 1.786621 -0.056236
v 0.365569 1.786621 -0.055183
v 0.365141 1.786621 -0.053693
v 0.365130 1.786621 -0.051986
v 0.365030 1.786621 -0.049794
v 0.364493 1.786621 -0.047882
v 0.363083 1.786621 -0.046530
v 0.360364 1.786621 -0.046016
v 0.401531 1.858218 0.063707
v 0.360364 1.858218 0.063707
v 0.401531 1.858216 -0.062050
v 0.377655 1.858216 -0.062050
v 0.372338 1.858216 -0.061204
v 0.369906 1.858216 -0.059343
v 0.369273 1.858216 -0.057481
v 0.369355 1.858216 -0.056636
v 0.366835 1.858216 -0.056236
v 0.365569 1.858216 -0.055183
v 0.365141 1.858218 -0.053693
v 0.365130 1.858218 -0.051986
v 0.365030 1.858218 -0.049794
v 0.364493 1.858218 -0.047882
v 0.363083 1.858218 -0.046530
v 0.360364 1.858218 -0.046016
v 0.401531 1.929812 0.063706
v 0.360364 1.929812 0.063707
v 0.401531 1.929812 -0.062051
v 0.377655 1.929812 -0.062051
v 0.372338 1.929812 -0.061204
v 0.369906 1.929812 -0.059343
v 0.369273 1.929812 -0.057482
v 0.369355 1.929812 -0.056636
v 0.366835 1.929812 -0.056236
v 0.365569 1.929812 -0.055183
v 0.365141 1.929812 -0.053693
v 0.365130 1.929812 -0.051986
v 0.365030 1.929812 -0.049794
v 0.364493 1.929814 -0.047883
v 0.363083 1.929814 -0.046530
v 0.360364 1.929814 -0.046017
v 0.360364 1.999999 0.063707
v 0.401531 1.999999 0.063706
v 0.401531 1.999999 -0.062051
v 0.377655 1.999999 -0.062051
v 0.372338 1.999999 -0.061204
v 0.369906 1.999999 -0.059343
v 0.369272 1.999999 -0.057482
v 0.369355 1.999999 -0.056636
v 0.366835 1.999999 -0.056236
v 0.365569 1.999999 -0.055183
v 0.365141 1.999999 -0.053693
v 0.365130 1.999999 -0.051986
v 0.365030 1.999999 -0.049795
v 0.364492 2.000000 -0.047883
v 0.363083 2.000000 -0.046530
v 0.360364 2.000000 -0.046017
v 0.332210 1.262146 0.019381
v 0.345535 1.267665 0.017829
v 0.347553 1.257516 0.017829
v 0.333130 1.257516 0.019381
v 0.331821 1.261985 0.031548
v 0.332710 1.257516 0.031547
v 0.335944 1.263692 0.033293
v 0.337173 1.257516 0.033293
v 0.339884 1.265325 0.035262
v 0.341436 1.257516 0.035262
v 0.343456 1.266805 0.037679
v 0.345304 1.257516 0.037679
v 0.346480 1.268057 0.040767
v 0.348577 1.257516 0.040767
v 0.348772 1.269006 0.044750
v 0.351057 1.257516 0.044750
v 0.350148 1.269576 0.049853
v 0.352547 1.257516 0.049853
v 0.350426 1.269691 0.056300
v 0.352847 1.257516 0.056300
v 0.349304 1.269226 0.062514
v 0.351634 1.257516 0.062514
v 0.346763 1.268174 0.066970
v 0.348883 1.257516 0.066970
v 0.343037 1.266631 0.069961
v 0.344850 1.257516 0.069961
v 0.338365 1.264695 0.071778
v 0.339793 1.257516 0.071778
v 0.332981 1.262466 0.072716
v 0.333967 1.257516 0.072716
v 0.327126 1.260040 0.073068
v 0.327628 1.257516 0.073068
v 0.321033 1.257516 0.073126
v 0.329587 1.266070 0.019381
v 0.339786 1.276269 0.017829
v 0.329290 1.265774 0.031548
v 0.332446 1.268929 0.033293
v 0.335460 1.271943 0.035262
v 0.338194 1.274679 0.037679
v 0.340509 1.276993 0.040767
v 0.342263 1.278747 0.044750
v 0.343317 1.279800 0.049853
v 0.343529 1.280012 0.056300
v 0.342671 1.279155 0.062514
v 0.340725 1.277209 0.066970
v 0.337875 1.274358 0.069961
v 0.334298 1.270782 0.071778
v 0.330178 1.266661 0.072716
v 0.325696 1.262179 0.073068
v 0.325662 1.268693 0.019381
v 0.331181 1.282018 0.017829
v 0.325502 1.268305 0.031548
v 0.327209 1.272428 0.033293
v 0.328840 1.276367 0.035262
v 0.330320 1.279940 0.037679
v 0.331573 1.282964 0.040767
v 0.332523 1.285255 0.044750
v 0.333093 1.286631 0.049853
v 0.333208 1.286909 0.056300
v 0.332743 1.285789 0.062514
v 0.331690 1.283246 0.066970
v 0.330147 1.279521 0.069961
v 0.328212 1.274848 0.071778
v 0.325982 1.269466 0.072716
v 0.323556 1.263609 0.073068
v 0.321033 1.269614 0.019381
v 0.321033 1.284037 0.017829
v 0.321033 1.269194 0.031548
v 0.321033 1.273656 0.033293
v 0.321033 1.277920 0.035262
v 0.321033 1.281787 0.037679
v 0.321033 1.285060 0.040767
v 0.321033 1.287540 0.044750
v 0.321033 1.289030 0.049853
v 0.321033 1.289332 0.056300
v 0.321033 1.288117 0.062514
v 0.321033 1.285366 0.066970
v 0.321033 1.281333 0.069961
v 0.321033 1.276276 0.071778
v 0.321033 1.270450 0.072716
v 0.321033 1.264111 0.073068
v 0.316403 1.268693 0.019381
v 0.310884 1.282018 0.017829
v 0.316563 1.268305 0.031548
v 0.314856 1.272428 0.033293
v 0.313224 1.276367 0.035262
v 0.311744 1.279940 0.037679
v 0.310492 1.282964 0.040767
v 0.309543 1.285255 0.044750
v 0.308973 1.286631 0.049853
v 0.308857 1.286909 0.056300
v 0.309321 1.285789 0.062514
v 0.310375 1.283246 0.066970
v 0.311918 1.279521 0.069961
v 0.313853 1.274848 0.071778
v 0.316083 1.269466 0.072716
v 0.318509 1.263609 0.073068
v 0.312478 1.266070 0.019381
v 0.302279 1.276269 0.017829
v 0.312775 1.265774 0.031548
v 0.309619 1.268929 0.033293
v 0.306605 1.271943 0.035262
v 0.303870 1.274679 0.037679
v 0.301556 1.276993 0.040767
v 0.299802 1.278747 0.044750
v 0.298748 1.279800 0.049853
v 0.298536 1.280012 0.056300
v 0.299394 1.279155 0.062514
v 0.301340 1.277209 0.066970
v 0.304191 1.274358 0.069961
v 0.307767 1.270782 0.071778
v 0.311887 1.266661 0.072716
v 0.316369 1.262179 0.073068
v 0.309856 1.262146 0.019381
v 0.296531 1.267665 0.017829
v 0.310244 1.261985 0.031548
v 0.306121 1.263692 0.033293
v 0.302182 1.265325 0.035262
v 0.298609 1.266805 0.037679
v 0.295585 1.268057 0.040767
v 0.293293 1.269006 0.044750
v 0.291917 1.269576 0.049853
v 0.291639 1.269691 0.056300
v 0.292760 1.269226 0.062514
v 0.295302 1.268174 0.066970
v 0.299027 1.266631 0.069961
v 0.303700 1.264695 0.071778
v 0.309083 1.262466 0.072716
v 0.314939 1.260040 0.073068
v 0.308935 1.257516 0.019381
v 0.294512 1.257516 0.017829
v 0.309355 1.257516 0.031547
v 0.304893 1.257516 0.033293
v 0.300629 1.257516 0.035262
v 0.296761 1.257516 0.037679
v 0.293488 1.257516 0.040767
v 0.291008 1.257516 0.044750
v 0.289518 1.257516 0.049853
v 0.289217 1.257516 0.056300
v 0.290431 1.257516 0.062514
v 0.293182 1.257516 0.066970
v 0.297215 1.257516 0.069961
v 0.302272 1.257516 0.071778
v 0.308098 1.257516 0.072716
v 0.314437 1.257516 0.073068
v 0.309856 1.252886 0.019381
v 0.296531 1.247367 0.017829
v 0.310244 1.253047 0.031547
v 0.306121 1.251340 0.033293
v 0.302182 1.249708 0.035262
v 0.298609 1.248228 0.037679
v 0.295585 1.246975 0.040767
v 0.293293 1.246026 0.044750
v 0.291917 1.245456 0.049853
v 0.291639 1.245341 0.056300
v 0.292760 1.245806 0.062514
v 0.295302 1.246858 0.066970
v 0.299027 1.248401 0.069961
v 0.303700 1.250337 0.071778
v 0.309083 1.252566 0.072716
v 0.314939 1.254992 0.073068
v 0.312478 1.248962 0.019381
v 0.302279 1.238763 0.017829
v 0.312775 1.249258 0.031547
v 0.309619 1.246103 0.033293
v 0.306605 1.243089 0.035262
v 0.303870 1.240354 0.037679
v 0.301556 1.238039 0.040767
v 0.299802 1.236285 0.044750
v 0.298748 1.235232 0.049853
v 0.298536 1.235019 0.056300
v 0.299394 1.235877 0.062514
v 0.301340 1.237823 0.066970
v 0.304191 1.240674 0.069961
v 0.307767 1.244250 0.071778
v 0.311887 1.248371 0.072716
v 0.316369 1.252853 0.073068
v 0.316403 1.246339 0.019381
v 0.310884 1.233014 0.017829
v 0.316563 1.246727 0.031547
v 0.314856 1.242604 0.033293
v 0.313224 1.238665 0.035262
v 0.311744 1.235092 0.037679
v 0.310492 1.232068 0.040767
v 0.309543 1.229777 0.044750
v 0.308973 1.228401 0.049853
v 0.308857 1.228123 0.056300
v 0.309321 1.229244 0.062514
v 0.310375 1.231786 0.066970
v 0.311918 1.235512 0.069961
v 0.313853 1.240183 0.071778
v 0.316083 1.245567 0.072716
v 0.318509 1.251423 0.073068
v 0.321033 1.245418 0.019381
v 0.321033 1.230995 0.017829
v 0.321033 1.245838 0.031547
v 0.321033 1.241376 0.033293
v 0.321033 1.237112 0.035262
v 0.321033 1.233245 0.037679
v 0.321033 1.229972 0.040767
v 0.321033 1.227491 0.044750
v 0.321033 1.226002 0.049853
v 0.321033 1.225701 0.056300
v 0.321033 1.226914 0.062514
v 0.321033 1.229666 0.066970
v 0.321033 1.233698 0.069961
v 0.321033 1.238756 0.071778
v 0.321033 1.244582 0.072716
v 0.321033 1.250921 0.073068
v 0.325662 1.246339 0.019381
v 0.331181 1.233014 0.017829
v 0.325502 1.246727 0.031547
v 0.327209 1.242604 0.033293
v 0.328840 1.238665 0.035262
v 0.330320 1.235092 0.037679
v 0.331573 1.232068 0.040767
v 0.332523 1.229777 0.044750
v 0.333093 1.228401 0.049853
v 0.333208 1.228123 0.056300
v 0.332743 1.229244 0.062514
v 0.331690 1.231786 0.066970
v 0.330147 1.235512 0.069961
v 0.328212 1.240183 0.071778
v 0.325982 1.245567 0.072716
v 0.323556 1.251423 0.073068
v 0.329587 1.248962 0.019381
v 0.339786 1.238763 0.017829
v 0.329290 1.249258 0.031547
v 0.332446 1.246103 0.033293
v 0.335460 1.243089 0.035262
v 0.338194 1.240354 0.037679
v 0.340509 1.238039 0.040767
v 0.342263 1.236285 0.044750
v 0.343317 1.235232 0.049853
v 0.343529 1.235019 0.056300
v 0.342671 1.235877 0.062514
v 0.340725 1.237823 0.066970
v 0.337875 1.240674 0.069961
v 0.334298 1.244250 0.071778
v 0.330178 1.248371 0.072716
v 0.325696 1.252853 0.073068
v 0.332210 1.252886 0.019381
v 0.345535 1.247367 0.017829
v 0.331821 1.253047 0.031547
v 0.335944 1.251340 0.033293
v 0.339884 1.249708 0.035262
v 0.343456 1.248228 0.037679
v 0.346480 1.246975 0.040767
v 0.348772 1.246026 0.044750
v 0.350148 1.245456 0.049853
v 0.350426 1.245341 0.056300
v 0.349304 1.245806 0.062514
v 0.346763 1.246858 0.066970
v 0.343037 1.248401 0.069961
v 0.338365 1.250337 0.071778
v 0.332981 1.252566 0.072716
v 0.327126 1.254992 0.073068
vn 0.000000 1.000000 0.000000
vn 0.000000 1.000000 0.000000
vn 0.000000 -1.000000 0.000000
vn 0.000000 -1.000000 0.000000
vn 0.000000 -0.000000 -1.000000
vn 0.000000 -0.000000 -1.000000
vn 1.000000 0.000000 -0.000000
vn 1.000000 0.000000 0.000000
vn 0.000000 0.000000 1.000000
vn 0.000000 0.000000 1.000000
vn -1.000000 0.000000 -0.000000
vn -1.000000 -0.000000 0.000000
vn 0.000000 -0.000000 -1.000000
vn 0.000000 -0.000000 -1.000000
vn 1.000000 0.000000 -0.000000
vn 1.000000 0.000000 0.000000
vn 0.000000 0.000000 1.000000
vn 0.000000 0.000000 1.000000
vn -1.000000 0.000000 -0.000000
vn -1.000000 -0.000000 0.000000
vn 0.000000 -0.000000 -1.000000
vn 0.000000 -0.000000 -1.000000
vn 1.000000 0.000000 -0.000000
vn 1.000000 0.000000 0.000000
vn 0.000000 0.000000 1.000000
vn 0.000000 0.000000 1.000000
vn -1.000000 0.000000 -0.000000
vn -1.000000 -0.000000 0.000000
vn 0.000000 -0.000000 -1.000000
vn 0.000000 -0.000000 -1.000000
vn 1.000000 0.000000 -0.000000
vn 1.000000 0.000000 0.000000
vn 0.000000 0.000000 1.000000
vn 0.000000 0.000000 1.000000
vn -1.000000 0.000000 -0.000000
vn -1.000000 -0.000000 0.000000
vn 0.000000 -0.000000 -1.000000
vn 0.000000 -0.000000 -1.000000
vn 1.000000 0.000000 -0.000000
vn 1.000000 0.000000 0.000000
vn 0.000000 0.000000 1.000000
vn 0.000000 0.000000 1.000000
vn -1.000000 0.000000 -0.000000
vn -1.000000 -0.000000 0.000000
vn 0.000000 -0.000000 -1.000000
vn 0.000000 -0.000000 -1.000000
vn 1.000000 0.000000 -0.000000
vn 1.000000 0.000000 0.000000
vn 0.000000 0.000000 1.000000
vn 0.000000 0.000000 1.000000
vn -1.000000 0.000000 -0.000000
vn -1.000000 -0.000000 0.000000
vn 0.000000 -0.000000 -1.000000
vn 0.000000 -0.000000 -1.000000
vn 1.000000 0.000000 -0.000000
vn 1.000000 0.000000 0.000000
vn 0.000000 0.000000 1.000000
vn 0.000000 0.000000 1.000000
vn -1.000000 0.000000 -0.000000
vn -1.000000 -0.000000 0.000000
vn 0.000000 1.000000 0.000000
vn 0.000000 1.000000 0.000000
vn 0.000000 -0.000000 -1.000000
vn -0.000000 -0.000000 -1.000000
vn 0.000000 -0.000000 -1.000000
vn -0.000000 -0.000000 -1.000000
vn 0.000000 -0.000000 -1.000000
vn -0.000000 -0.000000 -1.000000
vn 0.000000 -0.000000 -1.000000
vn -0.000000 -0.000000 -1.000000
vn 0.000000 -0.000000 -1.000000
vn -0.000000 -0.000000 -1.000000
vn 0.000000 -0.000000 -1.000000
vn -0.000000 -0.000000 -1.000000
vn 0.000000 -0.000000 -1.000000
vn -0.000000 -0.000000 -1.000000
vn 0.000000 -1.000000 0.000000
vn 0.000000 -1.000000 0.000000
vn 0.000000 0.000000 1.000000
vn 0.000000 0.000000 1.000000
vn 0.000000 0.000000 1.000000
vn 0.000000 0.000000 1.000000
vn 0.000000 0.000000 1.000000
vn 0.000000 0.000000 1.000000
vn 0.000000 0.000000 1.000000
vn 0.000000 0.000000 1.000000
vn 0.000000 0.000000 1.000000
vn 0.000000 0.000000 1.000000
vn 0.000000 0.000000 1.000000
vn 0.000000 0.000000 1.000000
vn 0.000000 0.000000 1.000000
vn 0.000000 0.000000 1.000000
vn 0.000000 1.000000 0.000000
vn 0.000000 1.000000 0.000000
vn 0.000000 -0.000000 -1.000000
vn -0.000000 -0.000000 -1.000000
vn 0.000000 -0.000000 -1.000000
vn -0.000000 -0.000000 -1.000000
vn 0.000000 -0.000000 -1.000000
vn -0.000000 -0.000000 -1.000000
vn 0.000000 -0.000000 -1.000000
vn -0.000000 -0.000000 -1.000000
vn 0.000000 -0.000000 -1.000000
vn -0.000000 -0.000000 -1.000000
vn 0.000000 -0.000000 -1.000000
vn -0.000000 -0.000000 -1.000000
vn 0.000000 -0.000000 -1.000000
vn -0.000000 -0.000000 -1.000000
vn 0.000000 -1.000000 0.000000
vn 0.000000 -1.000000 0.000000
vn 0.000000 0.000000 1.000000
vn 0.000000 0.000000 1.000000
vn 0.000000 0.000000 1.000000
vn 0.000000 0.000000 1.000000
vn 0.000000 0.000000 1.000000
vn 0.000000 0.000000 1.000000
vn 0.000000 0.000000 1.000000
vn 0.000000 0.000000 1.000000
vn 0.000000 0.000000 1.000000
vn 0.000000 0.000000 1.000000
vn 0.000000 0.000000 1.000000
vn 0.000000 0.000000 1.000000
vn 0.000000 0.000000 1.000000
vn 0.000000 0.000000 1.000000
vn 0.000000 1.000000 0.000000
vn 0.000000 1.000000 0.000000
vn 0.000000 -0.000000 -1.000000
vn -0.000000 -0.000000 -1.000000
vn 0.000000 -0.000000 -1.000000
vn -0.000000 -0.000000 -1.000000
vn 0.000000 -0.000000 -1.000000
vn -0.000000 -0.000000 -1.000000
vn 0.000000 -0.000000 -1.000000
vn -0.000000 -0.000000 -1.000000
vn 0.000000 -0.000000 -1.000000
vn -0.000000 -0.000000 -1.000000
vn 0.000000 -0.000000 -1.000000
vn -0.000000 -0.000000 -1.000000
vn 0.000000 -0.000000 -1.000000
vn -0.000000 -0.000000 -1.000000
vn 0.000000 -1.000000 0.000000
vn 0.000000 -1.000000 0.000000
vn 0.000000 0.000000 1.000000
vn 0.000000 0.000000 1.000000
vn 0.000000 0.000000 1.000000
vn 0.000000 0.000000 1.000000
vn 0.000000 0.000000 1.000000
vn 0.000000 0.000000 1.000000
vn 0.000000 0.000000 1.000000
vn 0.000000 0.000000 1.000000
vn 0.000000 0.000000 1.000000
vn 0.000000 0.000000 1.000000
vn 0.000000 0.000000 1.000000
vn 0.000000 0.000000 1.000000
vn 0.000000 0.000000 1.000000
vn 0.000000 0.000000 1.000000
vn 0.008880 -0.001766 0.999959
vn 0.055357 -0.011019 0.998406
vn 0.055352 -0.011005 0.998406
vn 0.158862 -0.031590 0.986795
vn 0.158888 -0.031627 0.986790
vn 0.337468 -0.067131 0.938940
vn 0.337437 -0.067100 0.938953
vn 0.591528 -0.117667 0.797652
vn 0.591534 -0.117672 0.797647
vn 0.838978 -0.166919 0.517932
vn 0.838951 -0.166884 0.517987
vn 0.963261 -0.191588 0.188208
vn 0.963270 -0.191648 0.188101
vn 0.979758 -0.194889 -0.045743
vn 0.979763 -0.194871 -0.045706
vn 0.942914 -0.187538 -0.275215
vn 0.942896 -0.187557 -0.275263
vn 0.837035 -0.166477 -0.521209
vn 0.837031 -0.166479 -0.521214
vn 0.680006 -0.135247 -0.720625
vn 0.680008 -0.135246 -0.720623
vn 0.527110 -0.104821 -0.843308
vn 0.527081 -0.104832 -0.843324
vn 0.417766 -0.083083 -0.904748
vn 0.417775 -0.083079 -0.904744
vn 0.363380 -0.072293 -0.928832
vn 0.363411 -0.072273 -0.928821
vn 0.980238 -0.194903 0.033851
vn 0.980218 -0.195010 0.033809
vn 0.106949 -0.021272 0.994037
vn 0.106947 -0.021265 0.994037
vn 0.000000 1.000000 0.000000
vn 0.000000 1.000000 0.000000
vn 0.000000 -0.000000 -1.000000
vn -0.000000 -0.000000 -1.000000
vn 0.000000 -0.000000 -1.000000
vn -0.000000 -0.000000 -1.000000
vn 0.000000 -0.000000 -1.000000
vn -0.000000 -0.000000 -1.000000
vn 0.000000 -0.000000 -1.000000
vn -0.000000 -0.000000 -1.000000
vn 0.000000 -0.000000 -1.000000
vn -0.000000 -0.000000 -1.000000
vn 0.000000 -0.000000 -1.000000
vn -0.000000 -0.000000 -1.000000
vn 0.000000 -0.000000 -1.000000
vn -0.000000 -0.000000 -1.000000
vn 0.000000 -1.000000 0.000000
vn 0.000000 -1.000000 0.000000
vn 0.000000 0.000000 1.000000
vn 0.000000 0.000000 1.000000
vn 0.000000 0.000000 1.000000
vn 0.000000 0.000000 1.000000
vn 0.000000 0.000000 1.000000
vn 0.000000 0.000000 1.000000
vn 0.000000 0.000000 1.000000
vn 0.000000 0.000000 1.000000
vn 0.000000 0.000000 1.000000
vn 0.000000 0.000000 1.000000
vn 0.000000 0.000000 1.000000
vn 0.000000 0.000000 1.000000
vn 0.000000 0.000000 1.000000
vn 0.000000 0.000000 1.000000
vn 0.007527 -0.005032 0.999959
vn 0.046925 -0.031358 0.998406
vn 0.046924 -0.031372 0.998406
vn 0.134673 -0.089989 0.986795
vn 0.134675 -0.089998 0.986794
vn 0.286061 -0.191105 0.938961
vn 0.286085 -0.191163 0.938942
vn 0.501559 -0.335150 0.797567
vn 0.501506 -0.335034 0.797649
vn 0.711210 -0.475123 0.518111
vn 0.711249 -0.475268 0.517924
vn 0.816626 -0.545686 0.188015
vn 0.816655 -0.545565 0.188236
vn 0.830615 -0.554972 -0.045659
vn 0.830583 -0.555012 -0.045756
vn 0.799342 -0.534110 -0.275282
vn 0.799371 -0.534097 -0.275223
vn 0.709611 -0.474136 -0.521198
vn 0.709589 -0.474138 -0.521226
vn 0.576393 -0.385176 -0.720702
vn 0.576474 -0.385179 -0.720635
vn 0.446837 -0.298603 -0.843310
vn 0.446842 -0.298603 -0.843308
vn 0.354233 -0.236667 -0.904714
vn 0.354158 -0.236669 -0.904743
vn 0.308123 -0.205824 -0.928815
vn 0.308079 -0.205831 -0.928828
vn 0.830945 -0.555328 0.033769
vn 0.831065 -0.555144 0.033853
vn 0.090665 -0.060579 0.994037
vn 0.090664 -0.060592 0.994037
vn 0.005032 -0.007527 0.999959
vn 0.031361 -0.046928 0.998406
vn 0.031366 -0.046917 0.998406
vn 0.089993 -0.134679 0.986794
vn 0.089995 -0.134668 0.986796
vn 0.191130 -0.286100 0.938944
vn 0.191130 -0.286036 0.938964
vn 0.335095 -0.501473 0.797645
vn 0.335100 -0.501607 0.797558
vn 0.475183 -0.711300 0.517932
vn 0.475204 -0.711147 0.518122
vn 0.545660 -0.816595 0.188222
vn 0.545590 -0.816691 0.188010
vn 0.554968 -0.830612 -0.045753
vn 0.555011 -0.830589 -0.045659
vn -0.707146 -0.000000 -0.707068
vn -0.707146 -0.000000 -0.707068
vn 0.000000 0.707109 -0.707105
vn 0.000000 0.707109 -0.707105
vn 0.707147 -0.000000 -0.707067
vn 0.707147 -0.000000 -0.707067
vn 0.000000 -0.707147 -0.707067
vn 0.000000 -0.707147 -0.707067
vn -0.707146 -0.000000 -0.707068
vn -0.707146 -0.000000 -0.707068
vn 0.000000 0.707144 -0.707069
vn 0.000000 0.707144 -0.707069
vn 0.707147 -0.000000 -0.707067
vn 0.707147 -0.000000 -0.707067
vn 0.000000 -0.707103 -0.707110
vn 0.000000 -0.707103 -0.707110
vn -0.707146 -0.000000 -0.707068
vn -0.707145 -0.000000 -0.707068
vn 0.000000 0.707109 -0.707105
vn 0.000000 0.707109 -0.707105
vn 0.707147 -0.000000 -0.707067
vn 0.707147 -0.000000 -0.707067
vn 0.000000 -0.707150 -0.707064
vn 0.000000 -0.707150 -0.707064
vn -0.707147 -0.000000 -0.707067
vn -0.707147 -0.000000 -0.707067
vn 0.000000 0.707109 -0.707105
vn 0.000000 0.707109 -0.707105
vn 0.707147 -0.000000 -0.707067
vn 0.707147 -0.000000 -0.707067
vn 0.000000 -0.707147 -0.707067
vn 0.000000 -0.707147 -0.707067
vn -0.707147 -0.000000 -0.707067
vn -0.707147 -0.000000 -0.707067
vn 0.000000 0.707144 -0.707069
vn 0.000000 0.707144 -0.707069
vn 0.707147 -0.000000 -0.707067
vn 0.707147 -0.000000 -0.707067
vn 0.000000 -0.707103 -0.707110
vn 0.000000 -0.707103 -0.707110
vn -0.707147 -0.000000 -0.707067
vn -0.707147 -0.000000 -0.707067
vn 0.000000 0.707109 -0.707105
vn 0.000000 0.707109 -0.707105
vn 0.707147 -0.000000 -0.707067
vn 0.707147 -0.000000 -0.707067
vn 0.000000 -0.707150 -0.707064
vn 0.000000 -0.707150 -0.707064
vn 0.000000 -0.000000 -1.000000
vn 0.000000 -0.000000 -1.000000
vn -0.000000 -0.000000 -1.000000
vn 0.000000 -0.000000 -1.000000
vn -0.000000 -0.000000 -1.000000
vn -0.000000 -0.000000 -1.000000
vn 0.000000 0.000000 -1.000000
vn 0.000000 0.000000 -1.000000
vn -0.000000 -0.000000 -1.000000
vn 0.000000 -0.000000 -1.000000
vn 0.000000 0.000000 -1.000000
vn 0.000000 0.000000 -1.000000
vn -0.000000 -0.000000 -1.000000
vn 0.000000 -0.000000 -1.000000
vn 0.000000 0.000000 -1.000000
vn 0.000000 0.000000 -1.000000
vn -0.000000 -0.000000 -1.000000
vn -0.000000 -0.000000 -1.000000
vn 0.000000 0.000000 -1.000000
vn 0.000000 0.000000 -1.000000
vn 0.000000 -0.000000 -1.000000
vn 0.000000 -0.000000 -1.000000
vn 0.000000 -0.000000 -1.000000
vn 0.000000 -0.000000 -1.000000
vn 0.000000 -0.000000 -1.000000
vn 0.000000 -0.000000 -1.000000
vn -0.000000 -0.000000 -1.000000
vn 0.000000 -0.000000 -1.000000
vn -0.000000 -0.000000 -1.000000
vn -0.000000 -0.000000 -1.000000
vn 0.000000 0.000000 -1.000000
vn 0.000000 0.000000 -1.000000
vn -0.000000 -0.000000 -1.000000
vn 0.000000 -0.000000 -1.000000
vn 0.000000 0.000000 -1.000000
vn 0.000000 0.000000 -1.000000
vn -0.000000 -0.000000 -1.000000
vn 0.000000 -0.000000 -1.000000
vn 0.000000 0.000000 -1.000000
vn 0.000000 0.000000 -1.000000
vn -0.000000 -0.000000 -1.000000
vn -0.000000 -0.000000 -1.000000
vn 0.000000 0.000000 -1.000000
vn 0.000000 0.000000 -1.000000
vn 0.000000 -0.000000 -1.000000
vn 0.000000 -0.000000 -1.000000
vn 0.000000 -0.000000 -1.000000
vn 0.000000 -0.000000 -1.000000
vn 0.707147 -0.000000 -0.707067
vn 0.707147 -0.000000 -0.707067
vn -0.000000 -0.707147 -0.707067
vn 0.000000 -0.707147 -0.707067
vn -0.707147 -0.000000 -0.707067
vn -0.707147 -0.000000 -0.707067
vn 0.000000 0.707147 -0.707067
vn 0.000000 0.707147 -0.707067
vn 0.707147 -0.000000 -0.707067
vn 0.707147 -0.000000 -0.707067
vn -0.000000 -0.707147 -0.707067
vn 0.000000 -0.707147 -0.707067
vn -0.707147 -0.000000 -0.707067
vn -0.707147 -0.000000 -0.707067
vn 0.000000 0.707147 -0.707067
vn 0.000000 0.707147 -0.707067
vn 0.707147 -0.000000 -0.707067
vn 0.707147 -0.000000 -0.707067
vn -0.000000 -0.707150 -0.707064
vn 0.000000 -0.707150 -0.707064
vn -0.707147 -0.000000 -0.707067
vn -0.707147 -0.000000 -0.707067
vn 0.000000 0.707109 -0.707105
vn 0.000000 0.707109 -0.707105
vn 0.707146 -0.000000 -0.707067
vn 0.707146 -0.000000 -0.707067
vn -0.000000 -0.707147 -0.707067
vn 0.000000 -0.707147 -0.707067
vn -0.707107 -0.000000 -0.707106
vn -0.707107 -0.000000 -0.707106
vn 0.000000 0.707147 -0.707067
vn 0.000000 0.707147 -0.707067
vn 0.707146 -0.000000 -0.707067
vn 0.707146 -0.000000 -0.707067
vn -0.000000 -0.707147 -0.707067
vn 0.000000 -0.707147 -0.707067
vn -0.707107 -0.000000 -0.707106
vn -0.707107 -0.000000 -0.707106
vn 0.000000 0.707147 -0.707067
vn 0.000000 0.707147 -0.707067
vn 0.707146 -0.000000 -0.707067
vn 0.707146 -0.000000 -0.707067
vn -0.000000 -0.707150 -0.707064
vn 0.000000 -0.707150 -0.707064
vn -0.707107 -0.000000 -0.707106
vn -0.707107 -0.000000 -0.707106
vn 0.000000 0.707109 -0.707105
vn 0.000000 0.707109 -0.707105
vn -0.707107 0.000000 0.707106
vn -0.707108 0.000000 0.707106
vn 0.000000 -0.707109 0.707105
vn 0.000000 -0.707109 0.707105
vn 0.707107 0.000000 0.707107
vn 0.707107 0.000000 0.707107
vn -0.000000 0.707106 0.707107
vn 0.000000 0.707106 0.707107
vn -0.707107 0.000000 0.707106
vn -0.707107 0.000000 0.707106
vn 0.000000 -0.707103 0.707110
vn 0.000000 -0.707103 0.707110
vn 0.707107 0.000000 0.707107
vn 0.707107 0.000000 0.707107
vn -0.000000 0.707103 0.707110
vn 0.000000 0.707103 0.707110
vn -0.707107 0.000000 0.707106
vn -0.707107 0.000000 0.707106
vn 0.000000 -0.707103 0.707110
vn 0.000000 -0.707103 0.707110
vn 0.707107 0.000000 0.707107
vn 0.707107 0.000000 0.707107
vn -0.000000 0.707109 0.707105
vn 0.000000 0.707109 0.707105
vn -0.707107 0.000000 0.707106
vn -0.707107 0.000000 0.707106
vn 0.000000 -0.707109 0.707105
vn 0.000000 -0.707109 0.707105
vn 0.707107 0.000000 0.707106
vn 0.707107 0.000000 0.707106
vn -0.000000 0.707106 0.707107
vn 0.000000 0.707106 0.707107
vn -0.707107 0.000000 0.707106
vn -0.707107 0.000000 0.707106
vn 0.000000 -0.707103 0.707110
vn 0.000000 -0.707103 0.707110
vn 0.707107 0.000000 0.707106
vn 0.707108 0.000000 0.707106
vn -0.000000 0.707103 0.707110
vn 0.000000 0.707103 0.707110
vn -0.707107 0.000000 0.707106
vn -0.707107 0.000000 0.707106
vn 0.000000 -0.707103 0.707110
vn 0.000000 -0.707103 0.707110
vn 0.707107 0.000000 0.707106
vn 0.707107 0.000000 0.707106
vn -0.000000 0.707109 0.707105
vn 0.000000 0.707109 0.707105
vn 0.000000 0.000000 1.000000
vn 0.000000 0.000000 1.000000
vn 0.000000 0.000000 1.000000
vn 0.000000 0.000000 1.000000
vn -0.000000 0.000000 1.000000
vn -0.000000 0.000000 1.000000
vn 0.000000 0.000000 1.000000
vn 0.000000 0.000000 1.000000
vn 0.000000 0.000000 1.000000
vn -0.000000 0.000000 1.000000
vn 0.000000 0.000000 1.000000
vn 0.000000 0.000000 1.000000
vn 0.000000 0.000000 1.000000
vn -0.000000 0.000000 1.000000
vn -0.000000 0.000000 1.000000
vn 0.000000 0.000000 1.000000
vn 0.000000 0.000000 1.000000
vn -0.000000 0.000000 1.000000
vn 0.000000 0.000000 1.000000
vn 0.000000 0.000000 1.000000
vn 0.000000 0.000000 1.000000
vn -0.000000 0.000000 1.000000
vn -0.000000 0.000000 1.000000
vn 0.000000 0.000000 1.000000
vn 0.000000 0.000000 1.000000
vn 0.000000 0.000000 1.000000
vn 0.000000 0.000000 1.000000
vn 0.000000 0.000000 1.000000
vn -0.000000 0.000000 1.000000
vn -0.000000 0.000000 1.000000
vn 0.000000 0.000000 1.000000
vn 0.000000 0.000000 1.000000
vn 0.000000 0.000000 1.000000
vn -0.000000 0.000000 1.000000
vn 0.000000 0.000000 1.000000
vn 0.000000 0.000000 1.000000
vn 0.000000 0.000000 1.000000
vn -0.000000 0.000000 1.000000
vn -0.000000 0.000000 1.000000
vn 0.000000 0.000000 1.000000
vn 0.000000 0.000000 1.000000
vn -0.000000 0.000000 1.000000
vn 0.000000 0.000000 1.000000
vn 0.000000 0.000000 1.000000
vn 0.000000 0.000000 1.000000
vn -0.000000 0.000000 1.000000
vn -0.000000 0.000000 1.000000
vn 0.000000 0.000000 1.000000
vn 0.707106 0.000000 0.707107
vn 0.707106 0.000000 0.707108
vn 0.000000 0.707106 0.707107
vn 0.000000 0.707106 0.707107
vn -0.707107 0.000000 0.707107
vn -0.707107 0.000000 0.707107
vn 0.000000 -0.707109 0.707105
vn 0.000000 -0.707109 0.707105
vn 0.707106 0.000000 0.707107
vn 0.707106 0.000000 0.707107
vn 0.000000 0.707103 0.707110
vn 0.000000 0.707103 0.707110
vn -0.707107 0.000000 0.707107
vn -0.707107 0.000000 0.707107
vn 0.000000 -0.707106 0.707108
vn 0.000000 -0.707106 0.707108
vn 0.707106 0.000000 0.707107
vn 0.707106 0.000000 0.707107
vn 0.000000 0.707114 0.707099
vn 0.000000 0.707114 0.707099
vn -0.707107 0.000000 0.707107
vn -0.707107 0.000000 0.707107
vn 0.000000 -0.707103 0.707110
vn 0.000000 -0.707103 0.707110
vn 0.707107 0.000000 0.707107
vn 0.707107 0.000000 0.707107
vn 0.000000 0.707106 0.707107
vn 0.000000 0.707106 0.707107
vn -0.707105 0.000000 0.707109
vn -0.707105 0.000000 0.707109
vn 0.000000 -0.707109 0.707105
vn 0.000000 -0.707109 0.707105
vn 0.707107 0.000000 0.707107
vn 0.707107 0.000000 0.707107
vn 0.000000 0.707103 0.707110
vn 0.000000 0.707103 0.707110
vn -0.707105 0.000000 0.707109
vn -0.707105 0.000000 0.707109
vn 0.000000 -0.707106 0.707108
vn 0.000000 -0.707106 0.707108
vn 0.707107 0.000000 0.707107
vn 0.707107 0.000000 0.707107
vn 0.000000 0.707114 0.707099
vn 0.000000 0.707114 0.707099
vn -0.707105 0.000000 0.707109
vn -0.707105 0.000000 0.707109
vn 0.000000 -0.707103 0.707110
vn 0.000000 -0.707103 0.707110
vn 0.106949 0.021272 -0.994037
vn 0.106947 0.021264 -0.994037
vn 0.980239 0.194898 -0.033848
vn 0.980221 0.194998 -0.033809
vn 0.363159 0.072428 0.928908
vn 0.363412 0.072271 0.928821
vn 0.417754 0.083078 0.904754
vn 0.417775 0.083068 0.904745
vn 0.527112 0.104808 0.843308
vn 0.527082 0.104819 0.843325
vn 0.680031 0.135236 0.720603
vn 0.680008 0.135244 0.720624
vn 0.837035 0.166475 0.521209
vn 0.837031 0.166477 0.521214
vn 0.942914 0.187536 0.275215
vn 0.942896 0.187555 0.275263
vn 0.979758 0.194887 0.045743
vn 0.979764 0.194869 0.045706
vn 0.963261 0.191587 -0.188208
vn 0.963270 0.191646 -0.188101
vn 0.838979 0.166918 -0.517932
vn 0.838951 0.166882 -0.517987
vn 0.591528 0.117665 -0.797653
vn 0.591534 0.117670 -0.797648
vn 0.337471 0.067131 -0.938939
vn 0.337440 0.067100 -0.938953
vn 0.158861 0.031589 -0.986795
vn 0.158887 0.031626 -0.986790
vn 0.055358 0.011019 -0.998406
vn 0.055353 0.011005 -0.998406
vn 0.008880 0.001766 -0.999959
vn 0.090665 0.060578 -0.994037
vn 0.090664 0.060591 -0.994037
vn 0.830945 0.555329 -0.033767
vn 0.831065 0.555144 -0.033851
vn 0.307990 0.205735 0.928879
vn 0.307946 0.205742 0.928892
vn 0.354234 0.236667 0.904714
vn 0.354116 0.236671 0.904759
vn 0.446778 0.298601 0.843343
vn 0.446835 0.298603 0.843312
vn 0.576433 0.385209 0.720652
vn 0.576523 0.385212 0.720578
vn 0.709611 0.474136 0.521198
vn 0.709589 0.474138 0.521226
vn 0.799342 0.534110 0.275282
vn 0.799371 0.534097 0.275223
vn 0.830615 0.554972 0.045659
vn 0.830583 0.555012 0.045756
vn 0.816626 0.545686 -0.188015
vn 0.816655 0.545565 -0.188236
vn 0.711210 0.475123 -0.518110
vn 0.711249 0.475269 -0.517924
vn 0.501558 0.335150 -0.797567
vn 0.501505 0.335034 -0.797649
vn 0.286064 0.191107 -0.938960
vn 0.286087 0.191164 -0.938941
vn 0.134672 0.089988 -0.986796
vn 0.134674 0.089997 -0.986794
vn 0.046926 0.031359 -0.998406
vn 0.046925 0.031371 -0.998406
vn 0.007527 0.005032 -0.999959
vn 0.060580 0.090669 -0.994037
vn 0.060587 0.090656 -0.994038
vn 0.555328 0.830942 -0.033851
vn 0.555144 0.831069 -0.033765
vn 0.205711 0.307958 0.928895
vn 0.205757 0.307968 0.928881
vn 0.236631 0.354179 0.904745
vn 0.236699 0.354204 0.904717
vn 0.298602 0.446840 0.843309
vn 0.298530 0.446806 0.843353
vn 0.385170 0.576479 0.720636
vn 0.385187 0.576487 0.720621
vn 0.474125 0.709595 0.521230
vn 0.474148 0.709602 0.521199
vn 0.534121 0.799357 0.275215
vn 0.534086 0.799358 0.275280
vn 0.554968 0.830612 0.045768
vn 0.555018 0.830584 0.045659
vn 0.545677 0.816605 -0.188131
vn 0.545637 0.816659 -0.188012
vn 0.475194 0.711226 -0.518024
vn 0.475204 0.711148 -0.518121
vn 0.335137 0.501536 -0.797587
vn 0.335138 0.501572 -0.797564
vn 0.191132 0.286050 -0.938959
vn 0.191132 0.286038 -0.938963
vn 0.090003 0.134694 -0.986791
vn 0.090010 0.134651 -0.986796
vn 0.031365 0.046921 -0.998406
vn 0.031366 0.046918 -0.998406
vn 0.005032 0.007527 -0.999959
vn 0.021271 0.106947 -0.994037
vn 0.021265 0.106953 -0.994037
vn 0.194895 0.980241 -0.033808
vn 0.195002 0.980219 -0.033849
vn 0.072264 0.363250 0.928885
vn 0.072238 0.363231 0.928894
vn 0.083086 0.417782 0.904740
vn 0.083074 0.417771 0.904747
vn 0.104810 0.527076 0.843330
vn 0.104837 0.527105 0.843308
vn 0.135248 0.680008 0.720623
vn 0.135246 0.680006 0.720625
vn 0.166478 0.837034 0.521210
vn 0.166478 0.837034 0.521210
vn 0.187533 0.942897 0.275274
vn 0.187563 0.942909 0.275214
vn 0.194892 0.979753 0.045837
vn 0.194934 0.979748 0.045757
vn 0.191650 0.963242 -0.188243
vn 0.191573 0.963288 -0.188084
vn 0.166848 0.838964 -0.517978
vn 0.166876 0.838916 -0.518046
vn 0.117666 0.591531 -0.797650
vn 0.117630 0.591629 -0.797583
vn 0.067091 0.337438 -0.938954
vn 0.067095 0.337427 -0.938957
vn 0.031594 0.158886 -0.986791
vn 0.031595 0.158884 -0.986792
vn 0.011007 0.055354 -0.998406
vn 0.011007 0.055354 -0.998406
vn 0.001766 0.008880 -0.999959
vn -0.021272 0.106950 -0.994037
vn -0.021264 0.106947 -0.994037
vn -0.194895 0.980240 -0.033849
vn -0.195003 0.980220 -0.033807
vn -0.072259 0.363223 0.928896
vn -0.072241 0.363251 0.928887
vn -0.083081 0.417753 0.904754
vn -0.083067 0.417782 0.904742
vn -0.104806 0.527117 0.843305
vn -0.104821 0.527076 0.843329
vn -0.135239 0.680028 0.720606
vn -0.135247 0.680008 0.720623
vn -0.166478 0.837034 0.521210
vn -0.166478 0.837034 0.521210
vn -0.187536 0.942915 0.275213
vn -0.187560 0.942893 0.275273
vn -0.194893 0.979757 0.045757
vn -0.194933 0.979745 0.045837
vn -0.191656 0.963276 -0.188061
vn -0.191553 0.963260 -0.188247
vn -0.166826 0.838914 -0.518067
vn -0.166884 0.838959 -0.517975
vn -0.117682 0.591612 -0.797588
vn -0.117611 0.591535 -0.797655
vn -0.067089 0.337430 -0.938957
vn -0.067097 0.337438 -0.938953
vn -0.031593 0.158885 -0.986792
vn -0.031596 0.158886 -0.986791
vn -0.011007 0.055354 -0.998406
vn -0.011007 0.055354 -0.998406
vn -0.001766 0.008880 -0.999959
vn -0.060578 0.090665 -0.994037
vn -0.060592 0.090664 -0.994037
vn -0.555327 0.830946 -0.033767
vn -0.555136 0.831070 -0.033853
vn -0.205733 0.307995 0.928877
vn -0.205741 0.307943 0.928893
vn -0.236668 0.354231 0.904715
vn -0.236671 0.354116 0.904759
vn -0.298559 0.446714 0.843391
vn -0.298565 0.446860 0.843312
vn -0.385210 0.576540 0.720566
vn -0.385209 0.576519 0.720583
vn -0.474136 0.709611 0.521198
vn -0.474138 0.709587 0.521229
vn -0.534110 0.799341 0.275282
vn -0.534096 0.799373 0.275217
vn -0.554971 0.830616 0.045659
vn -0.555015 0.830580 0.045767
vn -0.545689 0.816624 -0.188012
vn -0.545665 0.816630 -0.188056
vn -0.475190 0.711158 -0.518120
vn -0.475214 0.711165 -0.518089
vn -0.335151 0.501558 -0.797567
vn -0.335120 0.501544 -0.797589
vn -0.191127 0.286043 -0.938962
vn -0.191138 0.286047 -0.938959
vn -0.089989 0.134673 -0.986795
vn -0.090030 0.134682 -0.986790
vn -0.031364 0.046920 -0.998406
vn -0.031368 0.046920 -0.998406
vn -0.005032 0.007527 -0.999959
vn -0.090668 0.060580 -0.994037
vn -0.090657 0.060586 -0.994038
vn -0.830946 0.555323 -0.033849
vn -0.831071 0.555141 -0.033765
vn -0.307959 0.205712 0.928894
vn -0.307971 0.205760 0.928879
vn -0.354144 0.236609 0.904764
vn -0.354185 0.236717 0.904720
vn -0.446820 0.298629 0.843311
vn -0.446763 0.298506 0.843384
vn -0.576531 0.385211 0.720573
vn -0.576534 0.385217 0.720567
vn -0.709593 0.474122 0.521235
vn -0.709601 0.474149 0.521199
vn -0.799355 0.534121 0.275221
vn -0.799356 0.534089 0.275280
vn -0.830610 0.554972 0.045753
vn -0.830586 0.555015 0.045659
vn -0.816609 0.545675 -0.188118
vn -0.816658 0.545638 -0.188010
vn -0.711223 0.475193 -0.518029
vn -0.711151 0.475203 -0.518119
vn -0.501531 0.335132 -0.797592
vn -0.501570 0.335133 -0.797567
vn -0.286054 0.191132 -0.938958
vn -0.286039 0.191132 -0.938962
vn -0.134694 0.090003 -0.986791
vn -0.134652 0.090010 -0.986796
vn -0.046921 0.031365 -0.998406
vn -0.046918 0.031367 -0.998406
vn -0.007527 0.005032 -0.999959
vn -0.106947 0.021271 -0.994037
vn -0.106952 0.021266 -0.994037
vn -0.980239 0.194905 -0.033812
vn -0.980219 0.194998 -0.033849
vn -0.363407 0.072477 0.928807
vn -0.363233 0.072235 0.928894
vn -0.417774 0.083082 0.904744
vn -0.417759 0.083065 0.904753
vn -0.527083 0.104803 0.843327
vn -0.527104 0.104822 0.843311
vn -0.680009 0.135229 0.720625
vn -0.680033 0.135251 0.720599
vn -0.837029 0.166476 0.521219
vn -0.837029 0.166477 0.521218
vn -0.942902 0.187534 0.275259
vn -0.942910 0.187555 0.275216
vn -0.979754 0.194884 0.045842
vn -0.979749 0.194938 0.045739
vn -0.963243 0.191654 -0.188234
vn -0.963290 0.191576 -0.188074
vn -0.838959 0.166850 -0.517986
vn -0.838915 0.166875 -0.518048
vn -0.591531 0.117666 -0.797650
vn -0.591622 0.117632 -0.797588
vn -0.337442 0.067093 -0.938952
vn -0.337429 0.067099 -0.938957
vn -0.158886 0.031595 -0.986791
vn -0.158884 0.031597 -0.986792
vn -0.055353 0.011008 -0.998406
vn -0.055355 0.011006 -0.998406
vn -0.008880 0.001766 -0.999959
vn -0.106949 -0.021272 -0.994037
vn -0.106947 -0.021265 -0.994037
vn -0.980237 -0.194909 -0.033851
vn -0.980218 -0.195010 -0.033812
vn -0.363380 -0.072293 0.928832
vn -0.363412 -0.072272 0.928821
vn -0.417767 -0.083082 0.904748
vn -0.417775 -0.083078 0.904744
vn -0.527106 -0.104820 0.843310
vn -0.527081 -0.104829 0.843325
vn -0.680013 -0.135246 0.720619
vn -0.680008 -0.135248 0.720623
vn -0.837029 -0.166478 0.521218
vn -0.837028 -0.166478 0.521219
vn -0.942914 -0.187538 0.275215
vn -0.942898 -0.187555 0.275258
vn -0.979759 -0.194887 0.045739
vn -0.979744 -0.194939 0.045841
vn -0.963272 -0.191661 -0.188077
vn -0.963259 -0.191572 -0.188237
vn -0.838923 -0.166844 -0.518046
vn -0.838953 -0.166885 -0.517983
vn -0.591606 -0.117683 -0.797592
vn -0.591535 -0.117616 -0.797655
vn -0.337431 -0.067092 -0.938956
vn -0.337442 -0.067103 -0.938952
vn -0.158885 -0.031595 -0.986791
vn -0.158886 -0.031598 -0.986791
vn -0.055354 -0.011008 -0.998406
vn -0.055353 -0.011006 -0.998406
vn -0.008880 -0.001766 -0.999959
vn -0.090665 -0.060579 -0.994037
vn -0.090664 -0.060591 -0.994037
vn -0.830948 -0.555324 -0.033769
vn -0.831068 -0.555139 -0.033853
vn -0.308127 -0.205824 0.928813
vn -0.308078 -0.205832 0.928828
vn -0.354231 -0.236667 0.904715
vn -0.354159 -0.236670 0.904743
vn -0.446775 -0.298561 0.843359
vn -0.446857 -0.298564 0.843314
vn -0.576496 -0.385182 0.720616
vn -0.576479 -0.385181 0.720630
vn -0.709612 -0.474135 0.521198
vn -0.709584 -0.474137 0.521234
vn -0.799340 -0.534111 0.275282
vn -0.799370 -0.534098 0.275222
vn -0.830614 -0.554974 0.045659
vn -0.830583 -0.555012 0.045752
vn -0.816626 -0.545686 -0.188012
vn -0.816641 -0.545627 -0.188120
vn -0.711179 -0.475164 -0.518115
vn -0.711198 -0.475234 -0.518025
vn -0.501557 -0.335149 -0.797568
vn -0.501541 -0.335114 -0.797593
vn -0.286045 -0.191126 -0.938962
vn -0.286050 -0.191140 -0.938957
vn -0.134673 -0.089989 -0.986795
vn -0.134682 -0.090030 -0.986790
vn -0.046920 -0.031364 -0.998406
vn -0.046920 -0.031370 -0.998406
vn -0.007527 -0.005032 -0.999959
vn -0.060580 -0.090669 -0.994037
vn -0.060587 -0.090657 -0.994038
vn -0.555326 -0.830944 -0.033854
vn -0.555138 -0.831073 -0.033768
vn -0.205798 -0.308091 0.928831
vn -0.205848 -0.308102 0.928816
vn -0.236609 -0.354144 0.904764
vn -0.236718 -0.354185 0.904720
vn -0.298634 -0.446826 0.843305
vn -0.298570 -0.446796 0.843344
vn -0.385244 -0.576500 0.720579
vn -0.385175 -0.576468 0.720642
vn -0.474125 -0.709595 0.521230
vn -0.474148 -0.709602 0.521199
vn -0.534121 -0.799357 0.275215
vn -0.534086 -0.799358 0.275280
vn -0.554968 -0.830612 0.045753
vn -0.555011 -0.830589 0.045659
vn -0.545668 -0.816607 -0.188146
vn -0.545623 -0.816669 -0.188009
vn -0.475190 -0.711247 -0.517998
vn -0.475203 -0.711148 -0.518122
vn -0.335094 -0.501473 -0.797645
vn -0.335099 -0.501605 -0.797559
vn -0.191131 -0.286102 -0.938943
vn -0.191132 -0.286038 -0.938963
vn -0.089992 -0.134678 -0.986794
vn -0.089994 -0.134668 -0.986796
vn -0.031361 -0.046929 -0.998406
vn -0.031366 -0.046918 -0.998406
vn -0.005032 -0.007527 -0.999959
vn -0.021271 -0.106947 -0.994037
vn -0.021265 -0.106953 -0.994037
vn -0.194895 -0.980241 -0.033810
vn -0.195003 -0.980218 -0.033852
vn -0.072296 -0.363407 0.928821
vn -0.072269 -0.363388 0.928831
vn -0.083084 -0.417771 0.904745
vn -0.083069 -0.417757 0.904754
vn -0.104808 -0.527088 0.843323
vn -0.104828 -0.527109 0.843307
vn -0.135236 -0.680009 0.720624
vn -0.135250 -0.680025 0.720607
vn -0.166478 -0.837034 0.521210
vn -0.166478 -0.837034 0.521210
vn -0.187533 -0.942897 0.275274
vn -0.187563 -0.942909 0.275214
vn -0.194893 -0.979760 0.045693
vn -0.194869 -0.979762 0.045739
vn -0.191592 -0.963284 -0.188085
vn -0.191631 -0.963260 -0.188167
vn -0.166900 -0.838946 -0.517991
vn -0.166886 -0.838969 -0.517957
vn -0.117667 -0.591532 -0.797649
vn -0.117670 -0.591522 -0.797656
vn -0.067126 -0.337437 -0.938952
vn -0.067106 -0.337484 -0.938936
vn -0.031594 -0.158890 -0.986791
vn -0.031619 -0.158850 -0.986796
vn -0.011018 -0.055353 -0.998406
vn -0.011008 -0.055361 -0.998406
vn -0.001766 -0.008880 -0.999959
vn 0.021271 -0.106949 -0.994037
vn 0.021268 -0.106947 -0.994037
vn 0.194930 -0.980233 -0.033837
vn 0.195002 -0.980220 -0.033809
vn 0.072290 -0.363380 0.928832
vn 0.072273 -0.363408 0.928823
vn 0.083083 -0.417767 0.904748
vn 0.083081 -0.417771 0.904746
vn 0.104825 -0.527110 0.843307
vn 0.104833 -0.527087 0.843321
vn 0.135247 -0.680006 0.720625
vn 0.135247 -0.680008 0.720623
vn 0.166478 -0.837034 0.521210
vn 0.166478 -0.837034 0.521210
vn 0.187536 -0.942915 0.275213
vn 0.187560 -0.942893 0.275273
vn 0.194893 -0.979757 0.045739
vn 0.194870 -0.979764 0.045693
vn 0.191588 -0.963264 -0.188192
vn 0.191649 -0.963273 -0.188083
vn 0.166919 -0.838977 -0.517935
vn 0.166882 -0.838948 -0.517992
vn 0.117665 -0.591524 -0.797656
vn 0.117672 -0.591532 -0.797649
vn 0.067133 -0.337473 -0.938938
vn 0.067097 -0.337438 -0.938953
vn 0.031589 -0.158863 -0.986795
vn 0.031627 -0.158889 -0.986790
vn 0.011019 -0.055357 -0.998406
vn 0.011007 -0.055353 -0.998406
vn 0.001766 -0.008880 -0.999959
vn 0.060578 -0.090665 -0.994037
vn 0.060579 -0.090665 -0.994037
vn 0.555245 -0.831001 -0.033769
vn 0.555143 -0.831067 -0.033815
vn 0.205823 -0.308123 0.928815
vn 0.205830 -0.308077 0.928828
vn 0.236668 -0.354233 0.904714
vn 0.236670 -0.354161 0.904742
vn 0.298600 -0.446836 0.843312
vn 0.298601 -0.446840 0.843310
vn 0.385176 -0.576396 0.720700
vn 0.385179 -0.576474 0.720635
vn 0.474136 -0.709611 0.521198
vn 0.474138 -0.709587 0.521229
vn 0.534110 -0.799341 0.275282
vn 0.534096 -0.799373 0.275217
vn 0.554971 -0.830616 0.045659
vn 0.555009 -0.830585 0.045752
vn 0.545683 -0.816628 -0.188014
vn 0.545567 -0.816657 -0.188226
vn 0.475122 -0.711208 -0.518113
vn 0.475271 -0.711248 -0.517923
vn 0.335153 -0.501560 -0.797565
vn 0.335031 -0.501504 -0.797651
vn 0.191105 -0.286063 -0.938960
vn 0.191165 -0.286088 -0.938941
vn 0.089989 -0.134672 -0.986795
vn 0.089999 -0.134675 -0.986794
vn 0.031359 -0.046926 -0.998406
vn 0.031371 -0.046925 -0.998406
vn 0.005032 -0.007527 -0.999959
vn 0.090668 -0.060581 -0.994037
vn 0.090657 -0.060587 -0.994038
vn 0.830943 -0.555327 -0.033852
vn 0.831068 -0.555146 -0.033768
vn 0.308091 -0.205802 0.928830
vn 0.308101 -0.205846 0.928817
vn 0.354177 -0.236629 0.904746
vn 0.354203 -0.236700 0.904717
vn 0.446840 -0.298605 0.843308
vn 0.446838 -0.298601 0.843311
vn 0.576454 -0.385217 0.720631
vn 0.576420 -0.385143 0.720697
vn 0.709596 -0.474126 0.521227
vn 0.709602 -0.474147 0.521199
vn 0.799356 -0.534119 0.275221
vn 0.799357 -0.534087 0.275280
vn 0.830611 -0.554970 0.045756
vn 0.830586 -0.555015 0.045659
vn 0.816591 -0.545663 -0.188231
vn 0.816691 -0.545589 -0.188011
vn 0.711300 -0.475183 -0.517933
vn 0.711150 -0.475203 -0.518120
vn 0.501476 -0.335095 -0.797642
vn 0.501603 -0.335099 -0.797560
vn 0.286101 -0.191132 -0.938943
vn 0.286039 -0.191132 -0.938962
vn 0.134677 -0.089991 -0.986795
vn 0.134668 -0.089993 -0.986796
vn 0.046930 -0.031362 -0.998406
vn 0.046917 -0.031367 -0.998406
vn 0.007527 -0.005032 -0.999959
vn 0.106947 -0.021272 -0.994037
vn 0.106952 -0.021266 -0.994037
vn 0.980240 -0.194903 -0.033810
vn 0.980217 -0.195009 -0.033851
vn 0.363411 -0.072299 0.928819
vn 0.363389 -0.072268 0.928830
vn 0.417774 -0.083084 0.904744
vn 0.417768 -0.083077 0.904747
vn 0.527082 -0.104815 0.843326
vn 0.527104 -0.104836 0.843310
vn 0.680008 -0.135247 0.720623
vn 0.680006 -0.135245 0.720625
vn 0.837031 -0.166476 0.521214
vn 0.837034 -0.166479 0.521209
vn 0.942900 -0.187535 0.275264
vn 0.942909 -0.187559 0.275216
vn 0.979760 -0.194889 0.045706
vn 0.979762 -0.194870 0.045743
vn 0.963281 -0.191592 -0.188103
vn 0.963250 -0.191644 -0.188210
vn 0.838947 -0.166913 -0.517985
vn 0.838985 -0.166891 -0.517930
vn 0.591534 -0.117668 -0.797648
vn 0.591527 -0.117671 -0.797652
vn 0.337439 -0.067126 -0.938951
vn 0.337480 -0.067109 -0.938938
vn 0.158887 -0.031595 -0.986791
vn 0.158849 -0.031619 -0.986796
vn 0.055353 -0.011018 -0.998406
vn 0.055363 -0.011007 -0.998406
vn 0.008880 -0.001766 -0.999959
vn 0.000000 0.000000 1.000000
vn 0.000000 0.000000 1.000000
vn -1.000000 0.000000 0.000007
vn -1.000000 -0.000012 -0.000000
vn 0.000000 -0.000000 -1.000000
vn 0.000000 -0.000000 -1.000000
vn 0.607736 -0.000000 -0.794139
vn 0.607736 -0.000000 -0.794139
vn 0.995320 0.000000 0.096638
vn 0.995320 0.000000 0.096638
vn 0.639930 0.000008 -0.768433
vn 0.639663 -0.000000 -0.768655
vn 0.999978 0.000013 -0.006633
vn 0.999978 0.000012 -0.006671
vn 0.962773 -0.000003 -0.270311
vn 0.962805 -0.000000 -0.270195
vn 0.185468 0.000002 -0.982650
vn 0.185412 -0.000000 -0.982661
vn 0.000000 0.000000 1.000000
vn 0.000000 0.000000 1.000000
vn -1.000000 0.000000 0.000000
vn -1.000000 0.000000 0.000000
vn 0.000000 -0.000012 -1.000000
vn 0.000000 -0.000012 -1.000000
vn 0.157230 -0.000012 -0.987562
vn 0.157072 -0.000000 -0.987587
vn 0.607736 -0.000000 -0.794139
vn 0.607736 -0.000000 -0.794139
vn 0.946624 -0.000000 -0.322340
vn 0.946624 -0.000000 -0.322340
vn 0.995320 0.000000 0.096638
vn 0.995320 0.000000 0.096638
vn 0.156611 -0.000000 -0.987660
vn 0.156611 -0.000000 -0.987660
vn 0.639663 -0.000000 -0.768655
vn 0.639662 -0.000000 -0.768656
vn 0.960905 -0.000000 -0.276878
vn 0.960905 -0.000000 -0.276878
vn 0.999978 -0.000000 -0.006671
vn 0.999978 -0.000000 -0.006668
vn 0.998968 -0.000001 -0.045411
vn 0.998968 -0.000001 -0.045411
vn 0.962806 -0.000003 -0.270195
vn 0.962773 -0.000000 -0.270310
vn 0.692184 -0.000000 -0.721721
vn 0.692416 -0.000009 -0.721498
vn 0.185413 -0.000012 -0.982661
vn 0.185108 -0.000000 -0.982718
vn 1.000000 -0.000000 0.000000
vn 1.000000 0.000000 0.000000
vn 0.000000 0.000000 1.000000
vn 0.000000 0.000000 1.000000
vn -1.000000 0.000000 0.000000
vn -1.000000 0.000000 0.000000
vn 0.000000 -0.000000 -1.000000
vn 0.000000 -0.000000 -1.000000
vn 0.157072 -0.000000 -0.987587
vn 0.157072 -0.000000 -0.987587
vn 0.607736 -0.000000 -0.794139
vn 0.607736 -0.000000 -0.794139
vn 0.946624 -0.000000 -0.322340
vn 0.946624 -0.000000 -0.322339
vn 0.995320 0.000000 0.096638
vn 0.995320 0.000000 0.096638
vn 0.156611 -0.000000 -0.987660
vn 0.156611 -0.000000 -0.987660
vn 0.639662 -0.000000 -0.768656
vn 0.639662 -0.000000 -0.768656
vn 0.960905 -0.000000 -0.276878
vn 0.960905 -0.000000 -0.276878
vn 0.999978 -0.000000 -0.006668
vn 0.999978 -0.000000 -0.006668
vn 0.998968 -0.000000 -0.045411
vn 0.998968 -0.000000 -0.045411
vn 0.962773 -0.000000 -0.270310
vn 0.962773 -0.000000 -0.270310
vn 0.692416 -0.000000 -0.721498
vn 0.692416 -0.000000 -0.721498
vn 0.185108 -0.000000 -0.982718
vn 0.185108 -0.000000 -0.982718
vn 1.000000 -0.000000 0.000000
vn 1.000000 0.000000 0.000000
vn 0.000000 -0.000000 1.000000
vn 0.000000 0.000000 1.000000
vn -1.000000 0.000000 0.000000
vn -1.000000 0.000000 -0.000000
vn 0.000000 -0.000000 -1.000000
vn 0.000000 -0.000000 -1.000000
vn 0.157072 -0.000000 -0.987587
vn 0.157072 -0.000000 -0.987587
vn 0.607736 -0.000000 -0.794139
vn 0.607736 -0.000000 -0.794139
vn 0.946624 -0.000000 -0.322339
vn 0.946671 -0.000004 -0.322203
vn 0.995320 0.000001 0.096638
vn 0.995310 0.000000 0.096737
vn 0.156611 -0.000000 -0.987660
vn 0.156611 -0.000000 -0.987660
vn 0.639662 -0.000000 -0.768656
vn 0.639662 -0.000000 -0.768656
vn 0.960905 -0.000000 -0.276878
vn 0.960905 -0.000000 -0.276878
vn 0.999978 -0.000000 -0.006668
vn 0.999978 -0.000000 -0.006668
vn 0.998968 -0.000000 -0.045411
vn 0.998968 -0.000000 -0.045411
vn 0.962773 -0.000000 -0.270310
vn 0.962741 0.000003 -0.270425
vn 0.692416 0.000009 -0.721498
vn 0.692417 0.000009 -0.721497
vn 0.185108 0.000012 -0.982718
vn 0.185412 -0.000000 -0.982661
vn 1.000000 -0.000000 0.000000
vn 1.000000 0.000000 0.000000
vn 0.000000 0.000000 1.000000
vn 0.000000 0.000000 1.000000
vn -1.000000 0.000000 0.000000
vn -1.000000 0.000000 -0.000000
vn 0.000000 -0.000000 -1.000000
vn 0.000000 -0.000000 -1.000000
vn 0.157072 -0.000000 -0.987587
vn 0.157206 -0.000010 -0.987566
vn 0.607736 -0.000002 -0.794139
vn 0.607735 -0.000002 -0.794140
vn 0.946671 0.000007 -0.322203
vn 0.946759 -0.000000 -0.321944
vn 0.995310 0.000000 0.096737
vn 0.995310 0.000000 0.096737
vn 0.156611 -0.000000 -0.987660
vn 0.156611 -0.000000 -0.987660
vn 0.639662 -0.000000 -0.768656
vn 0.639662 -0.000000 -0.768656
vn 0.960905 -0.000000 -0.276878
vn 0.960905 -0.000000 -0.276878
vn 0.999978 -0.000000 -0.006668
vn 0.999978 -0.000000 -0.006668
vn 0.998968 -0.000000 -0.045411
vn 0.998968 -0.000000 -0.045411
vn 0.962741 -0.000000 -0.270425
vn 0.962773 -0.000003 -0.270310
vn 0.692417 -0.000009 -0.721497
vn 0.692416 -0.000009 -0.721498
vn 0.185412 -0.000012 -0.982661
vn 0.185414 -0.000012 -0.982660
vn 1.000000 -0.000000 0.000000
vn 1.000000 0.000000 0.000000
vn 0.000000 0.000000 1.000000
vn 0.000021 0.000012 1.000000
vn -1.000000 0.000000 0.000000
vn -1.000000 0.000000 0.000000
vn 0.000000 -0.000000 -1.000000
vn 0.000000 -0.000000 -1.000000
vn 0.157206 -0.000000 -0.987566
vn 0.157207 -0.000000 -0.987566
vn 0.607735 -0.000000 -0.794140
vn 0.607735 -0.000000 -0.794140
vn 0.946759 -0.000000 -0.321944
vn 0.946758 -0.000000 -0.321945
vn 0.995310 0.000000 0.096737
vn 0.995320 0.000001 0.096638
vn 0.156611 -0.000012 -0.987660
vn 0.156278 -0.000000 -0.987713
vn 0.639662 -0.000000 -0.768656
vn 0.639663 -0.000000 -0.768655
vn 0.960905 -0.000000 -0.276878
vn 0.960905 -0.000000 -0.276879
vn 0.999978 -0.000000 -0.006668
vn 0.999978 -0.000000 -0.006668
vn 0.998968 -0.000000 -0.045411
vn 0.998968 -0.000000 -0.045411
vn 0.962773 -0.000000 -0.270310
vn 0.962773 -0.000000 -0.270311
vn 0.692416 -0.000000 -0.721498
vn 0.692417 -0.000000 -0.721497
vn 0.185414 -0.000000 -0.982660
vn 0.185412 -0.000000 -0.982661
vn 1.000000 -0.000000 0.000000
vn 1.000000 0.000000 0.000000
vn 0.000021 0.000000 1.000000
vn 0.000021 0.000000 1.000000
vn -1.000000 0.000000 0.000000
vn -1.000000 0.000000 0.000000
vn 0.000000 -0.000000 -1.000000
vn 0.000000 -0.000000 -1.000000
vn 0.157207 -0.000000 -0.987566
vn 0.157207 -0.000000 -0.987566
vn 0.607735 -0.000000 -0.794140
vn 0.607735 -0.000000 -0.794140
vn 0.946758 -0.000000 -0.321945
vn 0.946758 -0.000000 -0.321945
vn 0.995320 0.000000 0.096638
vn 0.995320 0.000000 0.096638
vn 0.156278 -0.000000 -0.987713
vn 0.156612 -0.000012 -0.987660
vn 0.639663 -0.000009 -0.768655
vn 0.639663 -0.000009 -0.768655
vn 0.960905 -0.000003 -0.276879
vn 0.960905 -0.000003 -0.276879
vn 0.999978 -0.000000 -0.006668
vn 0.999978 -0.000000 -0.006668
vn 0.998968 -0.000001 -0.045411
vn 0.998968 -0.000000 -0.045429
vn 0.962773 -0.000000 -0.270311
vn 0.962773 -0.000000 -0.270311
vn 0.692417 -0.000000 -0.721497
vn 0.692417 -0.000000 -0.721497
vn 0.185412 -0.000000 -0.982661
vn 0.185413 -0.000000 -0.982661
vn 1.000000 -0.000000 0.000000
vn 1.000000 0.000000 -0.000000
vn 0.000021 -0.000000 1.000000
vn 0.000021 0.000000 1.000000
vn -1.000000 0.000000 0.000000
vn -1.000000 0.000000 0.000000
vn 0.000000 -0.000000 -1.000000
vn 0.000000 -0.000000 -1.000000
vn 0.157207 -0.000000 -0.987566
vn 0.157206 -0.000000 -0.987566
vn 0.607735 -0.000000 -0.794140
vn 0.607735 -0.000000 -0.794140
vn 0.946758 -0.000000 -0.321945
vn 0.946758 -0.000000 -0.321945
vn 0.995320 0.000000 0.096638
vn 0.995320 0.000000 0.096638
vn 0.156612 -0.000000 -0.987660
vn 0.156612 -0.000000 -0.987660
vn 0.639663 -0.000000 -0.768655
vn 0.639663 -0.000000 -0.768655
vn 0.960905 -0.000000 -0.276879
vn 0.960862 0.000003 -0.277028
vn 0.999978 0.000000 -0.006668
vn 0.999978 0.000000 -0.006668
vn 0.998968 0.000001 -0.045429
vn 0.998968 -0.000000 -0.045411
vn 0.962773 -0.000000 -0.270311
vn 0.962773 -0.000000 -0.270310
vn 0.692417 -0.000000 -0.721497
vn 0.692416 -0.000000 -0.721498
vn 0.185412 -0.000000 -0.982661
vn 0.185414 -0.000000 -0.982660
vn 1.000000 -0.000000 0.000000
vn 1.000000 0.000000 0.000000
vn 0.000021 0.000000 1.000000
vn 0.000021 0.000000 1.000000
vn -1.000000 0.000000 0.000000
vn -1.000000 0.000000 0.000000
vn 0.000000 -0.000000 -1.000000
vn 0.000000 -0.000000 -1.000000
vn 0.157206 -0.000000 -0.987566
vn 0.157206 -0.000000 -0.987566
vn 0.607735 -0.000000 -0.794140
vn 0.607735 -0.000000 -0.794140
vn 0.946758 -0.000000 -0.321945
vn 0.946758 -0.000000 -0.321945
vn 0.995320 0.000000 0.096638
vn 0.995320 0.000000 0.096638
vn 0.156612 -0.000000 -0.987660
vn 0.156560 0.000002 -0.987668
vn 0.639663 0.000008 -0.768655
vn 0.639920 -0.000000 -0.768442
vn 0.960862 -0.000000 -0.277028
vn 0.960757 0.000008 -0.277393
vn 0.999978 0.000012 -0.006668
vn 0.999981 -0.000000 -0.006162
vn 0.998968 -0.000001 -0.045411
vn 0.998968 -0.000001 -0.045411
vn 0.962773 -0.000003 -0.270310
vn 0.962741 -0.000000 -0.270424
vn 0.692416 -0.000000 -0.721498
vn 0.692416 -0.000000 -0.721498
vn 0.185414 -0.000000 -0.982661
vn 0.185414 -0.000000 -0.982661
vn 1.000000 -0.000000 0.000000
vn 1.000000 0.000000 0.000000
vn 0.000021 0.000000 1.000000
vn 0.000021 0.000000 1.000000
vn -1.000000 0.000000 0.000000
vn -1.000000 0.000000 0.000000
vn 0.000000 -0.000000 -1.000000
vn 0.000000 -0.000000 -1.000000
vn 0.157206 -0.000000 -0.987566
vn 0.157206 -0.000000 -0.987566
vn 0.607735 -0.000000 -0.794140
vn 0.607735 -0.000000 -0.794140
vn 0.946758 -0.000000 -0.321945
vn 0.946759 -0.000000 -0.321944
vn 0.995320 0.000000 0.096638
vn 0.995320 0.000000 0.096638
vn 0.156560 -0.000000 -0.987668
vn 0.156560 -0.000000 -0.987668
vn 0.639920 -0.000000 -0.768442
vn 0.639920 -0.000000 -0.768442
vn 0.960757 -0.000000 -0.277393
vn 0.960757 -0.000000 -0.277393
vn 0.999981 -0.000000 -0.006162
vn 0.999978 0.000012 -0.006671
vn 0.998968 0.000013 -0.045411
vn 0.998987 -0.000000 -0.045000
vn 0.962741 -0.000000 -0.270424
vn 0.962741 -0.000000 -0.270424
vn 0.692416 -0.000000 -0.721498
vn 0.692416 -0.000000 -0.721498
vn 0.185414 -0.000000 -0.982661
vn 0.185414 -0.000000 -0.982661
vn 1.000000 -0.000000 0.000000
vn 1.000000 0.000000 -0.000000
vn 0.000021 0.000012 1.000000
vn 0.000000 0.000000 1.000000
vn -1.000000 0.000000 0.000000
vn -1.000000 0.000000 0.000000
vn 0.000000 -0.000012 -1.000000
vn -0.000037 -0.000000 -1.000000
vn 0.157206 -0.000000 -0.987566
vn 0.157206 -0.000000 -0.987566
vn 0.607735 -0.000000 -0.794140
vn 0.607735 -0.000000 -0.794140
vn 0.946759 -0.000000 -0.321944
vn 0.946759 -0.000000 -0.321944
vn 0.995320 0.000000 0.096638
vn 0.995320 0.000000 0.096638
vn 0.156560 -0.000000 -0.987668
vn 0.156560 -0.000000 -0.987668
vn 0.639920 -0.000000 -0.768442
vn 0.639920 -0.000000 -0.768442
vn 0.960757 -0.000000 -0.277393
vn 0.960757 -0.000000 -0.277393
vn 0.999978 -0.000000 -0.006671
vn 0.999978 -0.000000 -0.006668
vn 0.998987 -0.000001 -0.045000
vn 0.998986 -0.000000 -0.045018
vn 0.962741 -0.000000 -0.270424
vn 0.962773 -0.000003 -0.270310
vn 0.692416 -0.000009 -0.721498
vn 0.692416 -0.000009 -0.721498
vn 0.185414 -0.000012 -0.982660
vn 0.185108 -0.000000 -0.982718
vn 1.000000 -0.000000 0.000000
vn 1.000000 0.000000 -0.000000
vn 0.000000 0.000000 1.000000
vn 0.000000 0.000000 1.000000
vn -1.000000 0.000000 0.000000
vn -1.000000 0.000000 0.000000
vn -0.000037 -0.000000 -1.000000
vn -0.000000 -0.000012 -1.000000
vn 0.157206 -0.000012 -0.987566
vn 0.157047 -0.000000 -0.987591
vn 0.607735 -0.000000 -0.794140
vn 0.607916 -0.000010 -0.794001
vn 0.946759 -0.000004 -0.321944
vn 0.946758 -0.000004 -0.321945
vn 0.995320 0.000001 0.096638
vn 0.995310 0.000000 0.096738
vn 0.156560 -0.000000 -0.987668
vn 0.156895 -0.000012 -0.987615
vn 0.639920 -0.000009 -0.768442
vn 0.639920 -0.000009 -0.768442
vn 0.960757 -0.000003 -0.277393
vn 0.960713 -0.000000 -0.277543
vn 0.999978 -0.000000 -0.006668
vn 0.999978 -0.000000 -0.006668
vn 0.998986 -0.000000 -0.045018
vn 0.998986 -0.000000 -0.045018
vn 0.962773 -0.000000 -0.270310
vn 0.962773 -0.000000 -0.270310
vn 0.692416 -0.000000 -0.721498
vn 0.692416 -0.000000 -0.721498
vn 0.185108 -0.000000 -0.982718
vn 0.185108 -0.000000 -0.982718
vn 1.000000 -0.000000 0.000000
vn 1.000000 0.000000 -0.000000
vn 0.000000 0.000000 1.000000
vn 0.000000 0.000000 1.000000
vn -1.000000 0.000000 0.000000
vn -1.000000 0.000000 0.000000
vn 0.000000 0.000011 -1.000000
vn 0.000000 0.000011 -1.000000
vn 0.157047 0.000011 -0.987591
vn 0.157207 -0.000000 -0.987566
vn 0.607916 -0.000000 -0.794001
vn 0.607735 0.000009 -0.794140
vn 0.946758 0.000004 -0.321945
vn 0.946758 0.000004 -0.321945
vn 0.995310 -0.000001 0.096738
vn 0.995320 0.000000 0.096638
vn 0.156895 -0.000000 -0.987615
vn 0.156560 0.000011 -0.987668
vn 0.639920 0.000009 -0.768442
vn 0.639921 0.000009 -0.768440
vn 0.960713 0.000003 -0.277543
vn 0.960756 -0.000000 -0.277393
vn 0.999978 -0.000000 -0.006668
vn 0.999978 -0.000000 -0.006668
vn 0.998986 -0.000000 -0.045018
vn 0.998986 -0.000000 -0.045018
vn 0.962774 -0.000000 -0.270310
vn 0.962774 -0.000000 -0.270310
vn 0.692416 -0.000000 -0.721498
vn 0.692184 0.000008 -0.721721
vn 0.185108 0.000011 -0.982718
vn 0.185412 -0.000000 -0.982661
vn 1.000000 -0.000000 0.000000
vn 1.000000 0.000000 -0.000000
vn 0.000000 -0.000000 1.000000
vn 0.000000 0.000000 1.000000
vn -1.000000 0.000000 0.000000
vn -1.000000 0.000000 -0.000000
vn 0.000000 -0.000012 -1.000000
vn 0.000000 -0.000012 -1.000000
vn 0.157207 -0.000012 -0.987566
vn 0.157047 -0.000000 -0.987591
vn 0.607735 -0.000000 -0.794140
vn 0.607735 -0.000000 -0.794140
vn 0.946758 -0.000000 -0.321945
vn 0.946805 -0.000004 -0.321809
vn 0.995320 0.000001 0.096638
vn 0.995310 0.000000 0.096738
vn 0.156560 -0.000000 -0.987668
vn 0.156895 -0.000012 -0.987615
vn 0.639921 -0.000009 -0.768440
vn 0.639921 -0.000009 -0.768440
vn 0.960756 -0.000003 -0.277393
vn 0.960713 -0.000000 -0.277543
vn 0.999978 -0.000000 -0.006668
vn 0.999978 -0.000000 -0.006668
vn 0.998986 -0.000000 -0.045018
vn 0.998986 -0.000000 -0.045018
vn 0.962774 -0.000000 -0.270310
vn 0.962774 -0.000000 -0.270310
vn 0.692184 -0.000000 -0.721721
vn 0.692416 -0.000009 -0.721498
vn 0.185412 -0.000012 -0.982661
vn 0.185108 -0.000000 -0.982718
vn 1.000000 -0.000000 0.000000
vn 1.000000 0.000000 -0.000000
vn 0.000000 0.000000 1.000000
vn 0.000000 0.000000 1.000000
vn -1.000000 0.000000 0.000000
vn -1.000000 0.000000 -0.000000
vn 0.000000 -0.000000 -1.000000
vn 0.000000 -0.000000 -1.000000
vn 0.157047 -0.000000 -0.987591
vn 0.157205 -0.000012 -0.987566
vn 0.607735 -0.000010 -0.794140
vn 0.607736 -0.000010 -0.794139
vn 0.946805 -0.000004 -0.321809
vn 0.946758 -0.000000 -0.321945
vn 0.995310 0.000000 0.096738
vn 0.995320 0.000001 0.096638
vn 0.156895 -0.000012 -0.987615
vn 0.156561 -0.000000 -0.987668
vn 0.639921 -0.000000 -0.768440
vn 0.639920 -0.000000 -0.768442
vn 0.960713 -0.000000 -0.277543
vn 0.960713 -0.000000 -0.277543
vn 0.999978 -0.000000 -0.006668
vn 0.999978 -0.000000 -0.006668
vn 0.998986 -0.000000 -0.045018
vn 0.998968 0.000012 -0.045411
vn 0.962773 0.000012 -0.270310
vn 0.962887 -0.000000 -0.269906
vn 0.692416 -0.000000 -0.721498
vn 0.692416 -0.000000 -0.721498
vn 0.185108 -0.000000 -0.982718
vn 0.185414 -0.000012 -0.982661
vn 1.000000 -0.000000 0.000000
vn 1.000000 0.000000 -0.000000
vn 0.000000 0.000000 1.000000
vn 0.000000 0.000000 1.000000
vn -1.000000 0.000000 0.000000
vn -1.000000 0.000000 0.000000
vn 0.000000 -0.000000 -1.000000
vn 0.000000 -0.000000 -1.000000
vn 0.157205 0.000002 -0.987566
vn 0.157230 -0.000000 -0.987562
vn 0.607736 -0.000000 -0.794139
vn 0.607736 -0.000000 -0.794139
vn 0.946758 -0.000000 -0.321945
vn 0.946759 -0.000000 -0.321944
vn 0.995320 0.000000 0.096638
vn 0.995417 0.000012 0.095631
vn 0.156561 0.000002 -0.987668
vn 0.156612 -0.000000 -0.987660
vn 0.639920 -0.000000 -0.768442
vn 0.639662 0.000008 -0.768656
vn 0.960713 0.000012 -0.277543
vn 0.960862 -0.000000 -0.277028
vn 0.999978 -0.000000 -0.006668
vn 0.999978 -0.000000 -0.006668
vn 0.998968 -0.000000 -0.045411
vn 0.998968 -0.000000 -0.045411
vn 0.962887 -0.000000 -0.269906
vn 0.962773 0.000012 -0.270310
vn 0.692416 0.000008 -0.721498
vn 0.692409 0.000009 -0.721506
vn 0.185414 0.000002 -0.982660
vn 0.185473 -0.000000 -0.982650
vn 1.000000 -0.000000 0.000000
vn 1.000000 0.000000 -0.000000
vn 0.000000 0.000012 1.000000
vn 0.000000 0.000012 1.000000
vn -1.000000 0.000000 0.000000
vn -1.000000 0.000000 0.000000
vn 0.000000 -0.000000 -1.000000
vn 0.000000 -0.000000 -1.000000
vn 0.157230 -0.000000 -0.987562
vn 0.157230 -0.000000 -0.987562
vn 0.607736 -0.000000 -0.794139
vn 0.607736 -0.000000 -0.794139
vn 0.946759 -0.000000 -0.321944
vn 0.946759 -0.000000 -0.321944
vn 0.995417 0.000000 0.095631
vn 0.995417 0.000000 0.095631
vn 0.156612 -0.000000 -0.987660
vn 0.156612 -0.000000 -0.987660
vn 0.639662 -0.000000 -0.768656
vn 0.639920 -0.000008 -0.768442
vn 0.960862 -0.000012 -0.277028
vn 0.960713 -0.000000 -0.277543
vn 0.999978 -0.000000 -0.006668
vn 0.999978 -0.000000 -0.006668
vn 0.998968 -0.000000 -0.045411
vn 0.998968 -0.000000 -0.045411
vn 0.962774 -0.000000 -0.270310
vn 0.962774 -0.000000 -0.270310
vn 0.692409 -0.000000 -0.721506
vn 0.692409 -0.000000 -0.721506
vn 0.185473 -0.000000 -0.982649
vn 0.185473 -0.000000 -0.982649
vn 1.000000 -0.000000 0.000000
vn 1.000000 0.000000 -0.000000
vn 0.000000 -0.000012 1.000000
vn 0.000021 0.000000 1.000000
vn -1.000000 0.000000 0.000000
vn -1.000000 0.000000 0.000000
vn 0.000000 -0.000000 -1.000000
vn 0.000000 -0.000000 -1.000000
vn 0.157230 -0.000000 -0.987562
vn 0.157230 -0.000000 -0.987562
vn 0.607736 -0.000000 -0.794139
vn 0.607736 -0.000000 -0.794139
vn 0.946759 -0.000000 -0.321944
vn 0.946759 -0.000000 -0.321944
vn 0.995417 0.000000 0.095631
vn 0.995417 0.000000 0.095631
vn 0.156612 -0.000000 -0.987660
vn 0.156612 -0.000000 -0.987660
vn 0.639920 -0.000000 -0.768442
vn 0.639662 0.000008 -0.768656
vn 0.960713 0.000012 -0.277543
vn 0.960862 -0.000000 -0.277028
vn 0.999978 -0.000000 -0.006668
vn 0.999978 -0.000000 -0.006668
vn 0.998968 -0.000000 -0.045411
vn 0.998968 -0.000000 -0.045411
vn 0.962774 -0.000000 -0.270310
vn 0.962774 -0.000000 -0.270310
vn 0.692409 -0.000000 -0.721506
vn 0.692409 -0.000000 -0.721506
vn 0.185473 -0.000000 -0.982650
vn 0.185473 -0.000000 -0.982650
vn 1.000000 -0.000000 0.000000
vn 1.000000 0.000000 -0.000000
vn 0.000021 0.000012 1.000000
vn 0.000000 0.000000 1.000000
vn -1.000000 0.000000 0.000000
vn -1.000000 0.000000 0.000000
vn 0.000000 -0.000000 -1.000000
vn 0.000000 -0.000000 -1.000000
vn 0.157230 -0.000000 -0.987562
vn 0.157230 -0.000000 -0.987562
vn 0.607736 -0.000000 -0.794139
vn 0.607736 -0.000000 -0.794139
vn 0.946759 -0.000000 -0.321944
vn 0.946758 -0.000000 -0.321945
vn 0.995417 0.000000 0.095631
vn 0.995417 0.000000 0.095631
vn 0.156612 -0.000000 -0.987660
vn 0.156612 -0.000000 -0.987660
vn 0.639662 -0.000000 -0.768656
vn 0.639663 -0.000000 -0.768655
vn 0.960862 -0.000000 -0.277028
vn 0.960905 -0.000003 -0.276879
vn 0.999978 -0.000000 -0.006668
vn 0.999978 -0.000000 -0.006671
vn 0.998968 -0.000000 -0.045411
vn 0.998968 -0.000000 -0.045411
vn 0.962773 -0.000000 -0.270310
vn 0.962773 -0.000000 -0.270310
vn 0.692409 -0.000000 -0.721506
vn 0.692410 -0.000000 -0.721505
vn 0.185473 -0.000000 -0.982649
vn 0.185471 -0.000000 -0.982650
vn 1.000000 -0.000000 0.000000
vn 1.000000 0.000000 0.000000
vn 0.000000 -0.000000 1.000000
vn 0.000000 0.000000 1.000000
vn -1.000000 0.000000 0.000000
vn -1.000000 0.000000 0.000000
vn 0.000000 -0.000012 -1.000000
vn -0.000037 -0.000000 -1.000000
vn 0.157230 -0.000000 -0.987562
vn 0.157230 -0.000000 -0.987562
vn 0.607736 -0.000000 -0.794139
vn 0.607736 -0.000000 -0.794139
vn 0.946758 -0.000000 -0.321945
vn 0.946758 -0.000000 -0.321945
vn 0.995417 0.000000 0.095631
vn 0.995417 0.000000 0.095631
vn 0.156612 -0.000000 -0.987660
vn 0.156612 -0.000000 -0.987660
vn 0.639663 -0.000000 -0.768655
vn 0.639663 -0.000000 -0.768655
vn 0.960905 -0.000000 -0.276879
vn 0.960905 -0.000000 -0.276879
vn 0.999978 -0.000000 -0.006671
vn 0.999978 -0.000000 -0.006668
vn 0.998968 -0.000001 -0.045411
vn 0.998968 -0.000001 -0.045411
vn 0.962773 -0.000003 -0.270310
vn 0.962741 -0.000000 -0.270425
vn 0.692410 -0.000000 -0.721505
vn 0.692410 -0.000000 -0.721505
vn 0.185471 -0.000000 -0.982650
vn 0.185471 -0.000000 -0.982650
vn 1.000000 -0.000000 0.000000
vn 1.000000 0.000000 0.000000
vn 0.000000 0.000000 1.000000
vn 0.000000 0.000000 1.000000
vn -1.000000 0.000000 0.000000
vn -1.000000 0.000000 0.000000
vn -0.000037 -0.000000 -1.000000
vn 0.000000 -0.000012 -1.000000
vn 0.157230 -0.000012 -0.987562
vn 0.157072 -0.000000 -0.987587
vn 0.607736 -0.000000 -0.794139
vn 0.607736 -0.000000 -0.794139
vn 0.946758 -0.000000 -0.321945
vn 0.946758 -0.000000 -0.321945
vn 0.995417 0.000000 0.095631
vn 0.995417 0.000000 0.095631
vn 0.156612 -0.000000 -0.987660
vn 0.156612 -0.000000 -0.987660
vn 0.639663 -0.000000 -0.768655
vn 0.639663 -0.000000 -0.768655
vn 0.960905 -0.000000 -0.276879
vn 0.960905 -0.000000 -0.276879
vn 0.999978 -0.000000 -0.006668
vn 0.999978 -0.000000 -0.006668
vn 0.998968 -0.000000 -0.045411
vn 0.998968 -0.000000 -0.045411
vn 0.962741 -0.000000 -0.270425
vn 0.962773 -0.000003 -0.270311
vn 0.692410 -0.000009 -0.721505
vn 0.692411 -0.000009 -0.721504
vn 0.185471 -0.000012 -0.982650
vn 0.185167 -0.000000 -0.982707
vn 1.000000 -0.000000 0.000000
vn 1.000000 0.000000 0.000000
vn 0.000000 0.000000 1.000000
vn 0.000000 0.000000 1.000000
vn -1.000000 0.000000 0.000000
vn -1.000000 0.000000 0.000000
vn 0.000000 -0.000000 -1.000000
vn 0.000000 -0.000000 -1.000000
vn 0.157072 -0.000000 -0.987587
vn 0.157047 0.000000 -0.987591
vn 0.607736 0.000001 -0.794139
vn 0.608052 -0.000002 -0.793897
vn 0.946758 -0.000001 -0.321945
vn 0.946758 -0.000001 -0.321946
vn 0.995417 0.000000 0.095631
vn 0.995407 0.000000 0.095729
vn 0.156612 -0.000000 -0.987660
vn 0.156612 -0.000000 -0.987660
vn 0.639663 -0.000000 -0.768655
vn 0.639663 -0.000000 -0.768655
vn 0.960905 -0.000000 -0.276879
vn 0.960905 -0.000000 -0.276879
vn 0.999978 -0.000000 -0.006668
vn 0.999978 -0.000000 -0.006668
vn 0.998968 -0.000000 -0.045411
vn 0.998968 -0.000000 -0.045411
vn 0.962773 -0.000000 -0.270311
vn 0.962773 -0.000000 -0.270311
vn 0.692411 -0.000000 -0.721504
vn 0.692177 0.000002 -0.721728
vn 0.185167 0.000002 -0.982707
vn 0.185473 -0.000000 -0.982649
vn 1.000000 -0.000000 0.000000
vn 1.000000 0.000000 0.000000
vn 0.000000 -0.000000 1.000000
vn 0.000000 0.000000 1.000000
vn -1.000000 0.000000 0.000000
vn -1.000000 0.000000 0.000000
vn 0.000000 -0.000000 -1.000000
vn 0.000000 -0.000000 -1.000000
vn 0.157047 -0.000000 -0.987591
vn 0.157219 -0.000014 -0.987564
vn 0.608052 -0.000011 -0.793897
vn 0.607730 0.000009 -0.794144
vn 0.946758 0.000013 -0.321946
vn 0.946892 -0.000000 -0.321551
vn 0.995408 0.000000 0.095729
vn 0.995407 0.000000 0.095729
vn 0.156612 -0.000000 -0.987660
vn 0.156614 -0.000000 -0.987660
vn 0.639663 -0.000000 -0.768655
vn 0.639662 -0.000000 -0.768656
vn 0.960905 -0.000000 -0.276879
vn 0.960905 -0.000000 -0.276879
vn 0.999978 -0.000000 -0.006668
vn 0.999978 -0.000000 -0.006668
vn 0.998968 -0.000000 -0.045411
vn 0.998968 -0.000000 -0.045411
vn 0.962773 -0.000000 -0.270311
vn 0.962773 -0.000000 -0.270310
vn 0.692177 -0.000000 -0.721728
vn 0.692415 -0.000012 -0.721500
vn 0.185473 -0.000016 -0.982649
vn 0.185486 -0.000017 -0.982647
vn 1.000000 -0.000000 0.000000
vn 1.000000 0.000000 0.000000
vn 0.000000 0.000000 1.000000
vn 0.000000 0.000000 1.000000
vn -0.000000 -1.000000 0.000000
vn 0.000000 -1.000000 -0.000000
vn -0.000009 0.000009 -1.000000
vn -0.000012 0.000000 -1.000000
vn -0.000012 0.157218 -0.987564
vn -0.000013 0.157206 -0.987566
vn -0.000011 0.607742 -0.794134
vn -0.000011 0.607736 -0.794139
vn -0.000004 0.946745 -0.321985
vn -0.000004 0.946745 -0.321986
vn 0.000001 0.995300 0.096842
vn 0.000000 0.995309 0.096743
vn 0.000000 0.156560 -0.987668
vn 0.000000 0.156560 -0.987668
vn 0.000000 0.639911 -0.768449
vn 0.000000 0.639911 -0.768449
vn 0.000000 0.960900 -0.276896
vn 0.000000 0.960900 -0.276896
vn 0.000000 0.999978 -0.006633
vn 0.000000 0.999978 -0.006633
vn 0.000000 0.998968 -0.045424
vn 0.000000 0.998968 -0.045424
vn 0.000000 0.962773 -0.270310
vn 0.000000 0.962773 -0.270310
vn 0.000000 0.692431 -0.721484
vn 0.000000 0.692431 -0.721484
vn 0.000000 0.185409 -0.982661
vn -0.000016 0.185106 -0.982718
vn 0.000000 1.000000 0.000000
vn 0.000000 1.000000 -0.000000
vn 0.000012 0.000000 1.000000
vn 0.000000 0.000021 1.000000
vn -0.000000 -1.000000 0.000000
vn 0.000000 -1.000000 -0.000000
vn 0.000000 0.000000 -1.000000
vn 0.000000 0.000000 -1.000000
vn 0.000000 0.157206 -0.987566
vn 0.000000 0.157206 -0.987566
vn 0.000000 0.607736 -0.794139
vn 0.000000 0.607736 -0.794139
vn 0.000000 0.946745 -0.321986
vn 0.000000 0.946745 -0.321986
vn 0.000000 0.995309 0.096743
vn 0.000000 0.995309 0.096743
vn 0.000000 0.156560 -0.987668
vn 0.000000 0.156560 -0.987668
vn 0.000000 0.639911 -0.768449
vn 0.000000 0.639911 -0.768449
vn 0.000000 0.960900 -0.276896
vn -0.000003 0.960857 -0.277046
vn -0.000000 0.999978 -0.006633
vn -0.000000 0.999978 -0.006633
vn -0.000001 0.998968 -0.045424
vn -0.000001 0.998968 -0.045424
vn -0.000003 0.962773 -0.270310
vn -0.000003 0.962774 -0.270310
vn -0.000008 0.692431 -0.721484
vn -0.000009 0.692430 -0.721485
vn -0.000012 0.185106 -0.982719
vn 0.000000 0.185412 -0.982661
vn 0.000000 1.000000 0.000000
vn 0.000000 1.000000 -0.000000
vn 0.000000 0.000021 1.000000
vn 0.000009 0.000000 1.000000
vn -0.000000 -1.000000 0.000000
vn 0.000000 -1.000000 0.000000
vn 0.000000 0.000000 -1.000000
vn 0.000000 0.000000 -1.000000
vn 0.000000 0.157206 -0.987566
vn -0.000009 0.157048 -0.987591
vn -0.000007 0.607736 -0.794139
vn -0.000007 0.607735 -0.794140
vn -0.000003 0.946745 -0.321986
vn -0.000003 0.946745 -0.321986
vn 0.000001 0.995309 0.096743
vn 0.000001 0.995309 0.096743
vn -0.000009 0.156560 -0.987669
vn -0.000009 0.156560 -0.987669
vn -0.000007 0.639911 -0.768449
vn -0.000007 0.639911 -0.768449
vn -0.000003 0.960857 -0.277046
vn 0.000000 0.960900 -0.276896
vn 0.000000 0.999978 -0.006633
vn 0.000000 0.999978 -0.006633
vn 0.000000 0.998968 -0.045424
vn 0.000000 0.998968 -0.045424
vn 0.000000 0.962774 -0.270310
vn 0.000000 0.962774 -0.270310
vn 0.000000 0.692430 -0.721485
vn 0.000000 0.692430 -0.721485
vn 0.000000 0.185412 -0.982661
vn -0.000009 0.185106 -0.982718
vn 0.000000 1.000000 0.000000
vn 0.000000 1.000000 -0.000000
vn 0.000000 0.000000 1.000000
vn 0.000000 0.000000 1.000000
vn -0.000000 -1.000000 0.000000
vn 0.000000 -1.000000 -0.000000
vn -0.000012 0.000000 -1.000000
vn -0.000012 0.000000 -1.000000
vn -0.000013 0.157048 -0.987591
vn 0.000000 0.157231 -0.987562
vn 0.000000 0.607735 -0.794140
vn 0.000000 0.607735 -0.794140
vn 0.000000 0.946745 -0.321986
vn 0.000000 0.946745 -0.321986
vn 0.000000 0.995309 0.096743
vn -0.000013 0.995417 0.095631
vn -0.000002 0.156560 -0.987669
vn 0.000000 0.156617 -0.987659
vn 0.000000 0.639911 -0.768449
vn 0.000000 0.639911 -0.768449
vn 0.000000 0.960900 -0.276896
vn -0.000011 0.960757 -0.277393
vn -0.000011 0.999978 -0.006633
vn 0.000000 0.999981 -0.006144
vn 0.000000 0.998968 -0.045424
vn -0.000011 0.998950 -0.045804
vn -0.000011 0.962774 -0.270310
vn -0.000003 0.962851 -0.270035
vn -0.000009 0.692430 -0.721485
vn -0.000017 0.692187 -0.721719
vn -0.000014 0.185106 -0.982718
vn 0.000000 0.185475 -0.982649
vn 0.000000 1.000000 0.000000
vn 0.000000 1.000000 -0.000000
vn 0.000033 -0.000000 1.000000
vn 0.000033 0.000000 1.000000
vn -0.000000 -1.000000 0.000000
vn 0.000012 -1.000000 -0.000008
vn -0.000022 0.000000 -1.000000
vn -0.000022 0.000000 -1.000000
vn -0.000022 0.157231 -0.987562
vn -0.000023 0.157206 -0.987566
vn -0.000024 0.607735 -0.794140
vn -0.000024 0.607736 -0.794139
vn -0.000017 0.946745 -0.321986
vn -0.000017 0.946744 -0.321986
vn -0.000008 0.995417 0.095631
vn 0.000003 0.995313 0.096702
vn -0.000032 0.156617 -0.987659
vn -0.000032 0.156616 -0.987660
vn -0.000025 0.639911 -0.768449
vn -0.000032 0.639662 -0.768656
vn -0.000019 0.960757 -0.277393
vn -0.000009 0.960900 -0.276896
vn -0.000000 0.999981 -0.006144
vn -0.000011 0.999978 -0.006633
vn -0.000012 0.998950 -0.045804
vn -0.000001 0.998968 -0.045424
vn -0.000009 0.962851 -0.270035
vn -0.000016 0.962773 -0.270310
vn -0.000023 0.692187 -0.721719
vn -0.000016 0.692401 -0.721513
vn -0.000021 0.185475 -0.982649
vn -0.000023 0.185420 -0.982659
vn -0.000010 1.000000 0.000000
vn 0.000000 1.000000 0.000008
vn 0.000056 0.000000 1.000000
vn 0.000056 0.000000 1.000000
vn 0.000020 -1.000000 -0.000008
vn 0.000000 -1.000000 -0.000000
vn -0.000056 0.000000 -1.000000
vn -0.000056 0.000000 -1.000000
vn -0.000056 0.157206 -0.987566
vn -0.000056 0.157206 -0.987566
vn -0.000045 0.607736 -0.794139
vn -0.000045 0.607736 -0.794139
vn -0.000018 0.946744 -0.321986
vn -0.000018 0.946744 -0.321986
vn 0.000005 0.995313 0.096702
vn -0.000014 0.995417 0.095630
vn -0.000040 0.156616 -0.987660
vn -0.000040 0.156616 -0.987660
vn -0.000040 0.639662 -0.768656
vn -0.000029 0.639910 -0.768450
vn -0.000010 0.960900 -0.276896
vn -0.000028 0.960757 -0.277393
vn -0.000018 0.999978 -0.006633
vn -0.000018 0.999978 -0.006633
vn -0.000020 0.998968 -0.045424
vn -0.000020 0.998968 -0.045424
vn -0.000027 0.962773 -0.270310
vn -0.000015 0.962851 -0.270035
vn -0.000041 0.692401 -0.721513
vn -0.000053 0.692188 -0.721718
vn -0.000059 0.185420 -0.982659
vn -0.000055 0.185473 -0.982649
vn 0.000000 1.000000 0.000008
vn -0.000018 1.000000 0.000000
vn 0.000000 0.000000 1.000000
vn 0.000000 0.000000 1.000000
vn -0.000000 -1.000000 0.000000
vn 0.000000 -1.000000 0.000000
vn 0.000000 0.000000 -1.000000
vn 0.000000 0.000000 -1.000000
vn -0.000002 0.157206 -0.987566
vn 0.000000 0.157230 -0.987562
vn 0.000000 0.607736 -0.794139
vn 0.000000 0.607736 -0.794139
vn 0.000000 0.946744 -0.321986
vn 0.000000 0.946744 -0.321986
vn 0.000000 0.995417 0.095630
vn 0.000000 0.995417 0.095630
vn 0.000000 0.156616 -0.987660
vn 0.000000 0.156616 -0.987660
vn 0.000000 0.639910 -0.768450
vn -0.000007 0.639660 -0.768658
vn -0.000011 0.960757 -0.277393
vn -0.000003 0.960857 -0.277046
vn -0.000000 0.999978 -0.006633
vn -0.000000 0.999978 -0.006633
vn -0.000001 0.998968 -0.045424
vn -0.000001 0.998968 -0.045424
vn -0.000003 0.962851 -0.270035
vn 0.000000 0.962883 -0.269921
vn 0.000000 0.692188 -0.721718
vn 0.000000 0.692188 -0.721718
vn 0.000000 0.185473 -0.982649
vn 0.000000 0.185473 -0.982649
vn 0.000000 1.000000 0.000000
vn 0.000000 1.000000 -0.000000
vn 0.000000 0.000000 1.000000
vn 0.000000 0.000000 1.000000
vn -0.000000 -1.000000 0.000000
vn 0.000000 -1.000000 -0.000000
vn 0.000000 0.000000 -1.000000
vn -0.000009 -0.000037 -1.000000
vn -0.000009 0.157230 -0.987562
vn -0.000009 0.157230 -0.987562
vn -0.000007 0.607736 -0.794139
vn -0.000013 0.607585 -0.794254
vn -0.000012 0.946744 -0.321986
vn -0.000011 0.946763 -0.321931
vn -0.000008 0.995417 0.095630
vn 0.000001 0.995323 0.096604
vn -0.000009 0.156616 -0.987660
vn -0.000009 0.156616 -0.987660
vn -0.000007 0.639661 -0.768658
vn -0.000007 0.639662 -0.768656
vn -0.000003 0.960857 -0.277046
vn 0.000000 0.960900 -0.276896
vn 0.000000 0.999978 -0.006633
vn 0.000000 0.999978 -0.006633
vn 0.000000 0.998968 -0.045424
vn 0.000000 0.998968 -0.045424
vn 0.000000 0.962883 -0.269920
vn 0.000000 0.962883 -0.269920
vn 0.000000 0.692188 -0.721718
vn 0.000000 0.692188 -0.721718
vn 0.000000 0.185473 -0.982649
vn -0.000009 0.185169 -0.982707
vn 0.000000 1.000000 0.000000
vn 0.000000 1.000000 -0.000000
vn 0.000000 0.000000 1.000000
vn 0.000009 -0.000021 1.000000
vn -0.000000 -1.000000 0.000000
vn 0.000000 -1.000000 -0.000000
vn -0.000009 -0.000037 -1.000000
vn 0.000000 0.000000 -1.000000
vn 0.000000 0.157230 -0.987562
vn -0.000002 0.157203 -0.987566
vn -0.000006 0.607585 -0.794254
vn 0.000000 0.607736 -0.794139
vn 0.000000 0.946763 -0.321931
vn 0.000000 0.946763 -0.321931
vn 0.000000 0.995323 0.096604
vn 0.000000 0.995323 0.096604
vn 0.000000 0.156616 -0.987660
vn 0.000000 0.156616 -0.987660
vn 0.000000 0.639662 -0.768656
vn 0.000000 0.639662 -0.768656
vn 0.000000 0.960900 -0.276896
vn 0.000000 0.960900 -0.276896
vn 0.000000 0.999978 -0.006633
vn -0.000000 0.999978 -0.006636
vn -0.000000 0.998968 -0.045424
vn -0.000000 0.998968 -0.045424
vn -0.000002 0.962883 -0.269920
vn -0.000002 0.962883 -0.269920
vn -0.000007 0.692188 -0.721718
vn -0.000007 0.692187 -0.721719
vn -0.000009 0.185169 -0.982707
vn 0.000000 0.185475 -0.982649
vn 0.000000 1.000000 0.000000
vn 0.000000 1.000000 -0.000000
vn 0.000027 -0.000021 1.000000
vn 0.000000 0.000000 1.000000
vn -0.000000 -1.000000 0.000000
vn 0.000000 -1.000000 -0.000000
vn -0.000012 0.000000 -1.000000
vn 0.000000 0.000037 -1.000000
vn 0.000000 0.157203 -0.987566
vn 0.000000 0.157203 -0.987566
vn 0.000000 0.607736 -0.794139
vn 0.000000 0.607736 -0.794139
vn 0.000000 0.946763 -0.321931
vn 0.000000 0.946763 -0.321931
vn 0.000000 0.995323 0.096604
vn 0.000000 0.995323 0.096604
vn 0.000000 0.156616 -0.987660
vn 0.000000 0.156616 -0.987660
vn 0.000000 0.639662 -0.768656
vn 0.000000 0.639662 -0.768656
vn 0.000000 0.960900 -0.276896
vn -0.000006 0.960856 -0.277048
vn -0.000000 0.999978 -0.006636
vn 0.000000 0.999978 -0.006633
vn 0.000000 0.998968 -0.045424
vn 0.000000 0.998968 -0.045424
vn 0.000000 0.962883 -0.269920
vn -0.000022 0.962772 -0.270315
vn -0.000016 0.692187 -0.721719
vn 0.000000 0.692400 -0.721514
vn 0.000000 0.185475 -0.982649
vn -0.000005 0.185407 -0.982662
vn -0.000029 1.000000 0.000000
vn 0.000000 1.000000 0.000009
vn -0.000000 0.000000 1.000000
vn -0.000000 0.000000 1.000000
vn 1.000000 0.000000 0.000000
vn 1.000000 0.000000 0.000000
vn -0.000037 -0.000000 -1.000000
vn -0.000037 -0.000000 -1.000000
vn -0.157204 -0.000000 -0.987566
vn -0.157046 -0.000014 -0.987591
vn -0.607743 -0.000011 -0.794134
vn -0.607735 -0.000012 -0.794140
vn -0.946888 -0.000005 -0.321562
vn -0.946888 -0.000005 -0.321564
vn -0.995417 0.000001 0.095631
vn -0.995417 0.000001 0.095631
vn -0.156628 -0.000014 -0.987658
vn -0.156614 -0.000015 -0.987660
vn -0.639669 -0.000012 -0.768651
vn -0.639662 -0.000012 -0.768656
vn -0.960862 -0.000004 -0.277027
vn -0.960905 -0.000000 -0.276878
vn -0.999981 -0.000000 -0.006144
vn -0.999981 -0.000000 -0.006144
vn -0.998949 -0.000000 -0.045831
vn -0.998949 -0.000000 -0.045831
vn -0.962894 -0.000000 -0.269878
vn -0.962894 -0.000000 -0.269878
vn -0.692179 -0.000000 -0.721726
vn -0.692180 0.000000 -0.721725
vn -0.185473 -0.000000 -0.982649
vn -0.185167 -0.000017 -0.982707
vn -1.000000 0.000000 0.000000
vn -1.000000 0.000000 0.000000
vn 0.000000 0.000000 1.000000
vn -0.000000 0.000000 1.000000
vn 1.000000 0.000000 0.000000
vn 1.000000 0.000000 0.000000
vn -0.000037 -0.000000 -1.000000
vn -0.000037 -0.000000 -1.000000
vn -0.157046 -0.000000 -0.987591
vn -0.157046 -0.000000 -0.987591
vn -0.607735 -0.000000 -0.794140
vn -0.607915 0.000002 -0.794002
vn -0.946888 0.000001 -0.321564
vn -0.946888 0.000001 -0.321564
vn -0.995417 -0.000000 0.095631
vn -0.995407 0.000000 0.095729
vn -0.156614 -0.000000 -0.987660
vn -0.156949 0.000002 -0.987607
vn -0.639662 0.000002 -0.768656
vn -0.639662 0.000002 -0.768656
vn -0.960905 0.000001 -0.276878
vn -0.960862 -0.000000 -0.277028
vn -0.999981 -0.000000 -0.006144
vn -0.999981 -0.000000 -0.006144
vn -0.998949 -0.000000 -0.045831
vn -0.998949 -0.000000 -0.045831
vn -0.962894 -0.000000 -0.269878
vn -0.962894 -0.000000 -0.269878
vn -0.692180 -0.000000 -0.721725
vn -0.692180 -0.000000 -0.721725
vn -0.185167 -0.000000 -0.982707
vn -0.185473 0.000002 -0.982649
vn -1.000000 -0.000000 0.000000
vn -1.000000 0.000000 0.000000
vn 0.000000 0.000000 1.000000
vn 0.000021 0.000012 1.000000
vn 1.000000 0.000000 0.000000
vn 1.000000 0.000000 0.000000
vn -0.000037 -0.000000 -1.000000
vn -0.000000 -0.000012 -1.000000
vn -0.157046 -0.000012 -0.987591
vn -0.157205 -0.000000 -0.987566
vn -0.607915 -0.000000 -0.794002
vn -0.607735 -0.000010 -0.794140
vn -0.946888 -0.000004 -0.321564
vn -0.946934 -0.000000 -0.321429
vn -0.995407 0.000000 0.095729
vn -0.995407 0.000000 0.095729
vn -0.156949 -0.000000 -0.987607
vn -0.156616 -0.000012 -0.987660
vn -0.639662 -0.000009 -0.768656
vn -0.639662 -0.000009 -0.768656
vn -0.960862 -0.000003 -0.277028
vn -0.960905 -0.000000 -0.276878
vn -0.999981 -0.000000 -0.006144
vn -0.999981 -0.000000 -0.006144
vn -0.998949 -0.000000 -0.045831
vn -0.998949 -0.000000 -0.045831
vn -0.962894 -0.000000 -0.269878
vn -0.962894 -0.000000 -0.269878
vn -0.692180 -0.000000 -0.721725
vn -0.691946 -0.000009 -0.721949
vn -0.185473 -0.000012 -0.982649
vn -0.185473 -0.000012 -0.982649
vn -1.000000 0.000000 0.000000
vn -1.000000 0.000000 0.000000
vn 0.000021 0.000000 1.000000
vn 0.000000 -0.000012 1.000000
vn 1.000000 0.000000 0.000000
vn 1.000000 0.000000 0.000000
vn 0.000000 -0.000000 -1.000000
vn -0.000000 -0.000000 -1.000000
vn -0.157205 -0.000000 -0.987566
vn -0.157205 -0.000000 -0.987566
vn -0.607735 -0.000000 -0.794140
vn -0.607735 -0.000000 -0.794140
vn -0.946934 -0.000000 -0.321429
vn -0.946888 -0.000004 -0.321564
vn -0.995407 0.000001 0.095729
vn -0.995417 0.000000 0.095631
vn -0.156616 -0.000000 -0.987660
vn -0.156563 -0.000002 -0.987668
vn -0.639662 -0.000008 -0.768656
vn -0.639920 -0.000000 -0.768442
vn -0.960905 -0.000000 -0.276878
vn -0.960905 -0.000000 -0.276878
vn -0.999981 -0.000000 -0.006144
vn -0.999981 -0.000000 -0.006144
vn -0.998949 -0.000000 -0.045831
vn -0.998949 -0.000000 -0.045831
vn -0.962894 -0.000000 -0.269878
vn -0.962894 -0.000000 -0.269878
vn -0.691946 -0.000000 -0.721949
vn -0.691947 -0.000000 -0.721949
vn -0.185473 -0.000000 -0.982649
vn -0.185473 -0.000000 -0.982649
vn -1.000000 0.000000 0.000000
vn -1.000000 0.000000 0.000000
vn 0.000000 0.000000 1.000000
vn 0.000021 0.000012 1.000000
vn 1.000000 0.000000 0.000000
vn 1.000000 0.000000 0.000000
vn 0.000000 -0.000000 -1.000000
vn -0.000000 -0.000000 -1.000000
vn -0.157205 -0.000000 -0.987566
vn -0.157206 -0.000000 -0.987566
vn -0.607735 -0.000000 -0.794140
vn -0.607735 -0.000000 -0.794140
vn -0.946888 -0.000000 -0.321564
vn -0.946754 -0.000011 -0.321959
vn -0.995417 -0.000012 0.095631
vn -0.995320 0.000000 0.096638
vn -0.156563 -0.000000 -0.987668
vn -0.156562 -0.000000 -0.987668
vn -0.639920 -0.000000 -0.768442
vn -0.639921 -0.000000 -0.768441
vn -0.960905 -0.000000 -0.276878
vn -0.960905 -0.000000 -0.276879
vn -0.999981 -0.000000 -0.006144
vn -0.999981 -0.000000 -0.006144
vn -0.998949 -0.000000 -0.045831
vn -0.998948 -0.000001 -0.045849
vn -0.962894 -0.000003 -0.269878
vn -0.962894 -0.000003 -0.269879
vn -0.691946 -0.000009 -0.721949
vn -0.692181 -0.000000 -0.721724
vn -0.185473 -0.000000 -0.982649
vn -0.185471 -0.000000 -0.982650
vn -1.000000 0.000000 0.000000
vn -1.000000 0.000000 0.000000
vn 0.000021 0.000000 1.000000
vn 0.000000 -0.000012 1.000000
vn 1.000000 0.000000 0.000000
vn 1.000000 0.000000 0.000000
vn 0.000000 -0.000000 -1.000000
vn -0.000000 -0.000000 -1.000000
vn -0.157206 -0.000000 -0.987566
vn -0.157206 -0.000000 -0.987566
vn -0.607735 -0.000000 -0.794140
vn -0.607735 -0.000000 -0.794140
vn -0.946754 -0.000000 -0.321959
vn -0.946754 -0.000000 -0.321959
vn -0.995320 0.000000 0.096638
vn -0.995320 0.000000 0.096638
vn -0.156562 -0.000000 -0.987668
vn -0.156562 -0.000000 -0.987668
vn -0.639921 -0.000000 -0.768440
vn -0.639921 -0.000000 -0.768440
vn -0.960905 -0.000000 -0.276879
vn -0.960905 -0.000000 -0.276879
vn -0.999981 -0.000000 -0.006144
vn -0.999981 -0.000000 -0.006147
vn -0.998948 -0.000001 -0.045849
vn -0.998950 0.000001 -0.045813
vn -0.962894 0.000003 -0.269879
vn -0.962894 0.000003 -0.269878
vn -0.692181 0.000009 -0.721724
vn -0.691946 -0.000000 -0.721949
vn -0.185471 -0.000000 -0.982650
vn -0.185473 -0.000000 -0.982649
vn -1.000000 0.000000 0.000000
vn -1.000000 0.000000 0.000000
vn 0.000000 0.000000 1.000000
vn 0.000021 0.000012 1.000000
vn 1.000000 0.000000 0.000000
vn 1.000000 0.000000 0.000000
vn 0.000000 -0.000000 -1.000000
vn -0.000000 -0.000000 -1.000000
vn -0.157206 -0.000000 -0.987566
vn -0.157205 -0.000000 -0.987566
vn -0.607735 -0.000000 -0.794140
vn -0.607736 -0.000000 -0.794139
vn -0.946754 -0.000000 -0.321959
vn -0.946754 -0.000000 -0.321959
vn -0.995320 0.000000 0.096638
vn -0.995320 0.000000 0.096638
vn -0.156562 -0.000000 -0.987668
vn -0.156562 -0.000000 -0.987668
vn -0.639921 -0.000000 -0.768440
vn -0.639920 -0.000000 -0.768442
vn -0.960905 -0.000000 -0.276879
vn -0.960862 -0.000003 -0.277028
vn -0.999981 -0.000000 -0.006147
vn -0.999981 -0.000000 -0.006144
vn -0.998950 -0.000000 -0.045813
vn -0.998949 -0.000001 -0.045831
vn -0.962894 -0.000003 -0.269878
vn -0.962894 -0.000003 -0.269879
vn -0.691946 -0.000009 -0.721949
vn -0.692180 -0.000000 -0.721725
vn -0.185473 -0.000000 -0.982650
vn -0.185473 -0.000000 -0.982650
vn -1.000000 0.000000 0.000000
vn -1.000000 0.000000 0.000000
vn 0.000021 0.000012 1.000000
vn -0.000000 0.000000 1.000000
vn 1.000000 0.000000 0.000000
vn 1.000000 0.000000 0.000000
vn 0.000000 -0.000000 -1.000000
vn -0.000000 -0.000000 -1.000000
vn -0.157205 -0.000000 -0.987566
vn -0.157205 -0.000000 -0.987566
vn -0.607736 -0.000000 -0.794139
vn -0.607735 -0.000000 -0.794140
vn -0.946754 -0.000000 -0.321959
vn -0.946754 -0.000000 -0.321958
vn -0.995320 0.000000 0.096638
vn -0.995320 0.000000 0.096638
vn -0.156562 -0.000000 -0.987668
vn -0.156562 -0.000000 -0.987668
vn -0.639920 -0.000000 -0.768442
vn -0.639920 -0.000000 -0.768442
vn -0.960862 -0.000000 -0.277028
vn -0.960862 -0.000000 -0.277028
vn -0.999981 -0.000000 -0.006144
vn -0.999981 -0.000000 -0.006144
vn -0.998949 -0.000000 -0.045831
vn -0.998949 -0.000000 -0.045831
vn -0.962894 -0.000000 -0.269879
vn -0.962894 -0.000000 -0.269879
vn -0.692180 -0.000000 -0.721725
vn -0.692180 -0.000000 -0.721725
vn -0.185473 -0.000000 -0.982649
vn -0.185473 -0.000000 -0.982649
vn -1.000000 0.000000 0.000000
vn -1.000000 0.000000 0.000000
vn 0.000000 0.000000 1.000000
vn -0.000000 0.000000 1.000000
vn 1.000000 0.000000 0.000000
vn 1.000000 0.000012 -0.000007
vn 0.000000 -0.000012 -1.000000
vn -0.000037 -0.000000 -1.000000
vn -0.157205 -0.000000 -0.987566
vn -0.157046 -0.000012 -0.987591
vn -0.607735 -0.000010 -0.794140
vn -0.607736 -0.000010 -0.794139
vn -0.946754 -0.000004 -0.321958
vn -0.946754 -0.000004 -0.321959
vn -0.995320 0.000001 0.096638
vn -0.995417 -0.000011 0.095630
vn -0.156562 -0.000014 -0.987668
vn -0.156613 -0.000012 -0.987660
vn -0.639920 -0.000009 -0.768442
vn -0.639920 -0.000009 -0.768442
vn -0.960862 -0.000003 -0.277028
vn -0.960905 -0.000000 -0.276878
vn -0.999981 -0.000000 -0.006144
vn -0.999978 -0.000012 -0.006650
vn -0.998949 -0.000012 -0.045831
vn -0.998967 -0.000000 -0.045438
vn -0.962894 -0.000000 -0.269879
vn -0.962894 -0.000000 -0.269879
vn -0.692180 -0.000000 -0.721725
vn -0.692180 -0.000000 -0.721725
vn -0.185473 -0.000000 -0.982649
vn -0.185110 -0.000014 -0.982718
vn -1.000000 -0.000012 -0.000000
vn -1.000000 0.000000 0.000008
vn 0.000000 0.000000 1.000000
vn -0.000000 0.000000 1.000000
vn 1.000000 0.000000 -0.000007
vn 1.000000 -0.000000 -0.000007
vn -0.000037 -0.000000 -1.000000
vn -0.000000 -0.000012 -1.000000
vn -0.157046 -0.000012 -0.987591
vn -0.157204 -0.000000 -0.987566
vn -0.607736 -0.000000 -0.794139
vn -0.607736 -0.000000 -0.794139
vn -0.946754 -0.000000 -0.321959
vn -0.946754 -0.000000 -0.321959
vn -0.995417 0.000000 0.095630
vn -0.995417 0.000000 0.095630
vn -0.156613 -0.000000 -0.987660
vn -0.156613 -0.000000 -0.987660
vn -0.639920 -0.000000 -0.768442
vn -0.639662 -0.000008 -0.768656
vn -0.960905 -0.000012 -0.276878
vn -0.961053 -0.000000 -0.276363
vn -0.999978 -0.000000 -0.006650
vn -0.999978 -0.000000 -0.006650
vn -0.998967 -0.000000 -0.045438
vn -0.998967 -0.000000 -0.045438
vn -0.962894 -0.000000 -0.269879
vn -0.962781 -0.000012 -0.270282
vn -0.692180 -0.000008 -0.721725
vn -0.692180 -0.000008 -0.721725
vn -0.185110 -0.000002 -0.982718
vn -0.185167 -0.000000 -0.982707
vn -1.000000 0.000000 0.000008
vn -1.000000 0.000000 0.000008
vn 0.000000 0.000000 1.000000
vn -0.000000 0.000000 1.000000
vn 1.000000 -0.000000 -0.000007
vn 1.000000 -0.000000 -0.000007
vn 0.000000 -0.000000 -1.000000
vn -0.000000 -0.000000 -1.000000
vn -0.157204 -0.000000 -0.987566
vn -0.157204 -0.000000 -0.987566
vn -0.607736 -0.000000 -0.794139
vn -0.607915 0.000009 -0.794002
vn -0.946754 0.000004 -0.321959
vn -0.946754 0.000004 -0.321959
vn -0.995417 -0.000001 0.095630
vn -0.995417 -0.000001 0.095631
vn -0.156613 0.000011 -0.987660
vn -0.156614 0.000011 -0.987660
vn -0.639662 0.000009 -0.768656
vn -0.639663 0.000009 -0.768655
vn -0.961053 0.000003 -0.276363
vn -0.961010 -0.000000 -0.276514
vn -0.999978 -0.000000 -0.006650
vn -0.999978 -0.000000 -0.006650
vn -0.998967 -0.000000 -0.045438
vn -0.998967 -0.000000 -0.045438
vn -0.962781 -0.000000 -0.270282
vn -0.962781 -0.000000 -0.270283
vn -0.692180 -0.000000 -0.721725
vn -0.692181 -0.000000 -0.721724
vn -0.185167 -0.000000 -0.982707
vn -0.185471 0.000011 -0.982650
vn -1.000000 -0.000000 0.000008
vn -1.000000 0.000000 0.000008
vn 0.000000 0.000000 1.000000
vn -0.000000 0.000000 1.000000
vn 1.000000 -0.000000 -0.000007
vn 1.000000 0.000000 -0.000007
vn 0.000000 -0.000000 -1.000000
vn -0.000000 -0.000000 -1.000000
vn -0.157204 -0.000000 -0.987566
vn -0.157204 -0.000000 -0.987566
vn -0.607915 -0.000000 -0.794002
vn -0.607736 -0.000010 -0.794139
vn -0.946754 -0.000004 -0.321959
vn -0.946754 -0.000004 -0.321959
vn -0.995417 0.000001 0.095631
vn -0.995417 0.000001 0.095631
vn -0.156614 -0.000012 -0.987660
vn -0.156613 -0.000012 -0.987660
vn -0.639663 -0.000009 -0.768655
vn -0.639977 -0.000000 -0.768394
vn -0.961010 -0.000000 -0.276514
vn -0.961010 -0.000000 -0.276514
vn -0.999978 -0.000000 -0.006650
vn -0.999978 -0.000000 -0.006650
vn -0.998967 -0.000000 -0.045438
vn -0.998967 -0.000000 -0.045438
vn -0.962781 -0.000000 -0.270283
vn -0.962781 -0.000000 -0.270283
vn -0.692181 -0.000000 -0.721724
vn -0.692181 -0.000000 -0.721724
vn -0.185471 -0.000000 -0.982650
vn -0.185166 -0.000012 -0.982707
vn -1.000000 0.000000 0.000008
vn -1.000000 0.000000 0.000008
vn 0.000000 0.000000 1.000000
vn -0.000000 0.000000 1.000000
vn 1.000000 0.000000 -0.000007
vn 1.000000 -0.000000 -0.000007
vn 0.000000 -0.000000 -1.000000
vn -0.000000 -0.000000 -1.000000
vn -0.157204 -0.000000 -0.987566
vn -0.157204 -0.000000 -0.987566
vn -0.607736 -0.000000 -0.794139
vn -0.607736 -0.000000 -0.794139
vn -0.946754 -0.000000 -0.321959
vn -0.946754 -0.000000 -0.321959
vn -0.995417 0.000000 0.095631
vn -0.995417 0.000000 0.095631
vn -0.156613 -0.000000 -0.987660
vn -0.156613 -0.000000 -0.987660
vn -0.639977 -0.000000 -0.768394
vn -0.639662 -0.000009 -0.768656
vn -0.961010 -0.000003 -0.276514
vn -0.961053 -0.000000 -0.276363
vn -0.999978 -0.000000 -0.006650
vn -0.999978 -0.000000 -0.006650
vn -0.998967 -0.000000 -0.045438
vn -0.998967 -0.000000 -0.045438
vn -0.962781 -0.000000 -0.270283
vn -0.962781 -0.000000 -0.270282
vn -0.692181 -0.000000 -0.721724
vn -0.692180 -0.000000 -0.721725
vn -0.185166 -0.000000 -0.982707
vn -0.185167 -0.000000 -0.982707
vn -1.000000 0.000000 0.000008
vn -1.000000 0.000000 0.000008
vn 0.000000 0.000000 1.000000
vn 0.000021 0.000012 1.000000
vn 1.000000 -0.000000 -0.000007
vn 1.000000 0.000000 -0.000007
vn 0.000000 -0.000000 -1.000000
vn -0.000000 -0.000000 -1.000000
vn -0.157204 -0.000000 -0.987566
vn -0.157204 -0.000000 -0.987566
vn -0.607736 -0.000000 -0.794139
vn -0.607736 -0.000000 -0.794139
vn -0.946754 -0.000000 -0.321959
vn -0.946754 -0.000000 -0.321959
vn -0.995417 0.000000 0.095631
vn -0.995417 0.000000 0.095631
vn -0.156613 -0.000000 -0.987660
vn -0.156613 -0.000000 -0.987660
vn -0.639662 -0.000000 -0.768656
vn -0.639662 -0.000000 -0.768656
vn -0.961053 -0.000000 -0.276363
vn -0.961053 -0.000000 -0.276363
vn -0.999978 -0.000000 -0.006650
vn -0.999978 -0.000000 -0.006650
vn -0.998967 -0.000000 -0.045438
vn -0.998967 -0.000000 -0.045438
vn -0.962781 -0.000000 -0.270282
vn -0.962781 -0.000000 -0.270282
vn -0.692180 -0.000000 -0.721725
vn -0.692180 -0.000000 -0.721725
vn -0.185167 -0.000000 -0.982707
vn -0.185167 -0.000000 -0.982707
vn -1.000000 0.000000 0.000008
vn -1.000000 0.000000 0.000008
vn 0.000021 0.000012 1.000000
vn -0.000000 0.000000 1.000000
vn 1.000000 -0.000000 -0.000007
vn 1.000000 -0.000000 -0.000007
vn 0.000000 -0.000000 -1.000000
vn -0.000000 -0.000000 -1.000000
vn -0.157204 -0.000000 -0.987566
vn -0.157204 -0.000000 -0.987566
vn -0.607736 -0.000000 -0.794139
vn -0.607736 -0.000000 -0.794139
vn -0.946754 -0.000000 -0.321959
vn -0.946754 -0.000000 -0.321959
vn -0.995417 0.000000 0.095631
vn -0.995417 0.000000 0.095631
vn -0.156613 -0.000000 -0.987660
vn -0.156613 -0.000000 -0.987660
vn -0.639662 -0.000000 -0.768656
vn -0.639662 -0.000000 -0.768656
vn -0.961053 -0.000000 -0.276363
vn -0.961053 -0.000000 -0.276363
vn -0.999978 -0.000000 -0.006650
vn -0.999978 -0.000000 -0.006654
vn -0.998967 -0.000001 -0.045438
vn -0.998967 -0.000001 -0.045438
vn -0.962781 -0.000003 -0.270282
vn -0.962781 -0.000003 -0.270282
vn -0.692180 -0.000009 -0.721725
vn -0.692181 -0.000009 -0.721724
vn -0.185167 -0.000012 -0.982707
vn -0.185471 -0.000000 -0.982650
vn -1.000000 0.000000 0.000008
vn -1.000000 0.000000 0.000008
vn 0.000000 0.000000 1.000000
vn -0.000000 0.000000 1.000000
vn 1.000000 0.000000 -0.000007
vn 1.000000 0.000000 -0.000007
vn 0.000000 -0.000000 -1.000000
vn -0.000000 -0.000000 -1.000000
vn -0.157204 -0.000000 -0.987566
vn -0.157204 -0.000000 -0.987566
vn -0.607736 -0.000000 -0.794139
vn -0.607736 -0.000000 -0.794139
vn -0.946754 -0.000000 -0.321959
vn -0.946754 -0.000000 -0.321959
vn -0.995417 0.000000 0.095631
vn -0.995417 0.000000 0.095630
vn -0.156613 -0.000000 -0.987660
vn -0.156613 -0.000000 -0.987660
vn -0.639662 -0.000000 -0.768656
vn -0.639662 -0.000000 -0.768656
vn -0.961053 -0.000000 -0.276363
vn -0.961053 -0.000000 -0.276363
vn -0.999978 -0.000000 -0.006654
vn -0.999978 -0.000000 -0.006654
vn -0.998967 -0.000000 -0.045438
vn -0.998967 -0.000000 -0.045438
vn -0.962781 -0.000000 -0.270282
vn -0.962781 -0.000000 -0.270282
vn -0.692181 -0.000000 -0.721724
vn -0.692181 -0.000000 -0.721724
vn -0.185471 -0.000000 -0.982650
vn -0.185471 -0.000000 -0.982650
vn -1.000000 0.000000 0.000008
vn -1.000000 0.000000 0.000008
vn 0.000000 0.000000 1.000000
vn -0.000000 0.000000 1.000000
vn 1.000000 -0.000000 -0.000007
vn 1.000000 -0.000000 -0.000007
vn 0.000000 -0.000012 -1.000000
vn -0.000037 -0.000000 -1.000000
vn -0.157204 -0.000000 -0.987566
vn -0.157204 -0.000000 -0.987566
vn -0.607736 -0.000000 -0.794139
vn -0.607736 -0.000000 -0.794139
vn -0.946754 -0.000000 -0.321959
vn -0.946754 -0.000000 -0.321959
vn -0.995417 0.000000 0.095630
vn -0.995417 0.000000 0.095631
vn -0.156613 -0.000000 -0.987660
vn -0.156614 -0.000000 -0.987660
vn -0.639662 -0.000000 -0.768656
vn -0.639662 -0.000000 -0.768656
vn -0.961053 -0.000000 -0.276363
vn -0.961010 -0.000003 -0.276513
vn -0.999978 -0.000000 -0.006654
vn -0.999978 -0.000000 -0.006650
vn -0.998967 -0.000000 -0.045438
vn -0.998967 -0.000000 -0.045438
vn -0.962781 -0.000000 -0.270282
vn -0.962781 -0.000000 -0.270282
vn -0.692181 -0.000000 -0.721724
vn -0.692181 -0.000000 -0.721724
vn -0.185471 -0.000000 -0.982650
vn -0.185471 -0.000000 -0.982650
vn -1.000000 0.000000 0.000008
vn -1.000000 -0.000012 0.000000
vn 0.000000 0.000000 1.000000
vn -0.000000 0.000000 1.000000
vn 1.000000 0.000012 -0.000007
vn 1.000000 0.000000 0.000000
vn -0.000037 -0.000000 -1.000000
vn -0.000037 -0.000000 -1.000000
vn -0.157204 -0.000000 -0.987566
vn -0.157204 -0.000000 -0.987566
vn -0.607736 -0.000000 -0.794139
vn -0.607736 -0.000000 -0.794139
vn -0.946754 -0.000000 -0.321959
vn -0.946754 -0.000000 -0.321959
vn -0.995417 0.000000 0.095631
vn -0.995417 0.000000 0.095631
vn -0.156614 -0.000000 -0.987660
vn -0.156613 -0.000000 -0.987660
vn -0.639662 -0.000000 -0.768656
vn -0.639663 -0.000000 -0.768655
vn -0.961010 -0.000000 -0.276513
vn -0.961010 -0.000000 -0.276514
vn -0.999978 -0.000000 -0.006650
vn -0.999978 -0.000000 -0.006650
vn -0.998967 -0.000000 -0.045438
vn -0.998967 -0.000000 -0.045438
vn -0.962781 -0.000000 -0.270282
vn -0.962781 -0.000000 -0.270283
vn -0.692181 -0.000000 -0.721724
vn -0.692182 -0.000000 -0.721723
vn -0.185471 -0.000000 -0.982650
vn -0.185470 -0.000000 -0.982650
vn -1.000000 0.000000 0.000000
vn -1.000000 0.000000 0.000000
vn 0.000000 0.000000 1.000000
vn -0.000000 0.000000 1.000000
vn 1.000000 0.000000 0.000000
vn 1.000000 0.000000 0.000000
vn -0.000037 -0.000000 -1.000000
vn 0.000000 -0.000012 -1.000000
vn -0.157204 -0.000012 -0.987566
vn -0.157205 -0.000012 -0.987566
vn -0.607736 -0.000010 -0.794139
vn -0.607916 -0.000000 -0.794001
vn -0.946754 -0.000000 -0.321959
vn -0.946754 -0.000000 -0.321959
vn -0.995417 0.000000 0.095631
vn -0.995407 0.000001 0.095729
vn -0.156613 -0.000012 -0.987660
vn -0.156614 -0.000012 -0.987660
vn -0.639663 -0.000009 -0.768655
vn -0.639662 -0.000009 -0.768656
vn -0.961010 -0.000003 -0.276514
vn -0.961053 -0.000000 -0.276364
vn -0.999978 -0.000000 -0.006650
vn -0.999978 -0.000000 -0.006650
vn -0.998967 -0.000000 -0.045438
vn -0.998967 -0.000000 -0.045438
vn -0.962781 -0.000000 -0.270283
vn -0.962781 -0.000000 -0.270282
vn -0.692182 -0.000000 -0.721723
vn -0.692182 -0.000000 -0.721723
vn -0.185470 -0.000000 -0.982650
vn -0.185470 -0.000000 -0.982650
vn -1.000000 0.000000 0.000000
vn -1.000000 0.000000 0.000000
vn 0.000000 0.000000 1.000000
vn -0.000000 0.000000 1.000000
vn 1.000000 0.000000 0.000000
vn 1.000000 0.000000 0.000000
vn -0.000000 0.000012 -1.000000
vn 0.000000 0.000012 -1.000000
vn -0.157205 0.000012 -0.987566
vn -0.157204 0.000012 -0.987566
vn -0.607916 0.000010 -0.794002
vn -0.607736 -0.000000 -0.794139
vn -0.946754 -0.000000 -0.321959
vn -0.946754 -0.000000 -0.321959
vn -0.995407 0.000000 0.095729
vn -0.995407 0.000000 0.095729
vn -0.156614 -0.000000 -0.987660
vn -0.156614 -0.000000 -0.987660
vn -0.639662 -0.000000 -0.768656
vn -0.639661 -0.000000 -0.768658
vn -0.961053 -0.000000 -0.276364
vn -0.961053 -0.000000 -0.276363
vn -0.999978 -0.000000 -0.006650
vn -0.999978 -0.000000 -0.006650
vn -0.998967 -0.000000 -0.045438
vn -0.998967 -0.000000 -0.045438
vn -0.962781 -0.000000 -0.270282
vn -0.962781 -0.000000 -0.270282
vn -0.692182 -0.000000 -0.721723
vn -0.692181 -0.000000 -0.721724
vn -0.185470 -0.000000 -0.982650
vn -0.185471 -0.000000 -0.982650
vn -1.000000 0.000000 0.000000
vn -1.000000 0.000000 0.000000
vn -0.000000 0.000000 1.000000
vn -0.000000 0.000000 1.000000
vn 1.000000 0.000000 0.000000
vn 1.000000 0.000000 0.000000
vn 0.000000 -0.000000 -1.000000
vn -0.000000 -0.000000 -1.000000
vn -0.157204 -0.000000 -0.987566
vn -0.157046 -0.000012 -0.987591
vn -0.607736 -0.000010 -0.794139
vn -0.607736 -0.000010 -0.794139
vn -0.946754 -0.000004 -0.321959
vn -0.946800 -0.000000 -0.321823
vn -0.995407 0.000000 0.095729
vn -0.995407 0.000000 0.095729
vn -0.156614 -0.000000 -0.987660
vn -0.156614 -0.000000 -0.987660
vn -0.639660 -0.000000 -0.768658
vn -0.639661 -0.000000 -0.768658
vn -0.961053 -0.000000 -0.276363
vn -0.961053 -0.000000 -0.276363
vn -0.999978 -0.000000 -0.006650
vn -0.999978 -0.000000 -0.006650
vn -0.998967 -0.000000 -0.045438
vn -0.998967 -0.000000 -0.045438
vn -0.962781 -0.000000 -0.270282
vn -0.962781 -0.000000 -0.270282
vn -0.692181 -0.000000 -0.721724
vn -0.692181 -0.000000 -0.721724
vn -0.185471 -0.000000 -0.982650
vn -0.185471 -0.000000 -0.982650
vn -1.000000 0.000000 0.000000
vn -1.000000 0.000000 0.000000
vn 0.000000 0.000000 1.000000
vn 0.000021 0.000012 1.000000
vn 1.000000 0.000000 0.000000
vn 1.000000 0.000000 0.000000
vn 0.000000 -0.000012 -1.000000
vn -0.000000 -0.000012 -1.000000
vn -0.157046 -0.000012 -0.987591
vn -0.157204 -0.000000 -0.987566
vn -0.607736 -0.000000 -0.794139
vn -0.607736 -0.000000 -0.794139
vn -0.946800 -0.000000 -0.321823
vn -0.946754 -0.000004 -0.321959
vn -0.995407 0.000001 0.095729
vn -0.995417 0.000000 0.095630
vn -0.156614 -0.000000 -0.987660
vn -0.156614 -0.000000 -0.987660
vn -0.639661 -0.000000 -0.768658
vn -0.639661 -0.000000 -0.768658
vn -0.961053 -0.000000 -0.276363
vn -0.961053 -0.000000 -0.276363
vn -0.999978 -0.000000 -0.006650
vn -0.999978 -0.000000 -0.006650
vn -0.998967 -0.000000 -0.045438
vn -0.998967 -0.000000 -0.045438
vn -0.962781 -0.000000 -0.270282
vn -0.962749 -0.000003 -0.270397
vn -0.692181 -0.000009 -0.721724
vn -0.692181 -0.000009 -0.721724
vn -0.185471 -0.000012 -0.982650
vn -0.185473 -0.000012 -0.982649
vn -1.000000 0.000000 0.000000
vn -1.000000 0.000000 0.000000
vn 0.000021 0.000000 1.000000
vn 0.000021 -0.000000 1.000000
vn 1.000000 0.000000 -0.000000
vn 1.000000 0.000000 0.000000
vn -0.000000 -0.000000 -1.000000
vn 0.000000 -0.000000 -1.000000
vn -0.157204 -0.000000 -0.987566
vn -0.157204 -0.000000 -0.987566
vn -0.607736 -0.000000 -0.794139
vn -0.607736 -0.000000 -0.794139
vn -0.946754 -0.000012 -0.321959
vn -0.946620 -0.000000 -0.322353
vn -0.995417 0.000000 0.095630
vn -0.995320 -0.000012 0.096638
vn -0.156614 -0.000000 -0.987660
vn -0.156614 -0.000000 -0.987660
vn -0.639661 -0.000000 -0.768658
vn -0.639661 -0.000000 -0.768658
vn -0.961053 -0.000000 -0.276363
vn -0.961053 -0.000000 -0.276363
vn -0.999978 -0.000000 -0.006650
vn -0.999978 -0.000000 -0.006654
vn -0.998967 -0.000001 -0.045438
vn -0.998967 -0.000001 -0.045438
vn -0.962749 -0.000012 -0.270397
vn -0.962668 -0.000003 -0.270686
vn -0.692181 -0.000000 -0.721724
vn -0.692402 -0.000009 -0.721512
vn -0.185473 -0.000000 -0.982649
vn -0.185473 -0.000000 -0.982649
vn 0.157230 -0.000000 -0.987562
vn 0.157230 -0.000000 -0.987562
vn 0.946624 -0.000000 -0.322340
vn 0.946624 -0.000000 -0.322340
vn 0.156611 -0.000000 -0.987660
vn 0.156611 -0.000000 -0.987660
vn 0.960856 0.000012 -0.277047
vn 0.960905 0.000008 -0.276878
vn 0.998949 0.000013 -0.045831
vn 0.998968 -0.000000 -0.045411
vn 0.692418 -0.000009 -0.721496
vn 0.692184 -0.000000 -0.721721
vn 1.000000 0.000012 0.000000
vn 1.000000 0.000012 0.000000
vn -1.000000 0.000000 0.000000
vn -1.000000 0.000000 0.000000
vn 0.106947 0.021272 0.994037
vn 0.106952 0.021265 0.994037
vn 0.980240 0.194898 0.033810
vn 0.980219 0.194998 0.033849
vn 0.363406 0.072477 -0.928807
vn 0.363232 0.072235 -0.928894
vn 0.417774 0.083082 -0.904744
vn 0.417759 0.083065 -0.904753
vn 0.527083 0.104803 -0.843327
vn 0.527106 0.104824 -0.843310
vn 0.680009 0.135232 -0.720625
vn 0.680027 0.135248 -0.720605
vn 0.837032 0.166474 -0.521214
vn 0.837034 0.166478 -0.521209
vn 0.942900 0.187533 -0.275264
vn 0.942910 0.187558 -0.275216
vn 0.979760 0.194888 -0.045706
vn 0.979762 0.194868 -0.045743
vn 0.963281 0.191590 0.188103
vn 0.963250 0.191642 0.188210
vn 0.838947 0.166911 0.517985
vn 0.838986 0.166889 0.517929
vn 0.591535 0.117666 0.797647
vn 0.591528 0.117669 0.797652
vn 0.337437 0.067124 0.938952
vn 0.337478 0.067107 0.938938
vn 0.158888 0.031595 0.986791
vn 0.158851 0.031619 0.986796
vn 0.055352 0.011018 0.998406
vn 0.055361 0.011007 0.998406
vn 0.008880 0.001766 0.999959
vn 0.090668 0.060581 0.994037
vn 0.090657 0.060587 0.994038
vn 0.830943 0.555327 0.033849
vn 0.831068 0.555146 0.033765
vn 0.307958 0.205713 -0.928894
vn 0.307968 0.205757 -0.928881
vn 0.354145 0.236608 -0.904764
vn 0.354186 0.236718 -0.904719
vn 0.446822 0.298630 -0.843309
vn 0.446798 0.298578 -0.843340
vn 0.576501 0.385254 -0.720573
vn 0.576463 0.385172 -0.720647
vn 0.709596 0.474126 -0.521227
vn 0.709602 0.474147 -0.521199
vn 0.799356 0.534119 -0.275221
vn 0.799357 0.534087 -0.275280
vn 0.830611 0.554970 -0.045757
vn 0.830587 0.555015 -0.045659
vn 0.816591 0.545663 0.188231
vn 0.816691 0.545589 0.188011
vn 0.711300 0.475183 0.517932
vn 0.711151 0.475203 0.518119
vn 0.501476 0.335095 0.797642
vn 0.501603 0.335099 0.797560
vn 0.286099 0.191130 0.938944
vn 0.286037 0.191131 0.938963
vn 0.134678 0.089992 0.986795
vn 0.134669 0.089994 0.986796
vn 0.046929 0.031361 0.998406
vn 0.046917 0.031366 0.998406
vn 0.007527 0.005032 0.999959
vn 0.060578 0.090666 0.994037
vn 0.060592 0.090664 0.994037
vn 0.555330 0.830944 0.033767
vn 0.555142 0.831066 0.033852
vn 0.205734 0.307990 -0.928879
vn 0.205741 0.307944 -0.928892
vn 0.236668 0.354233 -0.904714
vn 0.236670 0.354161 -0.904741
vn 0.298562 0.446778 -0.843356
vn 0.298565 0.446858 -0.843313
vn 0.385179 0.576493 -0.720620
vn 0.385179 0.576474 -0.720635
vn 0.474136 0.709611 -0.521198
vn 0.474138 0.709587 -0.521229
vn 0.534110 0.799341 -0.275282
vn 0.534096 0.799373 -0.275217
vn 0.554971 0.830616 -0.045659
vn 0.555015 0.830580 -0.045768
vn 0.545689 0.816624 0.188014
vn 0.545624 0.816640 0.188133
vn 0.475162 0.711179 0.518117
vn 0.475238 0.711199 0.518019
vn 0.335153 0.501560 0.797565
vn 0.335120 0.501545 0.797588
vn 0.191125 0.286041 0.938963
vn 0.191137 0.286045 0.938959
vn 0.089989 0.134673 0.986795
vn 0.090032 0.134683 0.986790
vn 0.031364 0.046919 0.998406
vn 0.031367 0.046919 0.998406
vn 0.005032 0.007527 0.999959
vn 0.021272 0.106950 0.994037
vn 0.021264 0.106947 0.994037
vn 0.194895 0.980240 0.033849
vn 0.195002 0.980220 0.033807
vn 0.072259 0.363223 -0.928896
vn 0.072241 0.363251 -0.928887
vn 0.083083 0.417767 -0.904747
vn 0.083077 0.417782 -0.904741
vn 0.104817 0.527112 -0.843307
vn 0.104831 0.527075 -0.843328
vn 0.135247 0.680006 -0.720625
vn 0.135247 0.680008 -0.720623
vn 0.166478 0.837034 -0.521210
vn 0.166478 0.837034 -0.521210
vn 0.187536 0.942915 -0.275213
vn 0.187560 0.942893 -0.275273
vn 0.194893 0.979757 -0.045757
vn 0.194933 0.979745 -0.045837
vn 0.191655 0.963271 0.188087
vn 0.191567 0.963258 0.188246
vn 0.166841 0.838925 0.518043
vn 0.166884 0.838959 0.517975
vn 0.117683 0.591613 0.797587
vn 0.117611 0.591536 0.797655
vn 0.067089 0.337427 0.938958
vn 0.067097 0.337436 0.938954
vn 0.031593 0.158886 0.986791
vn 0.031596 0.158888 0.986791
vn 0.011007 0.055353 0.998406
vn 0.011007 0.055352 0.998406
vn 0.001766 0.008880 0.999959
vn -0.021271 0.106947 0.994037
vn -0.021265 0.106953 0.994037
vn -0.194895 0.980241 0.033808
vn -0.195003 0.980218 0.033850
vn -0.072264 0.363250 -0.928885
vn -0.072237 0.363231 -0.928895
vn -0.083086 0.417782 -0.904740
vn -0.083063 0.417760 -0.904753
vn -0.104798 0.527077 -0.843331
vn -0.104828 0.527109 -0.843307
vn -0.135236 0.680009 -0.720624
vn -0.135250 0.680025 -0.720607
vn -0.166478 0.837034 -0.521210
vn -0.166478 0.837034 -0.521210
vn -0.187533 0.942897 -0.275274
vn -0.187563 0.942909 -0.275214
vn -0.194892 0.979753 -0.045837
vn -0.194934 0.979748 -0.045757
vn -0.191650 0.963242 0.188243
vn -0.191560 0.963296 0.188057
vn -0.166836 0.838966 0.517979
vn -0.166873 0.838902 0.518071
vn -0.117667 0.591532 0.797649
vn -0.117630 0.591630 0.797582
vn -0.067090 0.337436 0.938955
vn -0.067095 0.337425 0.938958
vn -0.031594 0.158888 0.986791
vn -0.031595 0.158885 0.986791
vn -0.011007 0.055352 0.998406
vn -0.011007 0.055353 0.998406
vn -0.001766 0.008880 0.999959
vn -0.060580 0.090669 0.994037
vn -0.060587 0.090657 0.994037
vn -0.555326 0.830944 0.033852
vn -0.555138 0.831073 0.033765
vn -0.205709 0.307957 -0.928895
vn -0.205759 0.307969 -0.928880
vn -0.236609 0.354144 -0.904764
vn -0.236718 0.354185 -0.904720
vn -0.298634 0.446826 -0.843305
vn -0.298502 0.446765 -0.843385
vn -0.385199 0.576524 -0.720584
vn -0.385218 0.576533 -0.720567
vn -0.474125 0.709595 -0.521230
vn -0.474148 0.709602 -0.521199
vn -0.534121 0.799357 -0.275215
vn -0.534086 0.799358 -0.275280
vn -0.554968 0.830612 -0.045768
vn -0.555018 0.830584 -0.045659
vn -0.545685 0.816617 0.188055
vn -0.545670 0.816637 0.188011
vn -0.475200 0.711173 0.518091
vn -0.475203 0.711149 0.518121
vn -0.335137 0.501537 0.797586
vn -0.335138 0.501571 0.797564
vn -0.191130 0.286048 0.938960
vn -0.191130 0.286036 0.938964
vn -0.090003 0.134695 0.986791
vn -0.090011 0.134653 0.986796
vn -0.031364 0.046920 0.998406
vn -0.031366 0.046917 0.998406
vn -0.005032 0.007527 0.999959
vn -0.090665 0.060579 0.994037
vn -0.090664 0.060591 0.994037
vn -0.830948 0.555324 0.033767
vn -0.831068 0.555139 0.033851
vn -0.307994 0.205735 -0.928877
vn -0.307945 0.205743 -0.928892
vn -0.354231 0.236667 -0.904715
vn -0.354116 0.236671 -0.904759
vn -0.446715 0.298559 -0.843391
vn -0.446851 0.298564 -0.843317
vn -0.576536 0.385214 -0.720567
vn -0.576529 0.385214 -0.720572
vn -0.709612 0.474135 -0.521198
vn -0.709584 0.474137 -0.521234
vn -0.799340 0.534111 -0.275282
vn -0.799370 0.534098 -0.275222
vn -0.830614 0.554974 -0.045659
vn -0.830583 0.555012 -0.045752
vn -0.816626 0.545686 0.188012
vn -0.816641 0.545627 0.188120
vn -0.711179 0.475164 0.518115
vn -0.711198 0.475235 0.518024
vn -0.501557 0.335149 0.797568
vn -0.501541 0.335114 0.797593
vn -0.286043 0.191125 0.938963
vn -0.286048 0.191138 0.938958
vn -0.134674 0.089989 0.986795
vn -0.134683 0.090031 0.986790
vn -0.046919 0.031364 0.998406
vn -0.046919 0.031367 0.998406
vn -0.007527 0.005032 0.999959
vn -0.106950 0.021272 0.994037
vn -0.106947 0.021265 0.994037
vn -0.980238 0.194904 0.033848
vn -0.980221 0.194998 0.033812
vn -0.363159 0.072428 -0.928908
vn -0.363412 0.072271 -0.928821
vn -0.417754 0.083078 -0.904754
vn -0.417775 0.083068 -0.904745
vn -0.527109 0.104808 -0.843310
vn -0.527082 0.104818 -0.843326
vn -0.680038 0.135235 -0.720597
vn -0.680008 0.135246 -0.720623
vn -0.837029 0.166476 -0.521218
vn -0.837029 0.166476 -0.521219
vn -0.942914 0.187536 -0.275215
vn -0.942898 0.187553 -0.275258
vn -0.979759 0.194885 -0.045739
vn -0.979744 0.194937 -0.045841
vn -0.963272 0.191659 0.188077
vn -0.963259 0.191570 0.188237
vn -0.838924 0.166843 0.518045
vn -0.838954 0.166882 0.517983
vn -0.591607 0.117681 0.797592
vn -0.591536 0.117615 0.797654
vn -0.337429 0.067091 0.938957
vn -0.337439 0.067101 0.938953
vn -0.158886 0.031595 0.986791
vn -0.158888 0.031597 0.986791
vn -0.055353 0.011008 0.998406
vn -0.055352 0.011005 0.998406
vn -0.008880 0.001766 0.999959
vn -0.106947 -0.021272 0.994037
vn -0.106952 -0.021266 0.994037
vn -0.980238 -0.194909 0.033812
vn -0.980217 -0.195009 0.033851
vn -0.363411 -0.072299 -0.928819
vn -0.363389 -0.072269 -0.928830
vn -0.417774 -0.083085 -0.904744
vn -0.417768 -0.083077 -0.904748
vn -0.527082 -0.104816 -0.843326
vn -0.527102 -0.104834 -0.843311
vn -0.680008 -0.135245 -0.720624
vn -0.680012 -0.135249 -0.720619
vn -0.837028 -0.166478 -0.521218
vn -0.837028 -0.166478 -0.521218
vn -0.942901 -0.187536 -0.275259
vn -0.942910 -0.187557 -0.275216
vn -0.979754 -0.194886 -0.045842
vn -0.979748 -0.194940 -0.045739
vn -0.963243 -0.191655 0.188234
vn -0.963289 -0.191578 0.188074
vn -0.838958 -0.166851 0.517986
vn -0.838915 -0.166876 0.518049
vn -0.591532 -0.117667 0.797649
vn -0.591623 -0.117634 0.797587
vn -0.337439 -0.067094 0.938953
vn -0.337426 -0.067099 0.938958
vn -0.158888 -0.031596 0.986791
vn -0.158885 -0.031598 0.986791
vn -0.055352 -0.011008 0.998406
vn -0.055354 -0.011006 0.998406
vn -0.008880 -0.001766 0.999959
vn -0.090668 -0.060581 0.994037
vn -0.090657 -0.060587 0.994037
vn -0.830946 -0.555323 0.033852
vn -0.831071 -0.555141 0.033768
vn -0.308093 -0.205801 -0.928830
vn -0.308104 -0.205849 -0.928815
vn -0.354176 -0.236630 -0.904746
vn -0.354201 -0.236698 -0.904718
vn -0.446839 -0.298604 -0.843309
vn -0.446804 -0.298529 -0.843354
vn -0.576483 -0.385173 -0.720631
vn -0.576490 -0.385188 -0.720617
vn -0.709593 -0.474122 -0.521235
vn -0.709601 -0.474149 -0.521199
vn -0.799355 -0.534121 -0.275221
vn -0.799356 -0.534089 -0.275280
vn -0.830610 -0.554972 -0.045753
vn -0.830587 -0.555015 -0.045659
vn -0.816609 -0.545675 0.188118
vn -0.816658 -0.545639 0.188010
vn -0.711222 -0.475193 0.518029
vn -0.711150 -0.475203 0.518120
vn -0.501532 -0.335132 0.797591
vn -0.501571 -0.335134 0.797566
vn -0.286052 -0.191131 0.938959
vn -0.286037 -0.191131 0.938963
vn -0.134695 -0.090003 0.986791
vn -0.134653 -0.090011 0.986796
vn -0.046921 -0.031365 0.998406
vn -0.046916 -0.031367 0.998406
vn -0.007527 -0.005032 0.999959
vn -0.060578 -0.090665 0.994037
vn -0.060591 -0.090664 0.994037
vn -0.555327 -0.830946 0.033769
vn -0.555136 -0.831070 0.033856
vn -0.205822 -0.308128 -0.928813
vn -0.205831 -0.308077 -0.928829
vn -0.236667 -0.354231 -0.904715
vn -0.236671 -0.354115 -0.904759
vn -0.298598 -0.446772 -0.843347
vn -0.298601 -0.446842 -0.843309
vn -0.385206 -0.576443 -0.720646
vn -0.385209 -0.576519 -0.720583
vn -0.474136 -0.709611 -0.521198
vn -0.474138 -0.709587 -0.521229
vn -0.534110 -0.799341 -0.275282
vn -0.534096 -0.799373 -0.275217
vn -0.554971 -0.830616 -0.045659
vn -0.555009 -0.830585 -0.045752
vn -0.545683 -0.816628 0.188011
vn -0.545608 -0.816647 0.188149
vn -0.475150 -0.711188 0.518116
vn -0.475246 -0.711213 0.517993
vn -0.335152 -0.501559 0.797566
vn -0.335031 -0.501504 0.797651
vn -0.191104 -0.286061 0.938961
vn -0.191164 -0.286085 0.938942
vn -0.089989 -0.134674 0.986795
vn -0.089999 -0.134676 0.986794
vn -0.031358 -0.046925 0.998406
vn -0.031370 -0.046924 0.998406
vn -0.005032 -0.007527 0.999959
vn -0.021272 -0.106950 0.994037
vn -0.021264 -0.106947 0.994037
vn -0.194895 -0.980240 0.033851
vn -0.195003 -0.980220 0.033809
vn -0.072290 -0.363380 -0.928832
vn -0.072273 -0.363409 -0.928822
vn -0.083080 -0.417752 -0.904755
vn -0.083072 -0.417772 -0.904746
vn -0.104814 -0.527114 -0.843306
vn -0.104824 -0.527087 -0.843321
vn -0.135239 -0.680028 -0.720606
vn -0.135247 -0.680008 -0.720623
vn -0.166478 -0.837034 -0.521210
vn -0.166478 -0.837034 -0.521210
vn -0.187536 -0.942915 -0.275213
vn -0.187560 -0.942893 -0.275273
vn -0.194893 -0.979757 -0.045739
vn -0.194870 -0.979764 -0.045693
vn -0.191589 -0.963269 0.188165
vn -0.191634 -0.963276 0.188084
vn -0.166904 -0.838965 0.517958
vn -0.166882 -0.838948 0.517992
vn -0.117665 -0.591524 0.797656
vn -0.117672 -0.591532 0.797649
vn -0.067132 -0.337471 0.938939
vn -0.067097 -0.337436 0.938954
vn -0.031589 -0.158864 0.986795
vn -0.031627 -0.158891 0.986789
vn -0.011018 -0.055356 0.998406
vn -0.011006 -0.055351 0.998406
vn -0.001766 -0.008880 0.999959
vn 0.021271 -0.106947 0.994037
vn 0.021268 -0.106950 0.994037
vn 0.194930 -0.980234 0.033810
vn 0.195002 -0.980219 0.033838
vn 0.072295 -0.363408 -0.928821
vn 0.072269 -0.363389 -0.928830
vn 0.083084 -0.417771 -0.904745
vn 0.083080 -0.417768 -0.904747
vn 0.104820 -0.527087 -0.843322
vn 0.104837 -0.527105 -0.843308
vn 0.135248 -0.680008 -0.720623
vn 0.135246 -0.680006 -0.720625
vn 0.166478 -0.837034 -0.521210
vn 0.166478 -0.837034 -0.521210
vn 0.187533 -0.942897 -0.275274
vn 0.187563 -0.942909 -0.275214
vn 0.194893 -0.979760 -0.045693
vn 0.194869 -0.979762 -0.045739
vn 0.191592 -0.963284 0.188085
vn 0.191644 -0.963253 0.188194
vn 0.166913 -0.838944 0.517989
vn 0.166889 -0.838984 0.517932
vn 0.117667 -0.591532 0.797649
vn 0.117670 -0.591522 0.797656
vn 0.067125 -0.337435 0.938952
vn 0.067106 -0.337481 0.938937
vn 0.031594 -0.158891 0.986791
vn 0.031619 -0.158852 0.986796
vn 0.011018 -0.055351 0.998406
vn 0.011008 -0.055360 0.998406
vn 0.001766 -0.008880 0.999959
vn 0.060578 -0.090666 0.994037
vn 0.060579 -0.090665 0.994037
vn 0.555245 -0.830999 0.033814
vn 0.555144 -0.831069 0.033768
vn 0.205801 -0.308091 -0.928830
vn 0.205847 -0.308102 -0.928817
vn 0.236631 -0.354178 -0.904745
vn 0.236698 -0.354204 -0.904717
vn 0.298602 -0.446840 -0.843309
vn 0.298599 -0.446838 -0.843312
vn 0.385215 -0.576455 -0.720631
vn 0.385144 -0.576422 -0.720695
vn 0.474125 -0.709595 -0.521230
vn 0.474148 -0.709602 -0.521199
vn 0.534121 -0.799357 -0.275215
vn 0.534086 -0.799358 -0.275280
usemtl mat0
f 1//1 2//1 3//1
f 1//2 3//2 4//2
f 5//3 6//3 7//3
f 5//4 7//4 8//4
f 1//5 4//5 9//5
f 1//6 9//6 10//6
f 4//7 3//7 11//7
f 4//8 11//8 9//8
f 3//9 2//9 12//9
f 3//10 12//10 11//10
f 13//11 14//11 15//11
f 13//12 15//12 16//12
f 10//13 9//13 17//13
f 10//14 17//14 18//14
f 9//15 11//15 19//15
f 9//16 19//16 17//16
f 11//17 12//17 20//17
f 11//18 20//18 19//18
f 16//19 15//19 21//19
f 16//20 21//20 22//20
f 18//21 17//21 23//21
f 18//22 23//22 24//22
f 17//23 19//23 25//23
f 17//24 25//24 23//24
f 19//25 20//25 26//25
f 19//26 26//26 25//26
f 22//27 21//27 27//27
f 22//28 27//28 28//28
f 24//29 23//29 29//29
f 24//30 29//30 30//30
f 23//31 25//31 31//31
f 23//32 31//32 29//32
f 25//33 26//33 32//33
f 25//34 32//34 31//34
f 28//35 27//35 33//35
f 28//36 33//36 34//36
f 30//37 29//37 35//37
f 30//38 35//38 36//38
f 29//39 31//39 37//39
f 29//40 37//40 35//40
f 31//41 32//41 38//41
f 31//42 38//42 37//42
f 34//43 33//43 39//43
f 34//44 39//44 40//44
f 36//45 35//45 41//45
f 36//46 41//46 42//46
f 35//47 37//47 43//47
f 35//48 43//48 41//48
f 37//49 38//49 44//49
f 37//50 44//50 43//50
f 40//51 39//51 45//51
f 40//52 45//52 46//52
f 42//53 41//53 6//53
f 42//54 6//54 5//54
f 41//55 43//55 7//55
f 41//56 7//56 6//56
f 43//57 44//57 8//57
f 43//58 8//58 7//58
f 46//59 45//59 47//59
f 46//60 47//60 48//60
f 2//61 1//61 49//61
f 2//62 49//62 50//62
f 1//63 10//63 51//63
f 1//64 51//64 49//64
f 52//65 53//65 54//65
f 52//66 54//66 55//66
f 18//67 24//67 56//67
f 18//68 56//68 57//68
f 58//69 59//69 60//69
f 58//70 60//70 61//70
f 30//71 36//71 62//71
f 30//72 62//72 63//72
f 64//73 65//73 66//73
f 64//74 66//74 67//74
f 42//75 5//75 68//75
f 42//76 68//76 69//76
f 5//77 8//77 70//77
f 5//78 70//78 68//78
f 8//79 44//79 71//79
f 8//80 71//80 70//80
f 72//81 73//81 74//81
f 72//82 74//82 75//82
f 38//83 32//83 76//83
f 38//84 76//84 77//84
f 78//85 79//85 80//85
f 78//86 80//86 81//86
f 26//87 20//87 82//87
f 26//88 82//88 83//88
f 84//89 85//89 86//89
f 84//90 86//90 87//90
f 12//91 2//91 50//91
f 12//92 50//92 88//92
f 50//93 49//93 89//93
f 50//94 89//94 90//94
f 49//95 51//95 91//95
f 49//96 91//96 89//96
f 51//97 57//97 92//97
f 51//98 92//98 91//98
f 57//99 56//99 93//99
f 57//100 93//100 92//100
f 56//101 63//101 94//101
f 56//102 94//102 93//102
f 63//103 62//103 95//103
f 63//104 95//104 94//104
f 62//105 69//105 96//105
f 62//106 96//106 95//106
f 69//107 68//107 97//107
f 69//108 97//108 96//108
f 68//109 70//109 98//109
f 68//110 98//110 97//110
f 70//111 71//111 99//111
f 70//112 99//112 98//112
f 71//113 77//113 100//113
f 71//114 100//114 99//114
f 77//115 76//115 101//115
f 77//116 101//116 100//116
f 76//117 83//117 102//117
f 76//118 102//118 101//118
f 83//119 82//119 103//119
f 83//120 103//120 102//120
f 82//121 88//121 104//121
f 82//122 104//122 103//122
f 88//123 50//123 90//123
f 88//124 90//124 104//124
f 90//125 89//125 105//125
f 90//126 105//126 106//126
f 89//127 91//127 107//127
f 89//128 107//128 105//128
f 108//129 109//129 110//129
f 108//130 110//130 111//130
f 92//131 93//131 112//131
f 92//132 112//132 113//132
f 114//133 115//133 116//133
f 114//134 116//134 117//134
f 94//135 95//135 118//135
f 94//136 118//136 119//136
f 120//137 121//137 122//137
f 120//138 122//138 123//138
f 96//139 97//139 124//139
f 96//140 124//140 125//140
f 97//141 98//141 126//141
f 97//142 126//142 124//142
f 98//143 99//143 127//143
f 98//144 127//144 126//144
f 128//145 129//145 130//145
f 128//146 130//146 131//146
f 100//147 101//147 132//147
f 100//148 132//148 133//148
f 134//149 135//149 136//149
f 134//150 136//150 137//150
f 102//151 103//151 138//151
f 102//152 138//152 139//152
f 140//153 141//153 142//153
f 140//154 142//154 143//154
f 104//155 90//155 106//155
f 104//156 106//156 144//156
usemtl mat1
f 1441//157 1442//157 1666//157
f 1666//158 1665//158 1439//158
f 1666//159 1439//159 1441//159
f 1665//160 1664//160 1437//160
f 1665//161 1437//161 1439//161
f 1664//162 1663//162 1435//162
f 1664//163 1435//163 1437//163
f 1663//164 1662//164 1433//164
f 1663//165 1433//165 1435//165
f 1662//166 1661//166 1431//166
f 1662//167 1431//167 1433//167
f 1661//168 1660//168 1429//168
f 1661//169 1429//169 1431//169
f 1660//170 1659//170 1427//170
f 1660//171 1427//171 1429//171
f 1659//172 1658//172 1425//172
f 1659//173 1425//173 1427//173
f 1658//174 1657//174 1423//174
f 1658//175 1423//175 1425//175
f 1657//176 1656//176 1421//176
f 1657//177 1421//177 1423//177
f 1656//178 1655//178 1419//178
f 1656//179 1419//179 1421//179
f 1655//180 1654//180 1417//180
f 1655//181 1417//181 1419//181
f 1654//182 1653//182 1415//182
f 1654//183 1415//183 1417//183
f 1653//184 1651//184 1413//184
f 1653//185 1413//185 1415//185
f 1651//186 1652//186 1412//186
f 1651//187 1412//187 1413//187
usemtl mat0
f 106//188 105//188 14//188
f 106//189 14//189 13//189
f 105//190 107//190 15//190
f 105//191 15//191 14//191
f 107//192 113//192 21//192
f 107//193 21//193 15//193
f 113//194 112//194 27//194
f 113//195 27//195 21//195
f 112//196 119//196 33//196
f 112//197 33//197 27//197
f 119//198 118//198 39//198
f 119//199 39//199 33//199
f 118//200 125//200 45//200
f 118//201 45//201 39//201
f 125//202 124//202 47//202
f 125//203 47//203 45//203
f 124//204 126//204 48//204
f 124//205 48//205 47//205
f 126//206 127//206 46//206
f 126//207 46//207 48//207
f 127//208 133//208 40//208
f 127//209 40//209 46//209
f 133//210 132//210 34//210
f 133//211 34//211 40//211
f 132//212 139//212 28//212
f 132//213 28//213 34//213
f 139//214 138//214 22//214
f 139//215 22//215 28//215
f 138//216 144//216 16//216
f 138//217 16//217 22//217
f 144//218 106//218 13//218
f 144//219 13//219 16//219
usemtl mat1
f 1666//220 1442//220 1650//220
f 1650//221 1649//221 1665//221
f 1650//222 1665//222 1666//222
f 1649//223 1648//223 1664//223
f 1649//224 1664//224 1665//224
f 1648//225 1647//225 1663//225
f 1648//226 1663//226 1664//226
f 1647//227 1646//227 1662//227
f 1647//228 1662//228 1663//228
f 1646//229 1645//229 1661//229
f 1646//230 1661//230 1662//230
f 1645//231 1644//231 1660//231
f 1645//232 1660//232 1661//232
f 1644//233 1643//233 1659//233
f 1644//234 1659//234 1660//234
f 1643//235 1642//235 1658//235
f 1643//236 1658//236 1659//236
f 1642//237 1641//237 1657//237
f 1642//238 1657//238 1658//238
f 1641//239 1640//239 1656//239
f 1641//240 1656//240 1657//240
f 1640//241 1639//241 1655//241
f 1640//242 1655//242 1656//242
f 1639//243 1638//243 1654//243
f 1639//244 1654//244 1655//244
f 1638//245 1637//245 1653//245
f 1638//246 1653//246 1654//246
f 1637//247 1635//247 1651//247
f 1637//248 1651//248 1653//248
f 1635//249 1636//249 1652//249
f 1635//250 1652//250 1651//250
f 1650//251 1442//251 1634//251
f 1634//252 1633//252 1649//252
f 1634//253 1649//253 1650//253
f 1633//254 1632//254 1648//254
f 1633//255 1648//255 1649//255
f 1632//256 1631//256 1647//256
f 1632//257 1647//257 1648//257
f 1631//258 1630//258 1646//258
f 1631//259 1646//259 1647//259
f 1630//260 1629//260 1645//260
f 1630//261 1645//261 1646//261
f 1629//262 1628//262 1644//262
f 1629//263 1644//263 1645//263
f 1628//264 1627//264 1643//264
f 1628//265 1643//265 1644//265
usemtl mat0
f 10//266 18//266 145//266
f 10//267 145//267 146//267
f 18//268 57//268 147//268
f 18//269 147//269 145//269
f 57//270 51//270 148//270
f 57//271 148//271 147//271
f 51//272 10//272 146//272
f 51//273 146//273 148//273
f 24//274 30//274 149//274
f 24//275 149//275 150//275
f 30//276 63//276 151//276
f 30//277 151//277 149//277
f 63//278 56//278 152//278
f 63//279 152//279 151//279
f 56//280 24//280 150//280
f 56//281 150//281 152//281
f 36//282 42//282 153//282
f 36//283 153//283 154//283
f 42//284 69//284 155//284
f 42//285 155//285 153//285
f 69//286 62//286 156//286
f 69//287 156//287 155//287
f 62//288 36//288 154//288
f 62//289 154//289 156//289
f 91//290 92//290 157//290
f 91//291 157//291 158//291
f 92//292 113//292 159//292
f 92//293 159//293 157//293
f 113//294 107//294 160//294
f 113//295 160//295 159//295
f 107//296 91//296 158//296
f 107//297 158//297 160//297
f 93//298 94//298 161//298
f 93//299 161//299 162//299
f 94//300 119//300 163//300
f 94//301 163//301 161//301
f 119//302 112//302 164//302
f 119//303 164//303 163//303
f 112//304 93//304 162//304
f 112//305 162//305 164//305
f 95//306 96//306 165//306
f 95//307 165//307 166//307
f 96//308 125//308 167//308
f 96//309 167//309 165//309
f 125//310 118//310 168//310
f 125//311 168//311 167//311
f 118//312 95//312 166//312
f 118//313 166//313 168//313
f 146//314 145//314 169//314
f 146//315 169//315 170//315
f 145//316 147//316 171//316
f 145//317 171//317 169//317
f 147//318 148//318 172//318
f 147//319 172//319 171//319
f 148//320 146//320 170//320
f 148//321 170//321 172//321
f 150//322 149//322 173//322
f 150//323 173//323 174//323
f 149//324 151//324 175//324
f 149//325 175//325 173//325
f 151//326 152//326 176//326
f 151//327 176//327 175//327
f 152//328 150//328 174//328
f 152//329 174//329 176//329
f 154//330 153//330 177//330
f 154//331 177//331 178//331
f 153//332 155//332 179//332
f 153//333 179//333 177//333
f 155//334 156//334 180//334
f 155//335 180//335 179//335
f 156//336 154//336 178//336
f 156//337 178//337 180//337
f 158//338 157//338 181//338
f 158//339 181//339 182//339
f 157//340 159//340 183//340
f 157//341 183//341 181//341
f 159//342 160//342 184//342
f 159//343 184//343 183//343
f 160//344 158//344 182//344
f 160//345 182//345 184//345
f 162//346 161//346 185//346
f 162//347 185//347 186//347
f 161//348 163//348 187//348
f 161//349 187//349 185//349
f 163//350 164//350 188//350
f 163//351 188//351 187//351
f 164//352 162//352 186//352
f 164//353 186//353 188//353
f 166//354 165//354 189//354
f 166//355 189//355 190//355
f 165//356 167//356 191//356
f 165//357 191//357 189//357
f 167//358 168//358 192//358
f 167//359 192//359 191//359
f 168//360 166//360 190//360
f 168//361 190//361 192//361
f 170//362 169//362 53//362
f 170//363 53//363 52//363
f 169//364 171//364 54//364
f 169//365 54//365 53//365
f 171//366 172//366 55//366
f 171//367 55//367 54//367
f 172//368 170//368 52//368
f 172//369 52//369 55//369
f 174//370 173//370 59//370
f 174//371 59//371 58//371
f 173//372 175//372 60//372
f 173//373 60//373 59//373
f 175//374 176//374 61//374
f 175//375 61//375 60//375
f 176//376 174//376 58//376
f 176//377 58//377 61//377
f 178//378 177//378 65//378
f 178//379 65//379 64//379
f 177//380 179//380 66//380
f 177//381 66//381 65//381
f 179//382 180//382 67//382
f 179//383 67//383 66//383
f 180//384 178//384 64//384
f 180//385 64//385 67//385
f 182//386 181//386 109//386
f 182//387 109//387 108//387
f 181//388 183//388 110//388
f 181//389 110//389 109//389
f 183//390 184//390 111//390
f 183//391 111//391 110//391
f 184//392 182//392 108//392
f 184//393 108//393 111//393
f 186//394 185//394 115//394
f 186//395 115//395 114//395
f 185//396 187//396 116//396
f 185//397 116//397 115//397
f 187//398 188//398 117//398
f 187//399 117//399 116//399
f 188//400 186//400 114//400
f 188//401 114//401 117//401
f 190//402 189//402 121//402
f 190//403 121//403 120//403
f 189//404 191//404 122//404
f 189//405 122//405 121//405
f 191//406 192//406 123//406
f 191//407 123//407 122//407
f 192//408 190//408 120//408
f 192//409 120//409 123//409
f 44//410 38//410 193//410
f 44//411 193//411 194//411
f 38//412 77//412 195//412
f 38//413 195//413 193//413
f 77//414 71//414 196//414
f 77//415 196//415 195//415
f 71//416 44//416 194//416
f 71//417 194//417 196//417
f 32//418 26//418 197//418
f 32//419 197//419 198//419
f 26//420 83//420 199//420
f 26//421 199//421 197//421
f 83//422 76//422 200//422
f 83//423 200//423 199//423
f 76//424 32//424 198//424
f 76//425 198//425 200//425
f 20//426 12//426 201//426
f 20//427 201//427 202//427
f 12//428 88//428 203//428
f 12//429 203//429 201//429
f 88//430 82//430 204//430
f 88//431 204//431 203//431
f 82//432 20//432 202//432
f 82//433 202//433 204//433
f 99//434 100//434 205//434
f 99//435 205//435 206//435
f 100//436 133//436 207//436
f 100//437 207//437 205//437
f 133//438 127//438 208//438
f 133//439 208//439 207//439
f 127//440 99//440 206//440
f 127//441 206//441 208//441
f 101//442 102//442 209//442
f 101//443 209//443 210//443
f 102//444 139//444 211//444
f 102//445 211//445 209//445
f 139//446 132//446 212//446
f 139//447 212//447 211//447
f 132//448 101//448 210//448
f 132//449 210//449 212//449
f 103//450 104//450 213//450
f 103//451 213//451 214//451
f 104//452 144//452 215//452
f 104//453 215//453 213//453
f 144//454 138//454 216//454
f 144//455 216//455 215//455
f 138//456 103//456 214//456
f 138//457 214//457 216//457
f 194//458 193//458 217//458
f 194//459 217//459 218//459
f 193//460 195//460 219//460
f 193//461 219//461 217//461
f 195//462 196//462 220//462
f 195//463 220//463 219//463
f 196//464 194//464 218//464
f 196//465 218//465 220//465
f 198//466 197//466 221//466
f 198//467 221//467 222//467
f 197//468 199//468 223//468
f 197//469 223//469 221//469
f 199//470 200//470 224//470
f 199//471 224//471 223//471
f 200//472 198//472 222//472
f 200//473 222//473 224//473
f 202//474 201//474 225//474
f 202//475 225//475 226//475
f 201//476 203//476 227//476
f 201//477 227//477 225//477
f 203//478 204//478 228//478
f 203//479 228//479 227//479
f 204//480 202//480 226//480
f 204//481 226//481 228//481
f 206//482 205//482 229//482
f 206//483 229//483 230//483
f 205//484 207//484 231//484
f 205//485 231//485 229//485
f 207//486 208//486 232//486
f 207//487 232//487 231//487
f 208//488 206//488 230//488
f 208//489 230//489 232//489
f 210//490 209//490 233//490
f 210//491 233//491 234//491
f 209//492 211//492 235//492
f 209//493 235//493 233//493
f 211//494 212//494 236//494
f 211//495 236//495 235//495
f 212//496 210//496 234//496
f 212//497 234//497 236//497
f 214//498 213//498 237//498
f 214//499 237//499 238//499
f 213//500 215//500 239//500
f 213//501 239//501 237//501
f 215//502 216//502 240//502
f 215//503 240//503 239//503
f 216//504 214//504 238//504
f 216//505 238//505 240//505
f 218//506 217//506 73//506
f 218//507 73//507 72//507
f 217//508 219//508 74//508
f 217//509 74//509 73//509
f 219//510 220//510 75//510
f 219//511 75//511 74//511
f 220//512 218//512 72//512
f 220//513 72//513 75//513
f 222//514 221//514 79//514
f 222//515 79//515 78//515
f 221//516 223//516 80//516
f 221//517 80//517 79//517
f 223//518 224//518 81//518
f 223//519 81//519 80//519
f 224//520 222//520 78//520
f 224//521 78//521 81//521
f 226//522 225//522 85//522
f 226//523 85//523 84//523
f 225//524 227//524 86//524
f 225//525 86//525 85//525
f 227//526 228//526 87//526
f 227//527 87//527 86//527
f 228//528 226//528 84//528
f 228//529 84//529 87//529
f 230//530 229//530 129//530
f 230//531 129//531 128//531
f 229//532 231//532 130//532
f 229//533 130//533 129//533
f 231//534 232//534 131//534
f 231//535 131//535 130//535
f 232//536 230//536 128//536
f 232//537 128//537 131//537
f 234//538 233//538 135//538
f 234//539 135//539 134//539
f 233//540 235//540 136//540
f 233//541 136//541 135//541
f 235//542 236//542 137//542
f 235//543 137//543 136//543
f 236//544 234//544 134//544
f 236//545 134//545 137//545
f 238//546 237//546 141//546
f 238//547 141//547 140//547
f 237//548 239//548 142//548
f 237//549 142//549 141//549
f 239//550 240//550 143//550
f 239//551 143//551 142//551
f 240//552 238//552 140//552
f 240//553 140//553 143//553
usemtl mat1
f 241//554 242//554 243//554
f 241//555 243//555 244//555
f 245//556 241//556 244//556
f 245//557 244//557 246//557
f 247//558 245//558 246//558
f 247//559 246//559 248//559
f 249//560 247//560 248//560
f 249//561 248//561 250//561
f 251//562 249//562 250//562
f 251//563 250//563 252//563
f 253//564 251//564 252//564
f 253//565 252//565 254//565
f 255//566 253//566 254//566
f 255//567 254//567 256//567
f 257//568 255//568 256//568
f 257//569 256//569 258//569
f 259//570 257//570 258//570
f 259//571 258//571 260//571
f 261//572 259//572 260//572
f 261//573 260//573 262//573
f 263//574 261//574 262//574
f 263//575 262//575 264//575
f 265//576 263//576 264//576
f 265//577 264//577 266//577
f 267//578 265//578 266//578
f 267//579 266//579 268//579
f 269//580 267//580 268//580
f 269//581 268//581 270//581
f 271//582 269//582 270//582
f 271//583 270//583 272//583
f 272//584 273//584 271//584
f 274//585 275//585 242//585
f 274//586 242//586 241//586
f 276//587 274//587 241//587
f 276//588 241//588 245//588
f 277//589 276//589 245//589
f 277//590 245//590 247//590
f 278//591 277//591 247//591
f 278//592 247//592 249//592
f 279//593 278//593 249//593
f 279//594 249//594 251//594
f 280//595 279//595 251//595
f 280//596 251//596 253//596
f 281//597 280//597 253//597
f 281//598 253//598 255//598
f 282//599 281//599 255//599
f 282//600 255//600 257//600
f 283//601 282//601 257//601
f 283//602 257//602 259//602
f 284//603 283//603 259//603
f 284//604 259//604 261//604
f 285//605 284//605 261//605
f 285//606 261//606 263//606
f 286//607 285//607 263//607
f 286//608 263//608 265//608
f 287//609 286//609 265//609
f 287//610 265//610 267//610
f 288//611 287//611 267//611
f 288//612 267//612 269//612
f 289//613 288//613 269//613
f 289//614 269//614 271//614
f 271//615 273//615 289//615
f 290//616 291//616 275//616
f 290//617 275//617 274//617
f 292//618 290//618 274//618
f 292//619 274//619 276//619
f 293//620 292//620 276//620
f 293//621 276//621 277//621
f 294//622 293//622 277//622
f 294//623 277//623 278//623
f 295//624 294//624 278//624
f 295//625 278//625 279//625
f 296//626 295//626 279//626
f 296//627 279//627 280//627
f 297//628 296//628 280//628
f 297//629 280//629 281//629
f 298//630 297//630 281//630
f 298//631 281//631 282//631
f 299//632 298//632 282//632
f 299//633 282//633 283//633
f 300//634 299//634 283//634
f 300//635 283//635 284//635
f 301//636 300//636 284//636
f 301//637 284//637 285//637
f 302//638 301//638 285//638
f 302//639 285//639 286//639
f 303//640 302//640 286//640
f 303//641 286//641 287//641
f 304//642 303//642 287//642
f 304//643 287//643 288//643
f 305//644 304//644 288//644
f 305//645 288//645 289//645
f 289//646 273//646 305//646
f 306//647 307//647 291//647
f 306//648 291//648 290//648
f 308//649 306//649 290//649
f 308//650 290//650 292//650
f 309//651 308//651 292//651
f 309//652 292//652 293//652
f 310//653 309//653 293//653
f 310//654 293//654 294//654
f 311//655 310//655 294//655
f 311//656 294//656 295//656
f 312//657 311//657 295//657
f 312//658 295//658 296//658
f 313//659 312//659 296//659
f 313//660 296//660 297//660
f 314//661 313//661 297//661
f 314//662 297//662 298//662
f 315//663 314//663 298//663
f 315//664 298//664 299//664
f 316//665 315//665 299//665
f 316//666 299//666 300//666
f 317//667 316//667 300//667
f 317//668 300//668 301//668
f 318//669 317//669 301//669
f 318//670 301//670 302//670
f 319//671 318//671 302//671
f 319//672 302//672 303//672
f 320//673 319//673 303//673
f 320//674 303//674 304//674
f 321//675 320//675 304//675
f 321//676 304//676 305//676
f 305//677 273//677 321//677
f 322//678 323//678 307//678
f 322//679 307//679 306//679
f 324//680 322//680 306//680
f 324//681 306//681 308//681
f 325//682 324//682 308//682
f 325//683 308//683 309//683
f 326//684 325//684 309//684
f 326//685 309//685 310//685
f 327//686 326//686 310//686
f 327//687 310//687 311//687
f 328//688 327//688 311//688
f 328//689 311//689 312//689
f 329//690 328//690 312//690
f 329//691 312//691 313//691
f 330//692 329//692 313//692
f 330//693 313//693 314//693
f 331//694 330//694 314//694
f 331//695 314//695 315//695
f 332//696 331//696 315//696
f 332//697 315//697 316//697
f 333//698 332//698 316//698
f 333//699 316//699 317//699
f 334//700 333//700 317//700
f 334//701 317//701 318//701
f 335//702 334//702 318//702
f 335//703 318//703 319//703
f 336//704 335//704 319//704
f 336//705 319//705 320//705
f 337//706 336//706 320//706
f 337//707 320//707 321//707
f 321//708 273//708 337//708
f 338//709 339//709 323//709
f 338//710 323//710 322//710
f 340//711 338//711 322//711
f 340//712 322//712 324//712
f 341//713 340//713 324//713
f 341//714 324//714 325//714
f 342//715 341//715 325//715
f 342//716 325//716 326//716
f 343//717 342//717 326//717
f 343//718 326//718 327//718
f 344//719 343//719 327//719
f 344//720 327//720 328//720
f 345//721 344//721 328//721
f 345//722 328//722 329//722
f 346//723 345//723 329//723
f 346//724 329//724 330//724
f 347//725 346//725 330//725
f 347//726 330//726 331//726
f 348//727 347//727 331//727
f 348//728 331//728 332//728
f 349//729 348//729 332//729
f 349//730 332//730 333//730
f 350//731 349//731 333//731
f 350//732 333//732 334//732
f 351//733 350//733 334//733
f 351//734 334//734 335//734
f 352//735 351//735 335//735
f 352//736 335//736 336//736
f 353//737 352//737 336//737
f 353//738 336//738 337//738
f 337//739 273//739 353//739
f 354//740 355//740 339//740
f 354//741 339//741 338//741
f 356//742 354//742 338//742
f 356//743 338//743 340//743
f 357//744 356//744 340//744
f 357//745 340//745 341//745
f 358//746 357//746 341//746
f 358//747 341//747 342//747
f 359//748 358//748 342//748
f 359//749 342//749 343//749
f 360//750 359//750 343//750
f 360//751 343//751 344//751
f 361//752 360//752 344//752
f 361//753 344//753 345//753
f 362//754 361//754 345//754
f 362//755 345//755 346//755
f 363//756 362//756 346//756
f 363//757 346//757 347//757
f 364//758 363//758 347//758
f 364//759 347//759 348//759
f 365//760 364//760 348//760
f 365//761 348//761 349//761
f 366//762 365//762 349//762
f 366//763 349//763 350//763
f 367//764 366//764 350//764
f 367//765 350//765 351//765
f 368//766 367//766 351//766
f 368//767 351//767 352//767
f 369//768 368//768 352//768
f 369//769 352//769 353//769
f 353//770 273//770 369//770
f 370//771 371//771 355//771
f 370//772 355//772 354//772
f 372//773 370//773 354//773
f 372//774 354//774 356//774
f 373//775 372//775 356//775
f 373//776 356//776 357//776
f 374//777 373//777 357//777
f 374//778 357//778 358//778
f 375//779 374//779 358//779
f 375//780 358//780 359//780
f 376//781 375//781 359//781
f 376//782 359//782 360//782
f 377//783 376//783 360//783
f 377//784 360//784 361//784
f 378//785 377//785 361//785
f 378//786 361//786 362//786
f 379//787 378//787 362//787
f 379//788 362//788 363//788
f 380//789 379//789 363//789
f 380//790 363//790 364//790
f 381//791 380//791 364//791
f 381//792 364//792 365//792
f 382//793 381//793 365//793
f 382//794 365//794 366//794
f 383//795 382//795 366//795
f 383//796 366//796 367//796
f 384//797 383//797 367//797
f 384//798 367//798 368//798
f 385//799 384//799 368//799
f 385//800 368//800 369//800
f 369//801 273//801 385//801
f 386//802 387//802 371//802
f 386//803 371//803 370//803
f 388//804 386//804 370//804
f 388//805 370//805 372//805
f 389//806 388//806 372//806
f 389//807 372//807 373//807
f 390//808 389//808 373//808
f 390//809 373//809 374//809
f 391//810 390//810 374//810
f 391//811 374//811 375//811
f 392//812 391//812 375//812
f 392//813 375//813 376//813
f 393//814 392//814 376//814
f 393//815 376//815 377//815
f 394//816 393//816 377//816
f 394//817 377//817 378//817
f 395//818 394//818 378//818
f 395//819 378//819 379//819
f 396//820 395//820 379//820
f 396//821 379//821 380//821
f 397//822 396//822 380//822
f 397//823 380//823 381//823
f 398//824 397//824 381//824
f 398//825 381//825 382//825
f 399//826 398//826 382//826
f 399//827 382//827 383//827
f 400//828 399//828 383//828
f 400//829 383//829 384//829
f 401//830 400//830 384//830
f 401//831 384//831 385//831
f 385//832 273//832 401//832
f 402//833 403//833 387//833
f 402//834 387//834 386//834
f 404//835 402//835 386//835
f 404//836 386//836 388//836
f 405//837 404//837 388//837
f 405//838 388//838 389//838
f 406//839 405//839 389//839
f 406//840 389//840 390//840
f 407//841 406//841 390//841
f 407//842 390//842 391//842
f 408//843 407//843 391//843
f 408//844 391//844 392//844
f 409//845 408//845 392//845
f 409//846 392//846 393//846
f 410//847 409//847 393//847
f 410//848 393//848 394//848
f 411//849 410//849 394//849
f 411//850 394//850 395//850
f 412//851 411//851 395//851
f 412//852 395//852 396//852
f 413//853 412//853 396//853
f 413//854 396//854 397//854
f 414//855 413//855 397//855
f 414//856 397//856 398//856
f 415//857 414//857 398//857
f 415//858 398//858 399//858
f 416//859 415//859 399//859
f 416//860 399//860 400//860
f 417//861 416//861 400//861
f 417//862 400//862 401//862
f 401//863 273//863 417//863
f 418//864 419//864 403//864
f 418//865 403//865 402//865
f 420//866 418//866 402//866
f 420//867 402//867 404//867
f 421//868 420//868 404//868
f 421//869 404//869 405//869
f 422//870 421//870 405//870
f 422//871 405//871 406//871
f 423//872 422//872 406//872
f 423//873 406//873 407//873
f 424//874 423//874 407//874
f 424//875 407//875 408//875
f 425//876 424//876 408//876
f 425//877 408//877 409//877
f 426//878 425//878 409//878
f 426//879 409//879 410//879
f 427//880 426//880 410//880
f 427//881 410//881 411//881
f 428//882 427//882 411//882
f 428//883 411//883 412//883
f 429//884 428//884 412//884
f 429//885 412//885 413//885
f 430//886 429//886 413//886
f 430//887 413//887 414//887
f 431//888 430//888 414//888
f 431//889 414//889 415//889
f 432//890 431//890 415//890
f 432//891 415//891 416//891
f 433//892 432//892 416//892
f 433//893 416//893 417//893
f 417//894 273//894 433//894
f 434//895 435//895 419//895
f 434//896 419//896 418//896
f 436//897 434//897 418//897
f 436//898 418//898 420//898
f 437//899 436//899 420//899
f 437//900 420//900 421//900
f 438//901 437//901 421//901
f 438//902 421//902 422//902
f 439//903 438//903 422//903
f 439//904 422//904 423//904
f 440//905 439//905 423//905
f 440//906 423//906 424//906
f 441//907 440//907 424//907
f 441//908 424//908 425//908
f 442//909 441//909 425//909
f 442//910 425//910 426//910
f 443//911 442//911 426//911
f 443//912 426//912 427//912
f 444//913 443//913 427//913
f 444//914 427//914 428//914
f 445//915 444//915 428//915
f 445//916 428//916 429//916
f 446//917 445//917 429//917
f 446//918 429//918 430//918
f 447//919 446//919 430//919
f 447//920 430//920 431//920
f 448//921 447//921 431//921
f 448//922 431//922 432//922
f 449//923 448//923 432//923
f 449//924 432//924 433//924
f 433//925 273//925 449//925
f 450//926 451//926 435//926
f 450//927 435//927 434//927
f 452//928 450//928 434//928
f 452//929 434//929 436//929
f 453//930 452//930 436//930
f 453//931 436//931 437//931
f 454//932 453//932 437//932
f 454//933 437//933 438//933
f 455//934 454//934 438//934
f 455//935 438//935 439//935
f 456//936 455//936 439//936
f 456//937 439//937 440//937
f 457//938 456//938 440//938
f 457//939 440//939 441//939
f 458//940 457//940 441//940
f 458//941 441//941 442//941
f 459//942 458//942 442//942
f 459//943 442//943 443//943
f 460//944 459//944 443//944
f 460//945 443//945 444//945
f 461//946 460//946 444//946
f 461//947 444//947 445//947
f 462//948 461//948 445//948
f 462//949 445//949 446//949
f 463//950 462//950 446//950
f 463//951 446//951 447//951
f 464//952 463//952 447//952
f 464//953 447//953 448//953
f 465//954 464//954 448//954
f 465//955 448//955 449//955
f 449//956 273//956 465//956
f 466//957 467//957 451//957
f 466//958 451//958 450//958
f 468//959 466//959 450//959
f 468//960 450//960 452//960
f 469//961 468//961 452//961
f 469//962 452//962 453//962
f 470//963 469//963 453//963
f 470//964 453//964 454//964
f 471//965 470//965 454//965
f 471//966 454//966 455//966
f 472//967 471//967 455//967
f 472//968 455//968 456//968
f 473//969 472//969 456//969
f 473//970 456//970 457//970
f 474//971 473//971 457//971
f 474//972 457//972 458//972
f 475//973 474//973 458//973
f 475//974 458//974 459//974
f 476//975 475//975 459//975
f 476//976 459//976 460//976
f 477//977 476//977 460//977
f 477//978 460//978 461//978
f 478//979 477//979 461//979
f 478//980 461//980 462//980
f 479//981 478//981 462//981
f 479//982 462//982 463//982
f 480//983 479//983 463//983
f 480//984 463//984 464//984
f 481//985 480//985 464//985
f 481//986 464//986 465//986
f 465//987 273//987 481//987
f 482//988 483//988 467//988
f 482//989 467//989 466//989
f 484//990 482//990 466//990
f 484//991 466//991 468//991
f 485//992 484//992 468//992
f 485//993 468//993 469//993
f 486//994 485//994 469//994
f 486//995 469//995 470//995
f 487//996 486//996 470//996
f 487//997 470//997 471//997
f 488//998 487//998 471//998
f 488//999 471//999 472//999
f 489//1000 488//1000 472//1000
f 489//1001 472//1001 473//1001
f 490//1002 489//1002 473//1002
f 490//1003 473//1003 474//1003
f 491//1004 490//1004 474//1004
f 491//1005 474//1005 475//1005
f 492//1006 491//1006 475//1006
f 492//1007 475//1007 476//1007
f 493//1008 492//1008 476//1008
f 493//1009 476//1009 477//1009
f 494//1010 493//1010 477//1010
f 494//1011 477//1011 478//1011
f 495//1012 494//1012 478//1012
f 495//1013 478//1013 479//1013
f 496//1014 495//1014 479//1014
f 496//1015 479//1015 480//1015
f 497//1016 496//1016 480//1016
f 497//1017 480//1017 481//1017
f 481//1018 273//1018 497//1018
f 244//1019 243//1019 483//1019
f 244//1020 483//1020 482//1020
f 246//1021 244//1021 482//1021
f 246//1022 482//1022 484//1022
f 248//1023 246//1023 484//1023
f 248//1024 484//1024 485//1024
f 250//1025 248//1025 485//1025
f 250//1026 485//1026 486//1026
f 252//1027 250//1027 486//1027
f 252//1028 486//1028 487//1028
f 254//1029 252//1029 487//1029
f 254//1030 487//1030 488//1030
f 256//1031 254//1031 488//1031
f 256//1032 488//1032 489//1032
f 258//1033 256//1033 489//1033
f 258//1034 489//1034 490//1034
f 260//1035 258//1035 490//1035
f 260//1036 490//1036 491//1036
f 262//1037 260//1037 491//1037
f 262//1038 491//1038 492//1038
f 264//1039 262//1039 492//1039
f 264//1040 492//1040 493//1040
f 266//1041 264//1041 493//1041
f 266//1042 493//1042 494//1042
f 268//1043 266//1043 494//1043
f 268//1044 494//1044 495//1044
f 270//1045 268//1045 495//1045
f 270//1046 495//1046 496//1046
f 272//1047 270//1047 496//1047
f 272//1048 496//1048 497//1048
f 497//1049 273//1049 272//1049
usemtl mat0
f 501//1050 500//1050 499//1050
f 501//1051 499//1051 498//1051
f 499//1052 500//1052 503//1052
f 499//1053 503//1053 502//1053
f 502//1054 503//1054 505//1054
f 502//1055 505//1055 504//1055
f 509//1056 508//1056 507//1056
f 509//1057 507//1057 506//1057
f 513//1058 512//1058 511//1058
f 513//1059 511//1059 510//1059
f 517//1060 516//1060 515//1060
f 517//1061 515//1061 514//1061
f 521//1062 520//1062 519//1062
f 521//1063 519//1063 518//1063
f 525//1064 524//1064 523//1064
f 525//1065 523//1065 522//1065
f 529//1066 528//1066 527//1066
f 529//1067 527//1067 526//1067
f 531//1068 498//1068 499//1068
f 531//1069 499//1069 530//1069
f 530//1070 499//1070 502//1070
f 530//1071 502//1071 532//1071
f 532//1072 502//1072 504//1072
f 532//1073 504//1073 533//1073
f 533//1074 504//1074 506//1074
f 533//1075 506//1075 534//1075
f 534//1076 506//1076 507//1076
f 534//1077 507//1077 535//1077
f 535//1078 507//1078 510//1078
f 535//1079 510//1079 536//1079
f 536//1080 510//1080 511//1080
f 536//1081 511//1081 537//1081
f 537//1082 511//1082 514//1082
f 537//1083 514//1083 538//1083
f 538//1084 514//1084 515//1084
f 538//1085 515//1085 539//1085
f 539//1086 515//1086 518//1086
f 539//1087 518//1087 540//1087
f 540//1088 518//1088 519//1088
f 540//1089 519//1089 541//1089
f 541//1090 519//1090 522//1090
f 541//1091 522//1091 542//1091
f 542//1092 522//1092 523//1092
f 542//1093 523//1093 543//1093
f 543//1094 523//1094 526//1094
f 543//1095 526//1095 544//1095
f 544//1096 526//1096 527//1096
f 544//1097 527//1097 545//1097
f 545//1098 527//1098 498//1098
f 545//1099 498//1099 531//1099
f 547//1100 531//1100 530//1100
f 547//1101 530//1101 546//1101
f 546//1102 530//1102 532//1102
f 546//1103 532//1103 548//1103
f 548//1104 532//1104 533//1104
f 548//1105 533//1105 549//1105
f 549//1106 533//1106 534//1106
f 549//1107 534//1107 550//1107
f 550//1108 534//1108 535//1108
f 550//1109 535//1109 551//1109
f 551//1110 535//1110 536//1110
f 551//1111 536//1111 552//1111
f 552//1112 536//1112 537//1112
f 552//1113 537//1113 553//1113
f 553//1114 537//1114 538//1114
f 553//1115 538//1115 554//1115
f 554//1116 538//1116 539//1116
f 554//1117 539//1117 555//1117
f 555//1118 539//1118 540//1118
f 555//1119 540//1119 556//1119
f 556//1120 540//1120 541//1120
f 556//1121 541//1121 557//1121
f 557//1122 541//1122 542//1122
f 557//1123 542//1123 558//1123
f 558//1124 542//1124 543//1124
f 558//1125 543//1125 559//1125
f 559//1126 543//1126 544//1126
f 559//1127 544//1127 560//1127
f 560//1128 544//1128 545//1128
f 560//1129 545//1129 561//1129
f 561//1130 545//1130 531//1130
f 561//1131 531//1131 547//1131
f 563//1132 547//1132 546//1132
f 563//1133 546//1133 562//1133
f 562//1134 546//1134 548//1134
f 562//1135 548//1135 564//1135
f 564//1136 548//1136 549//1136
f 564//1137 549//1137 565//1137
f 565//1138 549//1138 550//1138
f 565//1139 550//1139 566//1139
f 566//1140 550//1140 551//1140
f 566//1141 551//1141 567//1141
f 567//1142 551//1142 552//1142
f 567//1143 552//1143 568//1143
f 568//1144 552//1144 553//1144
f 568//1145 553//1145 569//1145
f 569//1146 553//1146 554//1146
f 569//1147 554//1147 570//1147
f 570//1148 554//1148 555//1148
f 570//1149 555//1149 571//1149
f 571//1150 555//1150 556//1150
f 571//1151 556//1151 572//1151
f 572//1152 556//1152 557//1152
f 572//1153 557//1153 573//1153
f 573//1154 557//1154 558//1154
f 573//1155 558//1155 574//1155
f 574//1156 558//1156 559//1156
f 574//1157 559//1157 575//1157
f 575//1158 559//1158 560//1158
f 575//1159 560//1159 576//1159
f 576//1160 560//1160 561//1160
f 576//1161 561//1161 577//1161
f 577//1162 561//1162 547//1162
f 577//1163 547//1163 563//1163
f 579//1164 563//1164 562//1164
f 579//1165 562//1165 578//1165
f 578//1166 562//1166 564//1166
f 578//1167 564//1167 580//1167
f 580//1168 564//1168 565//1168
f 580//1169 565//1169 581//1169
f 581//1170 565//1170 566//1170
f 581//1171 566//1171 582//1171
f 582//1172 566//1172 567//1172
f 582//1173 567//1173 583//1173
f 583//1174 567//1174 568//1174
f 583//1175 568//1175 584//1175
f 584//1176 568//1176 569//1176
f 584//1177 569//1177 585//1177
f 585//1178 569//1178 570//1178
f 585//1179 570//1179 586//1179
f 586//1180 570//1180 571//1180
f 586//1181 571//1181 587//1181
f 587//1182 571//1182 572//1182
f 587//1183 572//1183 588//1183
f 588//1184 572//1184 573//1184
f 588//1185 573//1185 589//1185
f 589//1186 573//1186 574//1186
f 589//1187 574//1187 590//1187
f 590//1188 574//1188 575//1188
f 590//1189 575//1189 591//1189
f 591//1190 575//1190 576//1190
f 591//1191 576//1191 592//1191
f 592//1192 576//1192 577//1192
f 592//1193 577//1193 593//1193
f 593//1194 577//1194 563//1194
f 593//1195 563//1195 579//1195
f 595//1196 579//1196 578//1196
f 595//1197 578//1197 594//1197
f 594//1198 578//1198 580//1198
f 594//1199 580//1199 596//1199
f 596//1200 580//1200 581//1200
f 596//1201 581//1201 597//1201
f 597//1202 581//1202 582//1202
f 597//1203 582//1203 598//1203
f 598//1204 582//1204 583//1204
f 598//1205 583//1205 599//1205
f 599//1206 583//1206 584//1206
f 599//1207 584//1207 600//1207
f 600//1208 584//1208 585//1208
f 600//1209 585//1209 601//1209
f 601//1210 585//1210 586//1210
f 601//1211 586//1211 602//1211
f 602//1212 586//1212 587//1212
f 602//1213 587//1213 603//1213
f 603//1214 587//1214 588//1214
f 603//1215 588//1215 604//1215
f 604//1216 588//1216 589//1216
f 604//1217 589//1217 605//1217
f 605//1218 589//1218 590//1218
f 605//1219 590//1219 606//1219
f 606//1220 590//1220 591//1220
f 606//1221 591//1221 607//1221
f 607//1222 591//1222 592//1222
f 607//1223 592//1223 608//1223
f 608//1224 592//1224 593//1224
f 608//1225 593//1225 609//1225
f 609//1226 593//1226 579//1226
f 609//1227 579//1227 595//1227
f 611//1228 595//1228 594//1228
f 611//1229 594//1229 610//1229
f 610//1230 594//1230 596//1230
f 610//1231 596//1231 612//1231
f 612//1232 596//1232 597//1232
f 612//1233 597//1233 613//1233
f 613//1234 597//1234 598//1234
f 613//1235 598//1235 614//1235
f 614//1236 598//1236 599//1236
f 614//1237 599//1237 615//1237
f 615//1238 599//1238 600//1238
f 615//1239 600//1239 616//1239
f 616//1240 600//1240 601//1240
f 616//1241 601//1241 617//1241
f 617//1242 601//1242 602//1242
f 617//1243 602//1243 618//1243
f 618//1244 602//1244 603//1244
f 618//1245 603//1245 619//1245
f 619//1246 603//1246 604//1246
f 619//1247 604//1247 620//1247
f 620//1248 604//1248 605//1248
f 620//1249 605//1249 621//1249
f 621//1250 605//1250 606//1250
f 621//1251 606//1251 622//1251
f 622//1252 606//1252 607//1252
f 622//1253 607//1253 623//1253
f 623//1254 607//1254 608//1254
f 623//1255 608//1255 624//1255
f 624//1256 608//1256 609//1256
f 624//1257 609//1257 625//1257
f 625//1258 609//1258 595//1258
f 625//1259 595//1259 611//1259
f 627//1260 611//1260 610//1260
f 627//1261 610//1261 626//1261
f 626//1262 610//1262 612//1262
f 626//1263 612//1263 628//1263
f 628//1264 612//1264 613//1264
f 628//1265 613//1265 629//1265
f 629//1266 613//1266 614//1266
f 629//1267 614//1267 630//1267
f 630//1268 614//1268 615//1268
f 630//1269 615//1269 631//1269
f 631//1270 615//1270 616//1270
f 631//1271 616//1271 632//1271
f 632//1272 616//1272 617//1272
f 632//1273 617//1273 633//1273
f 633//1274 617//1274 618//1274
f 633//1275 618//1275 634//1275
f 634//1276 618//1276 619//1276
f 634//1277 619//1277 635//1277
f 635//1278 619//1278 620//1278
f 635//1279 620//1279 636//1279
f 636//1280 620//1280 621//1280
f 636//1281 621//1281 637//1281
f 637//1282 621//1282 622//1282
f 637//1283 622//1283 638//1283
f 638//1284 622//1284 623//1284
f 638//1285 623//1285 639//1285
f 639//1286 623//1286 624//1286
f 639//1287 624//1287 640//1287
f 640//1288 624//1288 625//1288
f 640//1289 625//1289 641//1289
f 641//1290 625//1290 611//1290
f 641//1291 611//1291 627//1291
f 643//1292 627//1292 626//1292
f 643//1293 626//1293 642//1293
f 642//1294 626//1294 628//1294
f 642//1295 628//1295 644//1295
f 644//1296 628//1296 629//1296
f 644//1297 629//1297 645//1297
f 645//1298 629//1298 630//1298
f 645//1299 630//1299 646//1299
f 646//1300 630//1300 631//1300
f 646//1301 631//1301 647//1301
f 647//1302 631//1302 632//1302
f 647//1303 632//1303 648//1303
f 648//1304 632//1304 633//1304
f 648//1305 633//1305 649//1305
f 649//1306 633//1306 634//1306
f 649//1307 634//1307 650//1307
f 650//1308 634//1308 635//1308
f 650//1309 635//1309 651//1309
f 651//1310 635//1310 636//1310
f 651//1311 636//1311 652//1311
f 652//1312 636//1312 637//1312
f 652//1313 637//1313 653//1313
f 653//1314 637//1314 638//1314
f 653//1315 638//1315 654//1315
f 654//1316 638//1316 639//1316
f 654//1317 639//1317 655//1317
f 655//1318 639//1318 640//1318
f 655//1319 640//1319 656//1319
f 656//1320 640//1320 641//1320
f 656//1321 641//1321 657//1321
f 657//1322 641//1322 627//1322
f 657//1323 627//1323 643//1323
f 659//1324 643//1324 642//1324
f 659//1325 642//1325 658//1325
f 658//1326 642//1326 644//1326
f 658//1327 644//1327 660//1327
f 660//1328 644//1328 645//1328
f 660//1329 645//1329 661//1329
f 661//1330 645//1330 646//1330
f 661//1331 646//1331 662//1331
f 662//1332 646//1332 647//1332
f 662//1333 647//1333 663//1333
f 663//1334 647//1334 648//1334
f 663//1335 648//1335 664//1335
f 664//1336 648//1336 649//1336
f 664//1337 649//1337 665//1337
f 665//1338 649//1338 650//1338
f 665//1339 650//1339 666//1339
f 666//1340 650//1340 651//1340
f 666//1341 651//1341 667//1341
f 667//1342 651//1342 652//1342
f 667//1343 652//1343 668//1343
f 668//1344 652//1344 653//1344
f 668//1345 653//1345 669//1345
f 669//1346 653//1346 654//1346
f 669//1347 654//1347 670//1347
f 670//1348 654//1348 655//1348
f 670//1349 655//1349 671//1349
f 671//1350 655//1350 656//1350
f 671//1351 656//1351 672//1351
f 672//1352 656//1352 657//1352
f 672//1353 657//1353 673//1353
f 673//1354 657//1354 643//1354
f 673//1355 643//1355 659//1355
f 675//1356 659//1356 658//1356
f 675//1357 658//1357 674//1357
f 674//1358 658//1358 660//1358
f 674//1359 660//1359 676//1359
f 676//1360 660//1360 661//1360
f 676//1361 661//1361 677//1361
f 677//1362 661//1362 662//1362
f 677//1363 662//1363 678//1363
f 678//1364 662//1364 663//1364
f 678//1365 663//1365 679//1365
f 679//1366 663//1366 664//1366
f 679//1367 664//1367 680//1367
f 680//1368 664//1368 665//1368
f 680//1369 665//1369 681//1369
f 681//1370 665//1370 666//1370
f 681//1371 666//1371 682//1371
f 682//1372 666//1372 667//1372
f 682//1373 667//1373 683//1373
f 683//1374 667//1374 668//1374
f 683//1375 668//1375 684//1375
f 684//1376 668//1376 669//1376
f 684//1377 669//1377 685//1377
f 685//1378 669//1378 670//1378
f 685//1379 670//1379 686//1379
f 686//1380 670//1380 671//1380
f 686//1381 671//1381 687//1381
f 687//1382 671//1382 672//1382
f 687//1383 672//1383 688//1383
f 688//1384 672//1384 673//1384
f 688//1385 673//1385 689//1385
f 689//1386 673//1386 659//1386
f 689//1387 659//1387 675//1387
f 691//1388 675//1388 674//1388
f 691//1389 674//1389 690//1389
f 690//1390 674//1390 676//1390
f 690//1391 676//1391 692//1391
f 692//1392 676//1392 677//1392
f 692//1393 677//1393 693//1393
f 693//1394 677//1394 678//1394
f 693//1395 678//1395 694//1395
f 694//1396 678//1396 679//1396
f 694//1397 679//1397 695//1397
f 695//1398 679//1398 680//1398
f 695//1399 680//1399 696//1399
f 696//1400 680//1400 681//1400
f 696//1401 681//1401 697//1401
f 697//1402 681//1402 682//1402
f 697//1403 682//1403 698//1403
f 698//1404 682//1404 683//1404
f 698//1405 683//1405 699//1405
f 699//1406 683//1406 684//1406
f 699//1407 684//1407 700//1407
f 700//1408 684//1408 685//1408
f 700//1409 685//1409 701//1409
f 701//1410 685//1410 686//1410
f 701//1411 686//1411 702//1411
f 702//1412 686//1412 687//1412
f 702//1413 687//1413 703//1413
f 703//1414 687//1414 688//1414
f 703//1415 688//1415 704//1415
f 704//1416 688//1416 689//1416
f 704//1417 689//1417 705//1417
f 705//1418 689//1418 675//1418
f 705//1419 675//1419 691//1419
f 707//1420 691//1420 690//1420
f 707//1421 690//1421 706//1421
f 706//1422 690//1422 692//1422
f 706//1423 692//1423 708//1423
f 708//1424 692//1424 693//1424
f 708//1425 693//1425 709//1425
f 709//1426 693//1426 694//1426
f 709//1427 694//1427 710//1427
f 710//1428 694//1428 695//1428
f 710//1429 695//1429 711//1429
f 711//1430 695//1430 696//1430
f 711//1431 696//1431 712//1431
f 712//1432 696//1432 697//1432
f 712//1433 697//1433 713//1433
f 713//1434 697//1434 698//1434
f 713//1435 698//1435 714//1435
f 714//1436 698//1436 699//1436
f 714//1437 699//1437 715//1437
f 715//1438 699//1438 700//1438
f 715//1439 700//1439 716//1439
f 716//1440 700//1440 701//1440
f 716//1441 701//1441 717//1441
f 717//1442 701//1442 702//1442
f 717//1443 702//1443 718//1443
f 718//1444 702//1444 703//1444
f 718//1445 703//1445 719//1445
f 719//1446 703//1446 704//1446
f 719//1447 704//1447 720//1447
f 720//1448 704//1448 705//1448
f 720//1449 705//1449 721//1449
f 721//1450 705//1450 691//1450
f 721//1451 691//1451 707//1451
f 723//1452 707//1452 706//1452
f 723//1453 706//1453 722//1453
f 722//1454 706//1454 708//1454
f 722//1455 708//1455 724//1455
f 724//1456 708//1456 709//1456
f 724//1457 709//1457 725//1457
f 725//1458 709//1458 710//1458
f 725//1459 710//1459 726//1459
f 726//1460 710//1460 711//1460
f 726//1461 711//1461 727//1461
f 727//1462 711//1462 712//1462
f 727//1463 712//1463 728//1463
f 728//1464 712//1464 713//1464
f 728//1465 713//1465 729//1465
f 729//1466 713//1466 714//1466
f 729//1467 714//1467 730//1467
f 730//1468 714//1468 715//1468
f 730//1469 715//1469 731//1469
f 731//1470 715//1470 716//1470
f 731//1471 716//1471 732//1471
f 732//1472 716//1472 717//1472
f 732//1473 717//1473 733//1473
f 733//1474 717//1474 718//1474
f 733//1475 718//1475 734//1475
f 734//1476 718//1476 719//1476
f 734//1477 719//1477 735//1477
f 735//1478 719//1478 720//1478
f 735//1479 720//1479 736//1479
f 736//1480 720//1480 721//1480
f 736//1481 721//1481 737//1481
f 737//1482 721//1482 707//1482
f 737//1483 707//1483 723//1483
f 739//1484 723//1484 722//1484
f 739//1485 722//1485 738//1485
f 738//1486 722//1486 724//1486
f 738//1487 724//1487 740//1487
f 740//1488 724//1488 725//1488
f 740//1489 725//1489 741//1489
f 741//1490 725//1490 726//1490
f 741//1491 726//1491 742//1491
f 742//1492 726//1492 727//1492
f 742//1493 727//1493 743//1493
f 743//1494 727//1494 728//1494
f 743//1495 728//1495 744//1495
f 744//1496 728//1496 729//1496
f 744//1497 729//1497 745//1497
f 745//1498 729//1498 730//1498
f 745//1499 730//1499 746//1499
f 746//1500 730//1500 731//1500
f 746//1501 731//1501 747//1501
f 747//1502 731//1502 732//1502
f 747//1503 732//1503 748//1503
f 748//1504 732//1504 733//1504
f 748//1505 733//1505 749//1505
f 749//1506 733//1506 734//1506
f 749//1507 734//1507 750//1507
f 750//1508 734//1508 735//1508
f 750//1509 735//1509 751//1509
f 751//1510 735//1510 736//1510
f 751//1511 736//1511 752//1511
f 752//1512 736//1512 737//1512
f 752//1513 737//1513 753//1513
f 753//1514 737//1514 723//1514
f 753//1515 723//1515 739//1515
f 755//1516 739//1516 738//1516
f 755//1517 738//1517 754//1517
f 754//1518 738//1518 740//1518
f 754//1519 740//1519 756//1519
f 756//1520 740//1520 741//1520
f 756//1521 741//1521 757//1521
f 757//1522 741//1522 742//1522
f 757//1523 742//1523 758//1523
f 758//1524 742//1524 743//1524
f 758//1525 743//1525 759//1525
f 759//1526 743//1526 744//1526
f 759//1527 744//1527 760//1527
f 760//1528 744//1528 745//1528
f 760//1529 745//1529 761//1529
f 761//1530 745//1530 746//1530
f 761//1531 746//1531 762//1531
f 762//1532 746//1532 747//1532
f 762//1533 747//1533 763//1533
f 763//1534 747//1534 748//1534
f 763//1535 748//1535 764//1535
f 764//1536 748//1536 749//1536
f 764//1537 749//1537 765//1537
f 765//1538 749//1538 750//1538
f 765//1539 750//1539 766//1539
f 766//1540 750//1540 751//1540
f 766//1541 751//1541 767//1541
f 767//1542 751//1542 752//1542
f 767//1543 752//1543 768//1543
f 768//1544 752//1544 753//1544
f 768//1545 753//1545 769//1545
f 769//1546 753//1546 739//1546
f 769//1547 739//1547 755//1547
f 771//1548 755//1548 754//1548
f 771//1549 754//1549 770//1549
f 770//1550 754//1550 756//1550
f 770//1551 756//1551 772//1551
f 772//1552 756//1552 757//1552
f 772//1553 757//1553 773//1553
f 773//1554 757//1554 758//1554
f 773//1555 758//1555 774//1555
f 774//1556 758//1556 759//1556
f 774//1557 759//1557 775//1557
f 775//1558 759//1558 760//1558
f 775//1559 760//1559 776//1559
f 776//1560 760//1560 761//1560
f 776//1561 761//1561 777//1561
f 777//1562 761//1562 762//1562
f 777//1563 762//1563 778//1563
f 778//1564 762//1564 763//1564
f 778//1565 763//1565 779//1565
f 779//1566 763//1566 764//1566
f 779//1567 764//1567 780//1567
f 780//1568 764//1568 765//1568
f 780//1569 765//1569 781//1569
f 781//1570 765//1570 766//1570
f 781//1571 766//1571 782//1571
f 782//1572 766//1572 767//1572
f 782//1573 767//1573 783//1573
f 783//1574 767//1574 768//1574
f 783//1575 768//1575 784//1575
f 784//1576 768//1576 769//1576
f 784//1577 769//1577 785//1577
f 785//1578 769//1578 755//1578
f 785//1579 755//1579 771//1579
f 787//1580 771//1580 770//1580
f 787//1581 770//1581 786//1581
f 786//1582 770//1582 772//1582
f 786//1583 772//1583 788//1583
f 788//1584 772//1584 773//1584
f 788//1585 773//1585 789//1585
f 789//1586 773//1586 774//1586
f 789//1587 774//1587 790//1587
f 790//1588 774//1588 775//1588
f 790//1589 775//1589 791//1589
f 791//1590 775//1590 776//1590
f 791//1591 776//1591 792//1591
f 792//1592 776//1592 777//1592
f 792//1593 777//1593 793//1593
f 793//1594 777//1594 778//1594
f 793//1595 778//1595 794//1595
f 794//1596 778//1596 779//1596
f 794//1597 779//1597 795//1597
f 795//1598 779//1598 780//1598
f 795//1599 780//1599 796//1599
f 796//1600 780//1600 781//1600
f 796//1601 781//1601 797//1601
f 797//1602 781//1602 782//1602
f 797//1603 782//1603 798//1603
f 798//1604 782//1604 783//1604
f 798//1605 783//1605 799//1605
f 799//1606 783//1606 784//1606
f 799//1607 784//1607 800//1607
f 800//1608 784//1608 785//1608
f 800//1609 785//1609 801//1609
f 801//1610 785//1610 771//1610
f 801//1611 771//1611 787//1611
f 803//1612 787//1612 786//1612
f 803//1613 786//1613 802//1613
f 802//1614 786//1614 788//1614
f 802//1615 788//1615 804//1615
f 804//1616 788//1616 789//1616
f 804//1617 789//1617 805//1617
f 805//1618 789//1618 790//1618
f 805//1619 790//1619 806//1619
f 806//1620 790//1620 791//1620
f 806//1621 791//1621 807//1621
f 807//1622 791//1622 792//1622
f 807//1623 792//1623 808//1623
f 808//1624 792//1624 793//1624
f 808//1625 793//1625 809//1625
f 809//1626 793//1626 794//1626
f 809//1627 794//1627 810//1627
f 810//1628 794//1628 795//1628
f 810//1629 795//1629 811//1629
f 811//1630 795//1630 796//1630
f 811//1631 796//1631 812//1631
f 812//1632 796//1632 797//1632
f 812//1633 797//1633 813//1633
f 813//1634 797//1634 798//1634
f 813//1635 798//1635 814//1635
f 814//1636 798//1636 799//1636
f 814//1637 799//1637 815//1637
f 815//1638 799//1638 800//1638
f 815//1639 800//1639 816//1639
f 816//1640 800//1640 801//1640
f 816//1641 801//1641 817//1641
f 817//1642 801//1642 787//1642
f 817//1643 787//1643 803//1643
f 819//1644 803//1644 802//1644
f 819//1645 802//1645 818//1645
f 818//1646 802//1646 804//1646
f 818//1647 804//1647 820//1647
f 820//1648 804//1648 805//1648
f 820//1649 805//1649 821//1649
f 821//1650 805//1650 806//1650
f 821//1651 806//1651 822//1651
f 822//1652 806//1652 807//1652
f 822//1653 807//1653 823//1653
f 823//1654 807//1654 808//1654
f 823//1655 808//1655 824//1655
f 824//1656 808//1656 809//1656
f 824//1657 809//1657 825//1657
f 825//1658 809//1658 810//1658
f 825//1659 810//1659 826//1659
f 826//1660 810//1660 811//1660
f 826//1661 811//1661 827//1661
f 827//1662 811//1662 812//1662
f 827//1663 812//1663 828//1663
f 828//1664 812//1664 813//1664
f 828//1665 813//1665 829//1665
f 829//1666 813//1666 814//1666
f 829//1667 814//1667 830//1667
f 830//1668 814//1668 815//1668
f 830//1669 815//1669 831//1669
f 831//1670 815//1670 816//1670
f 831//1671 816//1671 832//1671
f 832//1672 816//1672 817//1672
f 832//1673 817//1673 833//1673
f 833//1674 817//1674 803//1674
f 833//1675 803//1675 819//1675
f 835//1676 819//1676 818//1676
f 835//1677 818//1677 834//1677
f 834//1678 818//1678 820//1678
f 834//1679 820//1679 836//1679
f 836//1680 820//1680 821//1680
f 836//1681 821//1681 837//1681
f 837//1682 821//1682 822//1682
f 837//1683 822//1683 838//1683
f 838//1684 822//1684 823//1684
f 838//1685 823//1685 839//1685
f 839//1686 823//1686 824//1686
f 839//1687 824//1687 840//1687
f 840//1688 824//1688 825//1688
f 840//1689 825//1689 841//1689
f 841//1690 825//1690 826//1690
f 841//1691 826//1691 842//1691
f 842//1692 826//1692 827//1692
f 842//1693 827//1693 843//1693
f 843//1694 827//1694 828//1694
f 843//1695 828//1695 844//1695
f 844//1696 828//1696 829//1696
f 844//1697 829//1697 845//1697
f 845//1698 829//1698 830//1698
f 845//1699 830//1699 846//1699
f 846//1700 830//1700 831//1700
f 846//1701 831//1701 847//1701
f 847//1702 831//1702 832//1702
f 847//1703 832//1703 848//1703
f 848//1704 832//1704 833//1704
f 848//1705 833//1705 849//1705
f 849//1706 833//1706 819//1706
f 849//1707 819//1707 835//1707
f 851//1708 835//1708 834//1708
f 851//1709 834//1709 850//1709
f 850//1710 834//1710 836//1710
f 850//1711 836//1711 852//1711
f 852//1712 836//1712 837//1712
f 852//1713 837//1713 853//1713
f 853//1714 837//1714 838//1714
f 853//1715 838//1715 854//1715
f 854//1716 838//1716 839//1716
f 854//1717 839//1717 855//1717
f 855//1718 839//1718 840//1718
f 855//1719 840//1719 856//1719
f 856//1720 840//1720 841//1720
f 856//1721 841//1721 857//1721
f 857//1722 841//1722 842//1722
f 857//1723 842//1723 858//1723
f 858//1724 842//1724 843//1724
f 858//1725 843//1725 859//1725
f 859//1726 843//1726 844//1726
f 859//1727 844//1727 860//1727
f 860//1728 844//1728 845//1728
f 860//1729 845//1729 861//1729
f 861//1730 845//1730 846//1730
f 861//1731 846//1731 862//1731
f 862//1732 846//1732 847//1732
f 862//1733 847//1733 863//1733
f 863//1734 847//1734 848//1734
f 863//1735 848//1735 864//1735
f 864//1736 848//1736 849//1736
f 864//1737 849//1737 865//1737
f 865//1738 849//1738 835//1738
f 865//1739 835//1739 851//1739
f 867//1740 851//1740 850//1740
f 867//1741 850//1741 866//1741
f 866//1742 850//1742 852//1742
f 866//1743 852//1743 868//1743
f 868//1744 852//1744 853//1744
f 868//1745 853//1745 869//1745
f 869//1746 853//1746 854//1746
f 869//1747 854//1747 870//1747
f 870//1748 854//1748 855//1748
f 870//1749 855//1749 871//1749
f 871//1750 855//1750 856//1750
f 871//1751 856//1751 872//1751
f 872//1752 856//1752 857//1752
f 872//1753 857//1753 873//1753
f 873//1754 857//1754 858//1754
f 873//1755 858//1755 874//1755
f 874//1756 858//1756 859//1756
f 874//1757 859//1757 875//1757
f 875//1758 859//1758 860//1758
f 875//1759 860//1759 876//1759
f 876//1760 860//1760 861//1760
f 876//1761 861//1761 877//1761
f 877//1762 861//1762 862//1762
f 877//1763 862//1763 878//1763
f 878//1764 862//1764 863//1764
f 878//1765 863//1765 879//1765
f 879//1766 863//1766 864//1766
f 879//1767 864//1767 880//1767
f 880//1768 864//1768 865//1768
f 880//1769 865//1769 881//1769
f 881//1770 865//1770 851//1770
f 881//1771 851//1771 867//1771
f 883//1772 867//1772 866//1772
f 883//1773 866//1773 882//1773
f 882//1774 866//1774 868//1774
f 882//1775 868//1775 884//1775
f 884//1776 868//1776 869//1776
f 884//1777 869//1777 885//1777
f 885//1778 869//1778 870//1778
f 885//1779 870//1779 886//1779
f 886//1780 870//1780 871//1780
f 886//1781 871//1781 887//1781
f 887//1782 871//1782 872//1782
f 887//1783 872//1783 888//1783
f 888//1784 872//1784 873//1784
f 888//1785 873//1785 889//1785
f 889//1786 873//1786 874//1786
f 889//1787 874//1787 890//1787
f 890//1788 874//1788 875//1788
f 890//1789 875//1789 891//1789
f 891//1790 875//1790 876//1790
f 891//1791 876//1791 892//1791
f 892//1792 876//1792 877//1792
f 892//1793 877//1793 893//1793
f 893//1794 877//1794 878//1794
f 893//1795 878//1795 894//1795
f 894//1796 878//1796 879//1796
f 894//1797 879//1797 895//1797
f 895//1798 879//1798 880//1798
f 895//1799 880//1799 896//1799
f 896//1800 880//1800 881//1800
f 896//1801 881//1801 897//1801
f 897//1802 881//1802 867//1802
f 897//1803 867//1803 883//1803
f 899//1804 883//1804 882//1804
f 899//1805 882//1805 898//1805
f 898//1806 882//1806 884//1806
f 898//1807 884//1807 900//1807
f 900//1808 884//1808 885//1808
f 900//1809 885//1809 901//1809
f 901//1810 885//1810 886//1810
f 901//1811 886//1811 902//1811
f 902//1812 886//1812 887//1812
f 902//1813 887//1813 903//1813
f 903//1814 887//1814 888//1814
f 903//1815 888//1815 904//1815
f 904//1816 888//1816 889//1816
f 904//1817 889//1817 905//1817
f 905//1818 889//1818 890//1818
f 905//1819 890//1819 906//1819
f 906//1820 890//1820 891//1820
f 906//1821 891//1821 907//1821
f 907//1822 891//1822 892//1822
f 907//1823 892//1823 908//1823
f 908//1824 892//1824 893//1824
f 908//1825 893//1825 909//1825
f 909//1826 893//1826 894//1826
f 909//1827 894//1827 910//1827
f 910//1828 894//1828 895//1828
f 910//1829 895//1829 911//1829
f 911//1830 895//1830 896//1830
f 911//1831 896//1831 912//1831
f 912//1832 896//1832 897//1832
f 912//1833 897//1833 913//1833
f 913//1834 897//1834 883//1834
f 913//1835 883//1835 899//1835
f 915//1836 899//1836 898//1836
f 915//1837 898//1837 914//1837
f 914//1838 898//1838 900//1838
f 914//1839 900//1839 916//1839
f 916//1840 900//1840 901//1840
f 916//1841 901//1841 917//1841
f 917//1842 901//1842 902//1842
f 917//1843 902//1843 918//1843
f 918//1844 902//1844 903//1844
f 918//1845 903//1845 919//1845
f 919//1846 903//1846 904//1846
f 919//1847 904//1847 920//1847
f 920//1848 904//1848 905//1848
f 920//1849 905//1849 921//1849
f 921//1850 905//1850 906//1850
f 921//1851 906//1851 922//1851
f 922//1852 906//1852 907//1852
f 922//1853 907//1853 923//1853
f 923//1854 907//1854 908//1854
f 923//1855 908//1855 924//1855
f 924//1856 908//1856 909//1856
f 924//1857 909//1857 925//1857
f 925//1858 909//1858 910//1858
f 925//1859 910//1859 926//1859
f 926//1860 910//1860 911//1860
f 926//1861 911//1861 927//1861
f 927//1862 911//1862 912//1862
f 927//1863 912//1863 928//1863
f 928//1864 912//1864 913//1864
f 928//1865 913//1865 929//1865
f 929//1866 913//1866 899//1866
f 929//1867 899//1867 915//1867
f 931//1868 915//1868 914//1868
f 931//1869 914//1869 930//1869
f 930//1870 914//1870 916//1870
f 930//1871 916//1871 932//1871
f 932//1872 916//1872 917//1872
f 932//1873 917//1873 933//1873
f 933//1874 917//1874 918//1874
f 933//1875 918//1875 934//1875
f 934//1876 918//1876 919//1876
f 934//1877 919//1877 935//1877
f 935//1878 919//1878 920//1878
f 935//1879 920//1879 936//1879
f 936//1880 920//1880 921//1880
f 936//1881 921//1881 937//1881
f 937//1882 921//1882 922//1882
f 937//1883 922//1883 938//1883
f 938//1884 922//1884 923//1884
f 938//1885 923//1885 939//1885
f 939//1886 923//1886 924//1886
f 939//1887 924//1887 940//1887
f 940//1888 924//1888 925//1888
f 940//1889 925//1889 941//1889
f 941//1890 925//1890 926//1890
f 941//1891 926//1891 942//1891
f 942//1892 926//1892 927//1892
f 942//1893 927//1893 943//1893
f 943//1894 927//1894 928//1894
f 943//1895 928//1895 944//1895
f 944//1896 928//1896 929//1896
f 944//1897 929//1897 945//1897
f 945//1898 929//1898 915//1898
f 945//1899 915//1899 931//1899
f 947//1900 931//1900 930//1900
f 947//1901 930//1901 946//1901
f 946//1902 930//1902 932//1902
f 946//1903 932//1903 948//1903
f 948//1904 932//1904 933//1904
f 948//1905 933//1905 949//1905
f 949//1906 933//1906 934//1906
f 949//1907 934//1907 950//1907
f 950//1908 934//1908 935//1908
f 950//1909 935//1909 951//1909
f 951//1910 935//1910 936//1910
f 951//1911 936//1911 952//1911
f 952//1912 936//1912 937//1912
f 952//1913 937//1913 953//1913
f 953//1914 937//1914 938//1914
f 953//1915 938//1915 954//1915
f 954//1916 938//1916 939//1916
f 954//1917 939//1917 955//1917
f 955//1918 939//1918 940//1918
f 955//1919 940//1919 956//1919
f 956//1920 940//1920 941//1920
f 956//1921 941//1921 957//1921
f 957//1922 941//1922 942//1922
f 957//1923 942//1923 958//1923
f 958//1924 942//1924 943//1924
f 958//1925 943//1925 959//1925
f 959//1926 943//1926 944//1926
f 959//1927 944//1927 960//1927
f 960//1928 944//1928 945//1928
f 960//1929 945//1929 961//1929
f 961//1930 945//1930 931//1930
f 961//1931 931//1931 947//1931
f 963//1932 947//1932 946//1932
f 963//1933 946//1933 962//1933
f 962//1934 946//1934 948//1934
f 962//1935 948//1935 964//1935
f 964//1936 948//1936 949//1936
f 964//1937 949//1937 965//1937
f 965//1938 949//1938 950//1938
f 965//1939 950//1939 966//1939
f 966//1940 950//1940 951//1940
f 966//1941 951//1941 967//1941
f 967//1942 951//1942 952//1942
f 967//1943 952//1943 968//1943
f 968//1944 952//1944 953//1944
f 968//1945 953//1945 969//1945
f 969//1946 953//1946 954//1946
f 969//1947 954//1947 970//1947
f 970//1948 954//1948 955//1948
f 970//1949 955//1949 971//1949
f 971//1950 955//1950 956//1950
f 971//1951 956//1951 972//1951
f 972//1952 956//1952 957//1952
f 972//1953 957//1953 973//1953
f 973//1954 957//1954 958//1954
f 973//1955 958//1955 974//1955
f 974//1956 958//1956 959//1956
f 974//1957 959//1957 975//1957
f 975//1958 959//1958 960//1958
f 975//1959 960//1959 976//1959
f 976//1960 960//1960 961//1960
f 976//1961 961//1961 977//1961
f 977//1962 961//1962 947//1962
f 977//1963 947//1963 963//1963
f 979//1964 963//1964 962//1964
f 979//1965 962//1965 978//1965
f 978//1966 962//1966 964//1966
f 978//1967 964//1967 980//1967
f 980//1968 964//1968 965//1968
f 980//1969 965//1969 981//1969
f 981//1970 965//1970 966//1970
f 981//1971 966//1971 982//1971
f 982//1972 966//1972 967//1972
f 982//1973 967//1973 983//1973
f 983//1974 967//1974 968//1974
f 983//1975 968//1975 984//1975
f 984//1976 968//1976 969//1976
f 984//1977 969//1977 985//1977
f 985//1978 969//1978 970//1978
f 985//1979 970//1979 986//1979
f 986//1980 970//1980 971//1980
f 986//1981 971//1981 987//1981
f 987//1982 971//1982 972//1982
f 987//1983 972//1983 988//1983
f 988//1984 972//1984 973//1984
f 988//1985 973//1985 989//1985
f 989//1986 973//1986 974//1986
f 989//1987 974//1987 990//1987
f 990//1988 974//1988 975//1988
f 990//1989 975//1989 991//1989
f 991//1990 975//1990 976//1990
f 991//1991 976//1991 992//1991
f 992//1992 976//1992 977//1992
f 992//1993 977//1993 993//1993
f 993//1994 977//1994 963//1994
f 993//1995 963//1995 979//1995
f 995//1996 979//1996 978//1996
f 995//1997 978//1997 994//1997
f 994//1998 978//1998 980//1998
f 994//1999 980//1999 996//1999
f 996//2000 980//2000 981//2000
f 996//2001 981//2001 997//2001
f 997//2002 981//2002 982//2002
f 997//2003 982//2003 998//2003
f 998//2004 982//2004 983//2004
f 998//2005 983//2005 999//2005
f 999//2006 983//2006 984//2006
f 999//2007 984//2007 1000//2007
f 1000//2008 984//2008 985//2008
f 1000//2009 985//2009 1001//2009
f 1001//2010 985//2010 986//2010
f 1001//2011 986//2011 1002//2011
f 1002//2012 986//2012 987//2012
f 1002//2013 987//2013 1003//2013
f 1003//2014 987//2014 988//2014
f 1003//2015 988//2015 1004//2015
f 1004//2016 988//2016 989//2016
f 1004//2017 989//2017 1005//2017
f 1005//2018 989//2018 990//2018
f 1005//2019 990//2019 1006//2019
f 1006//2020 990//2020 991//2020
f 1006//2021 991//2021 1007//2021
f 1007//2022 991//2022 992//2022
f 1007//2023 992//2023 1008//2023
f 1008//2024 992//2024 993//2024
f 1008//2025 993//2025 1009//2025
f 1009//2026 993//2026 979//2026
f 1009//2027 979//2027 995//2027
f 1011//2028 995//2028 994//2028
f 1011//2029 994//2029 1010//2029
f 1010//2030 994//2030 996//2030
f 1010//2031 996//2031 1012//2031
f 1012//2032 996//2032 997//2032
f 1012//2033 997//2033 1013//2033
f 1013//2034 997//2034 998//2034
f 1013//2035 998//2035 1014//2035
f 1014//2036 998//2036 999//2036
f 1014//2037 999//2037 1015//2037
f 1015//2038 999//2038 1000//2038
f 1015//2039 1000//2039 1016//2039
f 1016//2040 1000//2040 1001//2040
f 1016//2041 1001//2041 1017//2041
f 1017//2042 1001//2042 1002//2042
f 1017//2043 1002//2043 1018//2043
f 1018//2044 1002//2044 1003//2044
f 1018//2045 1003//2045 1019//2045
f 1019//2046 1003//2046 1004//2046
f 1019//2047 1004//2047 1020//2047
f 1020//2048 1004//2048 1005//2048
f 1020//2049 1005//2049 1021//2049
f 1021//2050 1005//2050 1006//2050
f 1021//2051 1006//2051 1022//2051
f 1022//2052 1006//2052 1007//2052
f 1022//2053 1007//2053 1023//2053
f 1023//2054 1007//2054 1008//2054
f 1023//2055 1008//2055 1024//2055
f 1024//2056 1008//2056 1009//2056
f 1024//2057 1009//2057 1025//2057
f 1025//2058 1009//2058 995//2058
f 1025//2059 995//2059 1011//2059
f 1027//2060 1011//2060 1010//2060
f 1027//2061 1010//2061 1026//2061
f 1026//2062 1010//2062 1012//2062
f 1026//2063 1012//2063 1028//2063
f 1028//2064 1012//2064 1013//2064
f 1028//2065 1013//2065 1029//2065
f 1029//2066 1013//2066 1014//2066
f 1029//2067 1014//2067 1030//2067
f 1030//2068 1014//2068 1015//2068
f 1030//2069 1015//2069 1031//2069
f 1031//2070 1015//2070 1016//2070
f 1031//2071 1016//2071 1032//2071
f 1032//2072 1016//2072 1017//2072
f 1032//2073 1017//2073 1033//2073
f 1033//2074 1017//2074 1018//2074
f 1033//2075 1018//2075 1034//2075
f 1034//2076 1018//2076 1019//2076
f 1034//2077 1019//2077 1035//2077
f 1035//2078 1019//2078 1020//2078
f 1035//2079 1020//2079 1036//2079
f 1036//2080 1020//2080 1021//2080
f 1036//2081 1021//2081 1037//2081
f 1037//2082 1021//2082 1022//2082
f 1037//2083 1022//2083 1038//2083
f 1038//2084 1022//2084 1023//2084
f 1038//2085 1023//2085 1039//2085
f 1039//2086 1023//2086 1024//2086
f 1039//2087 1024//2087 1040//2087
f 1040//2088 1024//2088 1025//2088
f 1040//2089 1025//2089 1041//2089
f 1041//2090 1025//2090 1011//2090
f 1041//2091 1011//2091 1027//2091
f 1043//2092 1027//2092 1026//2092
f 1043//2093 1026//2093 1042//2093
f 1042//2094 1026//2094 1028//2094
f 1042//2095 1028//2095 1044//2095
f 1044//2096 1028//2096 1029//2096
f 1044//2097 1029//2097 1045//2097
f 1045//2098 1029//2098 1030//2098
f 1045//2099 1030//2099 1046//2099
f 1046//2100 1030//2100 1031//2100
f 1046//2101 1031//2101 1047//2101
f 1047//2102 1031//2102 1032//2102
f 1047//2103 1032//2103 1048//2103
f 1048//2104 1032//2104 1033//2104
f 1048//2105 1033//2105 1049//2105
f 1049//2106 1033//2106 1034//2106
f 1049//2107 1034//2107 1050//2107
f 1050//2108 1034//2108 1035//2108
f 1050//2109 1035//2109 1051//2109
f 1051//2110 1035//2110 1036//2110
f 1051//2111 1036//2111 1052//2111
f 1052//2112 1036//2112 1037//2112
f 1052//2113 1037//2113 1053//2113
f 1053//2114 1037//2114 1038//2114
f 1053//2115 1038//2115 1054//2115
f 1054//2116 1038//2116 1039//2116
f 1054//2117 1039//2117 1055//2117
f 1055//2118 1039//2118 1040//2118
f 1055//2119 1040//2119 1056//2119
f 1056//2120 1040//2120 1041//2120
f 1056//2121 1041//2121 1057//2121
f 1057//2122 1041//2122 1027//2122
f 1057//2123 1027//2123 1043//2123
f 1059//2124 1043//2124 1042//2124
f 1059//2125 1042//2125 1058//2125
f 1058//2126 1042//2126 1044//2126
f 1058//2127 1044//2127 1060//2127
f 1060//2128 1044//2128 1045//2128
f 1060//2129 1045//2129 1061//2129
f 1061//2130 1045//2130 1046//2130
f 1061//2131 1046//2131 1062//2131
f 1062//2132 1046//2132 1047//2132
f 1062//2133 1047//2133 1063//2133
f 1063//2134 1047//2134 1048//2134
f 1063//2135 1048//2135 1064//2135
f 1064//2136 1048//2136 1049//2136
f 1064//2137 1049//2137 1065//2137
f 1065//2138 1049//2138 1050//2138
f 1065//2139 1050//2139 1066//2139
f 1066//2140 1050//2140 1051//2140
f 1066//2141 1051//2141 1067//2141
f 1067//2142 1051//2142 1052//2142
f 1067//2143 1052//2143 1068//2143
f 1068//2144 1052//2144 1053//2144
f 1068//2145 1053//2145 1069//2145
f 1069//2146 1053//2146 1054//2146
f 1069//2147 1054//2147 1070//2147
f 1070//2148 1054//2148 1055//2148
f 1070//2149 1055//2149 1071//2149
f 1071//2150 1055//2150 1056//2150
f 1071//2151 1056//2151 1072//2151
f 1072//2152 1056//2152 1057//2152
f 1072//2153 1057//2153 1073//2153
f 1073//2154 1057//2154 1043//2154
f 1073//2155 1043//2155 1059//2155
f 1075//2156 1059//2156 1058//2156
f 1075//2157 1058//2157 1074//2157
f 1074//2158 1058//2158 1060//2158
f 1074//2159 1060//2159 1076//2159
f 1076//2160 1060//2160 1061//2160
f 1076//2161 1061//2161 1077//2161
f 1077//2162 1061//2162 1062//2162
f 1077//2163 1062//2163 1078//2163
f 1078//2164 1062//2164 1063//2164
f 1078//2165 1063//2165 1079//2165
f 1079//2166 1063//2166 1064//2166
f 1079//2167 1064//2167 1080//2167
f 1080//2168 1064//2168 1065//2168
f 1080//2169 1065//2169 1081//2169
f 1081//2170 1065//2170 1066//2170
f 1081//2171 1066//2171 1082//2171
f 1082//2172 1066//2172 1067//2172
f 1082//2173 1067//2173 1083//2173
f 1083//2174 1067//2174 1068//2174
f 1083//2175 1068//2175 1084//2175
f 1084//2176 1068//2176 1069//2176
f 1084//2177 1069//2177 1085//2177
f 1085//2178 1069//2178 1070//2178
f 1085//2179 1070//2179 1086//2179
f 1086//2180 1070//2180 1071//2180
f 1086//2181 1071//2181 1087//2181
f 1087//2182 1071//2182 1072//2182
f 1087//2183 1072//2183 1088//2183
f 1088//2184 1072//2184 1073//2184
f 1088//2185 1073//2185 1089//2185
f 1089//2186 1073//2186 1059//2186
f 1089//2187 1059//2187 1075//2187
f 1091//2188 1075//2188 1074//2188
f 1091//2189 1074//2189 1090//2189
f 1090//2190 1074//2190 1076//2190
f 1090//2191 1076//2191 1092//2191
f 1092//2192 1076//2192 1077//2192
f 1092//2193 1077//2193 1093//2193
f 1093//2194 1077//2194 1078//2194
f 1093//2195 1078//2195 1094//2195
f 1094//2196 1078//2196 1079//2196
f 1094//2197 1079//2197 1095//2197
f 1095//2198 1079//2198 1080//2198
f 1095//2199 1080//2199 1096//2199
f 1096//2200 1080//2200 1081//2200
f 1096//2201 1081//2201 1097//2201
f 1097//2202 1081//2202 1082//2202
f 1097//2203 1082//2203 1098//2203
f 1098//2204 1082//2204 1083//2204
f 1098//2205 1083//2205 1099//2205
f 1099//2206 1083//2206 1084//2206
f 1099//2207 1084//2207 1100//2207
f 1100//2208 1084//2208 1085//2208
f 1100//2209 1085//2209 1101//2209
f 1101//2210 1085//2210 1086//2210
f 1101//2211 1086//2211 1102//2211
f 1102//2212 1086//2212 1087//2212
f 1102//2213 1087//2213 1103//2213
f 1103//2214 1087//2214 1088//2214
f 1103//2215 1088//2215 1104//2215
f 1104//2216 1088//2216 1089//2216
f 1104//2217 1089//2217 1105//2217
f 1105//2218 1089//2218 1075//2218
f 1105//2219 1075//2219 1091//2219
f 1107//2220 1091//2220 1090//2220
f 1107//2221 1090//2221 1106//2221
f 1106//2222 1090//2222 1092//2222
f 1106//2223 1092//2223 1108//2223
f 1108//2224 1092//2224 1093//2224
f 1108//2225 1093//2225 1109//2225
f 1109//2226 1093//2226 1094//2226
f 1109//2227 1094//2227 1110//2227
f 1110//2228 1094//2228 1095//2228
f 1110//2229 1095//2229 1111//2229
f 1111//2230 1095//2230 1096//2230
f 1111//2231 1096//2231 1112//2231
f 1112//2232 1096//2232 1097//2232
f 1112//2233 1097//2233 1113//2233
f 1113//2234 1097//2234 1098//2234
f 1113//2235 1098//2235 1114//2235
f 1114//2236 1098//2236 1099//2236
f 1114//2237 1099//2237 1115//2237
f 1115//2238 1099//2238 1100//2238
f 1115//2239 1100//2239 1116//2239
f 1116//2240 1100//2240 1101//2240
f 1116//2241 1101//2241 1117//2241
f 1117//2242 1101//2242 1102//2242
f 1117//2243 1102//2243 1118//2243
f 1118//2244 1102//2244 1103//2244
f 1118//2245 1103//2245 1119//2245
f 1119//2246 1103//2246 1104//2246
f 1119//2247 1104//2247 1120//2247
f 1120//2248 1104//2248 1105//2248
f 1120//2249 1105//2249 1121//2249
f 1121//2250 1105//2250 1091//2250
f 1121//2251 1091//2251 1107//2251
f 1123//2252 1107//2252 1106//2252
f 1123//2253 1106//2253 1122//2253
f 1122//2254 1106//2254 1108//2254
f 1122//2255 1108//2255 1124//2255
f 1124//2256 1108//2256 1109//2256
f 1124//2257 1109//2257 1125//2257
f 1125//2258 1109//2258 1110//2258
f 1125//2259 1110//2259 1126//2259
f 1126//2260 1110//2260 1111//2260
f 1126//2261 1111//2261 1127//2261
f 1127//2262 1111//2262 1112//2262
f 1127//2263 1112//2263 1128//2263
f 1128//2264 1112//2264 1113//2264
f 1128//2265 1113//2265 1129//2265
f 1129//2266 1113//2266 1114//2266
f 1129//2267 1114//2267 1130//2267
f 1130//2268 1114//2268 1115//2268
f 1130//2269 1115//2269 1131//2269
f 1131//2270 1115//2270 1116//2270
f 1131//2271 1116//2271 1132//2271
f 1132//2272 1116//2272 1117//2272
f 1132//2273 1117//2273 1133//2273
f 1133//2274 1117//2274 1118//2274
f 1133//2275 1118//2275 1134//2275
f 1134//2276 1118//2276 1119//2276
f 1134//2277 1119//2277 1135//2277
f 1135//2278 1119//2278 1120//2278
f 1135//2279 1120//2279 1136//2279
f 1136//2280 1120//2280 1121//2280
f 1136//2281 1121//2281 1137//2281
f 1137//2282 1121//2282 1107//2282
f 1137//2283 1107//2283 1123//2283
f 1139//2284 1123//2284 1122//2284
f 1139//2285 1122//2285 1138//2285
f 1138//2286 1122//2286 1124//2286
f 1138//2287 1124//2287 1140//2287
f 1140//2288 1124//2288 1125//2288
f 1140//2289 1125//2289 1141//2289
f 1141//2290 1125//2290 1126//2290
f 1141//2291 1126//2291 1142//2291
f 1142//2292 1126//2292 1127//2292
f 1142//2293 1127//2293 1143//2293
f 1143//2294 1127//2294 1128//2294
f 1143//2295 1128//2295 1144//2295
f 1144//2296 1128//2296 1129//2296
f 1144//2297 1129//2297 1145//2297
f 1145//2298 1129//2298 1130//2298
f 1145//2299 1130//2299 1146//2299
f 1146//2300 1130//2300 1131//2300
f 1146//2301 1131//2301 1147//2301
f 1147//2302 1131//2302 1132//2302
f 1147//2303 1132//2303 1148//2303
f 1148//2304 1132//2304 1133//2304
f 1148//2305 1133//2305 1149//2305
f 1149//2306 1133//2306 1134//2306
f 1149//2307 1134//2307 1150//2307
f 1150//2308 1134//2308 1135//2308
f 1150//2309 1135//2309 1151//2309
f 1151//2310 1135//2310 1136//2310
f 1151//2311 1136//2311 1152//2311
f 1152//2312 1136//2312 1137//2312
f 1152//2313 1137//2313 1153//2313
f 1153//2314 1137//2314 1123//2314
f 1153//2315 1123//2315 1139//2315
f 1155//2316 1139//2316 1138//2316
f 1155//2317 1138//2317 1154//2317
f 1154//2318 1138//2318 1140//2318
f 1154//2319 1140//2319 1156//2319
f 1156//2320 1140//2320 1141//2320
f 1156//2321 1141//2321 1157//2321
f 1157//2322 1141//2322 1142//2322
f 1157//2323 1142//2323 1158//2323
f 1158//2324 1142//2324 1143//2324
f 1158//2325 1143//2325 1159//2325
f 1159//2326 1143//2326 1144//2326
f 1159//2327 1144//2327 1160//2327
f 1160//2328 1144//2328 1145//2328
f 1160//2329 1145//2329 1161//2329
f 1161//2330 1145//2330 1146//2330
f 1161//2331 1146//2331 1162//2331
f 1162//2332 1146//2332 1147//2332
f 1162//2333 1147//2333 1163//2333
f 1163//2334 1147//2334 1148//2334
f 1163//2335 1148//2335 1164//2335
f 1164//2336 1148//2336 1149//2336
f 1164//2337 1149//2337 1165//2337
f 1165//2338 1149//2338 1150//2338
f 1165//2339 1150//2339 1166//2339
f 1166//2340 1150//2340 1151//2340
f 1166//2341 1151//2341 1167//2341
f 1167//2342 1151//2342 1152//2342
f 1167//2343 1152//2343 1168//2343
f 1168//2344 1152//2344 1153//2344
f 1168//2345 1153//2345 1169//2345
f 1169//2346 1153//2346 1139//2346
f 1169//2347 1139//2347 1155//2347
f 1171//2348 1155//2348 1154//2348
f 1171//2349 1154//2349 1170//2349
f 1170//2350 1154//2350 1156//2350
f 1170//2351 1156//2351 1172//2351
f 1172//2352 1156//2352 1157//2352
f 1172//2353 1157//2353 1173//2353
f 1173//2354 1157//2354 1158//2354
f 1173//2355 1158//2355 1174//2355
f 1174//2356 1158//2356 1159//2356
f 1174//2357 1159//2357 1175//2357
f 1175//2358 1159//2358 1160//2358
f 1175//2359 1160//2359 1176//2359
f 1176//2360 1160//2360 1161//2360
f 1176//2361 1161//2361 1177//2361
f 1177//2362 1161//2362 1162//2362
f 1177//2363 1162//2363 1178//2363
f 1178//2364 1162//2364 1163//2364
f 1178//2365 1163//2365 1179//2365
f 1179//2366 1163//2366 1164//2366
f 1179//2367 1164//2367 1180//2367
f 1180//2368 1164//2368 1165//2368
f 1180//2369 1165//2369 1181//2369
f 1181//2370 1165//2370 1166//2370
f 1181//2371 1166//2371 1182//2371
f 1182//2372 1166//2372 1167//2372
f 1182//2373 1167//2373 1183//2373
f 1183//2374 1167//2374 1168//2374
f 1183//2375 1168//2375 1184//2375
f 1184//2376 1168//2376 1169//2376
f 1184//2377 1169//2377 1185//2377
f 1185//2378 1169//2378 1155//2378
f 1185//2379 1155//2379 1171//2379
f 1187//2380 1171//2380 1170//2380
f 1187//2381 1170//2381 1186//2381
f 1186//2382 1170//2382 1172//2382
f 1186//2383 1172//2383 1188//2383
f 1188//2384 1172//2384 1173//2384
f 1188//2385 1173//2385 1189//2385
f 1189//2386 1173//2386 1174//2386
f 1189//2387 1174//2387 1190//2387
f 1190//2388 1174//2388 1175//2388
f 1190//2389 1175//2389 1191//2389
f 1191//2390 1175//2390 1176//2390
f 1191//2391 1176//2391 1192//2391
f 1192//2392 1176//2392 1177//2392
f 1192//2393 1177//2393 1193//2393
f 1193//2394 1177//2394 1178//2394
f 1193//2395 1178//2395 1194//2395
f 1194//2396 1178//2396 1179//2396
f 1194//2397 1179//2397 1195//2397
f 1195//2398 1179//2398 1180//2398
f 1195//2399 1180//2399 1196//2399
f 1196//2400 1180//2400 1181//2400
f 1196//2401 1181//2401 1197//2401
f 1197//2402 1181//2402 1182//2402
f 1197//2403 1182//2403 1198//2403
f 1198//2404 1182//2404 1183//2404
f 1198//2405 1183//2405 1199//2405
f 1199//2406 1183//2406 1184//2406
f 1199//2407 1184//2407 1200//2407
f 1200//2408 1184//2408 1185//2408
f 1200//2409 1185//2409 1201//2409
f 1201//2410 1185//2410 1171//2410
f 1201//2411 1171//2411 1187//2411
f 1203//2412 1187//2412 1186//2412
f 1203//2413 1186//2413 1202//2413
f 1202//2414 1186//2414 1188//2414
f 1202//2415 1188//2415 1204//2415
f 1204//2416 1188//2416 1189//2416
f 1204//2417 1189//2417 1205//2417
f 1205//2418 1189//2418 1190//2418
f 1205//2419 1190//2419 1206//2419
f 1206//2420 1190//2420 1191//2420
f 1206//2421 1191//2421 1207//2421
f 1207//2422 1191//2422 1192//2422
f 1207//2423 1192//2423 1208//2423
f 1208//2424 1192//2424 1193//2424
f 1208//2425 1193//2425 1209//2425
f 1209//2426 1193//2426 1194//2426
f 1209//2427 1194//2427 1210//2427
f 1210//2428 1194//2428 1195//2428
f 1210//2429 1195//2429 1211//2429
f 1211//2430 1195//2430 1196//2430
f 1211//2431 1196//2431 1212//2431
f 1212//2432 1196//2432 1197//2432
f 1212//2433 1197//2433 1213//2433
f 1213//2434 1197//2434 1198//2434
f 1213//2435 1198//2435 1214//2435
f 1214//2436 1198//2436 1199//2436
f 1214//2437 1199//2437 1215//2437
f 1215//2438 1199//2438 1200//2438
f 1215//2439 1200//2439 1216//2439
f 1216//2440 1200//2440 1201//2440
f 1216//2441 1201//2441 1217//2441
f 1217//2442 1201//2442 1187//2442
f 1217//2443 1187//2443 1203//2443
f 1219//2444 1203//2444 1202//2444
f 1219//2445 1202//2445 1218//2445
f 1218//2446 1202//2446 1204//2446
f 1218//2447 1204//2447 1220//2447
f 1220//2448 1204//2448 1205//2448
f 1220//2449 1205//2449 1221//2449
f 1221//2450 1205//2450 1206//2450
f 1221//2451 1206//2451 1222//2451
f 1222//2452 1206//2452 1207//2452
f 1222//2453 1207//2453 1223//2453
f 1223//2454 1207//2454 1208//2454
f 1223//2455 1208//2455 1224//2455
f 1224//2456 1208//2456 1209//2456
f 1224//2457 1209//2457 1225//2457
f 1225//2458 1209//2458 1210//2458
f 1225//2459 1210//2459 1226//2459
f 1226//2460 1210//2460 1211//2460
f 1226//2461 1211//2461 1227//2461
f 1227//2462 1211//2462 1212//2462
f 1227//2463 1212//2463 1228//2463
f 1228//2464 1212//2464 1213//2464
f 1228//2465 1213//2465 1229//2465
f 1229//2466 1213//2466 1214//2466
f 1229//2467 1214//2467 1230//2467
f 1230//2468 1214//2468 1215//2468
f 1230//2469 1215//2469 1231//2469
f 1231//2470 1215//2470 1216//2470
f 1231//2471 1216//2471 1232//2471
f 1232//2472 1216//2472 1217//2472
f 1232//2473 1217//2473 1233//2473
f 1233//2474 1217//2474 1203//2474
f 1233//2475 1203//2475 1219//2475
f 1235//2476 1219//2476 1218//2476
f 1235//2477 1218//2477 1234//2477
f 1234//2478 1218//2478 1220//2478
f 1234//2479 1220//2479 1236//2479
f 1236//2480 1220//2480 1221//2480
f 1236//2481 1221//2481 1237//2481
f 1237//2482 1221//2482 1222//2482
f 1237//2483 1222//2483 1238//2483
f 1238//2484 1222//2484 1223//2484
f 1238//2485 1223//2485 1239//2485
f 1239//2486 1223//2486 1224//2486
f 1239//2487 1224//2487 1240//2487
f 1240//2488 1224//2488 1225//2488
f 1240//2489 1225//2489 1241//2489
f 1241//2490 1225//2490 1226//2490
f 1241//2491 1226//2491 1242//2491
f 1242//2492 1226//2492 1227//2492
f 1242//2493 1227//2493 1243//2493
f 1243//2494 1227//2494 1228//2494
f 1243//2495 1228//2495 1244//2495
f 1244//2496 1228//2496 1229//2496
f 1244//2497 1229//2497 1245//2497
f 1245//2498 1229//2498 1230//2498
f 1245//2499 1230//2499 1246//2499
f 1246//2500 1230//2500 1231//2500
f 1246//2501 1231//2501 1247//2501
f 1247//2502 1231//2502 1232//2502
f 1247//2503 1232//2503 1248//2503
f 1248//2504 1232//2504 1233//2504
f 1248//2505 1233//2505 1249//2505
f 1249//2506 1233//2506 1219//2506
f 1249//2507 1219//2507 1235//2507
f 1251//2508 1235//2508 1234//2508
f 1251//2509 1234//2509 1250//2509
f 1250//2510 1234//2510 1236//2510
f 1250//2511 1236//2511 1252//2511
f 1252//2512 1236//2512 1237//2512
f 1252//2513 1237//2513 1253//2513
f 1253//2514 1237//2514 1238//2514
f 1253//2515 1238//2515 1254//2515
f 1254//2516 1238//2516 1239//2516
f 1254//2517 1239//2517 1255//2517
f 1255//2518 1239//2518 1240//2518
f 1255//2519 1240//2519 1256//2519
f 1256//2520 1240//2520 1241//2520
f 1256//2521 1241//2521 1257//2521
f 1257//2522 1241//2522 1242//2522
f 1257//2523 1242//2523 1258//2523
f 1258//2524 1242//2524 1243//2524
f 1258//2525 1243//2525 1259//2525
f 1259//2526 1243//2526 1244//2526
f 1259//2527 1244//2527 1260//2527
f 1260//2528 1244//2528 1245//2528
f 1260//2529 1245//2529 1261//2529
f 1261//2530 1245//2530 1246//2530
f 1261//2531 1246//2531 1262//2531
f 1262//2532 1246//2532 1247//2532
f 1262//2533 1247//2533 1263//2533
f 1263//2534 1247//2534 1248//2534
f 1263//2535 1248//2535 1264//2535
f 1264//2536 1248//2536 1249//2536
f 1264//2537 1249//2537 1265//2537
f 1265//2538 1249//2538 1235//2538
f 1265//2539 1235//2539 1251//2539
f 1267//2540 1251//2540 1250//2540
f 1267//2541 1250//2541 1266//2541
f 1266//2542 1250//2542 1252//2542
f 1266//2543 1252//2543 1268//2543
f 1268//2544 1252//2544 1253//2544
f 1268//2545 1253//2545 1269//2545
f 1269//2546 1253//2546 1254//2546
f 1269//2547 1254//2547 1270//2547
f 1270//2548 1254//2548 1255//2548
f 1270//2549 1255//2549 1271//2549
f 1271//2550 1255//2550 1256//2550
f 1271//2551 1256//2551 1272//2551
f 1272//2552 1256//2552 1257//2552
f 1272//2553 1257//2553 1273//2553
f 1273//2554 1257//2554 1258//2554
f 1273//2555 1258//2555 1274//2555
f 1274//2556 1258//2556 1259//2556
f 1274//2557 1259//2557 1275//2557
f 1275//2558 1259//2558 1260//2558
f 1275//2559 1260//2559 1276//2559
f 1276//2560 1260//2560 1261//2560
f 1276//2561 1261//2561 1277//2561
f 1277//2562 1261//2562 1262//2562
f 1277//2563 1262//2563 1278//2563
f 1278//2564 1262//2564 1263//2564
f 1278//2565 1263//2565 1279//2565
f 1279//2566 1263//2566 1264//2566
f 1279//2567 1264//2567 1280//2567
f 1280//2568 1264//2568 1265//2568
f 1280//2569 1265//2569 1281//2569
f 1281//2570 1265//2570 1251//2570
f 1281//2571 1251//2571 1267//2571
f 1283//2572 1267//2572 1266//2572
f 1283//2573 1266//2573 1282//2573
f 1282//2574 1266//2574 1268//2574
f 1282//2575 1268//2575 1284//2575
f 1284//2576 1268//2576 1269//2576
f 1284//2577 1269//2577 1285//2577
f 1285//2578 1269//2578 1270//2578
f 1285//2579 1270//2579 1286//2579
f 1286//2580 1270//2580 1271//2580
f 1286//2581 1271//2581 1287//2581
f 1287//2582 1271//2582 1272//2582
f 1287//2583 1272//2583 1288//2583
f 1288//2584 1272//2584 1273//2584
f 1288//2585 1273//2585 1289//2585
f 1289//2586 1273//2586 1274//2586
f 1289//2587 1274//2587 1290//2587
f 1290//2588 1274//2588 1275//2588
f 1290//2589 1275//2589 1291//2589
f 1291//2590 1275//2590 1276//2590
f 1291//2591 1276//2591 1292//2591
f 1292//2592 1276//2592 1277//2592
f 1292//2593 1277//2593 1293//2593
f 1293//2594 1277//2594 1278//2594
f 1293//2595 1278//2595 1294//2595
f 1294//2596 1278//2596 1279//2596
f 1294//2597 1279//2597 1295//2597
f 1295//2598 1279//2598 1280//2598
f 1295//2599 1280//2599 1296//2599
f 1296//2600 1280//2600 1281//2600
f 1296//2601 1281//2601 1297//2601
f 1297//2602 1281//2602 1267//2602
f 1297//2603 1267//2603 1283//2603
f 1299//2604 1283//2604 1282//2604
f 1299//2605 1282//2605 1298//2605
f 1298//2606 1282//2606 1284//2606
f 1298//2607 1284//2607 1300//2607
f 1300//2608 1284//2608 1285//2608
f 1300//2609 1285//2609 1301//2609
f 1301//2610 1285//2610 1286//2610
f 1301//2611 1286//2611 1302//2611
f 1302//2612 1286//2612 1287//2612
f 1302//2613 1287//2613 1303//2613
f 1303//2614 1287//2614 1288//2614
f 1303//2615 1288//2615 1304//2615
f 1304//2616 1288//2616 1289//2616
f 1304//2617 1289//2617 1305//2617
f 1305//2618 1289//2618 1290//2618
f 1305//2619 1290//2619 1306//2619
f 1306//2620 1290//2620 1291//2620
f 1306//2621 1291//2621 1307//2621
f 1307//2622 1291//2622 1292//2622
f 1307//2623 1292//2623 1308//2623
f 1308//2624 1292//2624 1293//2624
f 1308//2625 1293//2625 1309//2625
f 1309//2626 1293//2626 1294//2626
f 1309//2627 1294//2627 1310//2627
f 1310//2628 1294//2628 1295//2628
f 1310//2629 1295//2629 1311//2629
f 1311//2630 1295//2630 1296//2630
f 1311//2631 1296//2631 1312//2631
f 1312//2632 1296//2632 1297//2632
f 1312//2633 1297//2633 1313//2633
f 1313//2634 1297//2634 1283//2634
f 1313//2635 1283//2635 1299//2635
f 1315//2636 1299//2636 1298//2636
f 1315//2637 1298//2637 1314//2637
f 1314//2638 1298//2638 1300//2638
f 1314//2639 1300//2639 1316//2639
f 1316//2640 1300//2640 1301//2640
f 1316//2641 1301//2641 1317//2641
f 1317//2642 1301//2642 1302//2642
f 1317//2643 1302//2643 1318//2643
f 1318//2644 1302//2644 1303//2644
f 1318//2645 1303//2645 1319//2645
f 1319//2646 1303//2646 1304//2646
f 1319//2647 1304//2647 1320//2647
f 1320//2648 1304//2648 1305//2648
f 1320//2649 1305//2649 1321//2649
f 1321//2650 1305//2650 1306//2650
f 1321//2651 1306//2651 1322//2651
f 1322//2652 1306//2652 1307//2652
f 1322//2653 1307//2653 1323//2653
f 1323//2654 1307//2654 1308//2654
f 1323//2655 1308//2655 1324//2655
f 1324//2656 1308//2656 1309//2656
f 1324//2657 1309//2657 1325//2657
f 1325//2658 1309//2658 1310//2658
f 1325//2659 1310//2659 1326//2659
f 1326//2660 1310//2660 1311//2660
f 1326//2661 1311//2661 1327//2661
f 1327//2662 1311//2662 1312//2662
f 1327//2663 1312//2663 1328//2663
f 1328//2664 1312//2664 1313//2664
f 1328//2665 1313//2665 1329//2665
f 1329//2666 1313//2666 1299//2666
f 1329//2667 1299//2667 1315//2667
f 1331//2668 1315//2668 1314//2668
f 1331//2669 1314//2669 1330//2669
f 1330//2670 1314//2670 1316//2670
f 1330//2671 1316//2671 1332//2671
f 1332//2672 1316//2672 1317//2672
f 1332//2673 1317//2673 1333//2673
f 1333//2674 1317//2674 1318//2674
f 1333//2675 1318//2675 1334//2675
f 1334//2676 1318//2676 1319//2676
f 1334//2677 1319//2677 1335//2677
f 1335//2678 1319//2678 1320//2678
f 1335//2679 1320//2679 1336//2679
f 1336//2680 1320//2680 1321//2680
f 1336//2681 1321//2681 1337//2681
f 1337//2682 1321//2682 1322//2682
f 1337//2683 1322//2683 1338//2683
f 1338//2684 1322//2684 1323//2684
f 1338//2685 1323//2685 1339//2685
f 1339//2686 1323//2686 1324//2686
f 1339//2687 1324//2687 1340//2687
f 1340//2688 1324//2688 1325//2688
f 1340//2689 1325//2689 1341//2689
f 1341//2690 1325//2690 1326//2690
f 1341//2691 1326//2691 1342//2691
f 1342//2692 1326//2692 1327//2692
f 1342//2693 1327//2693 1343//2693
f 1343//2694 1327//2694 1328//2694
f 1343//2695 1328//2695 1344//2695
f 1344//2696 1328//2696 1329//2696
f 1344//2697 1329//2697 1345//2697
f 1345//2698 1329//2698 1315//2698
f 1345//2699 1315//2699 1331//2699
f 1347//2700 1331//2700 1330//2700
f 1347//2701 1330//2701 1346//2701
f 1346//2702 1330//2702 1332//2702
f 1346//2703 1332//2703 1348//2703
f 1348//2704 1332//2704 1333//2704
f 1348//2705 1333//2705 1349//2705
f 1349//2706 1333//2706 1334//2706
f 1349//2707 1334//2707 1350//2707
f 1350//2708 1334//2708 1335//2708
f 1350//2709 1335//2709 1351//2709
f 1351//2710 1335//2710 1336//2710
f 1351//2711 1336//2711 1352//2711
f 1352//2712 1336//2712 1337//2712
f 1352//2713 1337//2713 1353//2713
f 1353//2714 1337//2714 1338//2714
f 1353//2715 1338//2715 1354//2715
f 1354//2716 1338//2716 1339//2716
f 1354//2717 1339//2717 1355//2717
f 1355//2718 1339//2718 1340//2718
f 1355//2719 1340//2719 1356//2719
f 1356//2720 1340//2720 1341//2720
f 1356//2721 1341//2721 1357//2721
f 1357//2722 1341//2722 1342//2722
f 1357//2723 1342//2723 1358//2723
f 1358//2724 1342//2724 1343//2724
f 1358//2725 1343//2725 1359//2725
f 1359//2726 1343//2726 1344//2726
f 1359//2727 1344//2727 1360//2727
f 1360//2728 1344//2728 1345//2728
f 1360//2729 1345//2729 1361//2729
f 1361//2730 1345//2730 1331//2730
f 1361//2731 1331//2731 1347//2731
f 1363//2732 1347//2732 1346//2732
f 1363//2733 1346//2733 1362//2733
f 1362//2734 1346//2734 1348//2734
f 1362//2735 1348//2735 1364//2735
f 1364//2736 1348//2736 1349//2736
f 1364//2737 1349//2737 1365//2737
f 1365//2738 1349//2738 1350//2738
f 1365//2739 1350//2739 1366//2739
f 1366//2740 1350//2740 1351//2740
f 1366//2741 1351//2741 1367//2741
f 1367//2742 1351//2742 1352//2742
f 1367//2743 1352//2743 1368//2743
f 1368//2744 1352//2744 1353//2744
f 1368//2745 1353//2745 1369//2745
f 1369//2746 1353//2746 1354//2746
f 1369//2747 1354//2747 1370//2747
f 1370//2748 1354//2748 1355//2748
f 1370//2749 1355//2749 1371//2749
f 1371//2750 1355//2750 1356//2750
f 1371//2751 1356//2751 1372//2751
f 1372//2752 1356//2752 1357//2752
f 1372//2753 1357//2753 1373//2753
f 1373//2754 1357//2754 1358//2754
f 1373//2755 1358//2755 1374//2755
f 1374//2756 1358//2756 1359//2756
f 1374//2757 1359//2757 1375//2757
f 1375//2758 1359//2758 1360//2758
f 1375//2759 1360//2759 1376//2759
f 1376//2760 1360//2760 1361//2760
f 1376//2761 1361//2761 1377//2761
f 1377//2762 1361//2762 1347//2762
f 1377//2763 1347//2763 1363//2763
f 1379//2764 1363//2764 1362//2764
f 1379//2765 1362//2765 1378//2765
f 1378//2766 1362//2766 1364//2766
f 1378//2767 1364//2767 1380//2767
f 1380//2768 1364//2768 1365//2768
f 1380//2769 1365//2769 1381//2769
f 1381//2770 1365//2770 1366//2770
f 1381//2771 1366//2771 1382//2771
f 1382//2772 1366//2772 1367//2772
f 1382//2773 1367//2773 1383//2773
f 1383//2774 1367//2774 1368//2774
f 1383//2775 1368//2775 1384//2775
f 1384//2776 1368//2776 1369//2776
f 1384//2777 1369//2777 1385//2777
f 1385//2778 1369//2778 1370//2778
f 1385//2779 1370//2779 1386//2779
f 1386//2780 1370//2780 1371//2780
f 1386//2781 1371//2781 1387//2781
f 1387//2782 1371//2782 1372//2782
f 1387//2783 1372//2783 1388//2783
f 1388//2784 1372//2784 1373//2784
f 1388//2785 1373//2785 1389//2785
f 1389//2786 1373//2786 1374//2786
f 1389//2787 1374//2787 1390//2787
f 1390//2788 1374//2788 1375//2788
f 1390//2789 1375//2789 1391//2789
f 1391//2790 1375//2790 1376//2790
f 1391//2791 1376//2791 1392//2791
f 1392//2792 1376//2792 1377//2792
f 1392//2793 1377//2793 1393//2793
f 1393//2794 1377//2794 1363//2794
f 1393//2795 1363//2795 1379//2795
f 1379//2796 1378//2796 1395//2796
f 1379//2797 1395//2797 1394//2797
f 1396//2798 1395//2798 1378//2798
f 1396//2799 1378//2799 1380//2799
f 1380//2800 1381//2800 1397//2800
f 1380//2801 1397//2801 1396//2801
f 1381//2802 1382//2802 1398//2802
f 1381//2803 1398//2803 1397//2803
f 1382//2804 1383//2804 1399//2804
f 1382//2805 1399//2805 1398//2805
f 1383//2806 1384//2806 1400//2806
f 1383//2807 1400//2807 1399//2807
f 1384//2808 1385//2808 1401//2808
f 1384//2809 1401//2809 1400//2809
f 1385//2810 1386//2810 1402//2810
f 1385//2811 1402//2811 1401//2811
f 1386//2812 1387//2812 1403//2812
f 1386//2813 1403//2813 1402//2813
f 1387//2814 1388//2814 1404//2814
f 1387//2815 1404//2815 1403//2815
f 1388//2816 1389//2816 1405//2816
f 1388//2817 1405//2817 1404//2817
f 1389//2818 1390//2818 1406//2818
f 1389//2819 1406//2819 1405//2819
f 1390//2820 1391//2820 1407//2820
f 1390//2821 1407//2821 1406//2821
f 1391//2822 1392//2822 1408//2822
f 1391//2823 1408//2823 1407//2823
f 1392//2824 1393//2824 1409//2824
f 1392//2825 1409//2825 1408//2825
f 504//2826 505//2826 509//2826
f 504//2827 509//2827 506//2827
f 507//2828 508//2828 513//2828
f 507//2829 513//2829 510//2829
f 511//2830 512//2830 517//2830
f 511//2831 517//2831 514//2831
f 515//2832 516//2832 521//2832
f 515//2833 521//2833 518//2833
f 519//2834 520//2834 525//2834
f 519//2835 525//2835 522//2835
f 523//2836 524//2836 529//2836
f 523//2837 529//2837 526//2837
f 498//2838 527//2838 528//2838
f 498//2839 528//2839 501//2839
f 1379//2840 1394//2840 1409//2840
f 1379//2841 1409//2841 1393//2841
usemtl mat1
f 1413//2842 1412//2842 1411//2842
f 1413//2843 1411//2843 1410//2843
f 1415//2844 1413//2844 1410//2844
f 1415//2845 1410//2845 1414//2845
f 1417//2846 1415//2846 1414//2846
f 1417//2847 1414//2847 1416//2847
f 1419//2848 1417//2848 1416//2848
f 1419//2849 1416//2849 1418//2849
f 1421//2850 1419//2850 1418//2850
f 1421//2851 1418//2851 1420//2851
f 1423//2852 1421//2852 1420//2852
f 1423//2853 1420//2853 1422//2853
f 1425//2854 1423//2854 1422//2854
f 1425//2855 1422//2855 1424//2855
f 1427//2856 1425//2856 1424//2856
f 1427//2857 1424//2857 1426//2857
f 1429//2858 1427//2858 1426//2858
f 1429//2859 1426//2859 1428//2859
f 1431//2860 1429//2860 1428//2860
f 1431//2861 1428//2861 1430//2861
f 1433//2862 1431//2862 1430//2862
f 1433//2863 1430//2863 1432//2863
f 1435//2864 1433//2864 1432//2864
f 1435//2865 1432//2865 1434//2865
f 1437//2866 1435//2866 1434//2866
f 1437//2867 1434//2867 1436//2867
f 1439//2868 1437//2868 1436//2868
f 1439//2869 1436//2869 1438//2869
f 1441//2870 1439//2870 1438//2870
f 1441//2871 1438//2871 1440//2871
f 1440//2872 1442//2872 1441//2872
f 1410//2873 1411//2873 1444//2873
f 1410//2874 1444//2874 1443//2874
f 1414//2875 1410//2875 1443//2875
f 1414//2876 1443//2876 1445//2876
f 1416//2877 1414//2877 1445//2877
f 1416//2878 1445//2878 1446//2878
f 1418//2879 1416//2879 1446//2879
f 1418//2880 1446//2880 1447//2880
f 1420//2881 1418//2881 1447//2881
f 1420//2882 1447//2882 1448//2882
f 1422//2883 1420//2883 1448//2883
f 1422//2884 1448//2884 1449//2884
f 1424//2885 1422//2885 1449//2885
f 1424//2886 1449//2886 1450//2886
f 1426//2887 1424//2887 1450//2887
f 1426//2888 1450//2888 1451//2888
f 1428//2889 1426//2889 1451//2889
f 1428//2890 1451//2890 1452//2890
f 1430//2891 1428//2891 1452//2891
f 1430//2892 1452//2892 1453//2892
f 1432//2893 1430//2893 1453//2893
f 1432//2894 1453//2894 1454//2894
f 1434//2895 1432//2895 1454//2895
f 1434//2896 1454//2896 1455//2896
f 1436//2897 1434//2897 1455//2897
f 1436//2898 1455//2898 1456//2898
f 1438//2899 1436//2899 1456//2899
f 1438//2900 1456//2900 1457//2900
f 1440//2901 1438//2901 1457//2901
f 1440//2902 1457//2902 1458//2902
f 1458//2903 1442//2903 1440//2903
f 1443//2904 1444//2904 1460//2904
f 1443//2905 1460//2905 1459//2905
f 1445//2906 1443//2906 1459//2906
f 1445//2907 1459//2907 1461//2907
f 1446//2908 1445//2908 1461//2908
f 1446//2909 1461//2909 1462//2909
f 1447//2910 1446//2910 1462//2910
f 1447//2911 1462//2911 1463//2911
f 1448//2912 1447//2912 1463//2912
f 1448//2913 1463//2913 1464//2913
f 1449//2914 1448//2914 1464//2914
f 1449//2915 1464//2915 1465//2915
f 1450//2916 1449//2916 1465//2916
f 1450//2917 1465//2917 1466//2917
f 1451//2918 1450//2918 1466//2918
f 1451//2919 1466//2919 1467//2919
f 1452//2920 1451//2920 1467//2920
f 1452//2921 1467//2921 1468//2921
f 1453//2922 1452//2922 1468//2922
f 1453//2923 1468//2923 1469//2923
f 1454//2924 1453//2924 1469//2924
f 1454//2925 1469//2925 1470//2925
f 1455//2926 1454//2926 1470//2926
f 1455//2927 1470//2927 1471//2927
f 1456//2928 1455//2928 1471//2928
f 1456//2929 1471//2929 1472//2929
f 1457//2930 1456//2930 1472//2930
f 1457//2931 1472//2931 1473//2931
f 1458//2932 1457//2932 1473//2932
f 1458//2933 1473//2933 1474//2933
f 1474//2934 1442//2934 1458//2934
f 1459//2935 1460//2935 1476//2935
f 1459//2936 1476//2936 1475//2936
f 1461//2937 1459//2937 1475//2937
f 1461//2938 1475//2938 1477//2938
f 1462//2939 1461//2939 1477//2939
f 1462//2940 1477//2940 1478//2940
f 1463//2941 1462//2941 1478//2941
f 1463//2942 1478//2942 1479//2942
f 1464//2943 1463//2943 1479//2943
f 1464//2944 1479//2944 1480//2944
f 1465//2945 1464//2945 1480//2945
f 1465//2946 1480//2946 1481//2946
f 1466//2947 1465//2947 1481//2947
f 1466//2948 1481//2948 1482//2948
f 1467//2949 1466//2949 1482//2949
f 1467//2950 1482//2950 1483//2950
f 1468//2951 1467//2951 1483//2951
f 1468//2952 1483//2952 1484//2952
f 1469//2953 1468//2953 1484//2953
f 1469//2954 1484//2954 1485//2954
f 1470//2955 1469//2955 1485//2955
f 1470//2956 1485//2956 1486//2956
f 1471//2957 1470//2957 1486//2957
f 1471//2958 1486//2958 1487//2958
f 1472//2959 1471//2959 1487//2959
f 1472//2960 1487//2960 1488//2960
f 1473//2961 1472//2961 1488//2961
f 1473//2962 1488//2962 1489//2962
f 1474//2963 1473//2963 1489//2963
f 1474//2964 1489//2964 1490//2964
f 1490//2965 1442//2965 1474//2965
f 1475//2966 1476//2966 1492//2966
f 1475//2967 1492//2967 1491//2967
f 1477//2968 1475//2968 1491//2968
f 1477//2969 1491//2969 1493//2969
f 1478//2970 1477//2970 1493//2970
f 1478//2971 1493//2971 1494//2971
f 1479//2972 1478//2972 1494//2972
f 1479//2973 1494//2973 1495//2973
f 1480//2974 1479//2974 1495//2974
f 1480//2975 1495//2975 1496//2975
f 1481//2976 1480//2976 1496//2976
f 1481//2977 1496//2977 1497//2977
f 1482//2978 1481//2978 1497//2978
f 1482//2979 1497//2979 1498//2979
f 1483//2980 1482//2980 1498//2980
f 1483//2981 1498//2981 1499//2981
f 1484//2982 1483//2982 1499//2982
f 1484//2983 1499//2983 1500//2983
f 1485//2984 1484//2984 1500//2984
f 1485//2985 1500//2985 1501//2985
f 1486//2986 1485//2986 1501//2986
f 1486//2987 1501//2987 1502//2987
f 1487//2988 1486//2988 1502//2988
f 1487//2989 1502//2989 1503//2989
f 1488//2990 1487//2990 1503//2990
f 1488//2991 1503//2991 1504//2991
f 1489//2992 1488//2992 1504//2992
f 1489//2993 1504//2993 1505//2993
f 1490//2994 1489//2994 1505//2994
f 1490//2995 1505//2995 1506//2995
f 1506//2996 1442//2996 1490//2996
f 1491//2997 1492//2997 1508//2997
f 1491//2998 1508//2998 1507//2998
f 1493//2999 1491//2999 1507//2999
f 1493//3000 1507//3000 1509//3000
f 1494//3001 1493//3001 1509//3001
f 1494//3002 1509//3002 1510//3002
f 1495//3003 1494//3003 1510//3003
f 1495//3004 1510//3004 1511//3004
f 1496//3005 1495//3005 1511//3005
f 1496//3006 1511//3006 1512//3006
f 1497//3007 1496//3007 1512//3007
f 1497//3008 1512//3008 1513//3008
f 1498//3009 1497//3009 1513//3009
f 1498//3010 1513//3010 1514//3010
f 1499//3011 1498//3011 1514//3011
f 1499//3012 1514//3012 1515//3012
f 1500//3013 1499//3013 1515//3013
f 1500//3014 1515//3014 1516//3014
f 1501//3015 1500//3015 1516//3015
f 1501//3016 1516//3016 1517//3016
f 1502//3017 1501//3017 1517//3017
f 1502//3018 1517//3018 1518//3018
f 1503//3019 1502//3019 1518//3019
f 1503//3020 1518//3020 1519//3020
f 1504//3021 1503//3021 1519//3021
f 1504//3022 1519//3022 1520//3022
f 1505//3023 1504//3023 1520//3023
f 1505//3024 1520//3024 1521//3024
f 1506//3025 1505//3025 1521//3025
f 1506//3026 1521//3026 1522//3026
f 1522//3027 1442//3027 1506//3027
f 1507//3028 1508//3028 1524//3028
f 1507//3029 1524//3029 1523//3029
f 1509//3030 1507//3030 1523//3030
f 1509//3031 1523//3031 1525//3031
f 1510//3032 1509//3032 1525//3032
f 1510//3033 1525//3033 1526//3033
f 1511//3034 1510//3034 1526//3034
f 1511//3035 1526//3035 1527//3035
f 1512//3036 1511//3036 1527//3036
f 1512//3037 1527//3037 1528//3037
f 1513//3038 1512//3038 1528//3038
f 1513//3039 1528//3039 1529//3039
f 1514//3040 1513//3040 1529//3040
f 1514//3041 1529//3041 1530//3041
f 1515//3042 1514//3042 1530//3042
f 1515//3043 1530//3043 1531//3043
f 1516//3044 1515//3044 1531//3044
f 1516//3045 1531//3045 1532//3045
f 1517//3046 1516//3046 1532//3046
f 1517//3047 1532//3047 1533//3047
f 1518//3048 1517//3048 1533//3048
f 1518//3049 1533//3049 1534//3049
f 1519//3050 1518//3050 1534//3050
f 1519//3051 1534//3051 1535//3051
f 1520//3052 1519//3052 1535//3052
f 1520//3053 1535//3053 1536//3053
f 1521//3054 1520//3054 1536//3054
f 1521//3055 1536//3055 1537//3055
f 1522//3056 1521//3056 1537//3056
f 1522//3057 1537//3057 1538//3057
f 1538//3058 1442//3058 1522//3058
f 1523//3059 1524//3059 1540//3059
f 1523//3060 1540//3060 1539//3060
f 1525//3061 1523//3061 1539//3061
f 1525//3062 1539//3062 1541//3062
f 1526//3063 1525//3063 1541//3063
f 1526//3064 1541//3064 1542//3064
f 1527//3065 1526//3065 1542//3065
f 1527//3066 1542//3066 1543//3066
f 1528//3067 1527//3067 1543//3067
f 1528//3068 1543//3068 1544//3068
f 1529//3069 1528//3069 1544//3069
f 1529//3070 1544//3070 1545//3070
f 1530//3071 1529//3071 1545//3071
f 1530//3072 1545//3072 1546//3072
f 1531//3073 1530//3073 1546//3073
f 1531//3074 1546//3074 1547//3074
f 1532//3075 1531//3075 1547//3075
f 1532//3076 1547//3076 1548//3076
f 1533//3077 1532//3077 1548//3077
f 1533//3078 1548//3078 1549//3078
f 1534//3079 1533//3079 1549//3079
f 1534//3080 1549//3080 1550//3080
f 1535//3081 1534//3081 1550//3081
f 1535//3082 1550//3082 1551//3082
f 1536//3083 1535//3083 1551//3083
f 1536//3084 1551//3084 1552//3084
f 1537//3085 1536//3085 1552//3085
f 1537//3086 1552//3086 1553//3086
f 1538//3087 1537//3087 1553//3087
f 1538//3088 1553//3088 1554//3088
f 1554//3089 1442//3089 1538//3089
f 1539//3090 1540//3090 1556//3090
f 1539//3091 1556//3091 1555//3091
f 1541//3092 1539//3092 1555//3092
f 1541//3093 1555//3093 1557//3093
f 1542//3094 1541//3094 1557//3094
f 1542//3095 1557//3095 1558//3095
f 1543//3096 1542//3096 1558//3096
f 1543//3097 1558//3097 1559//3097
f 1544//3098 1543//3098 1559//3098
f 1544//3099 1559//3099 1560//3099
f 1545//3100 1544//3100 1560//3100
f 1545//3101 1560//3101 1561//3101
f 1546//3102 1545//3102 1561//3102
f 1546//3103 1561//3103 1562//3103
f 1547//3104 1546//3104 1562//3104
f 1547//3105 1562//3105 1563//3105
f 1548//3106 1547//3106 1563//3106
f 1548//3107 1563//3107 1564//3107
f 1549//3108 1548//3108 1564//3108
f 1549//3109 1564//3109 1565//3109
f 1550//3110 1549//3110 1565//3110
f 1550//3111 1565//3111 1566//3111
f 1551//3112 1550//3112 1566//3112
f 1551//3113 1566//3113 1567//3113
f 1552//3114 1551//3114 1567//3114
f 1552//3115 1567//3115 1568//3115
f 1553//3116 1552//3116 1568//3116
f 1553//3117 1568//3117 1569//3117
f 1554//3118 1553//3118 1569//3118
f 1554//3119 1569//3119 1570//3119
f 1570//3120 1442//3120 1554//3120
f 1555//3121 1556//3121 1572//3121
f 1555//3122 1572//3122 1571//3122
f 1557//3123 1555//3123 1571//3123
f 1557//3124 1571//3124 1573//3124
f 1558//3125 1557//3125 1573//3125
f 1558//3126 1573//3126 1574//3126
f 1559//3127 1558//3127 1574//3127
f 1559//3128 1574//3128 1575//3128
f 1560//3129 1559//3129 1575//3129
f 1560//3130 1575//3130 1576//3130
f 1561//3131 1560//3131 1576//3131
f 1561//3132 1576//3132 1577//3132
f 1562//3133 1561//3133 1577//3133
f 1562//3134 1577//3134 1578//3134
f 1563//3135 1562//3135 1578//3135
f 1563//3136 1578//3136 1579//3136
f 1564//3137 1563//3137 1579//3137
f 1564//3138 1579//3138 1580//3138
f 1565//3139 1564//3139 1580//3139
f 1565//3140 1580//3140 1581//3140
f 1566//3141 1565//3141 1581//3141
f 1566//3142 1581//3142 1582//3142
f 1567//3143 1566//3143 1582//3143
f 1567//3144 1582//3144 1583//3144
f 1568//3145 1567//3145 1583//3145
f 1568//3146 1583//3146 1584//3146
f 1569//3147 1568//3147 1584//3147
f 1569//3148 1584//3148 1585//3148
f 1570//3149 1569//3149 1585//3149
f 1570//3150 1585//3150 1586//3150
f 1586//3151 1442//3151 1570//3151
f 1571//3152 1572//3152 1588//3152
f 1571//3153 1588//3153 1587//3153
f 1573//3154 1571//3154 1587//3154
f 1573//3155 1587//3155 1589//3155
f 1574//3156 1573//3156 1589//3156
f 1574//3157 1589//3157 1590//3157
f 1575//3158 1574//3158 1590//3158
f 1575//3159 1590//3159 1591//3159
f 1576//3160 1575//3160 1591//3160
f 1576//3161 1591//3161 1592//3161
f 1577//3162 1576//3162 1592//3162
f 1577//3163 1592//3163 1593//3163
f 1578//3164 1577//3164 1593//3164
f 1578//3165 1593//3165 1594//3165
f 1579//3166 1578//3166 1594//3166
f 1579//3167 1594//3167 1595//3167
f 1580//3168 1579//3168 1595//3168
f 1580//3169 1595//3169 1596//3169
f 1581//3170 1580//3170 1596//3170
f 1581//3171 1596//3171 1597//3171
f 1582//3172 1581//3172 1597//3172
f 1582//3173 1597//3173 1598//3173
f 1583//3174 1582//3174 1598//3174
f 1583//3175 1598//3175 1599//3175
f 1584//3176 1583//3176 1599//3176
f 1584//3177 1599//3177 1600//3177
f 1585//3178 1584//3178 1600//3178
f 1585//3179 1600//3179 1601//3179
f 1586//3180 1585//3180 1601//3180
f 1586//3181 1601//3181 1602//3181
f 1602//3182 1442//3182 1586//3182
f 1587//3183 1588//3183 1604//3183
f 1587//3184 1604//3184 1603//3184
f 1589//3185 1587//3185 1603//3185
f 1589//3186 1603//3186 1605//3186
f 1590//3187 1589//3187 1605//3187
f 1590//3188 1605//3188 1606//3188
f 1591//3189 1590//3189 1606//3189
f 1591//3190 1606//3190 1607//3190
f 1592//3191 1591//3191 1607//3191
f 1592//3192 1607//3192 1608//3192
f 1593//3193 1592//3193 1608//3193
f 1593//3194 1608//3194 1609//3194
f 1594//3195 1593//3195 1609//3195
f 1594//3196 1609//3196 1610//3196
f 1595//3197 1594//3197 1610//3197
f 1595//3198 1610//3198 1611//3198
f 1596//3199 1595//3199 1611//3199
f 1596//3200 1611//3200 1612//3200
f 1597//3201 1596//3201 1612//3201
f 1597//3202 1612//3202 1613//3202
f 1598//3203 1597//3203 1613//3203
f 1598//3204 1613//3204 1614//3204
f 1599//3205 1598//3205 1614//3205
f 1599//3206 1614//3206 1615//3206
f 1600//3207 1599//3207 1615//3207
f 1600//3208 1615//3208 1616//3208
f 1601//3209 1600//3209 1616//3209
f 1601//3210 1616//3210 1617//3210
f 1602//3211 1601//3211 1617//3211
f 1602//3212 1617//3212 1618//3212
f 1618//3213 1442//3213 1602//3213
f 1603//3214 1604//3214 1620//3214
f 1603//3215 1620//3215 1619//3215
f 1605//3216 1603//3216 1619//3216
f 1605//3217 1619//3217 1621//3217
f 1606//3218 1605//3218 1621//3218
f 1606//3219 1621//3219 1622//3219
f 1607//3220 1606//3220 1622//3220
f 1607//3221 1622//3221 1623//3221
f 1608//3222 1607//3222 1623//3222
f 1608//3223 1623//3223 1624//3223
f 1609//3224 1608//3224 1624//3224
f 1609//3225 1624//3225 1625//3225
f 1610//3226 1609//3226 1625//3226
f 1610//3227 1625//3227 1626//3227
f 1611//3228 1610//3228 1626//3228
f 1611//3229 1626//3229 1627//3229
f 1612//3230 1611//3230 1627//3230
f 1612//3231 1627//3231 1628//3231
f 1613//3232 1612//3232 1628//3232
f 1613//3233 1628//3233 1629//3233
f 1614//3234 1613//3234 1629//3234
f 1614//3235 1629//3235 1630//3235
f 1615//3236 1614//3236 1630//3236
f 1615//3237 1630//3237 1631//3237
f 1616//3238 1615//3238 1631//3238
f 1616//3239 1631//3239 1632//3239
f 1617//3240 1616//3240 1632//3240
f 1617//3241 1632//3241 1633//3241
f 1618//3242 1617//3242 1633//3242
f 1618//3243 1633//3243 1634//3243
f 1634//3244 1442//3244 1618//3244
f 1619//3245 1620//3245 1636//3245
f 1619//3246 1636//3246 1635//3246
f 1621//3247 1619//3247 1635//3247
f 1621//3248 1635//3248 1637//3248
f 1622//3249 1621//3249 1637//3249
f 1622//3250 1637//3250 1638//3250
f 1623//3251 1622//3251 1638//3251
f 1623//3252 1638//3252 1639//3252
f 1624//3253 1623//3253 1639//3253
f 1624//3254 1639//3254 1640//3254
f 1625//3255 1624//3255 1640//3255
f 1625//3256 1640//3256 1641//3256
f 1626//3257 1625//3257 1641//3257
f 1626//3258 1641//3258 1642//3258
f 1627//3259 1626//3259 1642//3259
f 1627//3260 1642//3260 1643//3260
