# UyDosh door2
mtllib door2.mtl
o door2
v 0.375281 1.082411 -0.009546
v 0.376579 1.089769 -0.009546
v 0.376579 1.089769 -0.006762
v 0.375281 1.082411 -0.006762
v 0.371546 1.075941 -0.009546
v 0.371546 1.075941 -0.006762
v 0.365823 1.071138 -0.009546
v 0.365823 1.071138 -0.006762
v 0.358801 1.068583 -0.009546
v 0.358801 1.068583 -0.006762
v 0.351331 1.068583 -0.009546
v 0.351331 1.068583 -0.006762
v 0.344310 1.071138 -0.009546
v 0.344310 1.071138 -0.006762
v 0.338587 1.075941 -0.009546
v 0.338587 1.075941 -0.006762
v 0.334850 1.082411 -0.009546
v 0.334850 1.082411 -0.006762
v 0.333554 1.089769 -0.009546
v 0.333554 1.089769 -0.006762
v 0.334850 1.097126 -0.009546
v 0.334850 1.097126 -0.006762
v 0.338587 1.103597 -0.009546
v 0.338587 1.103597 -0.006762
v 0.344310 1.108399 -0.009546
v 0.344310 1.108399 -0.006762
v 0.351331 1.110955 -0.009546
v 0.351331 1.110955 -0.006762
v 0.358801 1.110955 -0.009546
v 0.358801 1.110955 -0.006762
v 0.365823 1.108399 -0.009546
v 0.365823 1.108399 -0.006762
v 0.371546 1.103597 -0.009546
v 0.371546 1.103597 -0.006762
v 0.375281 1.097126 -0.009546
v 0.375281 1.097126 -0.006762
v 0.376456 1.089769 -0.009653
v 0.375166 1.082453 -0.009653
v 0.372262 1.083510 -0.012338
v 0.373366 1.089769 -0.012338
v 0.371452 1.076019 -0.009653
v 0.369084 1.078006 -0.012338
v 0.365761 1.071244 -0.009653
v 0.364215 1.073921 -0.012338
v 0.358780 1.068703 -0.009653
v 0.358244 1.071748 -0.012338
v 0.351352 1.068703 -0.009653
v 0.351889 1.071748 -0.012338
v 0.344372 1.071244 -0.009653
v 0.345917 1.073921 -0.012338
v 0.338680 1.076019 -0.009653
v 0.341048 1.078006 -0.012338
v 0.334966 1.082453 -0.009653
v 0.337871 1.083510 -0.012338
v 0.333676 1.089769 -0.009653
v 0.336767 1.089769 -0.012338
v 0.334966 1.097085 -0.009653
v 0.337871 1.096027 -0.012338
v 0.338680 1.103518 -0.009653
v 0.341048 1.101531 -0.012338
v 0.344372 1.108293 -0.009653
v 0.345917 1.105616 -0.012338
v 0.351352 1.110834 -0.009653
v 0.351889 1.107790 -0.012338
v 0.358780 1.110834 -0.009653
v 0.358244 1.107790 -0.012338
v 0.365761 1.108293 -0.009653
v 0.364215 1.105616 -0.012338
v 0.371452 1.103518 -0.009653
v 0.369084 1.101531 -0.012338
v 0.375166 1.097085 -0.009653
v 0.372262 1.096027 -0.012338
v 0.373243 1.089769 -0.012446
v 0.372146 1.083552 -0.012446
v 0.355066 1.089769 -0.012446
v 0.368990 1.078085 -0.012446
v 0.364154 1.074027 -0.012446
v 0.358223 1.071868 -0.012446
v 0.351910 1.071868 -0.012446
v 0.345978 1.074027 -0.012446
v 0.341143 1.078085 -0.012446
v 0.337986 1.083552 -0.012446
v 0.336890 1.089769 -0.012446
v 0.337986 1.095986 -0.012446
v 0.341143 1.101452 -0.012446
v 0.345978 1.105510 -0.012446
v 0.351910 1.107669 -0.012446
v 0.358223 1.107669 -0.012446
v 0.364154 1.105510 -0.012446
v 0.368990 1.101452 -0.012446
v 0.372146 1.095986 -0.012446
v 0.362797 1.089769 -0.019073
v 0.362797 1.089769 -0.014611
v 0.362333 1.087142 -0.014611
v 0.362333 1.087142 -0.019073
v 0.361000 1.084832 -0.014611
v 0.361000 1.084832 -0.019073
v 0.358956 1.083118 -0.014611
v 0.358956 1.083118 -0.019073
v 0.356450 1.082205 -0.014611
v 0.356450 1.082205 -0.019073
v 0.353783 1.082205 -0.014611
v 0.353783 1.082205 -0.019073
v 0.351277 1.083118 -0.014611
v 0.351277 1.083118 -0.019073
v 0.349233 1.084832 -0.014611
v 0.349233 1.084832 -0.019073
v 0.347900 1.087142 -0.014611
v 0.347900 1.087142 -0.019073
v 0.347436 1.089769 -0.014611
v 0.347436 1.089769 -0.019073
v 0.347900 1.092395 -0.014611
v 0.347900 1.092395 -0.019073
v 0.349233 1.094705 -0.014611
v 0.349233 1.094705 -0.019073
v 0.351277 1.096420 -0.014611
v 0.351277 1.096420 -0.019073
v 0.353783 1.097332 -0.014611
v 0.353783 1.097332 -0.019073
v 0.356450 1.097332 -0.014611
v 0.356450 1.097332 -0.019073
v 0.358956 1.096420 -0.014611
v 0.358956 1.096420 -0.019073
v 0.361000 1.094705 -0.014611
v 0.361000 1.094705 -0.019073
v 0.362333 1.092395 -0.014611
v 0.362333 1.092395 -0.019073
v 0.362797 1.089769 -0.019191
v 0.362333 1.087142 -0.019191
v 0.362333 1.087142 -0.022170
v 0.362797 1.089769 -0.022170
v 0.361000 1.084832 -0.019191
v 0.361000 1.084832 -0.022170
v 0.358956 1.083118 -0.019191
v 0.358956 1.083118 -0.022170
v 0.356450 1.082205 -0.019191
v 0.356450 1.082205 -0.022170
v 0.353783 1.082205 -0.019191
v 0.353783 1.082205 -0.022170
v 0.277700 1.082205 -0.014667
v 0.277700 1.083118 -0.014667
v 0.274857 1.083118 -0.015558
v 0.274857 1.082205 -0.015558
v 0.277700 1.084832 -0.014667
v 0.274857 1.084832 -0.015558
v 0.277700 1.087142 -0.014667
v 0.274857 1.087142 -0.015558
v 0.277700 1.089769 -0.014667
v 0.274857 1.089769 -0.015558
v 0.277700 1.092395 -0.014667
v 0.274857 1.092395 -0.015558
v 0.277700 1.094705 -0.014667
v 0.274857 1.094705 -0.015558
v 0.277700 1.096420 -0.014667
v 0.274857 1.096420 -0.015558
v 0.277700 1.097332 -0.014667
v 0.274857 1.097332 -0.015558
v 0.353783 1.097332 -0.019191
v 0.356450 1.097332 -0.019191
v 0.356450 1.097332 -0.022170
v 0.353783 1.097332 -0.022170
v 0.358956 1.096420 -0.019191
v 0.358956 1.096420 -0.022170
v 0.361000 1.094705 -0.019191
v 0.361000 1.094705 -0.022170
v 0.362333 1.092395 -0.019191
v 0.362333 1.092395 -0.022170
v 0.287751 1.082205 -0.022289
v 0.287751 1.083118 -0.022289
v 0.351277 1.083118 -0.022289
v 0.353783 1.082205 -0.022289
v 0.287751 1.082205 -0.022170
v 0.287751 1.082205 -0.019191
v 0.287751 1.082205 -0.019073
v 0.287751 1.083118 -0.019073
v 0.287751 1.084832 -0.019073
v 0.287751 1.087142 -0.019073
v 0.287751 1.089769 -0.019073
v 0.287751 1.092395 -0.019073
v 0.287751 1.094705 -0.019073
v 0.287751 1.096420 -0.019073
v 0.287751 1.097332 -0.019073
v 0.287751 1.097332 -0.019191
v 0.287751 1.097332 -0.022170
v 0.287751 1.097332 -0.022289
v 0.353783 1.097332 -0.022289
v 0.351277 1.096420 -0.022289
v 0.287751 1.096420 -0.022289
v 0.349233 1.094705 -0.022289
v 0.287751 1.094705 -0.022289
v 0.347900 1.092395 -0.022289
v 0.287751 1.092395 -0.022289
v 0.347436 1.089769 -0.022289
v 0.287751 1.089769 -0.022289
v 0.287751 1.087142 -0.022289
v 0.347900 1.087142 -0.022289
v 0.287751 1.084832 -0.022289
v 0.349233 1.084832 -0.022289
v 0.279646 1.083118 -0.019471
v 0.279215 1.082205 -0.019129
v 0.274744 1.082205 -0.015593
v 0.274744 1.083118 -0.015593
v 0.279249 1.082205 -0.015937
v 0.279216 1.082205 -0.019008
v 0.277813 1.082205 -0.014632
v 0.279250 1.082205 -0.015816
v 0.279701 1.083118 -0.016187
v 0.277813 1.083118 -0.014632
v 0.279701 1.084832 -0.016187
v 0.277813 1.084832 -0.014632
v 0.279701 1.087142 -0.016187
v 0.277813 1.087142 -0.014632
v 0.279701 1.089769 -0.016187
v 0.277813 1.089769 -0.014632
v 0.279701 1.092395 -0.016187
v 0.277813 1.092395 -0.014632
v 0.279701 1.094705 -0.016187
v 0.277813 1.094705 -0.014632
v 0.279701 1.096420 -0.016187
v 0.277813 1.096420 -0.014632
v 0.279250 1.097332 -0.015816
v 0.277813 1.097332 -0.014632
v 0.279249 1.097332 -0.015937
v 0.279216 1.097332 -0.019008
v 0.274744 1.097332 -0.015593
v 0.279215 1.097332 -0.019129
v 0.279646 1.096420 -0.019471
v 0.274744 1.096420 -0.015593
v 0.279646 1.094705 -0.019471
v 0.274744 1.094705 -0.015593
v 0.279646 1.092395 -0.019471
v 0.274744 1.092395 -0.015593
v 0.279646 1.089769 -0.019471
v 0.274744 1.089769 -0.015593
v 0.279646 1.087142 -0.019471
v 0.274744 1.087142 -0.015593
v 0.279646 1.084832 -0.019471
v 0.274744 1.084832 -0.015593
v 0.284784 1.082205 -0.021937
v 0.284832 1.083118 -0.021976
v 0.284788 1.082205 -0.018830
v 0.284784 1.082205 -0.021818
v 0.284838 1.083118 -0.018753
v 0.284788 1.082205 -0.018711
v 0.284838 1.084832 -0.018753
v 0.284838 1.087142 -0.018753
v 0.284838 1.089769 -0.018753
v 0.284838 1.092395 -0.018753
v 0.284838 1.094705 -0.018753
v 0.284838 1.096420 -0.018753
v 0.284788 1.097332 -0.018711
v 0.284784 1.097332 -0.021818
v 0.284788 1.097332 -0.018830
v 0.284832 1.096420 -0.021976
v 0.284784 1.097332 -0.021937
v 0.284832 1.094705 -0.021976
v 0.284832 1.092395 -0.021976
v 0.284832 1.089769 -0.021976
v 0.284832 1.087142 -0.021976
v 0.284832 1.084832 -0.021976
v 0.281939 1.082205 -0.020885
v 0.282130 1.083118 -0.021036
v 0.281953 1.082205 -0.017746
v 0.281939 1.082205 -0.020765
v 0.282154 1.083118 -0.017790
v 0.281954 1.082205 -0.017625
v 0.282154 1.084832 -0.017790
v 0.282154 1.087142 -0.017790
v 0.282154 1.089769 -0.017790
v 0.282154 1.092395 -0.017790
v 0.282154 1.094705 -0.017790
v 0.282154 1.096420 -0.017790
v 0.281954 1.097332 -0.017625
v 0.281939 1.097332 -0.020765
v 0.281953 1.097332 -0.017746
v 0.282130 1.096420 -0.021036
v 0.281939 1.097332 -0.020885
v 0.282130 1.094705 -0.021036
v 0.282130 1.092395 -0.021036
v 0.282130 1.089769 -0.021036
v 0.282130 1.087142 -0.021036
v 0.282130 1.084832 -0.021036
v 0.366270 1.150259 -0.009787
v 0.366989 1.154338 -0.009787
v 0.366989 1.154338 -0.008310
v 0.366270 1.150259 -0.008310
v 0.364200 1.146673 -0.009787
v 0.364200 1.146673 -0.008310
v 0.361028 1.144011 -0.009787
v 0.361028 1.144011 -0.008310
v 0.357136 1.142596 -0.009787
v 0.357136 1.142596 -0.008310
v 0.352996 1.142596 -0.009787
v 0.352996 1.142596 -0.008310
v 0.349104 1.144011 -0.009787
v 0.349104 1.144011 -0.008310
v 0.345932 1.146673 -0.009787
v 0.345932 1.146673 -0.008310
v 0.343862 1.150259 -0.009787
v 0.343862 1.150259 -0.008310
v 0.343143 1.154338 -0.009787
v 0.343143 1.154338 -0.008310
v 0.343862 1.158415 -0.009787
v 0.343862 1.158415 -0.008310
v 0.345932 1.162001 -0.009787
v 0.345932 1.162001 -0.008310
v 0.349104 1.164663 -0.009787
v 0.349104 1.164663 -0.008310
v 0.352996 1.166080 -0.009787
v 0.352996 1.166080 -0.008310
v 0.357136 1.166080 -0.009787
v 0.357136 1.166080 -0.008310
v 0.361028 1.164663 -0.009787
v 0.361028 1.164663 -0.008310
v 0.364200 1.162001 -0.009787
v 0.364200 1.162001 -0.008310
v 0.366270 1.158415 -0.009787
v 0.366270 1.158415 -0.008310
v 0.366921 1.154338 -0.009843
v 0.366206 1.150283 -0.009843
v 0.364596 1.150868 -0.011268
v 0.365208 1.154338 -0.011268
v 0.364148 1.146717 -0.009843
v 0.362835 1.147818 -0.011268
v 0.360993 1.144070 -0.009843
v 0.360137 1.145554 -0.011268
v 0.357125 1.142662 -0.009843
v 0.356827 1.144350 -0.011268
v 0.353008 1.142662 -0.009843
v 0.353305 1.144350 -0.011268
v 0.349139 1.144070 -0.009843
v 0.349995 1.145554 -0.011268
v 0.345985 1.146717 -0.009843
v 0.347297 1.147818 -0.011268
v 0.343926 1.150283 -0.009843
v 0.345536 1.150868 -0.011268
v 0.343211 1.154338 -0.009843
v 0.344925 1.154338 -0.011268
v 0.343926 1.158392 -0.009843
v 0.345536 1.157806 -0.011268
v 0.345985 1.161958 -0.009843
v 0.347297 1.160856 -0.011268
v 0.349139 1.164604 -0.009843
v 0.349995 1.163121 -0.011268
v 0.353008 1.166012 -0.009843
v 0.353305 1.164326 -0.011268
v 0.357125 1.166012 -0.009843
v 0.356827 1.164326 -0.011268
v 0.360993 1.164604 -0.009843
v 0.360137 1.163121 -0.011268
v 0.364148 1.161958 -0.009843
v 0.362835 1.160856 -0.011268
v 0.366206 1.158392 -0.009843
v 0.364596 1.157806 -0.011268
v 0.365140 1.154338 -0.011324
v 0.364532 1.150892 -0.011324
v 0.355066 1.154338 -0.011324
v 0.362783 1.147862 -0.011324
v 0.360103 1.145613 -0.011324
v 0.356815 1.144416 -0.011324
v 0.353317 1.144416 -0.011324
v 0.350029 1.145613 -0.011324
v 0.347349 1.147862 -0.011324
v 0.345600 1.150892 -0.011324
v 0.344992 1.154338 -0.011324
v 0.345600 1.157783 -0.011324
v 0.347349 1.160813 -0.011324
v 0.350029 1.163061 -0.011324
v 0.353317 1.164258 -0.011324
v 0.356815 1.164258 -0.011324
v 0.360103 1.163061 -0.011324
v 0.362783 1.160813 -0.011324
v 0.364532 1.157783 -0.011324
v 0.362333 1.087142 -0.022289
v 0.362797 1.089769 -0.022289
v 0.361000 1.084832 -0.022289
v 0.358956 1.083118 -0.022289
v 0.356450 1.082205 -0.022289
v 0.356450 1.097332 -0.022289
v 0.358956 1.096420 -0.022289
v 0.361000 1.094705 -0.022289
v 0.362333 1.092395 -0.022289
v -0.381085 1.875348 -0.010090
v -0.383306 1.875348 -0.007443
v -0.383306 1.782501 -0.007443
v -0.381085 1.782501 -0.010090
v -0.386552 1.875348 -0.006262
v -0.386552 1.782501 -0.006262
v -0.389953 1.875348 -0.006862
v -0.389953 1.782501 -0.006862
v -0.392599 1.875348 -0.009082
v -0.392599 1.782501 -0.009082
v -0.393781 1.875348 -0.012328
v -0.393781 1.782501 -0.012328
v -0.393181 1.875348 -0.015730
v -0.393181 1.782501 -0.015730
v -0.390961 1.875348 -0.018376
v -0.390961 1.782501 -0.018376
v -0.387715 1.875348 -0.019558
v -0.387715 1.782501 -0.019558
v -0.384313 1.875348 -0.018958
v -0.384313 1.782501 -0.018958
v -0.381667 1.875348 -0.016737
v -0.381667 1.782501 -0.016737
v -0.380486 1.875348 -0.013491
v -0.380486 1.782501 -0.013491
v -0.386552 1.879459 -0.006262
v -0.381085 1.879459 -0.010090
v -0.392599 1.879459 -0.009082
v -0.389953 1.879459 -0.006862
v -0.384313 1.778389 -0.018958
v -0.380486 1.778389 -0.013491
v -0.390961 1.778389 -0.018376
v -0.387715 1.778389 -0.019558
v -0.381085 0.227273 -0.010089
v -0.383306 0.227273 -0.007443
v -0.383306 0.134424 -0.007443
v -0.381085 0.134424 -0.010089
v -0.386552 0.227273 -0.006261
v -0.386552 0.134424 -0.006261
v -0.389953 0.227273 -0.006862
v -0.389953 0.134424 -0.006862
v -0.392599 0.227273 -0.009081
v -0.392599 0.134424 -0.009081
v -0.393781 0.227273 -0.012328
v -0.393781 0.134424 -0.012328
v -0.393181 0.227273 -0.015730
v -0.393181 0.134424 -0.015730
v -0.390961 0.227273 -0.018376
v -0.390961 0.134424 -0.018376
v -0.387715 0.227273 -0.019558
v -0.387715 0.134424 -0.019558
v -0.384313 0.227273 -0.018957
v -0.384313 0.134424 -0.018957
v -0.381667 0.227273 -0.016737
v -0.381667 0.134424 -0.016737
v -0.380486 0.227273 -0.013491
v -0.380486 0.134424 -0.013491
v -0.386552 0.231384 -0.006261
v -0.381085 0.231384 -0.010089
v -0.392599 0.231384 -0.009081
v -0.389953 0.231384 -0.006862
v -0.384313 0.130313 -0.018957
v -0.380486 0.130313 -0.013491
v -0.390961 0.130313 -0.018376
v -0.387715 0.130313 -0.019558
v -0.381085 1.203808 -0.010090
v -0.383306 1.203808 -0.007443
v -0.383306 1.110960 -0.007443
v -0.381085 1.110960 -0.010090
v -0.386552 1.203808 -0.006262
v -0.386552 1.110960 -0.006261
v -0.389953 1.203808 -0.006862
v -0.389953 1.110960 -0.006862
v -0.392599 1.203808 -0.009082
v -0.392599 1.110960 -0.009082
v -0.393781 1.203808 -0.012328
v -0.393781 1.110960 -0.012328
v -0.393181 1.203808 -0.015730
v -0.393181 1.110960 -0.015730
v -0.390961 1.203808 -0.018376
v -0.390961 1.110960 -0.018376
v -0.387715 1.203808 -0.019558
v -0.387715 1.110960 -0.019558
v -0.384313 1.203808 -0.018957
v -0.384313 1.110960 -0.018957
v -0.381667 1.203808 -0.016737
v -0.381667 1.110960 -0.016737
v -0.380486 1.203808 -0.013491
v -0.380486 1.110960 -0.013491
v -0.386552 1.207919 -0.006262
v -0.381085 1.207919 -0.010090
v -0.392599 1.207919 -0.009082
v -0.389953 1.207919 -0.006862
v -0.384313 1.106848 -0.018957
v -0.380486 1.106848 -0.013491
v -0.390961 1.106848 -0.018376
v -0.387715 1.106848 -0.019558
v -0.381085 0.130733 -0.010089
v -0.383306 0.130733 -0.007443
v -0.383306 0.130313 -0.007443
v -0.381085 0.130313 -0.010089
v -0.383306 0.230964 -0.007443
v -0.381085 0.230964 -0.010089
v -0.383306 0.231384 -0.007443
v -0.386552 0.130733 -0.006261
v -0.386552 0.130313 -0.006261
v -0.386552 0.230964 -0.006261
v -0.389953 0.130733 -0.006862
v -0.389953 0.130313 -0.006862
v -0.389953 0.230964 -0.006862
v -0.392599 0.130733 -0.009081
v -0.392599 0.130313 -0.009081
v -0.392599 0.230964 -0.009081
v -0.393781 0.130733 -0.012328
v -0.393781 0.130313 -0.012328
v -0.393781 0.230964 -0.012328
v -0.393781 0.231384 -0.012328
v -0.393181 0.130733 -0.015730
v -0.393181 0.130313 -0.015730
v -0.393181 0.230964 -0.015730
v -0.393181 0.231384 -0.015730
v -0.390961 0.130733 -0.018376
v -0.390961 0.230964 -0.018376
v -0.390961 0.231384 -0.018376
v -0.387715 0.130733 -0.019558
v -0.387715 0.230964 -0.019558
v -0.387715 0.231384 -0.019558
v -0.384313 0.130733 -0.018957
v -0.384313 0.230964 -0.018957
v -0.384313 0.231384 -0.018957
v -0.381667 0.130733 -0.016737
v -0.381667 0.130313 -0.016737
v -0.381667 0.230964 -0.016737
v -0.381667 0.231384 -0.016737
v -0.380486 0.130733 -0.013491
v -0.380486 0.230964 -0.013491
v -0.380486 0.231384 -0.013491
v -0.381085 1.107269 -0.010090
v -0.383306 1.107269 -0.007443
v -0.383306 1.106848 -0.007443
v -0.381085 1.106848 -0.010090
v -0.383306 1.207499 -0.007443
v -0.381085 1.207499 -0.010090
v -0.383306 1.207919 -0.007443
v -0.386552 1.107269 -0.006261
v -0.386552 1.106848 -0.006261
v -0.386552 1.207499 -0.006262
v -0.389953 1.107269 -0.006862
v -0.389953 1.106848 -0.006862
v -0.389953 1.207499 -0.006862
v -0.392599 1.107269 -0.009082
v -0.392599 1.106848 -0.009082
v -0.392599 1.207499 -0.009082
v -0.393781 1.107269 -0.012328
v -0.393781 1.106848 -0.012328
v -0.393781 1.207499 -0.012328
v -0.393781 1.207919 -0.012328
v -0.393181 1.107269 -0.015730
v -0.393181 1.106848 -0.015730
v -0.393181 1.207499 -0.015730
v -0.393181 1.207919 -0.015730
v -0.390961 1.107269 -0.018376
v -0.390961 1.207499 -0.018376
v -0.390961 1.207919 -0.018376
v -0.387715 1.107269 -0.019558
v -0.387715 1.207499 -0.019558
v -0.387715 1.207919 -0.019558
v -0.384313 1.107269 -0.018957
v -0.384313 1.207499 -0.018957
v -0.384313 1.207919 -0.018957
v -0.381667 1.107269 -0.016737
v -0.381667 1.106848 -0.016737
v -0.381667 1.207499 -0.016737
v -0.381667 1.207919 -0.016737
v -0.380486 1.107269 -0.013491
v -0.380486 1.207499 -0.013491
v -0.380486 1.207919 -0.013491
v -0.381085 1.778809 -0.010090
v -0.383306 1.778809 -0.007443
v -0.383306 1.778389 -0.007443
v -0.381085 1.778389 -0.010090
v -0.383306 1.879039 -0.007443
v -0.381085 1.879039 -0.010090
v -0.383306 1.879459 -0.007443
v -0.386552 1.778809 -0.006262
v -0.386552 1.778389 -0.006262
v -0.386552 1.879039 -0.006262
v -0.389953 1.778809 -0.006862
v -0.389953 1.778389 -0.006862
v -0.389953 1.879039 -0.006862
v -0.392599 1.778809 -0.009082
v -0.392599 1.778389 -0.009082
v -0.392599 1.879039 -0.009082
v -0.393781 1.778809 -0.012328
v -0.393781 1.778389 -0.012328
v -0.393781 1.879039 -0.012328
v -0.393781 1.879459 -0.012328
v -0.393181 1.778809 -0.015730
v -0.393181 1.778389 -0.015730
v -0.393181 1.879039 -0.015730
v -0.393181 1.879459 -0.015730
v -0.390961 1.778809 -0.018376
v -0.390961 1.879039 -0.018376
v -0.390961 1.879459 -0.018376
v -0.387715 1.778809 -0.019558
v -0.387715 1.879039 -0.019558
v -0.387715 1.879459 -0.019558
v -0.384313 1.778809 -0.018958
v -0.384313 1.879039 -0.018958
v -0.384313 1.879459 -0.018958
v -0.381667 1.778809 -0.016737
v -0.381667 1.778389 -0.016737
v -0.381667 1.879039 -0.016737
v -0.381667 1.879459 -0.016737
v -0.380486 1.778809 -0.013491
v -0.380486 1.879039 -0.013491
v -0.380486 1.879459 -0.013491
v 0.355066 1.089769 -0.006762
v 0.355116 1.089769 -0.014611
v 0.355066 1.154338 -0.008310
v -0.389037 1.994177 0.008546
v -0.388337 1.994177 0.008546
v -0.388337 1.994177 -0.008773
v -0.389037 1.994177 -0.008773
v -0.388337 0.050212 -0.008773
v -0.388337 0.050212 0.008545
v -0.389037 0.050212 0.008545
v -0.389037 0.050212 -0.008773
v -0.388337 1.992669 -0.008773
v -0.389037 1.992669 -0.008773
v 0.388951 1.994177 0.008546
v 0.388951 1.992669 0.008546
v 0.388951 1.992669 -0.008773
v 0.388951 1.994177 -0.008773
v 0.388259 1.994177 0.008546
v 0.388259 1.992669 0.008546
v -0.389037 1.992669 0.008546
v 0.388951 0.122181 -0.008773
v 0.388259 0.122181 -0.008773
v 0.388259 0.402205 -0.008773
v 0.388951 0.402205 -0.008773
v 0.388951 0.122181 0.008545
v 0.388951 0.402205 0.008545
v -0.389037 0.122181 0.008545
v -0.388337 0.122181 0.008545
v -0.388337 0.402205 0.008545
v -0.389037 0.402205 0.008545
v -0.389037 0.122181 -0.008773
v -0.389037 0.402205 -0.008773
v 0.388951 0.050919 -0.008773
v 0.388259 0.050919 -0.008773
v 0.388259 0.121006 -0.008773
v 0.388951 0.121006 -0.008773
v 0.388951 0.050919 0.008545
v 0.388951 0.121006 0.008545
v -0.389037 0.050919 0.008545
v -0.388337 0.050919 0.008545
v -0.388337 0.121006 0.008545
v -0.389037 0.121006 0.008545
v -0.389037 0.050919 -0.008773
v -0.389037 0.121006 -0.008773
v 0.388951 0.475775 -0.008773
v 0.388259 0.475775 -0.008773
v 0.388259 1.083975 -0.008773
v 0.388951 1.083975 -0.008773
v 0.388951 0.475775 0.008545
v 0.388951 1.083975 0.008545
v -0.389037 0.475775 0.008545
v -0.388337 0.475775 0.008545
v -0.388337 1.083975 0.008545
v -0.389037 1.083975 0.008545
v -0.389037 0.475775 -0.008773
v -0.389037 1.083975 -0.008773
v 0.388951 1.086524 -0.008773
v 0.388259 1.086524 -0.008773
v 0.388259 1.155290 -0.008773
v 0.388951 1.155290 -0.008773
v 0.388951 1.086524 0.008545
v 0.388951 1.155290 0.008545
v -0.389037 1.086524 0.008545
v -0.388337 1.086524 0.008545
v -0.388337 1.155290 0.008545
v -0.389037 1.155290 0.008545
v -0.389037 1.086524 -0.008773
v -0.389037 1.155290 -0.008773
v 0.388951 1.158151 -0.008773
v 0.388259 1.158151 -0.008773
v 0.388259 1.840471 -0.008773
v 0.388951 1.840471 -0.008773
v 0.388951 1.158151 0.008545
v 0.388951 1.840471 0.008546
v -0.389037 1.158151 0.008545
v -0.388337 1.158151 0.008545
v -0.388337 1.840471 0.008546
v -0.389037 1.840471 0.008546
v -0.389037 1.158151 -0.008773
v -0.389037 1.840471 -0.008773
v 0.026709 1.994177 0.008546
v 0.026709 1.994177 -0.008773
v -0.027019 1.994177 -0.008773
v -0.027019 1.994177 0.008546
v 0.026709 0.050212 -0.008773
v 0.026709 0.050212 0.008545
v -0.027019 0.050212 0.008545
v -0.027019 0.050212 -0.008773
v 0.026709 1.992669 -0.008773
v -0.027019 1.992669 -0.008773
v -0.317891 1.994177 0.008546
v -0.317891 1.992669 0.008546
v -0.028234 1.992669 0.008546
v -0.028234 1.994177 0.008546
v -0.275884 0.360198 -0.008340
v -0.070240 0.360198 -0.008340
v -0.070240 0.164187 -0.008340
v -0.275884 0.164187 -0.008340
v 0.026709 0.402205 0.008545
v -0.027019 0.402205 0.008545
v -0.027019 0.122181 0.008545
v 0.026709 0.122181 0.008545
v -0.317891 0.050212 -0.008773
v -0.317891 0.050919 -0.008773
v -0.028234 0.050919 -0.008773
v -0.028234 0.050212 -0.008773
v 0.026709 0.050919 0.008545
v -0.027019 0.050919 0.008545
v -0.317891 0.403379 -0.008773
v -0.317891 0.473225 -0.008773
v -0.028234 0.473225 -0.008773
v -0.028234 0.403379 -0.008773
v 0.026709 0.403379 0.008545
v 0.026709 0.473225 0.008545
v -0.027019 0.473225 0.008545
v -0.027019 0.403379 0.008545
v -0.317891 1.086524 -0.008773
v -0.317891 1.155290 -0.008773
v -0.028234 1.155290 -0.008773
v -0.028234 1.086524 -0.008773
v 0.026709 1.086524 0.008545
v 0.026709 1.155290 0.008545
v -0.027019 1.155290 0.008545
v -0.027019 1.086524 0.008545
v -0.275884 1.798463 -0.008340
v -0.070240 1.798463 -0.008340
v -0.070240 1.200158 -0.008340
v -0.275884 1.200158 -0.008340
v 0.026709 1.840471 0.008546
v -0.027019 1.840471 0.008546
v -0.027019 1.158151 0.008545
v 0.026709 1.158151 0.008545
v -0.027019 1.992669 0.008546
v 0.026709 1.992669 0.008546
v -0.027019 0.402205 -0.008773
v 0.026709 0.402205 -0.008773
v 0.026709 0.122181 -0.008773
v -0.027019 0.122181 -0.008773
v -0.027019 0.050919 -0.008773
v 0.026709 0.050919 -0.008773
v -0.027019 0.403379 -0.008773
v -0.027019 0.473225 -0.008773
v 0.026709 0.473225 -0.008773
v 0.026709 0.403379 -0.008773
v -0.027019 1.086524 -0.008773
v -0.027019 1.155290 -0.008773
v 0.026709 1.155290 -0.008773
v 0.026709 1.086524 -0.008773
v -0.027019 1.840471 -0.008773
v 0.026709 1.840471 -0.008773
v 0.026709 1.158151 -0.008773
v -0.027019 1.158151 -0.008773
v 0.318518 1.994177 0.008546
v 0.318518 1.994177 -0.008773
v 0.027927 1.994177 -0.008773
v 0.027927 1.994177 0.008546
v 0.318518 0.050212 -0.008773
v 0.318518 0.050212 0.008545
v 0.027927 0.050212 0.008545
v 0.027927 0.050212 -0.008773
v 0.318518 1.992669 -0.008773
v 0.027927 1.992669 -0.008773
v 0.276511 0.360198 0.008292
v 0.069934 0.360198 0.008292
v 0.069934 0.164187 0.008292
v 0.276511 0.164187 0.008292
v 0.318518 0.050919 0.008545
v 0.027927 0.050919 0.008545
v 0.318518 0.403379 0.008545
v 0.318518 0.473225 0.008545
v 0.027927 0.473225 0.008545
v 0.027927 0.403379 0.008545
v 0.318518 1.086524 0.008545
v 0.318518 1.155290 0.008545
v 0.027927 1.155290 0.008545
v 0.027927 1.086524 0.008545
v 0.276511 1.798463 0.008292
v 0.069934 1.798463 0.008292
v 0.069934 1.200158 0.008292
v 0.276511 1.200158 0.008292
v 0.027927 1.992669 0.008546
v 0.318518 1.992669 0.008546
v 0.069934 0.360198 -0.008340
v 0.276511 0.360198 -0.008340
v 0.276511 0.164187 -0.008340
v 0.069934 0.164187 -0.008340
v 0.027927 0.050919 -0.008773
v 0.318518 0.050919 -0.008773
v 0.027927 0.403379 -0.008773
v 0.027927 0.473225 -0.008773
v 0.318518 0.473225 -0.008773
v 0.318518 0.403379 -0.008773
v 0.027927 1.086524 -0.008773
v 0.027927 1.155290 -0.008773
v 0.318518 1.155290 -0.008773
v 0.318518 1.086524 -0.008773
v 0.069934 1.798463 -0.008340
v 0.276511 1.798463 -0.008340
v 0.276511 1.200158 -0.008340
v 0.069934 1.200158 -0.008340
v 0.388259 1.994177 -0.008773
v 0.319736 1.994177 -0.008773
v 0.319736 1.994177 0.008546
v 0.388259 0.050212 -0.008773
v 0.388259 0.050212 0.008545
v 0.319736 0.050212 0.008545
v 0.319736 0.050212 -0.008773
v 0.388259 1.992669 -0.008773
v 0.319736 1.992669 -0.008773
v 0.388259 0.402205 0.008545
v 0.388259 0.122181 0.008545
v 0.388259 0.050919 0.008545
v 0.319736 0.050919 0.008545
v 0.388259 0.403379 0.008545
v 0.388259 0.473225 0.008545
v 0.319736 0.473225 0.008545
v 0.319736 0.403379 0.008545
v 0.388259 1.086524 0.008545
v 0.388259 1.155290 0.008545
v 0.319736 1.155290 0.008545
v 0.319736 1.086524 0.008545
v 0.388259 1.840471 0.008546
v 0.388259 1.158151 0.008545
v -0.028234 1.994177 -0.008773
v -0.317891 1.994177 -0.008773
v -0.028234 0.050212 0.008545
v -0.317891 0.050212 0.008545
v -0.028234 1.992669 -0.008773
v -0.317891 1.992669 -0.008773
v -0.070240 0.360198 0.008292
v -0.275884 0.360198 0.008292
v -0.275884 0.164187 0.008292
v -0.070240 0.164187 0.008292
v -0.028234 0.050919 0.008545
v -0.317891 0.050919 0.008545
v -0.028234 0.403379 0.008545
v -0.028234 0.473225 0.008545
v -0.317891 0.473225 0.008545
v -0.317891 0.403379 0.008545
v -0.028234 1.086524 0.008545
v -0.028234 1.155290 0.008545
v -0.317891 1.155290 0.008545
v -0.317891 1.086524 0.008545
v -0.070240 1.798463 0.008292
v -0.275884 1.798463 0.008292
v -0.275884 1.200158 0.008292
v -0.070240 1.200158 0.008292
v -0.388337 1.992669 0.008546
v -0.319105 1.992669 0.008546
v -0.319105 1.994177 0.008546
v -0.388337 0.402205 -0.008773
v -0.388337 0.122181 -0.008773
v -0.388337 0.050919 -0.008773
v -0.319105 0.050919 -0.008773
v -0.319105 0.050212 -0.008773
v -0.388337 0.403379 -0.008773
v -0.388337 0.473225 -0.008773
v -0.319105 0.473225 -0.008773
v -0.319105 0.403379 -0.008773
v -0.388337 1.086524 -0.008773
v -0.388337 1.155290 -0.008773
v -0.319105 1.155290 -0.008773
v -0.319105 1.086524 -0.008773
v -0.388337 1.840471 -0.008773
v -0.388337 1.158151 -0.008773
v 0.388951 0.403379 -0.008773
v 0.388259 0.403379 -0.008773
v 0.388259 0.473225 -0.008773
v 0.388951 0.473225 -0.008773
v 0.388951 0.403379 0.008545
v 0.388951 0.473225 0.008545
v -0.389037 0.403379 0.008545
v -0.388337 0.403379 0.008545
v -0.388337 0.473225 0.008545
v -0.389037 0.473225 0.008545
v -0.389037 0.403379 -0.008773
v -0.389037 0.473225 -0.008773
v -0.070240 0.517782 -0.008340
v -0.275884 0.517782 -0.008340
v -0.275884 1.041968 -0.008340
v -0.070240 1.041968 -0.008340
v 0.026709 1.083975 0.008545
v -0.027019 1.083975 0.008545
v -0.027019 0.475775 0.008545
v 0.026709 0.475775 0.008545
v -0.027019 1.083975 -0.008773
v 0.026709 1.083975 -0.008773
v 0.026709 0.475775 -0.008773
v -0.027019 0.475775 -0.008773
v 0.069934 0.517782 0.008292
v 0.276511 0.517782 0.008292
v 0.276511 1.041968 0.008292
v 0.069934 1.041968 0.008292
v 0.276511 0.517782 -0.008340
v 0.069934 0.517782 -0.008340
v 0.069934 1.041968 -0.008340
v 0.276511 1.041968 -0.008340
v 0.388259 1.083975 0.008545
v 0.388259 0.475775 0.008545
v -0.275884 0.517782 0.008292
v -0.070240 0.517782 0.008292
v -0.070240 1.041968 0.008292
v -0.275884 1.041968 0.008292
v -0.388337 1.083975 -0.008773
v -0.388337 0.475775 -0.008773
v -0.039099 0.392423 -0.002710
v -0.307025 0.392423 -0.002710
v -0.317845 0.403334 -0.008747
v -0.028278 0.403334 -0.008747
v -0.037975 0.133046 -0.002710
v -0.037975 0.391340 -0.002710
v -0.027064 0.402160 -0.008747
v -0.027064 0.122226 -0.008747
v -0.307025 0.131964 -0.002710
v -0.039099 0.131964 -0.002710
v -0.028278 0.121052 -0.008747
v -0.317845 0.121052 -0.008747
v -0.308148 0.391340 -0.002710
v -0.308148 0.133046 -0.002710
v -0.319060 0.122226 -0.008747
v -0.319060 0.402160 -0.008747
v -0.307025 1.166247 -0.002710
v -0.039099 1.166247 -0.002710
v -0.028278 1.155336 -0.008747
v -0.317845 1.155336 -0.008747
v -0.308148 1.829604 -0.002710
v -0.308148 1.169018 -0.002710
v -0.319060 1.158197 -0.008747
v -0.319060 1.840425 -0.008747
v -0.039099 1.832374 -0.002710
v -0.307025 1.832374 -0.002710
v -0.317845 1.843286 -0.008747
v -0.028278 1.843286 -0.008747
v -0.037975 1.169018 -0.002710
v -0.037975 1.829604 -0.002710
v -0.027064 1.840425 -0.008747
v -0.027064 1.158197 -0.008747
v 0.038838 0.392377 0.002457
v 0.307607 0.392377 0.002457
v 0.037711 0.133092 0.002457
v 0.037711 0.391294 0.002457
v 0.318518 0.121006 0.008545
v 0.307607 0.132009 0.002457
v 0.038838 0.132009 0.002457
v 0.027927 0.121006 0.008545
v 0.319736 0.402205 0.008545
v 0.308734 0.391294 0.002457
v 0.308734 0.133092 0.002457
v 0.319736 0.122181 0.008545
v 0.307607 1.166293 0.002457
v 0.038838 1.166293 0.002457
v 0.319736 1.840471 0.008546
v 0.308734 1.829559 0.002458
v 0.308734 1.169062 0.002457
v 0.319736 1.158151 0.008545
v 0.027927 1.843331 0.008546
v 0.038838 1.832329 0.002458
v 0.307607 1.832329 0.002458
v 0.318518 1.843331 0.008546
v 0.037711 1.169062 0.002457
v 0.037711 1.829559 0.002458
v 0.037666 0.391340 -0.002710
v 0.037666 0.133046 -0.002710
v 0.026755 0.122226 -0.008747
v 0.026755 0.402160 -0.008747
v 0.307652 0.392423 -0.002710
v 0.038793 0.392423 -0.002710
v 0.027973 0.403334 -0.008747
v 0.318472 0.403334 -0.008747
v 0.308780 0.133046 -0.002710
v 0.308780 0.391340 -0.002710
v 0.319691 0.402160 -0.008747
v 0.319691 0.122226 -0.008747
v 0.038793 0.131964 -0.002710
v 0.307652 0.131964 -0.002710
v 0.318472 0.121052 -0.008747
v 0.027973 0.121052 -0.008747
v 0.037666 1.829604 -0.002710
v 0.037666 1.169018 -0.002710
v 0.026755 1.158197 -0.008747
v 0.026755 1.840425 -0.008747
v 0.307652 1.832374 -0.002710
v 0.038793 1.832374 -0.002710
v 0.027973 1.843286 -0.008747
v 0.318472 1.843286 -0.008747
v 0.308780 1.169018 -0.002710
v 0.308780 1.829604 -0.002710
v 0.319691 1.840425 -0.008747
v 0.319691 1.158197 -0.008747
v 0.038793 1.166247 -0.002710
v 0.307652 1.166247 -0.002710
v 0.318472 1.155336 -0.008747
v 0.027973 1.155336 -0.008747
v -0.038022 0.391294 0.002457
v -0.038022 0.133092 0.002457
v -0.306980 0.392377 0.002457
v -0.039145 0.392377 0.002457
v -0.319105 0.122181 0.008545
v -0.308103 0.133092 0.002457
v -0.308103 0.391294 0.002457
v -0.319105 0.402205 0.008545
v -0.028234 0.121006 0.008545
v -0.039145 0.132009 0.002457
v -0.306980 0.132009 0.002457
v -0.317891 0.121006 0.008545
v -0.038022 1.829559 0.002458
v -0.038022 1.169062 0.002457
v -0.317891 1.843331 0.008546
v -0.306980 1.832329 0.002458
v -0.039145 1.832329 0.002458
v -0.028234 1.843331 0.008546
v -0.319105 1.158151 0.008545
v -0.308103 1.169062 0.002457
v -0.308103 1.829559 0.002458
v -0.319105 1.840471 0.008546
v -0.039145 1.166293 0.002457
v -0.306980 1.166293 0.002457
v -0.039099 1.075568 -0.002710
v -0.307025 1.075568 -0.002710
v -0.317845 1.086479 -0.008747
v -0.028278 1.086479 -0.008747
v -0.037975 0.486642 -0.002710
v -0.037975 1.073108 -0.002710
v -0.027064 1.083930 -0.008747
v -0.027064 0.475821 -0.008747
v -0.307025 0.484182 -0.002710
v -0.039099 0.484182 -0.002710
v -0.028278 0.473271 -0.008747
v -0.317845 0.473271 -0.008747
v -0.308148 1.073108 -0.002710
v -0.308148 0.486642 -0.002710
v -0.319060 0.475821 -0.008747
v -0.319060 1.083930 -0.008747
v 0.038838 1.075522 0.002457
v 0.307607 1.075522 0.002457
v 0.037711 0.486687 0.002457
v 0.037711 1.073063 0.002457
v 0.307607 0.484228 0.002457
v 0.038838 0.484228 0.002457
v 0.319736 1.083975 0.008545
v 0.308734 1.073063 0.002457
v 0.308734 0.486687 0.002457
v 0.319736 0.475775 0.008545
v 0.307652 1.075568 -0.002710
v 0.038793 1.075568 -0.002710
v 0.027973 1.086479 -0.008747
v 0.318472 1.086479 -0.008747
v 0.308780 0.486642 -0.002710
v 0.308780 1.073108 -0.002710
v 0.319691 1.083930 -0.008747
v 0.319691 0.475821 -0.008747
v 0.038793 0.484182 -0.002710
v 0.307652 0.484182 -0.002710
v 0.318472 0.473271 -0.008747
v 0.027973 0.473271 -0.008747
v 0.037666 1.073108 -0.002710
v 0.037666 0.486642 -0.002710
v 0.026755 0.475821 -0.008747
v 0.026755 1.083930 -0.008747
v -0.306980 1.075522 0.002457
v -0.039145 1.075522 0.002457
v -0.319105 0.475775 0.008545
v -0.308103 0.486687 0.002457
v -0.308103 1.073063 0.002457
v -0.319105 1.083975 0.008545
v -0.039145 0.484228 0.002457
v -0.306980 0.484228 0.002457
v -0.038022 1.073063 0.002457
v -0.038022 0.486687 0.002457
v -0.039145 0.392377 -0.002685
v -0.067077 0.364210 -0.002685
v -0.279047 0.364210 -0.002685
v -0.306980 0.392377 -0.002685
v -0.038022 0.133092 -0.002685
v -0.066188 0.161025 -0.002685
v -0.066188 0.363362 -0.002685
v -0.038022 0.391294 -0.002685
v -0.306980 0.132009 -0.002685
v -0.279047 0.160177 -0.002685
v -0.067077 0.160177 -0.002685
v -0.039145 0.132009 -0.002685
v -0.308103 0.391294 -0.002685
v -0.279935 0.363362 -0.002685
v -0.279935 0.161025 -0.002685
v -0.308103 0.133092 -0.002685
v -0.306980 1.166293 -0.002685
v -0.279047 1.194460 -0.002685
v -0.067077 1.194460 -0.002685
v -0.039145 1.166293 -0.002685
v -0.308103 1.829559 -0.002685
v -0.279935 1.801626 -0.002685
v -0.279935 1.196996 -0.002685
v -0.308103 1.169062 -0.002685
v -0.039145 1.832329 -0.002685
v -0.067077 1.804161 -0.002685
v -0.279047 1.804161 -0.002685
v -0.306980 1.832329 -0.002685
v -0.038022 1.169062 -0.002685
v -0.066188 1.196996 -0.002685
v -0.066188 1.801626 -0.002685
v -0.038022 1.829559 -0.002685
v 0.066772 0.364210 0.002457
v 0.279674 0.364210 0.002457
v 0.065879 0.161025 0.002457
v 0.065879 0.363362 0.002457
v 0.279674 0.160177 0.002457
v 0.066772 0.160177 0.002457
v 0.280567 0.363362 0.002457
v 0.280567 0.161025 0.002457
v 0.279674 1.194460 0.002457
v 0.066772 1.194460 0.002457
v 0.280567 1.801626 0.002458
v 0.280567 1.196996 0.002457
v 0.066772 1.804161 0.002458
v 0.279674 1.804161 0.002458
v 0.065879 1.196996 0.002457
v 0.065879 1.801626 0.002458
v 0.037711 0.391294 -0.002685
v 0.065879 0.363362 -0.002685
v 0.065879 0.161025 -0.002685
v 0.037711 0.133092 -0.002685
v 0.307607 0.392377 -0.002685
v 0.279674 0.364210 -0.002685
v 0.066772 0.364210 -0.002685
v 0.038838 0.392377 -0.002685
v 0.308734 0.133092 -0.002685
v 0.280567 0.161025 -0.002685
v 0.280567 0.363362 -0.002685
v 0.308734 0.391294 -0.002685
v 0.038838 0.132009 -0.002685
v 0.066772 0.160177 -0.002685
v 0.279674 0.160177 -0.002685
v 0.307607 0.132009 -0.002685
v 0.037711 1.829559 -0.002685
v 0.065879 1.801626 -0.002685
v 0.065879 1.196996 -0.002685
v 0.037711 1.169062 -0.002685
v 0.307607 1.832329 -0.002685
v 0.279674 1.804161 -0.002685
v 0.066772 1.804161 -0.002685
v 0.038838 1.832329 -0.002685
v 0.308734 1.169062 -0.002685
v 0.280567 1.196996 -0.002685
v 0.280567 1.801626 -0.002685
v 0.308734 1.829559 -0.002685
v 0.038838 1.166293 -0.002685
v 0.066772 1.194460 -0.002685
v 0.279674 1.194460 -0.002685
v 0.307607 1.166293 -0.002685
v -0.066188 0.363362 0.002457
v -0.066188 0.161025 0.002457
v -0.279047 0.364210 0.002457
v -0.067077 0.364210 0.002457
v -0.279935 0.161025 0.002457
v -0.279935 0.363362 0.002457
v -0.067077 0.160177 0.002457
v -0.279047 0.160177 0.002457
v -0.066188 1.801626 0.002458
v -0.066188 1.196996 0.002457
v -0.279047 1.804161 0.002458
v -0.067077 1.804161 0.002458
v -0.279935 1.196996 0.002457
v -0.279935 1.801626 0.002458
v -0.067077 1.194460 0.002457
v -0.279047 1.194460 0.002457
v -0.039145 1.075522 -0.002685
v -0.067077 1.047355 -0.002685
v -0.279047 1.047355 -0.002685
v -0.306980 1.075522 -0.002685
v -0.038022 0.486687 -0.002685
v -0.066188 0.514620 -0.002685
v -0.066188 1.045130 -0.002685
v -0.038022 1.073063 -0.002685
v -0.306980 0.484228 -0.002685
v -0.279047 0.512395 -0.002685
v -0.067077 0.512395 -0.002685
v -0.039145 0.484228 -0.002685
v -0.308103 1.073063 -0.002685
v -0.279935 1.045130 -0.002685
v -0.279935 0.514620 -0.002685
v -0.308103 0.486687 -0.002685
v 0.066772 1.047355 0.002457
v 0.279674 1.047355 0.002457
v 0.065879 0.514620 0.002457
v 0.065879 1.045130 0.002457
v 0.279674 0.512395 0.002457
v 0.066772 0.512395 0.002457
v 0.280567 1.045130 0.002457
v 0.280567 0.514620 0.002457
v 0.307607 1.075522 -0.002685
v 0.279674 1.047355 -0.002685
v 0.066772 1.047355 -0.002685
v 0.038838 1.075522 -0.002685
v 0.308734 0.486687 -0.002685
v 0.280567 0.514620 -0.002685
v 0.280567 1.045130 -0.002685
v 0.308734 1.073063 -0.002685
v 0.038838 0.484228 -0.002685
v 0.066772 0.512395 -0.002685
v 0.279674 0.512395 -0.002685
v 0.307607 0.484228 -0.002685
v 0.037711 1.073063 -0.002685
v 0.065879 1.045130 -0.002685
v 0.065879 0.514620 -0.002685
v 0.037711 0.486687 -0.002685
v -0.279047 1.047355 0.002457
v -0.067077 1.047355 0.002457
v -0.279935 0.514620 0.002457
v -0.279935 1.045130 0.002457
v -0.067077 0.512395 0.002457
v -0.279047 0.512395 0.002457
v -0.066188 1.045130 0.002457
v -0.066188 0.514620 0.002457
v -0.070240 0.361021 -0.008340
v -0.275884 0.361021 -0.008340
v -0.069377 0.164187 -0.008340
v -0.069377 0.360198 -0.008340
v -0.275884 0.163366 -0.008340
v -0.070240 0.163366 -0.008340
v -0.276746 0.360198 -0.008340
v -0.276746 0.164187 -0.008340
v -0.275884 1.197649 -0.008340
v -0.070240 1.197649 -0.008340
v -0.276746 1.798463 -0.008340
v -0.276746 1.200158 -0.008340
v -0.070240 1.800972 -0.008340
v -0.275884 1.800972 -0.008340
v -0.069377 1.200158 -0.008340
v -0.069377 1.798463 -0.008340
v 0.069934 0.361021 0.008292
v 0.276511 0.361021 0.008292
v 0.069068 0.164187 0.008292
v 0.069068 0.360198 0.008292
v 0.276511 0.163366 0.008292
v 0.069934 0.163366 0.008292
v 0.277378 0.360198 0.008292
v 0.277378 0.164187 0.008292
v 0.276511 1.197649 0.008292
v 0.069934 1.197649 0.008292
v 0.277378 1.798463 0.008292
v 0.277378 1.200158 0.008292
v 0.069934 1.800972 0.008292
v 0.276511 1.800972 0.008292
v 0.069068 1.200158 0.008292
v 0.069068 1.798463 0.008292
v 0.069068 0.360198 -0.008340
v 0.069068 0.164187 -0.008340
v 0.276511 0.361021 -0.008340
v 0.069934 0.361021 -0.008340
v 0.277378 0.164187 -0.008340
v 0.277378 0.360198 -0.008340
v 0.069934 0.163366 -0.008340
v 0.276511 0.163366 -0.008340
v 0.069068 1.798463 -0.008340
v 0.069068 1.200158 -0.008340
v 0.276511 1.800972 -0.008340
v 0.069934 1.800972 -0.008340
v 0.277378 1.200158 -0.008340
v 0.277378 1.798463 -0.008340
v 0.069934 1.197649 -0.008340
v 0.276511 1.197649 -0.008340
v -0.069377 0.360198 0.008292
v -0.069377 0.164187 0.008292
v -0.275884 0.361021 0.008292
v -0.070240 0.361021 0.008292
v -0.276746 0.164187 0.008292
v -0.276746 0.360198 0.008292
v -0.070240 0.163366 0.008292
v -0.275884 0.163366 0.008292
v -0.069377 1.798463 0.008292
v -0.069377 1.200158 0.008292
v -0.275884 1.800972 0.008292
v -0.070240 1.800972 0.008292
v -0.276746 1.200158 0.008292
v -0.276746 1.798463 0.008292
v -0.070240 1.197649 0.008292
v -0.275884 1.197649 0.008292
v -0.070240 1.044166 -0.008340
v -0.275884 1.044166 -0.008340
v -0.069377 0.517782 -0.008340
v -0.069377 1.041968 -0.008340
v -0.275884 0.515585 -0.008340
v -0.070240 0.515585 -0.008340
v -0.276746 1.041968 -0.008340
v -0.276746 0.517782 -0.008340
v 0.069934 1.044166 0.008292
v 0.276511 1.044166 0.008292
v 0.069068 0.517782 0.008292
v 0.069068 1.041968 0.008292
v 0.276511 0.515585 0.008292
v 0.069934 0.515585 0.008292
v 0.277378 1.041968 0.008292
v 0.277378 0.517782 0.008292
v 0.276511 1.044166 -0.008340
v 0.069934 1.044166 -0.008340
v 0.277378 0.517782 -0.008340
v 0.277378 1.041968 -0.008340
v 0.069934 0.515585 -0.008340
v 0.276511 0.515585 -0.008340
v 0.069068 1.041968 -0.008340
v 0.069068 0.517782 -0.008340
v -0.275884 1.044166 0.008292
v -0.070240 1.044166 0.008292
v -0.276746 0.517782 0.008292
v -0.276746 1.041968 0.008292
v -0.070240 0.515585 0.008292
v -0.275884 0.515585 0.008292
v -0.069377 1.041968 0.008292
v -0.069377 0.517782 0.008292
v -0.027019 1.843331 0.008546
v -0.027019 0.121006 -0.008773
v -0.028234 0.121006 -0.008773
v 0.026709 1.843331 -0.008773
v 0.027927 1.843331 -0.008773
v 0.026709 0.121006 0.008545
v 0.319736 1.843331 0.008546
v 0.319736 1.992669 0.008546
v 0.319736 0.121006 -0.008773
v 0.319736 0.050919 -0.008773
v 0.318518 0.121006 -0.008773
v 0.319736 0.473225 -0.008773
v 0.319736 0.403379 -0.008773
v 0.319736 1.155290 -0.008773
v 0.319736 1.086524 -0.008773
v -0.319105 1.994177 -0.008773
v -0.319105 0.050212 0.008545
v -0.319105 1.843331 -0.008773
v -0.319105 1.992669 -0.008773
v -0.317891 1.843331 -0.008773
v -0.319105 0.121006 0.008545
v -0.319105 0.050919 0.008545
v -0.319105 0.473225 0.008545
v -0.319105 0.403379 0.008545
v -0.319105 1.155290 0.008545
v -0.319105 1.086524 0.008545
v -0.037975 0.392423 -0.002710
v -0.027064 0.403334 -0.008747
v -0.308148 0.392423 -0.002710
v -0.319060 0.403334 -0.008747
v -0.308148 0.131964 -0.002710
v -0.319060 0.121052 -0.008747
v -0.037975 0.131964 -0.002710
v -0.027064 0.121052 -0.008747
v -0.308148 1.166247 -0.002710
v -0.319060 1.155336 -0.008747
v -0.037975 1.166247 -0.002710
v -0.027064 1.155336 -0.008747
v -0.037975 1.832374 -0.002710
v -0.027064 1.843286 -0.008747
v -0.308148 1.832374 -0.002710
v -0.319060 1.843286 -0.008747
v 0.037711 0.392377 0.002457
v 0.308734 0.392377 0.002457
v 0.319736 0.121006 0.008545
v 0.308734 0.132009 0.002457
v 0.037711 0.132009 0.002457
v 0.308734 1.166293 0.002457
v 0.037711 1.166293 0.002457
v 0.026709 1.843331 0.008546
v 0.037711 1.832329 0.002458
v 0.308734 1.832329 0.002458
v 0.308780 0.392423 -0.002710
v 0.319691 0.403334 -0.008747
v 0.037666 0.392423 -0.002710
v 0.026755 0.403334 -0.008747
v 0.037666 0.131964 -0.002710
v 0.026755 0.121052 -0.008747
v 0.308780 0.131964 -0.002710
v 0.319691 0.121052 -0.008747
v 0.308780 1.832374 -0.002710
v 0.319691 1.843286 -0.008747
v 0.037666 1.832374 -0.002710
v 0.026755 1.843286 -0.008747
v 0.037666 1.166247 -0.002710
v 0.026755 1.155336 -0.008747
v 0.308780 1.166247 -0.002710
v 0.319691 1.155336 -0.008747
v -0.308103 0.392377 0.002457
v -0.038022 0.392377 0.002457
v -0.027019 0.121006 0.008545
v -0.038022 0.132009 0.002457
v -0.308103 0.132009 0.002457
v -0.319105 1.843331 0.008546
v -0.308103 1.832329 0.002458
v -0.038022 1.832329 0.002458
v -0.038022 1.166293 0.002457
v -0.308103 1.166293 0.002457
v -0.037975 1.075568 -0.002710
v -0.027064 1.086479 -0.008747
v -0.308148 1.075568 -0.002710
v -0.319060 1.086479 -0.008747
v -0.308148 0.484182 -0.002710
v -0.319060 0.473271 -0.008747
v -0.037975 0.484182 -0.002710
v -0.027064 0.473271 -0.008747
v 0.037711 1.075522 0.002457
v 0.308734 1.075522 0.002457
v 0.308734 0.484228 0.002457
v 0.037711 0.484228 0.002457
v 0.308780 1.075568 -0.002710
v 0.319691 1.086479 -0.008747
v 0.037666 1.075568 -0.002710
v 0.026755 1.086479 -0.008747
v 0.037666 0.484182 -0.002710
v 0.026755 0.473271 -0.008747
v 0.308780 0.484182 -0.002710
v 0.319691 0.473271 -0.008747
v -0.308103 1.075522 0.002457
v -0.038022 1.075522 0.002457
v -0.038022 0.484228 0.002457
v -0.308103 0.484228 0.002457
v -0.038022 0.392377 -0.002685
v -0.066188 0.364210 -0.002685
v -0.279935 0.364210 -0.002685
v -0.308103 0.392377 -0.002685
v -0.308103 0.132009 -0.002685
v -0.279935 0.160177 -0.002685
v -0.066188 0.160177 -0.002685
v -0.038022 0.132009 -0.002685
v -0.308103 1.166293 -0.002685
v -0.279935 1.194460 -0.002685
v -0.066188 1.194460 -0.002685
v -0.038022 1.166293 -0.002685
v -0.038022 1.832329 -0.002685
v -0.066188 1.804161 -0.002685
v -0.279935 1.804161 -0.002685
v -0.308103 1.832329 -0.002685
v 0.065879 0.364210 0.002457
v 0.280567 0.364210 0.002457
v 0.280567 0.160177 0.002457
v 0.065879 0.160177 0.002457
v 0.280567 1.194460 0.002457
v 0.065879 1.194460 0.002457
v 0.065879 1.804161 0.002458
v 0.280567 1.804161 0.002458
v 0.308734 0.392377 -0.002685
v 0.280567 0.364210 -0.002685
v 0.065879 0.364210 -0.002685
v 0.037711 0.392377 -0.002685
v 0.037711 0.132009 -0.002685
v 0.065879 0.160177 -0.002685
v 0.280567 0.160177 -0.002685
v 0.308734 0.132009 -0.002685
v 0.308734 1.832329 -0.002685
v 0.280567 1.804161 -0.002685
v 0.065879 1.804161 -0.002685
v 0.037711 1.832329 -0.002685
v 0.037711 1.166293 -0.002685
v 0.065879 1.194460 -0.002685
v 0.280567 1.194460 -0.002685
v 0.308734 1.166293 -0.002685
v -0.279935 0.364210 0.002457
v -0.066188 0.364210 0.002457
v -0.066188 0.160177 0.002457
v -0.279935 0.160177 0.002457
v -0.279935 1.804161 0.002458
v -0.066188 1.804161 0.002458
v -0.066188 1.194460 0.002457
v -0.279935 1.194460 0.002457
v -0.038022 1.075522 -0.002685
v -0.066188 1.047355 -0.002685
v -0.279935 1.047355 -0.002685
v -0.308103 1.075522 -0.002685
v -0.308103 0.484228 -0.002685
v -0.279935 0.512395 -0.002685
v -0.066188 0.512395 -0.002685
v -0.038022 0.484228 -0.002685
v 0.065879 1.047355 0.002457
v 0.280567 1.047355 0.002457
v 0.280567 0.512395 0.002457
v 0.065879 0.512395 0.002457
v 0.308734 1.075522 -0.002685
v 0.280567 1.047355 -0.002685
v 0.065879 1.047355 -0.002685
v 0.037711 1.075522 -0.002685
v 0.037711 0.484228 -0.002685
v 0.065879 0.512395 -0.002685
v 0.280567 0.512395 -0.002685
v 0.308734 0.484228 -0.002685
v -0.279935 1.047355 0.002457
v -0.066188 1.047355 0.002457
v -0.066188 0.512395 0.002457
v -0.279935 0.512395 0.002457
v -0.069377 0.361021 -0.008340
v -0.276746 0.361021 -0.008340
v -0.276746 0.163366 -0.008340
v -0.069377 0.163366 -0.008340
v -0.276746 1.197649 -0.008340
v -0.069377 1.197649 -0.008340
v -0.069377 1.800972 -0.008340
v -0.276746 1.800972 -0.008340
v 0.069068 0.361021 0.008292
v 0.277378 0.361021 0.008292
v 0.277378 0.163366 0.008292
v 0.069068 0.163366 0.008292
v 0.277378 1.197649 0.008292
v 0.069068 1.197649 0.008292
v 0.069068 1.800972 0.008292
v 0.277378 1.800972 0.008292
v 0.277378 0.361021 -0.008340
v 0.069068 0.361021 -0.008340
v 0.069068 0.163366 -0.008340
v 0.277378 0.163366 -0.008340
v 0.277378 1.800972 -0.008340
v 0.069068 1.800972 -0.008340
v 0.069068 1.197649 -0.008340
v 0.277378 1.197649 -0.008340
v -0.276746 0.361021 0.008292
v -0.069377 0.361021 0.008292
v -0.069377 0.163366 0.008292
v -0.276746 0.163366 0.008292
v -0.276746 1.800972 0.008292
v -0.069377 1.800972 0.008292
v -0.069377 1.197649 0.008292
v -0.276746 1.197649 0.008292
v -0.069377 1.044166 -0.008340
v -0.276746 1.044166 -0.008340
v -0.276746 0.515585 -0.008340
v -0.069377 0.515585 -0.008340
v 0.069068 1.044166 0.008292
v 0.277378 1.044166 0.008292
v 0.277378 0.515585 0.008292
v 0.069068 0.515585 0.008292
v 0.277378 1.044166 -0.008340
v 0.069068 1.044166 -0.008340
v 0.069068 0.515585 -0.008340
v 0.277378 0.515585 -0.008340
v -0.276746 1.044166 0.008292
v -0.069377 1.044166 0.008292
v -0.069377 0.515585 0.008292
v -0.276746 0.515585 0.008292
v 0.319736 0.402205 -0.008773
v 0.319736 1.083975 -0.008773
v 0.319736 1.843331 -0.008773
v 0.388259 1.843331 -0.008773
v 0.319736 1.840471 -0.008773
v 0.388951 1.843331 -0.008773
v 0.388951 1.843331 0.008546
v -0.388337 1.843331 0.008546
v -0.389037 1.843331 0.008546
v -0.389037 1.843331 -0.008773
v 0.026709 0.121006 -0.008773
v -0.027019 1.843331 -0.008773
v 0.388259 0.121006 0.008545
v 0.388259 1.843331 0.008546
v -0.319105 0.121006 -0.008773
v -0.388337 0.121006 -0.008773
v -0.319105 0.122181 -0.008773
v -0.388337 1.843331 -0.008773
v -0.319105 1.158151 -0.008773
v -0.319105 0.475775 -0.008773
v 0.318518 1.843331 -0.008773
v -0.028234 1.843331 -0.008773
v 0.388951 0.050212 -0.008773
v 0.388951 0.050212 0.008545
v -0.317891 0.121006 -0.008773
v 0.027927 0.121006 -0.008773
v 0.319736 0.122181 -0.008773
v 0.319736 0.475775 -0.008773
v 0.319736 1.158151 -0.008773
v -0.319105 0.402205 -0.008773
v -0.319105 1.840471 -0.008773
v -0.319105 1.083975 -0.008773
v 0.355116 1.089769 -0.022289
v -0.391322 1.999675 0.013242
v -0.391322 1.999974 0.013242
v -0.393899 1.999974 0.013746
v -0.393899 1.999675 0.013746
v -0.395865 1.999974 0.015212
v -0.395865 1.999675 0.015212
v -0.397028 1.999974 0.017140
v -0.397028 1.999675 0.017140
v -0.399263 1.999974 0.018821
v -0.399263 1.999675 0.018821
v -0.401811 1.999974 0.019096
v -0.401811 1.999675 0.019096
v -0.403979 1.999974 0.018251
v -0.403979 1.999675 0.018251
v -0.406378 1.999974 0.018370
v -0.406378 1.999675 0.018370
v -0.408238 1.999974 0.020174
v -0.408238 1.999675 0.020174
v -0.409570 1.999974 0.022107
v -0.409570 1.999675 0.022107
v -0.411817 1.999974 0.023275
v -0.411817 1.999675 0.023275
v -0.414526 1.999974 0.023447
v -0.414526 1.999675 0.023447
v -0.416425 1.999974 0.022551
v -0.416425 1.999675 0.022551
v -0.418288 1.999974 0.021886
v -0.418288 1.999675 0.021886
v -0.419747 1.999974 0.021670
v -0.419747 1.999675 0.021670
v -0.420923 1.999974 0.022657
v -0.420923 1.999675 0.022657
v -0.421767 1.999974 0.024285
v -0.421767 1.999675 0.024285
v -0.429616 1.999974 0.026638
v -0.429616 1.999675 0.026638
v -0.439503 1.999974 0.024285
v -0.439503 1.999675 0.024285
v -0.439503 1.999974 -0.000000
v -0.439503 1.999675 -0.000000
v -0.391322 1.999675 -0.000000
v -0.391322 1.999974 -0.000000
v -0.393899 1.999974 -0.013747
v -0.391322 1.999974 -0.013242
v -0.391322 1.999675 -0.013242
v -0.393899 1.999675 -0.013747
v -0.395865 1.999974 -0.015213
v -0.395865 1.999675 -0.015213
v -0.397028 1.999974 -0.017140
v -0.397028 1.999675 -0.017140
v -0.399263 1.999974 -0.018821
v -0.399263 1.999675 -0.018821
v -0.401811 1.999974 -0.019096
v -0.401811 1.999675 -0.019096
v -0.403979 1.999974 -0.018251
v -0.403979 1.999675 -0.018251
v -0.406378 1.999974 -0.018370
v -0.406378 1.999675 -0.018370
v -0.408238 1.999974 -0.020174
v -0.408238 1.999675 -0.020174
v -0.409570 1.999974 -0.022107
v -0.409570 1.999675 -0.022107
v -0.411817 1.999974 -0.023276
v -0.411817 1.999675 -0.023276
v -0.414526 1.999974 -0.023448
v -0.414526 1.999675 -0.023448
v -0.416425 1.999974 -0.022551
v -0.416425 1.999675 -0.022551
v -0.418288 1.999974 -0.021886
v -0.418288 1.999675 -0.021886
v -0.419747 1.999974 -0.021670
v -0.419747 1.999675 -0.021670
v -0.420775 1.999974 -0.022532
v -0.420775 1.999675 -0.022532
v -0.421767 1.999974 -0.024285
v -0.421011 1.999974 -0.022828
v -0.421011 1.999675 -0.022828
v -0.421767 1.999675 -0.024285
v -0.429616 1.999974 -0.026638
v -0.429616 1.999675 -0.026638
v -0.439503 1.999974 -0.024285
v -0.439503 1.999675 -0.024285
v 0.393640 0.045604 0.013747
v 0.391096 0.048181 0.013242
v -0.391096 0.048181 0.013242
v -0.393640 0.045604 0.013747
v 0.395633 0.043638 0.015213
v -0.395633 0.043638 0.015213
v 0.396796 0.042475 0.017140
v -0.396796 0.042475 0.017140
v 0.399004 0.040239 0.018821
v -0.399004 0.040240 0.018821
v 0.401543 0.037692 0.019096
v -0.401543 0.037692 0.019096
v 0.403710 0.035524 0.018251
v -0.403710 0.035524 0.018251
v 0.406123 0.033125 0.018370
v -0.406124 0.033125 0.018370
v 0.408008 0.031265 0.020174
v -0.408008 0.031265 0.020174
v 0.409331 0.029932 0.022107
v -0.409331 0.029933 0.022107
v 0.411551 0.027685 0.023276
v -0.411552 0.027686 0.023276
v 0.414259 0.024977 0.023448
v -0.414259 0.024977 0.023448
v 0.416162 0.023078 0.022551
v -0.416162 0.023078 0.022551
v 0.418018 0.021215 0.021886
v -0.418019 0.021215 0.021886
v 0.419490 0.019755 0.021670
v -0.419491 0.019756 0.021670
v 0.420695 0.018580 0.022657
v -0.420695 0.018581 0.022657
v 0.421529 0.017736 0.024285
v -0.421529 0.017737 0.024285
v 0.429346 0.009888 0.026638
v -0.429347 0.009888 0.026638
v 0.439278 0.000000 0.024285
v -0.439278 0.000000 0.024285
v 0.439310 0.000000 0.000000
v -0.439310 0.000000 0.000000
v 0.391128 0.048181 0.000000
v -0.391128 0.048181 0.000000
v 0.391096 0.048181 -0.013242
v 0.393640 0.045604 -0.013746
v -0.393640 0.045604 -0.013746
v -0.391096 0.048181 -0.013242
v 0.395633 0.043638 -0.015212
v -0.395633 0.043638 -0.015212
v 0.396796 0.042475 -0.017140
v -0.396796 0.042475 -0.017140
v 0.399004 0.040240 -0.018821
v -0.399004 0.040240 -0.018821
v 0.401543 0.037692 -0.019096
v -0.401543 0.037692 -0.019096
v 0.403710 0.035524 -0.018251
v -0.403710 0.035524 -0.018251
v 0.406123 0.033125 -0.018370
v -0.406124 0.033125 -0.018370
v 0.408008 0.031265 -0.020174
v -0.408008 0.031265 -0.020174
v 0.409331 0.029932 -0.022107
v -0.409331 0.029933 -0.022107
v 0.411551 0.027685 -0.023275
v -0.411552 0.027686 -0.023275
v 0.414259 0.024977 -0.023447
v -0.414259 0.024977 -0.023447
v 0.416162 0.023078 -0.022551
v -0.416162 0.023078 -0.022551
v 0.418018 0.021215 -0.021886
v -0.418019 0.021215 -0.021886
v 0.419490 0.019755 -0.021670
v -0.419491 0.019756 -0.021670
v 0.420695 0.018580 -0.022657
v -0.420695 0.018581 -0.022657
v 0.421529 0.017736 -0.024285
v -0.421529 0.017737 -0.024285
v 0.429346 0.009888 -0.026638
v -0.429347 0.009888 -0.026638
v 0.439278 0.000000 -0.024285
v -0.439278 0.000000 -0.024285
v 0.393898 1.999289 0.013746
v 0.391322 1.999289 0.013242
v 0.391322 0.048406 0.013242
v 0.393898 0.045863 0.013747
v 0.395864 1.999289 0.015212
v 0.395864 0.043870 0.015213
v 0.397028 1.999289 0.017140
v 0.397028 0.042707 0.017140
v 0.399263 1.999289 0.018821
v 0.399263 0.040499 0.018821
v 0.401810 1.999289 0.019096
v 0.401810 0.037960 0.019096
v 0.403979 1.999289 0.018251
v 0.403979 0.035793 0.018251
v 0.406378 1.999289 0.018370
v 0.406378 0.033379 0.018370
v 0.408237 1.999289 0.020174
v 0.408237 0.031495 0.020174
v 0.409570 1.999289 0.022107
v 0.409570 0.030172 0.022107
v 0.411817 1.999289 0.023275
v 0.411817 0.027951 0.023276
v 0.414526 1.999289 0.023447
v 0.414526 0.025244 0.023448
v 0.416425 1.999289 0.022551
v 0.416425 0.023341 0.022551
v 0.418288 1.999289 0.021886
v 0.418287 0.021484 0.021886
v 0.419747 1.999289 0.021670
v 0.419747 0.020012 0.021670
v 0.420922 1.999289 0.022657
v 0.420922 0.018807 0.022657
v 0.421766 0.017974 0.024285
v 0.421766 1.999289 0.024285
v 0.429615 1.999289 0.026638
v 0.429615 0.010156 0.026638
v 0.439503 1.999289 0.024285
v 0.439503 0.000225 0.024285
v 0.439503 0.000193 0.000000
v 0.439503 1.999289 0.000193
v 0.391322 1.999289 -0.000000
v 0.391322 0.048374 0.000000
v 0.393898 1.999289 -0.013747
v 0.393898 0.045863 -0.013746
v 0.391322 0.048406 -0.013242
v 0.391322 1.999289 -0.013242
v 0.395864 1.999289 -0.015213
v 0.395864 0.043870 -0.015212
v 0.397027 1.999289 -0.017140
v 0.397027 0.042707 -0.017140
v 0.399263 1.999289 -0.018821
v 0.399263 0.040499 -0.018821
v 0.401810 1.999289 -0.019096
v 0.401810 0.037960 -0.019096
v 0.403979 1.999289 -0.018251
v 0.403979 0.035793 -0.018251
v 0.406378 1.999289 -0.018370
v 0.406378 0.033379 -0.018370
v 0.408237 1.999289 -0.020174
v 0.408237 0.031495 -0.020174
v 0.409570 1.999289 -0.022107
v 0.409570 0.030172 -0.022107
v 0.411817 1.999289 -0.023276
v 0.411817 0.027951 -0.023275
v 0.414526 1.999289 -0.023448
v 0.414526 0.025244 -0.023447
v 0.416425 1.999289 -0.022551
v 0.416425 0.023341 -0.022551
v 0.418288 1.999289 -0.021886
v 0.418287 0.021484 -0.021886
v 0.419747 1.999289 -0.021670
v 0.419747 0.020012 -0.021670
v 0.420922 1.999289 -0.022657
v 0.420922 0.018807 -0.022657
v 0.421766 1.999289 -0.024285
v 0.421766 0.017974 -0.024285
v 0.429615 1.999289 -0.026638
v 0.429615 0.010156 -0.026638
v 0.439503 1.999289 -0.024285
v 0.439503 0.000225 -0.024285
v 0.439503 1.999289 -0.000193
v -0.393899 0.045863 0.013747
v -0.393834 0.045668 0.013747
v -0.391265 0.048237 0.013242
v -0.391322 0.048407 0.013242
v -0.395865 0.043870 0.015213
v -0.395807 0.043696 0.015213
v -0.397028 0.042707 0.017140
v -0.396970 0.042534 0.017140
v -0.399263 0.040499 0.018821
v -0.399198 0.040305 0.018821
v -0.401811 0.037960 0.019096
v -0.401744 0.037759 0.019096
v -0.403979 0.035793 0.018251
v -0.403912 0.035592 0.018251
v -0.406378 0.033379 0.018370
v -0.406314 0.033189 0.018370
v -0.408238 0.031495 0.020174
v -0.408180 0.031323 0.020174
v -0.409570 0.030172 0.022107
v -0.409511 0.029992 0.022107
v -0.411817 0.027951 0.023276
v -0.411751 0.027752 0.023276
v -0.414526 0.025244 0.023448
v -0.414459 0.025044 0.023448
v -0.416425 0.023341 0.022551
v -0.416359 0.023144 0.022551
v -0.418288 0.021484 0.021886
v -0.418220 0.021283 0.021886
v -0.419747 0.020012 0.021670
v -0.419684 0.019819 0.021670
v -0.420923 0.018808 0.022657
v -0.420866 0.018637 0.022657
v -0.421767 0.017974 0.024285
v -0.421707 0.017796 0.024285
v -0.429616 0.010156 0.026638
v -0.429548 0.009955 0.026638
v -0.439503 0.000225 0.024285
v -0.439447 0.000056 0.024285
v -0.439503 0.000193 0.000000
v -0.439455 0.000048 0.000000
v -0.391273 0.048229 0.000000
v -0.391322 0.048374 0.000000
v -0.391322 0.048407 -0.013242
v -0.391265 0.048237 -0.013242
v -0.393834 0.045668 -0.013746
v -0.393899 0.045863 -0.013746
v -0.395807 0.043696 -0.015212
v -0.395865 0.043870 -0.015212
v -0.396970 0.042534 -0.017140
v -0.397028 0.042707 -0.017140
v -0.399198 0.040305 -0.018821
v -0.399263 0.040499 -0.018821
v -0.401744 0.037759 -0.019096
v -0.401811 0.037960 -0.019096
v -0.403912 0.035592 -0.018251
v -0.403979 0.035793 -0.018251
v -0.406314 0.033189 -0.018370
v -0.406378 0.033379 -0.018370
v -0.408180 0.031323 -0.020174
v -0.408238 0.031495 -0.020174
v -0.409511 0.029992 -0.022107
v -0.409570 0.030172 -0.022107
v -0.411751 0.027752 -0.023275
v -0.411817 0.027951 -0.023275
v -0.414459 0.025044 -0.023447
v -0.414526 0.025244 -0.023447
v -0.416359 0.023144 -0.022551
v -0.416425 0.023341 -0.022551
v -0.418220 0.021283 -0.021886
v -0.418288 0.021484 -0.021886
v -0.419684 0.019819 -0.021670
v -0.419747 0.020012 -0.021670
v -0.420866 0.018637 -0.022657
v -0.420775 0.018959 -0.022532
v -0.421707 0.017796 -0.024285
v -0.421767 0.017974 -0.024285
v -0.421011 0.018720 -0.022828
v -0.429548 0.009955 -0.026638
v -0.429616 0.010156 -0.026638
v -0.439447 0.000056 -0.024285
v -0.439503 0.000225 -0.024285
v 0.393834 0.045668 0.013747
v 0.391265 0.048237 0.013242
v 0.395807 0.043696 0.015213
v 0.396970 0.042534 0.017140
v 0.399198 0.040305 0.018821
v 0.401744 0.037759 0.019096
v 0.403911 0.035591 0.018251
v 0.406314 0.033189 0.018370
v 0.408180 0.031323 0.020174
v 0.409510 0.029992 0.022107
v 0.411750 0.027752 0.023276
v 0.414459 0.025044 0.023448
v 0.416359 0.023144 0.022551
v 0.418220 0.021282 0.021886
v 0.419684 0.019819 0.021670
v 0.420865 0.018637 0.022657
v 0.421707 0.017796 0.024285
v 0.429548 0.009955 0.026638
v 0.439446 0.000056 0.024285
v 0.439455 0.000048 0.000000
v 0.391273 0.048229 0.000000
v 0.391265 0.048237 -0.013242
v 0.393834 0.045668 -0.013746
v 0.395807 0.043696 -0.015212
v 0.396970 0.042534 -0.017140
v 0.399198 0.040305 -0.018821
v 0.401744 0.037759 -0.019096
v 0.403911 0.035591 -0.018251
v 0.406314 0.033189 -0.018370
v 0.408180 0.031323 -0.020174
v 0.409510 0.029992 -0.022107
v 0.411750 0.027752 -0.023275
v 0.414459 0.025044 -0.023447
v 0.416359 0.023144 -0.022551
v 0.418220 0.021282 -0.021886
v 0.419684 0.019819 -0.021670
v 0.420865 0.018637 -0.022657
v 0.421707 0.017796 -0.024285
v 0.429548 0.009955 -0.026638
v 0.439446 0.000056 -0.024285
v -0.420893 0.018840 -0.022680
v -0.420775 1.999289 -0.022532
v -0.420906 1.999289 -0.022671
v 0.439503 1.999289 -0.000000
v -0.421011 1.999289 -0.022828
v -0.391322 1.999289 0.013242
v -0.393899 1.999289 0.013746
v -0.395865 1.999289 0.015212
v -0.397028 1.999289 0.017140
v -0.399263 1.999289 0.018821
v -0.401811 1.999289 0.019096
v -0.403979 1.999289 0.018251
v -0.406378 1.999289 0.018370
v -0.408238 1.999289 0.020174
v -0.409570 1.999289 0.022107
v -0.411817 1.999289 0.023275
v -0.414526 1.999289 0.023447
v -0.416425 1.999289 0.022551
v -0.418288 1.999289 0.021886
v -0.419747 1.999289 0.021670
v -0.420923 1.999289 0.022657
v -0.421767 1.999289 0.024285
v -0.429616 1.999289 0.026638
v -0.439503 1.999289 0.024285
v -0.439503 1.999289 -0.000000
v -0.391322 1.999289 -0.000000
v -0.393899 1.999289 -0.013747
v -0.391322 1.999289 -0.013242
v -0.395865 1.999289 -0.015213
v -0.397028 1.999289 -0.017140
v -0.399263 1.999289 -0.018821
v -0.401811 1.999289 -0.019096
v -0.403979 1.999289 -0.018251
v -0.406378 1.999289 -0.018370
v -0.408238 1.999289 -0.020174
v -0.409570 1.999289 -0.022107
v -0.411817 1.999289 -0.023276
v -0.414526 1.999289 -0.023448
v -0.416425 1.999289 -0.022551
v -0.418288 1.999289 -0.021886
v -0.419747 1.999289 -0.021670
v -0.421767 1.999289 -0.024285
v -0.429616 1.999289 -0.026638
v -0.439503 1.999289 -0.024285
v 0.391322 1.999675 0.013242
v 0.393898 1.999675 0.013746
v 0.393898 2.000000 0.013746
v 0.391322 2.000000 0.013242
v 0.395864 1.999675 0.015212
v 0.395864 2.000000 0.015212
v 0.397028 1.999675 0.017140
v 0.397028 2.000000 0.017140
v 0.399263 1.999675 0.018821
v 0.399263 2.000000 0.018821
v 0.401810 1.999675 0.019096
v 0.401810 2.000000 0.019096
v 0.403979 1.999675 0.018251
v 0.403979 2.000000 0.018251
v 0.406378 1.999675 0.018370
v 0.406378 2.000000 0.018370
v 0.408237 1.999675 0.020174
v 0.408237 2.000000 0.020174
v 0.409570 1.999675 0.022107
v 0.409570 2.000000 0.022107
v 0.411817 1.999675 0.023275
v 0.411817 2.000000 0.023275
v 0.414526 1.999675 0.023447
v 0.414526 2.000000 0.023447
v 0.416425 1.999675 0.022551
v 0.416425 2.000000 0.022551
v 0.418288 1.999675 0.021886
v 0.418287 2.000000 0.021887
v 0.419747 1.999675 0.021670
v 0.419747 2.000000 0.021670
v 0.420922 1.999675 0.022657
v 0.420922 2.000000 0.022657
v 0.421766 1.999675 0.024285
v 0.421766 2.000000 0.024285
v 0.429615 1.999675 0.026638
v 0.429615 2.000000 0.026638
v 0.439503 1.999675 0.024285
v 0.439503 2.000000 0.024285
v 0.439503 1.999675 0.000193
v 0.439503 2.000000 0.000193
v 0.391322 1.999675 -0.000000
v 0.391322 2.000000 -0.000000
v 0.393898 1.999675 -0.013747
v 0.391322 1.999675 -0.013241
v 0.391322 2.000000 -0.013241
v 0.393898 2.000000 -0.013747
v 0.395864 1.999675 -0.015213
v 0.395864 2.000000 -0.015213
v 0.397027 1.999675 -0.017140
v 0.397027 2.000000 -0.017140
v 0.399263 1.999675 -0.018821
v 0.399263 2.000000 -0.018821
v 0.401810 1.999675 -0.019096
v 0.401810 2.000000 -0.019095
v 0.403979 1.999675 -0.018251
v 0.403979 2.000000 -0.018251
v 0.406378 1.999675 -0.018370
v 0.406378 2.000000 -0.018370
v 0.408237 1.999675 -0.020174
v 0.408237 2.000000 -0.020174
v 0.409570 1.999675 -0.022107
v 0.409570 2.000000 -0.022106
v 0.411817 1.999675 -0.023276
v 0.411817 2.000000 -0.023275
v 0.414526 1.999675 -0.023448
v 0.414526 2.000000 -0.023448
v 0.416425 1.999675 -0.022551
v 0.416425 2.000000 -0.022551
v 0.418288 1.999675 -0.021886
v 0.418287 2.000000 -0.021886
v 0.419747 1.999675 -0.021670
v 0.419747 2.000000 -0.021670
v 0.420922 1.999675 -0.022657
v 0.420922 2.000000 -0.022657
v 0.421766 1.999675 -0.024285
v 0.421766 2.000000 -0.024284
v 0.429615 1.999675 -0.026638
v 0.429615 2.000000 -0.026638
v 0.439503 1.999675 -0.024285
v 0.439503 2.000000 -0.024284
v 0.439503 1.999675 -0.000193
v 0.439503 2.000000 -0.000193
v -0.420906 1.999675 -0.022671
v -0.420908 1.999974 -0.022669
v 0.439503 1.999675 -0.000000
v 0.439503 2.000000 -0.000000
v -0.414085 1.999974 -0.000787
v 0.414126 2.000000 -0.000000
vn 0.984794 -0.173726 0.000000
vn 0.984794 -0.173726 0.000000
vn 0.866043 -0.499970 0.000000
vn 0.866043 -0.499970 0.000000
vn 0.642857 -0.765986 0.000000
vn 0.642857 -0.765986 0.000000
vn 0.341993 -0.939703 0.000000
vn 0.341993 -0.939703 0.000000
vn 0.000000 -1.000000 0.000000
vn 0.000000 -1.000000 0.000000
vn -0.341993 -0.939703 0.000000
vn -0.341993 -0.939703 0.000000
vn -0.642857 -0.765986 0.000000
vn -0.642857 -0.765986 0.000000
vn -0.865988 -0.500066 0.000000
vn -0.865987 -0.500066 0.000000
vn -0.984817 -0.173598 0.000000
vn -0.984817 -0.173598 0.000000
vn -0.984816 0.173601 0.000000
vn -0.984816 0.173601 0.000000
vn -0.866019 0.500010 0.000000
vn -0.866019 0.500010 0.000000
vn -0.642783 0.766049 0.000000
vn -0.642783 0.766049 0.000000
vn -0.342007 0.939697 0.000000
vn -0.342007 0.939697 0.000000
vn 0.000000 1.000000 0.000000
vn 0.000000 1.000000 -0.000000
vn 0.342007 0.939697 0.000000
vn 0.342007 0.939697 -0.000000
vn 0.642783 0.766049 0.000000
vn 0.642783 0.766049 -0.000000
vn 0.866075 0.499915 0.000000
vn 0.866075 0.499915 -0.000000
vn 0.984794 0.173729 0.000000
vn 0.984794 0.173729 -0.000000
vn 0.651590 -0.114910 -0.749818
vn 0.651582 -0.114900 -0.749826
vn 0.572973 -0.330773 -0.749861
vn 0.572995 -0.330827 -0.749820
vn 0.425237 -0.506822 -0.749870
vn 0.425237 -0.506828 -0.749866
vn 0.226276 -0.621685 -0.749871
vn 0.226279 -0.621676 -0.749878
vn -0.000000 -0.661567 -0.749886
vn 0.000000 -0.661567 -0.749886
vn -0.226272 -0.621678 -0.749878
vn -0.226283 -0.621684 -0.749870
vn -0.425238 -0.506823 -0.749868
vn -0.425233 -0.506822 -0.749872
vn -0.573011 -0.330792 -0.749823
vn -0.572949 -0.330800 -0.749867
vn -0.651581 -0.114908 -0.749825
vn -0.651592 -0.114902 -0.749817
vn -0.651585 0.114909 -0.749822
vn -0.651581 0.114905 -0.749826
vn -0.572972 0.330769 -0.749863
vn -0.572988 0.330808 -0.749834
vn -0.425236 0.506833 -0.749863
vn -0.425236 0.506826 -0.749868
vn -0.226280 0.621671 -0.749882
vn -0.226273 0.621692 -0.749866
vn 0.000000 0.661552 -0.749899
vn 0.000000 0.661552 -0.749899
vn 0.226287 0.621687 -0.749866
vn 0.226265 0.621674 -0.749884
vn 0.425234 0.506831 -0.749866
vn 0.425242 0.506833 -0.749860
vn 0.572998 0.330786 -0.749836
vn 0.572959 0.330792 -0.749863
vn 0.651581 0.114908 -0.749826
vn 0.651586 0.114905 -0.749822
vn -0.000000 0.000000 -1.000000
vn -0.000000 0.000000 -1.000000
vn -0.000000 -0.000000 -1.000000
vn 0.000000 -0.000000 -1.000000
vn -0.000000 -0.000000 -1.000000
vn -0.000000 -0.000000 -1.000000
vn 0.000000 -0.000000 -1.000000
vn 0.000000 0.000000 -1.000000
vn 0.000000 0.000000 -1.000000
vn 0.000000 -0.000000 -1.000000
vn 0.000000 -0.000000 -1.000000
vn 0.000000 -0.000000 -1.000000
vn -0.000000 -0.000000 -1.000000
vn 0.000000 -0.000000 -1.000000
vn 0.000000 -0.000000 -1.000000
vn -0.000000 -0.000000 -1.000000
vn -0.000000 -0.000000 -1.000000
vn 0.000000 -0.000000 -1.000000
vn 0.984765 -0.173892 0.000000
vn 0.984765 -0.173892 0.000000
vn 0.866161 -0.499766 0.000000
vn 0.866161 -0.499766 0.000000
vn 0.642619 -0.766185 0.000000
vn 0.642619 -0.766185 0.000000
vn 0.342134 -0.939651 0.000000
vn 0.342134 -0.939651 0.000000
vn 0.000000 -1.000000 0.000000
vn 0.000000 -1.000000 0.000000
vn -0.342131 -0.939652 0.000000
vn -0.342131 -0.939652 0.000000
vn -0.642614 -0.766190 0.000000
vn -0.642614 -0.766190 0.000000
vn -0.866170 -0.499749 0.000000
vn -0.866170 -0.499749 0.000000
vn -0.984761 -0.173914 0.000000
vn -0.984761 -0.173914 0.000000
vn -0.984759 0.173922 0.000000
vn -0.984759 0.173922 0.000000
vn -0.866170 0.499749 0.000000
vn -0.866170 0.499749 0.000000
vn -0.642640 0.766168 0.000000
vn -0.642640 0.766168 0.000000
vn -0.342052 0.939681 0.000000
vn -0.342052 0.939681 0.000000
vn 0.000000 1.000000 0.000000
vn 0.000000 1.000000 0.000000
vn 0.342055 0.939680 -0.000000
vn 0.342055 0.939680 0.000000
vn 0.642646 0.766164 -0.000000
vn 0.642646 0.766164 0.000000
vn 0.866161 0.499766 -0.000000
vn 0.866161 0.499766 0.000000
vn 0.984763 0.173900 -0.000000
vn 0.984763 0.173900 0.000000
vn 0.984765 -0.173892 0.000000
vn 0.984765 -0.173892 0.000000
vn 0.866161 -0.499766 0.000000
vn 0.866161 -0.499766 0.000000
vn 0.642619 -0.766186 0.000000
vn 0.642619 -0.766186 0.000000
vn 0.342134 -0.939651 0.000000
vn 0.342134 -0.939651 0.000000
vn -0.000000 -1.000000 0.000000
vn 0.000000 -1.000000 -0.000000
vn -0.298847 0.000000 0.954301
vn -0.298847 0.000000 0.954301
vn -0.298847 0.000000 0.954301
vn -0.298847 0.000000 0.954301
vn -0.298847 0.000000 0.954301
vn -0.298847 0.000000 0.954301
vn -0.298847 0.000000 0.954301
vn -0.298847 0.000000 0.954301
vn -0.298847 0.000000 0.954301
vn -0.298847 0.000000 0.954301
vn -0.298847 0.000000 0.954301
vn -0.298847 0.000000 0.954301
vn -0.298847 0.000000 0.954301
vn -0.298847 0.000000 0.954301
vn -0.298847 0.000000 0.954301
vn -0.298847 0.000000 0.954301
vn -0.000000 1.000000 0.000000
vn 0.000000 1.000000 0.000000
vn 0.342055 0.939680 0.000000
vn 0.342055 0.939680 0.000000
vn 0.642646 0.766164 0.000000
vn 0.642646 0.766164 0.000000
vn 0.866161 0.499766 0.000000
vn 0.866161 0.499766 0.000000
vn 0.984763 0.173900 0.000000
vn 0.984763 0.173900 0.000000
vn 0.000000 0.000000 -1.000000
vn 0.000000 0.000000 -1.000000
vn 0.000000 -1.000000 0.000000
vn 0.000000 -1.000000 0.000000
vn 0.000000 0.000000 1.000000
vn 0.000000 0.000000 1.000000
vn 0.000000 0.000000 1.000000
vn 0.000000 0.000000 1.000000
vn 0.000000 0.000000 1.000000
vn 0.000000 0.000000 1.000000
vn 0.000000 0.000000 1.000000
vn 0.000000 0.000000 1.000000
vn 0.000000 0.000000 1.000000
vn -0.000000 0.000000 1.000000
vn 0.000000 0.000000 1.000000
vn -0.000000 0.000000 1.000000
vn 0.000000 0.000000 1.000000
vn -0.000000 0.000000 1.000000
vn 0.000000 0.000000 1.000000
vn -0.000000 0.000000 1.000000
vn -0.000000 1.000000 0.000000
vn 0.000000 1.000000 0.000000
vn 0.000000 0.000000 -1.000000
vn 0.000000 0.000000 -1.000000
vn 0.000000 0.000000 -1.000000
vn 0.000000 0.000000 -1.000000
vn 0.000000 0.000000 -1.000000
vn 0.000000 0.000000 -1.000000
vn 0.000000 0.000000 -1.000000
vn 0.000000 0.000000 -1.000000
vn 0.000000 0.000000 -1.000000
vn 0.000000 0.000000 -1.000000
vn 0.000000 0.000000 -1.000000
vn 0.000000 0.000000 -1.000000
vn 0.000000 0.000000 -1.000000
vn 0.000000 0.000000 -1.000000
vn -0.620366 -0.000185 -0.784313
vn -0.620387 0.000000 -0.784296
vn 0.000000 -1.000000 0.000000
vn -0.000000 -1.000000 0.000000
vn 0.635838 -0.000595 0.771822
vn 0.635667 -0.000000 0.771963
vn 0.635667 0.000000 0.771963
vn 0.635667 -0.000000 0.771963
vn 0.635667 0.000000 0.771963
vn 0.635667 -0.000000 0.771963
vn 0.635667 0.000000 0.771963
vn 0.635667 -0.000000 0.771963
vn 0.635667 -0.000000 0.771964
vn 0.635667 0.000000 0.771963
vn 0.635667 -0.000000 0.771964
vn 0.635667 0.000000 0.771964
vn 0.635667 -0.000000 0.771964
vn 0.635667 0.000000 0.771964
vn 0.635838 0.000595 0.771823
vn 0.635667 0.000000 0.771964
vn 0.000000 1.000000 0.000000
vn 0.000000 1.000000 0.000000
vn -0.620366 0.000182 -0.784312
vn -0.620387 -0.000000 -0.784296
vn -0.620387 0.000000 -0.784296
vn -0.620387 -0.000000 -0.784296
vn -0.620387 0.000000 -0.784296
vn -0.620387 -0.000000 -0.784296
vn -0.620387 0.000000 -0.784296
vn -0.620387 -0.000000 -0.784296
vn -0.620387 -0.000000 -0.784296
vn -0.620387 0.000000 -0.784296
vn -0.620387 -0.000000 -0.784296
vn -0.620387 0.000000 -0.784296
vn -0.620387 -0.000000 -0.784296
vn -0.620387 0.000000 -0.784296
vn -0.117666 -0.035812 -0.992407
vn -0.106673 0.000000 -0.994294
vn -0.000000 -1.000000 0.000000
vn 0.000000 -1.000000 -0.000000
vn 0.109406 0.039210 0.993223
vn 0.121405 0.000000 0.992603
vn 0.109491 0.000000 0.993988
vn 0.109491 0.000000 0.993988
vn 0.109491 0.000000 0.993988
vn 0.109491 0.000000 0.993988
vn 0.109491 0.000000 0.993988
vn 0.109491 0.000000 0.993988
vn 0.109491 0.000000 0.993988
vn 0.109491 0.000000 0.993988
vn 0.109491 0.000000 0.993988
vn 0.109491 0.000000 0.993988
vn 0.109491 0.000000 0.993988
vn 0.109491 0.000000 0.993988
vn 0.121315 -0.038503 0.991867
vn 0.109491 0.000000 0.993988
vn 0.000000 1.000000 0.000000
vn 0.000000 1.000000 0.000000
vn -0.106602 0.036460 -0.993633
vn -0.117742 0.000000 -0.993044
vn -0.106673 0.000000 -0.994294
vn -0.106673 0.000000 -0.994294
vn -0.106673 0.000000 -0.994294
vn -0.106673 0.000000 -0.994294
vn -0.106673 0.000000 -0.994294
vn -0.106673 0.000000 -0.994294
vn -0.106673 0.000000 -0.994294
vn -0.106673 0.000000 -0.994294
vn -0.106673 0.000000 -0.994294
vn -0.106673 0.000000 -0.994294
vn -0.106673 0.000000 -0.994294
vn -0.106673 0.000000 -0.994294
vn -0.345739 -0.082929 -0.934659
vn -0.328278 -0.022616 -0.944310
vn -0.540766 -0.058292 -0.839151
vn -0.533028 -0.028846 -0.845606
vn -0.000000 -1.000000 0.000000
vn 0.000000 -1.000000 0.000000
vn -0.000000 -1.000000 0.000000
vn 0.000000 -1.000000 0.000000
vn 0.336045 0.096018 0.936939
vn 0.357862 0.022808 0.933496
vn 0.545815 0.069633 0.835007
vn 0.555844 0.028599 0.830795
vn 0.337604 0.000000 0.941288
vn 0.337604 0.000000 0.941288
vn 0.547144 0.000000 0.837039
vn 0.547144 0.000000 0.837039
vn 0.337604 0.000000 0.941288
vn 0.337604 0.000000 0.941288
vn 0.547144 0.000000 0.837039
vn 0.547144 0.000000 0.837039
vn 0.337604 0.000000 0.941288
vn 0.337604 0.000000 0.941288
vn 0.547144 0.000000 0.837039
vn 0.547144 0.000000 0.837039
vn 0.337604 0.000000 0.941288
vn 0.337604 0.000000 0.941288
vn 0.547144 0.000000 0.837039
vn 0.547144 0.000000 0.837039
vn 0.337604 0.000000 0.941288
vn 0.337604 0.000000 0.941288
vn 0.547144 0.000000 0.837039
vn 0.547144 0.000000 0.837039
vn 0.337604 0.000000 0.941288
vn 0.337604 0.000000 0.941288
vn 0.547144 0.000000 0.837039
vn 0.547144 0.000000 0.837039
vn 0.356492 -0.090284 0.929926
vn 0.337505 -0.024278 0.941011
vn 0.554972 -0.062876 0.829489
vn 0.546870 -0.031627 0.836620
vn 0.000000 1.000000 0.000000
vn 0.000000 1.000000 0.000000
vn 0.000000 1.000000 0.000000
vn 0.000000 1.000000 0.000000
vn -0.327091 0.087899 -0.940896
vn -0.346855 0.021357 -0.937676
vn -0.532147 0.064268 -0.844209
vn -0.541501 0.026193 -0.840292
vn -0.328362 0.000000 -0.944552
vn -0.328362 0.000000 -0.944552
vn -0.533250 0.000000 -0.845958
vn -0.533250 0.000000 -0.845958
vn -0.328362 0.000000 -0.944552
vn -0.328362 0.000000 -0.944552
vn -0.533250 0.000000 -0.845958
vn -0.533250 0.000000 -0.845958
vn -0.328362 0.000000 -0.944552
vn -0.328362 0.000000 -0.944552
vn -0.533250 0.000000 -0.845958
vn -0.533250 0.000000 -0.845958
vn -0.328362 0.000000 -0.944552
vn -0.328362 0.000000 -0.944552
vn -0.533250 0.000000 -0.845958
vn -0.533250 0.000000 -0.845958
vn -0.328362 0.000000 -0.944552
vn -0.328362 0.000000 -0.944552
vn -0.533250 0.000000 -0.845958
vn -0.533250 0.000000 -0.845958
vn -0.328362 0.000000 -0.944552
vn -0.328362 0.000000 -0.944552
vn -0.533250 0.000000 -0.845958
vn -0.533250 0.000000 -0.845958
vn 0.984811 -0.173627 0.000000
vn 0.984811 -0.173627 0.000000
vn 0.866072 -0.499919 0.000000
vn 0.866072 -0.499919 0.000000
vn 0.642823 -0.766015 0.000000
vn 0.642823 -0.766015 0.000000
vn 0.341856 -0.939752 0.000000
vn 0.341856 -0.939752 0.000000
vn 0.000000 -1.000000 0.000000
vn 0.000000 -1.000000 0.000000
vn -0.341856 -0.939752 0.000000
vn -0.341856 -0.939752 0.000000
vn -0.642819 -0.766018 0.000000
vn -0.642819 -0.766018 0.000000
vn -0.866072 -0.499919 0.000000
vn -0.866072 -0.499919 0.000000
vn -0.984811 -0.173627 0.000000
vn -0.984811 -0.173627 0.000000
vn -0.984804 0.173672 0.000000
vn -0.984804 0.173672 0.000000
vn -0.866079 0.499906 0.000000
vn -0.866079 0.499906 0.000000
vn -0.642785 0.766046 0.000000
vn -0.642785 0.766046 0.000000
vn -0.342110 0.939660 0.000000
vn -0.342110 0.939660 0.000000
vn 0.000000 1.000000 0.000000
vn 0.000000 1.000000 -0.000000
vn 0.342110 0.939660 0.000000
vn 0.342110 0.939660 -0.000000
vn 0.642789 0.766043 0.000000
vn 0.642789 0.766043 -0.000000
vn 0.866079 0.499906 0.000000
vn 0.866079 0.499906 -0.000000
vn 0.984804 0.173672 0.000000
vn 0.984804 0.173672 -0.000000
vn 0.635288 -0.112040 -0.764105
vn 0.635257 -0.112006 -0.764135
vn 0.558724 -0.322602 -0.764039
vn 0.558698 -0.322541 -0.764083
vn 0.414753 -0.494253 -0.763999
vn 0.414752 -0.494225 -0.764018
vn 0.220622 -0.606187 -0.764109
vn 0.220576 -0.606338 -0.764003
vn -0.000000 -0.645100 -0.764098
vn 0.000000 -0.645100 -0.764098
vn -0.220663 -0.606295 -0.764012
vn -0.220531 -0.606210 -0.764117
vn -0.414738 -0.494239 -0.764016
vn -0.414764 -0.494245 -0.763997
vn -0.558689 -0.322577 -0.764075
vn -0.558747 -0.322569 -0.764036
vn -0.635255 -0.112039 -0.764132
vn -0.635302 -0.112014 -0.764096
vn -0.635290 0.112074 -0.764098
vn -0.635255 0.112036 -0.764133
vn -0.558684 0.322477 -0.764121
vn -0.558715 0.322551 -0.764067
vn -0.414644 0.494327 -0.764010
vn -0.414633 0.494115 -0.764153
vn -0.220709 0.606371 -0.763938
vn -0.220745 0.606256 -0.764019
vn 0.000000 0.645313 -0.763918
vn 0.000000 0.645313 -0.763918
vn 0.220677 0.606289 -0.764013
vn 0.220778 0.606354 -0.763932
vn 0.414545 0.494205 -0.764142
vn 0.414753 0.494253 -0.763998
vn 0.558728 0.322507 -0.764076
vn 0.558655 0.322516 -0.764125
vn 0.635253 0.112063 -0.764130
vn 0.635293 0.112043 -0.764101
vn -0.000000 -0.000000 -1.000000
vn 0.000000 -0.000000 -1.000000
vn 0.000000 -0.000000 -1.000000
vn 0.000000 -0.000000 -1.000000
vn -0.000000 -0.000000 -1.000000
vn -0.000000 -0.000000 -1.000000
vn -0.000000 -0.000000 -1.000000
vn -0.000000 -0.000000 -1.000000
vn 0.000000 -0.000000 -1.000000
vn 0.000000 0.000000 -1.000000
vn 0.000000 0.000000 -1.000000
vn 0.000000 0.000000 -1.000000
vn 0.000000 0.000000 -1.000000
vn 0.000000 0.000000 -1.000000
vn 0.000000 -0.000000 -1.000000
vn 0.000000 -0.000000 -1.000000
vn 0.000000 -0.000000 -1.000000
vn 0.000000 -0.000000 -1.000000
vn 0.651963 -0.114968 -0.749484
vn 0.653721 -0.115340 -0.747894
vn 0.650416 -0.114703 -0.750867
vn 0.651635 -0.114954 -0.749772
vn 0.572911 -0.330779 -0.749905
vn 0.573731 -0.331290 -0.749053
vn 0.573276 -0.330947 -0.749552
vn 0.573464 -0.331063 -0.749357
vn 0.427553 -0.509587 -0.746672
vn 0.425458 -0.506911 -0.749684
vn 0.425770 -0.507457 -0.749137
vn 0.423856 -0.505039 -0.751852
vn 0.227177 -0.624145 -0.747551
vn 0.227379 -0.624766 -0.746972
vn 0.225654 -0.619978 -0.751470
vn 0.225874 -0.620639 -0.750859
vn -0.000000 -0.664126 -0.747621
vn 0.000000 -0.664126 -0.747621
vn 0.000000 -0.660397 -0.750917
vn 0.000000 -0.660397 -0.750917
vn -0.227411 -0.624785 -0.746946
vn -0.227144 -0.624122 -0.747581
vn -0.225882 -0.620605 -0.750884
vn -0.225636 -0.619987 -0.751468
vn -0.425377 -0.506994 -0.749674
vn -0.427689 -0.509566 -0.746609
vn -0.423783 -0.505089 -0.751860
vn -0.425833 -0.507394 -0.749145
vn -0.573812 -0.331299 -0.748986
vn -0.572891 -0.330808 -0.749908
vn -0.573469 -0.331056 -0.749357
vn -0.570970 -0.329707 -0.751855
vn -0.653725 -0.115279 -0.747900
vn -0.652036 -0.115040 -0.749410
vn -0.648708 -0.114401 -0.752390
vn -0.650420 -0.114653 -0.750872
vn -0.652179 0.115010 -0.749290
vn -0.653721 0.115337 -0.747895
vn -0.650416 0.114703 -0.750867
vn -0.648783 0.114366 -0.752331
vn -0.572606 0.330588 -0.750223
vn -0.574112 0.331528 -0.748655
vn -0.571162 0.329724 -0.751702
vn -0.572330 0.330444 -0.750496
vn -0.427232 0.509205 -0.747117
vn -0.425103 0.506484 -0.750174
vn -0.424496 0.505952 -0.750877
vn -0.423803 0.505075 -0.751858
vn -0.227156 0.624119 -0.747580
vn -0.227165 0.624146 -0.747555
vn -0.225663 0.619974 -0.751471
vn -0.225873 0.620607 -0.750885
vn 0.000000 0.664126 -0.747621
vn 0.000000 0.664126 -0.747621
vn 0.000000 0.660397 -0.750917
vn 0.000000 0.660397 -0.750917
vn 0.227154 0.624117 -0.747582
vn 0.227167 0.624148 -0.747552
vn 0.225903 0.620631 -0.750856
vn 0.225645 0.619983 -0.751469
vn 0.425020 0.506569 -0.750164
vn 0.427290 0.509094 -0.747159
vn 0.423776 0.505094 -0.751860
vn 0.424519 0.505929 -0.750879
vn 0.574068 0.331432 -0.748731
vn 0.572572 0.330635 -0.750228
vn 0.572352 0.330414 -0.750493
vn 0.573450 0.331006 -0.749393
vn 0.653725 0.115283 -0.747899
vn 0.652075 0.115049 -0.749374
vn 0.651708 0.114930 -0.749712
vn 0.650413 0.114740 -0.750864
vn 0.984765 -0.173892 0.000000
vn 0.984765 -0.173892 0.000000
vn 0.984765 -0.173892 0.000000
vn 0.984765 -0.173892 0.000000
vn 0.866161 -0.499766 0.000000
vn 0.866161 -0.499766 0.000000
vn 0.866161 -0.499766 0.000000
vn 0.866161 -0.499766 0.000000
vn 0.642619 -0.766186 0.000000
vn 0.642619 -0.766186 0.000000
vn 0.642619 -0.766186 0.000000
vn 0.642619 -0.766186 0.000000
vn 0.342134 -0.939651 0.000000
vn 0.342134 -0.939651 0.000000
vn 0.342134 -0.939651 0.000000
vn 0.342134 -0.939651 0.000000
vn -0.000000 -1.000000 0.000000
vn 0.000000 -1.000000 -0.000000
vn 0.000000 -1.000000 0.000000
vn 0.000000 -1.000000 0.000000
vn -0.301529 0.000000 0.953457
vn -0.301529 0.000000 0.953457
vn -0.301529 0.000000 0.953457
vn -0.301529 0.000000 0.953457
vn -0.301529 0.000000 0.953457
vn -0.301529 0.000000 0.953457
vn -0.301529 0.000000 0.953457
vn -0.301529 0.000000 0.953457
vn -0.301529 0.000000 0.953457
vn -0.301529 0.000000 0.953457
vn -0.301529 0.000000 0.953457
vn -0.301529 0.000000 0.953457
vn -0.301529 0.000000 0.953457
vn -0.301529 0.000000 0.953457
vn -0.301529 0.000000 0.953457
vn -0.301529 0.000000 0.953457
vn -0.301529 0.000000 0.953457
vn -0.301529 0.000000 0.953457
vn -0.301529 0.000000 0.953457
vn -0.301529 0.000000 0.953457
vn -0.301529 0.000000 0.953457
vn -0.301529 0.000000 0.953457
vn -0.301529 0.000000 0.953457
vn -0.301529 0.000000 0.953457
vn -0.301529 0.000000 0.953457
vn -0.301529 0.000000 0.953457
vn -0.301529 0.000000 0.953457
vn -0.301529 0.000000 0.953457
vn -0.301529 0.000000 0.953457
vn -0.301529 0.000000 0.953457
vn -0.301529 0.000000 0.953457
vn -0.301529 0.000000 0.953457
vn -0.000000 1.000000 0.000000
vn 0.000000 1.000000 0.000000
vn 0.000000 1.000000 0.000000
vn 0.000000 1.000000 -0.000000
vn 0.342055 0.939680 0.000000
vn 0.342055 0.939680 0.000000
vn 0.342055 0.939680 0.000000
vn 0.342055 0.939680 -0.000000
vn 0.642646 0.766164 0.000000
vn 0.642646 0.766164 0.000000
vn 0.642646 0.766163 0.000000
vn 0.642646 0.766163 -0.000000
vn 0.866161 0.499766 0.000000
vn 0.866161 0.499766 0.000000
vn 0.866161 0.499766 0.000000
vn 0.866161 0.499766 -0.000000
vn 0.984763 0.173900 0.000000
vn 0.984763 0.173900 0.000000
vn 0.984763 0.173900 0.000000
vn 0.984763 0.173900 -0.000000
vn 0.000000 -1.000000 0.000000
vn 0.000000 -1.000000 0.000000
vn -0.000000 -1.000000 0.000000
vn 0.000000 -1.000000 -0.000000
vn -0.000000 1.000000 0.000000
vn 0.000000 1.000000 0.000000
vn 0.000000 1.000000 0.000000
vn 0.000000 1.000000 -0.000000
vn 0.000000 -1.000000 0.000000
vn -0.000000 -1.000000 0.000000
vn 0.000000 -1.000000 0.000000
vn 0.000000 -1.000000 0.000000
vn 0.000000 1.000000 0.000000
vn 0.000000 1.000000 0.000000
vn 0.000000 1.000000 0.000000
vn 0.000000 1.000000 0.000000
vn 0.000000 -1.000000 0.000000
vn -0.000000 -1.000000 -0.000000
vn 0.000000 -1.000000 0.000000
vn 0.000000 -1.000000 0.000000
vn 0.000000 1.000000 0.000000
vn 0.000000 1.000000 0.000000
vn -0.000000 1.000000 0.000000
vn 0.000000 1.000000 0.000000
vn 0.000000 -1.000000 0.000000
vn -0.000000 -1.000000 -0.000000
vn 0.000000 -1.000000 0.000000
vn 0.000000 -1.000000 0.000000
vn 0.000000 -1.000000 0.000000
vn -0.000000 -1.000000 0.000000
vn 0.000000 -1.000000 0.000000
vn 0.000000 -1.000000 0.000000
vn 0.000000 1.000000 0.000000
vn 0.000000 1.000000 0.000000
vn -0.000000 1.000000 0.000000
vn 0.000000 1.000000 0.000000
vn 0.000000 1.000000 0.000000
vn 0.000000 1.000000 0.000000
vn -0.000000 1.000000 0.000000
vn 0.000000 1.000000 0.000000
vn 0.631982 -0.111429 -0.766931
vn 0.634005 -0.111854 -0.765197
vn 0.634014 -0.111815 -0.765195
vn 0.632789 -0.111564 -0.766245
vn 0.553810 -0.319719 -0.768813
vn 0.554375 -0.320070 -0.768260
vn 0.556401 -0.321260 -0.766296
vn 0.553959 -0.319759 -0.768689
vn 0.412685 -0.491762 -0.766722
vn 0.410634 -0.489151 -0.769488
vn 0.410615 -0.489322 -0.769389
vn 0.410396 -0.489045 -0.769682
vn 0.220183 -0.605259 -0.764971
vn 0.219405 -0.602884 -0.767068
vn 0.218771 -0.601101 -0.768646
vn 0.219921 -0.604557 -0.765601
vn -0.000000 -0.643714 -0.765266
vn 0.000000 -0.643714 -0.765266
vn 0.000000 -0.643040 -0.765832
vn 0.000000 -0.643040 -0.765832
vn -0.219353 -0.602972 -0.767013
vn -0.220241 -0.605186 -0.765013
vn -0.220041 -0.604586 -0.765544
vn -0.218680 -0.601145 -0.768637
vn -0.410556 -0.489230 -0.769479
vn -0.412844 -0.491783 -0.766622
vn -0.410386 -0.489053 -0.769682
vn -0.410620 -0.489317 -0.769389
vn -0.554384 -0.320050 -0.768262
vn -0.553798 -0.319737 -0.768815
vn -0.553915 -0.319820 -0.768696
vn -0.556308 -0.321115 -0.766425
vn -0.634010 -0.111787 -0.765203
vn -0.631963 -0.111494 -0.766937
vn -0.632615 -0.111573 -0.766388
vn -0.634017 -0.111781 -0.765198
vn -0.632773 0.111599 -0.766254
vn -0.634005 0.111857 -0.765197
vn -0.634012 0.111849 -0.765192
vn -0.632618 0.111563 -0.766387
vn -0.555545 0.320721 -0.767142
vn -0.556399 0.321251 -0.766302
vn -0.556311 0.321107 -0.766426
vn -0.556288 0.321093 -0.766449
vn -0.412733 0.491851 -0.766638
vn -0.412526 0.491587 -0.766919
vn -0.413165 0.492565 -0.765947
vn -0.410699 0.489454 -0.769260
vn -0.218402 0.599822 -0.769750
vn -0.219421 0.602932 -0.767025
vn -0.219003 0.601683 -0.768124
vn -0.218386 0.599832 -0.769746
vn 0.000000 0.637676 -0.770305
vn 0.000000 0.637676 -0.770305
vn 0.000000 0.637682 -0.770300
vn 0.000000 0.637682 -0.770300
vn 0.219496 0.602832 -0.767082
vn 0.218320 0.599901 -0.769711
vn 0.218313 0.599792 -0.769798
vn 0.219052 0.601659 -0.768129
vn 0.412521 0.491592 -0.766918
vn 0.412673 0.491762 -0.766728
vn 0.410611 0.489515 -0.769269
vn 0.413244 0.492483 -0.765957
vn 0.556413 0.321221 -0.766304
vn 0.555526 0.320747 -0.767145
vn 0.556285 0.321097 -0.766449
vn 0.556438 0.321179 -0.766303
vn 0.634008 0.111816 -0.765200
vn 0.632761 0.111638 -0.766257
vn 0.632771 0.111625 -0.766251
vn 0.634015 0.111809 -0.765195
vn 0.765967 0.000000 0.642880
vn 0.765967 0.000000 0.642880
vn 0.342126 0.000000 0.939654
vn 0.342126 0.000000 0.939654
vn -0.173787 0.000000 0.984783
vn -0.173787 0.000000 0.984783
vn -0.642712 0.000000 0.766108
vn -0.642712 0.000000 0.766108
vn -0.939653 0.000000 0.342130
vn -0.939653 0.000000 0.342130
vn -0.984793 -0.000000 -0.173731
vn -0.984793 -0.000000 -0.173731
vn -0.766103 -0.000000 -0.642718
vn -0.766103 -0.000000 -0.642718
vn -0.342126 -0.000000 -0.939654
vn -0.342126 -0.000000 -0.939654
vn 0.173736 -0.000000 -0.984792
vn 0.173736 -0.000000 -0.984792
vn 0.642881 -0.000000 -0.765966
vn 0.642881 -0.000000 -0.765966
vn 0.939711 -0.000000 -0.341968
vn 0.939711 -0.000000 -0.341968
vn 0.984840 0.000000 0.173463
vn 0.984840 0.000000 0.173463
vn 0.000000 1.000000 0.000000
vn 0.000000 1.000000 0.000000
vn 0.000000 -1.000000 0.000000
vn -0.000000 -1.000000 0.000000
vn 0.765967 0.000000 0.642880
vn 0.765967 0.000000 0.642880
vn 0.342126 0.000000 0.939654
vn 0.342126 0.000000 0.939654
vn -0.173787 0.000000 0.984783
vn -0.173787 0.000000 0.984783
vn -0.642712 0.000000 0.766108
vn -0.642712 0.000000 0.766108
vn -0.939653 0.000000 0.342130
vn -0.939653 0.000000 0.342130
vn -0.984793 -0.000000 -0.173731
vn -0.984793 -0.000000 -0.173731
vn -0.766103 -0.000000 -0.642718
vn -0.766102 -0.000000 -0.642718
vn -0.342126 -0.000000 -0.939654
vn -0.342127 -0.000000 -0.939654
vn 0.173736 -0.000000 -0.984792
vn 0.173738 -0.000000 -0.984792
vn 0.642880 -0.000000 -0.765967
vn 0.642880 -0.000000 -0.765967
vn 0.939712 -0.000000 -0.341968
vn 0.939712 -0.000000 -0.341968
vn 0.984840 0.000000 0.173463
vn 0.984840 0.000000 0.173463
vn 0.000000 1.000000 0.000000
vn 0.000000 1.000000 0.000000
vn 0.000000 -1.000000 0.000000
vn -0.000000 -1.000000 0.000000
vn 0.765967 0.000000 0.642880
vn 0.765967 0.000000 0.642880
vn 0.342126 0.000000 0.939654
vn 0.342126 0.000000 0.939654
vn -0.173787 0.000000 0.984783
vn -0.173787 0.000000 0.984783
vn -0.642712 0.000000 0.766108
vn -0.642712 0.000000 0.766108
vn -0.939653 0.000000 0.342130
vn -0.939653 0.000000 0.342130
vn -0.984793 -0.000000 -0.173731
vn -0.984793 -0.000000 -0.173731
vn -0.766103 -0.000000 -0.642718
vn -0.766103 -0.000000 -0.642718
vn -0.342126 -0.000000 -0.939654
vn -0.342126 -0.000000 -0.939654
vn 0.173736 -0.000000 -0.984792
vn 0.173736 -0.000000 -0.984792
vn 0.642880 -0.000000 -0.765967
vn 0.642880 -0.000000 -0.765967
vn 0.939712 -0.000000 -0.341968
vn 0.939712 -0.000000 -0.341968
vn 0.984840 0.000000 0.173463
vn 0.984840 0.000000 0.173463
vn 0.000000 1.000000 0.000000
vn 0.000000 1.000000 0.000000
vn 0.000000 -1.000000 0.000000
vn -0.000000 -1.000000 0.000000
vn 0.765967 0.000000 0.642880
vn 0.765967 0.000003 0.642880
vn 0.765967 0.000000 0.642880
vn 0.765967 -0.000000 0.642880
vn 0.342126 0.000000 0.939654
vn 0.342126 0.000000 0.939654
vn 0.342126 0.000000 0.939654
vn 0.342126 -0.000000 0.939654
vn -0.173787 0.000000 0.984783
vn -0.173787 0.000000 0.984783
vn -0.173787 0.000000 0.984783
vn -0.173787 0.000000 0.984783
vn -0.642712 0.000000 0.766108
vn -0.642712 0.000000 0.766108
vn -0.642712 0.000000 0.766108
vn -0.642712 0.000000 0.766108
vn -0.939653 0.000001 0.342130
vn -0.939653 0.000000 0.342130
vn -0.939653 0.000000 0.342130
vn -0.939653 0.000000 0.342130
vn -0.984793 -0.000002 -0.173731
vn -0.984793 -0.000000 -0.173731
vn -0.984793 0.000000 -0.173731
vn -0.984793 0.000000 -0.173731
vn -0.766103 0.000000 -0.642718
vn -0.766103 -0.000006 -0.642718
vn -0.766103 0.000000 -0.642718
vn -0.766103 0.000000 -0.642718
vn -0.342127 0.000000 -0.939654
vn -0.342127 -0.000000 -0.939654
vn -0.342126 0.000000 -0.939654
vn -0.342126 0.000000 -0.939654
vn 0.173738 0.000000 -0.984792
vn 0.173738 0.000000 -0.984792
vn 0.173736 0.000000 -0.984792
vn 0.173736 0.000000 -0.984792
vn 0.642880 0.000000 -0.765967
vn 0.642880 0.000000 -0.765967
vn 0.642880 0.000000 -0.765967
vn 0.642880 0.000000 -0.765967
vn 0.939712 -0.000001 -0.341968
vn 0.939712 0.000000 -0.341968
vn 0.939712 0.000000 -0.341968
vn 0.939712 0.000000 -0.341968
vn 0.984840 0.000001 0.173463
vn 0.984840 0.000000 0.173463
vn 0.984840 0.000000 0.173463
vn 0.984840 -0.000000 0.173463
vn 0.765967 0.000000 0.642880
vn 0.765967 0.000000 0.642880
vn 0.765967 0.000000 0.642880
vn 0.765967 -0.000000 0.642880
vn 0.342126 0.000000 0.939654
vn 0.342126 0.000000 0.939654
vn 0.342126 0.000000 0.939654
vn 0.342126 -0.000000 0.939654
vn -0.173787 0.000000 0.984783
vn -0.173787 0.000000 0.984783
vn -0.173787 0.000000 0.984783
vn -0.173787 0.000000 0.984783
vn -0.642712 0.000000 0.766108
vn -0.642712 0.000000 0.766108
vn -0.642712 0.000000 0.766108
vn -0.642712 0.000000 0.766108
vn -0.939653 0.000000 0.342130
vn -0.939653 0.000000 0.342130
vn -0.939653 0.000000 0.342130
vn -0.939653 0.000000 0.342130
vn -0.984793 0.000000 -0.173731
vn -0.984793 -0.000000 -0.173731
vn -0.984793 0.000000 -0.173731
vn -0.984793 0.000000 -0.173731
vn -0.766103 0.000000 -0.642718
vn -0.766103 -0.000000 -0.642718
vn -0.766103 0.000000 -0.642718
vn -0.766103 0.000000 -0.642718
vn -0.342126 0.000000 -0.939654
vn -0.342126 -0.000000 -0.939654
vn -0.342126 0.000000 -0.939654
vn -0.342126 0.000000 -0.939654
vn 0.173736 0.000000 -0.984792
vn 0.173736 0.000000 -0.984792
vn 0.173736 0.000000 -0.984792
vn 0.173736 0.000000 -0.984792
vn 0.642881 0.000000 -0.765966
vn 0.642881 0.000000 -0.765966
vn 0.642880 0.000000 -0.765967
vn 0.642880 0.000000 -0.765967
vn 0.939711 0.000000 -0.341968
vn 0.939711 0.000000 -0.341968
vn 0.939712 0.000000 -0.341968
vn 0.939712 0.000000 -0.341968
vn 0.984840 0.000000 0.173463
vn 0.984840 0.000000 0.173463
vn 0.984840 0.000000 0.173463
vn 0.984840 -0.000000 0.173463
vn 0.765967 0.000000 0.642880
vn 0.765967 0.000001 0.642880
vn 0.765967 0.000000 0.642880
vn 0.765967 -0.000000 0.642880
vn 0.342126 0.000000 0.939654
vn 0.342126 0.000000 0.939654
vn 0.342126 0.000000 0.939654
vn 0.342126 -0.000000 0.939654
vn -0.173787 0.000000 0.984783
vn -0.173787 0.000000 0.984783
vn -0.173787 0.000000 0.984783
vn -0.173787 0.000000 0.984783
vn -0.642712 0.000000 0.766108
vn -0.642712 0.000000 0.766108
vn -0.642712 0.000000 0.766108
vn -0.642712 0.000000 0.766108
vn -0.939653 0.000001 0.342129
vn -0.939653 0.000000 0.342130
vn -0.939653 0.000000 0.342130
vn -0.939653 0.000000 0.342130
vn -0.984793 0.000000 -0.173731
vn -0.984793 -0.000001 -0.173731
vn -0.984793 0.000000 -0.173731
vn -0.984793 0.000000 -0.173731
vn -0.766103 0.000000 -0.642718
vn -0.766103 -0.000000 -0.642718
vn -0.766103 0.000000 -0.642718
vn -0.766103 0.000000 -0.642718
vn -0.342126 0.000000 -0.939654
vn -0.342126 -0.000000 -0.939654
vn -0.342126 0.000000 -0.939654
vn -0.342126 0.000000 -0.939654
vn 0.173736 -0.000009 -0.984792
vn 0.173738 0.000000 -0.984792
vn 0.173736 0.000000 -0.984792
vn 0.173736 0.000000 -0.984792
vn 0.642881 0.000000 -0.765966
vn 0.642880 -0.000007 -0.765967
vn 0.642881 0.000000 -0.765966
vn 0.642881 0.000000 -0.765966
vn 0.939712 -0.000001 -0.341968
vn 0.939712 0.000000 -0.341968
vn 0.939712 0.000000 -0.341968
vn 0.939712 0.000000 -0.341968
vn 0.984840 0.000000 0.173463
vn 0.984840 0.000000 0.173463
vn 0.984840 0.000000 0.173463
vn 0.984840 -0.000000 0.173463
vn 0.765967 0.000000 0.642880
vn 0.765967 0.000000 0.642880
vn 0.765967 0.000000 0.642880
vn 0.765967 -0.000000 0.642880
vn 0.342126 0.000000 0.939654
vn 0.342126 0.000000 0.939654
vn 0.342126 0.000000 0.939654
vn 0.342126 -0.000000 0.939654
vn -0.173787 0.000000 0.984783
vn -0.173787 0.000000 0.984783
vn -0.173787 0.000000 0.984783
vn -0.173787 0.000000 0.984783
vn -0.642712 0.000000 0.766108
vn -0.642712 0.000000 0.766108
vn -0.642712 0.000000 0.766108
vn -0.642712 0.000000 0.766108
vn -0.939653 0.000000 0.342130
vn -0.939653 0.000000 0.342130
vn -0.939653 0.000000 0.342130
vn -0.939653 0.000000 0.342130
vn -0.984793 0.000000 -0.173731
vn -0.984793 -0.000000 -0.173731
vn -0.984793 0.000000 -0.173731
vn -0.984793 0.000000 -0.173731
vn -0.766103 0.000000 -0.642718
vn -0.766103 -0.000000 -0.642718
vn -0.766103 0.000000 -0.642718
vn -0.766103 0.000000 -0.642718
vn -0.342126 0.000000 -0.939654
vn -0.342126 -0.000000 -0.939654
vn -0.342126 0.000000 -0.939654
vn -0.342126 0.000000 -0.939654
vn 0.173736 0.000000 -0.984792
vn 0.173736 0.000000 -0.984792
vn 0.173736 0.000000 -0.984792
vn 0.173736 0.000000 -0.984792
vn 0.642881 0.000000 -0.765966
vn 0.642881 0.000000 -0.765966
vn 0.642880 0.000000 -0.765966
vn 0.642880 0.000000 -0.765966
vn 0.939712 0.000000 -0.341968
vn 0.939712 0.000000 -0.341968
vn 0.939712 0.000000 -0.341968
vn 0.939712 0.000000 -0.341968
vn 0.984840 0.000000 0.173463
vn 0.984840 0.000000 0.173463
vn 0.984840 0.000000 0.173463
vn 0.984840 -0.000000 0.173463
vn 0.765967 0.000000 0.642880
vn 0.765967 0.000000 0.642880
vn 0.765967 0.000000 0.642880
vn 0.765967 -0.000000 0.642880
vn 0.342126 0.000000 0.939654
vn 0.342126 0.000000 0.939654
vn 0.342126 0.000000 0.939654
vn 0.342126 -0.000000 0.939654
vn -0.173787 0.000000 0.984783
vn -0.173787 0.000000 0.984783
vn -0.173787 0.000000 0.984783
vn -0.173787 0.000000 0.984783
vn -0.642712 0.000000 0.766108
vn -0.642712 0.000000 0.766108
vn -0.642712 0.000000 0.766108
vn -0.642712 0.000000 0.766108
vn -0.939653 0.000000 0.342130
vn -0.939653 0.000000 0.342130
vn -0.939653 0.000000 0.342130
vn -0.939653 0.000000 0.342130
vn -0.984793 0.000000 -0.173731
vn -0.984793 -0.000000 -0.173731
vn -0.984793 0.000000 -0.173731
vn -0.984793 0.000000 -0.173731
vn -0.766102 0.000000 -0.642718
vn -0.766102 -0.000000 -0.642718
vn -0.766103 0.000000 -0.642718
vn -0.766103 0.000000 -0.642718
vn -0.342127 0.000000 -0.939654
vn -0.342127 -0.000000 -0.939654
vn -0.342126 0.000000 -0.939654
vn -0.342126 0.000000 -0.939654
vn 0.173738 0.000000 -0.984792
vn 0.173738 0.000000 -0.984792
vn 0.173736 0.000000 -0.984792
vn 0.173736 0.000000 -0.984792
vn 0.642880 0.000000 -0.765967
vn 0.642880 0.000000 -0.765967
vn 0.642880 0.000000 -0.765967
vn 0.642880 0.000000 -0.765967
vn 0.939712 0.000000 -0.341968
vn 0.939712 0.000000 -0.341968
vn 0.939712 0.000000 -0.341968
vn 0.939712 0.000000 -0.341968
vn 0.984840 0.000000 0.173463
vn 0.984840 0.000000 0.173463
vn 0.984840 0.000000 0.173463
vn 0.984840 -0.000000 0.173463
vn 0.765967 0.000000 0.642880
vn 0.765967 0.000000 0.642880
vn 0.765967 0.000000 0.642880
vn 0.765967 -0.000000 0.642880
vn 0.342126 0.000000 0.939654
vn 0.342126 0.000000 0.939654
vn 0.342126 0.000000 0.939654
vn 0.342126 -0.000000 0.939654
vn -0.173787 0.000000 0.984783
vn -0.173787 0.000000 0.984783
vn -0.173787 0.000000 0.984783
vn -0.173787 0.000000 0.984783
vn -0.642712 0.000000 0.766108
vn -0.642712 0.000000 0.766108
vn -0.642712 0.000000 0.766108
vn -0.642712 0.000000 0.766108
vn -0.939653 0.000000 0.342130
vn -0.939653 0.000000 0.342130
vn -0.939653 0.000000 0.342130
vn -0.939653 0.000000 0.342130
vn -0.984793 0.000000 -0.173731
vn -0.984793 -0.000000 -0.173731
vn -0.984793 0.000000 -0.173731
vn -0.984793 0.000000 -0.173731
vn -0.766103 0.000000 -0.642718
vn -0.766103 -0.000000 -0.642718
vn -0.766103 0.000000 -0.642718
vn -0.766103 0.000000 -0.642718
vn -0.342126 0.000000 -0.939654
vn -0.342126 -0.000000 -0.939654
vn -0.342126 0.000000 -0.939654
vn -0.342126 0.000000 -0.939654
vn 0.173736 0.000000 -0.984792
vn 0.173736 0.000000 -0.984792
vn 0.173736 0.000000 -0.984792
vn 0.173736 0.000000 -0.984792
vn 0.642880 -0.000001 -0.765967
vn 0.642880 0.000000 -0.765966
vn 0.642880 0.000000 -0.765967
vn 0.642880 0.000000 -0.765967
vn 0.939712 -0.000000 -0.341968
vn 0.939712 -0.000000 -0.341968
vn 0.939712 0.000000 -0.341968
vn 0.939712 0.000000 -0.341968
vn 0.984840 0.000000 0.173463
vn 0.984840 0.000000 0.173463
vn 0.984840 0.000000 0.173463
vn 0.984840 -0.000000 0.173463
vn 0.000000 0.000000 1.000000
vn -0.000000 0.000000 1.000000
vn -0.000000 0.000000 1.000000
vn -0.000000 0.000000 1.000000
vn -0.000000 0.000000 1.000000
vn 0.000000 0.000000 1.000000
vn 0.000000 0.000000 1.000000
vn 0.000000 0.000000 1.000000
vn -0.000000 0.000000 1.000000
vn 0.000000 0.000000 1.000000
vn 0.000000 0.000000 1.000000
vn -0.000000 0.000000 1.000000
vn -0.000000 0.000000 1.000000
vn 0.000000 0.000000 1.000000
vn 0.000000 0.000000 1.000000
vn 0.000000 0.000000 1.000000
vn -0.000000 0.000000 1.000000
vn 0.000000 0.000000 1.000000
vn 0.000000 -0.000000 1.000000
vn 0.000000 -0.000000 1.000000
vn 0.000000 -0.000000 1.000000
vn 0.000000 -0.000000 1.000000
vn 0.000000 0.000000 1.000000
vn -0.000000 0.000000 1.000000
vn -0.000000 0.000000 1.000000
vn -0.000000 0.000000 1.000000
vn -0.000000 0.000000 1.000000
vn 0.000000 0.000000 1.000000
vn -0.000000 0.000000 1.000000
vn -0.000000 0.000000 1.000000
vn -0.000000 0.000000 1.000000
vn 0.000000 0.000000 1.000000
vn 0.000000 0.000000 1.000000
vn 0.000000 0.000000 1.000000
vn 0.000000 0.000000 1.000000
vn 0.000000 0.000000 1.000000
vn 0.000000 -0.000000 1.000000
vn 0.000000 -0.000000 1.000000
vn 0.000000 -0.000000 1.000000
vn 0.000000 -0.000000 1.000000
vn 0.000000 0.000000 1.000000
vn -0.000000 0.000000 1.000000
vn -0.000000 0.000000 1.000000
vn -0.000000 0.000000 1.000000
vn -0.000000 0.000000 1.000000
vn 0.000000 0.000000 1.000000
vn -0.000000 0.000000 1.000000
vn -0.000000 0.000000 1.000000
vn -0.000000 0.000000 1.000000
vn 0.000000 0.000000 1.000000
vn 0.000000 0.000000 1.000000
vn 0.000000 0.000000 1.000000
vn 0.000000 0.000000 1.000000
vn 0.000000 0.000000 1.000000
vn -0.000000 1.000000 0.000000
vn 0.000000 1.000000 0.000000
vn 0.000000 -1.000000 0.000000
vn 0.000000 -1.000000 0.000000
vn 0.000000 -0.000000 -1.000000
vn -0.000000 0.000000 -1.000000
vn 1.000000 0.000000 0.000000
vn 1.000000 0.000000 0.000000
vn 0.000000 0.000000 1.000000
vn -0.000000 0.000000 1.000000
vn -1.000000 0.000000 0.000000
vn -1.000000 0.000000 0.000000
vn -0.000000 -0.000000 -1.000000
vn 0.000000 -0.000000 -1.000000
vn 1.000000 0.000000 0.000000
vn 1.000000 0.000000 0.000000
vn -0.000000 0.000000 1.000000
vn 0.000000 0.000000 1.000000
vn -1.000000 0.000000 0.000000
vn -1.000000 0.000000 0.000000
vn -0.000000 -0.000000 -1.000000
vn 0.000000 -0.000000 -1.000000
vn 1.000000 0.000000 0.000000
vn 1.000000 0.000000 0.000000
vn -0.000000 0.000000 1.000000
vn 0.000000 0.000000 1.000000
vn -1.000000 0.000000 0.000000
vn -1.000000 0.000000 0.000000
vn -0.000000 -0.000000 -1.000000
vn 0.000000 -0.000000 -1.000000
vn 1.000000 0.000000 0.000000
vn 1.000000 0.000000 0.000000
vn -0.000000 0.000000 1.000000
vn 0.000000 0.000000 1.000000
vn -1.000000 0.000000 0.000000
vn -1.000000 0.000000 0.000000
vn -0.000000 -0.000000 -1.000000
vn 0.000000 -0.000000 -1.000000
vn 1.000000 0.000000 0.000000
vn 1.000000 0.000000 0.000000
vn -0.000000 0.000000 1.000000
vn 0.000000 0.000000 1.000000
vn -1.000000 0.000000 0.000000
vn -1.000000 0.000000 0.000000
vn -0.000000 -0.000000 -1.000000
vn 0.000000 -0.000000 -1.000000
vn 1.000000 0.000000 0.000000
vn 1.000000 -0.000000 0.000000
vn 0.000000 -0.000001 1.000000
vn 0.000000 -0.000001 1.000000
vn -1.000000 0.000000 0.000000
vn -1.000000 0.000000 0.000000
vn 0.000000 1.000000 0.000000
vn 0.000000 1.000000 0.000000
vn 0.000000 -1.000000 0.000000
vn 0.000000 -1.000000 0.000000
vn 0.000000 -0.000000 -1.000000
vn -0.000000 0.000000 -1.000000
vn 0.000000 0.000000 1.000000
vn -0.000000 0.000000 1.000000
vn 0.000000 -0.000000 -1.000000
vn 0.000000 -0.000000 -1.000000
vn 0.000000 0.000000 1.000000
vn 0.000000 0.000000 1.000000
vn 0.000000 -0.000001 -1.000000
vn 0.000000 -0.000001 -1.000000
vn 0.000000 0.000001 1.000000
vn 0.000000 0.000001 1.000000
vn 0.000000 -0.000000 -1.000000
vn 0.000000 -0.000000 -1.000000
vn 0.000000 0.000000 1.000000
vn 0.000000 0.000000 1.000000
vn 0.000000 -0.000000 -1.000000
vn 0.000000 -0.000000 -1.000000
vn 0.000000 0.000000 1.000000
vn 0.000000 0.000000 1.000000
vn 0.000000 -0.000000 -1.000000
vn 0.000000 -0.000000 -1.000000
vn 0.000000 -0.000001 1.000000
vn 0.000000 -0.000001 1.000000
vn 0.000000 0.000000 1.000000
vn -0.000000 0.000000 1.000000
vn 0.000000 -0.000000 -1.000000
vn 0.000000 -0.000000 -1.000000
vn 0.000000 -0.000001 -1.000000
vn 0.000000 -0.000001 -1.000000
vn 0.000000 -0.000000 -1.000000
vn 0.000000 -0.000000 -1.000000
vn 0.000000 -0.000000 -1.000000
vn 0.000000 -0.000000 -1.000000
vn 0.000000 -0.000000 -1.000000
vn 0.000000 -0.000000 -1.000000
vn 0.000000 1.000000 0.000000
vn 0.000000 1.000000 0.000000
vn 0.000000 -1.000000 0.000000
vn 0.000000 -1.000000 0.000000
vn 0.000000 -0.000000 -1.000000
vn -0.000000 0.000000 -1.000000
vn 0.000000 0.000000 1.000000
vn 0.000000 0.000000 1.000000
vn 0.000000 0.000001 1.000000
vn 0.000000 0.000001 1.000000
vn 0.000000 0.000000 1.000000
vn 0.000000 0.000000 1.000000
vn 0.000000 0.000000 1.000000
vn 0.000000 0.000000 1.000000
vn 0.000000 0.000000 1.000000
vn 0.000000 0.000000 1.000000
vn 0.000000 0.000000 1.000000
vn -0.000000 0.000000 1.000000
vn 0.000000 -0.000000 -1.000000
vn 0.000000 -0.000000 -1.000000
vn 0.000000 -0.000001 -1.000000
vn 0.000000 -0.000001 -1.000000
vn 0.000000 -0.000000 -1.000000
vn 0.000000 -0.000000 -1.000000
vn 0.000000 -0.000000 -1.000000
vn 0.000000 -0.000000 -1.000000
vn 0.000000 -0.000000 -1.000000
vn 0.000000 -0.000000 -1.000000
vn 0.000000 1.000000 0.000000
vn 0.000000 1.000000 0.000000
vn 0.000000 -1.000000 0.000000
vn 0.000000 -1.000000 0.000000
vn 0.000000 -0.000000 -1.000000
vn -0.000000 0.000000 -1.000000
vn 0.000000 0.000000 1.000000
vn 0.000000 0.000000 1.000000
vn 0.000000 0.000001 1.000000
vn 0.000000 0.000001 1.000000
vn 0.000000 0.000000 1.000000
vn 0.000000 0.000000 1.000000
vn 0.000000 0.000000 1.000000
vn 0.000000 0.000000 1.000000
vn 0.000000 -0.000001 1.000000
vn 0.000000 -0.000001 1.000000
vn 0.000000 1.000000 0.000000
vn 0.000000 1.000000 0.000000
vn 0.000000 -1.000000 0.000000
vn 0.000000 -1.000000 0.000000
vn 0.000000 -0.000000 -1.000000
vn -0.000000 0.000000 -1.000000
vn 0.000000 0.000000 1.000000
vn 0.000000 0.000000 1.000000
vn 0.000000 0.000001 1.000000
vn 0.000000 0.000001 1.000000
vn 0.000000 0.000000 1.000000
vn 0.000000 0.000000 1.000000
vn 0.000000 0.000000 1.000000
vn 0.000000 0.000000 1.000000
vn 0.000000 0.000000 1.000000
vn 0.000000 0.000000 1.000000
vn 0.000000 0.000000 1.000000
vn -0.000000 0.000000 1.000000
vn 0.000000 -0.000000 -1.000000
vn 0.000000 -0.000000 -1.000000
vn 0.000000 -0.000001 -1.000000
vn 0.000000 -0.000001 -1.000000
vn 0.000000 -0.000000 -1.000000
vn 0.000000 -0.000000 -1.000000
vn 0.000000 -0.000000 -1.000000
vn 0.000000 -0.000000 -1.000000
vn 0.000000 -0.000000 -1.000000
vn 0.000000 -0.000000 -1.000000
vn -0.000000 -0.000000 -1.000000
vn 0.000000 -0.000000 -1.000000
vn 1.000000 0.000000 0.000000
vn 1.000000 0.000000 0.000000
vn -0.000000 0.000000 1.000000
vn 0.000000 0.000000 1.000000
vn -1.000000 0.000000 0.000000
vn -1.000000 0.000000 0.000000
vn -0.000000 -0.000000 -1.000000
vn 0.000000 -0.000000 -1.000000
vn 0.000000 0.000000 1.000000
vn 0.000000 0.000000 1.000000
vn 0.000000 -0.000000 -1.000000
vn 0.000000 -0.000000 -1.000000
vn -0.000000 0.000000 1.000000
vn 0.000000 0.000000 1.000000
vn -0.000000 -0.000000 -1.000000
vn 0.000000 -0.000000 -1.000000
vn 0.000000 0.000000 1.000000
vn 0.000000 0.000000 1.000000
vn -0.000000 0.000000 1.000000
vn 0.000000 0.000000 1.000000
vn 0.000000 -0.000000 -1.000000
vn 0.000000 -0.000000 -1.000000
vn -0.000000 -0.484152 -0.874984
vn 0.000000 -0.484152 -0.874984
vn -0.484148 -0.000000 -0.874986
vn -0.484148 -0.000000 -0.874986
vn 0.000000 0.484112 -0.875006
vn 0.000000 0.484112 -0.875006
vn 0.484116 -0.000000 -0.875004
vn 0.484116 -0.000000 -0.875004
vn 0.000000 0.484148 -0.874986
vn 0.000000 0.484148 -0.874986
vn 0.484116 -0.000000 -0.875004
vn 0.484116 -0.000000 -0.875004
vn -0.000000 -0.484116 -0.875004
vn 0.000000 -0.484116 -0.875004
vn -0.484148 -0.000000 -0.874986
vn -0.484149 -0.000000 -0.874986
vn 0.000000 -0.484178 0.874969
vn 0.000000 -0.484178 0.874969
vn 0.484174 0.000000 0.874972
vn 0.484174 0.000000 0.874972
vn 0.000000 0.484170 0.874974
vn 0.000000 0.484170 0.874974
vn -0.484174 0.000000 0.874972
vn -0.484174 0.000000 0.874972
vn 0.000000 0.484170 0.874974
vn 0.000000 0.484170 0.874974
vn -0.484173 -0.000001 0.874972
vn -0.484175 -0.000001 0.874971
vn 0.000000 -0.484174 0.874972
vn 0.000000 -0.484174 0.874972
vn 0.484175 -0.000001 0.874971
vn 0.484173 -0.000001 0.874972
vn 0.484148 -0.000000 -0.874986
vn 0.484148 -0.000000 -0.874986
vn -0.000000 -0.484152 -0.874984
vn 0.000000 -0.484152 -0.874984
vn -0.484148 -0.000000 -0.874986
vn -0.484148 -0.000000 -0.874986
vn 0.000000 0.484112 -0.875006
vn 0.000000 0.484112 -0.875006
vn 0.484149 -0.000000 -0.874986
vn 0.484149 -0.000000 -0.874986
vn -0.000000 -0.484116 -0.875004
vn 0.000000 -0.484116 -0.875004
vn -0.484148 -0.000000 -0.874986
vn -0.484148 -0.000000 -0.874986
vn 0.000000 0.484148 -0.874986
vn 0.000000 0.484148 -0.874986
vn -0.484174 0.000000 0.874972
vn -0.484174 0.000000 0.874972
vn 0.000000 -0.484178 0.874969
vn 0.000000 -0.484178 0.874969
vn 0.484174 0.000000 0.874972
vn 0.484174 0.000000 0.874972
vn 0.000000 0.484170 0.874974
vn 0.000000 0.484170 0.874974
vn -0.484173 -0.000001 0.874972
vn -0.484175 -0.000001 0.874971
vn 0.000000 -0.484174 0.874972
vn 0.000000 -0.484174 0.874972
vn 0.484175 -0.000001 0.874971
vn 0.484173 -0.000001 0.874972
vn 0.000000 0.484170 0.874974
vn 0.000000 0.484170 0.874974
vn -0.000000 -0.484148 -0.874986
vn 0.000000 -0.484148 -0.874986
vn -0.484148 -0.000000 -0.874986
vn -0.484148 -0.000000 -0.874986
vn 0.000000 0.484148 -0.874986
vn 0.000000 0.484148 -0.874986
vn 0.484116 -0.000000 -0.875004
vn 0.484116 -0.000000 -0.875004
vn 0.000000 -0.484206 0.874954
vn 0.000000 -0.484206 0.874954
vn 0.484174 0.000000 0.874972
vn 0.484174 0.000000 0.874972
vn 0.000000 0.484174 0.874972
vn 0.000000 0.484174 0.874972
vn -0.484174 0.000000 0.874972
vn -0.484174 0.000000 0.874972
vn -0.000000 -0.484148 -0.874986
vn 0.000000 -0.484148 -0.874986
vn -0.484148 -0.000000 -0.874986
vn -0.484148 -0.000000 -0.874986
vn 0.000000 0.484148 -0.874986
vn 0.000000 0.484148 -0.874986
vn 0.484149 -0.000000 -0.874986
vn 0.484148 -0.000000 -0.874986
vn 0.000000 -0.484206 0.874954
vn 0.000000 -0.484206 0.874954
vn 0.484174 0.000000 0.874972
vn 0.484174 0.000000 0.874972
vn 0.000000 0.484174 0.874972
vn 0.000000 0.484174 0.874972
vn -0.484174 0.000000 0.874972
vn -0.484174 0.000000 0.874972
vn 0.000000 -0.000000 -1.000000
vn -0.000000 -0.000000 -1.000000
vn -0.000000 -0.000000 -1.000000
vn -0.000000 -0.000000 -1.000000
vn 0.000000 -0.000000 -1.000000
vn 0.000000 -0.000000 -1.000000
vn -0.000000 -0.000000 -1.000000
vn 0.000000 -0.000000 -1.000000
vn 0.000000 -0.000000 -1.000000
vn 0.000000 -0.000000 -1.000000
vn -0.000000 -0.000000 -1.000000
vn -0.000000 -0.000000 -1.000000
vn 0.000000 -0.000000 -1.000000
vn -0.000000 -0.000000 -1.000000
vn 0.000000 -0.000000 -1.000000
vn 0.000000 -0.000000 -1.000000
vn 0.000000 0.000000 1.000000
vn -0.000000 0.000000 1.000000
vn -0.000000 0.000000 1.000000
vn 0.000000 0.000000 1.000000
vn 0.000000 0.000000 1.000000
vn 0.000000 0.000000 1.000000
vn -0.000000 0.000000 1.000000
vn 0.000000 0.000000 1.000000
vn 0.000000 0.000000 1.000000
vn 0.000000 0.000000 1.000000
vn 0.000002 -0.000002 1.000000
vn -0.000001 -0.000001 1.000000
vn 0.000000 0.000000 1.000000
vn -0.000000 0.000000 1.000000
vn 0.000002 -0.000002 1.000000
vn -0.000001 -0.000001 1.000000
vn -0.000000 -0.000000 -1.000000
vn 0.000000 -0.000000 -1.000000
vn 0.000000 -0.000000 -1.000000
vn -0.000000 -0.000000 -1.000000
vn -0.000000 -0.000000 -1.000000
vn -0.000000 -0.000000 -1.000000
vn 0.000000 -0.000000 -1.000000
vn 0.000000 -0.000000 -1.000000
vn -0.000000 -0.000000 -1.000000
vn -0.000000 -0.000000 -1.000000
vn 0.000000 -0.000000 -1.000000
vn -0.000000 -0.000000 -1.000000
vn 0.000000 -0.000000 -1.000000
vn 0.000000 -0.000000 -1.000000
vn 0.000000 -0.000000 -1.000000
vn 0.000000 -0.000000 -1.000000
vn -0.000000 0.000000 1.000000
vn 0.000000 0.000000 1.000000
vn 0.000000 0.000000 1.000000
vn -0.000000 0.000000 1.000000
vn -0.000000 0.000000 1.000000
vn 0.000000 0.000000 1.000000
vn 0.000000 0.000000 1.000000
vn 0.000000 0.000000 1.000000
vn 0.000002 -0.000002 1.000000
vn -0.000001 -0.000001 1.000000
vn 0.000000 0.000000 1.000000
vn -0.000000 0.000000 1.000000
vn 0.000002 -0.000002 1.000000
vn -0.000001 -0.000001 1.000000
vn 0.000000 0.000000 1.000000
vn 0.000000 0.000000 1.000000
vn 0.000000 -0.000000 -1.000000
vn -0.000000 -0.000000 -1.000000
vn 0.000000 -0.000000 -1.000000
vn 0.000000 -0.000000 -1.000000
vn 0.000000 -0.000000 -1.000000
vn 0.000000 -0.000000 -1.000000
vn -0.000000 -0.000000 -1.000000
vn -0.000000 -0.000000 -1.000000
vn 0.000000 0.000000 1.000000
vn -0.000000 0.000000 1.000000
vn 0.000000 0.000000 1.000000
vn 0.000000 0.000000 1.000000
vn 0.000000 0.000000 1.000000
vn 0.000000 0.000000 1.000000
vn -0.000000 0.000000 1.000000
vn -0.000000 0.000000 1.000000
vn 0.000000 -0.000000 -1.000000
vn -0.000000 -0.000000 -1.000000
vn 0.000000 -0.000000 -1.000000
vn 0.000000 -0.000000 -1.000000
vn 0.000000 -0.000000 -1.000000
vn 0.000000 -0.000000 -1.000000
vn -0.000000 -0.000000 -1.000000
vn -0.000000 -0.000000 -1.000000
vn 0.000000 0.000000 1.000000
vn -0.000000 0.000000 1.000000
vn 0.000000 0.000000 1.000000
vn 0.000000 0.000000 1.000000
vn 0.000000 0.000000 1.000000
vn 0.000000 0.000000 1.000000
vn -0.000000 0.000000 1.000000
vn -0.000000 0.000000 1.000000
vn 0.000000 0.871043 -0.491207
vn 0.000000 0.871043 -0.491207
vn 0.871050 -0.000000 -0.491194
vn 0.871050 -0.000000 -0.491194
vn 0.000000 -0.871051 -0.491193
vn 0.000000 -0.871051 -0.491193
vn -0.871051 -0.000000 -0.491193
vn -0.871051 -0.000000 -0.491193
vn 0.000000 -0.871051 -0.491193
vn 0.000000 -0.871051 -0.491193
vn -0.871051 -0.000000 -0.491193
vn -0.871051 -0.000000 -0.491193
vn 0.000000 0.871051 -0.491193
vn 0.000000 0.871051 -0.491193
vn 0.871050 -0.000000 -0.491194
vn 0.871050 -0.000000 -0.491194
vn 0.000000 0.877488 0.479598
vn -0.000000 0.877488 0.479598
vn -0.877495 0.000000 0.479585
vn -0.877495 0.000000 0.479585
vn 0.000000 -0.877496 0.479584
vn 0.000000 -0.877496 0.479584
vn 0.877496 0.000000 0.479584
vn 0.877496 0.000000 0.479584
vn 0.000000 -0.877496 0.479584
vn 0.000000 -0.877496 0.479584
vn 0.877462 0.000000 0.479645
vn 0.877496 -0.000001 0.479585
vn 0.000000 0.877462 0.479645
vn -0.000000 0.877462 0.479645
vn -0.877495 0.000000 0.479585
vn -0.877462 -0.000001 0.479646
vn -0.871050 -0.000000 -0.491194
vn -0.871050 -0.000000 -0.491194
vn 0.000000 0.871043 -0.491207
vn 0.000000 0.871043 -0.491207
vn 0.871051 -0.000000 -0.491193
vn 0.871051 -0.000000 -0.491193
vn 0.000000 -0.871051 -0.491193
vn 0.000000 -0.871051 -0.491193
vn -0.871050 -0.000000 -0.491194
vn -0.871050 -0.000000 -0.491194
vn 0.000000 0.871051 -0.491193
vn 0.000000 0.871051 -0.491193
vn 0.871051 -0.000000 -0.491193
vn 0.871051 -0.000000 -0.491193
vn 0.000000 -0.871051 -0.491193
vn 0.000000 -0.871051 -0.491193
vn 0.877495 0.000000 0.479585
vn 0.877495 0.000000 0.479585
vn 0.000000 0.877488 0.479598
vn -0.000000 0.877488 0.479598
vn -0.877496 0.000000 0.479584
vn -0.877496 0.000000 0.479584
vn 0.000000 -0.877496 0.479584
vn 0.000000 -0.877496 0.479584
vn 0.877462 0.000000 0.479646
vn 0.877495 -0.000001 0.479585
vn 0.000000 0.877462 0.479645
vn -0.000000 0.877462 0.479645
vn -0.877496 0.000000 0.479584
vn -0.877463 -0.000001 0.479645
vn 0.000000 -0.877496 0.479584
vn 0.000000 -0.877496 0.479584
vn 0.000000 0.871051 -0.491193
vn 0.000000 0.871051 -0.491193
vn 0.871050 -0.000000 -0.491194
vn 0.871050 -0.000000 -0.491194
vn 0.000000 -0.871051 -0.491193
vn 0.000000 -0.871051 -0.491193
vn -0.871051 -0.000000 -0.491193
vn -0.871051 -0.000000 -0.491193
vn 0.000000 0.877496 0.479584
vn -0.000000 0.877496 0.479584
vn -0.877495 0.000000 0.479585
vn -0.877495 0.000000 0.479585
vn 0.000000 -0.877496 0.479584
vn 0.000000 -0.877496 0.479584
vn 0.877496 0.000000 0.479584
vn 0.877496 0.000000 0.479584
vn 0.000000 0.871051 -0.491193
vn 0.000000 0.871051 -0.491193
vn 0.871051 -0.000000 -0.491193
vn 0.871051 -0.000000 -0.491193
vn 0.000000 -0.871051 -0.491193
vn 0.000000 -0.871051 -0.491193
vn -0.871050 -0.000000 -0.491194
vn -0.871050 -0.000000 -0.491194
vn 0.000000 0.877496 0.479584
vn -0.000000 0.877496 0.479584
vn -0.877496 0.000000 0.479584
vn -0.877496 0.000000 0.479584
vn 0.000000 -0.877496 0.479584
vn 0.000000 -0.877496 0.479584
vn 0.877495 0.000000 0.479585
vn 0.877495 0.000000 0.479585
vn 0.000000 0.000000 1.000000
vn -0.000000 0.000000 1.000000
vn 0.000000 0.000000 1.000000
vn 0.000000 0.000000 1.000000
vn 0.000000 -0.000000 -1.000000
vn 0.000000 -0.000000 -1.000000
vn -0.000000 -0.000000 -1.000000
vn 0.000000 -0.000000 -1.000000
vn 0.000000 -0.000001 -1.000000
vn 0.000000 -0.000001 -1.000000
vn 0.000000 -0.000000 -1.000000
vn -0.000000 -0.000000 -1.000000
vn 0.000000 -0.000000 -1.000000
vn 0.000000 -0.000000 -1.000000
vn 0.000000 -0.000000 -1.000000
vn -0.000000 -0.000000 -1.000000
vn 0.000000 -0.000000 -1.000000
vn 0.000000 -0.000000 -1.000000
vn 0.000000 -0.000000 -1.000000
vn -0.000000 -0.000000 -1.000000
vn 0.000000 -0.000000 -1.000000
vn 0.000000 -0.000000 -1.000000
vn -0.000000 -0.000000 -1.000000
vn 0.000000 -0.000000 -1.000000
vn 0.000000 1.000000 0.000000
vn 0.000000 1.000000 0.000000
vn 0.000000 1.000000 0.000000
vn 0.000000 1.000000 0.000000
vn 0.000000 -1.000000 0.000000
vn 0.000000 -1.000000 0.000000
vn 0.000000 -1.000000 0.000000
vn 0.000000 -1.000000 0.000000
vn 0.000000 -0.000000 -1.000000
vn -0.000000 0.000000 -1.000000
vn 0.000000 -0.000000 -1.000000
vn 0.000000 -0.000000 -1.000000
vn 0.000000 0.000000 1.000000
vn 0.000000 0.000000 1.000000
vn -0.000000 0.000000 1.000000
vn 0.000000 0.000000 1.000000
vn 0.000000 0.000001 1.000000
vn 0.000000 0.000001 1.000000
vn 0.000000 0.000000 1.000000
vn -0.000000 0.000000 1.000000
vn 0.000000 0.000000 1.000000
vn 0.000000 0.000000 1.000000
vn 0.000000 0.000000 1.000000
vn -0.000000 0.000000 1.000000
vn 0.000000 0.000000 1.000000
vn 0.000000 0.000000 1.000000
vn 0.000000 0.000000 1.000000
vn -0.000000 0.000000 1.000000
vn 0.000000 0.000000 1.000000
vn 0.000000 0.000000 1.000000
vn -0.000000 0.000000 1.000000
vn 0.000000 0.000000 1.000000
vn 0.000000 0.000000 1.000000
vn -0.000000 0.000000 1.000000
vn 0.000000 0.000000 1.000000
vn 0.000000 0.000000 1.000000
vn 0.000000 -0.000000 -1.000000
vn 0.000000 -0.000000 -1.000000
vn -0.000000 -0.000000 -1.000000
vn 0.000000 -0.000000 -1.000000
vn 0.000000 -0.000001 -1.000000
vn 0.000000 -0.000001 -1.000000
vn 0.000000 -0.000000 -1.000000
vn -0.000000 -0.000000 -1.000000
vn 0.000000 -0.000000 -1.000000
vn 0.000000 -0.000000 -1.000000
vn 0.000000 -0.000000 -1.000000
vn -0.000000 -0.000000 -1.000000
vn 0.000000 -0.000000 -1.000000
vn 0.000000 -0.000000 -1.000000
vn 0.000000 -0.000000 -1.000000
vn -0.000000 -0.000000 -1.000000
vn 0.000000 -0.000000 -1.000000
vn 0.000000 -0.000000 -1.000000
vn -0.000000 -0.000000 -1.000000
vn 0.000000 -0.000000 -1.000000
vn 0.000000 1.000000 0.000000
vn 0.000000 1.000000 0.000000
vn 0.000000 1.000000 0.000000
vn 0.000000 1.000000 0.000000
vn 0.000000 -1.000000 0.000000
vn 0.000000 -1.000000 0.000000
vn 0.000000 -1.000000 0.000000
vn 0.000000 -1.000000 0.000000
vn 0.000000 -0.000000 -1.000000
vn -0.000000 0.000000 -1.000000
vn 0.000000 -0.000000 -1.000000
vn 0.000000 -0.000000 -1.000000
vn 0.000000 0.000000 1.000000
vn 0.000000 0.000000 1.000000
vn -0.000000 0.000000 1.000000
vn 0.000000 0.000000 1.000000
vn 0.000000 0.000001 1.000000
vn 0.000000 0.000001 1.000000
vn 0.000000 0.000000 1.000000
vn -0.000000 0.000000 1.000000
vn 0.000000 0.000000 1.000000
vn 0.000000 0.000000 1.000000
vn 0.000000 0.000000 1.000000
vn -0.000000 0.000000 1.000000
vn 0.000000 0.000000 1.000000
vn 0.000000 0.000000 1.000000
vn 0.000000 0.000000 1.000000
vn -0.000000 0.000000 1.000000
vn 0.000000 0.000000 1.000000
vn 0.000000 0.000000 1.000000
vn -0.000000 0.000000 1.000000
vn 0.000000 0.000000 1.000000
vn -0.000000 -0.000000 -1.000000
vn 0.000000 -0.000000 -1.000000
vn 0.000000 -0.000000 -1.000000
vn 0.000000 -0.000000 -1.000000
vn -0.000000 0.000000 1.000000
vn 0.000000 0.000000 1.000000
vn 0.000000 0.000000 1.000000
vn 0.000000 0.000000 1.000000
vn -0.000000 -0.000000 -1.000000
vn 0.000000 -0.000000 -1.000000
vn 0.000000 -0.000000 -1.000000
vn 0.000000 -0.000000 -1.000000
vn -0.000000 0.000000 1.000000
vn 0.000000 0.000000 1.000000
vn 0.000000 0.000000 1.000000
vn 0.000000 0.000000 1.000000
vn -0.000000 -0.484152 -0.874984
vn 0.000000 -0.484152 -0.874984
vn 0.000000 -0.484152 -0.874984
vn 0.000000 -0.484152 -0.874984
vn 0.000000 0.484112 -0.875006
vn 0.000000 0.484112 -0.875006
vn 0.000000 0.484111 -0.875006
vn 0.000000 0.484112 -0.875006
vn 0.000000 0.484148 -0.874986
vn 0.000000 0.484148 -0.874986
vn 0.000000 0.484148 -0.874986
vn 0.000000 0.484148 -0.874986
vn -0.000000 -0.484116 -0.875004
vn 0.000000 -0.484116 -0.875004
vn 0.000000 -0.484116 -0.875004
vn 0.000000 -0.484116 -0.875004
vn 0.000000 -0.484178 0.874969
vn 0.000000 -0.484178 0.874969
vn 0.000000 -0.484178 0.874969
vn 0.000000 -0.484178 0.874969
vn -0.000000 0.484170 0.874974
vn 0.000000 0.484170 0.874974
vn 0.000000 0.484170 0.874974
vn -0.000000 0.484170 0.874974
vn -0.000000 0.484170 0.874974
vn 0.000000 0.484170 0.874974
vn 0.000000 0.484170 0.874974
vn -0.000000 0.484170 0.874974
vn 0.000000 -0.484174 0.874972
vn 0.000000 -0.484174 0.874972
vn 0.000000 -0.484174 0.874972
vn 0.000000 -0.484174 0.874972
vn -0.000000 -0.484152 -0.874984
vn 0.000000 -0.484152 -0.874984
vn 0.000000 -0.484152 -0.874984
vn 0.000000 -0.484152 -0.874984
vn 0.000000 0.484112 -0.875006
vn 0.000000 0.484112 -0.875006
vn 0.000000 0.484112 -0.875006
vn 0.000000 0.484112 -0.875006
vn -0.000000 -0.484116 -0.875004
vn 0.000000 -0.484116 -0.875004
vn 0.000000 -0.484116 -0.875004
vn 0.000000 -0.484116 -0.875004
vn 0.000000 0.484148 -0.874986
vn 0.000000 0.484148 -0.874986
vn 0.000000 0.484148 -0.874986
vn 0.000000 0.484148 -0.874986
vn 0.000000 -0.484178 0.874969
vn 0.000000 -0.484178 0.874970
vn 0.000000 -0.484178 0.874969
vn 0.000000 -0.484178 0.874969
vn -0.000000 0.484170 0.874974
vn 0.000000 0.484170 0.874974
vn 0.000000 0.484170 0.874974
vn -0.000000 0.484170 0.874974
vn 0.000000 -0.484174 0.874972
vn 0.000000 -0.484174 0.874972
vn 0.000000 -0.484174 0.874972
vn 0.000000 -0.484174 0.874972
vn -0.000000 0.484170 0.874974
vn 0.000000 0.484170 0.874974
vn 0.000000 0.484170 0.874974
vn -0.000000 0.484170 0.874974
vn -0.000000 -0.484148 -0.874986
vn 0.000000 -0.484148 -0.874986
vn 0.000000 -0.484148 -0.874986
vn 0.000000 -0.484148 -0.874986
vn 0.000000 0.484148 -0.874986
vn 0.000000 0.484148 -0.874986
vn 0.000000 0.484148 -0.874986
vn 0.000000 0.484148 -0.874986
vn 0.000000 -0.484206 0.874954
vn 0.000000 -0.484207 0.874954
vn 0.000000 -0.484206 0.874954
vn 0.000000 -0.484206 0.874954
vn -0.000000 0.484174 0.874972
vn 0.000000 0.484174 0.874972
vn 0.000000 0.484174 0.874972
vn -0.000000 0.484174 0.874972
vn -0.000000 -0.484148 -0.874986
vn 0.000000 -0.484148 -0.874986
vn 0.000000 -0.484148 -0.874986
vn 0.000000 -0.484148 -0.874986
vn 0.000000 0.484148 -0.874986
vn 0.000000 0.484148 -0.874986
vn 0.000000 0.484148 -0.874986
vn 0.000000 0.484148 -0.874986
vn 0.000000 -0.484206 0.874954
vn 0.000000 -0.484206 0.874954
vn 0.000000 -0.484207 0.874954
vn 0.000000 -0.484206 0.874954
vn -0.000000 0.484174 0.874972
vn 0.000000 0.484174 0.874972
vn 0.000000 0.484175 0.874971
vn -0.000000 0.484174 0.874972
vn 0.000000 -0.000000 -1.000000
vn 0.000000 -0.000000 -1.000000
vn 0.000000 -0.000000 -1.000000
vn 0.000000 -0.000000 -1.000000
vn -0.000000 -0.000000 -1.000000
vn 0.000000 -0.000000 -1.000000
vn 0.000000 -0.000000 -1.000000
vn -0.000000 -0.000000 -1.000000
vn -0.000000 -0.000000 -1.000000
vn 0.000000 -0.000000 -1.000000
vn 0.000000 -0.000000 -1.000000
vn -0.000000 -0.000000 -1.000000
vn 0.000000 -0.000000 -1.000000
vn 0.000000 -0.000000 -1.000000
vn 0.000000 -0.000000 -1.000000
vn 0.000000 -0.000000 -1.000000
vn 0.000000 0.000000 1.000000
vn 0.000000 0.000000 1.000000
vn 0.000000 0.000000 1.000000
vn 0.000000 0.000000 1.000000
vn -0.000000 0.000000 1.000000
vn 0.000000 0.000000 1.000000
vn 0.000000 0.000000 1.000000
vn -0.000000 0.000000 1.000000
vn -0.000000 0.000000 1.000000
vn 0.000000 0.000000 1.000000
vn 0.000000 0.000000 1.000000
vn -0.000000 0.000000 1.000000
vn 0.000000 0.000000 1.000000
vn 0.000000 0.000000 1.000000
vn 0.000000 0.000000 1.000000
vn 0.000000 0.000000 1.000000
vn 0.000000 -0.000000 -1.000000
vn 0.000000 -0.000000 -1.000000
vn 0.000000 -0.000000 -1.000000
vn 0.000000 -0.000000 -1.000000
vn -0.000000 -0.000000 -1.000000
vn 0.000000 -0.000000 -1.000000
vn 0.000000 -0.000000 -1.000000
vn -0.000000 -0.000000 -1.000000
vn 0.000000 -0.000000 -1.000000
vn 0.000000 -0.000000 -1.000000
vn 0.000000 -0.000000 -1.000000
vn 0.000000 -0.000000 -1.000000
vn -0.000000 -0.000000 -1.000000
vn 0.000000 -0.000000 -1.000000
vn 0.000000 -0.000000 -1.000000
vn -0.000000 -0.000000 -1.000000
vn 0.000000 0.000000 1.000000
vn 0.000000 0.000000 1.000000
vn 0.000000 0.000000 1.000000
vn 0.000000 0.000000 1.000000
vn -0.000000 0.000000 1.000000
vn 0.000000 0.000000 1.000000
vn 0.000000 0.000000 1.000000
vn -0.000000 0.000000 1.000000
vn 0.000000 0.000000 1.000000
vn 0.000000 0.000000 1.000000
vn 0.000000 0.000000 1.000000
vn 0.000000 0.000000 1.000000
vn -0.000000 0.000000 1.000000
vn 0.000000 0.000000 1.000000
vn 0.000000 0.000000 1.000000
vn -0.000000 0.000000 1.000000
vn 0.000000 -0.000000 -1.000000
vn 0.000000 -0.000000 -1.000000
vn 0.000000 -0.000000 -1.000000
vn 0.000000 -0.000000 -1.000000
vn -0.000000 -0.000000 -1.000000
vn 0.000000 -0.000000 -1.000000
vn 0.000000 -0.000000 -1.000000
vn -0.000000 -0.000000 -1.000000
vn 0.000000 0.000000 1.000000
vn 0.000000 0.000000 1.000000
vn 0.000000 0.000000 1.000000
vn 0.000000 0.000000 1.000000
vn -0.000000 0.000000 1.000000
vn 0.000000 0.000000 1.000000
vn 0.000000 0.000000 1.000000
vn -0.000000 0.000000 1.000000
vn 0.000000 -0.000000 -1.000000
vn 0.000000 -0.000000 -1.000000
vn 0.000000 -0.000000 -1.000000
vn 0.000000 -0.000000 -1.000000
vn -0.000000 -0.000000 -1.000000
vn 0.000000 -0.000000 -1.000000
vn 0.000000 -0.000000 -1.000000
vn -0.000000 -0.000000 -1.000000
vn 0.000000 0.000000 1.000000
vn 0.000000 0.000000 1.000000
vn 0.000000 0.000000 1.000000
vn 0.000000 0.000000 1.000000
vn -0.000000 0.000000 1.000000
vn 0.000000 0.000000 1.000000
vn 0.000000 0.000000 1.000000
vn -0.000000 0.000000 1.000000
vn 0.000000 0.871043 -0.491207
vn 0.000000 0.871043 -0.491207
vn 0.000000 0.871043 -0.491207
vn 0.000000 0.871043 -0.491207
vn -0.000000 -0.871051 -0.491193
vn 0.000000 -0.871051 -0.491193
vn 0.000000 -0.871051 -0.491193
vn -0.000000 -0.871051 -0.491193
vn -0.000000 -0.871051 -0.491193
vn 0.000000 -0.871051 -0.491193
vn 0.000000 -0.871051 -0.491193
vn -0.000000 -0.871051 -0.491193
vn 0.000000 0.871051 -0.491193
vn 0.000000 0.871051 -0.491193
vn 0.000000 0.871051 -0.491193
vn 0.000000 0.871051 -0.491193
vn 0.000000 0.877488 0.479598
vn 0.000000 0.877488 0.479598
vn 0.000000 0.877488 0.479598
vn 0.000000 0.877488 0.479598
vn 0.000000 -0.877496 0.479584
vn 0.000000 -0.877496 0.479584
vn 0.000000 -0.877496 0.479584
vn 0.000000 -0.877496 0.479584
vn 0.000000 -0.877496 0.479584
vn 0.000000 -0.877496 0.479584
vn 0.000000 -0.877496 0.479584
vn 0.000000 -0.877496 0.479584
vn 0.000000 0.877462 0.479645
vn 0.000000 0.877462 0.479645
vn 0.000000 0.877462 0.479645
vn 0.000000 0.877462 0.479645
vn 0.000000 0.871043 -0.491207
vn 0.000000 0.871043 -0.491207
vn 0.000000 0.871043 -0.491207
vn 0.000000 0.871043 -0.491207
vn -0.000000 -0.871051 -0.491193
vn 0.000000 -0.871051 -0.491193
vn 0.000000 -0.871051 -0.491193
vn -0.000000 -0.871051 -0.491193
vn 0.000000 0.871051 -0.491193
vn 0.000000 0.871051 -0.491193
vn 0.000000 0.871051 -0.491193
vn 0.000000 0.871051 -0.491193
vn -0.000000 -0.871051 -0.491193
vn 0.000000 -0.871051 -0.491193
vn 0.000000 -0.871051 -0.491193
vn -0.000000 -0.871051 -0.491193
vn 0.000000 0.877488 0.479598
vn 0.000000 0.877488 0.479598
vn 0.000000 0.877488 0.479598
vn 0.000000 0.877488 0.479598
vn 0.000000 -0.877496 0.479584
vn 0.000000 -0.877496 0.479584
vn 0.000000 -0.877496 0.479584
vn 0.000000 -0.877496 0.479584
vn 0.000000 0.877462 0.479645
vn 0.000000 0.877462 0.479645
vn 0.000000 0.877462 0.479645
vn 0.000000 0.877462 0.479645
vn 0.000000 -0.877496 0.479584
vn 0.000000 -0.877496 0.479584
vn 0.000000 -0.877496 0.479584
vn 0.000000 -0.877496 0.479584
vn 0.000000 0.871051 -0.491193
vn 0.000000 0.871051 -0.491193
vn 0.000000 0.871051 -0.491193
vn 0.000000 0.871051 -0.491193
vn -0.000000 -0.871051 -0.491193
vn 0.000000 -0.871051 -0.491193
vn 0.000000 -0.871051 -0.491193
vn -0.000000 -0.871051 -0.491193
vn 0.000000 0.877496 0.479584
vn 0.000000 0.877496 0.479584
vn 0.000000 0.877496 0.479584
vn 0.000000 0.877496 0.479584
vn 0.000000 -0.877496 0.479584
vn 0.000000 -0.877496 0.479584
vn 0.000000 -0.877496 0.479584
vn 0.000000 -0.877496 0.479584
vn 0.000000 0.871051 -0.491193
vn 0.000000 0.871051 -0.491193
vn 0.000000 0.871051 -0.491193
vn 0.000000 0.871051 -0.491193
vn -0.000000 -0.871051 -0.491193
vn 0.000000 -0.871051 -0.491193
vn 0.000000 -0.871051 -0.491193
vn -0.000000 -0.871051 -0.491193
vn 0.000000 0.877496 0.479584
vn 0.000000 0.877496 0.479584
vn 0.000000 0.877496 0.479584
vn 0.000000 0.877496 0.479584
vn 0.000000 -0.877496 0.479584
vn 0.000000 -0.877496 0.479584
vn 0.000000 -0.877496 0.479584
vn 0.000000 -0.877496 0.479584
vn 0.000000 0.000000 -1.000000
vn 0.000000 0.000000 -1.000000
vn 0.000000 0.000000 -1.000000
vn 0.000000 0.000000 -1.000000
vn 1.000000 0.000000 0.000000
vn 1.000000 -0.000000 0.000000
vn 1.000000 0.000000 -0.000000
vn 1.000000 0.000000 0.000000
vn 0.000000 0.000000 1.000000
vn 0.000000 0.000000 1.000000
vn 0.000000 0.000000 1.000000
vn 0.000000 0.000000 1.000000
vn -1.000000 0.000000 0.000000
vn -1.000000 0.000000 0.000000
vn -1.000000 0.000000 -0.000000
vn -1.000000 -0.000000 0.000000
vn 0.000000 0.000000 -1.000000
vn 0.000000 0.000000 -1.000000
vn 0.000000 0.000000 -1.000000
vn 0.000000 0.000000 -1.000000
vn 1.000000 0.000000 0.000000
vn 1.000000 -0.000000 0.000000
vn 1.000000 0.000000 -0.000000
vn 1.000000 0.000000 0.000000
vn 0.000000 0.000000 1.000000
vn 0.000000 0.000000 1.000000
vn 0.000000 0.000000 1.000000
vn 0.000000 0.000000 1.000000
vn -1.000000 0.000000 0.000000
vn -1.000000 0.000000 0.000000
vn -1.000000 0.000000 -0.000000
vn -1.000000 -0.000000 0.000000
vn -0.000000 -0.000000 -1.000000
vn 0.000000 -0.000000 -1.000000
vn 0.000000 0.000000 -1.000000
vn 0.000000 0.000000 -1.000000
vn 1.000000 0.000000 0.000000
vn 1.000000 -0.000000 0.000000
vn 1.000000 0.000000 -0.000000
vn 1.000000 0.000000 0.000000
vn 0.000000 0.000000 1.000000
vn 0.000000 0.000000 1.000000
vn 0.000000 0.000000 1.000000
vn 0.000000 0.000000 1.000000
vn -1.000000 0.000000 0.000000
vn -1.000000 0.000000 0.000000
vn -1.000000 0.000000 -0.000000
vn -1.000000 -0.000000 0.000000
vn 0.000000 0.000000 -1.000000
vn 0.000000 0.000000 -1.000000
vn 0.000000 0.000000 -1.000000
vn 0.000000 0.000000 -1.000000
vn 0.000000 0.000000 1.000000
vn 0.000000 0.000000 1.000000
vn 0.000000 0.000000 1.000000
vn 0.000000 0.000000 1.000000
vn 0.000000 0.000000 -1.000000
vn 0.000000 0.000000 -1.000000
vn 0.000000 0.000000 -1.000000
vn 0.000000 0.000000 -1.000000
vn 0.000000 0.000000 1.000000
vn 0.000000 0.000000 1.000000
vn 0.000000 0.000000 1.000000
vn 0.000000 0.000000 1.000000
vn 0.000000 0.000000 -1.000000
vn 0.000000 0.000000 -1.000000
vn 0.000000 0.000000 -1.000000
vn 0.000000 0.000000 -1.000000
vn 0.000000 0.000000 -1.000000
vn 0.000000 0.000000 -1.000000
vn -0.000000 -0.000000 -1.000000
vn 0.000000 -0.000000 -1.000000
vn 0.000000 0.000000 1.000000
vn 0.000000 0.000000 1.000000
vn 0.000000 0.000000 1.000000
vn 0.000000 0.000000 1.000000
vn 0.000000 0.000000 1.000000
vn 0.000000 0.000000 1.000000
vn 0.000000 0.000000 1.000000
vn 0.000000 0.000000 1.000000
vn 0.000000 0.000000 -1.000000
vn 0.000000 0.000000 -1.000000
vn 0.000000 0.000000 -1.000000
vn 0.000000 0.000000 -1.000000
vn 0.000000 0.000000 -1.000000
vn 0.000000 0.000000 -1.000000
vn 0.000000 0.000000 -1.000000
vn 0.000000 0.000000 -1.000000
vn 0.000000 0.000000 1.000000
vn 0.000000 0.000000 1.000000
vn 0.000000 0.000000 1.000000
vn 0.000000 0.000000 1.000000
vn 0.000000 0.000000 1.000000
vn 0.000000 0.000000 1.000000
vn 0.000000 0.000000 1.000000
vn 0.000000 0.000000 1.000000
vn 0.000000 0.000000 1.000000
vn 0.000000 0.000000 1.000000
vn 0.000000 0.000000 1.000000
vn 0.000000 0.000000 1.000000
vn 0.000000 0.000000 1.000000
vn 0.000000 0.000000 1.000000
vn 0.000000 0.000000 1.000000
vn 0.000000 0.000000 1.000000
vn 0.000000 0.000000 -1.000000
vn 0.000000 0.000000 -1.000000
vn 0.000000 0.000000 -1.000000
vn 0.000000 0.000000 -1.000000
vn 0.000000 0.000000 -1.000000
vn 0.000000 0.000000 -1.000000
vn -0.000000 -0.000000 -1.000000
vn 0.000000 -0.000000 -1.000000
vn -0.000000 -0.000000 -1.000000
vn 0.000000 -0.000000 -1.000000
vn 0.000000 -0.000000 -1.000000
vn 0.000000 -0.000000 -1.000000
vn 0.000000 0.000000 1.000000
vn 0.000000 0.000000 1.000000
vn 0.000000 0.000000 1.000000
vn 0.000000 0.000000 1.000000
vn 0.000000 0.000000 -1.000000
vn 0.000000 0.000000 -1.000000
vn 0.000000 0.000000 -1.000000
vn 0.000000 0.000000 -1.000000
vn -0.000000 0.000000 1.000000
vn 0.000000 0.000000 1.000000
vn 0.000000 0.000000 1.000000
vn 0.000000 0.000000 1.000000
vn -0.000000 -0.000000 -1.000000
vn 0.000000 -0.000000 -1.000000
vn 0.000000 -0.000000 -1.000000
vn 0.000000 -0.000000 -1.000000
vn 0.000000 0.000000 1.000000
vn 0.000000 0.000000 1.000000
vn 0.000000 0.000000 1.000000
vn 0.000000 0.000000 1.000000
vn -0.000000 0.000000 1.000000
vn 0.000000 0.000000 1.000000
vn 0.000000 0.000000 1.000000
vn 0.000000 0.000000 1.000000
vn 0.000000 0.000000 -1.000000
vn 0.000000 0.000000 -1.000000
vn 0.000000 0.000000 -1.000000
vn 0.000000 0.000000 -1.000000
vn -0.484148 -0.000000 -0.874986
vn -0.484148 0.000000 -0.874986
vn -0.484149 0.000000 -0.874986
vn -0.484148 -0.000000 -0.874986
vn 0.484116 -0.000000 -0.875004
vn 0.484116 0.000000 -0.875004
vn 0.484116 0.000000 -0.875004
vn 0.484116 -0.000000 -0.875004
vn 0.484116 -0.000000 -0.875004
vn 0.484116 0.000000 -0.875004
vn 0.484116 -0.000000 -0.875004
vn 0.484116 -0.000000 -0.875004
vn -0.484148 -0.000000 -0.874986
vn -0.484149 -0.000000 -0.874986
vn -0.484149 0.000000 -0.874986
vn -0.484148 -0.000000 -0.874986
vn 0.484174 0.000000 0.874972
vn 0.484174 0.000000 0.874972
vn 0.484174 0.000000 0.874972
vn 0.484174 0.000000 0.874972
vn -0.484174 0.000000 0.874972
vn -0.484174 0.000000 0.874972
vn -0.484174 0.000000 0.874972
vn -0.484174 0.000000 0.874972
vn -0.484174 0.000000 0.874972
vn -0.484174 0.000000 0.874972
vn -0.484174 0.000000 0.874972
vn -0.484174 0.000000 0.874972
vn 0.484174 0.000000 0.874972
vn 0.484174 0.000000 0.874972
vn 0.484174 0.000000 0.874972
vn 0.484174 0.000000 0.874972
vn 0.484148 -0.000000 -0.874986
vn 0.484149 0.000000 -0.874986
vn 0.484148 0.000000 -0.874986
vn 0.484149 -0.000000 -0.874986
vn -0.484148 -0.000000 -0.874986
vn -0.484148 0.000000 -0.874986
vn -0.484148 0.000000 -0.874986
vn -0.484148 -0.000000 -0.874986
vn 0.484148 -0.000000 -0.874986
vn 0.484149 0.000000 -0.874986
vn 0.484149 -0.000000 -0.874986
vn 0.484149 -0.000000 -0.874986
vn -0.484148 -0.000000 -0.874986
vn -0.484148 -0.000000 -0.874986
vn -0.484148 0.000000 -0.874986
vn -0.484148 -0.000000 -0.874986
vn -0.484174 0.000000 0.874972
vn -0.484174 0.000000 0.874972
vn -0.484174 0.000000 0.874972
vn -0.484174 0.000000 0.874972
vn 0.484174 0.000000 0.874972
vn 0.484174 0.000000 0.874972
vn 0.484174 0.000000 0.874972
vn 0.484174 0.000000 0.874972
vn -0.484174 0.000000 0.874972
vn -0.484174 0.000000 0.874972
vn -0.484174 0.000000 0.874972
vn -0.484174 0.000000 0.874972
vn 0.484174 0.000000 0.874972
vn 0.484174 0.000000 0.874972
vn 0.484174 0.000000 0.874972
vn 0.484174 0.000000 0.874972
vn -0.484148 0.000000 -0.874986
vn -0.484148 0.000000 -0.874986
vn -0.484148 0.000000 -0.874986
vn -0.484148 -0.000000 -0.874986
vn 0.484116 -0.000000 -0.875004
vn 0.484116 0.000000 -0.875004
vn 0.484116 0.000000 -0.875004
vn 0.484116 0.000000 -0.875004
vn 0.484174 0.000000 0.874972
vn 0.484174 0.000000 0.874972
vn 0.484174 0.000000 0.874972
vn 0.484174 0.000000 0.874972
vn -0.484174 0.000000 0.874972
vn -0.484174 0.000000 0.874972
vn -0.484174 0.000000 0.874972
vn -0.484174 0.000000 0.874972
vn -0.484148 0.000000 -0.874986
vn -0.484148 0.000000 -0.874986
vn -0.484148 0.000000 -0.874986
vn -0.484148 -0.000000 -0.874986
vn 0.484148 -0.000000 -0.874986
vn 0.484148 0.000000 -0.874986
vn 0.484148 0.000000 -0.874986
vn 0.484148 0.000000 -0.874986
vn 0.484174 0.000000 0.874972
vn 0.484174 0.000000 0.874972
vn 0.484174 0.000000 0.874972
vn 0.484174 0.000000 0.874972
vn -0.484174 0.000000 0.874972
vn -0.484174 0.000000 0.874972
vn -0.484174 0.000000 0.874972
vn -0.484174 0.000000 0.874972
vn -0.000000 -0.000000 -1.000000
vn 0.000000 0.000000 -1.000000
vn 0.000000 -0.000000 -1.000000
vn -0.000000 -0.000000 -1.000000
vn -0.000000 -0.000000 -1.000000
vn 0.000000 0.000000 -1.000000
vn 0.000000 -0.000000 -1.000000
vn -0.000000 0.000000 -1.000000
vn -0.000000 -0.000000 -1.000000
vn -0.000000 -0.000000 -1.000000
vn 0.000000 -0.000000 -1.000000
vn 0.000000 -0.000000 -1.000000
vn -0.000000 -0.000000 -1.000000
vn -0.000000 -0.000000 -1.000000
vn 0.000000 -0.000000 -1.000000
vn 0.000000 -0.000000 -1.000000
vn -0.000000 0.000000 1.000000
vn 0.000000 0.000000 1.000000
vn 0.000000 0.000000 1.000000
vn -0.000000 0.000000 1.000000
vn -0.000000 0.000000 1.000000
vn 0.000000 0.000000 1.000000
vn 0.000000 0.000000 1.000000
vn -0.000000 0.000000 1.000000
vn -0.000000 0.000000 1.000000
vn -0.000000 0.000000 1.000000
vn 0.000000 0.000000 1.000000
vn 0.000000 0.000000 1.000000
vn -0.000000 0.000000 1.000000
vn -0.000000 0.000000 1.000000
vn 0.000000 0.000000 1.000000
vn 0.000000 0.000000 1.000000
vn -0.000000 -0.000000 -1.000000
vn 0.000000 0.000000 -1.000000
vn 0.000000 -0.000000 -1.000000
vn -0.000000 0.000000 -1.000000
vn -0.000000 -0.000000 -1.000000
vn 0.000000 0.000000 -1.000000
vn 0.000000 -0.000000 -1.000000
vn -0.000000 -0.000000 -1.000000
vn -0.000000 -0.000000 -1.000000
vn -0.000000 -0.000000 -1.000000
vn 0.000000 -0.000000 -1.000000
vn 0.000000 -0.000000 -1.000000
vn -0.000000 -0.000000 -1.000000
vn -0.000000 -0.000000 -1.000000
vn 0.000000 -0.000000 -1.000000
vn 0.000000 -0.000000 -1.000000
vn -0.000000 0.000000 1.000000
vn 0.000000 0.000000 1.000000
vn 0.000000 0.000000 1.000000
vn -0.000000 0.000000 1.000000
vn -0.000000 0.000000 1.000000
vn 0.000000 0.000000 1.000000
vn 0.000000 0.000000 1.000000
vn -0.000000 0.000000 1.000000
vn -0.000000 0.000000 1.000000
vn -0.000000 0.000000 1.000000
vn 0.000000 0.000000 1.000000
vn 0.000000 0.000000 1.000000
vn -0.000000 0.000000 1.000000
vn -0.000000 0.000000 1.000000
vn 0.000000 0.000000 1.000000
vn 0.000000 0.000000 1.000000
vn 0.000000 0.000000 -1.000000
vn -0.000000 -0.000000 -1.000000
vn 0.000000 -0.000000 -1.000000
vn -0.000000 -0.000000 -1.000000
vn -0.000000 -0.000000 -1.000000
vn 0.000000 0.000000 -1.000000
vn -0.000000 0.000000 -1.000000
vn 0.000000 -0.000000 -1.000000
vn 0.000000 0.000000 1.000000
vn -0.000000 0.000000 1.000000
vn 0.000000 0.000000 1.000000
vn -0.000000 0.000000 1.000000
vn -0.000000 0.000000 1.000000
vn 0.000000 0.000000 1.000000
vn -0.000000 0.000000 1.000000
vn 0.000000 0.000000 1.000000
vn 0.000000 0.000000 -1.000000
vn -0.000000 -0.000000 -1.000000
vn 0.000000 -0.000000 -1.000000
vn -0.000000 -0.000000 -1.000000
vn -0.000000 -0.000000 -1.000000
vn 0.000000 0.000000 -1.000000
vn -0.000000 0.000000 -1.000000
vn 0.000000 -0.000000 -1.000000
vn 0.000000 0.000000 1.000000
vn -0.000000 0.000000 1.000000
vn 0.000000 0.000000 1.000000
vn -0.000000 0.000000 1.000000
vn -0.000000 0.000000 1.000000
vn 0.000000 0.000000 1.000000
vn -0.000000 0.000000 1.000000
vn 0.000000 0.000000 1.000000
vn 0.871050 0.000000 -0.491194
vn 0.871050 0.000000 -0.491194
vn 0.871050 0.000000 -0.491194
vn 0.871050 0.000000 -0.491194
vn -0.871051 0.000000 -0.491193
vn -0.871051 0.000000 -0.491193
vn -0.871051 0.000000 -0.491193
vn -0.871051 0.000000 -0.491193
vn -0.871051 -0.000000 -0.491193
vn -0.871051 0.000000 -0.491193
vn -0.871051 0.000000 -0.491193
vn -0.871051 0.000000 -0.491193
vn 0.871050 -0.000000 -0.491194
vn 0.871050 0.000000 -0.491194
vn 0.871050 -0.000000 -0.491194
vn 0.871050 0.000000 -0.491194
vn -0.877495 0.000000 0.479585
vn -0.877495 0.000000 0.479585
vn -0.877495 0.000000 0.479585
vn -0.877495 0.000000 0.479585
vn 0.877496 -0.000000 0.479584
vn 0.877496 0.000000 0.479584
vn 0.877496 0.000000 0.479584
vn 0.877496 -0.000000 0.479584
vn 0.877462 0.000000 0.479645
vn 0.877462 0.000000 0.479645
vn 0.877496 0.000000 0.479584
vn 0.877496 -0.000000 0.479584
vn -0.877495 0.000000 0.479585
vn -0.877495 0.000000 0.479585
vn -0.877462 0.000000 0.479646
vn -0.877462 0.000000 0.479646
vn -0.871050 0.000000 -0.491194
vn -0.871050 0.000000 -0.491194
vn -0.871050 0.000000 -0.491194
vn -0.871050 0.000000 -0.491194
vn 0.871051 0.000000 -0.491193
vn 0.871051 0.000000 -0.491193
vn 0.871051 0.000000 -0.491193
vn 0.871051 0.000000 -0.491193
vn -0.871050 -0.000000 -0.491194
vn -0.871050 0.000000 -0.491194
vn -0.871050 -0.000000 -0.491194
vn -0.871050 0.000000 -0.491194
vn 0.871051 -0.000000 -0.491193
vn 0.871051 0.000000 -0.491193
vn 0.871051 0.000000 -0.491193
vn 0.871051 0.000000 -0.491193
vn 0.877495 -0.000000 0.479585
vn 0.877495 0.000000 0.479585
vn 0.877495 0.000000 0.479585
vn 0.877495 -0.000000 0.479585
vn -0.877496 0.000000 0.479584
vn -0.877496 0.000000 0.479584
vn -0.877496 0.000000 0.479584
vn -0.877496 0.000000 0.479584
vn 0.877462 0.000000 0.479646
vn 0.877462 0.000000 0.479646
vn 0.877495 0.000000 0.479585
vn 0.877495 -0.000000 0.479585
vn -0.877496 0.000000 0.479584
vn -0.877496 0.000000 0.479584
vn -0.877462 0.000000 0.479645
vn -0.877462 0.000000 0.479645
vn 0.871050 -0.000000 -0.491194
vn 0.871050 -0.000000 -0.491194
vn 0.871050 0.000000 -0.491194
vn 0.871050 -0.000000 -0.491194
vn -0.871051 0.000000 -0.491193
vn -0.871051 -0.000000 -0.491193
vn -0.871051 0.000000 -0.491193
vn -0.871051 -0.000000 -0.491193
vn -0.877495 0.000000 0.479585
vn -0.877495 0.000000 0.479585
vn -0.877495 0.000000 0.479585
vn -0.877495 0.000000 0.479585
vn 0.877496 -0.000000 0.479584
vn 0.877496 0.000000 0.479584
vn 0.877496 0.000000 0.479584
vn 0.877496 0.000000 0.479584
vn 0.871051 -0.000000 -0.491193
vn 0.871051 -0.000000 -0.491193
vn 0.871051 0.000000 -0.491193
vn 0.871051 -0.000000 -0.491193
vn -0.871050 0.000000 -0.491194
vn -0.871050 -0.000000 -0.491194
vn -0.871050 0.000000 -0.491194
vn -0.871050 -0.000000 -0.491194
vn -0.877496 0.000000 0.479584
vn -0.877496 0.000000 0.479584
vn -0.877496 0.000000 0.479584
vn -0.877496 0.000000 0.479584
vn 0.877495 -0.000000 0.479585
vn 0.877495 0.000000 0.479585
vn 0.877495 0.000000 0.479585
vn 0.877495 0.000000 0.479585
vn 0.000000 0.000000 -1.000000
vn 0.000000 0.000000 -1.000000
vn 0.000000 0.000000 -1.000000
vn 0.000000 0.000000 -1.000000
vn 0.000000 0.000000 -1.000000
vn 0.000000 0.000000 -1.000000
vn 0.000000 0.000000 -1.000000
vn 0.000000 0.000000 -1.000000
vn 0.000000 0.000000 -1.000000
vn 0.000000 0.000000 -1.000000
vn 0.000000 0.000000 -1.000000
vn 0.000000 0.000000 -1.000000
vn 0.000000 0.000000 -1.000000
vn 0.000000 0.000000 -1.000000
vn 0.000000 0.000000 -1.000000
vn 0.000000 0.000000 -1.000000
vn 0.000000 0.000000 1.000000
vn 0.000000 0.000000 1.000000
vn 0.000000 0.000000 1.000000
vn 0.000000 0.000000 1.000000
vn 0.000000 0.000000 1.000000
vn 0.000000 0.000000 1.000000
vn 0.000000 0.000000 1.000000
vn 0.000000 0.000000 1.000000
vn 0.000000 0.000000 1.000000
vn 0.000000 0.000000 1.000000
vn 0.000000 0.000000 1.000000
vn 0.000000 0.000000 1.000000
vn 0.000000 0.000000 1.000000
vn 0.000000 0.000000 1.000000
vn 0.000000 0.000000 1.000000
vn 0.000000 0.000000 1.000000
vn 0.000000 0.000000 -1.000000
vn 0.000000 0.000000 -1.000000
vn 0.000000 0.000000 -1.000000
vn 0.000000 0.000000 -1.000000
vn 0.000000 0.000000 -1.000000
vn 0.000000 0.000000 -1.000000
vn 0.000000 0.000000 -1.000000
vn 0.000000 0.000000 -1.000000
vn 0.000000 0.000000 -1.000000
vn 0.000000 0.000000 -1.000000
vn 0.000000 0.000000 -1.000000
vn 0.000000 0.000000 -1.000000
vn 0.000000 0.000000 -1.000000
vn 0.000000 0.000000 -1.000000
vn 0.000000 0.000000 -1.000000
vn 0.000000 0.000000 -1.000000
vn 0.000000 0.000000 1.000000
vn 0.000000 0.000000 1.000000
vn 0.000000 0.000000 1.000000
vn 0.000000 0.000000 1.000000
vn 0.000000 0.000000 1.000000
vn 0.000000 0.000000 1.000000
vn 0.000000 0.000000 1.000000
vn 0.000000 0.000000 1.000000
vn 0.000000 0.000000 1.000000
vn 0.000000 0.000000 1.000000
vn 0.000000 0.000000 1.000000
vn 0.000000 0.000000 1.000000
vn 0.000000 0.000000 1.000000
vn 0.000000 0.000000 1.000000
vn 0.000000 0.000000 1.000000
vn 0.000000 0.000000 1.000000
vn -0.000000 -0.000000 -1.000000
vn 0.000000 -0.000000 -1.000000
vn 0.000000 -0.000000 -1.000000
vn 0.000000 -0.000000 -1.000000
vn 0.000000 -0.000000 -1.000000
vn 0.000000 -0.000000 -1.000000
vn -0.000000 -0.000000 -1.000000
vn 0.000000 -0.000000 -1.000000
vn -0.000000 0.000000 1.000000
vn 0.000000 0.000000 1.000000
vn 0.000000 0.000000 1.000000
vn 0.000000 0.000000 1.000000
vn 0.000000 0.000000 1.000000
vn 0.000000 0.000000 1.000000
vn -0.000000 0.000000 1.000000
vn 0.000000 0.000000 1.000000
vn -0.000000 -0.000000 -1.000000
vn 0.000000 -0.000000 -1.000000
vn 0.000000 -0.000000 -1.000000
vn 0.000000 -0.000000 -1.000000
vn 0.000000 -0.000000 -1.000000
vn 0.000000 -0.000000 -1.000000
vn -0.000000 -0.000000 -1.000000
vn 0.000000 -0.000000 -1.000000
vn -0.000000 0.000000 1.000000
vn 0.000000 0.000000 1.000000
vn 0.000000 0.000000 1.000000
vn 0.000000 0.000000 1.000000
vn 0.000000 0.000000 1.000000
vn 0.000000 0.000000 1.000000
vn -0.000000 0.000000 1.000000
vn 0.000000 0.000000 1.000000
vn -0.000000 -0.000000 -1.000000
vn 0.000000 -0.000000 -1.000000
vn 1.000000 0.000000 0.000000
vn 1.000000 0.000000 0.000000
vn -0.000000 0.000000 1.000000
vn 0.000000 0.000000 1.000000
vn -1.000000 0.000000 0.000000
vn -1.000000 0.000000 0.000000
vn -0.000000 -0.000000 -1.000000
vn 0.000000 -0.000000 -1.000000
vn -0.000000 0.000000 1.000000
vn 0.000000 0.000000 1.000000
vn -0.000000 0.000000 1.000000
vn 0.000000 0.000000 1.000000
vn -0.000000 -0.000000 -1.000000
vn 0.000000 -0.000000 -1.000000
vn -0.000000 0.000000 1.000000
vn 0.000000 0.000000 1.000000
vn -0.000000 -0.000000 -1.000000
vn 0.000000 -0.000000 -1.000000
vn -0.000000 -0.000000 -1.000000
vn 0.000000 -0.000000 -1.000000
vn -0.000000 0.000000 1.000000
vn 0.000000 0.000000 1.000000
vn -0.000000 0.000000 1.000000
vn 0.000000 0.000000 1.000000
vn 0.000000 0.000000 1.000000
vn 0.000000 0.000000 1.000000
vn -0.000000 -0.000000 -1.000000
vn 0.000000 -0.000000 -1.000000
vn 0.000000 0.000000 -1.000000
vn 0.000000 0.000000 -1.000000
vn -0.000000 0.000000 1.000000
vn 0.000000 0.000000 1.000000
vn 0.000000 0.000000 1.000000
vn 0.000000 0.000000 1.000000
vn -0.000000 -0.000000 -1.000000
vn 0.000000 -0.000000 -1.000000
vn 0.000000 0.000000 -1.000000
vn 0.000000 0.000000 -1.000000
vn -0.000000 -0.000001 -1.000000
vn 0.000000 -0.000001 -1.000000
vn 1.000000 0.000000 0.000000
vn 1.000000 0.000000 0.000000
vn -0.000000 0.000001 1.000000
vn 0.000000 0.000001 1.000000
vn -1.000000 0.000000 0.000000
vn -1.000000 0.000000 0.000000
vn 0.000000 -0.000000 -1.000000
vn 0.000000 -0.000000 -1.000000
vn 0.000000 0.000000 1.000000
vn 0.000000 0.000000 1.000000
vn 0.000000 -0.000000 -1.000000
vn 0.000000 -0.000000 -1.000000
vn 0.000000 0.000000 1.000000
vn 0.000000 0.000000 1.000000
vn 0.000000 -0.000000 -1.000000
vn 0.000000 -0.000000 -1.000000
vn 0.000000 0.000000 1.000000
vn 0.000000 0.000000 1.000000
vn 0.000000 0.000000 1.000000
vn 0.000000 0.000000 1.000000
vn 0.000000 -0.000000 -1.000000
vn 0.000000 -0.000000 -1.000000
vn 0.000000 -0.000000 -1.000000
vn 0.000000 -0.000000 -1.000000
vn -0.000000 -0.000001 -1.000000
vn 0.000000 -0.000001 -1.000000
vn 0.000000 0.000000 1.000000
vn 0.000000 0.000000 1.000000
vn -0.000000 0.000001 1.000000
vn 0.000000 0.000001 1.000000
vn 0.000000 -0.000000 -1.000000
vn 0.000000 -0.000000 -1.000000
vn -0.000000 -0.000001 -1.000000
vn 0.000000 -0.000001 -1.000000
vn 0.000000 0.000000 1.000000
vn 0.000000 0.000000 1.000000
vn -0.000000 0.000001 1.000000
vn 0.000000 0.000001 1.000000
vn 0.000000 0.000000 1.000000
vn -0.000000 0.000000 1.000000
vn 0.000000 -0.000000 -1.000000
vn 0.000000 -0.000000 -1.000000
vn 0.000000 -0.000000 -1.000000
vn 0.000000 -0.000000 -1.000000
vn 0.000000 -0.000000 -1.000000
vn 0.000000 -0.000000 -1.000000
vn 0.000000 -0.000000 -1.000000
vn 0.000000 -0.000000 -1.000000
vn 0.000000 -0.000000 -1.000000
vn 0.000000 -0.000000 -1.000000
vn 0.000000 1.000000 0.000000
vn 0.000000 1.000000 0.000000
vn 0.000000 -1.000000 0.000000
vn 0.000000 -1.000000 0.000000
vn 0.000000 -0.000000 -1.000000
vn -0.000000 0.000000 -1.000000
vn 0.000000 0.000000 1.000000
vn -0.000000 0.000000 1.000000
vn 0.000000 0.000001 1.000000
vn 0.000000 0.000001 1.000000
vn 0.000000 0.000000 1.000000
vn 0.000000 0.000000 1.000000
vn 0.000000 0.000000 1.000000
vn 0.000000 0.000000 1.000000
vn 0.000000 -0.000001 1.000000
vn 0.000000 -0.000001 1.000000
vn 0.000000 -0.000000 -1.000000
vn 0.000000 -0.000000 -1.000000
vn 0.000000 0.000000 1.000000
vn -0.000000 0.000000 1.000000
vn 0.000000 0.000000 -1.000000
vn 0.000000 0.000000 -1.000000
vn 0.000000 -0.000000 -1.000000
vn -0.000000 0.000000 -1.000000
vn 0.000000 0.000000 -1.000000
vn 0.000000 0.000000 -1.000000
vn 0.000000 -0.000000 -1.000000
vn -0.000000 0.000000 -1.000000
vn 0.000000 -0.000000 -1.000000
vn 0.000000 -0.000000 -1.000000
vn 0.000000 -0.000000 -1.000000
vn -0.000000 0.000000 -1.000000
vn 0.000000 0.000000 1.000000
vn -0.000000 0.000000 1.000000
vn 0.000000 -0.000000 1.000000
vn 0.000000 0.000000 1.000000
vn 0.000000 0.000000 1.000000
vn -0.000000 0.000000 1.000000
vn 0.000000 -0.000000 1.000000
vn 0.000000 0.000000 1.000000
vn 0.000000 0.000000 1.000000
vn -0.000000 0.000000 1.000000
vn 0.000000 -0.000000 1.000000
vn 0.000000 0.000000 1.000000
vn 0.000000 0.000000 1.000000
vn 0.000000 0.000000 1.000000
vn 0.000000 -0.000000 -1.000000
vn 0.000000 -0.000000 -1.000000
vn 0.000000 -0.000001 -1.000000
vn 0.000000 -0.000001 -1.000000
vn 0.000000 0.000000 1.000000
vn -0.000000 0.000000 1.000000
vn 0.000000 1.000000 0.000000
vn 0.000000 1.000000 0.000000
vn 0.000000 -1.000000 0.000000
vn 0.000000 -1.000000 0.000000
vn 0.000000 -0.000000 -1.000000
vn -0.000000 0.000000 -1.000000
vn 0.000000 0.000000 1.000000
vn 0.000000 0.000000 1.000000
vn 0.000000 0.000000 1.000000
vn 0.000000 0.000000 1.000000
vn 0.000000 0.000000 1.000000
vn 0.000000 0.000000 1.000000
vn 0.000000 0.000000 1.000000
vn 0.000000 0.000000 1.000000
vn 0.000000 -0.000001 1.000000
vn 0.000000 -0.000001 1.000000
vn 0.000000 0.000000 1.000000
vn -0.000000 0.000000 1.000000
vn 0.000000 -0.000000 -1.000000
vn -0.000000 -0.000000 -1.000000
vn 0.000000 -0.000001 -1.000000
vn 0.000000 -0.000001 -1.000000
vn 0.000000 -0.000000 -1.000000
vn 0.000000 -0.000000 -1.000000
vn 0.000000 -0.000000 -1.000000
vn 0.000000 -0.000000 -1.000000
vn 0.000000 -0.000000 -1.000000
vn -0.000000 -0.000000 -1.000000
vn 0.000000 0.000000 1.000000
vn 0.000000 0.000000 1.000000
vn 0.000000 -0.000000 -1.000000
vn -0.000000 -0.000000 -1.000000
vn 0.000000 -0.000000 1.000000
vn 0.000000 0.000000 1.000000
vn 0.000000 0.000000 1.000000
vn -0.000000 0.000000 1.000000
vn 0.000000 -0.000000 1.000000
vn 0.000000 0.000000 1.000000
vn 0.000000 0.000000 1.000000
vn -0.000000 0.000000 1.000000
vn 0.000000 -0.000000 1.000000
vn 0.000000 0.000000 1.000000
vn 0.000000 0.000000 1.000000
vn -0.000000 0.000000 1.000000
vn 0.000000 -0.000000 -1.000000
vn -0.000000 0.000000 -1.000000
vn 0.000000 0.000000 -1.000000
vn 0.000000 0.000000 -1.000000
vn 0.000000 -0.000000 -1.000000
vn -0.000000 0.000000 -1.000000
vn 0.000000 -0.000000 -1.000000
vn 0.000000 -0.000000 -1.000000
vn 0.000000 -0.000000 -1.000000
vn -0.000000 0.000000 -1.000000
vn 0.000000 0.000000 -1.000000
vn 0.000000 0.000000 -1.000000
vn 0.000000 -0.000000 -1.000000
vn 0.000000 -0.000000 -1.000000
vn 0.000000 0.000000 1.000000
vn 0.000000 0.000000 1.000000
vn 0.000000 0.000001 1.000000
vn 0.000000 0.000001 1.000000
vn 0.000000 -0.000000 -1.000000
vn -0.000000 -0.000000 -1.000000
vn -0.000000 -0.476407 -0.879225
vn 0.000000 -0.476407 -0.879225
vn 0.000000 -0.498156 -0.867088
vn 0.000000 -0.498156 -0.867087
vn -0.476289 -0.000000 -0.879289
vn -0.476289 -0.000000 -0.879289
vn -0.498140 -0.000000 -0.867096
vn -0.498140 -0.000000 -0.867096
vn 0.000000 0.484088 -0.875019
vn 0.000000 0.484088 -0.875019
vn 0.000000 0.498156 -0.867088
vn 0.000000 0.498156 -0.867088
vn 0.484085 -0.000000 -0.875021
vn 0.484085 -0.000000 -0.875021
vn 0.498156 -0.000000 -0.867088
vn 0.498156 -0.000000 -0.867088
vn 0.000000 0.475462 -0.879736
vn 0.000000 0.475462 -0.879736
vn 0.000000 0.498156 -0.867088
vn 0.000000 0.498156 -0.867088
vn 0.484085 -0.000000 -0.875021
vn 0.484085 -0.000000 -0.875021
vn 0.498156 -0.000000 -0.867088
vn 0.498156 -0.000000 -0.867088
vn -0.000000 -0.484088 -0.875019
vn 0.000000 -0.484088 -0.875019
vn 0.000000 -0.498156 -0.867088
vn 0.000000 -0.498156 -0.867087
vn -0.476289 -0.000000 -0.879289
vn -0.476289 -0.000000 -0.879289
vn -0.498140 -0.000000 -0.867096
vn -0.498140 -0.000000 -0.867096
vn 0.484055 -0.000000 -0.875038
vn 0.484054 -0.000000 -0.875038
vn 0.490274 -0.000000 -0.871568
vn 0.490275 -0.000000 -0.871568
vn -0.000000 -0.476407 -0.879225
vn 0.000000 -0.476407 -0.879225
vn 0.000000 -0.498156 -0.867088
vn 0.000000 -0.498156 -0.867087
vn -0.476407 -0.000000 -0.879225
vn -0.476407 -0.000000 -0.879225
vn -0.498156 -0.000000 -0.867087
vn -0.498156 -0.000000 -0.867088
vn 0.000000 0.484088 -0.875019
vn 0.000000 0.484088 -0.875019
vn 0.000000 0.498156 -0.867088
vn 0.000000 0.498156 -0.867087
vn 0.484055 -0.000000 -0.875038
vn 0.484054 -0.000000 -0.875038
vn 0.490274 -0.000000 -0.871568
vn 0.490275 -0.000000 -0.871568
vn -0.000000 -0.484088 -0.875019
vn 0.000000 -0.484088 -0.875019
vn 0.000000 -0.498156 -0.867088
vn 0.000000 -0.498156 -0.867087
vn -0.476407 -0.000000 -0.879225
vn -0.476407 -0.000000 -0.879225
vn -0.498156 -0.000000 -0.867088
vn -0.498156 -0.000000 -0.867088
vn 0.000000 0.475462 -0.879736
vn 0.000000 0.475462 -0.879736
vn 0.000000 0.498156 -0.867088
vn 0.000000 0.498156 -0.867087
vn -0.000000 -0.483117 -0.875556
vn 0.000000 -0.483117 -0.875556
vn 0.000000 -0.499140 -0.866521
vn 0.000000 -0.499140 -0.866521
vn -0.476292 -0.000000 -0.879287
vn -0.476292 -0.000000 -0.879287
vn -0.498140 -0.000000 -0.867096
vn -0.498140 -0.000000 -0.867096
vn 0.000000 0.484088 -0.875019
vn 0.000000 0.484088 -0.875019
vn 0.000000 0.490394 -0.871501
vn 0.000000 0.490394 -0.871501
vn 0.484088 -0.000000 -0.875019
vn 0.484088 -0.000000 -0.875019
vn 0.498156 -0.000000 -0.867088
vn 0.498156 -0.000000 -0.867087
vn -0.000000 -0.483117 -0.875556
vn 0.000000 -0.483117 -0.875556
vn 0.000000 -0.499140 -0.866521
vn 0.000000 -0.499140 -0.866521
vn -0.476411 -0.000000 -0.879223
vn -0.476411 -0.000000 -0.879223
vn -0.498156 -0.000000 -0.867088
vn -0.498156 -0.000000 -0.867088
vn 0.000000 0.484088 -0.875019
vn 0.000000 0.484088 -0.875019
vn 0.000000 0.490394 -0.871501
vn 0.000000 0.490394 -0.871501
vn 0.484058 -0.000000 -0.875036
vn 0.484058 -0.000000 -0.875036
vn 0.490274 -0.000000 -0.871568
vn 0.490275 -0.000000 -0.871568
vn -0.000000 -0.476407 -0.879225
vn 0.000000 -0.476407 -0.879225
vn 0.000000 -0.498156 -0.867088
vn 0.000000 -0.498156 -0.867088
vn 0.000000 -0.498156 -0.867088
vn 0.000000 -0.498156 -0.867088
vn 0.000000 -0.476407 -0.879225
vn -0.000000 -0.476407 -0.879225
vn 0.000000 0.484088 -0.875019
vn 0.000000 0.484088 -0.875019
vn 0.000000 0.498156 -0.867088
vn 0.000000 0.498156 -0.867088
vn 0.000000 0.498156 -0.867088
vn 0.000000 0.498156 -0.867088
vn 0.000000 0.484088 -0.875019
vn 0.000000 0.484088 -0.875019
vn 0.000000 0.475462 -0.879736
vn 0.000000 0.475462 -0.879736
vn 0.000000 0.498156 -0.867088
vn 0.000000 0.498156 -0.867088
vn 0.000000 0.498156 -0.867088
vn 0.000000 0.498156 -0.867088
vn 0.000000 0.475462 -0.879736
vn 0.000000 0.475462 -0.879736
vn -0.000000 -0.484088 -0.875019
vn 0.000000 -0.484088 -0.875019
vn 0.000000 -0.498156 -0.867088
vn 0.000000 -0.498156 -0.867088
vn 0.000000 -0.498156 -0.867088
vn 0.000000 -0.498156 -0.867088
vn 0.000000 -0.484088 -0.875019
vn -0.000000 -0.484088 -0.875019
vn -0.000000 -0.476407 -0.879225
vn 0.000000 -0.476407 -0.879225
vn 0.000000 -0.498156 -0.867088
vn 0.000000 -0.498156 -0.867088
vn 0.000000 -0.498156 -0.867088
vn 0.000000 -0.498156 -0.867088
vn 0.000000 -0.476407 -0.879225
vn -0.000000 -0.476407 -0.879225
vn 0.000000 0.484088 -0.875019
vn 0.000000 0.484088 -0.875019
vn 0.000000 0.498156 -0.867088
vn 0.000000 0.498156 -0.867088
vn 0.000000 0.498156 -0.867088
vn 0.000000 0.498156 -0.867088
vn 0.000000 0.484088 -0.875019
vn 0.000000 0.484088 -0.875019
vn -0.000000 -0.484088 -0.875019
vn 0.000000 -0.484088 -0.875019
vn 0.000000 -0.498156 -0.867088
vn 0.000000 -0.498156 -0.867088
vn 0.000000 -0.498156 -0.867088
vn 0.000000 -0.498156 -0.867088
vn 0.000000 -0.484088 -0.875019
vn -0.000000 -0.484088 -0.875019
vn 0.000000 0.475462 -0.879736
vn 0.000000 0.475462 -0.879736
vn 0.000000 0.498156 -0.867088
vn 0.000000 0.498156 -0.867088
vn 0.000000 0.498156 -0.867088
vn 0.000000 0.498156 -0.867088
vn 0.000000 0.475462 -0.879736
vn 0.000000 0.475462 -0.879736
vn -0.000000 -0.483117 -0.875556
vn 0.000000 -0.483117 -0.875556
vn 0.000000 -0.499140 -0.866521
vn 0.000000 -0.499140 -0.866521
vn 0.000000 -0.499140 -0.866521
vn 0.000000 -0.499140 -0.866521
vn 0.000000 -0.483117 -0.875556
vn -0.000000 -0.483117 -0.875556
vn 0.000000 0.484088 -0.875019
vn 0.000000 0.484088 -0.875019
vn 0.000000 0.490394 -0.871501
vn 0.000000 0.490394 -0.871501
vn 0.000000 0.490394 -0.871501
vn 0.000000 0.490394 -0.871501
vn 0.000000 0.484088 -0.875019
vn 0.000000 0.484088 -0.875019
vn -0.000000 -0.483117 -0.875556
vn 0.000000 -0.483117 -0.875556
vn 0.000000 -0.499140 -0.866521
vn 0.000000 -0.499140 -0.866521
vn 0.000000 -0.499140 -0.866521
vn 0.000000 -0.499140 -0.866521
vn 0.000000 -0.483117 -0.875556
vn -0.000000 -0.483117 -0.875556
vn 0.000000 0.484088 -0.875019
vn 0.000000 0.484088 -0.875019
vn 0.000000 0.490394 -0.871501
vn 0.000000 0.490394 -0.871501
vn 0.000000 0.490394 -0.871501
vn 0.000000 0.490394 -0.871501
vn 0.000000 0.484088 -0.875019
vn 0.000000 0.484088 -0.875019
vn -0.476289 -0.000000 -0.879289
vn -0.476292 -0.000000 -0.879287
vn -0.498140 -0.000000 -0.867096
vn -0.498140 0.000000 -0.867096
vn -0.498140 0.000000 -0.867096
vn -0.498140 -0.000000 -0.867096
vn -0.476289 -0.000000 -0.879289
vn -0.476289 -0.000000 -0.879289
vn 0.484085 -0.000000 -0.875021
vn 0.484085 -0.000000 -0.875021
vn 0.498156 0.000000 -0.867088
vn 0.498156 0.000000 -0.867088
vn 0.498156 0.000000 -0.867088
vn 0.498156 0.000000 -0.867088
vn 0.484085 -0.000000 -0.875021
vn 0.484088 -0.000000 -0.875019
vn 0.484085 -0.000000 -0.875021
vn 0.484088 -0.000000 -0.875019
vn 0.498156 0.000000 -0.867088
vn 0.498156 0.000000 -0.867088
vn 0.498156 -0.000000 -0.867087
vn 0.498156 -0.000000 -0.867087
vn 0.484085 -0.000000 -0.875021
vn 0.484085 -0.000000 -0.875021
vn -0.476289 -0.000000 -0.879289
vn -0.476289 -0.000000 -0.879289
vn -0.498141 -0.000000 -0.867096
vn -0.498141 -0.000000 -0.867096
vn -0.498140 0.000000 -0.867096
vn -0.498140 -0.000000 -0.867096
vn -0.476289 -0.000000 -0.879289
vn -0.476292 -0.000000 -0.879287
vn 0.484054 -0.000000 -0.875038
vn 0.484054 -0.000000 -0.875038
vn 0.490275 0.000000 -0.871568
vn 0.490275 0.000000 -0.871568
vn 0.490275 0.000000 -0.871568
vn 0.490275 0.000000 -0.871568
vn 0.484055 -0.000000 -0.875038
vn 0.484058 -0.000000 -0.875036
vn -0.476407 -0.000000 -0.879225
vn -0.476411 -0.000000 -0.879223
vn -0.498156 -0.000000 -0.867088
vn -0.498156 0.000000 -0.867088
vn -0.498156 0.000000 -0.867088
vn -0.498156 -0.000000 -0.867088
vn -0.476407 -0.000000 -0.879225
vn -0.476407 -0.000000 -0.879225
vn 0.484054 -0.000000 -0.875038
vn 0.484058 -0.000000 -0.875036
vn 0.490275 0.000000 -0.871568
vn 0.490275 0.000000 -0.871568
vn 0.490275 -0.000000 -0.871568
vn 0.490275 -0.000000 -0.871568
vn 0.484054 -0.000000 -0.875038
vn 0.484055 -0.000000 -0.875038
vn -0.476407 -0.000000 -0.879225
vn -0.476407 -0.000000 -0.879225
vn -0.498156 -0.000000 -0.867087
vn -0.498156 -0.000000 -0.867087
vn -0.498156 0.000000 -0.867088
vn -0.498156 -0.000000 -0.867088
vn -0.476407 -0.000000 -0.879225
vn -0.476410 -0.000000 -0.879223
vn -0.476292 0.000000 -0.879287
vn -0.476292 0.000000 -0.879287
vn -0.498140 -0.000000 -0.867096
vn -0.498140 0.000000 -0.867096
vn -0.498140 0.000000 -0.867096
vn -0.498140 -0.000000 -0.867096
vn -0.476292 -0.000000 -0.879287
vn -0.476292 -0.000000 -0.879287
vn 0.484088 -0.000000 -0.875019
vn 0.484088 -0.000000 -0.875019
vn 0.498156 0.000000 -0.867088
vn 0.498156 0.000000 -0.867088
vn 0.498156 0.000000 -0.867088
vn 0.498156 0.000000 -0.867088
vn 0.484088 0.000000 -0.875019
vn 0.484088 0.000000 -0.875019
vn -0.476411 0.000000 -0.879223
vn -0.476411 0.000000 -0.879223
vn -0.498156 -0.000000 -0.867088
vn -0.498156 0.000000 -0.867088
vn -0.498156 0.000000 -0.867088
vn -0.498156 -0.000000 -0.867088
vn -0.476411 -0.000000 -0.879223
vn -0.476410 -0.000000 -0.879223
vn 0.484058 -0.000000 -0.875036
vn 0.484058 -0.000000 -0.875036
vn 0.490275 0.000000 -0.871568
vn 0.490275 0.000000 -0.871568
vn 0.490275 0.000000 -0.871568
vn 0.490275 0.000000 -0.871568
vn 0.484058 0.000000 -0.875036
vn 0.484058 0.000000 -0.875036
vn -0.000000 0.000000 -1.000000
vn -0.000000 0.000000 -1.000000
vn -0.000000 0.000000 -1.000000
vn 0.000000 0.000000 -1.000000
vn 0.000000 0.000000 -1.000000
vn 0.000000 0.000000 -1.000000
vn 0.000000 0.000000 -1.000000
vn 0.000000 0.000000 -1.000000
vn 0.000000 0.000000 -1.000000
vn 0.000000 0.000000 -1.000000
vn 0.000000 0.000000 -1.000000
vn 0.000000 0.000000 -1.000000
vn 0.000000 0.000000 -1.000000
vn 0.000000 -0.000000 -1.000000
vn 0.000000 -0.000000 -1.000000
vn 0.000000 -0.000000 -1.000000
vn 0.000000 -0.000000 -1.000000
vn -0.000000 0.000000 -1.000000
vn 0.000000 1.000000 0.000000
vn 0.000000 1.000000 0.000000
vn 0.000000 1.000000 -0.000000
vn 0.000000 -1.000000 0.000000
vn 0.000000 -1.000000 0.000000
vn 0.000000 -1.000000 -0.000000
vn 0.000000 1.000000 0.000000
vn 0.000000 1.000000 0.000000
vn 0.000000 1.000000 -0.000000
vn 0.000000 -1.000000 0.000000
vn 0.000000 -1.000000 0.000000
vn 0.000000 -1.000000 -0.000000
vn 0.000000 1.000000 0.000000
vn 0.000000 1.000000 0.000000
vn 0.000000 1.000000 -0.000000
vn 0.000000 -1.000000 0.000000
vn 0.000000 -1.000000 0.000000
vn 0.000000 -1.000000 -0.000000
vn 0.000000 1.000000 0.000000
vn 0.000000 1.000000 0.000000
vn 0.000000 1.000000 -0.000000
vn 0.000000 1.000000 0.000000
vn 0.000000 1.000000 -0.000000
vn 0.000000 -1.000000 0.000000
vn 0.000000 -1.000000 0.000000
vn -0.000000 -1.000000 -0.000000
vn 0.000000 -1.000000 0.000000
vn 0.000000 -1.000000 0.000000
vn 0.000000 1.000000 0.000000
vn 0.000000 1.000000 0.000000
vn 0.000000 1.000000 -0.000000
vn 0.000000 1.000000 0.000000
vn 0.000000 1.000000 -0.000000
vn 0.000000 -1.000000 0.000000
vn 0.000000 -1.000000 0.000000
vn -0.000000 -1.000000 -0.000000
vn 0.000000 -1.000000 0.000000
vn 0.000000 -1.000000 0.000000
vn 0.000000 1.000000 0.000000
vn 0.000000 1.000000 0.000000
vn 0.000000 1.000000 -0.000000
vn 0.000000 1.000000 0.000000
vn 0.000000 1.000000 -0.000000
vn 0.000000 -1.000000 0.000000
vn 0.000000 -1.000000 0.000000
vn -0.000000 -1.000000 -0.000000
vn 0.000000 -1.000000 0.000000
vn 0.000000 -1.000000 0.000000
vn 0.192079 -0.000000 0.981379
vn 0.192079 0.000000 0.981379
vn 0.597857 -0.000000 0.801603
vn 0.597857 0.000000 0.801603
vn 0.856239 -0.000000 0.516580
vn 0.856239 0.000000 0.516580
vn 0.601159 -0.000000 0.799129
vn 0.601159 0.000000 0.799129
vn 0.107079 -0.000000 0.994251
vn 0.107079 0.000000 0.994251
vn -0.363067 0.000000 0.931763
vn -0.363067 0.000000 0.931763
vn 0.049496 -0.000000 0.998774
vn 0.049496 0.000000 0.998774
vn 0.696209 -0.000000 0.717839
vn 0.696209 0.000000 0.717839
vn 0.823469 -0.000000 0.567361
vn 0.823469 0.000000 0.567361
vn 0.461348 -0.000000 0.887219
vn 0.461348 0.000000 0.887219
vn 0.063376 -0.000000 0.997990
vn 0.063376 0.000000 0.997990
vn -0.427037 0.000000 0.904234
vn -0.427037 0.000000 0.904234
vn -0.336088 0.000000 0.941830
vn -0.336088 0.000000 0.941830
vn -0.146097 0.000000 0.989270
vn -0.146097 0.000000 0.989270
vn 0.643023 -0.000000 0.765847
vn 0.643023 0.000000 0.765847
vn 0.887698 -0.000000 0.460427
vn 0.887698 0.000000 0.460427
vn 0.287098 -0.000000 0.957901
vn 0.287098 0.000000 0.957901
vn -0.231445 0.000000 0.972848
vn -0.231445 0.000000 0.972848
vn -1.000000 0.000000 0.000000
vn -1.000000 0.000000 0.000000
vn 1.000000 -0.000000 0.000000
vn 1.000000 0.000000 0.000000
vn 0.192079 0.000000 -0.981379
vn 0.192079 0.000000 -0.981379
vn 0.597856 0.000000 -0.801603
vn 0.597856 0.000000 -0.801603
vn 0.856239 0.000000 -0.516580
vn 0.856239 0.000000 -0.516580
vn 0.601159 0.000000 -0.799129
vn 0.601159 0.000000 -0.799129
vn 0.107081 0.000000 -0.994250
vn 0.107081 0.000000 -0.994250
vn -0.363067 0.000000 -0.931763
vn -0.363067 -0.000000 -0.931763
vn 0.049496 0.000000 -0.998774
vn 0.049496 0.000000 -0.998774
vn 0.696209 0.000000 -0.717839
vn 0.696209 0.000000 -0.717839
vn 0.823469 0.000000 -0.567361
vn 0.823469 0.000000 -0.567361
vn 0.461348 0.000000 -0.887219
vn 0.461348 0.000000 -0.887219
vn 0.063376 0.000000 -0.997990
vn 0.063376 0.000000 -0.997990
vn -0.427037 0.000000 -0.904234
vn -0.427037 -0.000000 -0.904234
vn -0.336088 0.000000 -0.941830
vn -0.336088 -0.000000 -0.941830
vn -0.146099 0.000000 -0.989270
vn -0.146099 -0.000000 -0.989270
vn 0.642803 0.000000 -0.766032
vn 0.642803 0.000000 -0.766032
vn 0.887742 0.000000 -0.460342
vn 0.887742 0.000000 -0.460342
vn 0.287099 0.000000 -0.957901
vn 0.287099 0.000000 -0.957901
vn -0.231445 0.000000 -0.972848
vn -0.231445 -0.000000 -0.972848
vn -1.000000 0.000000 -0.000000
vn -1.000000 -0.000000 0.000000
vn 1.000000 0.000000 -0.000000
vn 1.000000 0.000000 0.000000
vn 0.000000 0.192075 0.981380
vn 0.000000 0.192075 0.981380
vn 0.000000 0.597845 0.801612
vn 0.000000 0.597845 0.801612
vn 0.000000 0.856256 0.516551
vn 0.000000 0.856257 0.516551
vn 0.000000 0.600985 0.799260
vn 0.000001 0.601169 0.799122
vn 0.000000 0.107120 0.994246
vn 0.000000 0.107076 0.994251
vn 0.000000 -0.363067 0.931763
vn 0.000000 -0.363067 0.931763
vn 0.000000 0.049497 0.998774
vn 0.000000 0.049497 0.998774
vn 0.000000 0.696232 0.717817
vn 0.000000 0.696232 0.717817
vn 0.000000 0.823238 0.567697
vn 0.000001 0.823451 0.567388
vn 0.000001 0.461367 0.887209
vn 0.000001 0.461347 0.887220
vn 0.000000 0.063397 0.997988
vn 0.000000 0.063375 0.997990
vn 0.000000 -0.427041 0.904232
vn 0.000000 -0.427041 0.904232
vn 0.000000 -0.336095 0.941828
vn 0.000000 -0.336095 0.941828
vn 0.000000 -0.145998 0.989285
vn -0.000000 -0.146091 0.989271
vn 0.000001 0.643033 0.765838
vn 0.000001 0.643032 0.765839
vn 0.000001 0.887917 0.460004
vn 0.000001 0.887890 0.460056
vn 0.000000 0.287099 0.957901
vn 0.000000 0.287070 0.957909
vn 0.000000 -0.231443 0.972848
vn 0.000000 -0.231443 0.972848
vn 0.000000 -1.000000 0.000000
vn 0.000000 -1.000000 0.000000
vn 0.000000 1.000000 0.000000
vn 0.000000 1.000000 0.000000
vn 0.000000 0.192075 -0.981380
vn 0.000000 0.192075 -0.981380
vn 0.000000 0.597845 -0.801612
vn 0.000000 0.597845 -0.801612
vn 0.000000 0.856257 -0.516551
vn 0.000000 0.856257 -0.516551
vn 0.000000 0.601170 -0.799121
vn 0.000000 0.601170 -0.799121
vn 0.000000 0.107074 -0.994251
vn 0.000000 0.107074 -0.994251
vn 0.000000 -0.363067 -0.931763
vn -0.000000 -0.363067 -0.931763
vn 0.000000 0.049497 -0.998774
vn 0.000000 0.049497 -0.998774
vn 0.000000 0.696232 -0.717817
vn 0.000000 0.696232 -0.717817
vn 0.000001 0.823237 -0.567697
vn 0.000000 0.823451 -0.567388
vn 0.000001 0.461369 -0.887209
vn 0.000001 0.461348 -0.887219
vn 0.000000 0.063397 -0.997988
vn 0.000000 0.063375 -0.997990
vn 0.000000 -0.427043 -0.904232
vn -0.000000 -0.427043 -0.904231
vn 0.000000 -0.336093 -0.941829
vn -0.000000 -0.336093 -0.941829
vn -0.000000 -0.146000 -0.989285
vn -0.000000 -0.146094 -0.989271
vn 0.000001 0.643033 -0.765838
vn 0.000001 0.643032 -0.765839
vn 0.000001 0.887917 -0.460004
vn 0.000001 0.887890 -0.460056
vn 0.000000 0.287098 -0.957901
vn 0.000000 0.287070 -0.957910
vn 0.000000 -0.231444 -0.972848
vn -0.000000 -0.231444 -0.972848
vn 0.000000 -1.000000 0.000000
vn 0.000000 -1.000000 0.000000
vn 0.000000 1.000000 0.000000
vn 0.000000 1.000000 0.000000
vn -0.192152 0.000000 0.981365
vn -0.192152 0.000000 0.981365
vn -0.597857 0.000000 0.801603
vn -0.597856 0.000000 0.801603
vn -0.856160 0.000000 0.516710
vn -0.856046 -0.000000 0.516900
vn -0.600944 -0.000000 0.799291
vn -0.601164 0.000000 0.799125
vn -0.107118 0.000000 0.994246
vn -0.107119 0.000000 0.994246
vn 0.362928 0.000000 0.931817
vn 0.362928 0.000000 0.931817
vn -0.049496 0.000000 0.998774
vn -0.049496 0.000000 0.998774
vn -0.696399 0.000000 0.717655
vn -0.696398 0.000000 0.717655
vn -0.823267 0.000000 0.567654
vn -0.823267 0.000000 0.567654
vn -0.461357 0.000000 0.887214
vn -0.461357 0.000000 0.887214
vn -0.063375 0.000000 0.997990
vn -0.063375 0.000000 0.997990
vn 0.427037 0.000000 0.904234
vn 0.427036 0.000000 0.904235
vn 0.336088 0.000000 0.941830
vn 0.336243 -0.000000 0.941775
vn 0.146094 0.000000 0.989271
vn 0.146001 0.000000 0.989285
vn -0.643033 0.000000 0.765839
vn -0.643033 0.000000 0.765839
vn -0.887903 0.000000 0.460030
vn -0.887903 0.000000 0.460030
vn -0.287099 0.000000 0.957901
vn -0.287099 0.000000 0.957901
vn 0.231423 0.000000 0.972853
vn 0.231423 0.000000 0.972853
vn 1.000000 0.000000 0.000000
vn 1.000000 0.000000 0.000000
vn -1.000000 0.000000 0.000000
vn -1.000000 0.000000 0.000000
vn -0.192152 -0.000000 -0.981365
vn -0.192152 -0.000000 -0.981365
vn -0.597857 -0.000000 -0.801603
vn -0.597856 -0.000000 -0.801603
vn -0.856239 -0.000000 -0.516580
vn -0.856239 -0.000000 -0.516580
vn -0.600996 -0.000000 -0.799252
vn -0.600996 -0.000000 -0.799252
vn -0.107118 -0.000000 -0.994246
vn -0.107119 -0.000000 -0.994246
vn 0.362928 -0.000000 -0.931817
vn 0.362928 -0.000000 -0.931817
vn -0.049496 -0.000000 -0.998774
vn -0.049496 -0.000000 -0.998774
vn -0.696399 -0.000000 -0.717655
vn -0.696399 -0.000000 -0.717655
vn -0.823267 -0.000000 -0.567655
vn -0.823267 -0.000000 -0.567654
vn -0.461359 -0.000000 -0.887214
vn -0.461357 -0.000000 -0.887214
vn -0.063375 -0.000000 -0.997990
vn -0.063375 -0.000000 -0.997990
vn 0.427037 -0.000000 -0.904234
vn 0.427037 -0.000000 -0.904234
vn 0.336241 -0.000000 -0.941776
vn 0.336088 -0.000000 -0.941830
vn 0.146003 -0.000000 -0.989284
vn 0.146097 -0.000000 -0.989270
vn -0.643033 -0.000000 -0.765839
vn -0.643034 -0.000000 -0.765838
vn -0.887903 -0.000000 -0.460030
vn -0.887903 -0.000000 -0.460031
vn -0.287099 -0.000000 -0.957901
vn -0.287100 -0.000000 -0.957901
vn 0.231424 -0.000000 -0.972853
vn 0.231424 -0.000000 -0.972853
vn 1.000000 0.000000 0.000000
vn 1.000000 0.000000 0.000000
vn -1.000000 0.000000 0.000000
vn -1.000000 0.000000 0.000000
vn 0.145495 0.048513 0.988169
vn 0.145285 0.048751 0.988188
vn 0.480517 0.160337 0.862204
vn 0.480584 0.160244 0.862184
vn 0.754042 0.251606 0.606724
vn 0.754042 0.251606 0.606724
vn 0.485919 0.162122 0.858836
vn 0.485908 0.162136 0.858839
vn 0.080378 0.027055 0.996397
vn 0.080541 0.026872 0.996389
vn -0.279501 -0.092753 0.955655
vn -0.278644 -0.093790 0.955804
vn 0.037044 0.012410 0.999237
vn 0.037125 0.012320 0.999235
vn 0.574762 0.193913 0.795013
vn 0.575501 0.192795 0.794751
vn 0.717246 0.235354 0.655872
vn 0.714266 0.240978 0.657080
vn 0.362408 0.119681 0.924304
vn 0.362888 0.119076 0.924193
vn 0.047593 0.015852 0.998741
vn 0.047687 0.015748 0.998738
vn -0.331690 -0.110547 0.936889
vn -0.331731 -0.110495 0.936881
vn -0.257298 -0.086503 0.962453
vn -0.257780 -0.085913 0.962377
vn -0.109864 -0.036440 0.993278
vn -0.109543 -0.036828 0.993300
vn 0.524031 0.171816 0.834189
vn 0.522959 0.173455 0.834522
vn 0.793091 0.267110 0.547411
vn 0.795831 0.260933 0.546413
vn 0.218418 0.073519 0.973082
vn 0.218387 0.073552 0.973086
vn -0.175427 -0.058105 0.982776
vn -0.174748 -0.058819 0.982855
vn -0.948703 -0.316169 0.000401
vn -0.949284 -0.314421 0.000412
vn 0.948050 0.318122 -0.000812
vn 0.948644 0.316345 -0.000786
vn 0.145268 0.048745 -0.988191
vn 0.145510 0.048518 -0.988166
vn 0.480590 0.160246 -0.862180
vn 0.480510 0.160335 -0.862208
vn 0.754042 0.251606 -0.606724
vn 0.754042 0.251606 -0.606724
vn 0.485908 0.162136 -0.858840
vn 0.485920 0.162122 -0.858836
vn 0.080554 0.026876 -0.996388
vn 0.080363 0.027050 -0.996399
vn -0.278560 -0.093762 -0.955831
vn -0.279585 -0.092781 -0.955628
vn 0.037132 0.012322 -0.999234
vn 0.037037 0.012407 -0.999237
vn 0.575560 0.192814 -0.794703
vn 0.574696 0.193890 -0.795066
vn 0.713978 0.240881 -0.657429
vn 0.717522 0.235444 -0.655536
vn 0.362932 0.119091 -0.924174
vn 0.362370 0.119669 -0.924320
vn 0.047694 0.015751 -0.998738
vn 0.047585 0.015850 -0.998742
vn -0.331737 -0.110497 -0.936879
vn -0.331687 -0.110546 -0.936890
vn -0.257835 -0.085932 -0.962360
vn -0.257242 -0.086484 -0.962469
vn -0.109497 -0.036813 -0.993305
vn -0.109916 -0.036457 -0.993272
vn 0.522420 0.173831 -0.834781
vn 0.522808 0.173405 -0.834627
vn 0.793091 0.267110 -0.547411
vn 0.795233 0.262290 -0.546634
vn 0.218386 0.073552 -0.973087
vn 0.218418 0.073518 -0.973082
vn -0.174737 -0.058816 -0.982857
vn -0.175442 -0.058110 -0.982773
vn -0.949284 -0.314421 -0.000400
vn -0.948703 -0.316169 -0.000414
vn 0.948644 0.316345 0.000811
vn 0.948050 0.318122 0.000790
vn -0.048684 0.145378 0.988178
vn -0.048286 0.145731 0.988145
vn -0.160587 0.480281 0.862289
vn -0.160786 0.480136 0.862332
vn -0.251605 0.754039 0.606729
vn -0.252048 0.753820 0.606818
vn -0.164075 0.484347 0.859353
vn -0.162094 0.485784 0.858918
vn -0.027070 0.080363 0.996398
vn -0.027188 0.080258 0.996403
vn 0.092675 -0.279559 0.955645
vn 0.093843 -0.278595 0.955813
vn -0.012362 0.037093 0.999235
vn -0.012312 0.037139 0.999234
vn -0.193646 0.574961 0.794934
vn -0.191989 0.576055 0.794544
vn -0.239678 0.714747 0.657032
vn -0.240566 0.714274 0.657221
vn -0.120936 0.361295 0.924576
vn -0.121108 0.361158 0.924607
vn -0.015851 0.047588 0.998741
vn -0.015911 0.047534 0.998743
vn 0.110509 -0.331727 0.936880
vn 0.110497 -0.331737 0.936878
vn 0.085245 -0.258367 0.962278
vn 0.085894 -0.257838 0.962363
vn 0.036720 -0.109653 0.993291
vn 0.036295 -0.110004 0.993268
vn -0.174794 0.521823 0.834954
vn -0.174754 0.521849 0.834946
vn -0.266862 0.793143 0.547457
vn -0.265832 0.793603 0.547291
vn -0.073199 0.218725 0.973037
vn -0.073499 0.218446 0.973077
vn 0.058371 -0.175174 0.982806
vn 0.058563 -0.174991 0.982827
vn 0.316696 -0.948527 0.000411
vn 0.316127 -0.948717 0.000415
vn -0.314521 0.949250 -0.000771
vn -0.315291 0.948995 -0.000782
vn -0.048295 0.145759 -0.988141
vn -0.048675 0.145353 -0.988182
vn -0.160782 0.480124 -0.862340
vn -0.160592 0.480294 -0.862280
vn -0.252041 0.753798 -0.606847
vn -0.251612 0.754061 -0.606700
vn -0.162134 0.485903 -0.858843
vn -0.161966 0.486049 -0.858792
vn -0.026851 0.080579 -0.996387
vn -0.027064 0.080346 -0.996400
vn 0.093811 -0.278501 -0.955843
vn 0.092707 -0.279654 -0.955615
vn -0.012313 0.037143 -0.999234
vn -0.012361 0.037089 -0.999236
vn -0.192018 0.576144 -0.794473
vn -0.193613 0.574863 -0.795013
vn -0.240551 0.714228 -0.657277
vn -0.239693 0.714790 -0.656981
vn -0.121105 0.361147 -0.924612
vn -0.120941 0.361307 -0.924571
vn -0.015910 0.047530 -0.998743
vn -0.015852 0.047593 -0.998741
vn 0.110497 -0.331739 -0.936878
vn 0.110509 -0.331727 -0.936880
vn 0.085873 -0.257775 -0.962381
vn 0.085265 -0.258426 -0.962261
vn 0.036313 -0.110059 -0.993262
vn 0.036702 -0.109600 -0.993298
vn -0.174756 0.521853 -0.834943
vn -0.174793 0.521819 -0.834956
vn -0.265851 0.793659 -0.547201
vn -0.266844 0.793089 -0.547544
vn -0.073496 0.218439 -0.973079
vn -0.073200 0.218731 -0.973036
vn 0.058562 -0.174989 -0.982827
vn 0.058372 -0.175178 -0.982805
vn 0.316127 -0.948717 -0.000411
vn 0.316696 -0.948527 -0.000416
vn -0.315291 0.948995 0.000771
vn -0.314521 0.949250 0.000780
vn 0.048495 0.145528 0.988165
vn 0.048291 0.145746 0.988143
vn 0.160592 0.480294 0.862281
vn 0.160174 0.480668 0.862150
vn 0.251612 0.754060 0.606700
vn 0.252041 0.753798 0.606847
vn 0.161967 0.486049 0.858792
vn 0.162134 0.485903 0.858843
vn 0.027067 0.080343 0.996400
vn 0.026852 0.080580 0.996386
vn -0.093495 -0.278922 0.955752
vn -0.093844 -0.278557 0.955824
vn 0.012408 0.037037 0.999237
vn 0.012413 0.037031 0.999237
vn 0.193630 0.574913 0.794973
vn 0.192816 0.575566 0.794698
vn 0.235111 0.717706 0.655455
vn 0.240533 0.714173 0.657344
vn 0.119583 0.362438 0.924304
vn 0.118936 0.363068 0.924141
vn 0.015850 0.047584 0.998741
vn 0.015740 0.047705 0.998737
vn -0.110521 -0.331713 0.936884
vn -0.110497 -0.331738 0.936878
vn -0.086379 -0.257344 0.962452
vn -0.085910 -0.257847 0.962359
vn -0.036448 -0.109922 0.993272
vn -0.036769 -0.109544 0.993302
vn 0.171774 0.524278 0.834042
vn 0.173361 0.522836 0.834619
vn 0.263725 0.794639 0.546807
vn 0.260884 0.796254 0.545820
vn 0.073456 0.218458 0.973078
vn 0.072737 0.219166 0.972973
vn -0.058117 -0.175433 0.982775
vn -0.058770 -0.174780 0.982852
vn -0.316696 -0.948527 0.000416
vn -0.314471 -0.949267 0.000398
vn 0.314521 0.949250 -0.000780
vn 0.315291 0.948995 -0.000771
vn 0.048286 0.145731 -0.988145
vn 0.048499 0.145542 -0.988163
vn 0.160165 0.480642 -0.862166
vn 0.160602 0.480324 -0.862262
vn 0.252048 0.753820 -0.606818
vn 0.251604 0.754039 -0.606729
vn 0.162138 0.485913 -0.858836
vn 0.161964 0.486039 -0.858798
vn 0.026845 0.080561 -0.996388
vn 0.027072 0.080359 -0.996398
vn -0.093854 -0.278587 -0.955814
vn -0.093485 -0.278892 -0.955761
vn 0.012413 0.037032 -0.999237
vn 0.012407 0.037037 -0.999237
vn 0.192801 0.575521 -0.794735
vn 0.193647 0.574963 -0.794933
vn 0.240629 0.714460 -0.656997
vn 0.235020 0.717429 -0.655791
vn 0.118920 0.363020 -0.924161
vn 0.119598 0.362483 -0.924285
vn 0.015737 0.047697 -0.998738
vn 0.015852 0.047593 -0.998741
vn -0.110497 -0.331737 -0.936878
vn -0.110522 -0.331717 -0.936883
vn -0.085894 -0.257798 -0.962373
vn -0.086394 -0.257389 -0.962438
vn -0.036784 -0.109589 -0.993296
vn -0.036433 -0.109879 -0.993277
vn 0.173412 0.522992 -0.834510
vn 0.171717 0.524102 -0.834165
vn 0.260832 0.796093 -0.546079
vn 0.263776 0.794792 -0.546559
vn 0.072731 0.219149 -0.972977
vn 0.073461 0.218473 -0.973074
vn -0.058774 -0.174792 -0.982850
vn -0.058113 -0.175420 -0.982777
vn -0.314471 -0.949267 -0.000413
vn -0.316696 -0.948527 -0.000399
vn 0.315291 0.948995 0.000782
vn 0.314521 0.949250 0.000771
vn -0.145596 0.048502 0.988154
vn -0.145130 0.048939 0.988202
vn -0.482308 0.158123 0.861612
vn -0.480554 0.160087 0.862230
vn -0.753926 0.251438 0.606938
vn -0.756088 0.247881 0.605711
vn -0.486016 0.162005 0.858803
vn -0.485960 0.162070 0.858822
vn -0.080670 0.026770 0.996381
vn -0.080574 0.026858 0.996387
vn 0.278914 -0.093383 0.955765
vn 0.279554 -0.092770 0.955638
vn -0.037037 0.012407 0.999237
vn -0.037042 0.012402 0.999237
vn -0.576838 0.191213 0.794163
vn -0.575556 0.192813 0.794707
vn -0.715477 0.238571 0.656641
vn -0.716228 0.237418 0.656239
vn -0.361271 0.120928 0.924586
vn -0.361613 0.120577 0.924498
vn -0.047585 0.015850 0.998742
vn -0.047522 0.015907 0.998744
vn 0.331685 -0.110545 0.936891
vn 0.331735 -0.110496 0.936879
vn 0.258462 -0.085315 0.962247
vn 0.257809 -0.085924 0.962368
vn 0.109860 -0.036438 0.993279
vn 0.110008 -0.036312 0.993267
vn -0.521764 0.174866 0.834975
vn -0.523028 0.173478 0.834474
vn -0.794874 0.263448 0.546599
vn -0.793460 0.265923 0.547454
vn -0.219170 0.072732 0.972972
vn -0.219237 0.072663 0.972962
vn 0.174656 -0.058896 0.982866
vn 0.175359 -0.058193 0.982783
vn 0.948644 -0.316345 0.000415
vn 0.947576 -0.319531 0.000440
vn -0.947575 0.319531 -0.000774
vn -0.948644 0.316345 -0.000811
vn -0.145162 0.048950 -0.988196
vn -0.145568 0.048493 -0.988159
vn -0.480679 0.160128 -0.862152
vn -0.482168 0.158077 -0.861699
vn -0.756088 0.247881 -0.605711
vn -0.756088 0.247881 -0.605711
vn -0.487573 0.159849 -0.858325
vn -0.486013 0.162004 -0.858805
vn -0.080580 0.026860 -0.996386
vn -0.080662 0.026768 -0.996382
vn 0.279501 -0.092753 -0.955655
vn 0.278966 -0.093400 -0.955748
vn -0.037042 0.012402 -0.999237
vn -0.037037 0.012408 -0.999237
vn -0.575644 0.192843 -0.794635
vn -0.576740 0.191180 -0.794242
vn -0.716166 0.237398 -0.656314
vn -0.715534 0.238591 -0.656571
vn -0.361587 0.120569 -0.924509
vn -0.361296 0.120936 -0.924575
vn -0.047526 0.015908 -0.998743
vn -0.047580 0.015848 -0.998742
vn 0.331732 -0.110495 -0.936880
vn 0.331691 -0.110547 -0.936889
vn 0.257870 -0.085944 -0.962350
vn 0.258399 -0.085295 -0.962265
vn 0.109993 -0.036307 -0.993269
vn 0.109879 -0.036445 -0.993277
vn -0.522892 0.173433 -0.834569
vn -0.521918 0.174918 -0.834869
vn -0.793600 0.265970 -0.547229
vn -0.794740 0.263404 -0.546815
vn -0.219237 0.072663 -0.972962
vn -0.219172 0.072732 -0.972972
vn 0.175347 -0.058189 -0.982786
vn 0.174671 -0.058900 -0.982864
vn 0.948644 -0.316345 -0.000415
vn 0.947576 -0.319531 -0.000440
vn -0.948644 0.316345 0.000766
vn -0.947575 0.319531 0.000813
vn 0.767445 0.029114 -0.640453
vn 0.779426 -0.000000 -0.626494
vn 0.724639 0.000008 -0.689128
vn 1.000000 0.000000 -0.000000
vn 0.769574 0.029694 -0.637866
vn 0.781795 0.000008 -0.623536
vn 0.831233 -0.000000 -0.555924
vn 1.000000 0.000000 0.000000
vn 0.192079 0.000000 0.981379
vn 0.192079 0.000000 0.981379
vn 0.597857 0.000000 0.801603
vn 0.597856 0.000000 0.801603
vn 0.856239 0.000000 0.516580
vn 0.856239 0.000000 0.516580
vn 0.601159 0.000000 0.799129
vn 0.601159 0.000000 0.799129
vn 0.107079 0.000000 0.994251
vn 0.107080 0.000000 0.994250
vn -0.363067 0.000000 0.931763
vn -0.363067 0.000000 0.931763
vn 0.049496 0.000000 0.998774
vn 0.049496 0.000000 0.998774
vn 0.696209 0.000000 0.717839
vn 0.696209 0.000000 0.717839
vn 0.823469 0.000000 0.567361
vn 0.823469 0.000000 0.567361
vn 0.461348 0.000000 0.887219
vn 0.461348 0.000000 0.887219
vn 0.063376 0.000000 0.997990
vn 0.063375 0.000000 0.997990
vn -0.427037 0.000000 0.904234
vn -0.427036 0.000000 0.904235
vn -0.336089 0.000000 0.941830
vn -0.336090 0.000000 0.941830
vn -0.146097 0.000000 0.989270
vn -0.146097 0.000000 0.989270
vn 0.643023 0.000000 0.765847
vn 0.643023 0.000000 0.765847
vn 0.887698 0.000000 0.460427
vn 0.887698 0.000000 0.460427
vn 0.287098 0.000000 0.957901
vn 0.287098 0.000000 0.957901
vn -0.231445 0.000000 0.972848
vn -0.231445 0.000000 0.972848
vn -1.000000 0.000000 -0.000000
vn -1.000000 -0.000000 0.000000
vn 1.000000 0.000000 -0.000000
vn 1.000000 0.000000 0.000000
vn 0.192079 -0.000000 -0.981379
vn 0.192079 -0.000000 -0.981379
vn 0.597856 -0.000000 -0.801603
vn 0.597857 -0.000000 -0.801603
vn 0.856239 -0.000000 -0.516580
vn 0.856239 -0.000000 -0.516580
vn 0.601159 -0.000000 -0.799129
vn 0.601159 -0.000000 -0.799129
vn 0.107081 -0.000000 -0.994250
vn 0.107079 -0.000000 -0.994251
vn -0.363067 -0.000000 -0.931763
vn -0.363067 -0.000000 -0.931763
vn 0.049496 -0.000000 -0.998774
vn 0.049496 -0.000000 -0.998774
vn 0.696209 -0.000000 -0.717839
vn 0.696209 -0.000000 -0.717839
vn 0.823469 -0.000000 -0.567361
vn 0.823468 -0.000000 -0.567362
vn 0.461348 -0.000000 -0.887219
vn 0.461349 -0.000000 -0.887219
vn 0.063376 -0.000000 -0.997990
vn 0.063376 -0.000000 -0.997990
vn -0.427037 -0.000000 -0.904234
vn -0.427037 -0.000000 -0.904234
vn -0.336088 -0.000000 -0.941830
vn -0.336088 -0.000000 -0.941830
vn -0.146099 -0.000000 -0.989270
vn -0.146099 -0.000000 -0.989270
vn 0.642803 -0.000000 -0.766032
vn 0.642803 -0.000000 -0.766032
vn 0.887742 -0.000000 -0.460342
vn 0.887742 -0.000000 -0.460342
vn 0.287099 -0.000000 -0.957901
vn 0.287098 -0.000000 -0.957901
vn -0.231445 -0.000000 -0.972848
vn -0.231445 -0.000000 -0.972848
vn -1.000000 0.000000 -0.000000
vn -1.000000 -0.000000 0.000000
vn 1.000000 0.000000 -0.000000
vn 1.000000 0.000000 0.000000
vn -0.192152 0.000000 0.981365
vn -0.192152 0.000000 0.981365
vn -0.597857 0.000000 0.801603
vn -0.597857 0.000000 0.801603
vn -0.856160 0.000000 0.516710
vn -0.856160 0.000000 0.516710
vn -0.600944 0.000000 0.799291
vn -0.600944 0.000000 0.799291
vn -0.107118 0.000000 0.994246
vn -0.107118 0.000000 0.994246
vn 0.362928 0.000000 0.931817
vn 0.362928 -0.000000 0.931817
vn -0.049496 0.000000 0.998774
vn -0.049496 0.000000 0.998774
vn -0.696399 0.000000 0.717655
vn -0.696399 0.000000 0.717655
vn -0.823267 0.000000 0.567654
vn -0.823267 0.000000 0.567654
vn -0.461357 0.000000 0.887214
vn -0.461357 0.000000 0.887214
vn -0.063375 0.000000 0.997990
vn -0.063375 0.000000 0.997990
vn 0.427037 0.000000 0.904234
vn 0.427037 -0.000000 0.904234
vn 0.336088 -0.001811 0.941829
vn 0.335808 -0.000000 0.941930
vn 0.146094 0.000000 0.989271
vn 0.146640 -0.002508 0.989187
vn -0.643033 0.000000 0.765839
vn -0.643033 0.000000 0.765839
vn -0.887903 0.000000 0.460030
vn -0.887903 0.000000 0.460030
vn -0.287099 0.000000 0.957901
vn -0.287099 0.000000 0.957901
vn 0.231423 0.000000 0.972853
vn 0.231423 -0.000000 0.972853
vn 1.000000 0.000000 0.000000
vn 1.000000 -0.000000 0.000000
vn -1.000000 0.000000 0.000000
vn -1.000000 0.000000 0.000000
vn -0.192507 0.000000 -0.981296
vn -0.192507 0.000000 -0.981296
vn -0.597856 0.000000 -0.801603
vn -0.597856 0.000000 -0.801603
vn -0.856239 0.000000 -0.516580
vn -0.856239 0.000000 -0.516580
vn -0.600996 0.000000 -0.799252
vn -0.600996 0.000000 -0.799252
vn -0.107119 0.000000 -0.994246
vn -0.106746 0.002954 -0.994282
vn 0.362927 0.002769 -0.931814
vn 0.362568 0.000000 -0.931957
vn -0.049496 0.000000 -0.998774
vn -0.049496 0.000000 -0.998774
vn -0.696399 0.000000 -0.717655
vn -0.696399 0.000000 -0.717655
vn -0.823267 0.000000 -0.567654
vn -0.823133 0.001694 -0.567846
vn -0.461356 0.002646 -0.887211
vn -0.461356 0.002646 -0.887211
vn -0.063375 0.002977 -0.997985
vn -0.063730 0.000000 -0.997967
vn 0.427037 0.000000 -0.904234
vn 0.427037 0.000000 -0.904234
vn 0.336089 0.000000 -0.941830
vn 0.336241 0.000987 -0.941775
vn 0.146097 0.000429 -0.989270
vn 0.146003 0.000000 -0.989284
vn -0.643034 0.000000 -0.765838
vn -0.643034 0.000000 -0.765838
vn -0.887903 0.000000 -0.460031
vn -0.887791 0.001368 -0.460245
vn -0.287099 0.002846 -0.957897
vn -0.287208 0.000000 -0.957868
vn 0.231424 0.000000 -0.972853
vn 0.231513 0.002891 -0.972828
vn 1.000000 0.000000 0.000000
vn 1.000000 0.000000 0.000000
vn -1.000000 0.000000 0.000000
vn -1.000000 0.000000 0.000000
vn 0.724609 0.009234 -0.689099
vn 0.714598 0.000000 -0.699536
vn 1.000000 0.000000 0.000000
vn 1.000000 0.000000 0.000000
vn 0.831233 0.000000 -0.555924
vn 0.839041 0.009049 -0.543993
vn 1.000000 0.000000 0.000000
vn 1.000000 0.000000 0.000000
vn 0.192079 -0.000000 0.981379
vn 0.192079 0.000000 0.981379
vn 0.597857 -0.000000 0.801603
vn 0.597857 0.000000 0.801603
vn 0.856239 -0.000000 0.516580
vn 0.856239 0.000000 0.516580
vn 0.601159 -0.000000 0.799129
vn 0.601159 0.000000 0.799129
vn 0.107079 -0.000000 0.994251
vn 0.107079 0.000000 0.994251
vn -0.363067 0.000000 0.931763
vn -0.363067 0.000000 0.931763
vn 0.049496 -0.000000 0.998774
vn 0.049496 0.000000 0.998774
vn 0.696209 -0.000000 0.717839
vn 0.696209 0.000000 0.717839
vn 0.823469 -0.000000 0.567361
vn 0.823469 0.000000 0.567361
vn 0.461348 -0.000000 0.887219
vn 0.461348 0.000000 0.887219
vn 0.063376 -0.000000 0.997990
vn 0.063376 0.000000 0.997990
vn -0.427037 0.000000 0.904234
vn -0.427037 0.000000 0.904234
vn -0.336089 0.000000 0.941830
vn -0.336089 0.000000 0.941830
vn -0.146097 0.000000 0.989270
vn -0.146097 0.000000 0.989270
vn 0.643023 -0.000000 0.765847
vn 0.643023 0.000000 0.765847
vn 0.887698 -0.000000 0.460427
vn 0.887698 0.000000 0.460427
vn 0.287098 -0.000000 0.957901
vn 0.287098 0.000000 0.957901
vn -0.231445 0.000000 0.972848
vn -0.231445 0.000000 0.972848
vn -1.000000 0.000000 0.000000
vn -1.000000 0.000000 0.000000
vn 1.000000 -0.000000 0.000000
vn 1.000000 0.000000 0.000000
vn 0.192079 0.000000 -0.981379
vn 0.192079 0.000000 -0.981379
vn 0.597856 0.000000 -0.801603
vn 0.597856 0.000000 -0.801603
vn 0.856239 0.000000 -0.516580
vn 0.856239 0.000000 -0.516580
vn 0.601159 0.000000 -0.799129
vn 0.601159 0.000000 -0.799129
vn 0.107081 0.000000 -0.994250
vn 0.107081 0.000000 -0.994250
vn -0.363067 0.000000 -0.931763
vn -0.363067 0.000000 -0.931763
vn 0.049496 0.000000 -0.998774
vn 0.049496 0.000000 -0.998774
vn 0.696209 0.000000 -0.717839
vn 0.696209 0.000000 -0.717839
vn 0.823469 0.000000 -0.567361
vn 0.823469 0.000000 -0.567361
vn 0.461348 0.000000 -0.887219
vn 0.461348 0.000000 -0.887219
vn 0.063376 0.000000 -0.997990
vn 0.063376 0.000000 -0.997990
vn -0.427037 0.000000 -0.904234
vn -0.427037 0.000000 -0.904234
vn -0.336089 0.000000 -0.941830
vn -0.336089 0.000000 -0.941830
vn -0.146099 0.000000 -0.989270
vn -0.146099 0.000000 -0.989270
vn 0.642803 0.000000 -0.766032
vn 0.642803 0.000000 -0.766032
vn 0.887742 0.000000 -0.460342
vn 0.887742 0.000000 -0.460342
vn 0.287099 0.000000 -0.957901
vn 0.287099 0.000000 -0.957901
vn -0.231445 0.000000 -0.972848
vn -0.231445 0.000000 -0.972848
vn -1.000000 0.000000 0.000000
vn -1.000000 0.000000 0.000000
vn 1.000000 0.000000 0.000000
vn 1.000000 0.000000 0.000000
vn -0.192152 0.000000 0.981365
vn -0.192152 0.000000 0.981365
vn -0.597857 0.000000 0.801603
vn -0.597857 0.000000 0.801603
vn -0.856160 0.000000 0.516710
vn -0.856160 0.000000 0.516710
vn -0.600944 0.000000 0.799291
vn -0.600944 0.000000 0.799291
vn -0.107118 0.000000 0.994246
vn -0.107118 0.000000 0.994246
vn 0.362928 0.000000 0.931817
vn 0.362928 0.000000 0.931817
vn -0.049496 0.000000 0.998774
vn -0.049496 0.000000 0.998774
vn -0.696398 0.000000 0.717655
vn -0.696398 0.000000 0.717655
vn -0.823267 0.000000 0.567654
vn -0.823267 0.000000 0.567654
vn -0.461357 0.000000 0.887214
vn -0.461357 0.000000 0.887214
vn -0.063375 0.000000 0.997990
vn -0.063375 0.000000 0.997990
vn 0.427037 0.000000 0.904234
vn 0.427037 0.000000 0.904234
vn 0.336089 0.000000 0.941830
vn 0.336089 0.000000 0.941830
vn 0.146094 0.000000 0.989271
vn 0.146094 0.000000 0.989271
vn -0.643033 0.000000 0.765839
vn -0.643033 0.000000 0.765839
vn -0.887903 0.000000 0.460030
vn -0.887903 0.000000 0.460030
vn -0.287099 0.000000 0.957901
vn -0.287099 0.000000 0.957901
vn 0.231423 0.000000 0.972853
vn 0.231423 0.000000 0.972853
vn 1.000000 0.000000 0.000000
vn 1.000000 0.000000 0.000000
vn -1.000000 0.000000 0.000000
vn -1.000000 0.000000 0.000000
vn -0.192152 -0.000000 -0.981365
vn -0.192506 0.002454 -0.981293
vn -0.597856 -0.000000 -0.801603
vn -0.597856 0.000000 -0.801603
vn -0.856239 -0.000000 -0.516580
vn -0.856239 0.000000 -0.516580
vn -0.600996 -0.000000 -0.799252
vn -0.600996 0.000000 -0.799252
vn -0.107119 -0.000000 -0.994246
vn -0.107119 0.000000 -0.994246
vn 0.362928 0.000000 -0.931817
vn 0.362928 0.000000 -0.931817
vn -0.049496 -0.000000 -0.998774
vn -0.049496 0.000000 -0.998774
vn -0.696398 -0.000000 -0.717655
vn -0.696398 0.000000 -0.717655
vn -0.823267 -0.000000 -0.567654
vn -0.823267 0.000000 -0.567654
vn -0.461357 -0.000000 -0.887214
vn -0.461357 0.000000 -0.887214
vn -0.063375 -0.000000 -0.997990
vn -0.063375 0.000000 -0.997990
vn 0.427037 0.000000 -0.904234
vn 0.427037 0.000000 -0.904234
vn 0.336089 0.000000 -0.941830
vn 0.336089 0.000000 -0.941830
vn 0.146097 0.000000 -0.989270
vn 0.146097 0.000000 -0.989270
vn -0.643034 -0.000000 -0.765838
vn -0.643034 0.000000 -0.765838
vn -0.887903 -0.000000 -0.460031
vn -0.887903 0.000000 -0.460031
vn -0.287100 -0.000000 -0.957901
vn -0.287100 0.000000 -0.957901
vn 0.231424 0.000000 -0.972853
vn 0.231424 0.000000 -0.972853
vn 1.000000 0.000000 0.000000
vn 1.000000 0.000000 0.000000
vn -1.000000 -0.000000 0.000000
vn -1.000000 0.000000 0.000000
vn 0.724639 0.000000 -0.689128
vn 0.724639 0.000000 -0.689128
vn 1.000000 0.000000 0.000000
vn 1.000000 0.000000 0.000000
vn 0.831233 0.000000 -0.555924
vn 0.831233 0.000000 -0.555924
vn 1.000000 0.000000 0.000000
vn 1.000000 0.000000 0.000000
vn 0.000000 1.000000 0.000000
vn 0.000000 1.000000 0.000000
vn 0.000000 1.000000 0.000000
vn 0.000000 1.000000 0.000000
vn 0.000000 1.000000 0.000000
vn 0.000000 1.000000 0.000000
vn 0.000000 1.000000 0.000000
vn 0.000000 1.000000 0.000000
vn 0.000000 1.000000 0.000000
vn 0.000000 1.000000 0.000000
vn 0.000000 1.000000 0.000000
vn 0.000000 1.000000 0.000000
vn 0.000000 1.000000 0.000000
vn 0.000000 1.000000 0.000000
vn 0.000000 1.000000 -0.000000
vn 0.000000 1.000000 -0.000000
vn 0.000000 1.000000 -0.000000
vn 0.000000 1.000000 -0.000000
vn 0.000000 1.000000 -0.000000
vn 0.000000 1.000000 -0.000000
vn 0.000000 1.000000 -0.000000
vn 0.000000 1.000000 -0.000000
vn 0.000000 1.000000 -0.000000
vn 0.000000 1.000000 0.000000
vn -0.000000 1.000000 0.000000
vn -0.000000 1.000000 0.000000
vn 0.000000 1.000000 0.000000
vn 0.000000 1.000000 0.000000
vn 0.000000 1.000000 0.000000
vn -0.000000 1.000000 0.000000
vn -0.000000 1.000000 0.000000
vn -0.000000 1.000000 0.000000
vn 0.000000 1.000000 0.000000
vn 0.000000 1.000000 0.000000
vn 0.000000 1.000000 0.000000
vn 0.000000 1.000000 0.000000
vn 0.000000 1.000000 0.000000
vn -0.000000 1.000000 0.000000
vn 0.000000 1.000000 0.000000
vn 0.000000 1.000000 0.000000
vn 0.000000 1.000000 0.000000
vn 0.000000 1.000000 0.000000
vn -0.000000 1.000000 0.000000
vn -0.000000 1.000000 0.000000
vn -0.000000 1.000000 0.000000
vn -0.000000 1.000000 0.000000
vn -0.000000 1.000000 0.000000
vn 0.000000 1.000000 0.000000
vn -0.000000 1.000000 0.000000
vn -0.000000 1.000000 0.000000
vn -0.000000 1.000000 0.000000
vn -0.000000 1.000000 0.000000
vn -0.000000 1.000000 0.000000
vn 0.000000 1.000000 0.000000
vn 0.000000 1.000000 0.000000
vn 0.000000 1.000000 0.000000
vn -0.000000 1.000000 0.000000
vn -0.000000 1.000000 0.000000
vn -0.000000 1.000000 0.000000
vn 0.000000 1.000000 0.000000
vn 0.000000 1.000000 0.000000
vn 0.000000 1.000000 0.000000
vn 0.000000 1.000000 0.000000
vn 0.000000 1.000000 0.000000
vn 0.000000 1.000000 0.000000
vn 0.000000 1.000000 0.000000
vn 0.000000 1.000000 0.000000
vn 0.000000 1.000000 0.000000
vn 0.000000 1.000000 0.000000
vn 0.000000 1.000000 0.000000
vn 0.000000 1.000000 0.000000
vn 0.000000 1.000000 0.000000
vn 0.000000 1.000000 -0.000000
vn 0.000000 1.000000 -0.000000
vn 0.000000 1.000000 -0.000000
vn 0.000000 1.000000 -0.000000
vn 0.000000 1.000000 -0.000000
vn 0.000000 1.000000 -0.000000
vn 0.000000 1.000000 -0.000000
vn 0.000000 1.000000 -0.000000
vn 0.000000 1.000000 -0.000000
vn 0.000000 1.000000 -0.000000
vn 0.000000 1.000000 0.000000
vn 0.000000 1.000000 0.000000
usemtl mat0
f 1//1 2//1 3//1
f 1//2 3//2 4//2
f 5//3 1//3 4//3
f 5//4 4//4 6//4
f 7//5 5//5 6//5
f 7//6 6//6 8//6
f 9//7 7//7 8//7
f 9//8 8//8 10//8
f 11//9 9//9 10//9
f 11//10 10//10 12//10
f 13//11 11//11 12//11
f 13//12 12//12 14//12
f 15//13 13//13 14//13
f 15//14 14//14 16//14
f 17//15 15//15 16//15
f 17//16 16//16 18//16
f 19//17 17//17 18//17
f 19//18 18//18 20//18
f 21//19 19//19 20//19
f 21//20 20//20 22//20
f 23//21 21//21 22//21
f 23//22 22//22 24//22
f 25//23 23//23 24//23
f 25//24 24//24 26//24
f 27//25 25//25 26//25
f 27//26 26//26 28//26
f 29//27 27//27 28//27
f 29//28 28//28 30//28
f 31//29 29//29 30//29
f 31//30 30//30 32//30
f 33//31 31//31 32//31
f 33//32 32//32 34//32
f 35//33 33//33 34//33
f 35//34 34//34 36//34
f 2//35 35//35 36//35
f 2//36 36//36 3//36
f 37//37 38//37 39//37
f 37//38 39//38 40//38
f 38//39 41//39 42//39
f 38//40 42//40 39//40
f 41//41 43//41 44//41
f 41//42 44//42 42//42
f 43//43 45//43 46//43
f 43//44 46//44 44//44
f 45//45 47//45 48//45
f 45//46 48//46 46//46
f 47//47 49//47 50//47
f 47//48 50//48 48//48
f 49//49 51//49 52//49
f 49//50 52//50 50//50
f 51//51 53//51 54//51
f 51//52 54//52 52//52
f 53//53 55//53 56//53
f 53//54 56//54 54//54
f 55//55 57//55 58//55
f 55//56 58//56 56//56
f 57//57 59//57 60//57
f 57//58 60//58 58//58
f 59//59 61//59 62//59
f 59//60 62//60 60//60
f 61//61 63//61 64//61
f 61//62 64//62 62//62
f 63//63 65//63 66//63
f 63//64 66//64 64//64
f 65//65 67//65 68//65
f 65//66 68//66 66//66
f 67//67 69//67 70//67
f 67//68 70//68 68//68
f 69//69 71//69 72//69
f 69//70 72//70 70//70
f 71//71 37//71 40//71
f 71//72 40//72 72//72
f 73//73 74//73 75//73
f 74//74 76//74 75//74
f 76//75 77//75 75//75
f 77//76 78//76 75//76
f 78//77 79//77 75//77
f 79//78 80//78 75//78
f 80//79 81//79 75//79
f 81//80 82//80 75//80
f 82//81 83//81 75//81
f 83//82 84//82 75//82
f 84//83 85//83 75//83
f 85//84 86//84 75//84
f 86//85 87//85 75//85
f 87//86 88//86 75//86
f 88//87 89//87 75//87
f 89//88 90//88 75//88
f 90//89 91//89 75//89
f 91//90 73//90 75//90
f 92//91 93//91 94//91
f 92//92 94//92 95//92
f 95//93 94//93 96//93
f 95//94 96//94 97//94
f 97//95 96//95 98//95
f 97//96 98//96 99//96
f 99//97 98//97 100//97
f 99//98 100//98 101//98
f 101//99 100//99 102//99
f 101//100 102//100 103//100
f 103//101 102//101 104//101
f 103//102 104//102 105//102
f 105//103 104//103 106//103
f 105//104 106//104 107//104
f 107//105 106//105 108//105
f 107//106 108//106 109//106
f 109//107 108//107 110//107
f 109//108 110//108 111//108
f 111//109 110//109 112//109
f 111//110 112//110 113//110
f 113//111 112//111 114//111
f 113//112 114//112 115//112
f 115//113 114//113 116//113
f 115//114 116//114 117//114
f 117//115 116//115 118//115
f 117//116 118//116 119//116
f 119//117 118//117 120//117
f 119//118 120//118 121//118
f 121//119 120//119 122//119
f 121//120 122//120 123//120
f 123//121 122//121 124//121
f 123//122 124//122 125//122
f 125//123 124//123 126//123
f 125//124 126//124 127//124
f 127//125 126//125 93//125
f 127//126 93//126 92//126
f 128//127 129//127 130//127
f 128//128 130//128 131//128
f 129//129 132//129 133//129
f 129//130 133//130 130//130
f 132//131 134//131 135//131
f 132//132 135//132 133//132
f 134//133 136//133 137//133
f 134//134 137//134 135//134
f 136//135 138//135 139//135
f 136//136 139//136 137//136
f 140//137 141//137 142//137
f 140//138 142//138 143//138
f 141//139 144//139 145//139
f 141//140 145//140 142//140
f 144//141 146//141 147//141
f 144//142 147//142 145//142
f 146//143 148//143 149//143
f 146//144 149//144 147//144
f 148//145 150//145 151//145
f 148//146 151//146 149//146
f 150//147 152//147 153//147
f 150//148 153//148 151//148
f 152//149 154//149 155//149
f 152//150 155//150 153//150
f 154//151 156//151 157//151
f 154//152 157//152 155//152
f 158//153 159//153 160//153
f 158//154 160//154 161//154
f 159//155 162//155 163//155
f 159//156 163//156 160//156
f 162//157 164//157 165//157
f 162//158 165//158 163//158
f 164//159 166//159 167//159
f 164//160 167//160 165//160
f 166//161 128//161 131//161
f 166//162 131//162 167//162
f 168//163 169//163 170//163
f 168//164 170//164 171//164
f 172//165 139//165 138//165
f 172//166 138//166 173//166
f 174//167 103//167 105//167
f 174//168 105//168 175//168
f 175//169 105//169 107//169
f 175//170 107//170 176//170
f 176//171 107//171 109//171
f 176//172 109//172 177//172
f 177//173 109//173 111//173
f 177//174 111//174 178//174
f 179//175 178//175 111//175
f 179//176 111//176 113//176
f 180//177 179//177 113//177
f 180//178 113//178 115//178
f 181//179 180//179 115//179
f 181//180 115//180 117//180
f 182//181 181//181 117//181
f 182//182 117//182 119//182
f 183//183 158//183 161//183
f 183//184 161//184 184//184
f 185//185 186//185 187//185
f 185//186 187//186 188//186
f 188//187 187//187 189//187
f 188//188 189//188 190//188
f 190//189 189//189 191//189
f 190//190 191//190 192//190
f 192//191 191//191 193//191
f 192//192 193//192 194//192
f 195//193 194//193 193//193
f 195//194 193//194 196//194
f 197//195 195//195 196//195
f 197//196 196//196 198//196
f 169//197 197//197 198//197
f 169//198 198//198 170//198
f 199//199 200//199 201//199
f 199//200 201//200 202//200
f 203//201 140//201 143//201
f 203//202 143//202 204//202
f 205//203 206//203 207//203
f 205//204 207//204 208//204
f 208//205 207//205 209//205
f 208//206 209//206 210//206
f 210//207 209//207 211//207
f 210//208 211//208 212//208
f 212//209 211//209 213//209
f 212//210 213//210 214//210
f 213//211 215//211 216//211
f 213//212 216//212 214//212
f 215//213 217//213 218//213
f 215//214 218//214 216//214
f 217//215 219//215 220//215
f 217//216 220//216 218//216
f 219//217 221//217 222//217
f 219//218 222//218 220//218
f 223//219 224//219 157//219
f 223//220 157//220 156//220
f 225//221 226//221 227//221
f 225//222 227//222 228//222
f 228//223 227//223 229//223
f 228//224 229//224 230//224
f 230//225 229//225 231//225
f 230//226 231//226 232//226
f 232//227 231//227 233//227
f 232//228 233//228 234//228
f 233//229 235//229 236//229
f 233//230 236//230 234//230
f 235//231 237//231 238//231
f 235//232 238//232 236//232
f 237//233 199//233 202//233
f 237//234 202//234 238//234
f 168//235 239//235 240//235
f 168//236 240//236 169//236
f 173//237 241//237 242//237
f 173//238 242//238 172//238
f 175//239 243//239 244//239
f 175//240 244//240 174//240
f 176//241 245//241 243//241
f 176//242 243//242 175//242
f 177//243 246//243 245//243
f 177//244 245//244 176//244
f 178//245 247//245 246//245
f 178//246 246//246 177//246
f 179//247 248//247 247//247
f 179//248 247//248 178//248
f 180//249 249//249 248//249
f 180//250 248//250 179//250
f 181//251 250//251 249//251
f 181//252 249//252 180//252
f 182//253 251//253 250//253
f 182//254 250//254 181//254
f 183//255 184//255 252//255
f 183//256 252//256 253//256
f 188//257 254//257 255//257
f 188//258 255//258 185//258
f 190//259 256//259 254//259
f 190//260 254//260 188//260
f 192//261 257//261 256//261
f 192//262 256//262 190//262
f 194//263 258//263 257//263
f 194//264 257//264 192//264
f 195//265 259//265 258//265
f 195//266 258//266 194//266
f 197//267 260//267 259//267
f 197//268 259//268 195//268
f 169//269 240//269 260//269
f 169//270 260//270 197//270
f 239//271 261//271 262//271
f 239//272 262//272 240//272
f 261//273 200//273 199//273
f 261//274 199//274 262//274
f 241//275 263//275 264//275
f 241//276 264//276 242//276
f 263//277 203//277 204//277
f 263//278 204//278 264//278
f 243//279 265//279 266//279
f 243//280 266//280 244//280
f 265//281 207//281 206//281
f 265//282 206//282 266//282
f 245//283 267//283 265//283
f 245//284 265//284 243//284
f 267//285 209//285 207//285
f 267//286 207//286 265//286
f 246//287 268//287 267//287
f 246//288 267//288 245//288
f 268//289 211//289 209//289
f 268//290 209//290 267//290
f 247//291 269//291 268//291
f 247//292 268//292 246//292
f 269//293 213//293 211//293
f 269//294 211//294 268//294
f 248//295 270//295 269//295
f 248//296 269//296 247//296
f 270//297 215//297 213//297
f 270//298 213//298 269//298
f 249//299 271//299 270//299
f 249//300 270//300 248//300
f 271//301 217//301 215//301
f 271//302 215//302 270//302
f 250//303 272//303 271//303
f 250//304 271//304 249//304
f 272//305 219//305 217//305
f 272//306 217//306 271//306
f 251//307 273//307 272//307
f 251//308 272//308 250//308
f 273//309 221//309 219//309
f 273//310 219//310 272//310
f 253//311 252//311 274//311
f 253//312 274//312 275//312
f 275//313 274//313 224//313
f 275//314 224//314 223//314
f 254//315 276//315 277//315
f 254//316 277//316 255//316
f 276//317 227//317 226//317
f 276//318 226//318 277//318
f 256//319 278//319 276//319
f 256//320 276//320 254//320
f 278//321 229//321 227//321
f 278//322 227//322 276//322
f 257//323 279//323 278//323
f 257//324 278//324 256//324
f 279//325 231//325 229//325
f 279//326 229//326 278//326
f 258//327 280//327 279//327
f 258//328 279//328 257//328
f 280//329 233//329 231//329
f 280//330 231//330 279//330
f 259//331 281//331 280//331
f 259//332 280//332 258//332
f 281//333 235//333 233//333
f 281//334 233//334 280//334
f 260//335 282//335 281//335
f 260//336 281//336 259//336
f 282//337 237//337 235//337
f 282//338 235//338 281//338
f 240//339 262//339 282//339
f 240//340 282//340 260//340
f 262//341 199//341 237//341
f 262//342 237//342 282//342
f 283//343 284//343 285//343
f 283//344 285//344 286//344
f 287//345 283//345 286//345
f 287//346 286//346 288//346
f 289//347 287//347 288//347
f 289//348 288//348 290//348
f 291//349 289//349 290//349
f 291//350 290//350 292//350
f 293//351 291//351 292//351
f 293//352 292//352 294//352
f 295//353 293//353 294//353
f 295//354 294//354 296//354
f 297//355 295//355 296//355
f 297//356 296//356 298//356
f 299//357 297//357 298//357
f 299//358 298//358 300//358
f 301//359 299//359 300//359
f 301//360 300//360 302//360
f 303//361 301//361 302//361
f 303//362 302//362 304//362
f 305//363 303//363 304//363
f 305//364 304//364 306//364
f 307//365 305//365 306//365
f 307//366 306//366 308//366
f 309//367 307//367 308//367
f 309//368 308//368 310//368
f 311//369 309//369 310//369
f 311//370 310//370 312//370
f 313//371 311//371 312//371
f 313//372 312//372 314//372
f 315//373 313//373 314//373
f 315//374 314//374 316//374
f 317//375 315//375 316//375
f 317//376 316//376 318//376
f 284//377 317//377 318//377
f 284//378 318//378 285//378
f 319//379 320//379 321//379
f 319//380 321//380 322//380
f 320//381 323//381 324//381
f 320//382 324//382 321//382
f 323//383 325//383 326//383
f 323//384 326//384 324//384
f 325//385 327//385 328//385
f 325//386 328//386 326//386
f 327//387 329//387 330//387
f 327//388 330//388 328//388
f 329//389 331//389 332//389
f 329//390 332//390 330//390
f 331//391 333//391 334//391
f 331//392 334//392 332//392
f 333//393 335//393 336//393
f 333//394 336//394 334//394
f 335//395 337//395 338//395
f 335//396 338//396 336//396
f 337//397 339//397 340//397
f 337//398 340//398 338//398
f 339//399 341//399 342//399
f 339//400 342//400 340//400
f 341//401 343//401 344//401
f 341//402 344//402 342//402
f 343//403 345//403 346//403
f 343//404 346//404 344//404
f 345//405 347//405 348//405
f 345//406 348//406 346//406
f 347//407 349//407 350//407
f 347//408 350//408 348//408
f 349//409 351//409 352//409
f 349//410 352//410 350//410
f 351//411 353//411 354//411
f 351//412 354//412 352//412
f 353//413 319//413 322//413
f 353//414 322//414 354//414
f 355//415 356//415 357//415
f 356//416 358//416 357//416
f 358//417 359//417 357//417
f 359//418 360//418 357//418
f 360//419 361//419 357//419
f 361//420 362//420 357//420
f 362//421 363//421 357//421
f 363//422 364//422 357//422
f 364//423 365//423 357//423
f 365//424 366//424 357//424
f 366//425 367//425 357//425
f 367//426 368//426 357//426
f 368//427 369//427 357//427
f 369//428 370//428 357//428
f 370//429 371//429 357//429
f 371//430 372//430 357//430
f 372//431 373//431 357//431
f 373//432 355//432 357//432
f 40//433 39//433 74//433
f 40//434 74//434 73//434
f 38//435 37//435 2//435
f 38//436 2//436 1//436
f 39//437 42//437 76//437
f 39//438 76//438 74//438
f 41//439 38//439 1//439
f 41//440 1//440 5//440
f 42//441 44//441 77//441
f 42//442 77//442 76//442
f 43//443 41//443 5//443
f 43//444 5//444 7//444
f 44//445 46//445 78//445
f 44//446 78//446 77//446
f 45//447 43//447 7//447
f 45//448 7//448 9//448
f 46//449 48//449 79//449
f 46//450 79//450 78//450
f 47//451 45//451 9//451
f 47//452 9//452 11//452
f 48//453 50//453 80//453
f 48//454 80//454 79//454
f 49//455 47//455 11//455
f 49//456 11//456 13//456
f 50//457 52//457 81//457
f 50//458 81//458 80//458
f 51//459 49//459 13//459
f 51//460 13//460 15//460
f 52//461 54//461 82//461
f 52//462 82//462 81//462
f 53//463 51//463 15//463
f 53//464 15//464 17//464
f 54//465 56//465 83//465
f 54//466 83//466 82//466
f 55//467 53//467 17//467
f 55//468 17//468 19//468
f 56//469 58//469 84//469
f 56//470 84//470 83//470
f 57//471 55//471 19//471
f 57//472 19//472 21//472
f 58//473 60//473 85//473
f 58//474 85//474 84//474
f 59//475 57//475 21//475
f 59//476 21//476 23//476
f 60//477 62//477 86//477
f 60//478 86//478 85//478
f 61//479 59//479 23//479
f 61//480 23//480 25//480
f 62//481 64//481 87//481
f 62//482 87//482 86//482
f 63//483 61//483 25//483
f 63//484 25//484 27//484
f 64//485 66//485 88//485
f 64//486 88//486 87//486
f 65//487 63//487 27//487
f 65//488 27//488 29//488
f 66//489 68//489 89//489
f 66//490 89//490 88//490
f 67//491 65//491 29//491
f 67//492 29//492 31//492
f 68//493 70//493 90//493
f 68//494 90//494 89//494
f 69//495 67//495 31//495
f 69//496 31//496 33//496
f 70//497 72//497 91//497
f 70//498 91//498 90//498
f 71//499 69//499 33//499
f 71//500 33//500 35//500
f 72//501 40//501 73//501
f 72//502 73//502 91//502
f 37//503 71//503 35//503
f 37//504 35//504 2//504
f 131//505 130//505 374//505
f 131//506 374//506 375//506
f 129//507 128//507 92//507
f 129//508 92//508 95//508
f 130//509 133//509 376//509
f 130//510 376//510 374//510
f 132//511 129//511 95//511
f 132//512 95//512 97//512
f 133//513 135//513 377//513
f 133//514 377//514 376//514
f 134//515 132//515 97//515
f 134//516 97//516 99//516
f 135//517 137//517 378//517
f 135//518 378//518 377//518
f 136//519 134//519 99//519
f 136//520 99//520 101//520
f 137//521 139//521 171//521
f 137//522 171//522 378//522
f 138//523 136//523 101//523
f 138//524 101//524 103//524
f 143//525 142//525 202//525
f 143//526 202//526 201//526
f 141//527 140//527 205//527
f 141//528 205//528 208//528
f 142//529 145//529 238//529
f 142//530 238//530 202//530
f 144//531 141//531 208//531
f 144//532 208//532 210//532
f 145//533 147//533 236//533
f 145//534 236//534 238//534
f 146//535 144//535 210//535
f 146//536 210//536 212//536
f 147//537 149//537 234//537
f 147//538 234//538 236//538
f 148//539 146//539 212//539
f 148//540 212//540 214//540
f 149//541 151//541 232//541
f 149//542 232//542 234//542
f 150//543 148//543 214//543
f 150//544 214//544 216//544
f 151//545 153//545 230//545
f 151//546 230//546 232//546
f 152//547 150//547 216//547
f 152//548 216//548 218//548
f 153//549 155//549 228//549
f 153//550 228//550 230//550
f 154//551 152//551 218//551
f 154//552 218//552 220//552
f 155//553 157//553 225//553
f 155//554 225//554 228//554
f 156//555 154//555 220//555
f 156//556 220//556 222//556
f 161//557 160//557 379//557
f 161//558 379//558 186//558
f 159//559 158//559 119//559
f 159//560 119//560 121//560
f 160//561 163//561 380//561
f 160//562 380//562 379//562
f 162//563 159//563 121//563
f 162//564 121//564 123//564
f 163//565 165//565 381//565
f 163//566 381//566 380//566
f 164//567 162//567 123//567
f 164//568 123//568 125//568
f 165//569 167//569 382//569
f 165//570 382//570 381//570
f 166//571 164//571 125//571
f 166//572 125//572 127//572
f 167//573 131//573 375//573
f 167//574 375//574 382//574
f 128//575 166//575 127//575
f 128//576 127//576 92//576
f 173//577 138//577 103//577
f 173//578 103//578 174//578
f 139//579 172//579 168//579
f 139//580 168//580 171//580
f 184//581 161//581 186//581
f 184//582 186//582 185//582
f 158//583 183//583 182//583
f 158//584 182//584 119//584
f 204//585 143//585 201//585
f 204//586 201//586 200//586
f 140//587 203//587 206//587
f 140//588 206//588 205//588
f 221//589 223//589 156//589
f 221//590 156//590 222//590
f 157//591 224//591 226//591
f 157//592 226//592 225//592
f 172//593 242//593 239//593
f 172//594 239//594 168//594
f 241//595 173//595 174//595
f 241//596 174//596 244//596
f 182//597 183//597 253//597
f 182//598 253//598 251//598
f 255//599 252//599 184//599
f 255//600 184//600 185//600
f 242//601 264//601 261//601
f 242//602 261//602 239//602
f 263//603 241//603 244//603
f 263//604 244//604 266//604
f 264//605 204//605 200//605
f 264//606 200//606 261//606
f 203//607 263//607 266//607
f 203//608 266//608 206//608
f 251//609 253//609 275//609
f 251//610 275//610 273//610
f 277//611 274//611 252//611
f 277//612 252//612 255//612
f 273//613 275//613 223//613
f 273//614 223//614 221//614
f 226//615 224//615 274//615
f 226//616 274//616 277//616
f 322//617 321//617 356//617
f 322//618 356//618 355//618
f 320//619 319//619 284//619
f 320//620 284//620 283//620
f 321//621 324//621 358//621
f 321//622 358//622 356//622
f 323//623 320//623 283//623
f 323//624 283//624 287//624
f 324//625 326//625 359//625
f 324//626 359//626 358//626
f 325//627 323//627 287//627
f 325//628 287//628 289//628
f 326//629 328//629 360//629
f 326//630 360//630 359//630
f 327//631 325//631 289//631
f 327//632 289//632 291//632
f 328//633 330//633 361//633
f 328//634 361//634 360//634
f 329//635 327//635 291//635
f 329//636 291//636 293//636
f 330//637 332//637 362//637
f 330//638 362//638 361//638
f 331//639 329//639 293//639
f 331//640 293//640 295//640
f 332//641 334//641 363//641
f 332//642 363//642 362//642
f 333//643 331//643 295//643
f 333//644 295//644 297//644
f 334//645 336//645 364//645
f 334//646 364//646 363//646
f 335//647 333//647 297//647
f 335//648 297//648 299//648
f 336//649 338//649 365//649
f 336//650 365//650 364//650
f 337//651 335//651 299//651
f 337//652 299//652 301//652
f 338//653 340//653 366//653
f 338//654 366//654 365//654
f 339//655 337//655 301//655
f 339//656 301//656 303//656
f 340//657 342//657 367//657
f 340//658 367//658 366//658
f 341//659 339//659 303//659
f 341//660 303//660 305//660
f 342//661 344//661 368//661
f 342//662 368//662 367//662
f 343//663 341//663 305//663
f 343//664 305//664 307//664
f 344//665 346//665 369//665
f 344//666 369//666 368//666
f 345//667 343//667 307//667
f 345//668 307//668 309//668
f 346//669 348//669 370//669
f 346//670 370//670 369//670
f 347//671 345//671 309//671
f 347//672 309//672 311//672
f 348//673 350//673 371//673
f 348//674 371//674 370//674
f 349//675 347//675 311//675
f 349//676 311//676 313//676
f 350//677 352//677 372//677
f 350//678 372//678 371//678
f 351//679 349//679 313//679
f 351//680 313//680 315//680
f 352//681 354//681 373//681
f 352//682 373//682 372//682
f 353//683 351//683 315//683
f 353//684 315//684 317//684
f 354//685 322//685 355//685
f 354//686 355//686 373//686
f 319//687 353//687 317//687
f 319//688 317//688 284//688
f 383//689 384//689 385//689
f 383//690 385//690 386//690
f 384//691 387//691 388//691
f 384//692 388//692 385//692
f 387//693 389//693 390//693
f 387//694 390//694 388//694
f 389//695 391//695 392//695
f 389//696 392//696 390//696
f 391//697 393//697 394//697
f 391//698 394//698 392//698
f 393//699 395//699 396//699
f 393//700 396//700 394//700
f 395//701 397//701 398//701
f 395//702 398//702 396//702
f 397//703 399//703 400//703
f 397//704 400//704 398//704
f 399//705 401//705 402//705
f 399//706 402//706 400//706
f 401//707 403//707 404//707
f 401//708 404//708 402//708
f 403//709 405//709 406//709
f 403//710 406//710 404//710
f 405//711 383//711 386//711
f 405//712 386//712 406//712
f 407//713 408//713 409//713
f 407//714 409//714 410//714
f 411//715 412//715 413//715
f 411//716 413//716 414//716
f 415//717 416//717 417//717
f 415//718 417//718 418//718
f 416//719 419//719 420//719
f 416//720 420//720 417//720
f 419//721 421//721 422//721
f 419//722 422//722 420//722
f 421//723 423//723 424//723
f 421//724 424//724 422//724
f 423//725 425//725 426//725
f 423//726 426//726 424//726
f 425//727 427//727 428//727
f 425//728 428//728 426//728
f 427//729 429//729 430//729
f 427//730 430//730 428//730
f 429//731 431//731 432//731
f 429//732 432//732 430//732
f 431//733 433//733 434//733
f 431//734 434//734 432//734
f 433//735 435//735 436//735
f 433//736 436//736 434//736
f 435//737 437//737 438//737
f 435//738 438//738 436//738
f 437//739 415//739 418//739
f 437//740 418//740 438//740
f 439//741 440//741 441//741
f 439//742 441//742 442//742
f 443//743 444//743 445//743
f 443//744 445//744 446//744
f 447//745 448//745 449//745
f 447//746 449//746 450//746
f 448//747 451//747 452//747
f 448//748 452//748 449//748
f 451//749 453//749 454//749
f 451//750 454//750 452//750
f 453//751 455//751 456//751
f 453//752 456//752 454//752
f 455//753 457//753 458//753
f 455//754 458//754 456//754
f 457//755 459//755 460//755
f 457//756 460//756 458//756
f 459//757 461//757 462//757
f 459//758 462//758 460//758
f 461//759 463//759 464//759
f 461//760 464//760 462//760
f 463//761 465//761 466//761
f 463//762 466//762 464//762
f 465//763 467//763 468//763
f 465//764 468//764 466//764
f 467//765 469//765 470//765
f 467//766 470//766 468//766
f 469//767 447//767 450//767
f 469//768 450//768 470//768
f 471//769 472//769 473//769
f 471//770 473//770 474//770
f 475//771 476//771 477//771
f 475//772 477//772 478//772
f 479//773 480//773 481//773
f 479//774 481//774 482//774
f 483//775 484//775 440//775
f 483//776 440//776 485//776
f 480//777 486//777 487//777
f 480//778 487//778 481//778
f 488//779 483//779 485//779
f 488//780 485//780 439//780
f 486//781 489//781 490//781
f 486//782 490//782 487//782
f 491//783 488//783 439//783
f 491//784 439//784 442//784
f 489//785 492//785 493//785
f 489//786 493//786 490//786
f 494//787 491//787 442//787
f 494//788 442//788 441//788
f 492//789 495//789 496//789
f 492//790 496//790 493//790
f 497//791 494//791 441//791
f 497//792 441//792 498//792
f 495//793 499//793 500//793
f 495//794 500//794 496//794
f 501//795 497//795 498//795
f 501//796 498//796 502//796
f 499//797 503//797 445//797
f 499//798 445//798 500//798
f 504//799 501//799 502//799
f 504//800 502//800 505//800
f 503//801 506//801 446//801
f 503//802 446//802 445//802
f 507//803 504//803 505//803
f 507//804 505//804 508//804
f 506//805 509//805 443//805
f 506//806 443//806 446//806
f 510//807 507//807 508//807
f 510//808 508//808 511//808
f 509//809 512//809 513//809
f 509//810 513//810 443//810
f 514//811 510//811 511//811
f 514//812 511//812 515//812
f 512//813 516//813 444//813
f 512//814 444//814 513//814
f 517//815 514//815 515//815
f 517//816 515//816 518//816
f 516//817 479//817 482//817
f 516//818 482//818 444//818
f 484//819 517//819 518//819
f 484//820 518//820 440//820
f 519//821 520//821 521//821
f 519//822 521//822 522//822
f 523//823 524//823 472//823
f 523//824 472//824 525//824
f 520//825 526//825 527//825
f 520//826 527//826 521//826
f 528//827 523//827 525//827
f 528//828 525//828 471//828
f 526//829 529//829 530//829
f 526//830 530//830 527//830
f 531//831 528//831 471//831
f 531//832 471//832 474//832
f 529//833 532//833 533//833
f 529//834 533//834 530//834
f 534//835 531//835 474//835
f 534//836 474//836 473//836
f 532//837 535//837 536//837
f 532//838 536//838 533//838
f 537//839 534//839 473//839
f 537//840 473//840 538//840
f 535//841 539//841 540//841
f 535//842 540//842 536//842
f 541//843 537//843 538//843
f 541//844 538//844 542//844
f 539//845 543//845 477//845
f 539//846 477//846 540//846
f 544//847 541//847 542//847
f 544//848 542//848 545//848
f 543//849 546//849 478//849
f 543//850 478//850 477//850
f 547//851 544//851 545//851
f 547//852 545//852 548//852
f 546//853 549//853 475//853
f 546//854 475//854 478//854
f 550//855 547//855 548//855
f 550//856 548//856 551//856
f 549//857 552//857 553//857
f 549//858 553//858 475//858
f 554//859 550//859 551//859
f 554//860 551//860 555//860
f 552//861 556//861 476//861
f 552//862 476//862 553//862
f 557//863 554//863 555//863
f 557//864 555//864 558//864
f 556//865 519//865 522//865
f 556//866 522//866 476//866
f 524//867 557//867 558//867
f 524//868 558//868 472//868
f 559//869 560//869 561//869
f 559//870 561//870 562//870
f 563//871 564//871 408//871
f 563//872 408//872 565//872
f 560//873 566//873 567//873
f 560//874 567//874 561//874
f 568//875 563//875 565//875
f 568//876 565//876 407//876
f 566//877 569//877 570//877
f 566//878 570//878 567//878
f 571//879 568//879 407//879
f 571//880 407//880 410//880
f 569//881 572//881 573//881
f 569//882 573//882 570//882
f 574//883 571//883 410//883
f 574//884 410//884 409//884
f 572//885 575//885 576//885
f 572//886 576//886 573//886
f 577//887 574//887 409//887
f 577//888 409//888 578//888
f 575//889 579//889 580//889
f 575//890 580//890 576//890
f 581//891 577//891 578//891
f 581//892 578//892 582//892
f 579//893 583//893 413//893
f 579//894 413//894 580//894
f 584//895 581//895 582//895
f 584//896 582//896 585//896
f 583//897 586//897 414//897
f 583//898 414//898 413//898
f 587//899 584//899 585//899
f 587//900 585//900 588//900
f 586//901 589//901 411//901
f 586//902 411//902 414//902
f 590//903 587//903 588//903
f 590//904 588//904 591//904
f 589//905 592//905 593//905
f 589//906 593//906 411//906
f 594//907 590//907 591//907
f 594//908 591//908 595//908
f 592//909 596//909 412//909
f 592//910 412//910 593//910
f 597//911 594//911 595//911
f 597//912 595//912 598//912
f 596//913 559//913 562//913
f 596//914 562//914 412//914
f 564//915 597//915 598//915
f 564//916 598//916 408//916
f 386//917 385//917 560//917
f 386//918 560//918 559//918
f 384//919 383//919 564//919
f 384//920 564//920 563//920
f 385//921 388//921 566//921
f 385//922 566//922 560//922
f 387//923 384//923 563//923
f 387//924 563//924 568//924
f 388//925 390//925 569//925
f 388//926 569//926 566//926
f 389//927 387//927 568//927
f 389//928 568//928 571//928
f 390//929 392//929 572//929
f 390//930 572//930 569//930
f 391//931 389//931 571//931
f 391//932 571//932 574//932
f 392//933 394//933 575//933
f 392//934 575//934 572//934
f 393//935 391//935 574//935
f 393//936 574//936 577//936
f 394//937 396//937 579//937
f 394//938 579//938 575//938
f 395//939 393//939 577//939
f 395//940 577//940 581//940
f 396//941 398//941 583//941
f 396//942 583//942 579//942
f 397//943 395//943 581//943
f 397//944 581//944 584//944
f 398//945 400//945 586//945
f 398//946 586//946 583//946
f 399//947 397//947 584//947
f 399//948 584//948 587//948
f 400//949 402//949 589//949
f 400//950 589//950 586//950
f 401//951 399//951 587//951
f 401//952 587//952 590//952
f 402//953 404//953 592//953
f 402//954 592//954 589//954
f 403//955 401//955 590//955
f 403//956 590//956 594//956
f 404//957 406//957 596//957
f 404//958 596//958 592//958
f 405//959 403//959 594//959
f 405//960 594//960 597//960
f 406//961 386//961 559//961
f 406//962 559//962 596//962
f 383//963 405//963 597//963
f 383//964 597//964 564//964
f 418//965 417//965 480//965
f 418//966 480//966 479//966
f 416//967 415//967 484//967
f 416//968 484//968 483//968
f 417//969 420//969 486//969
f 417//970 486//970 480//970
f 419//971 416//971 483//971
f 419//972 483//972 488//972
f 420//973 422//973 489//973
f 420//974 489//974 486//974
f 421//975 419//975 488//975
f 421//976 488//976 491//976
f 422//977 424//977 492//977
f 422//978 492//978 489//978
f 423//979 421//979 491//979
f 423//980 491//980 494//980
f 424//981 426//981 495//981
f 424//982 495//982 492//982
f 425//983 423//983 494//983
f 425//984 494//984 497//984
f 426//985 428//985 499//985
f 426//986 499//986 495//986
f 427//987 425//987 497//987
f 427//988 497//988 501//988
f 428//989 430//989 503//989
f 428//990 503//990 499//990
f 429//991 427//991 501//991
f 429//992 501//992 504//992
f 430//993 432//993 506//993
f 430//994 506//994 503//994
f 431//995 429//995 504//995
f 431//996 504//996 507//996
f 432//997 434//997 509//997
f 432//998 509//998 506//998
f 433//999 431//999 507//999
f 433//1000 507//1000 510//1000
f 434//1001 436//1001 512//1001
f 434//1002 512//1002 509//1002
f 435//1003 433//1003 510//1003
f 435//1004 510//1004 514//1004
f 436//1005 438//1005 516//1005
f 436//1006 516//1006 512//1006
f 437//1007 435//1007 514//1007
f 437//1008 514//1008 517//1008
f 438//1009 418//1009 479//1009
f 438//1010 479//1010 516//1010
f 415//1011 437//1011 517//1011
f 415//1012 517//1012 484//1012
f 450//1013 449//1013 520//1013
f 450//1014 520//1014 519//1014
f 448//1015 447//1015 524//1015
f 448//1016 524//1016 523//1016
f 449//1017 452//1017 526//1017
f 449//1018 526//1018 520//1018
f 451//1019 448//1019 523//1019
f 451//1020 523//1020 528//1020
f 452//1021 454//1021 529//1021
f 452//1022 529//1022 526//1022
f 453//1023 451//1023 528//1023
f 453//1024 528//1024 531//1024
f 454//1025 456//1025 532//1025
f 454//1026 532//1026 529//1026
f 455//1027 453//1027 531//1027
f 455//1028 531//1028 534//1028
f 456//1029 458//1029 535//1029
f 456//1030 535//1030 532//1030
f 457//1031 455//1031 534//1031
f 457//1032 534//1032 537//1032
f 458//1033 460//1033 539//1033
f 458//1034 539//1034 535//1034
f 459//1035 457//1035 537//1035
f 459//1036 537//1036 541//1036
f 460//1037 462//1037 543//1037
f 460//1038 543//1038 539//1038
f 461//1039 459//1039 541//1039
f 461//1040 541//1040 544//1040
f 462//1041 464//1041 546//1041
f 462//1042 546//1042 543//1042
f 463//1043 461//1043 544//1043
f 463//1044 544//1044 547//1044
f 464//1045 466//1045 549//1045
f 464//1046 549//1046 546//1046
f 465//1047 463//1047 547//1047
f 465//1048 547//1048 550//1048
f 466//1049 468//1049 552//1049
f 466//1050 552//1050 549//1050
f 467//1051 465//1051 550//1051
f 467//1052 550//1052 554//1052
f 468//1053 470//1053 556//1053
f 468//1054 556//1054 552//1054
f 469//1055 467//1055 554//1055
f 469//1056 554//1056 557//1056
f 470//1057 450//1057 519//1057
f 470//1058 519//1058 556//1058
f 447//1059 469//1059 557//1059
f 447//1060 557//1060 524//1060
f 4//1061 3//1061 599//1061
f 6//1062 4//1062 599//1062
f 8//1063 6//1063 599//1063
f 10//1064 8//1064 599//1064
f 12//1065 10//1065 599//1065
f 14//1066 12//1066 599//1066
f 16//1067 14//1067 599//1067
f 18//1068 16//1068 599//1068
f 20//1069 18//1069 599//1069
f 22//1070 20//1070 599//1070
f 24//1071 22//1071 599//1071
f 26//1072 24//1072 599//1072
f 28//1073 26//1073 599//1073
f 30//1074 28//1074 599//1074
f 32//1075 30//1075 599//1075
f 34//1076 32//1076 599//1076
f 36//1077 34//1077 599//1077
f 3//1078 36//1078 599//1078
f 94//1079 93//1079 600//1079
f 96//1080 94//1080 600//1080
f 98//1081 96//1081 600//1081
f 100//1082 98//1082 600//1082
f 102//1083 100//1083 600//1083
f 104//1084 102//1084 600//1084
f 106//1085 104//1085 600//1085
f 108//1086 106//1086 600//1086
f 110//1087 108//1087 600//1087
f 112//1088 110//1088 600//1088
f 114//1089 112//1089 600//1089
f 116//1090 114//1090 600//1090
f 118//1091 116//1091 600//1091
f 120//1092 118//1092 600//1092
f 122//1093 120//1093 600//1093
f 124//1094 122//1094 600//1094
f 126//1095 124//1095 600//1095
f 93//1096 126//1096 600//1096
f 286//1097 285//1097 601//1097
f 288//1098 286//1098 601//1098
f 290//1099 288//1099 601//1099
f 292//1100 290//1100 601//1100
f 294//1101 292//1101 601//1101
f 296//1102 294//1102 601//1102
f 298//1103 296//1103 601//1103
f 300//1104 298//1104 601//1104
f 302//1105 300//1105 601//1105
f 304//1106 302//1106 601//1106
f 306//1107 304//1107 601//1107
f 308//1108 306//1108 601//1108
f 310//1109 308//1109 601//1109
f 312//1110 310//1110 601//1110
f 314//1111 312//1111 601//1111
f 316//1112 314//1112 601//1112
f 318//1113 316//1113 601//1113
f 285//1114 318//1114 601//1114
f 602//1115 603//1115 604//1115
f 602//1116 604//1116 605//1116
f 606//1117 607//1117 608//1117
f 606//1118 608//1118 609//1118
f 604//1119 610//1119 611//1119
f 604//1120 611//1120 605//1120
f 612//1121 613//1121 614//1121
f 612//1122 614//1122 615//1122
f 616//1123 617//1123 613//1123
f 616//1124 613//1124 612//1124
f 605//1125 611//1125 618//1125
f 605//1126 618//1126 602//1126
f 619//1127 620//1127 621//1127
f 619//1128 621//1128 622//1128
f 623//1129 619//1129 622//1129
f 623//1130 622//1130 624//1130
f 625//1131 626//1131 627//1131
f 625//1132 627//1132 628//1132
f 629//1133 625//1133 628//1133
f 629//1134 628//1134 630//1134
f 631//1135 632//1135 633//1135
f 631//1136 633//1136 634//1136
f 635//1137 631//1137 634//1137
f 635//1138 634//1138 636//1138
f 637//1139 638//1139 639//1139
f 637//1140 639//1140 640//1140
f 641//1141 637//1141 640//1141
f 641//1142 640//1142 642//1142
f 643//1143 644//1143 645//1143
f 643//1144 645//1144 646//1144
f 647//1145 643//1145 646//1145
f 647//1146 646//1146 648//1146
f 649//1147 650//1147 651//1147
f 649//1148 651//1148 652//1148
f 653//1149 649//1149 652//1149
f 653//1150 652//1150 654//1150
f 655//1151 656//1151 657//1151
f 655//1152 657//1152 658//1152
f 659//1153 655//1153 658//1153
f 659//1154 658//1154 660//1154
f 661//1155 662//1155 663//1155
f 661//1156 663//1156 664//1156
f 665//1157 661//1157 664//1157
f 665//1158 664//1158 666//1158
f 667//1159 668//1159 669//1159
f 667//1160 669//1160 670//1160
f 671//1161 667//1161 670//1161
f 671//1162 670//1162 672//1162
f 673//1163 674//1163 675//1163
f 673//1164 675//1164 676//1164
f 677//1165 673//1165 676//1165
f 677//1166 676//1166 678//1166
f 679//1167 680//1167 681//1167
f 679//1168 681//1168 682//1168
f 683//1169 684//1169 685//1169
f 683//1170 685//1170 686//1170
f 680//1171 687//1171 688//1171
f 680//1172 688//1172 681//1172
f 689//1173 690//1173 691//1173
f 689//1174 691//1174 692//1174
f 693//1175 694//1175 695//1175
f 693//1176 695//1176 696//1176
f 697//1177 698//1177 699//1177
f 697//1178 699//1178 700//1178
f 701//1179 702//1179 703//1179
f 701//1180 703//1180 704//1180
f 684//1181 705//1181 706//1181
f 684//1182 706//1182 685//1182
f 707//1183 708//1183 709//1183
f 707//1184 709//1184 710//1184
f 711//1185 712//1185 713//1185
f 711//1186 713//1186 714//1186
f 715//1187 716//1187 717//1187
f 715//1188 717//1188 718//1188
f 719//1189 720//1189 721//1189
f 719//1190 721//1190 722//1190
f 723//1191 724//1191 725//1191
f 723//1192 725//1192 726//1192
f 727//1193 728//1193 729//1193
f 727//1194 729//1194 730//1194
f 682//1195 731//1195 732//1195
f 682//1196 732//1196 679//1196
f 733//1197 734//1197 735//1197
f 733//1198 735//1198 736//1198
f 686//1199 737//1199 738//1199
f 686//1200 738//1200 683//1200
f 739//1201 740//1201 741//1201
f 739//1202 741//1202 742//1202
f 743//1203 744//1203 745//1203
f 743//1204 745//1204 746//1204
f 747//1205 748//1205 749//1205
f 747//1206 749//1206 750//1206
f 751//1207 752//1207 753//1207
f 751//1208 753//1208 754//1208
f 755//1209 756//1209 757//1209
f 755//1210 757//1210 758//1210
f 752//1211 759//1211 760//1211
f 752//1212 760//1212 753//1212
f 761//1213 762//1213 763//1213
f 761//1214 763//1214 764//1214
f 756//1215 765//1215 766//1215
f 756//1216 766//1216 757//1216
f 767//1217 768//1217 769//1217
f 767//1218 769//1218 770//1218
f 771//1219 772//1219 773//1219
f 771//1220 773//1220 774//1220
f 775//1221 776//1221 777//1221
f 775//1222 777//1222 778//1222
f 754//1223 779//1223 780//1223
f 754//1224 780//1224 751//1224
f 781//1225 782//1225 783//1225
f 781//1226 783//1226 784//1226
f 758//1227 785//1227 786//1227
f 758//1228 786//1228 755//1228
f 787//1229 788//1229 789//1229
f 787//1230 789//1230 790//1230
f 791//1231 792//1231 793//1231
f 791//1232 793//1232 794//1232
f 795//1233 796//1233 797//1233
f 795//1234 797//1234 798//1234
f 616//1235 799//1235 800//1235
f 616//1236 800//1236 801//1236
f 802//1237 803//1237 804//1237
f 802//1238 804//1238 805//1238
f 799//1239 806//1239 807//1239
f 799//1240 807//1240 800//1240
f 624//1241 808//1241 809//1241
f 624//1242 809//1242 623//1242
f 803//1243 810//1243 811//1243
f 803//1244 811//1244 804//1244
f 812//1245 813//1245 814//1245
f 812//1246 814//1246 815//1246
f 816//1247 817//1247 818//1247
f 816//1248 818//1248 819//1248
f 672//1249 820//1249 821//1249
f 672//1250 821//1250 671//1250
f 692//1251 822//1251 823//1251
f 692//1252 823//1252 689//1252
f 704//1253 824//1253 825//1253
f 704//1254 825//1254 701//1254
f 822//1255 826//1255 827//1255
f 822//1256 827//1256 823//1256
f 828//1257 829//1257 830//1257
f 828//1258 830//1258 831//1258
f 824//1259 832//1259 833//1259
f 824//1260 833//1260 825//1260
f 834//1261 835//1261 836//1261
f 834//1262 836//1262 837//1262
f 838//1263 839//1263 840//1263
f 838//1264 840//1264 841//1264
f 842//1265 843//1265 844//1265
f 842//1266 844//1266 845//1266
f 603//1267 846//1267 847//1267
f 603//1268 847//1268 848//1268
f 630//1269 849//1269 850//1269
f 630//1270 850//1270 629//1270
f 606//1271 851//1271 852//1271
f 606//1272 852//1272 853//1272
f 854//1273 855//1273 856//1273
f 854//1274 856//1274 857//1274
f 858//1275 859//1275 860//1275
f 858//1276 860//1276 861//1276
f 678//1277 862//1277 863//1277
f 678//1278 863//1278 677//1278
f 864//1279 865//1279 866//1279
f 864//1280 866//1280 867//1280
f 868//1281 864//1281 867//1281
f 868//1282 867//1282 869//1282
f 870//1283 871//1283 872//1283
f 870//1284 872//1284 873//1284
f 874//1285 870//1285 873//1285
f 874//1286 873//1286 875//1286
f 876//1287 877//1287 878//1287
f 876//1288 878//1288 879//1288
f 880//1289 881//1289 882//1289
f 880//1290 882//1290 883//1290
f 884//1291 885//1291 886//1291
f 884//1292 886//1292 887//1292
f 888//1293 889//1293 890//1293
f 888//1294 890//1294 891//1294
f 892//1295 893//1295 894//1295
f 892//1296 894//1296 895//1296
f 648//1297 896//1297 897//1297
f 648//1298 897//1298 647//1298
f 898//1299 899//1299 900//1299
f 898//1300 900//1300 901//1300
f 654//1301 902//1301 903//1301
f 654//1302 903//1302 653//1302
f 904//1303 905//1303 906//1303
f 904//1304 906//1304 907//1304
f 908//1305 909//1305 910//1305
f 908//1306 910//1306 911//1306
f 912//1307 913//1307 914//1307
f 912//1308 914//1308 915//1308
f 916//1309 917//1309 918//1309
f 916//1310 918//1310 919//1310
f 920//1311 921//1311 922//1311
f 920//1312 922//1312 923//1312
f 924//1313 925//1313 926//1313
f 924//1314 926//1314 927//1314
f 928//1315 929//1315 930//1315
f 928//1316 930//1316 931//1316
f 932//1317 933//1317 934//1317
f 932//1318 934//1318 935//1318
f 770//1319 936//1319 937//1319
f 770//1320 937//1320 767//1320
f 700//1321 938//1321 939//1321
f 700//1322 939//1322 697//1322
f 940//1323 941//1323 942//1323
f 940//1324 942//1324 943//1324
f 944//1325 945//1325 946//1325
f 944//1326 946//1326 947//1326
f 772//1327 948//1327 949//1327
f 772//1328 949//1328 773//1328
f 950//1329 951//1329 952//1329
f 950//1330 952//1330 953//1330
f 954//1331 955//1331 956//1331
f 954//1332 956//1332 957//1332
f 730//1333 958//1333 959//1333
f 730//1334 959//1334 727//1334
f 960//1335 961//1335 962//1335
f 960//1336 962//1336 963//1336
f 964//1337 965//1337 966//1337
f 964//1338 966//1338 967//1338
f 968//1339 969//1339 970//1339
f 968//1340 970//1340 971//1340
f 972//1341 973//1341 974//1341
f 972//1342 974//1342 975//1342
f 976//1343 977//1343 978//1343
f 976//1344 978//1344 979//1344
f 980//1345 981//1345 982//1345
f 980//1346 982//1346 983//1346
f 984//1347 985//1347 986//1347
f 984//1348 986//1348 987//1348
f 988//1349 989//1349 990//1349
f 988//1350 990//1350 991//1350
f 698//1351 992//1351 993//1351
f 698//1352 993//1352 699//1352
f 837//1353 994//1353 995//1353
f 837//1354 995//1354 834//1354
f 996//1355 997//1355 998//1355
f 996//1356 998//1356 999//1356
f 1000//1357 1001//1357 1002//1357
f 1000//1358 1002//1358 1003//1358
f 728//1359 1004//1359 1005//1359
f 728//1360 1005//1360 729//1360
f 1006//1361 1007//1361 1008//1361
f 1006//1362 1008//1362 1009//1362
f 1010//1363 1011//1363 1012//1363
f 1010//1364 1012//1364 1013//1364
f 839//1365 1014//1365 1015//1365
f 839//1366 1015//1366 840//1366
f 1016//1367 1017//1367 1018//1367
f 1016//1368 1018//1368 1019//1368
f 1020//1369 1021//1369 1022//1369
f 1020//1370 1022//1370 1023//1370
f 1024//1371 1025//1371 1026//1371
f 1024//1372 1026//1372 1027//1372
f 1028//1373 1029//1373 1030//1373
f 1028//1374 1030//1374 1031//1374
f 774//1375 1032//1375 1033//1375
f 774//1376 1033//1376 771//1376
f 883//1377 1034//1377 1035//1377
f 883//1378 1035//1378 880//1378
f 768//1379 1036//1379 1037//1379
f 768//1380 1037//1380 769//1380
f 1038//1381 1039//1381 1040//1381
f 1038//1382 1040//1382 1041//1382
f 1042//1383 1043//1383 1044//1383
f 1042//1384 1044//1384 1045//1384
f 1046//1385 1047//1385 1048//1385
f 1046//1386 1048//1386 1049//1386
f 1050//1387 1051//1387 1052//1387
f 1050//1388 1052//1388 1053//1388
f 1054//1389 1055//1389 1056//1389
f 1054//1390 1056//1390 1057//1390
f 841//1391 1058//1391 1059//1391
f 841//1392 1059//1392 838//1392
f 1060//1393 1061//1393 1062//1393
f 1060//1394 1062//1394 1063//1394
f 835//1395 1064//1395 1065//1395
f 835//1396 1065//1396 836//1396
f 881//1397 1066//1397 1067//1397
f 881//1398 1067//1398 882//1398
f 1068//1399 1069//1399 1070//1399
f 1068//1400 1070//1400 1071//1400
f 1072//1401 1073//1401 1074//1401
f 1072//1402 1074//1402 1075//1402
f 1076//1403 1077//1403 1078//1403
f 1076//1404 1078//1404 1079//1404
f 1080//1405 1081//1405 1082//1405
f 1080//1406 1082//1406 1083//1406
f 1084//1407 1085//1407 1086//1407
f 1084//1408 1086//1408 1087//1408
f 1088//1409 1089//1409 1090//1409
f 1088//1410 1090//1410 1091//1410
f 1092//1411 1093//1411 1094//1411
f 1092//1412 1094//1412 1095//1412
f 1096//1413 1097//1413 1098//1413
f 1096//1414 1098//1414 1099//1414
f 936//1415 1100//1415 1101//1415
f 936//1416 1101//1416 937//1416
f 938//1417 1102//1417 1103//1417
f 938//1418 1103//1418 939//1418
f 941//1419 1104//1419 1105//1419
f 941//1420 1105//1420 942//1420
f 945//1421 1106//1421 1107//1421
f 945//1422 1107//1422 946//1422
f 948//1423 1108//1423 1109//1423
f 948//1424 1109//1424 949//1424
f 951//1425 1110//1425 1111//1425
f 951//1426 1111//1426 952//1426
f 955//1427 1112//1427 1113//1427
f 955//1428 1113//1428 956//1428
f 958//1429 1114//1429 1115//1429
f 958//1430 1115//1430 959//1430
f 1116//1431 1117//1431 1118//1431
f 1116//1432 1118//1432 1119//1432
f 1120//1433 1121//1433 1122//1433
f 1120//1434 1122//1434 1123//1434
f 1124//1435 1125//1435 1126//1435
f 1124//1436 1126//1436 1127//1436
f 1128//1437 1129//1437 1130//1437
f 1128//1438 1130//1438 1131//1438
f 1132//1439 1133//1439 1134//1439
f 1132//1440 1134//1440 1135//1440
f 1136//1441 1137//1441 1138//1441
f 1136//1442 1138//1442 1139//1442
f 1140//1443 1141//1443 1142//1443
f 1140//1444 1142//1444 1143//1444
f 1144//1445 1145//1445 1146//1445
f 1144//1446 1146//1446 1147//1446
f 992//1447 1148//1447 1149//1447
f 992//1448 1149//1448 993//1448
f 994//1449 1150//1449 1151//1449
f 994//1450 1151//1450 995//1450
f 997//1451 1152//1451 1153//1451
f 997//1452 1153//1452 998//1452
f 1001//1453 1154//1453 1155//1453
f 1001//1454 1155//1454 1002//1454
f 1004//1455 1156//1455 1157//1455
f 1004//1456 1157//1456 1005//1456
f 1007//1457 1158//1457 1159//1457
f 1007//1458 1159//1458 1008//1458
f 1011//1459 1160//1459 1161//1459
f 1011//1460 1161//1460 1012//1460
f 1014//1461 1162//1461 1163//1461
f 1014//1462 1163//1462 1015//1462
f 1164//1463 1165//1463 1166//1463
f 1164//1464 1166//1464 1167//1464
f 1168//1465 1169//1465 1170//1465
f 1168//1466 1170//1466 1171//1466
f 1172//1467 1173//1467 1174//1467
f 1172//1468 1174//1468 1175//1468
f 1176//1469 1177//1469 1178//1469
f 1176//1470 1178//1470 1179//1470
f 1032//1471 1180//1471 1181//1471
f 1032//1472 1181//1472 1033//1472
f 1034//1473 1182//1473 1183//1473
f 1034//1474 1183//1474 1035//1474
f 1036//1475 1184//1475 1185//1475
f 1036//1476 1185//1476 1037//1476
f 1039//1477 1186//1477 1187//1477
f 1039//1478 1187//1478 1040//1478
f 1188//1479 1189//1479 1190//1479
f 1188//1480 1190//1480 1191//1480
f 1192//1481 1193//1481 1194//1481
f 1192//1482 1194//1482 1195//1482
f 1196//1483 1197//1483 1198//1483
f 1196//1484 1198//1484 1199//1484
f 1200//1485 1201//1485 1202//1485
f 1200//1486 1202//1486 1203//1486
f 1058//1487 1204//1487 1205//1487
f 1058//1488 1205//1488 1059//1488
f 1061//1489 1206//1489 1207//1489
f 1061//1490 1207//1490 1062//1490
f 1064//1491 1208//1491 1209//1491
f 1064//1492 1209//1492 1065//1492
f 1066//1493 1210//1493 1211//1493
f 1066//1494 1211//1494 1067//1494
f 1069//1495 1212//1495 1213//1495
f 1069//1496 1213//1496 1070//1496
f 1073//1497 1214//1497 1215//1497
f 1073//1498 1215//1498 1074//1498
f 1077//1499 1216//1499 1217//1499
f 1077//1500 1217//1500 1078//1500
f 1081//1501 1218//1501 1219//1501
f 1081//1502 1219//1502 1082//1502
f 1085//1503 1220//1503 1221//1503
f 1085//1504 1221//1504 1086//1504
f 1089//1505 1222//1505 1223//1505
f 1089//1506 1223//1506 1090//1506
f 1093//1507 1224//1507 1225//1507
f 1093//1508 1225//1508 1094//1508
f 1097//1509 1226//1509 1227//1509
f 1097//1510 1227//1510 1098//1510
f 1100//1511 1228//1511 1229//1511
f 1100//1512 1229//1512 1101//1512
f 1102//1513 1230//1513 1231//1513
f 1102//1514 1231//1514 1103//1514
f 1104//1515 1232//1515 1233//1515
f 1104//1516 1233//1516 1105//1516
f 1106//1517 1234//1517 1235//1517
f 1106//1518 1235//1518 1107//1518
f 1108//1519 1236//1519 1237//1519
f 1108//1520 1237//1520 1109//1520
f 1110//1521 1238//1521 1239//1521
f 1110//1522 1239//1522 1111//1522
f 1112//1523 1240//1523 1241//1523
f 1112//1524 1241//1524 1113//1524
f 1114//1525 1242//1525 1243//1525
f 1114//1526 1243//1526 1115//1526
f 1117//1527 1244//1527 1245//1527
f 1117//1528 1245//1528 1118//1528
f 1121//1529 1246//1529 1247//1529
f 1121//1530 1247//1530 1122//1530
f 1125//1531 1248//1531 1249//1531
f 1125//1532 1249//1532 1126//1532
f 1129//1533 1250//1533 1251//1533
f 1129//1534 1251//1534 1130//1534
f 1133//1535 1252//1535 1253//1535
f 1133//1536 1253//1536 1134//1536
f 1137//1537 1254//1537 1255//1537
f 1137//1538 1255//1538 1138//1538
f 1141//1539 1256//1539 1257//1539
f 1141//1540 1257//1540 1142//1540
f 1145//1541 1258//1541 1259//1541
f 1145//1542 1259//1542 1146//1542
f 1148//1543 1260//1543 1261//1543
f 1148//1544 1261//1544 1149//1544
f 1150//1545 1262//1545 1263//1545
f 1150//1546 1263//1546 1151//1546
f 1152//1547 1264//1547 1265//1547
f 1152//1548 1265//1548 1153//1548
f 1154//1549 1266//1549 1267//1549
f 1154//1550 1267//1550 1155//1550
f 1156//1551 1268//1551 1269//1551
f 1156//1552 1269//1552 1157//1552
f 1158//1553 1270//1553 1271//1553
f 1158//1554 1271//1554 1159//1554
f 1160//1555 1272//1555 1273//1555
f 1160//1556 1273//1556 1161//1556
f 1162//1557 1274//1557 1275//1557
f 1162//1558 1275//1558 1163//1558
f 1165//1559 1276//1559 1277//1559
f 1165//1560 1277//1560 1166//1560
f 1169//1561 1278//1561 1279//1561
f 1169//1562 1279//1562 1170//1562
f 1173//1563 1280//1563 1281//1563
f 1173//1564 1281//1564 1174//1564
f 1177//1565 1282//1565 1283//1565
f 1177//1566 1283//1566 1178//1566
f 1180//1567 1284//1567 1285//1567
f 1180//1568 1285//1568 1181//1568
f 1182//1569 1286//1569 1287//1569
f 1182//1570 1287//1570 1183//1570
f 1184//1571 1288//1571 1289//1571
f 1184//1572 1289//1572 1185//1572
f 1186//1573 1290//1573 1291//1573
f 1186//1574 1291//1574 1187//1574
f 1189//1575 1292//1575 1293//1575
f 1189//1576 1293//1576 1190//1576
f 1193//1577 1294//1577 1295//1577
f 1193//1578 1295//1578 1194//1578
f 1197//1579 1296//1579 1297//1579
f 1197//1580 1297//1580 1198//1580
f 1201//1581 1298//1581 1299//1581
f 1201//1582 1299//1582 1202//1582
f 1204//1583 1300//1583 1301//1583
f 1204//1584 1301//1584 1205//1584
f 1206//1585 1302//1585 1303//1585
f 1206//1586 1303//1586 1207//1586
f 1208//1587 1304//1587 1305//1587
f 1208//1588 1305//1588 1209//1588
f 1210//1589 1306//1589 1307//1589
f 1210//1590 1307//1590 1211//1590
f 848//1591 847//1591 690//1591
f 848//1592 690//1592 689//1592
f 1308//1593 731//1593 691//1593
f 1308//1594 691//1594 1009//1594
f 1218//1595 693//1595 696//1595
f 1218//1596 696//1596 1219//1596
f 1214//1597 695//1597 694//1597
f 1214//1598 694//1598 1215//1598
f 853//1599 852//1599 702//1599
f 853//1600 702//1600 701//1600
f 1309//1601 737//1601 703//1601
f 1309//1602 703//1602 1310//1602
f 857//1603 856//1603 708//1603
f 857//1604 708//1604 707//1604
f 740//1605 739//1605 710//1605
f 740//1606 710//1606 709//1606
f 861//1607 860//1607 716//1607
f 861//1608 716//1608 715//1608
f 744//1609 743//1609 718//1609
f 744//1610 718//1610 717//1610
f 1222//1611 723//1611 726//1611
f 1222//1612 726//1612 1223//1612
f 1226//1613 725//1613 724//1613
f 1226//1614 724//1614 1227//1614
f 801//1615 800//1615 752//1615
f 801//1616 752//1616 751//1616
f 680//1617 679//1617 754//1617
f 680//1618 754//1618 753//1618
f 805//1619 804//1619 756//1619
f 805//1620 756//1620 755//1620
f 684//1621 683//1621 758//1621
f 684//1622 758//1622 757//1622
f 800//1623 807//1623 759//1623
f 800//1624 759//1624 752//1624
f 1311//1625 687//1625 760//1625
f 1311//1626 760//1626 1312//1626
f 1234//1627 761//1627 764//1627
f 1234//1628 764//1628 1235//1628
f 1230//1629 763//1629 762//1629
f 1230//1630 762//1630 1231//1630
f 804//1631 811//1631 765//1631
f 804//1632 765//1632 756//1632
f 1313//1633 705//1633 766//1633
f 1313//1634 766//1634 943//1634
f 815//1635 814//1635 768//1635
f 815//1636 768//1636 767//1636
f 712//1637 711//1637 770//1637
f 712//1638 770//1638 769//1638
f 819//1639 818//1639 772//1639
f 819//1640 772//1640 771//1640
f 720//1641 719//1641 774//1641
f 720//1642 774//1642 773//1642
f 1238//1643 775//1643 778//1643
f 1238//1644 778//1644 1239//1644
f 1242//1645 777//1645 776//1645
f 1242//1646 776//1646 1243//1646
f 679//1647 732//1647 779//1647
f 679//1648 779//1648 754//1648
f 1314//1649 1315//1649 780//1649
f 1314//1650 780//1650 957//1650
f 1244//1651 781//1651 784//1651
f 1244//1652 784//1652 1245//1652
f 1248//1653 783//1653 782//1653
f 1248//1654 782//1654 1249//1654
f 683//1655 738//1655 785//1655
f 683//1656 785//1656 758//1656
f 1316//1657 1317//1657 786//1657
f 1316//1658 786//1658 1318//1658
f 742//1659 741//1659 788//1659
f 742//1660 788//1660 787//1660
f 1319//1661 1320//1661 790//1661
f 1319//1662 790//1662 789//1662
f 746//1663 745//1663 792//1663
f 746//1664 792//1664 791//1664
f 1321//1665 1322//1665 794//1665
f 1321//1666 794//1666 793//1666
f 1252//1667 795//1667 798//1667
f 1252//1668 798//1668 1253//1668
f 1256//1669 797//1669 796//1669
f 1256//1670 796//1670 1257//1670
f 682//1671 681//1671 822//1671
f 682//1672 822//1672 692//1672
f 1323//1673 848//1673 689//1673
f 1323//1674 689//1674 823//1674
f 686//1675 685//1675 824//1675
f 686//1676 824//1676 704//1676
f 1324//1677 853//1677 701//1677
f 1324//1678 701//1678 825//1678
f 681//1679 688//1679 826//1679
f 681//1680 826//1680 822//1680
f 1325//1681 1326//1681 827//1681
f 1325//1682 827//1682 1327//1682
f 1260//1683 828//1683 831//1683
f 1260//1684 831//1684 1261//1684
f 1264//1685 830//1685 829//1685
f 1264//1686 829//1686 1265//1686
f 685//1687 706//1687 832//1687
f 685//1688 832//1688 824//1688
f 1328//1689 1329//1689 833//1689
f 1328//1690 833//1690 1003//1690
f 714//1691 713//1691 835//1691
f 714//1692 835//1692 834//1692
f 1330//1693 1331//1693 837//1693
f 1330//1694 837//1694 836//1694
f 722//1695 721//1695 839//1695
f 722//1696 839//1696 838//1696
f 1332//1697 1333//1697 841//1697
f 1332//1698 841//1698 840//1698
f 1268//1699 842//1699 845//1699
f 1268//1700 845//1700 1269//1700
f 1272//1701 844//1701 843//1701
f 1272//1702 843//1702 1273//1702
f 1278//1703 876//1703 879//1703
f 1278//1704 879//1704 1279//1704
f 1282//1705 878//1705 877//1705
f 1282//1706 877//1706 1283//1706
f 1286//1707 888//1707 891//1707
f 1286//1708 891//1708 1287//1708
f 1290//1709 890//1709 889//1709
f 1290//1710 889//1710 1291//1710
f 1294//1711 892//1711 895//1711
f 1294//1712 895//1712 1295//1712
f 1298//1713 894//1713 893//1713
f 1298//1714 893//1714 1299//1714
f 1302//1715 898//1715 901//1715
f 1302//1716 901//1716 1303//1716
f 1306//1717 900//1717 899//1717
f 1306//1718 899//1718 1307//1718
f 1334//1719 904//1719 907//1719
f 1334//1720 907//1720 1335//1720
f 1336//1721 1337//1721 906//1721
f 1336//1722 906//1722 905//1722
f 1338//1723 912//1723 915//1723
f 1338//1724 915//1724 1339//1724
f 1340//1725 1341//1725 914//1725
f 1340//1726 914//1726 913//1726
f 1342//1727 920//1727 923//1727
f 1342//1728 923//1728 1343//1728
f 1344//1729 1345//1729 922//1729
f 1344//1730 922//1730 921//1730
f 1346//1731 928//1731 931//1731
f 1346//1732 931//1732 1347//1732
f 1348//1733 1349//1733 930//1733
f 1348//1734 930//1734 929//1734
f 770//1735 711//1735 1350//1735
f 770//1736 1350//1736 936//1736
f 1351//1737 815//1737 767//1737
f 1351//1738 767//1738 937//1738
f 940//1739 1352//1739 1353//1739
f 940//1740 1353//1740 941//1740
f 1354//1741 1313//1741 943//1741
f 1354//1742 943//1742 942//1742
f 772//1743 818//1743 1355//1743
f 772//1744 1355//1744 948//1744
f 1356//1745 720//1745 773//1745
f 1356//1746 773//1746 949//1746
f 954//1747 1357//1747 1358//1747
f 954//1748 1358//1748 955//1748
f 1359//1749 1314//1749 957//1749
f 1359//1750 957//1750 956//1750
f 1360//1751 964//1751 967//1751
f 1360//1752 967//1752 1361//1752
f 1362//1753 1363//1753 966//1753
f 1362//1754 966//1754 965//1754
f 1364//1755 972//1755 975//1755
f 1364//1756 975//1756 1365//1756
f 1366//1757 1367//1757 974//1757
f 1366//1758 974//1758 973//1758
f 1368//1759 980//1759 983//1759
f 1368//1760 983//1760 1369//1760
f 1370//1761 1371//1761 982//1761
f 1370//1762 982//1762 981//1762
f 1372//1763 988//1763 991//1763
f 1372//1764 991//1764 1373//1764
f 1374//1765 1375//1765 990//1765
f 1374//1766 990//1766 989//1766
f 837//1767 1331//1767 1376//1767
f 837//1768 1376//1768 994//1768
f 1377//1769 714//1769 834//1769
f 1377//1770 834//1770 995//1770
f 1000//1771 1378//1771 1379//1771
f 1000//1772 1379//1772 1001//1772
f 1380//1773 1328//1773 1003//1773
f 1380//1774 1003//1774 1002//1774
f 1006//1775 1381//1775 1382//1775
f 1006//1776 1382//1776 1007//1776
f 1383//1777 1308//1777 1009//1777
f 1383//1778 1009//1778 1008//1778
f 839//1779 721//1779 1384//1779
f 839//1780 1384//1780 1014//1780
f 1385//1781 1332//1781 840//1781
f 1385//1782 840//1782 1015//1782
f 1386//1783 1016//1783 1019//1783
f 1386//1784 1019//1784 1387//1784
f 1388//1785 1389//1785 1018//1785
f 1388//1786 1018//1786 1017//1786
f 1390//1787 1024//1787 1027//1787
f 1390//1788 1027//1788 1391//1788
f 1392//1789 1393//1789 1026//1789
f 1392//1790 1026//1790 1025//1790
f 774//1791 719//1791 1394//1791
f 774//1792 1394//1792 1032//1792
f 1395//1793 819//1793 771//1793
f 1395//1794 771//1794 1033//1794
f 768//1795 814//1795 1396//1795
f 768//1796 1396//1796 1036//1796
f 1397//1797 712//1797 769//1797
f 1397//1798 769//1798 1037//1798
f 1398//1799 1042//1799 1045//1799
f 1398//1800 1045//1800 1399//1800
f 1400//1801 1401//1801 1044//1801
f 1400//1802 1044//1802 1043//1802
f 1402//1803 1050//1803 1053//1803
f 1402//1804 1053//1804 1403//1804
f 1404//1805 1405//1805 1052//1805
f 1404//1806 1052//1806 1051//1806
f 841//1807 1333//1807 1406//1807
f 841//1808 1406//1808 1058//1808
f 1407//1809 722//1809 838//1809
f 1407//1810 838//1810 1059//1810
f 835//1811 713//1811 1408//1811
f 835//1812 1408//1812 1064//1812
f 1409//1813 1330//1813 836//1813
f 1409//1814 836//1814 1065//1814
f 1068//1815 1410//1815 1411//1815
f 1068//1816 1411//1816 1069//1816
f 1412//1817 1413//1817 1071//1817
f 1412//1818 1071//1818 1070//1818
f 1076//1819 1414//1819 1415//1819
f 1076//1820 1415//1820 1077//1820
f 1416//1821 1417//1821 1079//1821
f 1416//1822 1079//1822 1078//1822
f 1084//1823 1418//1823 1419//1823
f 1084//1824 1419//1824 1085//1824
f 1420//1825 1421//1825 1087//1825
f 1420//1826 1087//1826 1086//1826
f 1092//1827 1422//1827 1423//1827
f 1092//1828 1423//1828 1093//1828
f 1424//1829 1425//1829 1095//1829
f 1424//1830 1095//1830 1094//1830
f 936//1831 1350//1831 1426//1831
f 936//1832 1426//1832 1100//1832
f 1427//1833 1351//1833 937//1833
f 1427//1834 937//1834 1101//1834
f 941//1835 1353//1835 1428//1835
f 941//1836 1428//1836 1104//1836
f 1429//1837 1354//1837 942//1837
f 1429//1838 942//1838 1105//1838
f 948//1839 1355//1839 1430//1839
f 948//1840 1430//1840 1108//1840
f 1431//1841 1356//1841 949//1841
f 1431//1842 949//1842 1109//1842
f 955//1843 1358//1843 1432//1843
f 955//1844 1432//1844 1112//1844
f 1433//1845 1359//1845 956//1845
f 1433//1846 956//1846 1113//1846
f 1120//1847 1434//1847 1435//1847
f 1120//1848 1435//1848 1121//1848
f 1436//1849 1437//1849 1123//1849
f 1436//1850 1123//1850 1122//1850
f 1128//1851 1438//1851 1439//1851
f 1128//1852 1439//1852 1129//1852
f 1440//1853 1441//1853 1131//1853
f 1440//1854 1131//1854 1130//1854
f 1136//1855 1442//1855 1443//1855
f 1136//1856 1443//1856 1137//1856
f 1444//1857 1445//1857 1139//1857
f 1444//1858 1139//1858 1138//1858
f 1144//1859 1446//1859 1447//1859
f 1144//1860 1447//1860 1145//1860
f 1448//1861 1449//1861 1147//1861
f 1448//1862 1147//1862 1146//1862
f 994//1863 1376//1863 1450//1863
f 994//1864 1450//1864 1150//1864
f 1451//1865 1377//1865 995//1865
f 1451//1866 995//1866 1151//1866
f 1001//1867 1379//1867 1452//1867
f 1001//1868 1452//1868 1154//1868
f 1453//1869 1380//1869 1002//1869
f 1453//1870 1002//1870 1155//1870
f 1007//1871 1382//1871 1454//1871
f 1007//1872 1454//1872 1158//1872
f 1455//1873 1383//1873 1008//1873
f 1455//1874 1008//1874 1159//1874
f 1014//1875 1384//1875 1456//1875
f 1014//1876 1456//1876 1162//1876
f 1457//1877 1385//1877 1015//1877
f 1457//1878 1015//1878 1163//1878
f 1164//1879 1458//1879 1459//1879
f 1164//1880 1459//1880 1165//1880
f 1460//1881 1461//1881 1167//1881
f 1460//1882 1167//1882 1166//1882
f 1172//1883 1462//1883 1463//1883
f 1172//1884 1463//1884 1173//1884
f 1464//1885 1465//1885 1175//1885
f 1464//1886 1175//1886 1174//1886
f 1032//1887 1394//1887 1466//1887
f 1032//1888 1466//1888 1180//1888
f 1467//1889 1395//1889 1033//1889
f 1467//1890 1033//1890 1181//1890
f 1036//1891 1396//1891 1468//1891
f 1036//1892 1468//1892 1184//1892
f 1469//1893 1397//1893 1037//1893
f 1469//1894 1037//1894 1185//1894
f 1188//1895 1470//1895 1471//1895
f 1188//1896 1471//1896 1189//1896
f 1472//1897 1473//1897 1191//1897
f 1472//1898 1191//1898 1190//1898
f 1196//1899 1474//1899 1475//1899
f 1196//1900 1475//1900 1197//1900
f 1476//1901 1477//1901 1199//1901
f 1476//1902 1199//1902 1198//1902
f 1058//1903 1406//1903 1478//1903
f 1058//1904 1478//1904 1204//1904
f 1479//1905 1407//1905 1059//1905
f 1479//1906 1059//1906 1205//1906
f 1064//1907 1408//1907 1480//1907
f 1064//1908 1480//1908 1208//1908
f 1481//1909 1409//1909 1065//1909
f 1481//1910 1065//1910 1209//1910
f 1069//1911 1411//1911 1482//1911
f 1069//1912 1482//1912 1212//1912
f 1483//1913 1412//1913 1070//1913
f 1483//1914 1070//1914 1213//1914
f 1077//1915 1415//1915 1484//1915
f 1077//1916 1484//1916 1216//1916
f 1485//1917 1416//1917 1078//1917
f 1485//1918 1078//1918 1217//1918
f 1085//1919 1419//1919 1486//1919
f 1085//1920 1486//1920 1220//1920
f 1487//1921 1420//1921 1086//1921
f 1487//1922 1086//1922 1221//1922
f 1093//1923 1423//1923 1488//1923
f 1093//1924 1488//1924 1224//1924
f 1489//1925 1424//1925 1094//1925
f 1489//1926 1094//1926 1225//1926
f 1100//1927 1426//1927 1490//1927
f 1100//1928 1490//1928 1228//1928
f 1491//1929 1427//1929 1101//1929
f 1491//1930 1101//1930 1229//1930
f 1104//1931 1428//1931 1492//1931
f 1104//1932 1492//1932 1232//1932
f 1493//1933 1429//1933 1105//1933
f 1493//1934 1105//1934 1233//1934
f 1108//1935 1430//1935 1494//1935
f 1108//1936 1494//1936 1236//1936
f 1495//1937 1431//1937 1109//1937
f 1495//1938 1109//1938 1237//1938
f 1112//1939 1432//1939 1496//1939
f 1112//1940 1496//1940 1240//1940
f 1497//1941 1433//1941 1113//1941
f 1497//1942 1113//1942 1241//1942
f 1121//1943 1435//1943 1498//1943
f 1121//1944 1498//1944 1246//1944
f 1499//1945 1436//1945 1122//1945
f 1499//1946 1122//1946 1247//1946
f 1129//1947 1439//1947 1500//1947
f 1129//1948 1500//1948 1250//1948
f 1501//1949 1440//1949 1130//1949
f 1501//1950 1130//1950 1251//1950
f 1137//1951 1443//1951 1502//1951
f 1137//1952 1502//1952 1254//1952
f 1503//1953 1444//1953 1138//1953
f 1503//1954 1138//1954 1255//1954
f 1145//1955 1447//1955 1504//1955
f 1145//1956 1504//1956 1258//1956
f 1505//1957 1448//1957 1146//1957
f 1505//1958 1146//1958 1259//1958
f 1150//1959 1450//1959 1506//1959
f 1150//1960 1506//1960 1262//1960
f 1507//1961 1451//1961 1151//1961
f 1507//1962 1151//1962 1263//1962
f 1154//1963 1452//1963 1508//1963
f 1154//1964 1508//1964 1266//1964
f 1509//1965 1453//1965 1155//1965
f 1509//1966 1155//1966 1267//1966
f 1158//1967 1454//1967 1510//1967
f 1158//1968 1510//1968 1270//1968
f 1511//1969 1455//1969 1159//1969
f 1511//1970 1159//1970 1271//1970
f 1162//1971 1456//1971 1512//1971
f 1162//1972 1512//1972 1274//1972
f 1513//1973 1457//1973 1163//1973
f 1513//1974 1163//1974 1275//1974
f 1165//1975 1459//1975 1514//1975
f 1165//1976 1514//1976 1276//1976
f 1515//1977 1460//1977 1166//1977
f 1515//1978 1166//1978 1277//1978
f 1173//1979 1463//1979 1516//1979
f 1173//1980 1516//1980 1280//1980
f 1517//1981 1464//1981 1174//1981
f 1517//1982 1174//1982 1281//1982
f 1180//1983 1466//1983 1518//1983
f 1180//1984 1518//1984 1284//1984
f 1519//1985 1467//1985 1181//1985
f 1519//1986 1181//1986 1285//1986
f 1184//1987 1468//1987 1520//1987
f 1184//1988 1520//1988 1288//1988
f 1521//1989 1469//1989 1185//1989
f 1521//1990 1185//1990 1289//1990
f 1189//1991 1471//1991 1522//1991
f 1189//1992 1522//1992 1292//1992
f 1523//1993 1472//1993 1190//1993
f 1523//1994 1190//1994 1293//1994
f 1197//1995 1475//1995 1524//1995
f 1197//1996 1524//1996 1296//1996
f 1525//1997 1476//1997 1198//1997
f 1525//1998 1198//1998 1297//1998
f 1204//1999 1478//1999 1526//1999
f 1204//2000 1526//2000 1300//2000
f 1527//2001 1479//2001 1205//2001
f 1527//2002 1205//2002 1301//2002
f 1208//2003 1480//2003 1528//2003
f 1208//2004 1528//2004 1304//2004
f 1529//2005 1481//2005 1209//2005
f 1529//2006 1209//2006 1305//2006
f 634//2007 633//2007 620//2007
f 634//2008 620//2008 619//2008
f 1320//2009 865//2009 621//2009
f 1320//2010 621//2010 1530//2010
f 636//2011 634//2011 619//2011
f 636//2012 619//2012 623//2012
f 864//2013 868//2013 624//2013
f 864//2014 624//2014 622//2014
f 640//2015 639//2015 626//2015
f 640//2016 626//2016 625//2016
f 1331//2017 871//2017 627//2017
f 1331//2018 627//2018 999//2018
f 642//2019 640//2019 625//2019
f 642//2020 625//2020 629//2020
f 870//2021 874//2021 630//2021
f 870//2022 630//2022 628//2022
f 867//2023 866//2023 644//2023
f 867//2024 644//2024 643//2024
f 1322//2025 656//2025 645//2025
f 1322//2026 645//2026 1531//2026
f 869//2027 867//2027 643//2027
f 869//2028 643//2028 647//2028
f 655//2029 659//2029 648//2029
f 655//2030 648//2030 646//2030
f 873//2031 872//2031 650//2031
f 873//2032 650//2032 649//2032
f 1333//2033 662//2033 651//2033
f 1333//2034 651//2034 1063//2034
f 875//2035 873//2035 649//2035
f 875//2036 649//2036 653//2036
f 661//2037 665//2037 654//2037
f 661//2038 654//2038 652//2038
f 658//2039 657//2039 668//2039
f 658//2040 668//2040 667//2040
f 1532//2041 1533//2041 669//2041
f 1532//2042 669//2042 1534//2042
f 660//2043 658//2043 667//2043
f 660//2044 667//2044 671//2044
f 1535//2045 1536//2045 672//2045
f 1535//2046 672//2046 670//2046
f 664//2047 663//2047 674//2047
f 664//2048 674//2048 673//2048
f 1381//2049 1537//2049 675//2049
f 1381//2050 675//2050 1013//2050
f 666//2051 664//2051 673//2051
f 666//2052 673//2052 677//2052
f 1538//2053 1539//2053 678//2053
f 1538//2054 678//2054 676//2054
f 1213//2055 1212//2055 694//2055
f 1213//2056 694//2056 693//2056
f 1217//2057 1216//2057 696//2057
f 1217//2058 696//2058 695//2058
f 711//2059 714//2059 698//2059
f 711//2060 698//2060 697//2060
f 1378//2061 1313//2061 700//2061
f 1378//2062 700//2062 699//2062
f 1225//2063 1224//2063 724//2063
f 1225//2064 724//2064 723//2064
f 1221//2065 1220//2065 726//2065
f 1221//2066 726//2066 725//2066
f 1357//2067 1308//2067 728//2067
f 1357//2068 728//2068 727//2068
f 721//2069 720//2069 730//2069
f 721//2070 730//2070 729//2070
f 739//2071 742//2071 734//2071
f 739//2072 734//2072 733//2072
f 1540//2073 1309//2073 736//2073
f 1540//2074 736//2074 735//2074
f 1541//2075 1311//2075 748//2075
f 1541//2076 748//2076 747//2076
f 745//2077 744//2077 750//2077
f 745//2078 750//2078 749//2078
f 1229//2079 1228//2079 762//2079
f 1229//2080 762//2080 761//2080
f 1233//2081 1232//2081 764//2081
f 1233//2082 764//2082 763//2082
f 1241//2083 1240//2083 776//2083
f 1241//2084 776//2084 775//2084
f 1237//2085 1236//2085 778//2085
f 1237//2086 778//2086 777//2086
f 1247//2087 1246//2087 782//2087
f 1247//2088 782//2088 781//2088
f 1251//2089 1250//2089 784//2089
f 1251//2090 784//2090 783//2090
f 1255//2091 1254//2091 796//2091
f 1255//2092 796//2092 795//2092
f 1259//2093 1258//2093 798//2093
f 1259//2094 798//2094 797//2094
f 868//2095 812//2095 808//2095
f 868//2096 808//2096 624//2096
f 1352//2097 1542//2097 809//2097
f 1352//2098 809//2098 947//2098
f 1536//2099 1543//2099 820//2099
f 1536//2100 820//2100 672//2100
f 818//2101 817//2101 821//2101
f 818//2102 821//2102 953//2102
f 1263//2103 1262//2103 829//2103
f 1263//2104 829//2104 828//2104
f 1267//2105 1266//2105 831//2105
f 1267//2106 831//2106 830//2106
f 1271//2107 1270//2107 843//2107
f 1271//2108 843//2108 842//2108
f 1275//2109 1274//2109 845//2109
f 1275//2110 845//2110 844//2110
f 874//2111 854//2111 849//2111
f 874//2112 849//2112 630//2112
f 1544//2113 1545//2113 850//2113
f 1544//2114 850//2114 1546//2114
f 1539//2115 1547//2115 862//2115
f 1539//2116 862//2116 678//2116
f 860//2117 859//2117 863//2117
f 860//2118 863//2118 1548//2118
f 1281//2119 1280//2119 877//2119
f 1281//2120 877//2120 876//2120
f 1277//2121 1276//2121 879//2121
f 1277//2122 879//2122 878//2122
f 719//2123 722//2123 881//2123
f 719//2124 881//2124 880//2124
f 713//2125 712//2125 883//2125
f 713//2126 883//2126 882//2126
f 743//2127 746//2127 885//2127
f 743//2128 885//2128 884//2128
f 741//2129 740//2129 887//2129
f 741//2130 887//2130 886//2130
f 1289//2131 1288//2131 889//2131
f 1289//2132 889//2132 888//2132
f 1285//2133 1284//2133 891//2133
f 1285//2134 891//2134 890//2134
f 1297//2135 1296//2135 893//2135
f 1297//2136 893//2136 892//2136
f 1293//2137 1292//2137 895//2137
f 1293//2138 895//2138 894//2138
f 659//2139 816//2139 896//2139
f 659//2140 896//2140 648//2140
f 814//2141 813//2141 897//2141
f 814//2142 897//2142 1041//2142
f 1305//2143 1304//2143 899//2143
f 1305//2144 899//2144 898//2144
f 1301//2145 1300//2145 901//2145
f 1301//2146 901//2146 900//2146
f 665//2147 858//2147 902//2147
f 665//2148 902//2148 654//2148
f 856//2149 855//2149 903//2149
f 856//2150 903//2150 1549//2150
f 1340//2151 908//2151 911//2151
f 1340//2152 911//2152 1341//2152
f 1334//2153 1335//2153 910//2153
f 1334//2154 910//2154 909//2154
f 1336//2155 916//2155 919//2155
f 1336//2156 919//2156 1337//2156
f 1338//2157 1339//2157 918//2157
f 1338//2158 918//2158 917//2158
f 1348//2159 924//2159 927//2159
f 1348//2160 927//2160 1349//2160
f 1342//2161 1343//2161 926//2161
f 1342//2162 926//2162 925//2162
f 1344//2163 932//2163 935//2163
f 1344//2164 935//2164 1345//2164
f 1346//2165 1347//2165 934//2165
f 1346//2166 934//2166 933//2166
f 700//2167 1313//2167 1354//2167
f 700//2168 1354//2168 938//2168
f 1350//2169 711//2169 697//2169
f 1350//2170 697//2170 939//2170
f 944//2171 815//2171 1351//2171
f 944//2172 1351//2172 945//2172
f 1353//2173 1352//2173 947//2173
f 1353//2174 947//2174 946//2174
f 950//2175 1314//2175 1359//2175
f 950//2176 1359//2176 951//2176
f 1355//2177 818//2177 953//2177
f 1355//2178 953//2178 952//2178
f 730//2179 720//2179 1356//2179
f 730//2180 1356//2180 958//2180
f 1358//2181 1357//2181 727//2181
f 1358//2182 727//2182 959//2182
f 1362//2183 960//2183 963//2183
f 1362//2184 963//2184 1363//2184
f 1364//2185 1365//2185 962//2185
f 1364//2186 962//2186 961//2186
f 1366//2187 968//2187 971//2187
f 1366//2188 971//2188 1367//2188
f 1360//2189 1361//2189 970//2189
f 1360//2190 970//2190 969//2190
f 1370//2191 976//2191 979//2191
f 1370//2192 979//2192 1371//2192
f 1372//2193 1373//2193 978//2193
f 1372//2194 978//2194 977//2194
f 1374//2195 984//2195 987//2195
f 1374//2196 987//2196 1375//2196
f 1368//2197 1369//2197 986//2197
f 1368//2198 986//2198 985//2198
f 698//2199 714//2199 1377//2199
f 698//2200 1377//2200 992//2200
f 1379//2201 1378//2201 699//2201
f 1379//2202 699//2202 993//2202
f 996//2203 1328//2203 1380//2203
f 996//2204 1380//2204 997//2204
f 1376//2205 1331//2205 999//2205
f 1376//2206 999//2206 998//2206
f 728//2207 1308//2207 1383//2207
f 728//2208 1383//2208 1004//2208
f 1384//2209 721//2209 729//2209
f 1384//2210 729//2210 1005//2210
f 1010//2211 1332//2211 1385//2211
f 1010//2212 1385//2212 1011//2212
f 1382//2213 1381//2213 1013//2213
f 1382//2214 1013//2214 1012//2214
f 1392//2215 1020//2215 1023//2215
f 1392//2216 1023//2216 1393//2216
f 1386//2217 1387//2217 1022//2217
f 1386//2218 1022//2218 1021//2218
f 1388//2219 1028//2219 1031//2219
f 1388//2220 1031//2220 1389//2220
f 1390//2221 1391//2221 1030//2221
f 1390//2222 1030//2222 1029//2222
f 883//2223 712//2223 1397//2223
f 883//2224 1397//2224 1034//2224
f 1394//2225 719//2225 880//2225
f 1394//2226 880//2226 1035//2226
f 1038//2227 819//2227 1395//2227
f 1038//2228 1395//2228 1039//2228
f 1396//2229 814//2229 1041//2229
f 1396//2230 1041//2230 1040//2230
f 1404//2231 1046//2231 1049//2231
f 1404//2232 1049//2232 1405//2232
f 1398//2233 1399//2233 1048//2233
f 1398//2234 1048//2234 1047//2234
f 1400//2235 1054//2235 1057//2235
f 1400//2236 1057//2236 1401//2236
f 1402//2237 1403//2237 1056//2237
f 1402//2238 1056//2238 1055//2238
f 1060//2239 1330//2239 1409//2239
f 1060//2240 1409//2240 1061//2240
f 1406//2241 1333//2241 1063//2241
f 1406//2242 1063//2242 1062//2242
f 881//2243 722//2243 1407//2243
f 881//2244 1407//2244 1066//2244
f 1408//2245 713//2245 882//2245
f 1408//2246 882//2246 1067//2246
f 1072//2247 1417//2247 1416//2247
f 1072//2248 1416//2248 1073//2248
f 1411//2249 1410//2249 1075//2249
f 1411//2250 1075//2250 1074//2250
f 1080//2251 1413//2251 1412//2251
f 1080//2252 1412//2252 1081//2252
f 1415//2253 1414//2253 1083//2253
f 1415//2254 1083//2254 1082//2254
f 1088//2255 1425//2255 1424//2255
f 1088//2256 1424//2256 1089//2256
f 1419//2257 1418//2257 1091//2257
f 1419//2258 1091//2258 1090//2258
f 1096//2259 1421//2259 1420//2259
f 1096//2260 1420//2260 1097//2260
f 1423//2261 1422//2261 1099//2261
f 1423//2262 1099//2262 1098//2262
f 938//2263 1354//2263 1429//2263
f 938//2264 1429//2264 1102//2264
f 1426//2265 1350//2265 939//2265
f 1426//2266 939//2266 1103//2266
f 945//2267 1351//2267 1427//2267
f 945//2268 1427//2268 1106//2268
f 1428//2269 1353//2269 946//2269
f 1428//2270 946//2270 1107//2270
f 951//2271 1359//2271 1433//2271
f 951//2272 1433//2272 1110//2272
f 1430//2273 1355//2273 952//2273
f 1430//2274 952//2274 1111//2274
f 958//2275 1356//2275 1431//2275
f 958//2276 1431//2276 1114//2276
f 1432//2277 1358//2277 959//2277
f 1432//2278 959//2278 1115//2278
f 1116//2279 1437//2279 1436//2279
f 1116//2280 1436//2280 1117//2280
f 1439//2281 1438//2281 1119//2281
f 1439//2282 1119//2282 1118//2282
f 1124//2283 1441//2283 1440//2283
f 1124//2284 1440//2284 1125//2284
f 1435//2285 1434//2285 1127//2285
f 1435//2286 1127//2286 1126//2286
f 1132//2287 1445//2287 1444//2287
f 1132//2288 1444//2288 1133//2288
f 1447//2289 1446//2289 1135//2289
f 1447//2290 1135//2290 1134//2290
f 1140//2291 1449//2291 1448//2291
f 1140//2292 1448//2292 1141//2292
f 1443//2293 1442//2293 1143//2293
f 1443//2294 1143//2294 1142//2294
f 992//2295 1377//2295 1451//2295
f 992//2296 1451//2296 1148//2296
f 1452//2297 1379//2297 993//2297
f 1452//2298 993//2298 1149//2298
f 997//2299 1380//2299 1453//2299
f 997//2300 1453//2300 1152//2300
f 1450//2301 1376//2301 998//2301
f 1450//2302 998//2302 1153//2302
f 1004//2303 1383//2303 1455//2303
f 1004//2304 1455//2304 1156//2304
f 1456//2305 1384//2305 1005//2305
f 1456//2306 1005//2306 1157//2306
f 1011//2307 1385//2307 1457//2307
f 1011//2308 1457//2308 1160//2308
f 1454//2309 1382//2309 1012//2309
f 1454//2310 1012//2310 1161//2310
f 1168//2311 1465//2311 1464//2311
f 1168//2312 1464//2312 1169//2312
f 1459//2313 1458//2313 1171//2313
f 1459//2314 1171//2314 1170//2314
f 1176//2315 1461//2315 1460//2315
f 1176//2316 1460//2316 1177//2316
f 1463//2317 1462//2317 1179//2317
f 1463//2318 1179//2318 1178//2318
f 1034//2319 1397//2319 1469//2319
f 1034//2320 1469//2320 1182//2320
f 1466//2321 1394//2321 1035//2321
f 1466//2322 1035//2322 1183//2322
f 1039//2323 1395//2323 1467//2323
f 1039//2324 1467//2324 1186//2324
f 1468//2325 1396//2325 1040//2325
f 1468//2326 1040//2326 1187//2326
f 1192//2327 1477//2327 1476//2327
f 1192//2328 1476//2328 1193//2328
f 1471//2329 1470//2329 1195//2329
f 1471//2330 1195//2330 1194//2330
f 1200//2331 1473//2331 1472//2331
f 1200//2332 1472//2332 1201//2332
f 1475//2333 1474//2333 1203//2333
f 1475//2334 1203//2334 1202//2334
f 1061//2335 1409//2335 1481//2335
f 1061//2336 1481//2336 1206//2336
f 1478//2337 1406//2337 1062//2337
f 1478//2338 1062//2338 1207//2338
f 1066//2339 1407//2339 1479//2339
f 1066//2340 1479//2340 1210//2340
f 1480//2341 1408//2341 1067//2341
f 1480//2342 1067//2342 1211//2342
f 1073//2343 1416//2343 1485//2343
f 1073//2344 1485//2344 1214//2344
f 1482//2345 1411//2345 1074//2345
f 1482//2346 1074//2346 1215//2346
f 1081//2347 1412//2347 1483//2347
f 1081//2348 1483//2348 1218//2348
f 1484//2349 1415//2349 1082//2349
f 1484//2350 1082//2350 1219//2350
f 1089//2351 1424//2351 1489//2351
f 1089//2352 1489//2352 1222//2352
f 1486//2353 1419//2353 1090//2353
f 1486//2354 1090//2354 1223//2354
f 1097//2355 1420//2355 1487//2355
f 1097//2356 1487//2356 1226//2356
f 1488//2357 1423//2357 1098//2357
f 1488//2358 1098//2358 1227//2358
f 1102//2359 1429//2359 1493//2359
f 1102//2360 1493//2360 1230//2360
f 1490//2361 1426//2361 1103//2361
f 1490//2362 1103//2362 1231//2362
f 1106//2363 1427//2363 1491//2363
f 1106//2364 1491//2364 1234//2364
f 1492//2365 1428//2365 1107//2365
f 1492//2366 1107//2366 1235//2366
f 1110//2367 1433//2367 1497//2367
f 1110//2368 1497//2368 1238//2368
f 1494//2369 1430//2369 1111//2369
f 1494//2370 1111//2370 1239//2370
f 1114//2371 1431//2371 1495//2371
f 1114//2372 1495//2372 1242//2372
f 1496//2373 1432//2373 1115//2373
f 1496//2374 1115//2374 1243//2374
f 1117//2375 1436//2375 1499//2375
f 1117//2376 1499//2376 1244//2376
f 1500//2377 1439//2377 1118//2377
f 1500//2378 1118//2378 1245//2378
f 1125//2379 1440//2379 1501//2379
f 1125//2380 1501//2380 1248//2380
f 1498//2381 1435//2381 1126//2381
f 1498//2382 1126//2382 1249//2382
f 1133//2383 1444//2383 1503//2383
f 1133//2384 1503//2384 1252//2384
f 1504//2385 1447//2385 1134//2385
f 1504//2386 1134//2386 1253//2386
f 1141//2387 1448//2387 1505//2387
f 1141//2388 1505//2388 1256//2388
f 1502//2389 1443//2389 1142//2389
f 1502//2390 1142//2390 1257//2390
f 1148//2391 1451//2391 1507//2391
f 1148//2392 1507//2392 1260//2392
f 1508//2393 1452//2393 1149//2393
f 1508//2394 1149//2394 1261//2394
f 1152//2395 1453//2395 1509//2395
f 1152//2396 1509//2396 1264//2396
f 1506//2397 1450//2397 1153//2397
f 1506//2398 1153//2398 1265//2398
f 1156//2399 1455//2399 1511//2399
f 1156//2400 1511//2400 1268//2400
f 1512//2401 1456//2401 1157//2401
f 1512//2402 1157//2402 1269//2402
f 1160//2403 1457//2403 1513//2403
f 1160//2404 1513//2404 1272//2404
f 1510//2405 1454//2405 1161//2405
f 1510//2406 1161//2406 1273//2406
f 1169//2407 1464//2407 1517//2407
f 1169//2408 1517//2408 1278//2408
f 1514//2409 1459//2409 1170//2409
f 1514//2410 1170//2410 1279//2410
f 1177//2411 1460//2411 1515//2411
f 1177//2412 1515//2412 1282//2412
f 1516//2413 1463//2413 1178//2413
f 1516//2414 1178//2414 1283//2414
f 1182//2415 1469//2415 1521//2415
f 1182//2416 1521//2416 1286//2416
f 1518//2417 1466//2417 1183//2417
f 1518//2418 1183//2418 1287//2418
f 1186//2419 1467//2419 1519//2419
f 1186//2420 1519//2420 1290//2420
f 1520//2421 1468//2421 1187//2421
f 1520//2422 1187//2422 1291//2422
f 1193//2423 1476//2423 1525//2423
f 1193//2424 1525//2424 1294//2424
f 1522//2425 1471//2425 1194//2425
f 1522//2426 1194//2426 1295//2426
f 1201//2427 1472//2427 1523//2427
f 1201//2428 1523//2428 1298//2428
f 1524//2429 1475//2429 1202//2429
f 1524//2430 1202//2430 1299//2430
f 1206//2431 1481//2431 1529//2431
f 1206//2432 1529//2432 1302//2432
f 1526//2433 1478//2433 1207//2433
f 1526//2434 1207//2434 1303//2434
f 1210//2435 1479//2435 1527//2435
f 1210//2436 1527//2436 1306//2436
f 1528//2437 1480//2437 1211//2437
f 1528//2438 1211//2438 1307//2438
f 1483//2439 1213//2439 693//2439
f 1483//2440 693//2440 1218//2440
f 1216//2441 1484//2441 1219//2441
f 1216//2442 1219//2442 696//2442
f 1485//2443 1217//2443 695//2443
f 1485//2444 695//2444 1214//2444
f 1212//2445 1482//2445 1215//2445
f 1212//2446 1215//2446 694//2446
f 1489//2447 1225//2447 723//2447
f 1489//2448 723//2448 1222//2448
f 1220//2449 1486//2449 1223//2449
f 1220//2450 1223//2450 726//2450
f 1487//2451 1221//2451 725//2451
f 1487//2452 725//2452 1226//2452
f 1224//2453 1488//2453 1227//2453
f 1224//2454 1227//2454 724//2454
f 1491//2455 1229//2455 761//2455
f 1491//2456 761//2456 1234//2456
f 1232//2457 1492//2457 1235//2457
f 1232//2458 1235//2458 764//2458
f 1493//2459 1233//2459 763//2459
f 1493//2460 763//2460 1230//2460
f 1228//2461 1490//2461 1231//2461
f 1228//2462 1231//2462 762//2462
f 1497//2463 1241//2463 775//2463
f 1497//2464 775//2464 1238//2464
f 1236//2465 1494//2465 1239//2465
f 1236//2466 1239//2466 778//2466
f 1495//2467 1237//2467 777//2467
f 1495//2468 777//2468 1242//2468
f 1240//2469 1496//2469 1243//2469
f 1240//2470 1243//2470 776//2470
f 1499//2471 1247//2471 781//2471
f 1499//2472 781//2472 1244//2472
f 1250//2473 1500//2473 1245//2473
f 1250//2474 1245//2474 784//2474
f 1501//2475 1251//2475 783//2475
f 1501//2476 783//2476 1248//2476
f 1246//2477 1498//2477 1249//2477
f 1246//2478 1249//2478 782//2478
f 1503//2479 1255//2479 795//2479
f 1503//2480 795//2480 1252//2480
f 1258//2481 1504//2481 1253//2481
f 1258//2482 1253//2482 798//2482
f 1505//2483 1259//2483 797//2483
f 1505//2484 797//2484 1256//2484
f 1254//2485 1502//2485 1257//2485
f 1254//2486 1257//2486 796//2486
f 1507//2487 1263//2487 828//2487
f 1507//2488 828//2488 1260//2488
f 1266//2489 1508//2489 1261//2489
f 1266//2490 1261//2490 831//2490
f 1509//2491 1267//2491 830//2491
f 1509//2492 830//2492 1264//2492
f 1262//2493 1506//2493 1265//2493
f 1262//2494 1265//2494 829//2494
f 1511//2495 1271//2495 842//2495
f 1511//2496 842//2496 1268//2496
f 1274//2497 1512//2497 1269//2497
f 1274//2498 1269//2498 845//2498
f 1513//2499 1275//2499 844//2499
f 1513//2500 844//2500 1272//2500
f 1270//2501 1510//2501 1273//2501
f 1270//2502 1273//2502 843//2502
f 1517//2503 1281//2503 876//2503
f 1517//2504 876//2504 1278//2504
f 1276//2505 1514//2505 1279//2505
f 1276//2506 1279//2506 879//2506
f 1515//2507 1277//2507 878//2507
f 1515//2508 878//2508 1282//2508
f 1280//2509 1516//2509 1283//2509
f 1280//2510 1283//2510 877//2510
f 1521//2511 1289//2511 888//2511
f 1521//2512 888//2512 1286//2512
f 1284//2513 1518//2513 1287//2513
f 1284//2514 1287//2514 891//2514
f 1519//2515 1285//2515 890//2515
f 1519//2516 890//2516 1290//2516
f 1288//2517 1520//2517 1291//2517
f 1288//2518 1291//2518 889//2518
f 1525//2519 1297//2519 892//2519
f 1525//2520 892//2520 1294//2520
f 1292//2521 1522//2521 1295//2521
f 1292//2522 1295//2522 895//2522
f 1523//2523 1293//2523 894//2523
f 1523//2524 894//2524 1298//2524
f 1296//2525 1524//2525 1299//2525
f 1296//2526 1299//2526 893//2526
f 1529//2527 1305//2527 898//2527
f 1529//2528 898//2528 1302//2528
f 1300//2529 1526//2529 1303//2529
f 1300//2530 1303//2530 901//2530
f 1527//2531 1301//2531 900//2531
f 1527//2532 900//2532 1306//2532
f 1304//2533 1528//2533 1307//2533
f 1304//2534 1307//2534 899//2534
f 1325//2535 1547//2535 610//2535
f 1325//2536 610//2536 1326//2536
f 1536//2537 1535//2537 614//2537
f 1536//2538 614//2538 613//2538
f 1314//2539 1543//2539 617//2539
f 1314//2540 617//2540 1315//2540
f 1539//2541 1538//2541 618//2541
f 1539//2542 618//2542 611//2542
f 1311//2543 1541//2543 688//2543
f 1311//2544 688//2544 687//2544
f 1006//2545 1009//2545 691//2545
f 1006//2546 691//2546 690//2546
f 1308//2547 1357//2547 732//2547
f 1308//2548 732//2548 731//2548
f 1550//2549 1312//2549 760//2549
f 1550//2550 760//2550 759//2550
f 954//2551 957//2551 780//2551
f 954//2552 780//2552 779//2552
f 1535//2553 1533//2553 806//2553
f 1535//2554 806//2554 614//2554
f 1551//2555 1327//2555 827//2555
f 1551//2556 827//2556 826//2556
f 1538//2557 1537//2557 846//2557
f 1538//2558 846//2558 618//2558
f 1381//2559 1006//2559 690//2559
f 1381//2560 690//2560 847//2560
f 682//2561 692//2561 691//2561
f 682//2562 691//2562 731//2562
f 1532//2563 1550//2563 759//2563
f 1532//2564 759//2564 807//2564
f 680//2565 753//2565 760//2565
f 680//2566 760//2566 687//2566
f 1357//2567 954//2567 779//2567
f 1357//2568 779//2568 732//2568
f 801//2569 751//2569 780//2569
f 801//2570 780//2570 1315//2570
f 1541//2571 1551//2571 826//2571
f 1541//2572 826//2572 688//2572
f 1323//2573 823//2573 827//2573
f 1323//2574 827//2574 1326//2574
f 1552//2575 802//2575 632//2575
f 1552//2576 632//2576 631//2576
f 1553//2577 1552//2577 631//2577
f 1553//2578 631//2578 635//2578
f 608//2579 607//2579 638//2579
f 608//2580 638//2580 637//2580
f 609//2581 608//2581 637//2581
f 609//2582 637//2582 641//2582
f 1554//2583 1310//2583 703//2583
f 1554//2584 703//2584 702//2584
f 1313//2585 1378//2585 706//2585
f 1313//2586 706//2586 705//2586
f 1309//2587 1540//2587 738//2587
f 1309//2588 738//2588 737//2588
f 940//2589 943//2589 766//2589
f 940//2590 766//2590 765//2590
f 1555//2591 1318//2591 786//2591
f 1555//2592 786//2592 785//2592
f 636//2593 1542//2593 810//2593
f 636//2594 810//2594 635//2594
f 1000//2595 1003//2595 833//2595
f 1000//2596 833//2596 832//2596
f 642//2597 1545//2597 851//2597
f 642//2598 851//2598 641//2598
f 1544//2599 1554//2599 702//2599
f 1544//2600 702//2600 852//2600
f 686//2601 704//2601 703//2601
f 686//2602 703//2602 737//2602
f 1352//2603 940//2603 765//2603
f 1352//2604 765//2604 811//2604
f 684//2605 757//2605 766//2605
f 684//2606 766//2606 705//2606
f 1540//2607 1555//2607 785//2607
f 1540//2608 785//2608 738//2608
f 805//2609 755//2609 786//2609
f 805//2610 786//2610 1317//2610
f 1378//2611 1000//2611 832//2611
f 1378//2612 832//2612 706//2612
f 1324//2613 825//2613 833//2613
f 1324//2614 833//2614 1329//2614
f 801//2615 1315//2615 617//2615
f 801//2616 617//2616 616//2616
f 1556//2617 1530//2617 621//2617
f 1556//2618 621//2618 620//2618
f 1317//2619 1316//2619 633//2619
f 1317//2620 633//2620 632//2620
f 1557//2621 1531//2621 645//2621
f 1557//2622 645//2622 644//2622
f 1322//2623 1321//2623 657//2623
f 1322//2624 657//2624 656//2624
f 1558//2625 1534//2625 669//2625
f 1558//2626 669//2626 668//2626
f 612//2627 615//2627 799//2627
f 612//2628 799//2628 616//2628
f 1552//2629 1553//2629 803//2629
f 1552//2630 803//2630 802//2630
f 615//2631 614//2631 806//2631
f 615//2632 806//2632 799//2632
f 944//2633 947//2633 809//2633
f 944//2634 809//2634 808//2634
f 1553//2635 635//2635 810//2635
f 1553//2636 810//2636 803//2636
f 868//2637 869//2637 813//2637
f 868//2638 813//2638 812//2638
f 659//2639 660//2639 817//2639
f 659//2640 817//2640 816//2640
f 950//2641 953//2641 821//2641
f 950//2642 821//2642 820//2642
f 1320//2643 1319//2643 866//2643
f 1320//2644 866//2644 865//2644
f 1038//2645 1041//2645 897//2645
f 1038//2646 897//2646 896//2646
f 1316//2647 1556//2647 620//2647
f 1316//2648 620//2648 633//2648
f 864//2649 622//2649 621//2649
f 864//2650 621//2650 865//2650
f 1319//2651 1557//2651 644//2651
f 1319//2652 644//2652 866//2652
f 655//2653 646//2653 645//2653
f 655//2654 645//2654 656//2654
f 1321//2655 1558//2655 668//2655
f 1321//2656 668//2656 657//2656
f 1535//2657 670//2657 669//2657
f 1535//2658 669//2658 1533//2658
f 815//2659 944//2659 808//2659
f 815//2660 808//2660 812//2660
f 636//2661 623//2661 809//2661
f 636//2662 809//2662 1542//2662
f 1314//2663 950//2663 820//2663
f 1314//2664 820//2664 1543//2664
f 660//2665 671//2665 821//2665
f 660//2666 821//2666 817//2666
f 819//2667 1038//2667 896//2667
f 819//2668 896//2668 816//2668
f 869//2669 647//2669 897//2669
f 869//2670 897//2670 813//2670
f 1536//2671 613//2671 617//2671
f 1536//2672 617//2672 1543//2672
f 1532//2673 807//2673 806//2673
f 1532//2674 806//2674 1533//2674
f 805//2675 1317//2675 632//2675
f 805//2676 632//2676 802//2676
f 1352//2677 811//2677 810//2677
f 1352//2678 810//2678 1542//2678
f 848//2679 1323//2679 604//2679
f 848//2680 604//2680 603//2680
f 853//2681 1324//2681 607//2681
f 853//2682 607//2682 606//2682
f 1323//2683 1326//2683 610//2683
f 1323//2684 610//2684 604//2684
f 996//2685 999//2685 627//2685
f 996//2686 627//2686 626//2686
f 1329//2687 1328//2687 639//2687
f 1329//2688 639//2688 638//2688
f 1060//2689 1063//2689 651//2689
f 1060//2690 651//2690 650//2690
f 1333//2691 1332//2691 663//2691
f 1333//2692 663//2692 662//2692
f 1010//2693 1013//2693 675//2693
f 1010//2694 675//2694 674//2694
f 602//2695 618//2695 846//2695
f 602//2696 846//2696 603//2696
f 1559//2697 1546//2697 850//2697
f 1559//2698 850//2698 849//2698
f 609//2699 641//2699 851//2699
f 609//2700 851//2700 606//2700
f 874//2701 875//2701 855//2701
f 874//2702 855//2702 854//2702
f 665//2703 666//2703 859//2703
f 665//2704 859//2704 858//2704
f 1560//2705 1548//2705 863//2705
f 1560//2706 863//2706 862//2706
f 1331//2707 1330//2707 872//2707
f 1331//2708 872//2708 871//2708
f 1561//2709 1549//2709 903//2709
f 1561//2710 903//2710 902//2710
f 1328//2711 996//2711 626//2711
f 1328//2712 626//2712 639//2712
f 870//2713 628//2713 627//2713
f 870//2714 627//2714 871//2714
f 1330//2715 1060//2715 650//2715
f 1330//2716 650//2716 872//2716
f 661//2717 652//2717 651//2717
f 661//2718 651//2718 662//2718
f 1332//2719 1010//2719 674//2719
f 1332//2720 674//2720 663//2720
f 1538//2721 676//2721 675//2721
f 1538//2722 675//2722 1537//2722
f 857//2723 1559//2723 849//2723
f 857//2724 849//2724 854//2724
f 642//2725 629//2725 850//2725
f 642//2726 850//2726 1545//2726
f 1325//2727 1560//2727 862//2727
f 1325//2728 862//2728 1547//2728
f 666//2729 677//2729 863//2729
f 666//2730 863//2730 859//2730
f 861//2731 1561//2731 902//2731
f 861//2732 902//2732 858//2732
f 875//2733 653//2733 903//2733
f 875//2734 903//2734 855//2734
f 1539//2735 611//2735 610//2735
f 1539//2736 610//2736 1547//2736
f 1381//2737 847//2737 846//2737
f 1381//2738 846//2738 1537//2738
f 1324//2739 1329//2739 638//2739
f 1324//2740 638//2740 607//2740
f 1544//2741 852//2741 851//2741
f 1544//2742 851//2742 1545//2742
f 1068//2743 1071//2743 905//2743
f 1068//2744 905//2744 904//2744
f 707//2745 710//2745 907//2745
f 707//2746 907//2746 906//2746
f 1072//2747 1075//2747 909//2747
f 1072//2748 909//2748 908//2748
f 733//2749 736//2749 911//2749
f 733//2750 911//2750 910//2750
f 1076//2751 1079//2751 913//2751
f 1076//2752 913//2752 912//2752
f 1310//2753 1554//2753 915//2753
f 1310//2754 915//2754 914//2754
f 1080//2755 1083//2755 917//2755
f 1080//2756 917//2756 916//2756
f 1546//2757 1559//2757 919//2757
f 1546//2758 919//2758 918//2758
f 1084//2759 1087//2759 921//2759
f 1084//2760 921//2760 920//2760
f 717//2761 716//2761 923//2761
f 717//2762 923//2762 922//2762
f 1088//2763 1091//2763 925//2763
f 1088//2764 925//2764 924//2764
f 1548//2765 1560//2765 927//2765
f 1548//2766 927//2766 926//2766
f 1092//2767 1095//2767 929//2767
f 1092//2768 929//2768 928//2768
f 1327//2769 1551//2769 931//2769
f 1327//2770 931//2770 930//2770
f 1096//2771 1099//2771 933//2771
f 1096//2772 933//2772 932//2772
f 747//2773 750//2773 935//2773
f 747//2774 935//2774 934//2774
f 1116//2775 1119//2775 961//2775
f 1116//2776 961//2776 960//2776
f 735//2777 734//2777 963//2777
f 735//2778 963//2778 962//2778
f 1120//2779 1123//2779 965//2779
f 1120//2780 965//2780 964//2780
f 787//2781 790//2781 967//2781
f 787//2782 967//2782 966//2782
f 1124//2783 1127//2783 969//2783
f 1124//2784 969//2784 968//2784
f 1530//2785 1556//2785 971//2785
f 1530//2786 971//2786 970//2786
f 1128//2787 1131//2787 973//2787
f 1128//2788 973//2788 972//2788
f 1318//2789 1555//2789 975//2789
f 1318//2790 975//2790 974//2790
f 1132//2791 1135//2791 977//2791
f 1132//2792 977//2792 976//2792
f 749//2793 748//2793 979//2793
f 749//2794 979//2794 978//2794
f 1136//2795 1139//2795 981//2795
f 1136//2796 981//2796 980//2796
f 1312//2797 1550//2797 983//2797
f 1312//2798 983//2798 982//2798
f 1140//2799 1143//2799 985//2799
f 1140//2800 985//2800 984//2800
f 1534//2801 1558//2801 987//2801
f 1534//2802 987//2802 986//2802
f 1144//2803 1147//2803 989//2803
f 1144//2804 989//2804 988//2804
f 793//2805 792//2805 991//2805
f 793//2806 991//2806 990//2806
f 1164//2807 1167//2807 1017//2807
f 1164//2808 1017//2808 1016//2808
f 715//2809 718//2809 1019//2809
f 715//2810 1019//2810 1018//2810
f 1168//2811 1171//2811 1021//2811
f 1168//2812 1021//2812 1020//2812
f 884//2813 887//2813 1023//2813
f 884//2814 1023//2814 1022//2814
f 1172//2815 1175//2815 1025//2815
f 1172//2816 1025//2816 1024//2816
f 709//2817 708//2817 1027//2817
f 709//2818 1027//2818 1026//2818
f 1176//2819 1179//2819 1029//2819
f 1176//2820 1029//2820 1028//2820
f 1549//2821 1561//2821 1031//2821
f 1549//2822 1031//2822 1030//2822
f 1188//2823 1191//2823 1043//2823
f 1188//2824 1043//2824 1042//2824
f 791//2825 794//2825 1045//2825
f 791//2826 1045//2826 1044//2826
f 1192//2827 1195//2827 1047//2827
f 1192//2828 1047//2828 1046//2828
f 1531//2829 1557//2829 1049//2829
f 1531//2830 1049//2830 1048//2830
f 1196//2831 1199//2831 1051//2831
f 1196//2832 1051//2832 1050//2832
f 789//2833 788//2833 1053//2833
f 789//2834 1053//2834 1052//2834
f 1200//2835 1203//2835 1055//2835
f 1200//2836 1055//2836 1054//2836
f 886//2837 885//2837 1057//2837
f 886//2838 1057//2838 1056//2838
f 1410//2839 1068//2839 904//2839
f 1410//2840 904//2840 1334//2840
f 710//2841 739//2841 1335//2841
f 710//2842 1335//2842 907//2842
f 1337//2843 857//2843 707//2843
f 1337//2844 707//2844 906//2844
f 905//2845 1071//2845 1413//2845
f 905//2846 1413//2846 1336//2846
f 1414//2847 1076//2847 912//2847
f 1414//2848 912//2848 1338//2848
f 1554//2849 1544//2849 1339//2849
f 1554//2850 1339//2850 915//2850
f 1341//2851 1309//2851 1310//2851
f 1341//2852 1310//2852 914//2852
f 913//2853 1079//2853 1417//2853
f 913//2854 1417//2854 1340//2854
f 1418//2855 1084//2855 920//2855
f 1418//2856 920//2856 1342//2856
f 716//2857 860//2857 1343//2857
f 716//2858 1343//2858 923//2858
f 1345//2859 744//2859 717//2859
f 1345//2860 717//2860 922//2860
f 921//2861 1087//2861 1421//2861
f 921//2862 1421//2862 1344//2862
f 1422//2863 1092//2863 928//2863
f 1422//2864 928//2864 1346//2864
f 1551//2865 1541//2865 1347//2865
f 1551//2866 1347//2866 931//2866
f 1349//2867 1325//2867 1327//2867
f 1349//2868 1327//2868 930//2868
f 929//2869 1095//2869 1425//2869
f 929//2870 1425//2870 1348//2870
f 1434//2871 1120//2871 964//2871
f 1434//2872 964//2872 1360//2872
f 790//2873 1320//2873 1361//2873
f 790//2874 1361//2874 967//2874
f 1363//2875 742//2875 787//2875
f 1363//2876 787//2876 966//2876
f 965//2877 1123//2877 1437//2877
f 965//2878 1437//2878 1362//2878
f 1438//2879 1128//2879 972//2879
f 1438//2880 972//2880 1364//2880
f 1555//2881 1540//2881 1365//2881
f 1555//2882 1365//2882 975//2882
f 1367//2883 1316//2883 1318//2883
f 1367//2884 1318//2884 974//2884
f 973//2885 1131//2885 1441//2885
f 973//2886 1441//2886 1366//2886
f 1442//2887 1136//2887 980//2887
f 1442//2888 980//2888 1368//2888
f 1550//2889 1532//2889 1369//2889
f 1550//2890 1369//2890 983//2890
f 1371//2891 1311//2891 1312//2891
f 1371//2892 1312//2892 982//2892
f 981//2893 1139//2893 1445//2893
f 981//2894 1445//2894 1370//2894
f 1446//2895 1144//2895 988//2895
f 1446//2896 988//2896 1372//2896
f 792//2897 745//2897 1373//2897
f 792//2898 1373//2898 991//2898
f 1375//2899 1321//2899 793//2899
f 1375//2900 793//2900 990//2900
f 989//2901 1147//2901 1449//2901
f 989//2902 1449//2902 1374//2902
f 1458//2903 1164//2903 1016//2903
f 1458//2904 1016//2904 1386//2904
f 718//2905 743//2905 1387//2905
f 718//2906 1387//2906 1019//2906
f 1389//2907 861//2907 715//2907
f 1389//2908 715//2908 1018//2908
f 1017//2909 1167//2909 1461//2909
f 1017//2910 1461//2910 1388//2910
f 1462//2911 1172//2911 1024//2911
f 1462//2912 1024//2912 1390//2912
f 708//2913 856//2913 1391//2913
f 708//2914 1391//2914 1027//2914
f 1393//2915 740//2915 709//2915
f 1393//2916 709//2916 1026//2916
f 1025//2917 1175//2917 1465//2917
f 1025//2918 1465//2918 1392//2918
f 1470//2919 1188//2919 1042//2919
f 1470//2920 1042//2920 1398//2920
f 794//2921 1322//2921 1399//2921
f 794//2922 1399//2922 1045//2922
f 1401//2923 746//2923 791//2923
f 1401//2924 791//2924 1044//2924
f 1043//2925 1191//2925 1473//2925
f 1043//2926 1473//2926 1400//2926
f 1474//2927 1196//2927 1050//2927
f 1474//2928 1050//2928 1402//2928
f 788//2929 741//2929 1403//2929
f 788//2930 1403//2930 1053//2930
f 1405//2931 1319//2931 789//2931
f 1405//2932 789//2932 1052//2932
f 1051//2933 1199//2933 1477//2933
f 1051//2934 1477//2934 1404//2934
f 1417//2935 1072//2935 908//2935
f 1417//2936 908//2936 1340//2936
f 736//2937 1309//2937 1341//2937
f 736//2938 1341//2938 911//2938
f 1335//2939 739//2939 733//2939
f 1335//2940 733//2940 910//2940
f 909//2941 1075//2941 1410//2941
f 909//2942 1410//2942 1334//2942
f 1413//2943 1080//2943 916//2943
f 1413//2944 916//2944 1336//2944
f 1559//2945 857//2945 1337//2945
f 1559//2946 1337//2946 919//2946
f 1339//2947 1544//2947 1546//2947
f 1339//2948 1546//2948 918//2948
f 917//2949 1083//2949 1414//2949
f 917//2950 1414//2950 1338//2950
f 1425//2951 1088//2951 924//2951
f 1425//2952 924//2952 1348//2952
f 1560//2953 1325//2953 1349//2953
f 1560//2954 1349//2954 927//2954
f 1343//2955 860//2955 1548//2955
f 1343//2956 1548//2956 926//2956
f 925//2957 1091//2957 1418//2957
f 925//2958 1418//2958 1342//2958
f 1421//2959 1096//2959 932//2959
f 1421//2960 932//2960 1344//2960
f 750//2961 744//2961 1345//2961
f 750//2962 1345//2962 935//2962
f 1347//2963 1541//2963 747//2963
f 1347//2964 747//2964 934//2964
f 933//2965 1099//2965 1422//2965
f 933//2966 1422//2966 1346//2966
f 1437//2967 1116//2967 960//2967
f 1437//2968 960//2968 1362//2968
f 734//2969 742//2969 1363//2969
f 734//2970 1363//2970 963//2970
f 1365//2971 1540//2971 735//2971
f 1365//2972 735//2972 962//2972
f 961//2973 1119//2973 1438//2973
f 961//2974 1438//2974 1364//2974
f 1441//2975 1124//2975 968//2975
f 1441//2976 968//2976 1366//2976
f 1556//2977 1316//2977 1367//2977
f 1556//2978 1367//2978 971//2978
f 1361//2979 1320//2979 1530//2979
f 1361//2980 1530//2980 970//2980
f 969//2981 1127//2981 1434//2981
f 969//2982 1434//2982 1360//2982
f 1445//2983 1132//2983 976//2983
f 1445//2984 976//2984 1370//2984
f 748//2985 1311//2985 1371//2985
f 748//2986 1371//2986 979//2986
f 1373//2987 745//2987 749//2987
f 1373//2988 749//2988 978//2988
f 977//2989 1135//2989 1446//2989
f 977//2990 1446//2990 1372//2990
f 1449//2991 1140//2991 984//2991
f 1449//2992 984//2992 1374//2992
f 1558//2993 1321//2993 1375//2993
f 1558//2994 1375//2994 987//2994
f 1369//2995 1532//2995 1534//2995
f 1369//2996 1534//2996 986//2996
f 985//2997 1143//2997 1442//2997
f 985//2998 1442//2998 1368//2998
f 1465//2999 1168//2999 1020//2999
f 1465//3000 1020//3000 1392//3000
f 887//3001 740//3001 1393//3001
f 887//3002 1393//3002 1023//3002
f 1387//3003 743//3003 884//3003
f 1387//3004 884//3004 1022//3004
f 1021//3005 1171//3005 1458//3005
f 1021//3006 1458//3006 1386//3006
f 1461//3007 1176//3007 1028//3007
f 1461//3008 1028//3008 1388//3008
f 1561//3009 861//3009 1389//3009
f 1561//3010 1389//3010 1031//3010
f 1391//3011 856//3011 1549//3011
f 1391//3012 1549//3012 1030//3012
f 1029//3013 1179//3013 1462//3013
f 1029//3014 1462//3014 1390//3014
f 1477//3015 1192//3015 1046//3015
f 1477//3016 1046//3016 1404//3016
f 1557//3017 1319//3017 1405//3017
f 1557//3018 1405//3018 1049//3018
f 1399//3019 1322//3019 1531//3019
f 1399//3020 1531//3020 1048//3020
f 1047//3021 1195//3021 1470//3021
f 1047//3022 1470//3022 1398//3022
f 1473//3023 1200//3023 1054//3023
f 1473//3024 1054//3024 1400//3024
f 885//3025 746//3025 1401//3025
f 885//3026 1401//3026 1057//3026
f 1403//3027 741//3027 886//3027
f 1403//3028 886//3028 1056//3028
f 1055//3029 1203//3029 1474//3029
f 1055//3030 1474//3030 1402//3030
f 374//3031 376//3031 1562//3031
f 376//3032 377//3032 1562//3032
f 377//3033 378//3033 1562//3033
f 378//3034 171//3034 1562//3034
f 171//3035 170//3035 1562//3035
f 170//3036 198//3036 1562//3036
f 198//3037 196//3037 1562//3037
f 196//3038 193//3038 1562//3038
f 193//3039 191//3039 1562//3039
f 191//3040 189//3040 1562//3040
f 189//3041 187//3041 1562//3041
f 187//3042 186//3042 1562//3042
f 186//3043 379//3043 1562//3043
f 379//3044 380//3044 1562//3044
f 380//3045 381//3045 1562//3045
f 381//3046 382//3046 1562//3046
f 382//3047 375//3047 1562//3047
f 375//3048 374//3048 1562//3048
f 407//3049 565//3049 408//3049
f 588//3050 582//3050 409//3050
f 588//3051 409//3051 408//3051
f 411//3052 593//3052 412//3052
f 570//3053 576//3053 413//3053
f 570//3054 413//3054 412//3054
f 439//3055 485//3055 440//3055
f 508//3056 502//3056 441//3056
f 508//3057 441//3057 440//3057
f 443//3058 513//3058 444//3058
f 490//3059 496//3059 445//3059
f 490//3060 445//3060 444//3060
f 471//3061 525//3061 472//3061
f 548//3062 542//3062 473//3062
f 548//3063 473//3063 472//3063
f 475//3064 553//3064 476//3064
f 530//3065 536//3065 477//3065
f 530//3066 477//3066 476//3066
f 408//3067 598//3067 595//3067
f 595//3068 591//3068 588//3068
f 595//3069 588//3069 408//3069
f 588//3070 585//3070 582//3070
f 582//3071 578//3071 409//3071
f 412//3072 562//3072 561//3072
f 561//3073 567//3073 570//3073
f 561//3074 570//3074 412//3074
f 570//3075 573//3075 576//3075
f 576//3076 580//3076 413//3076
f 440//3077 518//3077 515//3077
f 515//3078 511//3078 508//3078
f 515//3079 508//3079 440//3079
f 508//3080 505//3080 502//3080
f 502//3081 498//3081 441//3081
f 444//3082 482//3082 481//3082
f 481//3083 487//3083 490//3083
f 481//3084 490//3084 444//3084
f 490//3085 493//3085 496//3085
f 496//3086 500//3086 445//3086
f 472//3087 558//3087 555//3087
f 555//3088 551//3088 548//3088
f 555//3089 548//3089 472//3089
f 548//3090 545//3090 542//3090
f 542//3091 538//3091 473//3091
f 476//3092 522//3092 521//3092
f 521//3093 527//3093 530//3093
f 521//3094 530//3094 476//3094
f 530//3095 533//3095 536//3095
f 536//3096 540//3096 477//3096
f 1563//3097 1564//3097 1565//3097
f 1563//3098 1565//3098 1566//3098
f 1566//3099 1565//3099 1567//3099
f 1566//3100 1567//3100 1568//3100
f 1568//3101 1567//3101 1569//3101
f 1568//3102 1569//3102 1570//3102
f 1570//3103 1569//3103 1571//3103
f 1570//3104 1571//3104 1572//3104
f 1572//3105 1571//3105 1573//3105
f 1572//3106 1573//3106 1574//3106
f 1574//3107 1573//3107 1575//3107
f 1574//3108 1575//3108 1576//3108
f 1576//3109 1575//3109 1577//3109
f 1576//3110 1577//3110 1578//3110
f 1578//3111 1577//3111 1579//3111
f 1578//3112 1579//3112 1580//3112
f 1580//3113 1579//3113 1581//3113
f 1580//3114 1581//3114 1582//3114
f 1582//3115 1581//3115 1583//3115
f 1582//3116 1583//3116 1584//3116
f 1584//3117 1583//3117 1585//3117
f 1584//3118 1585//3118 1586//3118
f 1586//3119 1585//3119 1587//3119
f 1586//3120 1587//3120 1588//3120
f 1588//3121 1587//3121 1589//3121
f 1588//3122 1589//3122 1590//3122
f 1590//3123 1589//3123 1591//3123
f 1590//3124 1591//3124 1592//3124
f 1592//3125 1591//3125 1593//3125
f 1592//3126 1593//3126 1594//3126
f 1594//3127 1593//3127 1595//3127
f 1594//3128 1595//3128 1596//3128
f 1596//3129 1595//3129 1597//3129
f 1596//3130 1597//3130 1598//3130
f 1598//3131 1597//3131 1599//3131
f 1598//3132 1599//3132 1600//3132
f 1600//3133 1599//3133 1601//3133
f 1600//3134 1601//3134 1602//3134
f 1603//3135 1604//3135 1564//3135
f 1603//3136 1564//3136 1563//3136
f 1605//3137 1606//3137 1607//3137
f 1605//3138 1607//3138 1608//3138
f 1609//3139 1605//3139 1608//3139
f 1609//3140 1608//3140 1610//3140
f 1611//3141 1609//3141 1610//3141
f 1611//3142 1610//3142 1612//3142
f 1613//3143 1611//3143 1612//3143
f 1613//3144 1612//3144 1614//3144
f 1615//3145 1613//3145 1614//3145
f 1615//3146 1614//3146 1616//3146
f 1617//3147 1615//3147 1616//3147
f 1617//3148 1616//3148 1618//3148
f 1619//3149 1617//3149 1618//3149
f 1619//3150 1618//3150 1620//3150
f 1621//3151 1619//3151 1620//3151
f 1621//3152 1620//3152 1622//3152
f 1623//3153 1621//3153 1622//3153
f 1623//3154 1622//3154 1624//3154
f 1625//3155 1623//3155 1624//3155
f 1625//3156 1624//3156 1626//3156
f 1627//3157 1625//3157 1626//3157
f 1627//3158 1626//3158 1628//3158
f 1629//3159 1627//3159 1628//3159
f 1629//3160 1628//3160 1630//3160
f 1631//3161 1629//3161 1630//3161
f 1631//3162 1630//3162 1632//3162
f 1633//3163 1631//3163 1632//3163
f 1633//3164 1632//3164 1634//3164
f 1635//3165 1633//3165 1634//3165
f 1635//3166 1634//3166 1636//3166
f 1637//3167 1638//3167 1639//3167
f 1637//3168 1639//3168 1640//3168
f 1641//3169 1637//3169 1640//3169
f 1641//3170 1640//3170 1642//3170
f 1643//3171 1641//3171 1642//3171
f 1643//3172 1642//3172 1644//3172
f 1601//3173 1643//3173 1644//3173
f 1601//3174 1644//3174 1602//3174
f 1606//3175 1604//3175 1603//3175
f 1606//3176 1603//3176 1607//3176
f 1645//3177 1646//3177 1647//3177
f 1645//3178 1647//3178 1648//3178
f 1649//3179 1645//3179 1648//3179
f 1649//3180 1648//3180 1650//3180
f 1651//3181 1649//3181 1650//3181
f 1651//3182 1650//3182 1652//3182
f 1653//3183 1651//3183 1652//3183
f 1653//3184 1652//3184 1654//3184
f 1655//3185 1653//3185 1654//3185
f 1655//3186 1654//3186 1656//3186
f 1657//3187 1655//3187 1656//3187
f 1657//3188 1656//3188 1658//3188
f 1659//3189 1657//3189 1658//3189
f 1659//3190 1658//3190 1660//3190
f 1661//3191 1659//3191 1660//3191
f 1661//3192 1660//3192 1662//3192
f 1663//3193 1661//3193 1662//3193
f 1663//3194 1662//3194 1664//3194
f 1665//3195 1663//3195 1664//3195
f 1665//3196 1664//3196 1666//3196
f 1667//3197 1665//3197 1666//3197
f 1667//3198 1666//3198 1668//3198
f 1669//3199 1667//3199 1668//3199
f 1669//3200 1668//3200 1670//3200
f 1671//3201 1669//3201 1670//3201
f 1671//3202 1670//3202 1672//3202
f 1673//3203 1671//3203 1672//3203
f 1673//3204 1672//3204 1674//3204
f 1675//3205 1673//3205 1674//3205
f 1675//3206 1674//3206 1676//3206
f 1677//3207 1675//3207 1676//3207
f 1677//3208 1676//3208 1678//3208
f 1679//3209 1677//3209 1678//3209
f 1679//3210 1678//3210 1680//3210
f 1681//3211 1679//3211 1680//3211
f 1681//3212 1680//3212 1682//3212
f 1683//3213 1681//3213 1682//3213
f 1683//3214 1682//3214 1684//3214
f 1646//3215 1685//3215 1686//3215
f 1646//3216 1686//3216 1647//3216
f 1687//3217 1688//3217 1689//3217
f 1687//3218 1689//3218 1690//3218
f 1688//3219 1691//3219 1692//3219
f 1688//3220 1692//3220 1689//3220
f 1691//3221 1693//3221 1694//3221
f 1691//3222 1694//3222 1692//3222
f 1693//3223 1695//3223 1696//3223
f 1693//3224 1696//3224 1694//3224
f 1695//3225 1697//3225 1698//3225
f 1695//3226 1698//3226 1696//3226
f 1697//3227 1699//3227 1700//3227
f 1697//3228 1700//3228 1698//3228
f 1699//3229 1701//3229 1702//3229
f 1699//3230 1702//3230 1700//3230
f 1701//3231 1703//3231 1704//3231
f 1701//3232 1704//3232 1702//3232
f 1703//3233 1705//3233 1706//3233
f 1703//3234 1706//3234 1704//3234
f 1705//3235 1707//3235 1708//3235
f 1705//3236 1708//3236 1706//3236
f 1707//3237 1709//3237 1710//3237
f 1707//3238 1710//3238 1708//3238
f 1709//3239 1711//3239 1712//3239
f 1709//3240 1712//3240 1710//3240
f 1711//3241 1713//3241 1714//3241
f 1711//3242 1714//3242 1712//3242
f 1713//3243 1715//3243 1716//3243
f 1713//3244 1716//3244 1714//3244
f 1715//3245 1717//3245 1718//3245
f 1715//3246 1718//3246 1716//3246
f 1717//3247 1719//3247 1720//3247
f 1717//3248 1720//3248 1718//3248
f 1719//3249 1721//3249 1722//3249
f 1719//3250 1722//3250 1720//3250
f 1721//3251 1723//3251 1724//3251
f 1721//3252 1724//3252 1722//3252
f 1723//3253 1683//3253 1684//3253
f 1723//3254 1684//3254 1724//3254
f 1685//3255 1687//3255 1690//3255
f 1685//3256 1690//3256 1686//3256
f 1725//3257 1726//3257 1727//3257
f 1725//3258 1727//3258 1728//3258
f 1729//3259 1725//3259 1728//3259
f 1729//3260 1728//3260 1730//3260
f 1731//3261 1729//3261 1730//3261
f 1731//3262 1730//3262 1732//3262
f 1733//3263 1731//3263 1732//3263
f 1733//3264 1732//3264 1734//3264
f 1735//3265 1733//3265 1734//3265
f 1735//3266 1734//3266 1736//3266
f 1737//3267 1735//3267 1736//3267
f 1737//3268 1736//3268 1738//3268
f 1739//3269 1737//3269 1738//3269
f 1739//3270 1738//3270 1740//3270
f 1741//3271 1739//3271 1740//3271
f 1741//3272 1740//3272 1742//3272
f 1743//3273 1741//3273 1742//3273
f 1743//3274 1742//3274 1744//3274
f 1745//3275 1743//3275 1744//3275
f 1745//3276 1744//3276 1746//3276
f 1747//3277 1745//3277 1746//3277
f 1747//3278 1746//3278 1748//3278
f 1749//3279 1747//3279 1748//3279
f 1749//3280 1748//3280 1750//3280
f 1751//3281 1749//3281 1750//3281
f 1751//3282 1750//3282 1752//3282
f 1753//3283 1751//3283 1752//3283
f 1753//3284 1752//3284 1754//3284
f 1755//3285 1753//3285 1754//3285
f 1755//3286 1754//3286 1756//3286
f 1755//3287 1756//3287 1757//3287
f 1755//3288 1757//3288 1758//3288
f 1759//3289 1758//3289 1757//3289
f 1759//3290 1757//3290 1760//3290
f 1761//3291 1759//3291 1760//3291
f 1761//3292 1760//3292 1762//3292
f 1761//3293 1762//3293 1763//3293
f 1761//3294 1763//3294 1764//3294
f 1765//3295 1766//3295 1727//3295
f 1765//3296 1727//3296 1726//3296
f 1767//3297 1768//3297 1769//3297
f 1767//3298 1769//3298 1770//3298
f 1771//3299 1772//3299 1768//3299
f 1771//3300 1768//3300 1767//3300
f 1773//3301 1774//3301 1772//3301
f 1773//3302 1772//3302 1771//3302
f 1775//3303 1776//3303 1774//3303
f 1775//3304 1774//3304 1773//3304
f 1777//3305 1778//3305 1776//3305
f 1777//3306 1776//3306 1775//3306
f 1779//3307 1780//3307 1778//3307
f 1779//3308 1778//3308 1777//3308
f 1781//3309 1782//3309 1780//3309
f 1781//3310 1780//3310 1779//3310
f 1783//3311 1784//3311 1782//3311
f 1783//3312 1782//3312 1781//3312
f 1785//3313 1786//3313 1784//3313
f 1785//3314 1784//3314 1783//3314
f 1787//3315 1788//3315 1786//3315
f 1787//3316 1786//3316 1785//3316
f 1789//3317 1790//3317 1788//3317
f 1789//3318 1788//3318 1787//3318
f 1791//3319 1792//3319 1790//3319
f 1791//3320 1790//3320 1789//3320
f 1793//3321 1794//3321 1792//3321
f 1793//3322 1792//3322 1791//3322
f 1795//3323 1796//3323 1794//3323
f 1795//3324 1794//3324 1793//3324
f 1797//3325 1798//3325 1796//3325
f 1797//3326 1796//3326 1795//3326
f 1799//3327 1800//3327 1798//3327
f 1799//3328 1798//3328 1797//3328
f 1801//3329 1802//3329 1800//3329
f 1801//3330 1800//3330 1799//3330
f 1803//3331 1804//3331 1802//3331
f 1803//3332 1802//3332 1801//3332
f 1805//3333 1763//3333 1804//3333
f 1805//3334 1804//3334 1803//3334
f 1770//3335 1769//3335 1766//3335
f 1770//3336 1766//3336 1765//3336
f 1806//3337 1807//3337 1808//3337
f 1806//3338 1808//3338 1809//3338
f 1810//3339 1811//3339 1807//3339
f 1810//3340 1807//3340 1806//3340
f 1812//3341 1813//3341 1811//3341
f 1812//3342 1811//3342 1810//3342
f 1814//3343 1815//3343 1813//3343
f 1814//3344 1813//3344 1812//3344
f 1816//3345 1817//3345 1815//3345
f 1816//3346 1815//3346 1814//3346
f 1818//3347 1819//3347 1817//3347
f 1818//3348 1817//3348 1816//3348
f 1820//3349 1821//3349 1819//3349
f 1820//3350 1819//3350 1818//3350
f 1822//3351 1823//3351 1821//3351
f 1822//3352 1821//3352 1820//3352
f 1824//3353 1825//3353 1823//3353
f 1824//3354 1823//3354 1822//3354
f 1826//3355 1827//3355 1825//3355
f 1826//3356 1825//3356 1824//3356
f 1828//3357 1829//3357 1827//3357
f 1828//3358 1827//3358 1826//3358
f 1830//3359 1831//3359 1829//3359
f 1830//3360 1829//3360 1828//3360
f 1832//3361 1833//3361 1831//3361
f 1832//3362 1831//3362 1830//3362
f 1834//3363 1835//3363 1833//3363
f 1834//3364 1833//3364 1832//3364
f 1836//3365 1837//3365 1835//3365
f 1836//3366 1835//3366 1834//3366
f 1838//3367 1839//3367 1837//3367
f 1838//3368 1837//3368 1836//3368
f 1840//3369 1841//3369 1839//3369
f 1840//3370 1839//3370 1838//3370
f 1842//3371 1843//3371 1841//3371
f 1842//3372 1841//3372 1840//3372
f 1844//3373 1845//3373 1843//3373
f 1844//3374 1843//3374 1842//3374
f 1809//3375 1808//3375 1846//3375
f 1809//3376 1846//3376 1847//3376
f 1848//3377 1849//3377 1850//3377
f 1848//3378 1850//3378 1851//3378
f 1851//3379 1850//3379 1852//3379
f 1851//3380 1852//3380 1853//3380
f 1853//3381 1852//3381 1854//3381
f 1853//3382 1854//3382 1855//3382
f 1855//3383 1854//3383 1856//3383
f 1855//3384 1856//3384 1857//3384
f 1857//3385 1856//3385 1858//3385
f 1857//3386 1858//3386 1859//3386
f 1859//3387 1858//3387 1860//3387
f 1859//3388 1860//3388 1861//3388
f 1861//3389 1860//3389 1862//3389
f 1861//3390 1862//3390 1863//3390
f 1863//3391 1862//3391 1864//3391
f 1863//3392 1864//3392 1865//3392
f 1865//3393 1864//3393 1866//3393
f 1865//3394 1866//3394 1867//3394
f 1867//3395 1866//3395 1868//3395
f 1867//3396 1868//3396 1869//3396
f 1869//3397 1868//3397 1870//3397
f 1869//3398 1870//3398 1871//3398
f 1871//3399 1870//3399 1872//3399
f 1871//3400 1872//3400 1873//3400
f 1873//3401 1872//3401 1874//3401
f 1873//3402 1874//3402 1875//3402
f 1875//3403 1874//3403 1876//3403
f 1875//3404 1876//3404 1877//3404
f 1878//3405 1879//3405 1877//3405
f 1878//3406 1877//3406 1876//3406
f 1878//3407 1880//3407 1881//3407
f 1878//3408 1881//3408 1882//3408
f 1881//3409 1880//3409 1883//3409
f 1881//3410 1883//3410 1884//3410
f 1884//3411 1883//3411 1885//3411
f 1884//3412 1885//3412 1886//3412
f 1886//3413 1885//3413 1845//3413
f 1886//3414 1845//3414 1844//3414
f 1847//3415 1846//3415 1849//3415
f 1847//3416 1849//3416 1848//3416
f 1645//3417 1887//3417 1888//3417
f 1645//3418 1888//3418 1646//3418
f 1649//3419 1889//3419 1887//3419
f 1649//3420 1887//3420 1645//3420
f 1651//3421 1890//3421 1889//3421
f 1651//3422 1889//3422 1649//3422
f 1653//3423 1891//3423 1890//3423
f 1653//3424 1890//3424 1651//3424
f 1655//3425 1892//3425 1891//3425
f 1655//3426 1891//3426 1653//3426
f 1657//3427 1893//3427 1892//3427
f 1657//3428 1892//3428 1655//3428
f 1659//3429 1894//3429 1893//3429
f 1659//3430 1893//3430 1657//3430
f 1661//3431 1895//3431 1894//3431
f 1661//3432 1894//3432 1659//3432
f 1663//3433 1896//3433 1895//3433
f 1663//3434 1895//3434 1661//3434
f 1665//3435 1897//3435 1896//3435
f 1665//3436 1896//3436 1663//3436
f 1667//3437 1898//3437 1897//3437
f 1667//3438 1897//3438 1665//3438
f 1669//3439 1899//3439 1898//3439
f 1669//3440 1898//3440 1667//3440
f 1671//3441 1900//3441 1899//3441
f 1671//3442 1899//3442 1669//3442
f 1673//3443 1901//3443 1900//3443
f 1673//3444 1900//3444 1671//3444
f 1675//3445 1902//3445 1901//3445
f 1675//3446 1901//3446 1673//3446
f 1677//3447 1903//3447 1902//3447
f 1677//3448 1902//3448 1675//3448
f 1679//3449 1904//3449 1903//3449
f 1679//3450 1903//3450 1677//3450
f 1681//3451 1905//3451 1904//3451
f 1681//3452 1904//3452 1679//3452
f 1683//3453 1906//3453 1905//3453
f 1683//3454 1905//3454 1681//3454
f 1646//3455 1888//3455 1907//3455
f 1646//3456 1907//3456 1685//3456
f 1687//3457 1908//3457 1909//3457
f 1687//3458 1909//3458 1688//3458
f 1688//3459 1909//3459 1910//3459
f 1688//3460 1910//3460 1691//3460
f 1691//3461 1910//3461 1911//3461
f 1691//3462 1911//3462 1693//3462
f 1693//3463 1911//3463 1912//3463
f 1693//3464 1912//3464 1695//3464
f 1695//3465 1912//3465 1913//3465
f 1695//3466 1913//3466 1697//3466
f 1697//3467 1913//3467 1914//3467
f 1697//3468 1914//3468 1699//3468
f 1699//3469 1914//3469 1915//3469
f 1699//3470 1915//3470 1701//3470
f 1701//3471 1915//3471 1916//3471
f 1701//3472 1916//3472 1703//3472
f 1703//3473 1916//3473 1917//3473
f 1703//3474 1917//3474 1705//3474
f 1705//3475 1917//3475 1918//3475
f 1705//3476 1918//3476 1707//3476
f 1707//3477 1918//3477 1919//3477
f 1707//3478 1919//3478 1709//3478
f 1709//3479 1919//3479 1920//3479
f 1709//3480 1920//3480 1711//3480
f 1711//3481 1920//3481 1921//3481
f 1711//3482 1921//3482 1713//3482
f 1713//3483 1921//3483 1922//3483
f 1713//3484 1922//3484 1715//3484
f 1715//3485 1922//3485 1923//3485
f 1715//3486 1923//3486 1717//3486
f 1717//3487 1923//3487 1924//3487
f 1717//3488 1924//3488 1719//3488
f 1719//3489 1924//3489 1925//3489
f 1719//3490 1925//3490 1721//3490
f 1721//3491 1925//3491 1926//3491
f 1721//3492 1926//3492 1723//3492
f 1723//3493 1926//3493 1906//3493
f 1723//3494 1906//3494 1683//3494
f 1685//3495 1907//3495 1908//3495
f 1685//3496 1908//3496 1687//3496
f 1807//3497 1648//3497 1647//3497
f 1807//3498 1647//3498 1808//3498
f 1811//3499 1650//3499 1648//3499
f 1811//3500 1648//3500 1807//3500
f 1813//3501 1652//3501 1650//3501
f 1813//3502 1650//3502 1811//3502
f 1815//3503 1654//3503 1652//3503
f 1815//3504 1652//3504 1813//3504
f 1817//3505 1656//3505 1654//3505
f 1817//3506 1654//3506 1815//3506
f 1819//3507 1658//3507 1656//3507
f 1819//3508 1656//3508 1817//3508
f 1821//3509 1660//3509 1658//3509
f 1821//3510 1658//3510 1819//3510
f 1823//3511 1662//3511 1660//3511
f 1823//3512 1660//3512 1821//3512
f 1825//3513 1664//3513 1662//3513
f 1825//3514 1662//3514 1823//3514
f 1827//3515 1666//3515 1664//3515
f 1827//3516 1664//3516 1825//3516
f 1829//3517 1668//3517 1666//3517
f 1829//3518 1666//3518 1827//3518
f 1831//3519 1670//3519 1668//3519
f 1831//3520 1668//3520 1829//3520
f 1833//3521 1672//3521 1670//3521
f 1833//3522 1670//3522 1831//3522
f 1835//3523 1674//3523 1672//3523
f 1835//3524 1672//3524 1833//3524
f 1837//3525 1676//3525 1674//3525
f 1837//3526 1674//3526 1835//3526
f 1839//3527 1678//3527 1676//3527
f 1839//3528 1676//3528 1837//3528
f 1841//3529 1680//3529 1678//3529
f 1841//3530 1678//3530 1839//3530
f 1843//3531 1682//3531 1680//3531
f 1843//3532 1680//3532 1841//3532
f 1845//3533 1684//3533 1682//3533
f 1845//3534 1682//3534 1843//3534
f 1808//3535 1647//3535 1686//3535
f 1808//3536 1686//3536 1846//3536
f 1849//3537 1690//3537 1689//3537
f 1849//3538 1689//3538 1850//3538
f 1850//3539 1689//3539 1692//3539
f 1850//3540 1692//3540 1852//3540
f 1852//3541 1692//3541 1694//3541
f 1852//3542 1694//3542 1854//3542
f 1854//3543 1694//3543 1696//3543
f 1854//3544 1696//3544 1856//3544
f 1856//3545 1696//3545 1698//3545
f 1856//3546 1698//3546 1858//3546
f 1858//3547 1698//3547 1700//3547
f 1858//3548 1700//3548 1860//3548
f 1860//3549 1700//3549 1702//3549
f 1860//3550 1702//3550 1862//3550
f 1862//3551 1702//3551 1704//3551
f 1862//3552 1704//3552 1864//3552
f 1864//3553 1704//3553 1706//3553
f 1864//3554 1706//3554 1866//3554
f 1866//3555 1706//3555 1708//3555
f 1866//3556 1708//3556 1868//3556
f 1868//3557 1708//3557 1710//3557
f 1868//3558 1710//3558 1870//3558
f 1870//3559 1710//3559 1712//3559
f 1870//3560 1712//3560 1872//3560
f 1872//3561 1712//3561 1714//3561
f 1872//3562 1714//3562 1874//3562
f 1874//3563 1714//3563 1716//3563
f 1874//3564 1716//3564 1876//3564
f 1876//3565 1716//3565 1718//3565
f 1876//3566 1718//3566 1878//3566
f 1878//3567 1718//3567 1720//3567
f 1878//3568 1720//3568 1880//3568
f 1880//3569 1720//3569 1722//3569
f 1880//3570 1722//3570 1883//3570
f 1883//3571 1722//3571 1724//3571
f 1883//3572 1724//3572 1885//3572
f 1885//3573 1724//3573 1684//3573
f 1885//3574 1684//3574 1845//3574
f 1846//3575 1686//3575 1690//3575
f 1846//3576 1690//3576 1849//3576
f 1887//3577 1728//3577 1727//3577
f 1887//3578 1727//3578 1888//3578
f 1889//3579 1730//3579 1728//3579
f 1889//3580 1728//3580 1887//3580
f 1890//3581 1732//3581 1730//3581
f 1890//3582 1730//3582 1889//3582
f 1891//3583 1734//3583 1732//3583
f 1891//3584 1732//3584 1890//3584
f 1892//3585 1736//3585 1734//3585
f 1892//3586 1734//3586 1891//3586
f 1893//3587 1738//3587 1736//3587
f 1893//3588 1736//3588 1892//3588
f 1894//3589 1740//3589 1738//3589
f 1894//3590 1738//3590 1893//3590
f 1895//3591 1742//3591 1740//3591
f 1895//3592 1740//3592 1894//3592
f 1896//3593 1744//3593 1742//3593
f 1896//3594 1742//3594 1895//3594
f 1897//3595 1746//3595 1744//3595
f 1897//3596 1744//3596 1896//3596
f 1898//3597 1748//3597 1746//3597
f 1898//3598 1746//3598 1897//3598
f 1899//3599 1750//3599 1748//3599
f 1899//3600 1748//3600 1898//3600
f 1900//3601 1752//3601 1750//3601
f 1900//3602 1750//3602 1899//3602
f 1901//3603 1754//3603 1752//3603
f 1901//3604 1752//3604 1900//3604
f 1902//3605 1756//3605 1754//3605
f 1902//3606 1754//3606 1901//3606
f 1903//3607 1757//3607 1756//3607
f 1903//3608 1756//3608 1902//3608
f 1904//3609 1760//3609 1757//3609
f 1904//3610 1757//3610 1903//3610
f 1905//3611 1762//3611 1760//3611
f 1905//3612 1760//3612 1904//3612
f 1906//3613 1763//3613 1762//3613
f 1906//3614 1762//3614 1905//3614
f 1888//3615 1727//3615 1766//3615
f 1888//3616 1766//3616 1907//3616
f 1908//3617 1769//3617 1768//3617
f 1908//3618 1768//3618 1909//3618
f 1909//3619 1768//3619 1772//3619
f 1909//3620 1772//3620 1910//3620
f 1910//3621 1772//3621 1774//3621
f 1910//3622 1774//3622 1911//3622
f 1911//3623 1774//3623 1776//3623
f 1911//3624 1776//3624 1912//3624
f 1912//3625 1776//3625 1778//3625
f 1912//3626 1778//3626 1913//3626
f 1913//3627 1778//3627 1780//3627
f 1913//3628 1780//3628 1914//3628
f 1914//3629 1780//3629 1782//3629
f 1914//3630 1782//3630 1915//3630
f 1915//3631 1782//3631 1784//3631
f 1915//3632 1784//3632 1916//3632
f 1916//3633 1784//3633 1786//3633
f 1916//3634 1786//3634 1917//3634
f 1917//3635 1786//3635 1788//3635
f 1917//3636 1788//3636 1918//3636
f 1918//3637 1788//3637 1790//3637
f 1918//3638 1790//3638 1919//3638
f 1919//3639 1790//3639 1792//3639
f 1919//3640 1792//3640 1920//3640
f 1920//3641 1792//3641 1794//3641
f 1920//3642 1794//3642 1921//3642
f 1921//3643 1794//3643 1796//3643
f 1921//3644 1796//3644 1922//3644
f 1922//3645 1796//3645 1798//3645
f 1922//3646 1798//3646 1923//3646
f 1923//3647 1798//3647 1800//3647
f 1923//3648 1800//3648 1924//3648
f 1924//3649 1800//3649 1802//3649
f 1924//3650 1802//3650 1925//3650
f 1925//3651 1802//3651 1804//3651
f 1925//3652 1804//3652 1926//3652
f 1804//3653 1763//3653 1906//3653
f 1804//3654 1906//3654 1926//3654
f 1907//3655 1766//3655 1769//3655
f 1907//3656 1769//3656 1908//3656
f 1878//3657 1927//3657 1879//3657
f 1928//3658 1879//3658 1927//3658
f 1928//3659 1927//3659 1929//3659
f 1930//3660 1764//3660 1763//3660
f 1878//3661 1882//3661 1927//3661
f 1929//3662 1927//3662 1882//3662
f 1929//3663 1882//3663 1931//3663
f 1763//3664 1805//3664 1930//3664
f 1932//3665 1933//3665 1806//3665
f 1932//3666 1806//3666 1809//3666
f 1933//3667 1934//3667 1810//3667
f 1933//3668 1810//3668 1806//3668
f 1934//3669 1935//3669 1812//3669
f 1934//3670 1812//3670 1810//3670
f 1935//3671 1936//3671 1814//3671
f 1935//3672 1814//3672 1812//3672
f 1936//3673 1937//3673 1816//3673
f 1936//3674 1816//3674 1814//3674
f 1937//3675 1938//3675 1818//3675
f 1937//3676 1818//3676 1816//3676
f 1938//3677 1939//3677 1820//3677
f 1938//3678 1820//3678 1818//3678
f 1939//3679 1940//3679 1822//3679
f 1939//3680 1822//3680 1820//3680
f 1940//3681 1941//3681 1824//3681
f 1940//3682 1824//3682 1822//3682
f 1941//3683 1942//3683 1826//3683
f 1941//3684 1826//3684 1824//3684
f 1942//3685 1943//3685 1828//3685
f 1942//3686 1828//3686 1826//3686
f 1943//3687 1944//3687 1830//3687
f 1943//3688 1830//3688 1828//3688
f 1944//3689 1945//3689 1832//3689
f 1944//3690 1832//3690 1830//3690
f 1945//3691 1946//3691 1834//3691
f 1945//3692 1834//3692 1832//3692
f 1946//3693 1947//3693 1836//3693
f 1946//3694 1836//3694 1834//3694
f 1947//3695 1948//3695 1838//3695
f 1947//3696 1838//3696 1836//3696
f 1838//3697 1948//3697 1949//3697
f 1838//3698 1949//3698 1840//3698
f 1840//3699 1949//3699 1950//3699
f 1840//3700 1950//3700 1842//3700
f 1950//3701 1951//3701 1844//3701
f 1950//3702 1844//3702 1842//3702
f 1952//3703 1932//3703 1809//3703
f 1952//3704 1809//3704 1847//3704
f 1953//3705 1954//3705 1848//3705
f 1953//3706 1848//3706 1851//3706
f 1955//3707 1953//3707 1851//3707
f 1955//3708 1851//3708 1853//3708
f 1956//3709 1955//3709 1853//3709
f 1956//3710 1853//3710 1855//3710
f 1957//3711 1956//3711 1855//3711
f 1957//3712 1855//3712 1857//3712
f 1958//3713 1957//3713 1857//3713
f 1958//3714 1857//3714 1859//3714
f 1959//3715 1958//3715 1859//3715
f 1959//3716 1859//3716 1861//3716
f 1960//3717 1959//3717 1861//3717
f 1960//3718 1861//3718 1863//3718
f 1961//3719 1960//3719 1863//3719
f 1961//3720 1863//3720 1865//3720
f 1962//3721 1961//3721 1865//3721
f 1962//3722 1865//3722 1867//3722
f 1963//3723 1962//3723 1867//3723
f 1963//3724 1867//3724 1869//3724
f 1964//3725 1963//3725 1869//3725
f 1964//3726 1869//3726 1871//3726
f 1965//3727 1964//3727 1871//3727
f 1965//3728 1871//3728 1873//3728
f 1966//3729 1965//3729 1873//3729
f 1966//3730 1873//3730 1875//3730
f 1967//3731 1966//3731 1875//3731
f 1967//3732 1875//3732 1877//3732
f 1928//3733 1967//3733 1877//3733
f 1928//3734 1877//3734 1879//3734
f 1968//3735 1931//3735 1882//3735
f 1968//3736 1882//3736 1881//3736
f 1969//3737 1968//3737 1881//3737
f 1969//3738 1881//3738 1884//3738
f 1970//3739 1969//3739 1884//3739
f 1970//3740 1884//3740 1886//3740
f 1951//3741 1970//3741 1886//3741
f 1951//3742 1886//3742 1844//3742
f 1954//3743 1952//3743 1847//3743
f 1954//3744 1847//3744 1848//3744
f 1971//3745 1972//3745 1973//3745
f 1971//3746 1973//3746 1974//3746
f 1972//3747 1975//3747 1976//3747
f 1972//3748 1976//3748 1973//3748
f 1975//3749 1977//3749 1978//3749
f 1975//3750 1978//3750 1976//3750
f 1977//3751 1979//3751 1980//3751
f 1977//3752 1980//3752 1978//3752
f 1979//3753 1981//3753 1982//3753
f 1979//3754 1982//3754 1980//3754
f 1981//3755 1983//3755 1984//3755
f 1981//3756 1984//3756 1982//3756
f 1983//3757 1985//3757 1986//3757
f 1983//3758 1986//3758 1984//3758
f 1985//3759 1987//3759 1988//3759
f 1985//3760 1988//3760 1986//3760
f 1987//3761 1989//3761 1990//3761
f 1987//3762 1990//3762 1988//3762
f 1989//3763 1991//3763 1992//3763
f 1989//3764 1992//3764 1990//3764
f 1991//3765 1993//3765 1994//3765
f 1991//3766 1994//3766 1992//3766
f 1993//3767 1995//3767 1996//3767
f 1993//3768 1996//3768 1994//3768
f 1995//3769 1997//3769 1998//3769
f 1995//3770 1998//3770 1996//3770
f 1997//3771 1999//3771 2000//3771
f 1997//3772 2000//3772 1998//3772
f 1999//3773 2001//3773 2002//3773
f 1999//3774 2002//3774 2000//3774
f 2001//3775 2003//3775 2004//3775
f 2001//3776 2004//3776 2002//3776
f 2003//3777 2005//3777 2006//3777
f 2003//3778 2006//3778 2004//3778
f 2005//3779 2007//3779 2008//3779
f 2005//3780 2008//3780 2006//3780
f 2007//3781 2009//3781 2010//3781
f 2007//3782 2010//3782 2008//3782
f 2011//3783 1971//3783 1974//3783
f 2011//3784 1974//3784 2012//3784
f 2013//3785 2014//3785 2015//3785
f 2013//3786 2015//3786 2016//3786
f 2017//3787 2013//3787 2016//3787
f 2017//3788 2016//3788 2018//3788
f 2019//3789 2017//3789 2018//3789
f 2019//3790 2018//3790 2020//3790
f 2021//3791 2019//3791 2020//3791
f 2021//3792 2020//3792 2022//3792
f 2023//3793 2021//3793 2022//3793
f 2023//3794 2022//3794 2024//3794
f 2025//3795 2023//3795 2024//3795
f 2025//3796 2024//3796 2026//3796
f 2027//3797 2025//3797 2026//3797
f 2027//3798 2026//3798 2028//3798
f 2029//3799 2027//3799 2028//3799
f 2029//3800 2028//3800 2030//3800
f 2031//3801 2029//3801 2030//3801
f 2031//3802 2030//3802 2032//3802
f 2033//3803 2031//3803 2032//3803
f 2033//3804 2032//3804 2034//3804
f 2035//3805 2033//3805 2034//3805
f 2035//3806 2034//3806 2036//3806
f 2037//3807 2035//3807 2036//3807
f 2037//3808 2036//3808 2038//3808
f 2039//3809 2037//3809 2038//3809
f 2039//3810 2038//3810 2040//3810
f 2041//3811 2039//3811 2040//3811
f 2041//3812 2040//3812 2042//3812
f 2043//3813 2041//3813 2042//3813
f 2043//3814 2042//3814 2044//3814
f 2045//3815 2043//3815 2044//3815
f 2045//3816 2044//3816 2046//3816
f 2047//3817 2045//3817 2046//3817
f 2047//3818 2046//3818 2048//3818
f 2049//3819 2047//3819 2048//3819
f 2049//3820 2048//3820 2050//3820
f 2051//3821 2049//3821 2050//3821
f 2051//3822 2050//3822 2052//3822
f 2014//3823 2011//3823 2012//3823
f 2014//3824 2012//3824 2015//3824
f 1636//3825 2053//3825 2054//3825
f 1636//3826 2054//3826 1635//3826
f 2009//3827 2055//3827 2056//3827
f 2009//3828 2056//3828 2010//3828
f 2053//3829 1639//3829 1638//3829
f 2053//3830 1638//3830 2054//3830
f 2055//3831 2051//3831 2052//3831
f 2055//3832 2052//3832 2056//3832
f 1932//3833 1563//3833 1566//3833
f 1932//3834 1566//3834 1933//3834
f 1933//3835 1566//3835 1568//3835
f 1933//3836 1568//3836 1934//3836
f 1934//3837 1568//3837 1570//3837
f 1934//3838 1570//3838 1935//3838
f 1935//3839 1570//3839 1572//3839
f 1935//3840 1572//3840 1936//3840
f 1936//3841 1572//3841 1574//3841
f 1936//3842 1574//3842 1937//3842
f 1937//3843 1574//3843 1576//3843
f 1937//3844 1576//3844 1938//3844
f 1938//3845 1576//3845 1578//3845
f 1938//3846 1578//3846 1939//3846
f 1939//3847 1578//3847 1580//3847
f 1939//3848 1580//3848 1940//3848
f 1940//3849 1580//3849 1582//3849
f 1940//3850 1582//3850 1941//3850
f 1941//3851 1582//3851 1584//3851
f 1941//3852 1584//3852 1942//3852
f 1942//3853 1584//3853 1586//3853
f 1942//3854 1586//3854 1943//3854
f 1943//3855 1586//3855 1588//3855
f 1943//3856 1588//3856 1944//3856
f 1944//3857 1588//3857 1590//3857
f 1944//3858 1590//3858 1945//3858
f 1945//3859 1590//3859 1592//3859
f 1945//3860 1592//3860 1946//3860
f 1946//3861 1592//3861 1594//3861
f 1946//3862 1594//3862 1947//3862
f 1947//3863 1594//3863 1596//3863
f 1947//3864 1596//3864 1948//3864
f 1948//3865 1596//3865 1598//3865
f 1948//3866 1598//3866 1949//3866
f 1949//3867 1598//3867 1600//3867
f 1949//3868 1600//3868 1950//3868
f 1950//3869 1600//3869 1602//3869
f 1950//3870 1602//3870 1951//3870
f 1952//3871 1603//3871 1563//3871
f 1952//3872 1563//3872 1932//3872
f 1953//3873 1608//3873 1607//3873
f 1953//3874 1607//3874 1954//3874
f 1955//3875 1610//3875 1608//3875
f 1955//3876 1608//3876 1953//3876
f 1956//3877 1612//3877 1610//3877
f 1956//3878 1610//3878 1955//3878
f 1957//3879 1614//3879 1612//3879
f 1957//3880 1612//3880 1956//3880
f 1958//3881 1616//3881 1614//3881
f 1958//3882 1614//3882 1957//3882
f 1959//3883 1618//3883 1616//3883
f 1959//3884 1616//3884 1958//3884
f 1960//3885 1620//3885 1618//3885
f 1960//3886 1618//3886 1959//3886
f 1961//3887 1622//3887 1620//3887
f 1961//3888 1620//3888 1960//3888
f 1962//3889 1624//3889 1622//3889
f 1962//3890 1622//3890 1961//3890
f 1963//3891 1626//3891 1624//3891
f 1963//3892 1624//3892 1962//3892
f 1964//3893 1628//3893 1626//3893
f 1964//3894 1626//3894 1963//3894
f 1965//3895 1630//3895 1628//3895
f 1965//3896 1628//3896 1964//3896
f 1966//3897 1632//3897 1630//3897
f 1966//3898 1630//3898 1965//3898
f 1967//3899 1634//3899 1632//3899
f 1967//3900 1632//3900 1966//3900
f 1928//3901 1636//3901 1634//3901
f 1928//3902 1634//3902 1967//3902
f 1968//3903 1640//3903 1639//3903
f 1968//3904 1639//3904 1931//3904
f 1969//3905 1642//3905 1640//3905
f 1969//3906 1640//3906 1968//3906
f 1970//3907 1644//3907 1642//3907
f 1970//3908 1642//3908 1969//3908
f 1951//3909 1602//3909 1644//3909
f 1951//3910 1644//3910 1970//3910
f 1954//3911 1607//3911 1603//3911
f 1954//3912 1603//3912 1952//3912
f 1971//3913 1726//3913 1725//3913
f 1971//3914 1725//3914 1972//3914
f 1972//3915 1725//3915 1729//3915
f 1972//3916 1729//3916 1975//3916
f 1975//3917 1729//3917 1731//3917
f 1975//3918 1731//3918 1977//3918
f 1977//3919 1731//3919 1733//3919
f 1977//3920 1733//3920 1979//3920
f 1979//3921 1733//3921 1735//3921
f 1979//3922 1735//3922 1981//3922
f 1981//3923 1735//3923 1737//3923
f 1981//3924 1737//3924 1983//3924
f 1983//3925 1737//3925 1739//3925
f 1983//3926 1739//3926 1985//3926
f 1985//3927 1739//3927 1741//3927
f 1985//3928 1741//3928 1987//3928
f 1987//3929 1741//3929 1743//3929
f 1987//3930 1743//3930 1989//3930
f 1989//3931 1743//3931 1745//3931
f 1989//3932 1745//3932 1991//3932
f 1991//3933 1745//3933 1747//3933
f 1991//3934 1747//3934 1993//3934
f 1993//3935 1747//3935 1749//3935
f 1993//3936 1749//3936 1995//3936
f 1995//3937 1749//3937 1751//3937
f 1995//3938 1751//3938 1997//3938
f 1997//3939 1751//3939 1753//3939
f 1997//3940 1753//3940 1999//3940
f 1999//3941 1753//3941 1755//3941
f 1999//3942 1755//3942 2001//3942
f 2001//3943 1755//3943 1758//3943
f 2001//3944 1758//3944 2003//3944
f 2003//3945 1758//3945 1759//3945
f 2003//3946 1759//3946 2005//3946
f 2005//3947 1759//3947 1761//3947
f 2005//3948 1761//3948 2007//3948
f 2007//3949 1761//3949 1764//3949
f 2007//3950 1764//3950 2009//3950
f 2011//3951 1765//3951 1726//3951
f 2011//3952 1726//3952 1971//3952
f 2013//3953 1767//3953 1770//3953
f 2013//3954 1770//3954 2014//3954
f 2017//3955 1771//3955 1767//3955
f 2017//3956 1767//3956 2013//3956
f 2019//3957 1773//3957 1771//3957
f 2019//3958 1771//3958 2017//3958
f 2021//3959 1775//3959 1773//3959
f 2021//3960 1773//3960 2019//3960
f 2023//3961 1777//3961 1775//3961
f 2023//3962 1775//3962 2021//3962
f 2025//3963 1779//3963 1777//3963
f 2025//3964 1777//3964 2023//3964
f 2027//3965 1781//3965 1779//3965
f 2027//3966 1779//3966 2025//3966
f 2029//3967 1783//3967 1781//3967
f 2029//3968 1781//3968 2027//3968
f 2031//3969 1785//3969 1783//3969
f 2031//3970 1783//3970 2029//3970
f 2033//3971 1787//3971 1785//3971
f 2033//3972 1785//3972 2031//3972
f 2035//3973 1789//3973 1787//3973
f 2035//3974 1787//3974 2033//3974
f 2037//3975 1791//3975 1789//3975
f 2037//3976 1789//3976 2035//3976
f 2039//3977 1793//3977 1791//3977
f 2039//3978 1791//3978 2037//3978
f 2041//3979 1795//3979 1793//3979
f 2041//3980 1793//3980 2039//3980
f 2043//3981 1797//3981 1795//3981
f 2043//3982 1795//3982 2041//3982
f 2045//3983 1799//3983 1797//3983
f 2045//3984 1797//3984 2043//3984
f 2047//3985 1801//3985 1799//3985
f 2047//3986 1799//3986 2045//3986
f 2049//3987 1803//3987 1801//3987
f 2049//3988 1801//3988 2047//3988
f 2051//3989 1805//3989 1803//3989
f 2051//3990 1803//3990 2049//3990
f 2014//3991 1770//3991 1765//3991
f 2014//3992 1765//3992 2011//3992
f 1636//3993 1928//3993 1929//3993
f 1636//3994 1929//3994 2053//3994
f 2009//3995 1764//3995 1930//3995
f 2009//3996 1930//3996 2055//3996
f 2053//3997 1929//3997 1931//3997
f 2053//3998 1931//3998 1639//3998
f 2055//3999 1930//3999 1805//3999
f 2055//4000 1805//4000 2051//4000
f 1565//4001 1564//4001 2057//4001
f 1564//4002 1604//4002 2057//4002
f 1604//4003 1606//4003 2057//4003
f 1606//4004 1605//4004 2057//4004
f 1605//4005 1609//4005 2057//4005
f 1609//4006 1611//4006 2057//4006
f 1611//4007 1613//4007 2057//4007
f 1613//4008 1615//4008 2057//4008
f 1615//4009 1617//4009 2057//4009
f 1617//4010 1619//4010 2057//4010
f 1619//4011 1621//4011 2057//4011
f 1621//4012 1623//4012 2057//4012
f 1623//4013 1625//4013 2057//4013
f 1625//4014 1627//4014 2057//4014
f 1627//4015 1629//4015 2057//4015
f 1629//4016 1631//4016 2057//4016
f 1631//4017 1633//4017 2057//4017
f 1633//4018 1635//4018 2057//4018
f 1635//4019 2054//4019 2057//4019
f 2054//4020 1638//4020 2057//4020
f 1638//4021 1637//4021 2057//4021
f 1637//4022 1641//4022 2057//4022
f 1641//4023 1643//4023 2057//4023
f 1643//4024 1601//4024 2057//4024
f 1601//4025 1599//4025 2057//4025
f 1599//4026 1597//4026 2057//4026
f 1597//4027 1595//4027 2057//4027
f 1595//4028 1593//4028 2057//4028
f 1593//4029 1591//4029 2057//4029
f 1591//4030 1589//4030 2057//4030
f 1589//4031 1587//4031 2057//4031
f 1587//4032 1585//4032 2057//4032
f 1585//4033 1583//4033 2057//4033
f 1583//4034 1581//4034 2057//4034
f 1581//4035 1579//4035 2057//4035
f 1579//4036 1577//4036 2057//4036
f 1577//4037 1575//4037 2057//4037
f 1575//4038 1573//4038 2057//4038
f 1573//4039 1571//4039 2057//4039
f 1571//4040 1569//4040 2057//4040
f 1569//4041 1567//4041 2057//4041
f 1567//4042 1565//4042 2057//4042
f 1974//4043 1973//4043 2058//4043
f 1973//4044 1976//4044 2058//4044
f 1976//4045 1978//4045 2058//4045
f 1978//4046 1980//4046 2058//4046
f 1980//4047 1982//4047 2058//4047
f 1982//4048 1984//4048 2058//4048
f 1984//4049 1986//4049 2058//4049
f 1986//4050 1988//4050 2058//4050
f 1988//4051 1990//4051 2058//4051
f 1990//4052 1992//4052 2058//4052
f 1992//4053 1994//4053 2058//4053
f 1994//4054 1996//4054 2058//4054
f 1996//4055 1998//4055 2058//4055
f 1998//4056 2000//4056 2058//4056
f 2000//4057 2002//4057 2058//4057
f 2002//4058 2004//4058 2058//4058
f 2004//4059 2006//4059 2058//4059
f 2006//4060 2008//4060 2058//4060
f 2008//4061 2010//4061 2058//4061
f 2010//4062 2056//4062 2058//4062
f 2056//4063 2052//4063 2058//4063
f 2052//4064 2050//4064 2058//4064
f 2050//4065 2048//4065 2058//4065
f 2048//4066 2046//4066 2058//4066
f 2046//4067 2044//4067 2058//4067
f 2044//4068 2042//4068 2058//4068
f 2042//4069 2040//4069 2058//4069
f 2040//4070 2038//4070 2058//4070
f 2038//4071 2036//4071 2058//4071
f 2036//4072 2034//4072 2058//4072
f 2034//4073 2032//4073 2058//4073
f 2032//4074 2030//4074 2058//4074
f 2030//4075 2028//4075 2058//4075
f 2028//4076 2026//4076 2058//4076
f 2026//4077 2024//4077 2058//4077
f 2024//4078 2022//4078 2058//4078
f 2022//4079 2020//4079 2058//4079
f 2020//4080 2018//4080 2058//4080
f 2018//4081 2016//4081 2058//4081
f 2016//4082 2015//4082 2058//4082
f 2015//4083 2012//4083 2058//4083
f 2012//4084 1974//4084 2058//4084
