# UyDosh table8 catalog variant (imported from Desktop/3D)
mtllib table8.mtl
g table8
# UyDosh table8 catalog variant (imported from Desktop/3D)
v -140.639336 60.405503 89.093445
v -140.639336 69.300225 89.093445
v -139.488274 60.557041 89.093445
v -139.527489 60.557041 88.795524
v -139.642479 60.557041 88.517914
v -139.825417 60.557041 88.279517
v -140.063805 60.557041 88.096596
v -140.341423 60.557041 87.981606
v -140.639336 60.557041 87.942383
v -140.937249 60.557041 87.981606
v -141.214866 60.557041 88.096596
v -141.453255 60.557041 88.279517
v -141.636177 60.557041 88.517914
v -141.751168 60.557041 88.795524
v -141.790398 60.557041 89.093445
v -141.751168 60.557041 89.391357
v -141.636177 60.557041 89.668976
v -141.453255 60.557041 89.907364
v -141.214866 60.557041 90.090294
v -140.937249 60.557041 90.205284
v -140.639336 60.557041 90.244506
v -140.341423 60.557041 90.205284
v -140.063805 60.557041 90.090294
v -139.825417 60.557041 89.907364
v -139.642479 60.557041 89.668976
v -139.527489 60.557041 89.391357
v -138.415657 61.001335 89.093445
v -138.491417 61.001335 88.517914
v -138.713570 61.001335 87.981606
v -139.066947 61.001335 87.521065
v -139.527489 61.001335 87.167679
v -140.063805 61.001335 86.945534
v -140.639336 61.001335 86.869759
v -141.214866 61.001335 86.945534
v -141.751168 61.001335 87.167679
v -142.211708 61.001335 87.521065
v -142.565101 61.001335 87.981606
v -142.787239 61.001335 88.517914
v -142.863015 61.001335 89.093445
v -142.787239 61.001335 89.668976
v -142.565101 61.001335 90.205284
v -142.211708 61.001335 90.665824
v -141.751168 61.001335 91.019210
v -141.214866 61.001335 91.241355
v -140.639336 61.001335 91.317124
v -140.063805 61.001335 91.241355
v -139.527489 61.001335 91.019210
v -139.066947 61.001335 90.665824
v -138.713570 61.001335 90.205284
v -138.491417 61.001335 89.668976
v -137.494575 61.708103 89.093445
v -137.601723 61.708103 88.279517
v -137.915886 61.708103 87.521065
v -138.415657 61.708103 86.869759
v -139.066947 61.708103 86.370002
v -139.825417 61.708103 86.055840
v -140.639336 61.708103 85.948684
v -141.453255 61.708103 86.055840
v -142.211708 61.708103 86.370002
v -142.863015 61.708103 86.869759
v -143.362770 61.708103 87.521065
v -143.676934 61.708103 88.279517
v -143.784096 61.708103 89.093445
v -143.676934 61.708103 89.907364
v -143.362770 61.708103 90.665824
v -142.863015 61.708103 91.317124
v -142.211708 61.708103 91.816887
v -141.453255 61.708103 92.131050
v -140.639336 61.708103 92.238205
v -139.825417 61.708103 92.131050
v -139.066947 61.708103 91.816887
v -138.415657 61.708103 91.317124
v -137.915886 61.708103 90.665824
v -137.601723 61.708103 89.907364
v -136.787803 62.629181 89.093445
v -136.919045 62.629181 88.096596
v -137.303809 62.629181 87.167679
v -137.915886 62.629181 86.370002
v -138.713570 62.629181 85.757919
v -139.642479 62.629181 85.373154
v -140.639336 62.629181 85.241913
v -141.636177 62.629181 85.373154
v -142.565101 62.629181 85.757919
v -143.362770 62.629181 86.370002
v -143.974862 62.629181 87.167679
v -144.359627 62.629181 88.096596
v -144.490868 62.629181 89.093445
v -144.359627 62.629181 90.090294
v -143.974862 62.629181 91.019210
v -143.362770 62.629181 91.816887
v -142.565101 62.629181 92.428963
v -141.636177 62.629181 92.813736
v -140.639336 62.629181 92.944969
v -139.642479 62.629181 92.813736
v -138.713570 62.629181 92.428963
v -137.915886 62.629181 91.816887
v -137.303809 62.629181 91.019210
v -136.919045 62.629181 90.090294
v -136.343514 63.701798 89.093445
v -136.489891 63.701798 87.981606
v -136.919045 63.701798 86.945534
v -137.601723 63.701798 86.055840
v -138.491417 63.701798 85.373154
v -139.527489 63.701798 84.944001
v -140.639336 63.701798 84.797623
v -141.751168 63.701798 84.944001
v -142.787239 63.701798 85.373154
v -143.676934 63.701798 86.055840
v -144.359627 63.701798 86.945534
v -144.788781 63.701798 87.981606
v -144.935158 63.701798 89.093445
v -144.788781 63.701798 90.205284
v -144.359627 63.701798 91.241355
v -143.676934 63.701798 92.131050
v -142.787239 63.701798 92.813736
v -141.751168 63.701798 93.242890
v -140.639336 63.701798 93.389267
v -139.527489 63.701798 93.242890
v -138.491417 63.701798 92.813736
v -137.601723 63.701798 92.131050
v -136.919045 63.701798 91.241355
v -136.489891 63.701798 90.205284
v -136.191979 64.852860 89.093445
v -136.343514 64.852860 87.942383
v -136.787803 64.852860 86.869759
v -137.494575 64.852860 85.948684
v -138.415657 64.852860 85.241913
v -139.488274 64.852860 84.797623
v -140.639336 64.852860 84.646080
v -141.790398 64.852860 84.797623
v -142.863015 64.852860 85.241913
v -143.784096 64.852860 85.948684
v -144.490868 64.852860 86.869759
v -144.935158 64.852860 87.942383
v -145.086692 64.852860 89.093445
v -144.935158 64.852860 90.244506
v -144.490868 64.852860 91.317124
v -143.784096 64.852860 92.238205
v -142.863015 64.852860 92.944969
v -141.790398 64.852860 93.389267
v -140.639336 64.852860 93.540802
v -139.488274 64.852860 93.389267
v -138.415657 64.852860 92.944969
v -137.494575 64.852860 92.238205
v -136.787803 64.852860 91.317124
v -136.343514 64.852860 90.244506
v -136.343514 66.003922 89.093445
v -136.489891 66.003922 87.981606
v -136.919045 66.003922 86.945534
v -137.601723 66.003922 86.055840
v -138.491417 66.003922 85.373154
v -139.527489 66.003922 84.944001
v -140.639336 66.003922 84.797623
v -141.751168 66.003922 84.944001
v -142.787239 66.003922 85.373154
v -143.676934 66.003922 86.055840
v -144.359627 66.003922 86.945534
v -144.788781 66.003922 87.981606
v -144.935158 66.003922 89.093445
v -144.788781 66.003922 90.205284
v -144.359627 66.003922 91.241355
v -143.676934 66.003922 92.131050
v -142.787239 66.003922 92.813736
v -141.751168 66.003922 93.242890
v -140.639336 66.003922 93.389267
v -139.527489 66.003922 93.242890
v -138.491417 66.003922 92.813736
v -137.601723 66.003922 92.131050
v -136.919045 66.003922 91.241355
v -136.489891 66.003922 90.205284
v -136.787803 67.076546 89.093445
v -136.919045 67.076546 88.096596
v -137.303809 67.076546 87.167679
v -137.915886 67.076546 86.370002
v -138.713570 67.076546 85.757919
v -139.642479 67.076546 85.373154
v -140.639336 67.076546 85.241913
v -141.636177 67.076546 85.373154
v -142.565101 67.076546 85.757919
v -143.362770 67.076546 86.370002
v -143.974862 67.076546 87.167679
v -144.359627 67.076546 88.096596
v -144.490868 67.076546 89.093445
v -144.359627 67.076546 90.090294
v -143.974862 67.076546 91.019210
v -143.362770 67.076546 91.816887
v -142.565101 67.076546 92.428963
v -141.636177 67.076546 92.813736
v -140.639336 67.076546 92.944969
v -139.642479 67.076546 92.813736
v -138.713570 67.076546 92.428963
v -137.915886 67.076546 91.816887
v -137.303809 67.076546 91.019210
v -136.919045 67.076546 90.090294
v -137.494575 67.997620 89.093445
v -137.601723 67.997620 88.279517
v -137.915886 67.997620 87.521065
v -138.415657 67.997620 86.869759
v -139.066947 67.997620 86.370002
v -139.825417 67.997620 86.055840
v -140.639336 67.997620 85.948684
v -141.453255 67.997620 86.055840
v -142.211708 67.997620 86.370002
v -142.863015 67.997620 86.869759
v -143.362770 67.997620 87.521065
v -143.676934 67.997620 88.279517
v -143.784096 67.997620 89.093445
v -143.676934 67.997620 89.907364
v -143.362770 67.997620 90.665824
v -142.863015 67.997620 91.317124
v -142.211708 67.997620 91.816887
v -141.453255 67.997620 92.131050
v -140.639336 67.997620 92.238205
v -139.825417 67.997620 92.131050
v -139.066947 67.997620 91.816887
v -138.415657 67.997620 91.317124
v -137.915886 67.997620 90.665824
v -137.601723 67.997620 89.907364
v -138.415657 68.704392 89.093445
v -138.491417 68.704392 88.517914
v -138.713570 68.704392 87.981606
v -139.066947 68.704392 87.521065
v -139.527489 68.704392 87.167679
v -140.063805 68.704392 86.945534
v -140.639336 68.704392 86.869759
v -141.214866 68.704392 86.945534
v -141.751168 68.704392 87.167679
v -142.211708 68.704392 87.521065
v -142.565101 68.704392 87.981606
v -142.787239 68.704392 88.517914
v -142.863015 68.704392 89.093445
v -142.787239 68.704392 89.668976
v -142.565101 68.704392 90.205284
v -142.211708 68.704392 90.665824
v -141.751168 68.704392 91.019210
v -141.214866 68.704392 91.241355
v -140.639336 68.704392 91.317124
v -140.063805 68.704392 91.241355
v -139.527489 68.704392 91.019210
v -139.066947 68.704392 90.665824
v -138.713570 68.704392 90.205284
v -138.491417 68.704392 89.668976
v -139.488274 69.148682 89.093445
v -139.527489 69.148682 88.795524
v -139.642479 69.148682 88.517914
v -139.825417 69.148682 88.279517
v -140.063805 69.148682 88.096596
v -140.341423 69.148682 87.981606
v -140.639336 69.148682 87.942383
v -140.937249 69.148682 87.981606
v -141.214866 69.148682 88.096596
v -141.453255 69.148682 88.279517
v -141.636177 69.148682 88.517914
v -141.751168 69.148682 88.795524
v -141.790398 69.148682 89.093445
v -141.751168 69.148682 89.391357
v -141.636177 69.148682 89.668976
v -141.453255 69.148682 89.907364
v -141.214866 69.148682 90.090294
v -140.937249 69.148682 90.205284
v -140.639336 69.148682 90.244506
v -140.341423 69.148682 90.205284
v -140.063805 69.148682 90.090294
v -139.825417 69.148682 89.907364
v -139.642479 69.148682 89.668976
v -139.527489 69.148682 89.391357
v -140.639336 118.284493 89.093445
v -140.639336 127.179215 89.093445
v -139.488274 118.436035 89.093445
v -139.527489 118.436035 88.795524
v -139.642479 118.436035 88.517914
v -139.825417 118.436035 88.279517
v -140.063805 118.436035 88.096596
v -140.341423 118.436035 87.981606
v -140.639336 118.436035 87.942383
v -140.937249 118.436035 87.981606
v -141.214866 118.436035 88.096596
v -141.453255 118.436035 88.279517
v -141.636177 118.436035 88.517914
v -141.751168 118.436035 88.795524
v -141.790398 118.436035 89.093445
v -141.751168 118.436035 89.391357
v -141.636177 118.436035 89.668976
v -141.453255 118.436035 89.907364
v -141.214866 118.436035 90.090294
v -140.937249 118.436035 90.205284
v -140.639336 118.436035 90.244506
v -140.341423 118.436035 90.205284
v -140.063805 118.436035 90.090294
v -139.825417 118.436035 89.907364
v -139.642479 118.436035 89.668976
v -139.527489 118.436035 89.391357
v -138.415657 118.880326 89.093445
v -138.491417 118.880326 88.517914
v -138.713570 118.880326 87.981606
v -139.066947 118.880326 87.521065
v -139.527489 118.880326 87.167679
v -140.063805 118.880326 86.945534
v -140.639336 118.880326 86.869759
v -141.214866 118.880326 86.945534
v -141.751168 118.880326 87.167679
v -142.211708 118.880326 87.521065
v -142.565101 118.880326 87.981606
v -142.787239 118.880326 88.517914
v -142.863015 118.880326 89.093445
v -142.787239 118.880326 89.668976
v -142.565101 118.880326 90.205284
v -142.211708 118.880326 90.665824
v -141.751168 118.880326 91.019210
v -141.214866 118.880326 91.241355
v -140.639336 118.880326 91.317124
v -140.063805 118.880326 91.241355
v -139.527489 118.880326 91.019210
v -139.066947 118.880326 90.665824
v -138.713570 118.880326 90.205284
v -138.491417 118.880326 89.668976
v -137.494575 119.587097 89.093445
v -137.601723 119.587097 88.279517
v -137.915886 119.587097 87.521065
v -138.415657 119.587097 86.869759
v -139.066947 119.587097 86.370002
v -139.825417 119.587097 86.055840
v -140.639336 119.587097 85.948684
v -141.453255 119.587097 86.055840
v -142.211708 119.587097 86.370002
v -142.863015 119.587097 86.869759
v -143.362770 119.587097 87.521065
v -143.676934 119.587097 88.279517
v -143.784096 119.587097 89.093445
v -143.676934 119.587097 89.907364
v -143.362770 119.587097 90.665824
v -142.863015 119.587097 91.317124
v -142.211708 119.587097 91.816887
v -141.453255 119.587097 92.131050
v -140.639336 119.587097 92.238205
v -139.825417 119.587097 92.131050
v -139.066947 119.587097 91.816887
v -138.415657 119.587097 91.317124
v -137.915886 119.587097 90.665824
v -137.601723 119.587097 89.907364
v -136.787803 120.508171 89.093445
v -136.919045 120.508171 88.096596
v -137.303809 120.508171 87.167679
v -137.915886 120.508171 86.370002
v -138.713570 120.508171 85.757919
v -139.642479 120.508171 85.373154
v -140.639336 120.508171 85.241913
v -141.636177 120.508171 85.373154
v -142.565101 120.508171 85.757919
v -143.362770 120.508171 86.370002
v -143.974862 120.508171 87.167679
v -144.359627 120.508171 88.096596
v -144.490868 120.508171 89.093445
v -144.359627 120.508171 90.090294
v -143.974862 120.508171 91.019210
v -143.362770 120.508171 91.816887
v -142.565101 120.508171 92.428963
v -141.636177 120.508171 92.813736
v -140.639336 120.508171 92.944969
v -139.642479 120.508171 92.813736
v -138.713570 120.508171 92.428963
v -137.915886 120.508171 91.816887
v -137.303809 120.508171 91.019210
v -136.919045 120.508171 90.090294
v -136.343514 121.580796 89.093445
v -136.489891 121.580796 87.981606
v -136.919045 121.580796 86.945534
v -137.601723 121.580796 86.055840
v -138.491417 121.580796 85.373154
v -139.527489 121.580796 84.944001
v -140.639336 121.580796 84.797623
v -141.751168 121.580796 84.944001
v -142.787239 121.580796 85.373154
v -143.676934 121.580796 86.055840
v -144.359627 121.580796 86.945534
v -144.788781 121.580796 87.981606
v -144.935158 121.580796 89.093445
v -144.788781 121.580796 90.205284
v -144.359627 121.580796 91.241355
v -143.676934 121.580796 92.131050
v -142.787239 121.580796 92.813736
v -141.751168 121.580796 93.242890
v -140.639336 121.580796 93.389267
v -139.527489 121.580796 93.242890
v -138.491417 121.580796 92.813736
v -137.601723 121.580796 92.131050
v -136.919045 121.580796 91.241355
v -136.489891 121.580796 90.205284
v -136.191979 122.731858 89.093445
v -136.343514 122.731858 87.942383
v -136.787803 122.731858 86.869759
v -137.494575 122.731858 85.948684
v -138.415657 122.731858 85.241913
v -139.488274 122.731858 84.797623
v -140.639336 122.731858 84.646080
v -141.790398 122.731858 84.797623
v -142.863015 122.731858 85.241913
v -143.784096 122.731858 85.948684
v -144.490868 122.731858 86.869759
v -144.935158 122.731858 87.942383
v -145.086692 122.731858 89.093445
v -144.935158 122.731858 90.244506
v -144.490868 122.731858 91.317124
v -143.784096 122.731858 92.238205
v -142.863015 122.731858 92.944969
v -141.790398 122.731858 93.389267
v -140.639336 122.731858 93.540802
v -139.488274 122.731858 93.389267
v -138.415657 122.731858 92.944969
v -137.494575 122.731858 92.238205
v -136.787803 122.731858 91.317124
v -136.343514 122.731858 90.244506
v -136.343514 123.882920 89.093445
v -136.489891 123.882920 87.981606
v -136.919045 123.882920 86.945534
v -137.601723 123.882920 86.055840
v -138.491417 123.882920 85.373154
v -139.527489 123.882920 84.944001
v -140.639336 123.882920 84.797623
v -141.751168 123.882920 84.944001
v -142.787239 123.882920 85.373154
v -143.676934 123.882920 86.055840
v -144.359627 123.882920 86.945534
v -144.788781 123.882920 87.981606
v -144.935158 123.882920 89.093445
v -144.788781 123.882920 90.205284
v -144.359627 123.882920 91.241355
v -143.676934 123.882920 92.131050
v -142.787239 123.882920 92.813736
v -141.751168 123.882920 93.242890
v -140.639336 123.882920 93.389267
v -139.527489 123.882920 93.242890
v -138.491417 123.882920 92.813736
v -137.601723 123.882920 92.131050
v -136.919045 123.882920 91.241355
v -136.489891 123.882920 90.205284
v -136.787803 124.955536 89.093445
v -136.919045 124.955536 88.096596
v -137.303809 124.955536 87.167679
v -137.915886 124.955536 86.370002
v -138.713570 124.955536 85.757919
v -139.642479 124.955536 85.373154
v -140.639336 124.955536 85.241913
v -141.636177 124.955536 85.373154
v -142.565101 124.955536 85.757919
v -143.362770 124.955536 86.370002
v -143.974862 124.955536 87.167679
v -144.359627 124.955536 88.096596
v -144.490868 124.955536 89.093445
v -144.359627 124.955536 90.090294
v -143.974862 124.955536 91.019210
v -143.362770 124.955536 91.816887
v -142.565101 124.955536 92.428963
v -141.636177 124.955536 92.813736
v -140.639336 124.955536 92.944969
v -139.642479 124.955536 92.813736
v -138.713570 124.955536 92.428963
v -137.915886 124.955536 91.816887
v -137.303809 124.955536 91.019210
v -136.919045 124.955536 90.090294
v -137.494575 125.876618 89.093445
v -137.601723 125.876618 88.279517
v -137.915886 125.876618 87.521065
v -138.415657 125.876618 86.869759
v -139.066947 125.876618 86.370002
v -139.825417 125.876618 86.055840
v -140.639336 125.876618 85.948684
v -141.453255 125.876618 86.055840
v -142.211708 125.876618 86.370002
v -142.863015 125.876618 86.869759
v -143.362770 125.876618 87.521065
v -143.676934 125.876618 88.279517
v -143.784096 125.876618 89.093445
v -143.676934 125.876618 89.907364
v -143.362770 125.876618 90.665824
v -142.863015 125.876618 91.317124
v -142.211708 125.876618 91.816887
v -141.453255 125.876618 92.131050
v -140.639336 125.876618 92.238205
v -139.825417 125.876618 92.131050
v -139.066947 125.876618 91.816887
v -138.415657 125.876618 91.317124
v -137.915886 125.876618 90.665824
v -137.601723 125.876618 89.907364
v -138.415657 126.583382 89.093445
v -138.491417 126.583382 88.517914
v -138.713570 126.583382 87.981606
v -139.066947 126.583382 87.521065
v -139.527489 126.583382 87.167679
v -140.063805 126.583382 86.945534
v -140.639336 126.583382 86.869759
v -141.214866 126.583382 86.945534
v -141.751168 126.583382 87.167679
v -142.211708 126.583382 87.521065
v -142.565101 126.583382 87.981606
v -142.787239 126.583382 88.517914
v -142.863015 126.583382 89.093445
v -142.787239 126.583382 89.668976
v -142.565101 126.583382 90.205284
v -142.211708 126.583382 90.665824
v -141.751168 126.583382 91.019210
v -141.214866 126.583382 91.241355
v -140.639336 126.583382 91.317124
v -140.063805 126.583382 91.241355
v -139.527489 126.583382 91.019210
v -139.066947 126.583382 90.665824
v -138.713570 126.583382 90.205284
v -138.491417 126.583382 89.668976
v -139.488274 127.027664 89.093445
v -139.527489 127.027664 88.795524
v -139.642479 127.027664 88.517914
v -139.825417 127.027664 88.279517
v -140.063805 127.027664 88.096596
v -140.341423 127.027664 87.981606
v -140.639336 127.027664 87.942383
v -140.937249 127.027664 87.981606
v -141.214866 127.027664 88.096596
v -141.453255 127.027664 88.279517
v -141.636177 127.027664 88.517914
v -141.751168 127.027664 88.795524
v -141.790398 127.027664 89.093445
v -141.751168 127.027664 89.391357
v -141.636177 127.027664 89.668976
v -141.453255 127.027664 89.907364
v -141.214866 127.027664 90.090294
v -140.937249 127.027664 90.205284
v -140.639336 127.027664 90.244506
v -140.341423 127.027664 90.205284
v -140.063805 127.027664 90.090294
v -139.825417 127.027664 89.907364
v -139.642479 127.027664 89.668976
v -139.527489 127.027664 89.391357
v -140.639336 164.036454 89.093437
v -140.639336 172.931168 89.093437
v -139.488274 164.187989 89.093437
v -139.527489 164.187989 88.795517
v -139.642479 164.187989 88.517906
v -139.825417 164.187989 88.279511
v -140.063805 164.187989 88.096587
v -140.341423 164.187989 87.981598
v -140.639336 164.187989 87.942374
v -140.937249 164.187989 87.981598
v -141.214866 164.187989 88.096587
v -141.453255 164.187989 88.279511
v -141.636177 164.187989 88.517906
v -141.751168 164.187989 88.795517
v -141.790398 164.187989 89.093437
v -141.751168 164.187989 89.391350
v -141.636177 164.187989 89.668969
v -141.453255 164.187989 89.907357
v -141.214866 164.187989 90.090287
v -140.937249 164.187989 90.205277
v -140.639336 164.187989 90.244500
v -140.341423 164.187989 90.205277
v -140.063805 164.187989 90.090287
v -139.825417 164.187989 89.907357
v -139.642479 164.187989 89.668969
v -139.527489 164.187989 89.391350
v -138.415657 164.632279 89.093437
v -138.491417 164.632279 88.517906
v -138.713570 164.632279 87.981598
v -139.066947 164.632279 87.521057
v -139.527489 164.632279 87.167672
v -140.063805 164.632279 86.945526
v -140.639336 164.632279 86.869751
v -141.214866 164.632279 86.945526
v -141.751168 164.632279 87.167672
v -142.211708 164.632279 87.521057
v -142.565101 164.632279 87.981598
v -142.787239 164.632279 88.517906
v -142.863015 164.632279 89.093437
v -142.787239 164.632279 89.668969
v -142.565101 164.632279 90.205277
v -142.211708 164.632279 90.665818
v -141.751168 164.632279 91.019203
v -141.214866 164.632279 91.241349
v -140.639336 164.632279 91.317115
v -140.063805 164.632279 91.241349
v -139.527489 164.632279 91.019203
v -139.066947 164.632279 90.665818
v -138.713570 164.632279 90.205277
v -138.491417 164.632279 89.668969
v -137.494575 165.339051 89.093437
v -137.601723 165.339051 88.279511
v -137.915886 165.339051 87.521057
v -138.415657 165.339051 86.869751
v -139.066947 165.339051 86.369995
v -139.825417 165.339051 86.055832
v -140.639336 165.339051 85.948677
v -141.453255 165.339051 86.055832
v -142.211708 165.339051 86.369995
v -142.863015 165.339051 86.869751
v -143.362770 165.339051 87.521057
v -143.676934 165.339051 88.279511
v -143.784096 165.339051 89.093437
v -143.676934 165.339051 89.907357
v -143.362770 165.339051 90.665818
v -142.863015 165.339051 91.317115
v -142.211708 165.339051 91.816879
v -141.453255 165.339051 92.131043
v -140.639336 165.339051 92.238198
v -139.825417 165.339051 92.131043
v -139.066947 165.339051 91.816879
v -138.415657 165.339051 91.317115
v -137.915886 165.339051 90.665818
v -137.601723 165.339051 89.907357
v -136.787803 166.260132 89.093437
v -136.919045 166.260132 88.096587
v -137.303809 166.260132 87.167672
v -137.915886 166.260132 86.369995
v -138.713570 166.260132 85.757912
v -139.642479 166.260132 85.373146
v -140.639336 166.260132 85.241906
v -141.636177 166.260132 85.373146
v -142.565101 166.260132 85.757912
v -143.362770 166.260132 86.369995
v -143.974862 166.260132 87.167672
v -144.359627 166.260132 88.096587
v -144.490868 166.260132 89.093437
v -144.359627 166.260132 90.090287
v -143.974862 166.260132 91.019203
v -143.362770 166.260132 91.816879
v -142.565101 166.260132 92.428955
v -141.636177 166.260132 92.813729
v -140.639336 166.260132 92.944962
v -139.642479 166.260132 92.813729
v -138.713570 166.260132 92.428955
v -137.915886 166.260132 91.816879
v -137.303809 166.260132 91.019203
v -136.919045 166.260132 90.090287
v -136.343514 167.332749 89.093437
v -136.489891 167.332749 87.981598
v -136.919045 167.332749 86.945526
v -137.601723 167.332749 86.055832
v -138.491417 167.332749 85.373146
v -139.527489 167.332749 84.943993
v -140.639336 167.332749 84.797615
v -141.751168 167.332749 84.943993
v -142.787239 167.332749 85.373146
v -143.676934 167.332749 86.055832
v -144.359627 167.332749 86.945526
v -144.788781 167.332749 87.981598
v -144.935158 167.332749 89.093437
v -144.788781 167.332749 90.205277
v -144.359627 167.332749 91.241349
v -143.676934 167.332749 92.131043
v -142.787239 167.332749 92.813729
v -141.751168 167.332749 93.242882
v -140.639336 167.332749 93.389260
v -139.527489 167.332749 93.242882
v -138.491417 167.332749 92.813729
v -137.601723 167.332749 92.131043
v -136.919045 167.332749 91.241349
v -136.489891 167.332749 90.205277
v -136.191979 168.483811 89.093437
v -136.343514 168.483811 87.942374
v -136.787803 168.483811 86.869751
v -137.494575 168.483811 85.948677
v -138.415657 168.483811 85.241906
v -139.488274 168.483811 84.797615
v -140.639336 168.483811 84.646073
v -141.790398 168.483811 84.797615
v -142.863015 168.483811 85.241906
v -143.784096 168.483811 85.948677
v -144.490868 168.483811 86.869751
v -144.935158 168.483811 87.942374
v -145.086692 168.483811 89.093437
v -144.935158 168.483811 90.244500
v -144.490868 168.483811 91.317115
v -143.784096 168.483811 92.238198
v -142.863015 168.483811 92.944962
v -141.790398 168.483811 93.389260
v -140.639336 168.483811 93.540795
v -139.488274 168.483811 93.389260
v -138.415657 168.483811 92.944962
v -137.494575 168.483811 92.238198
v -136.787803 168.483811 91.317115
v -136.343514 168.483811 90.244500
v -136.343514 169.634873 89.093437
v -136.489891 169.634873 87.981598
v -136.919045 169.634873 86.945526
v -137.601723 169.634873 86.055832
v -138.491417 169.634873 85.373146
v -139.527489 169.634873 84.943993
v -140.639336 169.634873 84.797615
v -141.751168 169.634873 84.943993
v -142.787239 169.634873 85.373146
v -143.676934 169.634873 86.055832
v -144.359627 169.634873 86.945526
v -144.788781 169.634873 87.981598
v -144.935158 169.634873 89.093437
v -144.788781 169.634873 90.205277
v -144.359627 169.634873 91.241349
v -143.676934 169.634873 92.131043
v -142.787239 169.634873 92.813729
v -141.751168 169.634873 93.242882
v -140.639336 169.634873 93.389260
v -139.527489 169.634873 93.242882
v -138.491417 169.634873 92.813729
v -137.601723 169.634873 92.131043
v -136.919045 169.634873 91.241349
v -136.489891 169.634873 90.205277
v -136.787803 170.707489 89.093437
v -136.919045 170.707489 88.096587
v -137.303809 170.707489 87.167672
v -137.915886 170.707489 86.369995
v -138.713570 170.707489 85.757912
v -139.642479 170.707489 85.373146
v -140.639336 170.707489 85.241906
v -141.636177 170.707489 85.373146
v -142.565101 170.707489 85.757912
v -143.362770 170.707489 86.369995
v -143.974862 170.707489 87.167672
v -144.359627 170.707489 88.096587
v -144.490868 170.707489 89.093437
v -144.359627 170.707489 90.090287
v -143.974862 170.707489 91.019203
v -143.362770 170.707489 91.816879
v -142.565101 170.707489 92.428955
v -141.636177 170.707489 92.813729
v -140.639336 170.707489 92.944962
v -139.642479 170.707489 92.813729
v -138.713570 170.707489 92.428955
v -137.915886 170.707489 91.816879
v -137.303809 170.707489 91.019203
v -136.919045 170.707489 90.090287
v -137.494575 171.628571 89.093437
v -137.601723 171.628571 88.279511
v -137.915886 171.628571 87.521057
v -138.415657 171.628571 86.869751
v -139.066947 171.628571 86.369995
v -139.825417 171.628571 86.055832
v -140.639336 171.628571 85.948677
v -141.453255 171.628571 86.055832
v -142.211708 171.628571 86.369995
v -142.863015 171.628571 86.869751
v -143.362770 171.628571 87.521057
v -143.676934 171.628571 88.279511
v -143.784096 171.628571 89.093437
v -143.676934 171.628571 89.907357
v -143.362770 171.628571 90.665818
v -142.863015 171.628571 91.317115
v -142.211708 171.628571 91.816879
v -141.453255 171.628571 92.131043
v -140.639336 171.628571 92.238198
v -139.825417 171.628571 92.131043
v -139.066947 171.628571 91.816879
v -138.415657 171.628571 91.317115
v -137.915886 171.628571 90.665818
v -137.601723 171.628571 89.907357
v -138.415657 172.335343 89.093437
v -138.491417 172.335343 88.517906
v -138.713570 172.335343 87.981598
v -139.066947 172.335343 87.521057
v -139.527489 172.335343 87.167672
v -140.063805 172.335343 86.945526
v -140.639336 172.335343 86.869751
v -141.214866 172.335343 86.945526
v -141.751168 172.335343 87.167672
v -142.211708 172.335343 87.521057
v -142.565101 172.335343 87.981598
v -142.787239 172.335343 88.517906
v -142.863015 172.335343 89.093437
v -142.787239 172.335343 89.668969
v -142.565101 172.335343 90.205277
v -142.211708 172.335343 90.665818
v -141.751168 172.335343 91.019203
v -141.214866 172.335343 91.241349
v -140.639336 172.335343 91.317115
v -140.063805 172.335343 91.241349
v -139.527489 172.335343 91.019203
v -139.066947 172.335343 90.665818
v -138.713570 172.335343 90.205277
v -138.491417 172.335343 89.668969
v -139.488274 172.779633 89.093437
v -139.527489 172.779633 88.795517
v -139.642479 172.779633 88.517906
v -139.825417 172.779633 88.279511
v -140.063805 172.779633 88.096587
v -140.341423 172.779633 87.981598
v -140.639336 172.779633 87.942374
v -140.937249 172.779633 87.981598
v -141.214866 172.779633 88.096587
v -141.453255 172.779633 88.279511
v -141.636177 172.779633 88.517906
v -141.751168 172.779633 88.795517
v -141.790398 172.779633 89.093437
v -141.751168 172.779633 89.391350
v -141.636177 172.779633 89.668969
v -141.453255 172.779633 89.907357
v -141.214866 172.779633 90.090287
v -140.937249 172.779633 90.205277
v -140.639336 172.779633 90.244500
v -140.341423 172.779633 90.205277
v -140.063805 172.779633 90.090287
v -139.825417 172.779633 89.907357
v -139.642479 172.779633 89.668969
v -139.527489 172.779633 89.391350
v 162.050270 60.405503 97.359406
v 162.050270 69.300225 97.359406
v 163.201332 60.557041 97.359406
v 163.162117 60.557041 97.061486
v 163.047126 60.557041 96.783875
v 162.864204 60.557041 96.545479
v 162.625801 60.557041 96.362557
v 162.348182 60.557041 96.247567
v 162.050270 60.557041 96.208344
v 161.752357 60.557041 96.247567
v 161.474739 60.557041 96.362557
v 161.236367 60.557041 96.545479
v 161.053413 60.557041 96.783875
v 160.938423 60.557041 97.061486
v 160.899208 60.557041 97.359406
v 160.938423 60.557041 97.657318
v 161.053413 60.557041 97.934937
v 161.236367 60.557041 98.173325
v 161.474739 60.557041 98.356255
v 161.752357 60.557041 98.471245
v 162.050270 60.557041 98.510468
v 162.348182 60.557041 98.471245
v 162.625801 60.557041 98.356255
v 162.864204 60.557041 98.173325
v 163.047126 60.557041 97.934937
v 163.162117 60.557041 97.657318
v 164.273964 61.001335 97.359406
v 164.198188 61.001335 96.783875
v 163.976051 61.001335 96.247567
v 163.622658 61.001335 95.787025
v 163.162117 61.001335 95.433639
v 162.625801 61.001335 95.211495
v 162.050270 61.001335 95.135720
v 161.474739 61.001335 95.211495
v 160.938423 61.001335 95.433639
v 160.477882 61.001335 95.787025
v 160.124519 61.001335 96.247567
v 159.902351 61.001335 96.783875
v 159.826606 61.001335 97.359406
v 159.902351 61.001335 97.934937
v 160.124519 61.001335 98.471245
v 160.477882 61.001335 98.931786
v 160.938423 61.001335 99.285164
v 161.474739 61.001335 99.507317
v 162.050270 61.001335 99.583084
v 162.625801 61.001335 99.507317
v 163.162117 61.001335 99.285164
v 163.622658 61.001335 98.931786
v 163.976051 61.001335 98.471245
v 164.198188 61.001335 97.934937
v 165.195045 61.708103 97.359406
v 165.087867 61.708103 96.545479
v 164.773719 61.708103 95.787025
v 164.273964 61.708103 95.135720
v 163.622658 61.708103 94.635964
v 162.864204 61.708103 94.321801
v 162.050270 61.708103 94.214646
v 161.236367 61.708103 94.321801
v 160.477882 61.708103 94.635964
v 159.826606 61.708103 95.135720
v 159.326820 61.708103 95.787025
v 159.012672 61.708103 96.545479
v 158.905525 61.708103 97.359406
v 159.012672 61.708103 98.173325
v 159.326820 61.708103 98.931786
v 159.826606 61.708103 99.583084
v 160.477882 61.708103 100.082847
v 161.236367 61.708103 100.397011
v 162.050270 61.708103 100.504165
v 162.864204 61.708103 100.397011
v 163.622658 61.708103 100.082847
v 164.273964 61.708103 99.583084
v 164.773719 61.708103 98.931786
v 165.087867 61.708103 98.173325
v 165.901803 62.629181 97.359406
v 165.770577 62.629181 96.362557
v 165.385810 62.629181 95.433639
v 164.773719 62.629181 94.635964
v 163.976051 62.629181 94.023880
v 163.047126 62.629181 93.639115
v 162.050270 62.629181 93.507874
v 161.053413 62.629181 93.639115
v 160.124519 62.629181 94.023880
v 159.326820 62.629181 94.635964
v 158.714759 62.629181 95.433639
v 158.329994 62.629181 96.362557
v 158.198738 62.629181 97.359406
v 158.329994 62.629181 98.356255
v 158.714759 62.629181 99.285164
v 159.326820 62.629181 100.082847
v 160.124519 62.629181 100.694924
v 161.053413 62.629181 101.079697
v 162.050270 62.629181 101.210930
v 163.047126 62.629181 101.079697
v 163.976051 62.629181 100.694924
v 164.773719 62.629181 100.082847
v 165.385810 62.629181 99.285164
v 165.770577 62.629181 98.356255
v 166.346107 63.701798 97.359406
v 166.199714 63.701798 96.247567
v 165.770577 63.701798 95.211495
v 165.087867 63.701798 94.321801
v 164.198188 63.701798 93.639115
v 163.162117 63.701798 93.209961
v 162.050270 63.701798 93.063584
v 160.938423 63.701798 93.209961
v 159.902351 63.701798 93.639115
v 159.012672 63.701798 94.321801
v 158.329994 63.701798 95.211495
v 157.900825 63.701798 96.247567
v 157.754463 63.701798 97.359406
v 157.900825 63.701798 98.471245
v 158.329994 63.701798 99.507317
v 159.012672 63.701798 100.397011
v 159.902351 63.701798 101.079697
v 160.938423 63.701798 101.508850
v 162.050270 63.701798 101.655228
v 163.162117 63.701798 101.508850
v 164.198188 63.701798 101.079697
v 165.087867 63.701798 100.397011
v 165.770577 63.701798 99.507317
v 166.199714 63.701798 98.471245
v 166.497627 64.852860 97.359406
v 166.346107 64.852860 96.208344
v 165.901803 64.852860 95.135720
v 165.195045 64.852860 94.214646
v 164.273964 64.852860 93.507874
v 163.201332 64.852860 93.063584
v 162.050270 64.852860 92.912041
v 160.899208 64.852860 93.063584
v 159.826606 64.852860 93.507874
v 158.905525 64.852860 94.214646
v 158.198738 64.852860 95.135720
v 157.754463 64.852860 96.208344
v 157.602913 64.852860 97.359406
v 157.754463 64.852860 98.510468
v 158.198738 64.852860 99.583084
v 158.905525 64.852860 100.504165
v 159.826606 64.852860 101.210930
v 160.899208 64.852860 101.655228
v 162.050270 64.852860 101.806763
v 163.201332 64.852860 101.655228
v 164.273964 64.852860 101.210930
v 165.195045 64.852860 100.504165
v 165.901803 64.852860 99.583084
v 166.346107 64.852860 98.510468
v 166.346107 66.003922 97.359406
v 166.199714 66.003922 96.247567
v 165.770577 66.003922 95.211495
v 165.087867 66.003922 94.321801
v 164.198188 66.003922 93.639115
v 163.162117 66.003922 93.209961
v 162.050270 66.003922 93.063584
v 160.938423 66.003922 93.209961
v 159.902351 66.003922 93.639115
v 159.012672 66.003922 94.321801
v 158.329994 66.003922 95.211495
v 157.900825 66.003922 96.247567
v 157.754463 66.003922 97.359406
v 157.900825 66.003922 98.471245
v 158.329994 66.003922 99.507317
v 159.012672 66.003922 100.397011
v 159.902351 66.003922 101.079697
v 160.938423 66.003922 101.508850
v 162.050270 66.003922 101.655228
v 163.162117 66.003922 101.508850
v 164.198188 66.003922 101.079697
v 165.087867 66.003922 100.397011
v 165.770577 66.003922 99.507317
v 166.199714 66.003922 98.471245
v 165.901803 67.076546 97.359406
v 165.770577 67.076546 96.362557
v 165.385810 67.076546 95.433639
v 164.773719 67.076546 94.635964
v 163.976051 67.076546 94.023880
v 163.047126 67.076546 93.639115
v 162.050270 67.076546 93.507874
v 161.053413 67.076546 93.639115
v 160.124519 67.076546 94.023880
v 159.326820 67.076546 94.635964
v 158.714759 67.076546 95.433639
v 158.329994 67.076546 96.362557
v 158.198738 67.076546 97.359406
v 158.329994 67.076546 98.356255
v 158.714759 67.076546 99.285164
v 159.326820 67.076546 100.082847
v 160.124519 67.076546 100.694924
v 161.053413 67.076546 101.079697
v 162.050270 67.076546 101.210930
v 163.047126 67.076546 101.079697
v 163.976051 67.076546 100.694924
v 164.773719 67.076546 100.082847
v 165.385810 67.076546 99.285164
v 165.770577 67.076546 98.356255
v 165.195045 67.997620 97.359406
v 165.087867 67.997620 96.545479
v 164.773719 67.997620 95.787025
v 164.273964 67.997620 95.135720
v 163.622658 67.997620 94.635964
v 162.864204 67.997620 94.321801
v 162.050270 67.997620 94.214646
v 161.236367 67.997620 94.321801
v 160.477882 67.997620 94.635964
v 159.826606 67.997620 95.135720
v 159.326820 67.997620 95.787025
v 159.012672 67.997620 96.545479
v 158.905525 67.997620 97.359406
v 159.012672 67.997620 98.173325
v 159.326820 67.997620 98.931786
v 159.826606 67.997620 99.583084
v 160.477882 67.997620 100.082847
v 161.236367 67.997620 100.397011
v 162.050270 67.997620 100.504165
v 162.864204 67.997620 100.397011
v 163.622658 67.997620 100.082847
v 164.273964 67.997620 99.583084
v 164.773719 67.997620 98.931786
v 165.087867 67.997620 98.173325
v 164.273964 68.704392 97.359406
v 164.198188 68.704392 96.783875
v 163.976051 68.704392 96.247567
v 163.622658 68.704392 95.787025
v 163.162117 68.704392 95.433639
v 162.625801 68.704392 95.211495
v 162.050270 68.704392 95.135720
v 161.474739 68.704392 95.211495
v 160.938423 68.704392 95.433639
v 160.477882 68.704392 95.787025
v 160.124519 68.704392 96.247567
v 159.902351 68.704392 96.783875
v 159.826606 68.704392 97.359406
v 159.902351 68.704392 97.934937
v 160.124519 68.704392 98.471245
v 160.477882 68.704392 98.931786
v 160.938423 68.704392 99.285164
v 161.474739 68.704392 99.507317
v 162.050270 68.704392 99.583084
v 162.625801 68.704392 99.507317
v 163.162117 68.704392 99.285164
v 163.622658 68.704392 98.931786
v 163.976051 68.704392 98.471245
v 164.198188 68.704392 97.934937
v 163.201332 69.148682 97.359406
v 163.162117 69.148682 97.061486
v 163.047126 69.148682 96.783875
v 162.864204 69.148682 96.545479
v 162.625801 69.148682 96.362557
v 162.348182 69.148682 96.247567
v 162.050270 69.148682 96.208344
v 161.752357 69.148682 96.247567
v 161.474739 69.148682 96.362557
v 161.236367 69.148682 96.545479
v 161.053413 69.148682 96.783875
v 160.938423 69.148682 97.061486
v 160.899208 69.148682 97.359406
v 160.938423 69.148682 97.657318
v 161.053413 69.148682 97.934937
v 161.236367 69.148682 98.173325
v 161.474739 69.148682 98.356255
v 161.752357 69.148682 98.471245
v 162.050270 69.148682 98.510468
v 162.348182 69.148682 98.471245
v 162.625801 69.148682 98.356255
v 162.864204 69.148682 98.173325
v 163.047126 69.148682 97.934937
v 163.162117 69.148682 97.657318
v 162.050270 118.284493 97.359406
v 162.050270 127.179215 97.359406
v 163.201332 118.436035 97.359406
v 163.162117 118.436035 97.061486
v 163.047126 118.436035 96.783875
v 162.864204 118.436035 96.545479
v 162.625801 118.436035 96.362557
v 162.348182 118.436035 96.247567
v 162.050270 118.436035 96.208344
v 161.752357 118.436035 96.247567
v 161.474739 118.436035 96.362557
v 161.236367 118.436035 96.545479
v 161.053413 118.436035 96.783875
v 160.938423 118.436035 97.061486
v 160.899208 118.436035 97.359406
v 160.938423 118.436035 97.657318
v 161.053413 118.436035 97.934937
v 161.236367 118.436035 98.173325
v 161.474739 118.436035 98.356255
v 161.752357 118.436035 98.471245
v 162.050270 118.436035 98.510468
v 162.348182 118.436035 98.471245
v 162.625801 118.436035 98.356255
v 162.864204 118.436035 98.173325
v 163.047126 118.436035 97.934937
v 163.162117 118.436035 97.657318
v 164.273964 118.880326 97.359406
v 164.198188 118.880326 96.783875
v 163.976051 118.880326 96.247567
v 163.622658 118.880326 95.787025
v 163.162117 118.880326 95.433639
v 162.625801 118.880326 95.211495
v 162.050270 118.880326 95.135720
v 161.474739 118.880326 95.211495
v 160.938423 118.880326 95.433639
v 160.477882 118.880326 95.787025
v 160.124519 118.880326 96.247567
v 159.902351 118.880326 96.783875
v 159.826606 118.880326 97.359406
v 159.902351 118.880326 97.934937
v 160.124519 118.880326 98.471245
v 160.477882 118.880326 98.931786
v 160.938423 118.880326 99.285164
v 161.474739 118.880326 99.507317
v 162.050270 118.880326 99.583084
v 162.625801 118.880326 99.507317
v 163.162117 118.880326 99.285164
v 163.622658 118.880326 98.931786
v 163.976051 118.880326 98.471245
v 164.198188 118.880326 97.934937
v 165.195045 119.587097 97.359406
v 165.087867 119.587097 96.545479
v 164.773719 119.587097 95.787025
v 164.273964 119.587097 95.135720
v 163.622658 119.587097 94.635964
v 162.864204 119.587097 94.321801
v 162.050270 119.587097 94.214646
v 161.236367 119.587097 94.321801
v 160.477882 119.587097 94.635964
v 159.826606 119.587097 95.135720
v 159.326820 119.587097 95.787025
v 159.012672 119.587097 96.545479
v 158.905525 119.587097 97.359406
v 159.012672 119.587097 98.173325
v 159.326820 119.587097 98.931786
v 159.826606 119.587097 99.583084
v 160.477882 119.587097 100.082847
v 161.236367 119.587097 100.397011
v 162.050270 119.587097 100.504165
v 162.864204 119.587097 100.397011
v 163.622658 119.587097 100.082847
v 164.273964 119.587097 99.583084
v 164.773719 119.587097 98.931786
v 165.087867 119.587097 98.173325
v 165.901803 120.508171 97.359406
v 165.770577 120.508171 96.362557
v 165.385810 120.508171 95.433639
v 164.773719 120.508171 94.635964
v 163.976051 120.508171 94.023880
v 163.047126 120.508171 93.639115
v 162.050270 120.508171 93.507874
v 161.053413 120.508171 93.639115
v 160.124519 120.508171 94.023880
v 159.326820 120.508171 94.635964
v 158.714759 120.508171 95.433639
v 158.329994 120.508171 96.362557
v 158.198738 120.508171 97.359406
v 158.329994 120.508171 98.356255
v 158.714759 120.508171 99.285164
v 159.326820 120.508171 100.082847
v 160.124519 120.508171 100.694924
v 161.053413 120.508171 101.079697
v 162.050270 120.508171 101.210930
v 163.047126 120.508171 101.079697
v 163.976051 120.508171 100.694924
v 164.773719 120.508171 100.082847
v 165.385810 120.508171 99.285164
v 165.770577 120.508171 98.356255
v 166.346107 121.580796 97.359406
v 166.199714 121.580796 96.247567
v 165.770577 121.580796 95.211495
v 165.087867 121.580796 94.321801
v 164.198188 121.580796 93.639115
v 163.162117 121.580796 93.209961
v 162.050270 121.580796 93.063584
v 160.938423 121.580796 93.209961
v 159.902351 121.580796 93.639115
v 159.012672 121.580796 94.321801
v 158.329994 121.580796 95.211495
v 157.900825 121.580796 96.247567
v 157.754463 121.580796 97.359406
v 157.900825 121.580796 98.471245
v 158.329994 121.580796 99.507317
v 159.012672 121.580796 100.397011
v 159.902351 121.580796 101.079697
v 160.938423 121.580796 101.508850
v 162.050270 121.580796 101.655228
v 163.162117 121.580796 101.508850
v 164.198188 121.580796 101.079697
v 165.087867 121.580796 100.397011
v 165.770577 121.580796 99.507317
v 166.199714 121.580796 98.471245
v 166.497627 122.731858 97.359406
v 166.346107 122.731858 96.208344
v 165.901803 122.731858 95.135720
v 165.195045 122.731858 94.214646
v 164.273964 122.731858 93.507874
v 163.201332 122.731858 93.063584
v 162.050270 122.731858 92.912041
v 160.899208 122.731858 93.063584
v 159.826606 122.731858 93.507874
v 158.905525 122.731858 94.214646
v 158.198738 122.731858 95.135720
v 157.754463 122.731858 96.208344
v 157.602913 122.731858 97.359406
v 157.754463 122.731858 98.510468
v 158.198738 122.731858 99.583084
v 158.905525 122.731858 100.504165
v 159.826606 122.731858 101.210930
v 160.899208 122.731858 101.655228
v 162.050270 122.731858 101.806763
v 163.201332 122.731858 101.655228
v 164.273964 122.731858 101.210930
v 165.195045 122.731858 100.504165
v 165.901803 122.731858 99.583084
v 166.346107 122.731858 98.510468
v 166.346107 123.882920 97.359406
v 166.199714 123.882920 96.247567
v 165.770577 123.882920 95.211495
v 165.087867 123.882920 94.321801
v 164.198188 123.882920 93.639115
v 163.162117 123.882920 93.209961
v 162.050270 123.882920 93.063584
v 160.938423 123.882920 93.209961
v 159.902351 123.882920 93.639115
v 159.012672 123.882920 94.321801
v 158.329994 123.882920 95.211495
v 157.900825 123.882920 96.247567
v 157.754463 123.882920 97.359406
v 157.900825 123.882920 98.471245
v 158.329994 123.882920 99.507317
v 159.012672 123.882920 100.397011
v 159.902351 123.882920 101.079697
v 160.938423 123.882920 101.508850
v 162.050270 123.882920 101.655228
v 163.162117 123.882920 101.508850
v 164.198188 123.882920 101.079697
v 165.087867 123.882920 100.397011
v 165.770577 123.882920 99.507317
v 166.199714 123.882920 98.471245
v 165.901803 124.955536 97.359406
v 165.770577 124.955536 96.362557
v 165.385810 124.955536 95.433639
v 164.773719 124.955536 94.635964
v 163.976051 124.955536 94.023880
v 163.047126 124.955536 93.639115
v 162.050270 124.955536 93.507874
v 161.053413 124.955536 93.639115
v 160.124519 124.955536 94.023880
v 159.326820 124.955536 94.635964
v 158.714759 124.955536 95.433639
v 158.329994 124.955536 96.362557
v 158.198738 124.955536 97.359406
v 158.329994 124.955536 98.356255
v 158.714759 124.955536 99.285164
v 159.326820 124.955536 100.082847
v 160.124519 124.955536 100.694924
v 161.053413 124.955536 101.079697
v 162.050270 124.955536 101.210930
v 163.047126 124.955536 101.079697
v 163.976051 124.955536 100.694924
v 164.773719 124.955536 100.082847
v 165.385810 124.955536 99.285164
v 165.770577 124.955536 98.356255
v 165.195045 125.876618 97.359406
v 165.087867 125.876618 96.545479
v 164.773719 125.876618 95.787025
v 164.273964 125.876618 95.135720
v 163.622658 125.876618 94.635964
v 162.864204 125.876618 94.321801
v 162.050270 125.876618 94.214646
v 161.236367 125.876618 94.321801
v 160.477882 125.876618 94.635964
v 159.826606 125.876618 95.135720
v 159.326820 125.876618 95.787025
v 159.012672 125.876618 96.545479
v 158.905525 125.876618 97.359406
v 159.012672 125.876618 98.173325
v 159.326820 125.876618 98.931786
v 159.826606 125.876618 99.583084
v 160.477882 125.876618 100.082847
v 161.236367 125.876618 100.397011
v 162.050270 125.876618 100.504165
v 162.864204 125.876618 100.397011
v 163.622658 125.876618 100.082847
v 164.273964 125.876618 99.583084
v 164.773719 125.876618 98.931786
v 165.087867 125.876618 98.173325
v 164.273964 126.583382 97.359406
v 164.198188 126.583382 96.783875
v 163.976051 126.583382 96.247567
v 163.622658 126.583382 95.787025
v 163.162117 126.583382 95.433639
v 162.625801 126.583382 95.211495
v 162.050270 126.583382 95.135720
v 161.474739 126.583382 95.211495
v 160.938423 126.583382 95.433639
v 160.477882 126.583382 95.787025
v 160.124519 126.583382 96.247567
v 159.902351 126.583382 96.783875
v 159.826606 126.583382 97.359406
v 159.902351 126.583382 97.934937
v 160.124519 126.583382 98.471245
v 160.477882 126.583382 98.931786
v 160.938423 126.583382 99.285164
v 161.474739 126.583382 99.507317
v 162.050270 126.583382 99.583084
v 162.625801 126.583382 99.507317
v 163.162117 126.583382 99.285164
v 163.622658 126.583382 98.931786
v 163.976051 126.583382 98.471245
v 164.198188 126.583382 97.934937
v 163.201332 127.027664 97.359406
v 163.162117 127.027664 97.061486
v 163.047126 127.027664 96.783875
v 162.864204 127.027664 96.545479
v 162.625801 127.027664 96.362557
v 162.348182 127.027664 96.247567
v 162.050270 127.027664 96.208344
v 161.752357 127.027664 96.247567
v 161.474739 127.027664 96.362557
v 161.236367 127.027664 96.545479
v 161.053413 127.027664 96.783875
v 160.938423 127.027664 97.061486
v 160.899208 127.027664 97.359406
v 160.938423 127.027664 97.657318
v 161.053413 127.027664 97.934937
v 161.236367 127.027664 98.173325
v 161.474739 127.027664 98.356255
v 161.752357 127.027664 98.471245
v 162.050270 127.027664 98.510468
v 162.348182 127.027664 98.471245
v 162.625801 127.027664 98.356255
v 162.864204 127.027664 98.173325
v 163.047126 127.027664 97.934937
v 163.162117 127.027664 97.657318
v 162.050270 164.036454 97.359398
v 162.050270 172.931168 97.359398
v 163.201332 164.187989 97.359398
v 163.162117 164.187989 97.061478
v 163.047126 164.187989 96.783867
v 162.864204 164.187989 96.545471
v 162.625801 164.187989 96.362549
v 162.348182 164.187989 96.247559
v 162.050270 164.187989 96.208336
v 161.752357 164.187989 96.247559
v 161.474739 164.187989 96.362549
v 161.236367 164.187989 96.545471
v 161.053413 164.187989 96.783867
v 160.938423 164.187989 97.061478
v 160.899208 164.187989 97.359398
v 160.938423 164.187989 97.657311
v 161.053413 164.187989 97.934928
v 161.236367 164.187989 98.173316
v 161.474739 164.187989 98.356247
v 161.752357 164.187989 98.471237
v 162.050270 164.187989 98.510460
v 162.348182 164.187989 98.471237
v 162.625801 164.187989 98.356247
v 162.864204 164.187989 98.173316
v 163.047126 164.187989 97.934928
v 163.162117 164.187989 97.657311
v 164.273964 164.632279 97.359398
v 164.198188 164.632279 96.783867
v 163.976051 164.632279 96.247559
v 163.622658 164.632279 95.787018
v 163.162117 164.632279 95.433632
v 162.625801 164.632279 95.211487
v 162.050270 164.632279 95.135711
v 161.474739 164.632279 95.211487
v 160.938423 164.632279 95.433632
v 160.477882 164.632279 95.787018
v 160.124519 164.632279 96.247559
v 159.902351 164.632279 96.783867
v 159.826606 164.632279 97.359398
v 159.902351 164.632279 97.934928
v 160.124519 164.632279 98.471237
v 160.477882 164.632279 98.931778
v 160.938423 164.632279 99.285156
v 161.474739 164.632279 99.507309
v 162.050270 164.632294 99.583077
v 162.625801 164.632279 99.507309
v 163.162117 164.632279 99.285156
v 163.622658 164.632279 98.931778
v 163.976051 164.632279 98.471237
v 164.198188 164.632279 97.934928
v 165.195045 165.339051 97.359398
v 165.087867 165.339051 96.545471
v 164.773719 165.339051 95.787018
v 164.273964 165.339051 95.135711
v 163.622658 165.339051 94.635956
v 162.864204 165.339051 94.321793
v 162.050270 165.339051 94.214638
v 161.236367 165.339051 94.321793
v 160.477882 165.339051 94.635956
v 159.826606 165.339051 95.135711
v 159.326820 165.339051 95.787018
v 159.012672 165.339051 96.545471
v 158.905525 165.339051 97.359398
v 159.012672 165.339051 98.173316
v 159.326820 165.339051 98.931778
v 159.826606 165.339066 99.583077
v 160.477882 165.339066 100.082840
v 161.236367 165.339066 100.397002
v 162.050270 165.339066 100.504158
v 162.864204 165.339066 100.397002
v 163.622658 165.339066 100.082840
v 164.273964 165.339066 99.583077
v 164.773719 165.339051 98.931778
v 165.087867 165.339051 98.173316
v 165.901803 166.260132 97.359398
v 165.770577 166.260132 96.362549
v 165.385810 166.260132 95.433632
v 164.773719 166.260132 94.635956
v 163.976051 166.260132 94.023873
v 163.047126 166.260132 93.639107
v 162.050270 166.260132 93.507866
v 161.053413 166.260132 93.639107
v 160.124519 166.260132 94.023873
v 159.326820 166.260132 94.635956
v 158.714759 166.260132 95.433632
v 158.329994 166.260132 96.362549
v 158.198738 166.260132 97.359398
v 158.329994 166.260132 98.356247
v 158.714759 166.260132 99.285156
v 159.326820 166.260147 100.082840
v 160.124519 166.260147 100.694916
v 161.053413 166.260147 101.079689
v 162.050270 166.260147 101.210923
v 163.047126 166.260147 101.079689
v 163.976051 166.260147 100.694916
v 164.773719 166.260147 100.082840
v 165.385810 166.260132 99.285156
v 165.770577 166.260132 98.356247
v 166.346107 167.332749 97.359398
v 166.199714 167.332749 96.247559
v 165.770577 167.332749 95.211487
v 165.087867 167.332749 94.321793
v 164.198188 167.332749 93.639107
v 163.162117 167.332749 93.209954
v 162.050270 167.332749 93.063575
v 160.938423 167.332749 93.209954
v 159.902351 167.332749 93.639107
v 159.012672 167.332749 94.321793
v 158.329994 167.332749 95.211487
v 157.900825 167.332749 96.247559
v 157.754463 167.332749 97.359398
v 157.900825 167.332749 98.471237
v 158.329994 167.332749 99.507309
v 159.012672 167.332764 100.397002
v 159.902351 167.332764 101.079689
v 160.938423 167.332764 101.508843
v 162.050270 167.332764 101.655220
v 163.162117 167.332764 101.508843
v 164.198188 167.332764 101.079689
v 165.087867 167.332764 100.397002
v 165.770577 167.332749 99.507309
v 166.199714 167.332749 98.471237
v 166.497627 168.483811 97.359398
v 166.346107 168.483811 96.208336
v 165.901803 168.483811 95.135711
v 165.195045 168.483811 94.214638
v 164.273964 168.483811 93.507866
v 163.201332 168.483811 93.063575
v 162.050270 168.483811 92.912033
v 160.899208 168.483811 93.063575
v 159.826606 168.483811 93.507866
v 158.905525 168.483811 94.214638
v 158.198738 168.483811 95.135711
v 157.754463 168.483811 96.208336
v 157.602913 168.483811 97.359398
v 157.754463 168.483811 98.510460
v 158.198738 168.483826 99.583077
v 158.905525 168.483826 100.504158
v 159.826606 168.483826 101.210923
v 160.899208 168.483826 101.655220
v 162.050270 168.483826 101.806755
v 163.201332 168.483826 101.655220
v 164.273964 168.483826 101.210923
v 165.195045 168.483826 100.504158
v 165.901803 168.483826 99.583077
v 166.346107 168.483811 98.510460
v 166.346107 169.634873 97.359398
v 166.199714 169.634873 96.247559
v 165.770577 169.634873 95.211487
v 165.087867 169.634873 94.321793
v 164.198188 169.634873 93.639107
v 163.162117 169.634873 93.209954
v 162.050270 169.634873 93.063575
v 160.938423 169.634873 93.209954
v 159.902351 169.634873 93.639107
v 159.012672 169.634873 94.321793
v 158.329994 169.634873 95.211487
v 157.900825 169.634873 96.247559
v 157.754463 169.634873 97.359398
v 157.900825 169.634873 98.471237
v 158.329994 169.634873 99.507309
v 159.012672 169.634888 100.397002
v 159.902351 169.634888 101.079689
v 160.938423 169.634888 101.508843
v 162.050270 169.634888 101.655220
v 163.162117 169.634888 101.508843
v 164.198188 169.634888 101.079689
v 165.087867 169.634888 100.397002
v 165.770577 169.634873 99.507309
v 166.199714 169.634873 98.471237
v 165.901803 170.707489 97.359398
v 165.770577 170.707489 96.362549
v 165.385810 170.707489 95.433632
v 164.773719 170.707489 94.635956
v 163.976051 170.707489 94.023873
v 163.047126 170.707489 93.639107
v 162.050270 170.707489 93.507866
v 161.053413 170.707489 93.639107
v 160.124519 170.707489 94.023873
v 159.326820 170.707489 94.635956
v 158.714759 170.707489 95.433632
v 158.329994 170.707489 96.362549
v 158.198738 170.707489 97.359398
v 158.329994 170.707489 98.356247
v 158.714759 170.707489 99.285156
v 159.326820 170.707505 100.082840
v 160.124519 170.707505 100.694916
v 161.053413 170.707505 101.079689
v 162.050270 170.707505 101.210923
v 163.047126 170.707505 101.079689
v 163.976051 170.707505 100.694916
v 164.773719 170.707505 100.082840
v 165.385810 170.707489 99.285156
v 165.770577 170.707489 98.356247
v 165.195045 171.628571 97.359398
v 165.087867 171.628571 96.545471
v 164.773719 171.628571 95.787018
v 164.273964 171.628571 95.135711
v 163.622658 171.628571 94.635956
v 162.864204 171.628571 94.321793
v 162.050270 171.628571 94.214638
v 161.236367 171.628571 94.321793
v 160.477882 171.628571 94.635956
v 159.826606 171.628571 95.135711
v 159.326820 171.628571 95.787018
v 159.012672 171.628571 96.545471
v 158.905525 171.628571 97.359398
v 159.012672 171.628571 98.173316
v 159.326820 171.628571 98.931778
v 159.826606 171.628586 99.583077
v 160.477882 171.628586 100.082840
v 161.236367 171.628586 100.397002
v 162.050270 171.628586 100.504158
v 162.864204 171.628586 100.397002
v 163.622658 171.628586 100.082840
v 164.273964 171.628586 99.583077
v 164.773719 171.628571 98.931778
v 165.087867 171.628571 98.173316
v 164.273964 172.335343 97.359398
v 164.198188 172.335343 96.783867
v 163.976051 172.335343 96.247559
v 163.622658 172.335343 95.787018
v 163.162117 172.335343 95.433632
v 162.625801 172.335343 95.211487
v 162.050270 172.335343 95.135711
v 161.474739 172.335343 95.211487
v 160.938423 172.335343 95.433632
v 160.477882 172.335343 95.787018
v 160.124519 172.335343 96.247559
v 159.902351 172.335343 96.783867
v 159.826606 172.335343 97.359398
v 159.902351 172.335343 97.934928
v 160.124519 172.335343 98.471237
v 160.477882 172.335343 98.931778
v 160.938423 172.335343 99.285156
v 161.474739 172.335343 99.507309
v 162.050270 172.335358 99.583077
v 162.625801 172.335343 99.507309
v 163.162117 172.335343 99.285156
v 163.622658 172.335343 98.931778
v 163.976051 172.335343 98.471237
v 164.198188 172.335343 97.934928
v 163.201332 172.779633 97.359398
v 163.162117 172.779633 97.061478
v 163.047126 172.779633 96.783867
v 162.864204 172.779633 96.545471
v 162.625801 172.779633 96.362549
v 162.348182 172.779633 96.247559
v 162.050270 172.779633 96.208336
v 161.752357 172.779633 96.247559
v 161.474739 172.779633 96.362549
v 161.236367 172.779633 96.545471
v 161.053413 172.779633 96.783867
v 160.938423 172.779633 97.061478
v 160.899208 172.779633 97.359398
v 160.938423 172.779633 97.657311
v 161.053413 172.779633 97.934928
v 161.236367 172.779633 98.173316
v 161.474739 172.779633 98.356247
v 161.752357 172.779633 98.471237
v 162.050270 172.779633 98.510460
v 162.348182 172.779633 98.471237
v 162.625801 172.779633 98.356247
v 162.864204 172.779633 98.173316
v 163.047126 172.779633 97.934928
v 163.162117 172.779633 97.657311
v -193.608483 146.538544 85.883781
v -92.205956 146.538544 85.883781
v -92.205956 146.538544 -43.330276
v -193.608483 146.538544 -43.330276
v -193.608483 146.563019 86.038291
v -92.205956 146.563019 86.038291
v -92.158203 146.563019 86.030732
v -92.115136 146.563019 86.008781
v -92.080956 146.563019 85.974602
v -92.059006 146.563019 85.931526
v -92.051445 146.563019 85.883781
v -92.051445 146.563019 -43.330276
v -92.059006 146.563019 -43.378022
v -92.080956 146.563019 -43.421096
v -92.115136 146.563019 -43.455276
v -92.158203 146.563019 -43.477219
v -92.205956 146.563019 -43.484772
v -193.608483 146.563019 -43.484772
v -193.656227 146.563019 -43.477219
v -193.699303 146.563019 -43.455276
v -193.733483 146.563019 -43.421096
v -193.755440 146.563019 -43.378022
v -193.762992 146.563019 -43.330276
v -193.762992 146.563019 85.883781
v -193.755440 146.563019 85.931526
v -193.733483 146.563019 85.974602
v -193.699303 146.563019 86.008781
v -193.656227 146.563019 86.030732
v -193.608483 146.634033 86.177673
v -92.205956 146.634033 86.177673
v -92.115136 146.634033 86.163291
v -92.033203 146.634033 86.121544
v -91.968186 146.634033 86.056526
v -91.926445 146.634033 85.974602
v -91.912056 146.634033 85.883781
v -91.912056 146.634033 -43.330276
v -91.926445 146.634033 -43.421096
v -91.968186 146.634033 -43.503022
v -92.033203 146.634033 -43.568039
v -92.115136 146.634033 -43.609772
v -92.205956 146.634033 -43.624161
v -193.608483 146.634033 -43.624161
v -193.699303 146.634033 -43.609772
v -193.781227 146.634033 -43.568039
v -193.846260 146.634033 -43.503022
v -193.887992 146.634033 -43.421096
v -193.902382 146.634033 -43.330276
v -193.902382 146.634033 85.883781
v -193.887992 146.634033 85.974602
v -193.846260 146.634033 86.056526
v -193.781227 146.634033 86.121544
v -193.699303 146.634033 86.163291
v -193.608483 146.744644 86.288291
v -92.205956 146.744644 86.288291
v -92.080956 146.744644 86.268494
v -91.968186 146.744644 86.211037
v -91.878701 146.744644 86.121544
v -91.821236 146.744644 86.008781
v -91.801445 146.744644 85.883781
v -91.801445 146.744644 -43.330276
v -91.821236 146.744644 -43.455276
v -91.878701 146.744644 -43.568039
v -91.968186 146.744644 -43.657531
v -92.080956 146.744644 -43.714982
v -92.205956 146.744644 -43.734772
v -193.608483 146.744644 -43.734772
v -193.733483 146.744644 -43.714982
v -193.846260 146.744644 -43.657531
v -193.935738 146.744644 -43.568039
v -193.993202 146.744644 -43.455276
v -194.012992 146.744644 -43.330276
v -194.012992 146.744644 85.883781
v -193.993202 146.744644 86.008781
v -193.935738 146.744644 86.121544
v -193.846260 146.744644 86.211037
v -193.733483 146.744644 86.268494
v -193.608483 146.884033 86.359313
v -92.205956 146.884033 86.359313
v -92.059006 146.884033 86.336037
v -91.926445 146.884033 86.268494
v -91.821236 146.884033 86.163291
v -91.753701 146.884033 86.030732
v -91.730423 146.884033 85.883781
v -91.730423 146.884033 -43.330276
v -91.753701 146.884033 -43.477219
v -91.821236 146.884033 -43.609772
v -91.926445 146.884033 -43.714982
v -92.059006 146.884033 -43.782531
v -92.205956 146.884033 -43.805801
v -193.608483 146.884033 -43.805801
v -193.755440 146.884033 -43.782531
v -193.887992 146.884033 -43.714982
v -193.993202 146.884033 -43.609772
v -194.060738 146.884033 -43.477219
v -194.084023 146.884033 -43.330276
v -194.084023 146.884033 85.883781
v -194.060738 146.884033 86.030732
v -193.993202 146.884033 86.163291
v -193.887992 146.884033 86.268494
v -193.755440 146.884033 86.336037
v -193.608483 147.038544 86.383781
v -92.205956 147.038544 86.383781
v -92.051445 147.038544 86.359313
v -91.912056 147.038544 86.288291
v -91.801445 147.038544 86.177673
v -91.730423 147.038544 86.038291
v -91.705956 147.038544 85.883781
v -91.705956 147.038544 -43.330276
v -91.730423 147.038544 -43.484772
v -91.801445 147.038544 -43.624161
v -91.912056 147.038544 -43.734772
v -92.051445 147.038544 -43.805801
v -92.205956 147.038544 -43.830276
v -193.608483 147.038544 -43.830276
v -193.762992 147.038544 -43.805801
v -193.902382 147.038544 -43.734772
v -194.012992 147.038544 -43.624161
v -194.084023 147.038544 -43.484772
v -194.108483 147.038544 -43.330276
v -194.108483 147.038544 85.883781
v -194.084023 147.038544 86.038291
v -194.012992 147.038544 86.177673
v -193.902382 147.038544 86.288291
v -193.762992 147.038544 86.359313
v -193.608483 191.001801 86.383774
v -92.205956 191.001801 86.383774
v -92.051445 191.001801 86.359307
v -91.912056 191.001801 86.288285
v -91.801445 191.001801 86.177666
v -91.730423 191.001801 86.038285
v -91.705956 191.001801 85.883774
v -91.705956 191.001801 -43.330276
v -91.730423 191.001801 -43.484787
v -91.801445 191.001801 -43.624176
v -91.912056 191.001801 -43.734787
v -92.051445 191.001801 -43.805801
v -92.205956 191.001801 -43.830276
v -193.608483 191.001801 -43.830276
v -193.762992 191.001801 -43.805801
v -193.902382 191.001801 -43.734787
v -194.012992 191.001801 -43.624176
v -194.084023 191.001801 -43.484787
v -194.108483 191.001801 -43.330276
v -194.108483 191.001801 85.883774
v -194.084023 191.001801 86.038285
v -194.012992 191.001801 86.177666
v -193.902382 191.001801 86.288285
v -193.762992 191.001801 86.359307
v -193.608483 191.156296 86.359307
v -92.205956 191.156296 86.359307
v -92.059006 191.156296 86.336028
v -91.926445 191.156296 86.268485
v -91.821236 191.156296 86.163285
v -91.753701 191.156296 86.030724
v -91.730423 191.156296 85.883774
v -91.730423 191.156296 -43.330276
v -91.753701 191.156296 -43.477219
v -91.821236 191.156296 -43.609787
v -91.926445 191.156296 -43.714996
v -92.059006 191.156296 -43.782531
v -92.205956 191.156296 -43.805801
v -193.608483 191.156296 -43.805801
v -193.755440 191.156296 -43.782531
v -193.887992 191.156296 -43.714996
v -193.993202 191.156296 -43.609787
v -194.060738 191.156296 -43.477219
v -194.084023 191.156296 -43.330276
v -194.084023 191.156296 85.883774
v -194.060738 191.156296 86.030724
v -193.993202 191.156296 86.163285
v -193.887992 191.156296 86.268485
v -193.755440 191.156296 86.336028
v -193.608483 191.295685 86.288285
v -92.205956 191.295685 86.288285
v -92.080956 191.295685 86.268485
v -91.968186 191.295685 86.211028
v -91.878701 191.295685 86.121537
v -91.821236 191.295685 86.008774
v -91.801445 191.295685 85.883774
v -91.801445 191.295685 -43.330276
v -91.821236 191.295685 -43.455276
v -91.878701 191.295685 -43.568039
v -91.968186 191.295685 -43.657531
v -92.080956 191.295685 -43.714996
v -92.205956 191.295685 -43.734787
v -193.608483 191.295685 -43.734787
v -193.733483 191.295685 -43.714996
v -193.846260 191.295685 -43.657531
v -193.935738 191.295685 -43.568039
v -193.993202 191.295685 -43.455276
v -194.012992 191.295685 -43.330276
v -194.012992 191.295685 85.883774
v -193.993202 191.295685 86.008774
v -193.935738 191.295685 86.121537
v -193.846260 191.295685 86.211028
v -193.733483 191.295685 86.268485
v -193.608483 191.406296 86.177666
v -92.205956 191.406296 86.177666
v -92.115136 191.406296 86.163285
v -92.033203 191.406296 86.121537
v -91.968186 191.406296 86.056519
v -91.926445 191.406296 85.974593
v -91.912056 191.406296 85.883774
v -91.912056 191.406296 -43.330276
v -91.926445 191.406296 -43.421096
v -91.968186 191.406296 -43.503022
v -92.033203 191.406296 -43.568039
v -92.115136 191.406296 -43.609787
v -92.205956 191.406296 -43.624176
v -193.608483 191.406296 -43.624176
v -193.699303 191.406296 -43.609787
v -193.781227 191.406296 -43.568039
v -193.846260 191.406296 -43.503022
v -193.887992 191.406296 -43.421096
v -193.902382 191.406296 -43.330276
v -193.902382 191.406296 85.883774
v -193.887992 191.406296 85.974593
v -193.846260 191.406296 86.056519
v -193.781227 191.406296 86.121537
v -193.699303 191.406296 86.163285
v -193.608483 191.477326 86.038285
v -92.205956 191.477326 86.038285
v -92.158203 191.477326 86.030724
v -92.115136 191.477326 86.008774
v -92.080956 191.477326 85.974593
v -92.059006 191.477326 85.931519
v -92.051445 191.477326 85.883774
v -92.051445 191.477326 -43.330276
v -92.059006 191.477326 -43.378022
v -92.080956 191.477326 -43.421096
v -92.115136 191.477326 -43.455276
v -92.158203 191.477326 -43.477219
v -92.205956 191.477326 -43.484787
v -193.608483 191.477326 -43.484787
v -193.656227 191.477326 -43.477219
v -193.699303 191.477326 -43.455276
v -193.733483 191.477326 -43.421096
v -193.755440 191.477326 -43.378022
v -193.762992 191.477326 -43.330276
v -193.762992 191.477326 85.883774
v -193.755440 191.477326 85.931519
v -193.733483 191.477326 85.974593
v -193.699303 191.477326 86.008774
v -193.656227 191.477326 86.030724
v -193.608483 191.501801 85.883774
v -92.205956 191.501801 85.883774
v -92.205956 191.501801 -43.330276
v -193.608483 191.501801 -43.330276
v -192.767647 99.800087 85.883781
v -93.046791 99.800087 85.883781
v -93.046791 99.800080 -43.330261
v -192.767647 99.800080 -43.330261
v -192.767647 99.824555 86.038291
v -93.046791 99.824555 86.038291
v -92.999047 99.824555 86.030732
v -92.955971 99.824555 86.008781
v -92.921791 99.824555 85.974602
v -92.899849 99.824555 85.931526
v -92.892281 99.824555 85.883781
v -92.892281 99.824547 -43.330261
v -92.899849 99.824547 -43.378022
v -92.921791 99.824547 -43.421081
v -92.955971 99.824547 -43.455261
v -92.999047 99.824547 -43.477219
v -93.046791 99.824547 -43.484772
v -192.767647 99.824547 -43.484772
v -192.815392 99.824547 -43.477219
v -192.858467 99.824547 -43.455261
v -192.892647 99.824547 -43.421081
v -192.914589 99.824547 -43.378022
v -192.922157 99.824547 -43.330261
v -192.922157 99.824555 85.883781
v -192.914589 99.824555 85.931526
v -192.892647 99.824555 85.974602
v -192.858467 99.824555 86.008781
v -192.815392 99.824555 86.030732
v -192.767647 99.895577 86.177673
v -93.046791 99.895577 86.177673
v -92.955971 99.895577 86.163291
v -92.874047 99.895577 86.121544
v -92.809029 99.895577 86.056526
v -92.767281 99.895577 85.974602
v -92.752900 99.895577 85.883781
v -92.752900 99.895569 -43.330261
v -92.767281 99.895569 -43.421081
v -92.809029 99.895569 -43.503022
v -92.874047 99.895569 -43.568039
v -92.955971 99.895569 -43.609772
v -93.046791 99.895569 -43.624161
v -192.767647 99.895569 -43.624161
v -192.858467 99.895569 -43.609772
v -192.940392 99.895569 -43.568039
v -193.005410 99.895569 -43.503022
v -193.047157 99.895569 -43.421081
v -193.061531 99.895569 -43.330261
v -193.061531 99.895577 85.883781
v -193.047157 99.895577 85.974602
v -193.005410 99.895577 86.056526
v -192.940392 99.895577 86.121544
v -192.858467 99.895577 86.163291
v -192.767647 100.006188 86.288291
v -93.046791 100.006188 86.288291
v -92.921791 100.006188 86.268494
v -92.809029 100.006188 86.211037
v -92.719536 100.006188 86.121544
v -92.662087 100.006188 86.008781
v -92.642281 100.006188 85.883781
v -92.642281 100.006180 -43.330261
v -92.662087 100.006180 -43.455261
v -92.719536 100.006180 -43.568039
v -92.809029 100.006180 -43.657531
v -92.921791 100.006180 -43.714982
v -93.046791 100.006180 -43.734772
v -192.767647 100.006180 -43.734772
v -192.892647 100.006180 -43.714982
v -193.005410 100.006180 -43.657531
v -193.094902 100.006180 -43.568039
v -193.152352 100.006180 -43.455261
v -193.172157 100.006180 -43.330261
v -193.172157 100.006188 85.883781
v -193.152352 100.006188 86.008781
v -193.094902 100.006188 86.121544
v -193.005410 100.006188 86.211037
v -192.892647 100.006188 86.268494
v -192.767647 100.145577 86.359313
v -93.046791 100.145577 86.359313
v -92.899849 100.145577 86.336037
v -92.767281 100.145577 86.268494
v -92.662087 100.145577 86.163291
v -92.594536 100.145577 86.030732
v -92.571267 100.145577 85.883781
v -92.571267 100.145569 -43.330261
v -92.594536 100.145569 -43.477219
v -92.662087 100.145569 -43.609772
v -92.767281 100.145569 -43.714982
v -92.899849 100.145569 -43.782531
v -93.046791 100.145569 -43.805801
v -192.767647 100.145569 -43.805801
v -192.914589 100.145569 -43.782531
v -193.047157 100.145569 -43.714982
v -193.152352 100.145569 -43.609772
v -193.219902 100.145569 -43.477219
v -193.243172 100.145569 -43.330261
v -193.243172 100.145577 85.883781
v -193.219902 100.145577 86.030732
v -193.152352 100.145577 86.163291
v -193.047157 100.145577 86.268494
v -192.914589 100.145577 86.336037
v -192.767647 100.300087 86.383781
v -93.046791 100.300087 86.383781
v -92.892281 100.300087 86.359313
v -92.752900 100.300087 86.288291
v -92.642281 100.300087 86.177673
v -92.571267 100.300087 86.038291
v -92.546791 100.300087 85.883781
v -92.546791 100.300080 -43.330261
v -92.571267 100.300080 -43.484772
v -92.642281 100.300080 -43.624161
v -92.752900 100.300080 -43.734772
v -92.892281 100.300080 -43.805801
v -93.046791 100.300080 -43.830261
v -192.767647 100.300080 -43.830261
v -192.922157 100.300080 -43.805801
v -193.061531 100.300080 -43.734772
v -193.172157 100.300080 -43.624161
v -193.243172 100.300080 -43.484772
v -193.267647 100.300080 -43.330261
v -193.267647 100.300087 85.883781
v -193.243172 100.300087 86.038291
v -193.172157 100.300087 86.177673
v -193.061531 100.300087 86.288291
v -192.922157 100.300087 86.359313
v -192.767647 145.125260 86.383781
v -93.046791 145.125260 86.383781
v -92.892281 145.125260 86.359313
v -92.752900 145.125260 86.288291
v -92.642281 145.125260 86.177673
v -92.571267 145.125260 86.038291
v -92.546791 145.125260 85.883781
v -92.546791 145.125260 -43.330276
v -92.571267 145.125260 -43.484772
v -92.642281 145.125260 -43.624161
v -92.752900 145.125260 -43.734772
v -92.892281 145.125260 -43.805801
v -93.046791 145.125260 -43.830276
v -192.767647 145.125260 -43.830276
v -192.922157 145.125260 -43.805801
v -193.061531 145.125260 -43.734772
v -193.172157 145.125260 -43.624161
v -193.243172 145.125260 -43.484772
v -193.267647 145.125260 -43.330276
v -193.267647 145.125260 85.883781
v -193.243172 145.125260 86.038291
v -193.172157 145.125260 86.177673
v -193.061531 145.125260 86.288291
v -192.922157 145.125260 86.359313
v -192.767647 145.279770 86.359313
v -93.046791 145.279770 86.359313
v -92.899849 145.279770 86.336037
v -92.767281 145.279770 86.268494
v -92.662087 145.279770 86.163291
v -92.594536 145.279770 86.030732
v -92.571267 145.279770 85.883781
v -92.571267 145.279770 -43.330276
v -92.594536 145.279770 -43.477219
v -92.662087 145.279770 -43.609772
v -92.767281 145.279770 -43.714982
v -92.899849 145.279770 -43.782531
v -93.046791 145.279770 -43.805801
v -192.767647 145.279770 -43.805801
v -192.914589 145.279770 -43.782531
v -193.047157 145.279770 -43.714982
v -193.152352 145.279770 -43.609772
v -193.219902 145.279770 -43.477219
v -193.243172 145.279770 -43.330276
v -193.243172 145.279770 85.883781
v -193.219902 145.279770 86.030732
v -193.152352 145.279770 86.163291
v -193.047157 145.279770 86.268494
v -192.914589 145.279770 86.336037
v -192.767647 145.419144 86.288291
v -93.046791 145.419144 86.288291
v -92.921791 145.419144 86.268494
v -92.809029 145.419144 86.211037
v -92.719536 145.419144 86.121544
v -92.662087 145.419144 86.008781
v -92.642281 145.419144 85.883781
v -92.642281 145.419144 -43.330276
v -92.662087 145.419144 -43.455276
v -92.719536 145.419144 -43.568039
v -92.809029 145.419144 -43.657531
v -92.921791 145.419144 -43.714982
v -93.046791 145.419144 -43.734772
v -192.767647 145.419144 -43.734772
v -192.892647 145.419144 -43.714982
v -193.005410 145.419144 -43.657531
v -193.094902 145.419144 -43.568039
v -193.152352 145.419144 -43.455276
v -193.172157 145.419144 -43.330276
v -193.172157 145.419144 85.883781
v -193.152352 145.419144 86.008781
v -193.094902 145.419144 86.121544
v -193.005410 145.419144 86.211037
v -192.892647 145.419144 86.268494
v -192.767647 145.529770 86.177673
v -93.046791 145.529770 86.177673
v -92.955971 145.529770 86.163291
v -92.874047 145.529770 86.121544
v -92.809029 145.529770 86.056526
v -92.767281 145.529770 85.974602
v -92.752900 145.529770 85.883781
v -92.752900 145.529770 -43.330276
v -92.767281 145.529770 -43.421096
v -92.809029 145.529770 -43.503022
v -92.874047 145.529770 -43.568039
v -92.955971 145.529770 -43.609772
v -93.046791 145.529770 -43.624161
v -192.767647 145.529770 -43.624161
v -192.858467 145.529770 -43.609772
v -192.940392 145.529770 -43.568039
v -193.005410 145.529770 -43.503022
v -193.047157 145.529770 -43.421096
v -193.061531 145.529770 -43.330276
v -193.061531 145.529770 85.883781
v -193.047157 145.529770 85.974602
v -193.005410 145.529770 86.056526
v -192.940392 145.529770 86.121544
v -192.858467 145.529770 86.163291
v -192.767647 145.600785 86.038291
v -93.046791 145.600785 86.038291
v -92.999047 145.600785 86.030732
v -92.955971 145.600785 86.008781
v -92.921791 145.600785 85.974602
v -92.899849 145.600785 85.931526
v -92.892281 145.600785 85.883781
v -92.892281 145.600785 -43.330276
v -92.899849 145.600785 -43.378022
v -92.921791 145.600785 -43.421096
v -92.955971 145.600785 -43.455276
v -92.999047 145.600785 -43.477219
v -93.046791 145.600785 -43.484772
v -192.767647 145.600785 -43.484772
v -192.815392 145.600785 -43.477219
v -192.858467 145.600785 -43.455276
v -192.892647 145.600785 -43.421096
v -192.914589 145.600785 -43.378022
v -192.922157 145.600785 -43.330276
v -192.922157 145.600785 85.883781
v -192.914589 145.600785 85.931526
v -192.892647 145.600785 85.974602
v -192.858467 145.600785 86.008781
v -192.815392 145.600785 86.030732
v -192.767647 145.625260 85.883781
v -93.046791 145.625260 85.883781
v -93.046791 145.625260 -43.330276
v -192.767647 145.625260 -43.330276
v -192.346367 11.069771 85.883789
v -93.468071 11.069771 85.883789
v -93.468071 11.069763 -43.330261
v -192.346367 11.069763 -43.330261
v -192.346367 11.094246 86.038300
v -93.468071 11.094246 86.038300
v -93.420327 11.094246 86.030739
v -93.377251 11.094246 86.008789
v -93.343071 11.094246 85.974609
v -93.321122 11.094246 85.931534
v -93.313561 11.094246 85.883789
v -93.313561 11.094239 -43.330261
v -93.321122 11.094239 -43.378006
v -93.343071 11.094239 -43.421081
v -93.377251 11.094239 -43.455261
v -93.420327 11.094239 -43.477203
v -93.468071 11.094239 -43.484772
v -192.346367 11.094239 -43.484772
v -192.394112 11.094239 -43.477203
v -192.437188 11.094239 -43.455261
v -192.471367 11.094239 -43.421081
v -192.493324 11.094239 -43.378006
v -192.500878 11.094239 -43.330261
v -192.500878 11.094246 85.883789
v -192.493324 11.094246 85.931534
v -192.471367 11.094246 85.974609
v -192.437188 11.094246 86.008789
v -192.394112 11.094246 86.030739
v -192.346367 11.165268 86.177681
v -93.468071 11.165268 86.177681
v -93.377251 11.165268 86.163300
v -93.295327 11.165268 86.121552
v -93.230309 11.165268 86.056534
v -93.188561 11.165268 85.974609
v -93.174172 11.165268 85.883789
v -93.174172 11.165261 -43.330261
v -93.188561 11.165261 -43.421081
v -93.230309 11.165261 -43.503006
v -93.295327 11.165261 -43.568023
v -93.377251 11.165261 -43.609772
v -93.468071 11.165261 -43.624145
v -192.346367 11.165261 -43.624145
v -192.437188 11.165261 -43.609772
v -192.519112 11.165261 -43.568023
v -192.584130 11.165261 -43.503006
v -192.625878 11.165261 -43.421081
v -192.640266 11.165261 -43.330261
v -192.640266 11.165268 85.883789
v -192.625878 11.165268 85.974609
v -192.584130 11.165268 86.056534
v -192.519112 11.165268 86.121552
v -192.437188 11.165268 86.163300
v -192.346367 11.275879 86.288300
v -93.468071 11.275879 86.288300
v -93.343071 11.275879 86.268501
v -93.230309 11.275879 86.211044
v -93.140816 11.275879 86.121552
v -93.083359 11.275879 86.008789
v -93.063561 11.275879 85.883789
v -93.063561 11.275872 -43.330261
v -93.083359 11.275872 -43.455261
v -93.140816 11.275872 -43.568023
v -93.230309 11.275872 -43.657516
v -93.343071 11.275872 -43.714966
v -93.468071 11.275872 -43.734772
v -192.346367 11.275872 -43.734772
v -192.471367 11.275872 -43.714966
v -192.584130 11.275872 -43.657516
v -192.673623 11.275872 -43.568023
v -192.731087 11.275872 -43.455261
v -192.750878 11.275872 -43.330261
v -192.750878 11.275879 85.883789
v -192.731087 11.275879 86.008789
v -192.673623 11.275879 86.121552
v -192.584130 11.275879 86.211044
v -192.471367 11.275879 86.268501
v -192.346367 11.415268 86.359322
v -93.468071 11.415268 86.359322
v -93.321122 11.415268 86.336044
v -93.188561 11.415268 86.268501
v -93.083359 11.415268 86.163300
v -93.015816 11.415268 86.030739
v -92.992546 11.415268 85.883789
v -92.992546 11.415261 -43.330261
v -93.015816 11.415261 -43.477203
v -93.083359 11.415261 -43.609772
v -93.188561 11.415261 -43.714966
v -93.321122 11.415261 -43.782516
v -93.468071 11.415261 -43.805786
v -192.346367 11.415261 -43.805786
v -192.493324 11.415261 -43.782516
v -192.625878 11.415261 -43.714966
v -192.731087 11.415261 -43.609772
v -192.798623 11.415261 -43.477203
v -192.821892 11.415261 -43.330261
v -192.821892 11.415268 85.883789
v -192.798623 11.415268 86.030739
v -192.731087 11.415268 86.163300
v -192.625878 11.415268 86.268501
v -192.493324 11.415268 86.336044
v -192.346367 11.569771 86.383789
v -93.468071 11.569771 86.383789
v -93.313561 11.569771 86.359322
v -93.174172 11.569771 86.288300
v -93.063561 11.569771 86.177681
v -92.992546 11.569771 86.038300
v -92.968071 11.569771 85.883789
v -92.968071 11.569763 -43.330261
v -92.992546 11.569763 -43.484772
v -93.063561 11.569763 -43.624145
v -93.174172 11.569763 -43.734772
v -93.313561 11.569763 -43.805786
v -93.468071 11.569763 -43.830261
v -192.346367 11.569763 -43.830261
v -192.500878 11.569763 -43.805786
v -192.640266 11.569763 -43.734772
v -192.750878 11.569763 -43.624145
v -192.821892 11.569763 -43.484772
v -192.846367 11.569763 -43.330261
v -192.846367 11.569771 85.883789
v -192.821892 11.569771 86.038300
v -192.750878 11.569771 86.177681
v -192.640266 11.569771 86.288300
v -192.500878 11.569771 86.359322
v -192.346367 92.503083 86.383781
v -93.468071 92.503083 86.383781
v -93.313561 92.503083 86.359313
v -93.174172 92.503083 86.288291
v -93.063561 92.503083 86.177673
v -92.992546 92.503083 86.038291
v -92.968071 92.503083 85.883781
v -92.968071 92.503075 -43.330261
v -92.992546 92.503075 -43.484772
v -93.063561 92.503075 -43.624161
v -93.174172 92.503075 -43.734772
v -93.313561 92.503075 -43.805801
v -93.468071 92.503075 -43.830261
v -192.346367 92.503075 -43.830261
v -192.500878 92.503075 -43.805801
v -192.640266 92.503075 -43.734772
v -192.750878 92.503075 -43.624161
v -192.821892 92.503075 -43.484772
v -192.846367 92.503075 -43.330261
v -192.846367 92.503083 85.883781
v -192.821892 92.503083 86.038291
v -192.750878 92.503083 86.177673
v -192.640266 92.503083 86.288291
v -192.500878 92.503083 86.359313
v -192.346367 92.657585 86.359313
v -93.468071 92.657585 86.359313
v -93.321122 92.657585 86.336037
v -93.188561 92.657585 86.268494
v -93.083359 92.657585 86.163291
v -93.015816 92.657585 86.030732
v -92.992546 92.657585 85.883781
v -92.992546 92.657578 -43.330261
v -93.015816 92.657578 -43.477219
v -93.083359 92.657578 -43.609772
v -93.188561 92.657578 -43.714982
v -93.321122 92.657578 -43.782531
v -93.468071 92.657578 -43.805801
v -192.346367 92.657578 -43.805801
v -192.493324 92.657578 -43.782531
v -192.625878 92.657578 -43.714982
v -192.731087 92.657578 -43.609772
v -192.798623 92.657578 -43.477219
v -192.821892 92.657578 -43.330261
v -192.821892 92.657585 85.883781
v -192.798623 92.657585 86.030732
v -192.731087 92.657585 86.163291
v -192.625878 92.657585 86.268494
v -192.493324 92.657585 86.336037
v -192.346367 92.796974 86.288291
v -93.468071 92.796974 86.288291
v -93.343071 92.796974 86.268494
v -93.230309 92.796974 86.211037
v -93.140816 92.796974 86.121544
v -93.083359 92.796974 86.008781
v -93.063561 92.796974 85.883781
v -93.063561 92.796967 -43.330261
v -93.083359 92.796967 -43.455261
v -93.140816 92.796967 -43.568039
v -93.230309 92.796967 -43.657531
v -93.343071 92.796967 -43.714982
v -93.468071 92.796967 -43.734772
v -192.346367 92.796967 -43.734772
v -192.471367 92.796967 -43.714982
v -192.584130 92.796967 -43.657531
v -192.673623 92.796967 -43.568039
v -192.731087 92.796967 -43.455261
v -192.750878 92.796967 -43.330261
v -192.750878 92.796974 85.883781
v -192.731087 92.796974 86.008781
v -192.673623 92.796974 86.121544
v -192.584130 92.796974 86.211037
v -192.471367 92.796974 86.268494
v -192.346367 92.907585 86.177673
v -93.468071 92.907585 86.177673
v -93.377251 92.907585 86.163291
v -93.295327 92.907585 86.121544
v -93.230309 92.907585 86.056526
v -93.188561 92.907585 85.974602
v -93.174172 92.907585 85.883781
v -93.174172 92.907578 -43.330261
v -93.188561 92.907578 -43.421081
v -93.230309 92.907578 -43.503022
v -93.295327 92.907578 -43.568039
v -93.377251 92.907578 -43.609772
v -93.468071 92.907578 -43.624161
v -192.346367 92.907578 -43.624161
v -192.437188 92.907578 -43.609772
v -192.519112 92.907578 -43.568039
v -192.584130 92.907578 -43.503022
v -192.625878 92.907578 -43.421081
v -192.640266 92.907578 -43.330261
v -192.640266 92.907585 85.883781
v -192.625878 92.907585 85.974602
v -192.584130 92.907585 86.056526
v -192.519112 92.907585 86.121544
v -192.437188 92.907585 86.163291
v -192.346367 92.978607 86.038291
v -93.468071 92.978607 86.038291
v -93.420327 92.978607 86.030732
v -93.377251 92.978607 86.008781
v -93.343071 92.978607 85.974602
v -93.321122 92.978607 85.931526
v -93.313561 92.978607 85.883781
v -93.313561 92.978600 -43.330261
v -93.321122 92.978600 -43.378022
v -93.343071 92.978600 -43.421081
v -93.377251 92.978600 -43.455261
v -93.420327 92.978600 -43.477219
v -93.468071 92.978600 -43.484772
v -192.346367 92.978600 -43.484772
v -192.394112 92.978600 -43.477219
v -192.437188 92.978600 -43.455261
v -192.471367 92.978600 -43.421081
v -192.493324 92.978600 -43.378022
v -192.500878 92.978600 -43.330261
v -192.500878 92.978607 85.883781
v -192.493324 92.978607 85.931526
v -192.471367 92.978607 85.974602
v -192.437188 92.978607 86.008781
v -192.394112 92.978607 86.030732
v -192.346367 93.003083 85.883781
v -93.468071 93.003083 85.883781
v -93.468071 93.003075 -43.330261
v -192.346367 93.003075 -43.330261
v 110.805839 146.538544 93.283013
v 110.805839 191.501801 93.283005
v 195.805854 146.538544 93.283013
v 195.805854 191.501801 93.283005
v 195.805854 146.538544 -36.931045
v 195.805854 191.501801 -36.931045
v 110.805839 146.538544 -36.931045
v 110.805839 191.501801 -36.931045
v 110.805839 99.800087 93.283013
v 110.805839 145.625260 93.283013
v 195.805854 99.800087 93.283013
v 195.805854 145.625260 93.283013
v 195.805854 99.800080 -36.931045
v 195.805854 145.625260 -36.931045
v 110.805839 99.800080 -36.931045
v 110.805839 145.625260 -36.931045
v 110.805839 11.069779 93.283020
v 110.805839 93.003083 93.283013
v 195.805854 11.069779 93.283020
v 195.805854 93.003083 93.283013
v 195.805854 11.069763 -36.931031
v 195.805854 93.003075 -36.931045
v 110.805839 11.069763 -36.931031
v 110.805839 93.003075 -36.931045
v 110.606544 67.689392 89.905274
v 110.606544 198.962281 89.905265
v 203.971748 67.689392 89.905274
v 203.971748 198.962281 89.905265
v 203.971748 67.689385 -43.555587
v 203.971748 198.962281 -43.555604
v 110.606544 67.689385 -43.555587
v 110.606544 198.962281 -43.555604
v -197.490380 67.689392 81.169632
v -197.490380 198.962281 81.169624
v -89.558998 67.689392 81.169632
v -89.558998 198.962281 81.169624
v -89.558998 67.689377 -84.155747
v -89.558998 198.962281 -84.155761
v -197.490380 67.689377 -84.155747
v -197.490380 198.962281 -84.155761
v -225.910134 195.382874 97.785485
v 225.910134 195.382874 97.785485
v 225.910134 195.382874 -100.806763
v -225.910134 195.382874 -100.806763
v -225.910134 195.431809 98.094498
v 225.910134 195.431809 98.094498
v 226.005622 195.431809 98.079377
v 226.091774 195.431809 98.035485
v 226.160134 195.431809 97.967118
v 226.204017 195.431809 97.880974
v 226.219155 195.431809 97.785485
v 226.219155 195.431809 -100.806763
v 226.204017 195.431809 -100.902252
v 226.160134 195.431809 -100.988403
v 226.091774 195.431809 -101.056763
v 226.005622 195.431809 -101.100662
v 225.910134 195.431809 -101.115784
v -225.910134 195.431809 -101.115784
v -226.005638 195.431809 -101.100662
v -226.091774 195.431809 -101.056763
v -226.160134 195.431809 -100.988403
v -226.204033 195.431809 -100.902252
v -226.219155 195.431809 -100.806763
v -226.219155 195.431809 97.785485
v -226.204033 195.431809 97.880974
v -226.160134 195.431809 97.967118
v -226.091774 195.431809 98.035485
v -226.005638 195.431809 98.079377
v -225.910134 195.573853 98.373268
v 225.910134 195.573853 98.373268
v 226.091774 195.573853 98.344498
v 226.255622 195.573853 98.261010
v 226.385658 195.573853 98.130974
v 226.469155 195.573853 97.967118
v 226.497902 195.573853 97.785485
v 226.497902 195.573853 -100.806763
v 226.469155 195.573853 -100.988403
v 226.385658 195.573853 -101.152252
v 226.255622 195.573853 -101.282287
v 226.091774 195.573853 -101.365784
v 225.910134 195.573853 -101.394561
v -225.910134 195.573853 -101.394561
v -226.091774 195.573853 -101.365784
v -226.255638 195.573853 -101.282287
v -226.385673 195.573853 -101.152252
v -226.469155 195.573853 -100.988403
v -226.497933 195.573853 -100.806763
v -226.497933 195.573853 97.785485
v -226.469155 195.573853 97.967118
v -226.385673 195.573853 98.130974
v -226.255638 195.573853 98.261010
v -226.091774 195.573853 98.344498
v -225.910134 195.795090 98.594498
v 225.910134 195.795090 98.594498
v 226.160134 195.795090 98.554909
v 226.385658 195.795090 98.439995
v 226.564643 195.795090 98.261010
v 226.679542 195.795090 98.035485
v 226.719155 195.795090 97.785485
v 226.719155 195.795090 -100.806763
v 226.679542 195.795090 -101.056763
v 226.564643 195.795090 -101.282287
v 226.385658 195.795090 -101.461273
v 226.160134 195.795090 -101.576203
v 225.910134 195.795090 -101.615784
v -225.910134 195.795090 -101.615784
v -226.160134 195.795090 -101.576203
v -226.385673 195.795090 -101.461273
v -226.564644 195.795090 -101.282287
v -226.679573 195.795090 -101.056763
v -226.719155 195.795090 -100.806763
v -226.719155 195.795090 97.785485
v -226.679573 195.795090 98.035485
v -226.564644 195.795090 98.261010
v -226.385673 195.795090 98.439995
v -226.160134 195.795090 98.554909
v -225.910134 196.073853 98.736542
v 225.910134 196.073853 98.736542
v 226.204017 196.073853 98.689995
v 226.469155 196.073853 98.554909
v 226.679542 196.073853 98.344498
v 226.814643 196.073853 98.079377
v 226.861183 196.073853 97.785485
v 226.861183 196.073853 -100.806763
v 226.814643 196.073853 -101.100662
v 226.679542 196.073853 -101.365784
v 226.469155 196.073853 -101.576203
v 226.204017 196.073853 -101.711273
v 225.910134 196.073853 -101.757828
v -225.910134 196.073853 -101.757828
v -226.204033 196.073853 -101.711273
v -226.469155 196.073853 -101.576203
v -226.679573 196.073853 -101.365784
v -226.814644 196.073853 -101.100662
v -226.861199 196.073853 -100.806763
v -226.861199 196.073853 97.785485
v -226.814644 196.073853 98.079377
v -226.679573 196.073853 98.344498
v -226.469155 196.073853 98.554909
v -226.204033 196.073853 98.689995
v -225.910134 196.382874 98.785485
v 225.910134 196.382874 98.785485
v 226.219155 196.382874 98.736542
v 226.497902 196.382874 98.594498
v 226.719155 196.382874 98.373268
v 226.861183 196.382874 98.094498
v 226.910134 196.382874 97.785485
v 226.910134 196.382874 -100.806763
v 226.861183 196.382874 -101.115784
v 226.719155 196.382874 -101.394561
v 226.497902 196.382874 -101.615784
v 226.219155 196.382874 -101.757828
v 225.910134 196.382874 -101.806763
v -225.910134 196.382874 -101.806763
v -226.219155 196.382874 -101.757828
v -226.497933 196.382874 -101.615784
v -226.719155 196.382874 -101.394561
v -226.861199 196.382874 -101.115784
v -226.910134 196.382874 -100.806763
v -226.910134 196.382874 97.785485
v -226.861199 196.382874 98.094498
v -226.719155 196.382874 98.373268
v -226.497933 196.382874 98.594498
v -226.219155 196.382874 98.736542
v -225.910134 208.506394 98.785485
v 225.910134 208.506394 98.785485
v 226.219155 208.506394 98.736542
v 226.497902 208.506394 98.594498
v 226.719155 208.506394 98.373268
v 226.861183 208.506394 98.094498
v 226.910134 208.506394 97.785485
v 226.910134 208.506394 -100.806763
v 226.861183 208.506394 -101.115784
v 226.719155 208.506394 -101.394561
v 226.497902 208.506394 -101.615784
v 226.219155 208.506394 -101.757828
v 225.910134 208.506394 -101.806763
v -225.910134 208.506394 -101.806763
v -226.219155 208.506394 -101.757828
v -226.497933 208.506394 -101.615784
v -226.719155 208.506394 -101.394561
v -226.861199 208.506394 -101.115784
v -226.910134 208.506394 -100.806763
v -226.910134 208.506394 97.785485
v -226.861199 208.506394 98.094498
v -226.719155 208.506394 98.373268
v -226.497933 208.506394 98.594498
v -226.219155 208.506394 98.736542
v -225.910134 208.815415 98.736542
v 225.910134 208.815415 98.736542
v 226.204017 208.815415 98.689995
v 226.469155 208.815415 98.554909
v 226.679542 208.815415 98.344498
v 226.814643 208.815415 98.079377
v 226.861183 208.815415 97.785485
v 226.861183 208.815415 -100.806763
v 226.814643 208.815415 -101.100662
v 226.679542 208.815415 -101.365784
v 226.469155 208.815415 -101.576203
v 226.204017 208.815415 -101.711273
v 225.910134 208.815415 -101.757828
v -225.910134 208.815415 -101.757828
v -226.204033 208.815415 -101.711273
v -226.469155 208.815415 -101.576203
v -226.679573 208.815415 -101.365784
v -226.814644 208.815415 -101.100662
v -226.861199 208.815415 -100.806763
v -226.861199 208.815415 97.785485
v -226.814644 208.815415 98.079377
v -226.679573 208.815415 98.344498
v -226.469155 208.815415 98.554909
v -226.204033 208.815415 98.689995
v -225.910134 209.094178 98.594498
v 225.910134 209.094178 98.594498
v 226.160134 209.094178 98.554909
v 226.385658 209.094178 98.439995
v 226.564643 209.094178 98.261010
v 226.679542 209.094178 98.035485
v 226.719155 209.094178 97.785485
v 226.719155 209.094178 -100.806763
v 226.679542 209.094178 -101.056763
v 226.564643 209.094178 -101.282287
v 226.385658 209.094178 -101.461273
v 226.160134 209.094178 -101.576203
v 225.910134 209.094178 -101.615784
v -225.910134 209.094178 -101.615784
v -226.160134 209.094178 -101.576203
v -226.385673 209.094178 -101.461273
v -226.564644 209.094178 -101.282287
v -226.679573 209.094178 -101.056763
v -226.719155 209.094178 -100.806763
v -226.719155 209.094178 97.785485
v -226.679573 209.094178 98.035485
v -226.564644 209.094178 98.261010
v -226.385673 209.094178 98.439995
v -226.160134 209.094178 98.554909
v -225.910134 209.315415 98.373268
v 225.910134 209.315415 98.373268
v 226.091774 209.315415 98.344498
v 226.255622 209.315415 98.261010
v 226.385658 209.315415 98.130974
v 226.469155 209.315415 97.967118
v 226.497902 209.315415 97.785485
v 226.497902 209.315415 -100.806763
v 226.469155 209.315415 -100.988403
v 226.385658 209.315415 -101.152252
v 226.255622 209.315415 -101.282287
v 226.091774 209.315415 -101.365784
v 225.910134 209.315415 -101.394561
v -225.910134 209.315415 -101.394561
v -226.091774 209.315415 -101.365784
v -226.255638 209.315415 -101.282287
v -226.385673 209.315415 -101.152252
v -226.469155 209.315415 -100.988403
v -226.497933 209.315415 -100.806763
v -226.497933 209.315415 97.785485
v -226.469155 209.315415 97.967118
v -226.385673 209.315415 98.130974
v -226.255638 209.315415 98.261010
v -226.091774 209.315415 98.344498
v -225.910134 209.457459 98.094498
v 225.910134 209.457459 98.094498
v 226.005622 209.457459 98.079377
v 226.091774 209.457459 98.035485
v 226.160134 209.457459 97.967118
v 226.204017 209.457459 97.880974
v 226.219155 209.457459 97.785485
v 226.219155 209.457459 -100.806763
v 226.204017 209.457459 -100.902252
v 226.160134 209.457459 -100.988403
v 226.091774 209.457459 -101.056763
v 226.005622 209.457459 -101.100662
v 225.910134 209.457459 -101.115784
v -225.910134 209.457459 -101.115784
v -226.005638 209.457459 -101.100662
v -226.091774 209.457459 -101.056763
v -226.160134 209.457459 -100.988403
v -226.204033 209.457459 -100.902252
v -226.219155 209.457459 -100.806763
v -226.219155 209.457459 97.785485
v -226.204033 209.457459 97.880974
v -226.160134 209.457459 97.967118
v -226.091774 209.457459 98.035485
v -226.005638 209.457459 98.079377
v -225.910134 209.506394 97.785485
v 225.910134 209.506394 97.785485
v 225.910134 209.506394 -100.806763
v -225.910134 209.506394 -100.806763
v -205.132119 0.000016 94.489373
v -193.818489 0.000016 94.489373
v -182.504891 0.000016 94.489373
v -171.191261 0.000016 94.489373
v -159.877648 0.000016 94.489373
v -148.564034 0.000016 94.489373
v -137.250405 0.000016 94.489373
v -125.936791 0.000016 94.489373
v -114.623177 0.000016 94.489373
v -103.309555 0.000016 94.489373
v -91.995942 0.000016 94.489373
v -80.682320 0.000016 94.489373
v -80.682320 0.000000 -97.510621
v -91.995942 0.000000 -97.510621
v -103.309555 0.000000 -97.510621
v -114.623177 0.000000 -97.510621
v -125.936791 0.000000 -97.510621
v -137.250405 0.000000 -97.510621
v -148.564034 0.000000 -97.510621
v -159.877648 0.000000 -97.510621
v -171.191261 0.000000 -97.510621
v -182.504891 0.000000 -97.510621
v -193.818489 0.000000 -97.510621
v -205.132119 0.000000 -97.510621
v -205.132119 0.100304 95.379456
v -193.818489 0.100304 95.379456
v -182.504891 0.100304 95.379456
v -171.191261 0.100304 95.379456
v -159.877648 0.100304 95.379456
v -148.564034 0.100304 95.379456
v -137.250405 0.100304 95.379456
v -125.936791 0.100304 95.379456
v -114.623177 0.100304 95.379456
v -103.309555 0.100304 95.379456
v -91.995942 0.100304 95.379456
v -80.682320 0.100304 95.379456
v -80.494164 0.100304 95.357140
v -80.315438 0.100304 95.291313
v -80.155114 0.100304 95.185265
v -80.021218 0.100304 95.044327
v -79.920479 0.100304 94.875565
v -79.857949 0.100304 94.687432
v -79.836739 0.100304 94.489373
v -79.836739 0.100289 -97.510621
v -79.857949 0.100289 -97.708680
v -79.920479 0.100289 -97.896821
v -80.021218 0.100289 -98.065582
v -80.155114 0.100289 -98.206512
v -80.315438 0.100289 -98.312562
v -80.494164 0.100289 -98.378387
v -80.682320 0.100289 -98.400711
v -91.995942 0.100289 -98.400711
v -103.309555 0.100289 -98.400711
v -114.623177 0.100289 -98.400711
v -125.936791 0.100289 -98.400711
v -137.250405 0.100289 -98.400711
v -148.564034 0.100289 -98.400711
v -159.877648 0.100289 -98.400711
v -171.191261 0.100289 -98.400711
v -182.504891 0.100289 -98.400711
v -193.818489 0.100289 -98.400711
v -205.132119 0.100289 -98.400711
v -205.320275 0.100289 -98.378387
v -205.499001 0.100289 -98.312562
v -205.659324 0.100289 -98.206512
v -205.793221 0.100289 -98.065582
v -205.893958 0.100289 -97.896821
v -205.956490 0.100289 -97.708680
v -205.977699 0.100289 -97.510621
v -205.977699 0.100304 94.489373
v -205.956490 0.100304 94.687432
v -205.893958 0.100304 94.875565
v -205.793221 0.100304 95.044327
v -205.659324 0.100304 95.185265
v -205.499001 0.100304 95.291313
v -205.320275 0.100304 95.357140
v -205.132119 0.396141 96.224907
v -193.818489 0.396141 96.224907
v -182.504891 0.396141 96.224907
v -171.191261 0.396141 96.224907
v -159.877648 0.396141 96.224907
v -148.564034 0.396141 96.224907
v -137.250405 0.396141 96.224907
v -125.936791 0.396141 96.224907
v -114.623177 0.396141 96.224907
v -103.309555 0.396141 96.224907
v -91.995942 0.396141 96.224907
v -80.682320 0.396141 96.224907
v -80.315438 0.396141 96.181397
v -79.966957 0.396141 96.053032
v -79.654335 0.396141 95.846268
v -79.393273 0.396141 95.571457
v -79.196846 0.396141 95.242394
v -79.074898 0.396141 94.875565
v -79.033562 0.396141 94.489373
v -79.033562 0.396126 -97.510621
v -79.074898 0.396126 -97.896821
v -79.196846 0.396126 -98.263641
v -79.393273 0.396126 -98.592712
v -79.654335 0.396126 -98.867523
v -79.966957 0.396126 -99.074280
v -80.315438 0.396126 -99.202652
v -80.682320 0.396126 -99.246155
v -91.995942 0.396126 -99.246155
v -103.309555 0.396126 -99.246155
v -114.623177 0.396126 -99.246155
v -125.936791 0.396126 -99.246155
v -137.250405 0.396126 -99.246155
v -148.564034 0.396126 -99.246155
v -159.877648 0.396126 -99.246155
v -171.191261 0.396126 -99.246155
v -182.504891 0.396126 -99.246155
v -193.818489 0.396126 -99.246155
v -205.132119 0.396126 -99.246155
v -205.499001 0.396126 -99.202652
v -205.847481 0.396126 -99.074280
v -206.160103 0.396126 -98.867523
v -206.421166 0.396126 -98.592712
v -206.617592 0.396126 -98.263641
v -206.739540 0.396126 -97.896821
v -206.780877 0.396126 -97.510621
v -206.780877 0.396141 94.489373
v -206.739540 0.396141 94.875565
v -206.617592 0.396141 95.242394
v -206.421166 0.396141 95.571457
v -206.160103 0.396141 95.846268
v -205.847481 0.396141 96.053032
v -205.499001 0.396141 96.181397
v -205.132119 0.872689 96.983330
v -193.818489 0.872689 96.983330
v -182.504891 0.872689 96.983330
v -171.191261 0.872689 96.983330
v -159.877648 0.872689 96.983330
v -148.564034 0.872689 96.983330
v -137.250405 0.872689 96.983330
v -125.936791 0.872689 96.983330
v -114.623177 0.872689 96.983330
v -103.309555 0.872689 96.983330
v -91.995942 0.872689 96.983330
v -80.682320 0.872689 96.983330
v -80.155114 0.872689 96.920800
v -79.654335 0.872689 96.736351
v -79.205117 0.872689 96.439232
v -78.829956 0.872689 96.044327
v -78.547692 0.872689 95.571457
v -78.372460 0.872689 95.044327
v -78.313065 0.872689 94.489373
v -78.313065 0.872673 -97.510621
v -78.372460 0.872673 -98.065582
v -78.547692 0.872673 -98.592712
v -78.829956 0.872673 -99.065582
v -79.205117 0.872673 -99.460480
v -79.654335 0.872673 -99.757599
v -80.155114 0.872673 -99.942047
v -80.682320 0.872673 -100.004577
v -91.995942 0.872673 -100.004577
v -103.309555 0.872673 -100.004577
v -114.623177 0.872673 -100.004577
v -125.936791 0.872673 -100.004577
v -137.250405 0.872673 -100.004577
v -148.564034 0.872673 -100.004577
v -159.877648 0.872673 -100.004577
v -171.191261 0.872673 -100.004577
v -182.504891 0.872673 -100.004577
v -193.818489 0.872673 -100.004577
v -205.132119 0.872673 -100.004577
v -205.659324 0.872673 -99.942047
v -206.160103 0.872673 -99.757599
v -206.609322 0.872673 -99.460480
v -206.984475 0.872673 -99.065582
v -207.266747 0.872673 -98.592712
v -207.441979 0.872673 -98.065582
v -207.501381 0.872673 -97.510621
v -207.501381 0.872689 94.489373
v -207.441979 0.872689 95.044327
v -207.266747 0.872689 95.571457
v -206.984475 0.872689 96.044327
v -206.609322 0.872689 96.439232
v -206.160103 0.872689 96.736351
v -205.659324 0.872689 96.920800
v -205.132119 1.506050 97.616700
v -193.818489 1.506050 97.616700
v -182.504891 1.506050 97.616700
v -171.191261 1.506050 97.616700
v -159.877648 1.506050 97.616700
v -148.564034 1.506050 97.616700
v -137.250405 1.506050 97.616700
v -125.936791 1.506050 97.616700
v -114.623177 1.506050 97.616700
v -103.309555 1.506050 97.616700
v -91.995942 1.506050 97.616700
v -80.682320 1.506050 97.616700
v -80.021218 1.506050 97.538291
v -79.393273 1.506050 97.306992
v -78.829956 1.506050 96.934418
v -78.359536 1.506050 96.439232
v -78.005577 1.506050 95.846268
v -77.785851 1.506050 95.185265
v -77.711365 1.506050 94.489373
v -77.711365 1.506043 -97.510621
v -77.785851 1.506035 -98.206512
v -78.005577 1.506035 -98.867523
v -78.359536 1.506035 -99.460480
v -78.829956 1.506035 -99.955674
v -79.393273 1.506035 -100.328247
v -80.021218 1.506035 -100.559539
v -80.682320 1.506035 -100.637954
v -91.995942 1.506035 -100.637954
v -103.309555 1.506035 -100.637954
v -114.623177 1.506035 -100.637954
v -125.936791 1.506035 -100.637954
v -137.250405 1.506035 -100.637954
v -148.564034 1.506035 -100.637954
v -159.877648 1.506035 -100.637954
v -171.191261 1.506035 -100.637954
v -182.504891 1.506035 -100.637954
v -193.818489 1.506035 -100.637954
v -205.132119 1.506035 -100.637954
v -205.793221 1.506035 -100.559539
v -206.421166 1.506035 -100.328247
v -206.984475 1.506035 -99.955674
v -207.454903 1.506035 -99.460480
v -207.808861 1.506035 -98.867523
v -208.028588 1.506035 -98.206512
v -208.103066 1.506043 -97.510621
v -208.103066 1.506050 94.489373
v -208.028588 1.506050 95.185265
v -207.808861 1.506050 95.846268
v -207.454903 1.506050 96.439232
v -206.984475 1.506050 96.934418
v -206.421166 1.506050 97.306992
v -205.793221 1.506050 97.538291
v -205.132119 2.264481 98.093247
v -193.818489 2.264481 98.093247
v -182.504891 2.264481 98.093247
v -171.191261 2.264481 98.093247
v -159.877648 2.264481 98.093247
v -148.564034 2.264481 98.093247
v -137.250405 2.264481 98.093247
v -125.936791 2.264481 98.093247
v -114.623177 2.264481 98.093247
v -103.309555 2.264481 98.093247
v -91.995942 2.264481 98.093247
v -80.682320 2.264481 98.093247
v -79.920479 2.264481 98.002892
v -79.196846 2.264481 97.736351
v -78.547692 2.264481 97.306992
v -78.005577 2.264481 96.736351
v -77.597695 2.264481 96.053032
v -77.344483 2.264481 95.291313
v -77.258644 2.264481 94.489373
v -77.258644 2.264466 -97.510621
v -77.344483 2.264466 -98.312562
v -77.597695 2.264466 -99.074280
v -78.005577 2.264466 -99.757599
v -78.547692 2.264466 -100.328247
v -79.196846 2.264466 -100.757599
v -79.920479 2.264466 -101.024140
v -80.682320 2.264466 -101.114503
v -91.995942 2.264466 -101.114503
v -103.309555 2.264466 -101.114503
v -114.623177 2.264466 -101.114503
v -125.936791 2.264466 -101.114503
v -137.250405 2.264466 -101.114503
v -148.564034 2.264466 -101.114503
v -159.877648 2.264466 -101.114503
v -171.191261 2.264466 -101.114503
v -182.504891 2.264466 -101.114503
v -193.818489 2.264466 -101.114503
v -205.132119 2.264466 -101.114503
v -205.893958 2.264466 -101.024140
v -206.617592 2.264466 -100.757599
v -207.266747 2.264466 -100.328247
v -207.808861 2.264466 -99.757599
v -208.216744 2.264466 -99.074280
v -208.469948 2.264466 -98.312562
v -208.555794 2.264466 -97.510621
v -208.555794 2.264481 94.489373
v -208.469948 2.264481 95.291313
v -208.216744 2.264481 96.053032
v -207.808861 2.264481 96.736351
v -207.266747 2.264481 97.306992
v -206.617592 2.264481 97.736351
v -205.893958 2.264481 98.002892
v -205.132119 3.109932 98.389083
v -193.818489 3.109932 98.389083
v -182.504891 3.109932 98.389083
v -171.191261 3.109932 98.389083
v -159.877648 3.109932 98.389083
v -148.564034 3.109932 98.389083
v -137.250405 3.109932 98.389083
v -125.936791 3.109932 98.389083
v -114.623177 3.109932 98.389083
v -103.309555 3.109932 98.389083
v -91.995942 3.109932 98.389083
v -80.682320 3.109932 98.389083
v -79.857949 3.109932 98.291313
v -79.074898 3.109932 98.002892
v -78.372460 3.109932 97.538291
v -77.785851 3.109932 96.920800
v -77.344483 3.109932 96.181397
v -77.070481 3.109932 95.357140
v -76.977593 3.109932 94.489373
v -76.977593 3.109917 -97.510621
v -77.070481 3.109917 -98.378387
v -77.344483 3.109917 -99.202652
v -77.785851 3.109917 -99.942047
v -78.372460 3.109917 -100.559539
v -79.074898 3.109917 -101.024140
v -79.857949 3.109917 -101.312562
v -80.682320 3.109917 -101.410340
v -91.995942 3.109917 -101.410340
v -103.309555 3.109917 -101.410340
v -114.623177 3.109917 -101.410340
v -125.936791 3.109917 -101.410340
v -137.250405 3.109917 -101.410340
v -148.564034 3.109917 -101.410340
v -159.877648 3.109917 -101.410340
v -171.191261 3.109917 -101.410340
v -182.504891 3.109917 -101.410340
v -193.818489 3.109917 -101.410340
v -205.132119 3.109917 -101.410340
v -205.956490 3.109917 -101.312562
v -206.739540 3.109917 -101.024140
v -207.441979 3.109917 -100.559539
v -208.028588 3.109917 -99.942047
v -208.469948 3.109917 -99.202652
v -208.743966 3.109917 -98.378387
v -208.836846 3.109917 -97.510621
v -208.836846 3.109932 94.489373
v -208.743966 3.109932 95.357140
v -208.469948 3.109932 96.181397
v -208.028588 3.109932 96.920800
v -207.441979 3.109932 97.538291
v -206.739540 3.109932 98.002892
v -205.956490 3.109932 98.291313
v -205.132119 4.000016 98.489373
v -193.818489 4.000016 98.489373
v -182.504891 4.000016 98.489373
v -171.191261 4.000016 98.489373
v -159.877648 4.000016 98.489373
v -148.564034 4.000016 98.489373
v -137.250405 4.000016 98.489373
v -125.936791 4.000016 98.489373
v -114.623177 4.000016 98.489373
v -103.309555 4.000016 98.489373
v -91.995942 4.000016 98.489373
v -80.682320 4.000016 98.489373
v -79.836739 4.000016 98.389083
v -79.033562 4.000016 98.093247
v -78.313065 4.000016 97.616700
v -77.711365 4.000016 96.983330
v -77.258644 4.000016 96.224907
v -76.977593 4.000016 95.379456
v -76.882325 4.000016 94.489373
v -76.882325 4.000000 -97.510621
v -76.977593 4.000000 -98.400711
v -77.258644 4.000000 -99.246155
v -77.711365 4.000000 -100.004577
v -78.313065 4.000000 -100.637954
v -79.033562 4.000000 -101.114503
v -79.836739 4.000000 -101.410340
v -80.682320 4.000000 -101.510621
v -91.995942 4.000000 -101.510621
v -103.309555 4.000000 -101.510621
v -114.623177 4.000000 -101.510621
v -125.936791 4.000000 -101.510621
v -137.250405 4.000000 -101.510621
v -148.564034 4.000000 -101.510621
v -159.877648 4.000000 -101.510621
v -171.191261 4.000000 -101.510621
v -182.504891 4.000000 -101.510621
v -193.818489 4.000000 -101.510621
v -205.132119 4.000000 -101.510621
v -205.977699 4.000000 -101.410340
v -206.780877 4.000000 -101.114503
v -207.501381 4.000000 -100.637954
v -208.103066 4.000000 -100.004577
v -208.555794 4.000000 -99.246155
v -208.836846 4.000000 -98.400711
v -208.932106 4.000000 -97.510621
v -208.932106 4.000016 94.489373
v -208.836846 4.000016 95.379456
v -208.555794 4.000016 96.224907
v -208.103066 4.000016 96.983330
v -207.501381 4.000016 97.616700
v -206.780877 4.000016 98.093247
v -205.977699 4.000016 98.389083
v -205.132119 196.000000 98.489356
v -193.818489 196.000000 98.489356
v -182.504891 196.000000 98.489356
v -171.191261 196.000000 98.489356
v -159.877648 196.000000 98.489356
v -148.564034 196.000000 98.489356
v -137.250405 196.000000 98.489356
v -125.936791 196.000000 98.489356
v -114.623177 196.000000 98.489356
v -103.309555 196.000000 98.489356
v -91.995942 196.000000 98.489356
v -80.682320 196.000000 98.489356
v -79.836739 196.000000 98.389069
v -79.033562 196.000000 98.093232
v -78.313065 196.000000 97.616684
v -77.711365 196.000000 96.983315
v -77.258644 196.000000 96.224892
v -76.977593 196.000000 95.379441
v -76.882325 196.000000 94.489356
v -76.882325 196.000000 -97.510650
v -76.977593 196.000000 -98.400727
v -77.258644 196.000000 -99.246185
v -77.711365 196.000000 -100.004609
v -78.313065 196.000000 -100.637971
v -79.033562 196.000000 -101.114517
v -79.836739 196.000000 -101.410354
v -80.682320 196.000000 -101.510650
v -91.995942 196.000000 -101.510650
v -103.309555 196.000000 -101.510650
v -114.623177 196.000000 -101.510650
v -125.936791 196.000000 -101.510650
v -137.250405 196.000000 -101.510650
v -148.564034 196.000000 -101.510650
v -159.877648 196.000000 -101.510650
v -171.191261 196.000000 -101.510650
v -182.504891 196.000000 -101.510650
v -193.818489 196.000000 -101.510650
v -205.132119 196.000000 -101.510650
v -205.977699 196.000000 -101.410354
v -206.780877 196.000000 -101.114517
v -207.501381 196.000000 -100.637971
v -208.103066 196.000000 -100.004609
v -208.555794 196.000000 -99.246185
v -208.836846 196.000000 -98.400727
v -208.932106 196.000000 -97.510650
v -208.932106 196.000000 94.489356
v -208.836846 196.000000 95.379441
v -208.555794 196.000000 96.224892
v -208.103066 196.000000 96.983315
v -207.501381 196.000000 97.616684
v -206.780877 196.000000 98.093232
v -205.977699 196.000000 98.389069
v -205.132119 196.890091 98.389069
v -193.818489 196.890091 98.389069
v -182.504891 196.890091 98.389069
v -171.191261 196.890091 98.389069
v -159.877648 196.890091 98.389069
v -148.564034 196.890091 98.389069
v -137.250405 196.890091 98.389069
v -125.936791 196.890091 98.389069
v -114.623177 196.890091 98.389069
v -103.309555 196.890091 98.389069
v -91.995942 196.890091 98.389069
v -80.682320 196.890091 98.389069
v -79.857949 196.890091 98.291297
v -79.074898 196.890091 98.002876
v -78.372460 196.890091 97.538277
v -77.785851 196.890091 96.920783
v -77.344483 196.890091 96.181382
v -77.070481 196.890091 95.357124
v -76.977593 196.890091 94.489356
v -76.977593 196.890091 -97.510650
v -77.070481 196.890091 -98.378418
v -77.344483 196.890091 -99.202668
v -77.785851 196.890091 -99.942077
v -78.372460 196.890091 -100.559570
v -79.074898 196.890091 -101.024170
v -79.857949 196.890091 -101.312591
v -80.682320 196.890091 -101.410354
v -91.995942 196.890091 -101.410354
v -103.309555 196.890091 -101.410354
v -114.623177 196.890091 -101.410354
v -125.936791 196.890091 -101.410354
v -137.250405 196.890091 -101.410354
v -148.564034 196.890091 -101.410354
v -159.877648 196.890091 -101.410354
v -171.191261 196.890091 -101.410354
v -182.504891 196.890091 -101.410354
v -193.818489 196.890091 -101.410354
v -205.132119 196.890091 -101.410354
v -205.956490 196.890091 -101.312591
v -206.739540 196.890091 -101.024170
v -207.441979 196.890091 -100.559570
v -208.028588 196.890091 -99.942077
v -208.469948 196.890091 -99.202668
v -208.743966 196.890091 -98.378418
v -208.836846 196.890091 -97.510650
v -208.836846 196.890091 94.489356
v -208.743966 196.890091 95.357124
v -208.469948 196.890091 96.181382
v -208.028588 196.890091 96.920783
v -207.441979 196.890091 97.538277
v -206.739540 196.890091 98.002876
v -205.956490 196.890091 98.291297
v -205.132119 197.735535 98.093232
v -193.818489 197.735535 98.093232
v -182.504891 197.735535 98.093232
v -171.191261 197.735535 98.093232
v -159.877648 197.735535 98.093232
v -148.564034 197.735535 98.093232
v -137.250405 197.735535 98.093232
v -125.936791 197.735535 98.093232
v -114.623177 197.735535 98.093232
v -103.309555 197.735535 98.093232
v -91.995942 197.735535 98.093232
v -80.682320 197.735535 98.093232
v -79.920479 197.735535 98.002876
v -79.196846 197.735535 97.736336
v -78.547692 197.735535 97.306977
v -78.005577 197.735535 96.736336
v -77.597695 197.735535 96.053017
v -77.344483 197.735535 95.291297
v -77.258644 197.735535 94.489356
v -77.258644 197.735535 -97.510650
v -77.344483 197.735535 -98.312591
v -77.597695 197.735535 -99.074310
v -78.005577 197.735535 -99.757629
v -78.547692 197.735535 -100.328263
v -79.196846 197.735535 -100.757629
v -79.920479 197.735535 -101.024170
v -80.682320 197.735535 -101.114517
v -91.995942 197.735535 -101.114517
v -103.309555 197.735535 -101.114517
v -114.623177 197.735535 -101.114517
v -125.936791 197.735535 -101.114517
v -137.250405 197.735535 -101.114517
v -148.564034 197.735535 -101.114517
v -159.877648 197.735535 -101.114517
v -171.191261 197.735535 -101.114517
v -182.504891 197.735535 -101.114517
v -193.818489 197.735535 -101.114517
v -205.132119 197.735535 -101.114517
v -205.893958 197.735535 -101.024170
v -206.617592 197.735535 -100.757629
v -207.266747 197.735535 -100.328263
v -207.808861 197.735535 -99.757629
v -208.216744 197.735535 -99.074310
v -208.469948 197.735535 -98.312591
v -208.555794 197.735535 -97.510650
v -208.555794 197.735535 94.489356
v -208.469948 197.735535 95.291297
v -208.216744 197.735535 96.053017
v -207.808861 197.735535 96.736336
v -207.266747 197.735535 97.306977
v -206.617592 197.735535 97.736336
v -205.893958 197.735535 98.002876
v -205.132119 198.493958 97.616684
v -193.818489 198.493958 97.616684
v -182.504891 198.493958 97.616684
v -171.191261 198.493958 97.616684
v -159.877648 198.493958 97.616684
v -148.564034 198.493958 97.616684
v -137.250405 198.493958 97.616684
v -125.936791 198.493958 97.616684
v -114.623177 198.493958 97.616684
v -103.309555 198.493958 97.616684
v -91.995942 198.493958 97.616684
v -80.682320 198.493958 97.616684
v -80.021218 198.493958 97.538277
v -79.393273 198.493958 97.306977
v -78.829956 198.493958 96.934403
v -78.359536 198.493958 96.439217
v -78.005577 198.493958 95.846253
v -77.785851 198.493958 95.185249
v -77.711365 198.493958 94.489356
v -77.711365 198.493958 -97.510650
v -77.785851 198.493958 -98.206543
v -78.005577 198.493958 -98.867539
v -78.359536 198.493958 -99.460510
v -78.829956 198.493958 -99.955688
v -79.393273 198.493958 -100.328263
v -80.021218 198.493958 -100.559570
v -80.682320 198.493958 -100.637971
v -91.995942 198.493958 -100.637971
v -103.309555 198.493958 -100.637971
v -114.623177 198.493958 -100.637971
v -125.936791 198.493958 -100.637971
v -137.250405 198.493958 -100.637971
v -148.564034 198.493958 -100.637971
v -159.877648 198.493958 -100.637971
v -171.191261 198.493958 -100.637971
v -182.504891 198.493958 -100.637971
v -193.818489 198.493958 -100.637971
v -205.132119 198.493958 -100.637971
v -205.793221 198.493958 -100.559570
v -206.421166 198.493958 -100.328263
v -206.984475 198.493958 -99.955688
v -207.454903 198.493958 -99.460510
v -207.808861 198.493958 -98.867539
v -208.028588 198.493958 -98.206543
v -208.103066 198.493958 -97.510650
v -208.103066 198.493958 94.489356
v -208.028588 198.493958 95.185249
v -207.808861 198.493958 95.846253
v -207.454903 198.493958 96.439217
v -206.984475 198.493958 96.934403
v -206.421166 198.493958 97.306977
v -205.793221 198.493958 97.538277
v -205.132119 199.127335 96.983315
v -193.818489 199.127335 96.983315
v -182.504891 199.127335 96.983315
v -171.191261 199.127335 96.983315
v -159.877648 199.127335 96.983315
v -148.564034 199.127335 96.983315
v -137.250405 199.127335 96.983315
v -125.936791 199.127335 96.983315
v -114.623177 199.127335 96.983315
v -103.309555 199.127335 96.983315
v -91.995942 199.127335 96.983315
v -80.682320 199.127335 96.983315
v -80.155114 199.127335 96.920783
v -79.654335 199.127335 96.736336
v -79.205117 199.127335 96.439217
v -78.829956 199.127335 96.044312
v -78.547692 199.127335 95.571442
v -78.372460 199.127335 95.044312
v -78.313065 199.127335 94.489356
v -78.313065 199.127335 -97.510650
v -78.372460 199.127335 -98.065597
v -78.547692 199.127335 -98.592727
v -78.829956 199.127335 -99.065597
v -79.205117 199.127335 -99.460510
v -79.654335 199.127335 -99.757629
v -80.155114 199.127335 -99.942077
v -80.682320 199.127335 -100.004609
v -91.995942 199.127335 -100.004609
v -103.309555 199.127335 -100.004609
v -114.623177 199.127335 -100.004609
v -125.936791 199.127335 -100.004609
v -137.250405 199.127335 -100.004609
v -148.564034 199.127335 -100.004609
v -159.877648 199.127335 -100.004609
v -171.191261 199.127335 -100.004609
v -182.504891 199.127335 -100.004609
v -193.818489 199.127335 -100.004609
v -205.132119 199.127335 -100.004609
v -205.659324 199.127335 -99.942077
v -206.160103 199.127335 -99.757629
v -206.609322 199.127335 -99.460510
v -206.984475 199.127335 -99.065597
v -207.266747 199.127335 -98.592727
v -207.441979 199.127335 -98.065597
v -207.501381 199.127335 -97.510650
v -207.501381 199.127335 94.489356
v -207.441979 199.127335 95.044312
v -207.266747 199.127335 95.571442
v -206.984475 199.127335 96.044312
v -206.609322 199.127335 96.439217
v -206.160103 199.127335 96.736336
v -205.659324 199.127335 96.920783
v -205.132119 199.603882 96.224892
v -193.818489 199.603882 96.224892
v -182.504891 199.603882 96.224892
v -171.191261 199.603882 96.224892
v -159.877648 199.603882 96.224892
v -148.564034 199.603882 96.224892
v -137.250405 199.603882 96.224892
v -125.936791 199.603882 96.224892
v -114.623177 199.603882 96.224892
v -103.309555 199.603882 96.224892
v -91.995942 199.603882 96.224892
v -80.682320 199.603882 96.224892
v -80.315438 199.603882 96.181382
v -79.966957 199.603882 96.053017
v -79.654335 199.603882 95.846253
v -79.393273 199.603882 95.571442
v -79.196846 199.603882 95.242379
v -79.074898 199.603882 94.875550
v -79.033562 199.603882 94.489356
v -79.033562 199.603882 -97.510650
v -79.074898 199.603882 -97.896835
v -79.196846 199.603882 -98.263672
v -79.393273 199.603882 -98.592727
v -79.654335 199.603882 -98.867539
v -79.966957 199.603882 -99.074310
v -80.315438 199.603882 -99.202668
v -80.682320 199.603882 -99.246185
v -91.995942 199.603882 -99.246185
v -103.309555 199.603882 -99.246185
v -114.623177 199.603882 -99.246185
v -125.936791 199.603882 -99.246185
v -137.250405 199.603882 -99.246185
v -148.564034 199.603882 -99.246185
v -159.877648 199.603882 -99.246185
v -171.191261 199.603882 -99.246185
v -182.504891 199.603882 -99.246185
v -193.818489 199.603882 -99.246185
v -205.132119 199.603882 -99.246185
v -205.499001 199.603882 -99.202668
v -205.847481 199.603882 -99.074310
v -206.160103 199.603882 -98.867539
v -206.421166 199.603882 -98.592727
v -206.617592 199.603882 -98.263672
v -206.739540 199.603882 -97.896835
v -206.780877 199.603882 -97.510650
v -206.780877 199.603882 94.489356
v -206.739540 199.603882 94.875550
v -206.617592 199.603882 95.242379
v -206.421166 199.603882 95.571442
v -206.160103 199.603882 95.846253
v -205.847481 199.603882 96.053017
v -205.499001 199.603882 96.181382
v -205.132119 199.899720 95.379441
v -193.818489 199.899720 95.379441
v -182.504891 199.899720 95.379441
v -171.191261 199.899720 95.379441
v -159.877648 199.899720 95.379441
v -148.564034 199.899720 95.379441
v -137.250405 199.899720 95.379441
v -125.936791 199.899720 95.379441
v -114.623177 199.899720 95.379441
v -103.309555 199.899720 95.379441
v -91.995942 199.899720 95.379441
v -80.682320 199.899720 95.379441
v -80.494164 199.899720 95.357124
v -80.315438 199.899720 95.291297
v -80.155114 199.899720 95.185249
v -80.021218 199.899720 95.044312
v -79.920479 199.899720 94.875550
v -79.857949 199.899720 94.687416
v -79.836739 199.899720 94.489356
v -79.836739 199.899720 -97.510650
v -79.857949 199.899720 -97.708709
v -79.920479 199.899720 -97.896835
v -80.021218 199.899720 -98.065597
v -80.155114 199.899720 -98.206543
v -80.315438 199.899720 -98.312591
v -80.494164 199.899720 -98.378418
v -80.682320 199.899720 -98.400727
v -91.995942 199.899720 -98.400727
v -103.309555 199.899720 -98.400727
v -114.623177 199.899720 -98.400727
v -125.936791 199.899720 -98.400727
v -137.250405 199.899720 -98.400727
v -148.564034 199.899720 -98.400727
v -159.877648 199.899720 -98.400727
v -171.191261 199.899720 -98.400727
v -182.504891 199.899720 -98.400727
v -193.818489 199.899720 -98.400727
v -205.132119 199.899720 -98.400727
v -205.320275 199.899720 -98.378418
v -205.499001 199.899720 -98.312591
v -205.659324 199.899720 -98.206543
v -205.793221 199.899720 -98.065597
v -205.893958 199.899720 -97.896835
v -205.956490 199.899720 -97.708709
v -205.977699 199.899720 -97.510650
v -205.977699 199.899720 94.489356
v -205.956490 199.899720 94.687416
v -205.893958 199.899720 94.875550
v -205.793221 199.899720 95.044312
v -205.659324 199.899720 95.185249
v -205.499001 199.899720 95.291297
v -205.320275 199.899720 95.357124
v -205.132119 200.000000 94.489356
v -193.818489 200.000000 94.489356
v -182.504891 200.000000 94.489356
v -171.191261 200.000000 94.489356
v -159.877648 200.000000 94.489356
v -148.564034 200.000000 94.489356
v -137.250405 200.000000 94.489356
v -125.936791 200.000000 94.489356
v -114.623177 200.000000 94.489356
v -103.309555 200.000000 94.489356
v -91.995942 200.000000 94.489356
v -80.682320 200.000000 94.489356
v -80.682320 200.000000 -97.510650
v -91.995942 200.000000 -97.510650
v -103.309555 200.000000 -97.510650
v -114.623177 200.000000 -97.510650
v -125.936791 200.000000 -97.510650
v -137.250405 200.000000 -97.510650
v -148.564034 200.000000 -97.510650
v -159.877648 200.000000 -97.510650
v -171.191261 200.000000 -97.510650
v -182.504891 200.000000 -97.510650
v -193.818489 200.000000 -97.510650
v -205.132119 200.000000 -97.510650
v -193.818489 4.000016 80.989373
v -182.504891 4.000016 80.989373
v -171.191261 4.000016 80.989373
v -159.877648 4.000016 80.989373
v -148.564034 4.000016 80.989373
v -137.250405 4.000016 80.989373
v -125.936791 4.000016 80.989373
v -114.623177 4.000016 80.989373
v -103.309555 4.000016 80.989373
v -91.995942 4.000016 80.989373
v -193.818489 196.000000 80.989357
v -182.504891 196.000000 80.989357
v -171.191261 196.000000 80.989357
v -159.877648 196.000000 80.989357
v -148.564034 196.000000 80.989357
v -137.250405 196.000000 80.989357
v -125.936791 196.000000 80.989357
v -114.623177 196.000000 80.989357
v -103.309555 196.000000 80.989357
v -91.995942 196.000000 80.989357
v 100.920707 0.000016 94.489373
v 110.536171 0.000016 94.489373
v 120.151649 0.000016 94.489373
v 129.767128 0.000016 94.489373
v 139.382606 0.000016 94.489373
v 148.998086 0.000016 94.489373
v 158.613563 0.000016 94.489373
v 168.229011 0.000016 94.489373
v 177.844490 0.000016 94.489373
v 187.459969 0.000016 94.489373
v 197.075447 0.000016 94.489373
v 206.690925 0.000016 94.489373
v 206.690925 0.000000 -97.510621
v 197.075447 0.000000 -97.510621
v 187.459969 0.000000 -97.510621
v 177.844490 0.000000 -97.510621
v 168.229011 0.000000 -97.510621
v 158.613563 0.000000 -97.510621
v 148.998086 0.000000 -97.510621
v 139.382606 0.000000 -97.510621
v 129.767128 0.000000 -97.510621
v 120.151649 0.000000 -97.510621
v 110.536171 0.000000 -97.510621
v 100.920707 0.000000 -97.510621
v 100.920707 0.100304 95.379456
v 110.536171 0.100304 95.379456
v 120.151649 0.100304 95.379456
v 129.767128 0.100304 95.379456
v 139.382606 0.100304 95.379456
v 148.998086 0.100304 95.379456
v 158.613563 0.100304 95.379456
v 168.229011 0.100304 95.379456
v 177.844490 0.100304 95.379456
v 187.459969 0.100304 95.379456
v 197.075447 0.100304 95.379456
v 206.690925 0.100304 95.379456
v 206.888984 0.100304 95.357140
v 207.077125 0.100304 95.291313
v 207.245887 0.100304 95.185265
v 207.386819 0.100304 95.044327
v 207.492866 0.100304 94.875565
v 207.558694 0.100304 94.687432
v 207.581001 0.100304 94.489373
v 207.581001 0.100289 -97.510621
v 207.558694 0.100289 -97.708680
v 207.492866 0.100289 -97.896821
v 207.386819 0.100289 -98.065582
v 207.245887 0.100289 -98.206512
v 207.077125 0.100289 -98.312562
v 206.888984 0.100289 -98.378387
v 206.690925 0.100289 -98.400711
v 197.075447 0.100289 -98.400711
v 187.459969 0.100289 -98.400711
v 177.844490 0.100289 -98.400711
v 168.229011 0.100289 -98.400711
v 158.613563 0.100289 -98.400711
v 148.998086 0.100289 -98.400711
v 139.382606 0.100289 -98.400711
v 129.767128 0.100289 -98.400711
v 120.151649 0.100289 -98.400711
v 110.536171 0.100289 -98.400711
v 100.920707 0.100289 -98.400711
v 100.722648 0.100289 -98.378387
v 100.534507 0.100289 -98.312562
v 100.365745 0.100289 -98.206512
v 100.224815 0.100289 -98.065582
v 100.118766 0.100289 -97.896821
v 100.052940 0.100289 -97.708680
v 100.030616 0.100289 -97.510621
v 100.030616 0.100304 94.489373
v 100.052940 0.100304 94.687432
v 100.118766 0.100304 94.875565
v 100.224815 0.100304 95.044327
v 100.365745 0.100304 95.185265
v 100.534507 0.100304 95.291313
v 100.722648 0.100304 95.357140
v 100.920707 0.396141 96.224907
v 110.536171 0.396141 96.224907
v 120.151649 0.396141 96.224907
v 129.767128 0.396141 96.224907
v 139.382606 0.396141 96.224907
v 148.998086 0.396141 96.224907
v 158.613563 0.396141 96.224907
v 168.229011 0.396141 96.224907
v 177.844490 0.396141 96.224907
v 187.459969 0.396141 96.224907
v 197.075447 0.396141 96.224907
v 206.690925 0.396141 96.224907
v 207.077125 0.396141 96.181397
v 207.443946 0.396141 96.053032
v 207.773018 0.396141 95.846268
v 208.047828 0.396141 95.571457
v 208.254585 0.396141 95.242394
v 208.382942 0.396141 94.875565
v 208.426460 0.396141 94.489373
v 208.426460 0.396126 -97.510621
v 208.382942 0.396126 -97.896821
v 208.254585 0.396126 -98.263641
v 208.047828 0.396126 -98.592712
v 207.773018 0.396126 -98.867523
v 207.443946 0.396126 -99.074280
v 207.077125 0.396126 -99.202652
v 206.690925 0.396126 -99.246155
v 197.075447 0.396126 -99.246155
v 187.459969 0.396126 -99.246155
v 177.844490 0.396126 -99.246155
v 168.229011 0.396126 -99.246155
v 158.613563 0.396126 -99.246155
v 148.998086 0.396126 -99.246155
v 139.382606 0.396126 -99.246155
v 129.767128 0.396126 -99.246155
v 120.151649 0.396126 -99.246155
v 110.536171 0.396126 -99.246155
v 100.920707 0.396126 -99.246155
v 100.534507 0.396126 -99.202652
v 100.167686 0.396126 -99.074280
v 99.838615 0.396126 -98.867523
v 99.563804 0.396126 -98.592712
v 99.357032 0.396126 -98.263641
v 99.228675 0.396126 -97.896821
v 99.185173 0.396126 -97.510621
v 99.185173 0.396141 94.489373
v 99.228675 0.396141 94.875565
v 99.357032 0.396141 95.242394
v 99.563804 0.396141 95.571457
v 99.838615 0.396141 95.846268
v 100.167686 0.396141 96.053032
v 100.534507 0.396141 96.181397
v 100.920707 0.872689 96.983330
v 110.536171 0.872689 96.983330
v 120.151649 0.872689 96.983330
v 129.767128 0.872689 96.983330
v 139.382606 0.872689 96.983330
v 148.998086 0.872689 96.983330
v 158.613563 0.872689 96.983330
v 168.229011 0.872689 96.983330
v 177.844490 0.872689 96.983330
v 187.459969 0.872689 96.983330
v 197.075447 0.872689 96.983330
v 206.690925 0.872689 96.983330
v 207.245887 0.872689 96.920800
v 207.773018 0.872689 96.736351
v 208.245887 0.872689 96.439232
v 208.640785 0.872689 96.044327
v 208.937905 0.872689 95.571457
v 209.122352 0.872689 95.044327
v 209.184883 0.872689 94.489373
v 209.184883 0.872673 -97.510621
v 209.122352 0.872673 -98.065582
v 208.937905 0.872673 -98.592712
v 208.640785 0.872673 -99.065582
v 208.245887 0.872673 -99.460480
v 207.773018 0.872673 -99.757599
v 207.245887 0.872673 -99.942047
v 206.690925 0.872673 -100.004577
v 197.075447 0.872673 -100.004577
v 187.459969 0.872673 -100.004577
v 177.844490 0.872673 -100.004577
v 168.229011 0.872673 -100.004577
v 158.613563 0.872673 -100.004577
v 148.998086 0.872673 -100.004577
v 139.382606 0.872673 -100.004577
v 129.767128 0.872673 -100.004577
v 120.151649 0.872673 -100.004577
v 110.536171 0.872673 -100.004577
v 100.920707 0.872673 -100.004577
v 100.365745 0.872673 -99.942047
v 99.838615 0.872673 -99.757599
v 99.365745 0.872673 -99.460480
v 98.970848 0.872673 -99.065582
v 98.673729 0.872673 -98.592712
v 98.489265 0.872673 -98.065582
v 98.426750 0.872673 -97.510621
v 98.426750 0.872689 94.489373
v 98.489265 0.872689 95.044327
v 98.673729 0.872689 95.571457
v 98.970848 0.872689 96.044327
v 99.365745 0.872689 96.439232
v 99.838615 0.872689 96.736351
v 100.365745 0.872689 96.920800
v 100.920707 1.506050 97.616700
v 110.536171 1.506050 97.616700
v 120.151649 1.506050 97.616700
v 129.767128 1.506050 97.616700
v 139.382606 1.506050 97.616700
v 148.998086 1.506050 97.616700
v 158.613563 1.506050 97.616700
v 168.229011 1.506050 97.616700
v 177.844490 1.506050 97.616700
v 187.459969 1.506050 97.616700
v 197.075447 1.506050 97.616700
v 206.690925 1.506050 97.616700
v 207.386819 1.506050 97.538291
v 208.047828 1.506050 97.306992
v 208.640785 1.506050 96.934418
v 209.135964 1.506050 96.439232
v 209.508552 1.506050 95.846268
v 209.739846 1.506050 95.185265
v 209.818245 1.506050 94.489373
v 209.818245 1.506043 -97.510621
v 209.739846 1.506035 -98.206512
v 209.508552 1.506035 -98.867523
v 209.135964 1.506035 -99.460480
v 208.640785 1.506035 -99.955674
v 208.047828 1.506035 -100.328247
v 207.386819 1.506035 -100.559539
v 206.690925 1.506035 -100.637954
v 197.075447 1.506035 -100.637954
v 187.459969 1.506035 -100.637954
v 177.844490 1.506035 -100.637954
v 168.229011 1.506035 -100.637954
v 158.613563 1.506035 -100.637954
v 148.998086 1.506035 -100.637954
v 139.382606 1.506035 -100.637954
v 129.767128 1.506035 -100.637954
v 120.151649 1.506035 -100.637954
v 110.536171 1.506035 -100.637954
v 100.920707 1.506035 -100.637954
v 100.224815 1.506035 -100.559539
v 99.563804 1.506035 -100.328247
v 98.970848 1.506035 -99.955674
v 98.475654 1.506035 -99.460480
v 98.103080 1.506035 -98.867523
v 97.871788 1.506035 -98.206512
v 97.793373 1.506043 -97.510621
v 97.793373 1.506050 94.489373
v 97.871788 1.506050 95.185265
v 98.103080 1.506050 95.846268
v 98.475654 1.506050 96.439232
v 98.970848 1.506050 96.934418
v 99.563804 1.506050 97.306992
v 100.224815 1.506050 97.538291
v 100.920707 2.264481 98.093247
v 110.536171 2.264481 98.093247
v 120.151649 2.264481 98.093247
v 129.767128 2.264481 98.093247
v 139.382606 2.264481 98.093247
v 148.998086 2.264481 98.093247
v 158.613563 2.264481 98.093247
v 168.229011 2.264481 98.093247
v 177.844490 2.264481 98.093247
v 187.459969 2.264481 98.093247
v 197.075447 2.264481 98.093247
v 206.690925 2.264481 98.093247
v 207.492866 2.264481 98.002892
v 208.254585 2.264481 97.736351
v 208.937905 2.264481 97.306992
v 209.508552 2.264481 96.736351
v 209.937905 2.264481 96.053032
v 210.204445 2.264481 95.291313
v 210.294807 2.264481 94.489373
v 210.294807 2.264466 -97.510621
v 210.204445 2.264466 -98.312562
v 209.937905 2.264466 -99.074280
v 209.508552 2.264466 -99.757599
v 208.937905 2.264466 -100.328247
v 208.254585 2.264466 -100.757599
v 207.492866 2.264466 -101.024140
v 206.690925 2.264466 -101.114503
v 197.075447 2.264466 -101.114503
v 187.459969 2.264466 -101.114503
v 177.844490 2.264466 -101.114503
v 168.229011 2.264466 -101.114503
v 158.613563 2.264466 -101.114503
v 148.998086 2.264466 -101.114503
v 139.382606 2.264466 -101.114503
v 129.767128 2.264466 -101.114503
v 120.151649 2.264466 -101.114503
v 110.536171 2.264466 -101.114503
v 100.920707 2.264466 -101.114503
v 100.118766 2.264466 -101.024140
v 99.357032 2.264466 -100.757599
v 98.673729 2.264466 -100.328247
v 98.103080 2.264466 -99.757599
v 97.673729 2.264466 -99.074280
v 97.407188 2.264466 -98.312562
v 97.316825 2.264466 -97.510621
v 97.316825 2.264481 94.489373
v 97.407188 2.264481 95.291313
v 97.673729 2.264481 96.053032
v 98.103080 2.264481 96.736351
v 98.673729 2.264481 97.306992
v 99.357032 2.264481 97.736351
v 100.118766 2.264481 98.002892
v 100.920707 3.109932 98.389083
v 110.536171 3.109932 98.389083
v 120.151649 3.109932 98.389083
v 129.767128 3.109932 98.389083
v 139.382606 3.109932 98.389083
v 148.998086 3.109932 98.389083
v 158.613563 3.109932 98.389083
v 168.229011 3.109932 98.389083
v 177.844490 3.109932 98.389083
v 187.459969 3.109932 98.389083
v 197.075447 3.109932 98.389083
v 206.690925 3.109932 98.389083
v 207.558694 3.109932 98.291313
v 208.382942 3.109932 98.002892
v 209.122352 3.109932 97.538291
v 209.739846 3.109932 96.920800
v 210.204445 3.109932 96.181397
v 210.492866 3.109932 95.357140
v 210.590644 3.109932 94.489373
v 210.590644 3.109917 -97.510621
v 210.492866 3.109917 -98.378387
v 210.204445 3.109917 -99.202652
v 209.739846 3.109917 -99.942047
v 209.122352 3.109917 -100.559539
v 208.382942 3.109917 -101.024140
v 207.558694 3.109917 -101.312562
v 206.690925 3.109917 -101.410340
v 197.075447 3.109917 -101.410340
v 187.459969 3.109917 -101.410340
v 177.844490 3.109917 -101.410340
v 168.229011 3.109917 -101.410340
v 158.613563 3.109917 -101.410340
v 148.998086 3.109917 -101.410340
v 139.382606 3.109917 -101.410340
v 129.767128 3.109917 -101.410340
v 120.151649 3.109917 -101.410340
v 110.536171 3.109917 -101.410340
v 100.920707 3.109917 -101.410340
v 100.052940 3.109917 -101.312562
v 99.228675 3.109917 -101.024140
v 98.489265 3.109917 -100.559539
v 97.871788 3.109917 -99.942047
v 97.407188 3.109917 -99.202652
v 97.118766 3.109917 -98.378387
v 97.020988 3.109917 -97.510621
v 97.020988 3.109932 94.489373
v 97.118766 3.109932 95.357140
v 97.407188 3.109932 96.181397
v 97.871788 3.109932 96.920800
v 98.489265 3.109932 97.538291
v 99.228675 3.109932 98.002892
v 100.052940 3.109932 98.291313
v 100.920707 4.000016 98.489373
v 110.536171 4.000016 98.489373
v 120.151649 4.000016 98.489373
v 129.767128 4.000016 98.489373
v 139.382606 4.000016 98.489373
v 148.998086 4.000016 98.489373
v 158.613563 4.000016 98.489373
v 168.229011 4.000016 98.489373
v 177.844490 4.000016 98.489373
v 187.459969 4.000016 98.489373
v 197.075447 4.000016 98.489373
v 206.690925 4.000016 98.489373
v 207.581001 4.000016 98.389083
v 208.426460 4.000016 98.093247
v 209.184883 4.000016 97.616700
v 209.818245 4.000016 96.983330
v 210.294807 4.000016 96.224907
v 210.590644 4.000016 95.379456
v 210.690925 4.000016 94.489373
v 210.690925 4.000000 -97.510621
v 210.590644 4.000000 -98.400711
v 210.294807 4.000000 -99.246155
v 209.818245 4.000000 -100.004577
v 209.184883 4.000000 -100.637954
v 208.426460 4.000000 -101.114503
v 207.581001 4.000000 -101.410340
v 206.690925 4.000000 -101.510621
v 197.075447 4.000000 -101.510621
v 187.459969 4.000000 -101.510621
v 177.844490 4.000000 -101.510621
v 168.229011 4.000000 -101.510621
v 158.613563 4.000000 -101.510621
v 148.998086 4.000000 -101.510621
v 139.382606 4.000000 -101.510621
v 129.767128 4.000000 -101.510621
v 120.151649 4.000000 -101.510621
v 110.536171 4.000000 -101.510621
v 100.920707 4.000000 -101.510621
v 100.030616 4.000000 -101.410340
v 99.185173 4.000000 -101.114503
v 98.426750 4.000000 -100.637954
v 97.793373 4.000000 -100.004577
v 97.316825 4.000000 -99.246155
v 97.020988 4.000000 -98.400711
v 96.920707 4.000000 -97.510621
v 96.920707 4.000016 94.489373
v 97.020988 4.000016 95.379456
v 97.316825 4.000016 96.224907
v 97.793373 4.000016 96.983330
v 98.426750 4.000016 97.616700
v 99.185173 4.000016 98.093247
v 100.030616 4.000016 98.389083
v 100.920707 196.000000 98.489356
v 110.536171 196.000000 98.489356
v 120.151649 196.000000 98.489356
v 129.767128 196.000000 98.489356
v 139.382606 196.000000 98.489356
v 148.998086 196.000000 98.489356
v 158.613563 196.000000 98.489356
v 168.229011 196.000000 98.489356
v 177.844490 196.000000 98.489356
v 187.459969 196.000000 98.489356
v 197.075447 196.000000 98.489356
v 206.690925 196.000000 98.489356
v 207.581001 196.000000 98.389069
v 208.426460 196.000000 98.093232
v 209.184883 196.000000 97.616684
v 209.818245 196.000000 96.983315
v 210.294807 196.000000 96.224892
v 210.590644 196.000000 95.379441
v 210.690925 196.000000 94.489356
v 210.690925 196.000000 -97.510650
v 210.590644 196.000000 -98.400727
v 210.294807 196.000000 -99.246185
v 209.818245 196.000000 -100.004609
v 209.184883 196.000000 -100.637971
v 208.426460 196.000000 -101.114517
v 207.581001 196.000000 -101.410354
v 206.690925 196.000000 -101.510650
v 197.075447 196.000000 -101.510650
v 187.459969 196.000000 -101.510650
v 177.844490 196.000000 -101.510650
v 168.229011 196.000000 -101.510650
v 158.613563 196.000000 -101.510650
v 148.998086 196.000000 -101.510650
v 139.382606 196.000000 -101.510650
v 129.767128 196.000000 -101.510650
v 120.151649 196.000000 -101.510650
v 110.536171 196.000000 -101.510650
v 100.920707 196.000000 -101.510650
v 100.030616 196.000000 -101.410354
v 99.185173 196.000000 -101.114517
v 98.426750 196.000000 -100.637971
v 97.793373 196.000000 -100.004609
v 97.316825 196.000000 -99.246185
v 97.020988 196.000000 -98.400727
v 96.920707 196.000000 -97.510650
v 96.920707 196.000000 94.489356
v 97.020988 196.000000 95.379441
v 97.316825 196.000000 96.224892
v 97.793373 196.000000 96.983315
v 98.426750 196.000000 97.616684
v 99.185173 196.000000 98.093232
v 100.030616 196.000000 98.389069
v 100.920707 196.890091 98.389069
v 110.536171 196.890091 98.389069
v 120.151649 196.890091 98.389069
v 129.767128 196.890091 98.389069
v 139.382606 196.890091 98.389069
v 148.998086 196.890091 98.389069
v 158.613563 196.890091 98.389069
v 168.229011 196.890091 98.389069
v 177.844490 196.890091 98.389069
v 187.459969 196.890091 98.389069
v 197.075447 196.890091 98.389069
v 206.690925 196.890091 98.389069
v 207.558694 196.890091 98.291297
v 208.382942 196.890091 98.002876
v 209.122352 196.890091 97.538277
v 209.739846 196.890091 96.920783
v 210.204445 196.890091 96.181382
v 210.492866 196.890091 95.357124
v 210.590644 196.890091 94.489356
v 210.590644 196.890091 -97.510650
v 210.492866 196.890091 -98.378418
v 210.204445 196.890091 -99.202668
v 209.739846 196.890091 -99.942077
v 209.122352 196.890091 -100.559570
v 208.382942 196.890091 -101.024170
v 207.558694 196.890091 -101.312591
v 206.690925 196.890091 -101.410354
v 197.075447 196.890091 -101.410354
v 187.459969 196.890091 -101.410354
v 177.844490 196.890091 -101.410354
v 168.229011 196.890091 -101.410354
v 158.613563 196.890091 -101.410354
v 148.998086 196.890091 -101.410354
v 139.382606 196.890091 -101.410354
v 129.767128 196.890091 -101.410354
v 120.151649 196.890091 -101.410354
v 110.536171 196.890091 -101.410354
v 100.920707 196.890091 -101.410354
v 100.052940 196.890091 -101.312591
v 99.228675 196.890091 -101.024170
v 98.489265 196.890091 -100.559570
v 97.871788 196.890091 -99.942077
v 97.407188 196.890091 -99.202668
v 97.118766 196.890091 -98.378418
v 97.020988 196.890091 -97.510650
v 97.020988 196.890091 94.489356
v 97.118766 196.890091 95.357124
v 97.407188 196.890091 96.181382
v 97.871788 196.890091 96.920783
v 98.489265 196.890091 97.538277
v 99.228675 196.890091 98.002876
v 100.052940 196.890091 98.291297
v 100.920707 197.735535 98.093232
v 110.536171 197.735535 98.093232
v 120.151649 197.735535 98.093232
v 129.767128 197.735535 98.093232
v 139.382606 197.735535 98.093232
v 148.998086 197.735535 98.093232
v 158.613563 197.735535 98.093232
v 168.229011 197.735535 98.093232
v 177.844490 197.735535 98.093232
v 187.459969 197.735535 98.093232
v 197.075447 197.735535 98.093232
v 206.690925 197.735535 98.093232
v 207.492866 197.735535 98.002876
v 208.254585 197.735535 97.736336
v 208.937905 197.735535 97.306977
v 209.508552 197.735535 96.736336
v 209.937905 197.735535 96.053017
v 210.204445 197.735535 95.291297
v 210.294807 197.735535 94.489356
v 210.294807 197.735535 -97.510650
v 210.204445 197.735535 -98.312591
v 209.937905 197.735535 -99.074310
v 209.508552 197.735535 -99.757629
v 208.937905 197.735535 -100.328263
v 208.254585 197.735535 -100.757629
v 207.492866 197.735535 -101.024170
v 206.690925 197.735535 -101.114517
v 197.075447 197.735535 -101.114517
v 187.459969 197.735535 -101.114517
v 177.844490 197.735535 -101.114517
v 168.229011 197.735535 -101.114517
v 158.613563 197.735535 -101.114517
v 148.998086 197.735535 -101.114517
v 139.382606 197.735535 -101.114517
v 129.767128 197.735535 -101.114517
v 120.151649 197.735535 -101.114517
v 110.536171 197.735535 -101.114517
v 100.920707 197.735535 -101.114517
v 100.118766 197.735535 -101.024170
v 99.357032 197.735535 -100.757629
v 98.673729 197.735535 -100.328263
v 98.103080 197.735535 -99.757629
v 97.673729 197.735535 -99.074310
v 97.407188 197.735535 -98.312591
v 97.316825 197.735535 -97.510650
v 97.316825 197.735535 94.489356
v 97.407188 197.735535 95.291297
v 97.673729 197.735535 96.053017
v 98.103080 197.735535 96.736336
v 98.673729 197.735535 97.306977
v 99.357032 197.735535 97.736336
v 100.118766 197.735535 98.002876
v 100.920707 198.493958 97.616684
v 110.536171 198.493958 97.616684
v 120.151649 198.493958 97.616684
v 129.767128 198.493958 97.616684
v 139.382606 198.493958 97.616684
v 148.998086 198.493958 97.616684
v 158.613563 198.493958 97.616684
v 168.229011 198.493958 97.616684
v 177.844490 198.493958 97.616684
v 187.459969 198.493958 97.616684
v 197.075447 198.493958 97.616684
v 206.690925 198.493958 97.616684
v 207.386819 198.493958 97.538277
v 208.047828 198.493958 97.306977
v 208.640785 198.493958 96.934403
v 209.135964 198.493958 96.439217
v 209.508552 198.493958 95.846253
v 209.739846 198.493958 95.185249
v 209.818245 198.493958 94.489356
v 209.818245 198.493958 -97.510650
v 209.739846 198.493958 -98.206543
v 209.508552 198.493958 -98.867539
v 209.135964 198.493958 -99.460510
v 208.640785 198.493958 -99.955688
v 208.047828 198.493958 -100.328263
v 207.386819 198.493958 -100.559570
v 206.690925 198.493958 -100.637971
v 197.075447 198.493958 -100.637971
v 187.459969 198.493958 -100.637971
v 177.844490 198.493958 -100.637971
v 168.229011 198.493958 -100.637971
v 158.613563 198.493958 -100.637971
v 148.998086 198.493958 -100.637971
v 139.382606 198.493958 -100.637971
v 129.767128 198.493958 -100.637971
v 120.151649 198.493958 -100.637971
v 110.536171 198.493958 -100.637971
v 100.920707 198.493958 -100.637971
v 100.224815 198.493958 -100.559570
v 99.563804 198.493958 -100.328263
v 98.970848 198.493958 -99.955688
v 98.475654 198.493958 -99.460510
v 98.103080 198.493958 -98.867539
v 97.871788 198.493958 -98.206543
v 97.793373 198.493958 -97.510650
v 97.793373 198.493958 94.489356
v 97.871788 198.493958 95.185249
v 98.103080 198.493958 95.846253
v 98.475654 198.493958 96.439217
v 98.970848 198.493958 96.934403
v 99.563804 198.493958 97.306977
v 100.224815 198.493958 97.538277
v 100.920707 199.127335 96.983315
v 110.536171 199.127335 96.983315
v 120.151649 199.127335 96.983315
v 129.767128 199.127335 96.983315
v 139.382606 199.127335 96.983315
v 148.998086 199.127335 96.983315
v 158.613563 199.127335 96.983315
v 168.229011 199.127335 96.983315
v 177.844490 199.127335 96.983315
v 187.459969 199.127335 96.983315
v 197.075447 199.127335 96.983315
v 206.690925 199.127335 96.983315
v 207.245887 199.127335 96.920783
v 207.773018 199.127335 96.736336
v 208.245887 199.127335 96.439217
v 208.640785 199.127335 96.044312
v 208.937905 199.127335 95.571442
v 209.122352 199.127335 95.044312
v 209.184883 199.127335 94.489356
v 209.184883 199.127335 -97.510650
v 209.122352 199.127335 -98.065597
v 208.937905 199.127335 -98.592727
v 208.640785 199.127335 -99.065597
v 208.245887 199.127335 -99.460510
v 207.773018 199.127335 -99.757629
v 207.245887 199.127335 -99.942077
v 206.690925 199.127335 -100.004609
v 197.075447 199.127335 -100.004609
v 187.459969 199.127335 -100.004609
v 177.844490 199.127335 -100.004609
v 168.229011 199.127335 -100.004609
v 158.613563 199.127335 -100.004609
v 148.998086 199.127335 -100.004609
v 139.382606 199.127335 -100.004609
v 129.767128 199.127335 -100.004609
v 120.151649 199.127335 -100.004609
v 110.536171 199.127335 -100.004609
v 100.920707 199.127335 -100.004609
v 100.365745 199.127335 -99.942077
v 99.838615 199.127335 -99.757629
v 99.365745 199.127335 -99.460510
v 98.970848 199.127335 -99.065597
v 98.673729 199.127335 -98.592727
v 98.489265 199.127335 -98.065597
v 98.426750 199.127335 -97.510650
v 98.426750 199.127335 94.489356
v 98.489265 199.127335 95.044312
v 98.673729 199.127335 95.571442
v 98.970848 199.127335 96.044312
v 99.365745 199.127335 96.439217
v 99.838615 199.127335 96.736336
v 100.365745 199.127335 96.920783
v 100.920707 199.603882 96.224892
v 110.536171 199.603882 96.224892
v 120.151649 199.603882 96.224892
v 129.767128 199.603882 96.224892
v 139.382606 199.603882 96.224892
v 148.998086 199.603882 96.224892
v 158.613563 199.603882 96.224892
v 168.229011 199.603882 96.224892
v 177.844490 199.603882 96.224892
v 187.459969 199.603882 96.224892
v 197.075447 199.603882 96.224892
v 206.690925 199.603882 96.224892
v 207.077125 199.603882 96.181382
v 207.443946 199.603882 96.053017
v 207.773018 199.603882 95.846253
v 208.047828 199.603882 95.571442
v 208.254585 199.603882 95.242379
v 208.382942 199.603882 94.875550
v 208.426460 199.603882 94.489356
v 208.426460 199.603882 -97.510650
v 208.382942 199.603882 -97.896835
v 208.254585 199.603882 -98.263672
v 208.047828 199.603882 -98.592727
v 207.773018 199.603882 -98.867539
v 207.443946 199.603882 -99.074310
v 207.077125 199.603882 -99.202668
v 206.690925 199.603882 -99.246185
v 197.075447 199.603882 -99.246185
v 187.459969 199.603882 -99.246185
v 177.844490 199.603882 -99.246185
v 168.229011 199.603882 -99.246185
v 158.613563 199.603882 -99.246185
v 148.998086 199.603882 -99.246185
v 139.382606 199.603882 -99.246185
v 129.767128 199.603882 -99.246185
v 120.151649 199.603882 -99.246185
v 110.536171 199.603882 -99.246185
v 100.920707 199.603882 -99.246185
v 100.534507 199.603882 -99.202668
v 100.167686 199.603882 -99.074310
v 99.838615 199.603882 -98.867539
v 99.563804 199.603882 -98.592727
v 99.357032 199.603882 -98.263672
v 99.228675 199.603882 -97.896835
v 99.185173 199.603882 -97.510650
v 99.185173 199.603882 94.489356
v 99.228675 199.603882 94.875550
v 99.357032 199.603882 95.242379
v 99.563804 199.603882 95.571442
v 99.838615 199.603882 95.846253
v 100.167686 199.603882 96.053017
v 100.534507 199.603882 96.181382
v 100.920707 199.899720 95.379441
v 110.536171 199.899720 95.379441
v 120.151649 199.899720 95.379441
v 129.767128 199.899720 95.379441
v 139.382606 199.899720 95.379441
v 148.998086 199.899720 95.379441
v 158.613563 199.899720 95.379441
v 168.229011 199.899720 95.379441
v 177.844490 199.899720 95.379441
v 187.459969 199.899720 95.379441
v 197.075447 199.899720 95.379441
v 206.690925 199.899720 95.379441
v 206.888984 199.899720 95.357124
v 207.077125 199.899720 95.291297
v 207.245887 199.899720 95.185249
v 207.386819 199.899720 95.044312
v 207.492866 199.899720 94.875550
v 207.558694 199.899720 94.687416
v 207.581001 199.899720 94.489356
v 207.581001 199.899720 -97.510650
v 207.558694 199.899720 -97.708709
v 207.492866 199.899720 -97.896835
v 207.386819 199.899720 -98.065597
v 207.245887 199.899720 -98.206543
v 207.077125 199.899720 -98.312591
v 206.888984 199.899720 -98.378418
v 206.690925 199.899720 -98.400727
v 197.075447 199.899720 -98.400727
v 187.459969 199.899720 -98.400727
v 177.844490 199.899720 -98.400727
v 168.229011 199.899720 -98.400727
v 158.613563 199.899720 -98.400727
v 148.998086 199.899720 -98.400727
v 139.382606 199.899720 -98.400727
v 129.767128 199.899720 -98.400727
v 120.151649 199.899720 -98.400727
v 110.536171 199.899720 -98.400727
v 100.920707 199.899720 -98.400727
v 100.722648 199.899720 -98.378418
v 100.534507 199.899720 -98.312591
v 100.365745 199.899720 -98.206543
v 100.224815 199.899720 -98.065597
v 100.118766 199.899720 -97.896835
v 100.052940 199.899720 -97.708709
v 100.030616 199.899720 -97.510650
v 100.030616 199.899720 94.489356
v 100.052940 199.899720 94.687416
v 100.118766 199.899720 94.875550
v 100.224815 199.899720 95.044312
v 100.365745 199.899720 95.185249
v 100.534507 199.899720 95.291297
v 100.722648 199.899720 95.357124
v 100.920707 200.000000 94.489356
v 110.536171 200.000000 94.489356
v 120.151649 200.000000 94.489356
v 129.767128 200.000000 94.489356
v 139.382606 200.000000 94.489356
v 148.998086 200.000000 94.489356
v 158.613563 200.000000 94.489356
v 168.229011 200.000000 94.489356
v 177.844490 200.000000 94.489356
v 187.459969 200.000000 94.489356
v 197.075447 200.000000 94.489356
v 206.690925 200.000000 94.489356
v 206.690925 200.000000 -97.510650
v 197.075447 200.000000 -97.510650
v 187.459969 200.000000 -97.510650
v 177.844490 200.000000 -97.510650
v 168.229011 200.000000 -97.510650
v 158.613563 200.000000 -97.510650
v 148.998086 200.000000 -97.510650
v 139.382606 200.000000 -97.510650
v 129.767128 200.000000 -97.510650
v 120.151649 200.000000 -97.510650
v 110.536171 200.000000 -97.510650
v 100.920707 200.000000 -97.510650
v 110.536171 4.000016 89.789376
v 120.151649 4.000016 89.789376
v 129.767128 4.000016 89.789376
v 139.382606 4.000016 89.789376
v 148.998086 4.000016 89.789376
v 158.613563 4.000016 89.789376
v 168.229011 4.000016 89.789376
v 177.844490 4.000016 89.789376
v 187.459969 4.000016 89.789376
v 197.075447 4.000016 89.789376
v 110.536171 196.000000 89.789360
v 120.151649 196.000000 89.789360
v 129.767128 196.000000 89.789360
v 139.382606 196.000000 89.789360
v 148.998086 196.000000 89.789360
v 158.613563 196.000000 89.789360
v 168.229011 196.000000 89.789360
v 177.844490 196.000000 89.789360
v 187.459969 196.000000 89.789360
v 197.075447 196.000000 89.789360
vn 0.382203 -0.922708 -0.050300
vn 0.356111 -0.922728 -0.147505
vn 0.305804 -0.922712 -0.234703
vn 0.234703 -0.922712 -0.305804
vn 0.147499 -0.922695 -0.356198
vn 0.050300 -0.922708 -0.382203
vn -0.050300 -0.922708 -0.382203
vn -0.147499 -0.922695 -0.356198
vn -0.234703 -0.922712 -0.305804
vn -0.305804 -0.922712 -0.234703
vn -0.356198 -0.922695 -0.147499
vn -0.382203 -0.922708 -0.050300
vn -0.382203 -0.922708 0.050300
vn -0.356198 -0.922695 0.147499
vn -0.305804 -0.922712 0.234703
vn -0.234703 -0.922712 0.305804
vn -0.147499 -0.922695 0.356198
vn -0.050300 -0.922708 0.382203
vn 0.050300 -0.922708 0.382203
vn 0.147499 -0.922695 0.356198
vn 0.234703 -0.922712 0.305804
vn 0.305804 -0.922712 0.234703
vn 0.356198 -0.922695 0.147499
vn 0.382203 -0.922708 0.050300
vn 0.606814 -0.790818 -0.079902
vn 0.565499 -0.790798 -0.234199
vn 0.485599 -0.790799 -0.372599
vn 0.372599 -0.790799 -0.485599
vn 0.234199 -0.790798 -0.565499
vn 0.079902 -0.790818 -0.606814
vn -0.079902 -0.790818 -0.606814
vn -0.234199 -0.790798 -0.565499
vn -0.372599 -0.790799 -0.485599
vn -0.485599 -0.790799 -0.372599
vn -0.565499 -0.790798 -0.234199
vn -0.606814 -0.790818 -0.079902
vn -0.606814 -0.790818 0.079902
vn -0.565499 -0.790798 0.234199
vn -0.485599 -0.790799 0.372599
vn -0.372599 -0.790799 0.485599
vn -0.234199 -0.790798 0.565499
vn -0.079902 -0.790818 0.606814
vn 0.079902 -0.790818 0.606814
vn 0.234199 -0.790798 0.565499
vn 0.372599 -0.790799 0.485599
vn 0.485599 -0.790799 0.372599
vn 0.565499 -0.790798 0.234199
vn 0.606814 -0.790818 0.079902
vn 0.789059 -0.605468 -0.103895
vn 0.735272 -0.605477 -0.304588
vn 0.631388 -0.605489 -0.484491
vn 0.484491 -0.605489 -0.631388
vn 0.304588 -0.605477 -0.735272
vn 0.103895 -0.605468 -0.789059
vn -0.103895 -0.605468 -0.789059
vn -0.304588 -0.605477 -0.735272
vn -0.484491 -0.605489 -0.631388
vn -0.631388 -0.605489 -0.484491
vn -0.735272 -0.605477 -0.304588
vn -0.789059 -0.605468 -0.103895
vn -0.789059 -0.605468 0.103895
vn -0.735272 -0.605477 0.304588
vn -0.631388 -0.605489 0.484491
vn -0.484491 -0.605489 0.631388
vn -0.304588 -0.605477 0.735272
vn -0.103895 -0.605468 0.789059
vn 0.103895 -0.605468 0.789059
vn 0.304588 -0.605477 0.735272
vn 0.484491 -0.605489 0.631388
vn 0.631388 -0.605489 0.484491
vn 0.735272 -0.605477 0.304588
vn 0.789059 -0.605468 0.103895
vn 0.917105 -0.379902 -0.120801
vn 0.854608 -0.379904 -0.354003
vn 0.733895 -0.379897 -0.563096
vn 0.563096 -0.379897 -0.733895
vn 0.354003 -0.379904 -0.854608
vn 0.120702 -0.379907 -0.917116
vn -0.120702 -0.379907 -0.917116
vn -0.354003 -0.379904 -0.854608
vn -0.563096 -0.379897 -0.733895
vn -0.733895 -0.379897 -0.563096
vn -0.854608 -0.379904 -0.354003
vn -0.917116 -0.379907 -0.120702
vn -0.917116 -0.379907 0.120702
vn -0.854608 -0.379904 0.354003
vn -0.733895 -0.379897 0.563096
vn -0.563096 -0.379897 0.733895
vn -0.354003 -0.379904 0.854608
vn -0.120702 -0.379907 0.917116
vn 0.120702 -0.379907 0.917116
vn 0.354003 -0.379904 0.854608
vn 0.563096 -0.379897 0.733895
vn 0.733895 -0.379897 0.563096
vn 0.854608 -0.379904 0.354003
vn 0.917105 -0.379902 0.120801
vn 0.983113 -0.129402 -0.129402
vn 0.916098 -0.129400 -0.379499
vn 0.786710 -0.129402 -0.603608
vn 0.603608 -0.129402 -0.786710
vn 0.379499 -0.129400 -0.916098
vn 0.129402 -0.129402 -0.983113
vn -0.129402 -0.129402 -0.983113
vn -0.379499 -0.129400 -0.916098
vn -0.603608 -0.129402 -0.786710
vn -0.786710 -0.129402 -0.603608
vn -0.916098 -0.129400 -0.379499
vn -0.983113 -0.129402 -0.129402
vn -0.983113 -0.129402 0.129402
vn -0.916098 -0.129400 0.379499
vn -0.786710 -0.129402 0.603608
vn -0.603608 -0.129402 0.786710
vn -0.379499 -0.129400 0.916098
vn -0.129402 -0.129402 0.983113
vn 0.129402 -0.129402 0.983113
vn 0.379499 -0.129400 0.916098
vn 0.603608 -0.129402 0.786710
vn 0.786710 -0.129402 0.603608
vn 0.916098 -0.129400 0.379499
vn 0.983113 -0.129402 0.129402
vn 0.983113 0.129402 -0.129402
vn 0.916098 0.129400 -0.379499
vn 0.786710 0.129402 -0.603608
vn 0.603608 0.129402 -0.786710
vn 0.379499 0.129400 -0.916098
vn 0.129402 0.129402 -0.983113
vn -0.129402 0.129402 -0.983113
vn -0.379499 0.129400 -0.916098
vn -0.603608 0.129402 -0.786710
vn -0.786710 0.129402 -0.603608
vn -0.916098 0.129400 -0.379499
vn -0.983113 0.129402 -0.129402
vn -0.983113 0.129402 0.129402
vn -0.916098 0.129400 0.379499
vn -0.786710 0.129402 0.603608
vn -0.603608 0.129402 0.786710
vn -0.379499 0.129400 0.916098
vn -0.129402 0.129402 0.983113
vn 0.129402 0.129402 0.983113
vn 0.379499 0.129400 0.916098
vn 0.603608 0.129402 0.786710
vn 0.786710 0.129402 0.603608
vn 0.916098 0.129400 0.379499
vn 0.983113 0.129402 0.129402
vn 0.917105 0.379902 -0.120801
vn 0.854608 0.379904 -0.354003
vn 0.733895 0.379897 -0.563096
vn 0.563096 0.379897 -0.733895
vn 0.354003 0.379904 -0.854608
vn 0.120702 0.379907 -0.917116
vn -0.120702 0.379907 -0.917116
vn -0.354003 0.379904 -0.854608
vn -0.563096 0.379897 -0.733895
vn -0.733895 0.379897 -0.563096
vn -0.854608 0.379904 -0.354003
vn -0.917105 0.379902 -0.120801
vn -0.917105 0.379902 0.120801
vn -0.854608 0.379904 0.354003
vn -0.733895 0.379897 0.563096
vn -0.563096 0.379897 0.733895
vn -0.354003 0.379904 0.854608
vn -0.120702 0.379907 0.917116
vn 0.120702 0.379907 0.917116
vn 0.354003 0.379904 0.854608
vn 0.563096 0.379897 0.733895
vn 0.733895 0.379897 0.563096
vn 0.854608 0.379904 0.354003
vn 0.917105 0.379902 0.120801
vn 0.789059 0.605468 -0.103895
vn 0.735272 0.605477 -0.304588
vn 0.631388 0.605489 -0.484491
vn 0.484491 0.605489 -0.631388
vn 0.304588 0.605477 -0.735272
vn 0.103895 0.605468 -0.789059
vn -0.103895 0.605468 -0.789059
vn -0.304588 0.605477 -0.735272
vn -0.484491 0.605489 -0.631388
vn -0.631388 0.605489 -0.484491
vn -0.735272 0.605477 -0.304588
vn -0.789059 0.605468 -0.103895
vn -0.789059 0.605468 0.103895
vn -0.735272 0.605477 0.304588
vn -0.631388 0.605489 0.484491
vn -0.484491 0.605489 0.631388
vn -0.304588 0.605477 0.735272
vn -0.103895 0.605468 0.789059
vn 0.103895 0.605468 0.789059
vn 0.304588 0.605477 0.735272
vn 0.484491 0.605489 0.631388
vn 0.631388 0.605489 0.484491
vn 0.735272 0.605477 0.304588
vn 0.789059 0.605468 0.103895
vn 0.606814 0.790818 -0.079902
vn 0.565499 0.790798 -0.234199
vn 0.485599 0.790799 -0.372599
vn 0.372599 0.790799 -0.485599
vn 0.234199 0.790798 -0.565499
vn 0.079902 0.790818 -0.606814
vn -0.079902 0.790818 -0.606814
vn -0.234199 0.790798 -0.565499
vn -0.372599 0.790799 -0.485599
vn -0.485599 0.790799 -0.372599
vn -0.565499 0.790798 -0.234199
vn -0.606814 0.790818 -0.079902
vn -0.606814 0.790818 0.079902
vn -0.565499 0.790798 0.234199
vn -0.485599 0.790799 0.372599
vn -0.372599 0.790799 0.485599
vn -0.234199 0.790798 0.565499
vn -0.079902 0.790818 0.606814
vn 0.079902 0.790818 0.606814
vn 0.234199 0.790798 0.565499
vn 0.372599 0.790799 0.485599
vn 0.485599 0.790799 0.372599
vn 0.565499 0.790798 0.234199
vn 0.606814 0.790818 0.079902
vn 0.382203 0.922708 -0.050300
vn 0.356198 0.922695 -0.147499
vn 0.305804 0.922712 -0.234703
vn 0.234703 0.922712 -0.305804
vn 0.147499 0.922695 -0.356198
vn 0.050300 0.922708 -0.382203
vn -0.050300 0.922708 -0.382203
vn -0.147505 0.922728 -0.356111
vn -0.234703 0.922712 -0.305804
vn -0.305804 0.922712 -0.234703
vn -0.356198 0.922695 -0.147499
vn -0.382203 0.922708 -0.050300
vn -0.382203 0.922708 0.050300
vn -0.356198 0.922695 0.147499
vn -0.305804 0.922712 0.234703
vn -0.234703 0.922712 0.305804
vn -0.147505 0.922728 0.356111
vn -0.050300 0.922708 0.382203
vn 0.050300 0.922708 0.382203
vn 0.147499 0.922695 0.356198
vn 0.234703 0.922712 0.305804
vn 0.305804 0.922712 0.234703
vn 0.356111 0.922728 0.147505
vn 0.382203 0.922708 0.050300
vn 0.130500 -0.991299 -0.017200
vn 0.130500 0.991299 -0.017200
vn 0.121600 -0.991299 -0.050400
vn 0.121600 0.991299 -0.050400
vn 0.104400 -0.991304 -0.080100
vn 0.104400 0.991304 -0.080100
vn 0.080100 -0.991304 -0.104400
vn 0.080100 0.991304 -0.104400
vn 0.050400 -0.991299 -0.121600
vn 0.050400 0.991299 -0.121600
vn 0.017200 -0.991299 -0.130500
vn 0.017200 0.991299 -0.130500
vn -0.017200 -0.991299 -0.130500
vn -0.017200 0.991299 -0.130500
vn -0.050400 -0.991299 -0.121600
vn -0.050400 0.991299 -0.121600
vn -0.080100 -0.991304 -0.104400
vn -0.080100 0.991304 -0.104400
vn -0.104499 -0.991294 -0.080100
vn -0.104400 0.991304 -0.080100
vn -0.121600 -0.991299 -0.050400
vn -0.121600 0.991299 -0.050400
vn -0.130500 -0.991299 -0.017200
vn -0.130500 0.991299 -0.017200
vn -0.130500 -0.991299 0.017200
vn -0.130500 0.991299 0.017200
vn -0.121600 -0.991299 0.050400
vn -0.121600 0.991299 0.050400
vn -0.104400 -0.991304 0.080100
vn -0.104400 0.991304 0.080100
vn -0.080100 -0.991304 0.104400
vn -0.080100 0.991304 0.104400
vn -0.050400 -0.991299 0.121600
vn -0.050400 0.991299 0.121600
vn -0.017200 -0.991299 0.130500
vn -0.017200 0.991299 0.130500
vn 0.017200 -0.991299 0.130500
vn 0.017200 0.991299 0.130500
vn 0.050400 -0.991299 0.121600
vn 0.050400 0.991299 0.121600
vn 0.080100 -0.991304 0.104400
vn 0.080100 0.991304 0.104400
vn 0.104400 -0.991304 0.080100
vn 0.104400 0.991304 0.080100
vn 0.121600 -0.991299 0.050400
vn 0.121600 0.991299 0.050400
vn 0.130500 -0.991299 0.017200
vn 0.130500 0.991299 0.017200
vn 0.356198 -0.922695 -0.147499
vn -0.147505 -0.922728 -0.356111
vn -0.356111 -0.922728 0.147505
vn -0.147505 -0.922728 0.356111
vn -0.917105 -0.379902 -0.120801
vn -0.917105 -0.379902 0.120801
vn -0.917116 0.379907 -0.120702
vn -0.917116 0.379907 0.120702
vn 0.356111 0.922728 -0.147505
vn 0.147505 0.922728 -0.356111
vn -0.356111 0.922728 -0.147505
vn -0.356111 0.922728 0.147505
vn 0.147505 0.922728 0.356111
vn 0.080100 0.991294 -0.104499
vn -0.104400 -0.991304 -0.080100
vn 0.080100 0.991294 0.104499
vn -0.356111 -0.922728 -0.147505
vn 0.356111 -0.922728 0.147505
vn 0.917116 -0.379907 -0.120702
vn 0.917116 -0.379907 0.120702
vn 0.917116 0.379907 -0.120702
vn 0.917116 0.379907 0.120702
vn -0.147499 0.922695 -0.356198
vn -0.147499 0.922695 0.356198
vn 0.147505 -0.922728 -0.356111
vn 0.147505 -0.922728 0.356111
vn -0.080200 -0.991296 -0.104400
vn -0.080200 -0.991296 0.104400
vn -0.000000 -0.987678 0.156497
vn -0.000000 -0.891001 0.454001
vn -0.000000 -0.707107 0.707107
vn -0.000000 -0.454001 0.891001
vn -0.000000 -0.156399 0.987694
vn -0.000000 -0.000000 1.000000
vn -0.000000 0.156399 0.987694
vn -0.000000 0.454001 0.891001
vn -0.000000 0.707107 0.707107
vn -0.000000 0.891001 0.454001
vn -0.000000 0.987678 0.156497
vn 0.024799 -0.987367 0.156495
vn 0.071702 -0.888719 0.452810
vn 0.111302 -0.702713 0.702713
vn 0.139790 -0.449569 0.882239
vn 0.154601 -0.154601 0.975806
vn 0.156399 -0.000000 0.987694
vn 0.154503 0.154603 0.975821
vn 0.139790 0.449569 0.882239
vn 0.111302 0.702713 0.702713
vn 0.071698 0.888679 0.452889
vn 0.024799 0.987367 0.156495
vn 0.071999 -0.987388 0.140998
vn 0.208104 -0.888715 0.408507
vn 0.323009 -0.702719 0.633917
vn 0.405513 -0.449514 0.795925
vn 0.448504 -0.154601 0.880308
vn 0.454001 -0.000000 0.891001
vn 0.448504 0.154601 0.880308
vn 0.405513 0.449514 0.795925
vn 0.323009 0.702719 0.633917
vn 0.208104 0.888715 0.408507
vn 0.071700 0.987396 0.141099
vn 0.111997 -0.987377 0.111997
vn 0.324211 -0.888729 0.324111
vn 0.503098 -0.702698 0.503098
vn 0.631596 -0.449497 0.631696
vn 0.698616 -0.154504 0.698616
vn 0.707107 -0.000000 0.707107
vn 0.698605 0.154601 0.698605
vn 0.631596 0.449497 0.631696
vn 0.503098 0.702698 0.503098
vn 0.324290 0.888672 0.324190
vn 0.112096 0.987366 0.111996
vn 0.141097 -0.987381 0.071899
vn 0.408507 -0.888715 0.208104
vn 0.633917 -0.702719 0.323009
vn 0.795925 -0.449514 0.405513
vn 0.880282 -0.154497 0.448591
vn 0.891001 -0.000000 0.454001
vn 0.880322 0.154504 0.448511
vn 0.795925 0.449514 0.405513
vn 0.633873 0.702770 0.322986
vn 0.408507 0.888715 0.208104
vn 0.140999 0.987395 0.071900
vn 0.156397 -0.987383 0.024800
vn 0.452810 -0.888719 0.071702
vn 0.702713 -0.702713 0.111302
vn 0.882291 -0.449496 0.139699
vn 0.975821 -0.154603 0.154503
vn 0.987694 -0.000000 0.156399
vn 0.975821 0.154603 0.154503
vn 0.882291 0.449496 0.139699
vn 0.702713 0.702713 0.111302
vn 0.452886 0.888673 0.071798
vn 0.156397 0.987383 0.024800
vn 0.156497 -0.987678 -0.000000
vn 0.453921 -0.891042 -0.000000
vn 0.707107 -0.707107 -0.000000
vn 0.891001 -0.454001 -0.000000
vn 0.987694 -0.156399 -0.000000
vn 1.000000 -0.000000 -0.000000
vn 0.987694 0.156399 -0.000000
vn 0.891001 0.454001 -0.000000
vn 0.707107 0.707107 -0.000000
vn 0.454001 0.891001 -0.000000
vn 0.156497 0.987678 -0.000000
vn 0.156300 -0.987398 -0.024800
vn 0.452810 -0.888719 -0.071702
vn 0.702713 -0.702713 -0.111302
vn 0.882291 -0.449496 -0.139699
vn 0.975836 -0.154506 -0.154506
vn 0.987694 -0.000000 -0.156399
vn 0.975821 0.154603 -0.154503
vn 0.882291 0.449496 -0.139699
vn 0.702664 0.702764 -0.111294
vn 0.452886 0.888673 -0.071798
vn 0.156300 0.987398 -0.024800
vn 0.141097 -0.987381 -0.071899
vn 0.408582 -0.888661 -0.208191
vn 0.633917 -0.702719 -0.323009
vn 0.795893 -0.449496 -0.405596
vn 0.880308 -0.154601 -0.448504
vn 0.891001 -0.000000 -0.454001
vn 0.880308 0.154601 -0.448504
vn 0.795925 0.449514 -0.405513
vn 0.633917 0.702719 -0.323009
vn 0.408582 0.888661 -0.208191
vn 0.140999 0.987395 -0.071900
vn 0.111900 -0.987399 -0.111900
vn 0.324211 -0.888729 -0.324111
vn 0.503014 -0.702819 -0.503014
vn 0.631596 -0.449497 -0.631696
vn 0.698605 -0.154601 -0.698605
vn 0.707107 -0.000000 -0.707107
vn 0.698605 0.154601 -0.698605
vn 0.631596 0.449497 -0.631696
vn 0.503014 0.702819 -0.503014
vn 0.324290 0.888672 -0.324190
vn 0.111900 0.987399 -0.111900
vn 0.071899 -0.987381 -0.141097
vn 0.208104 -0.888715 -0.408507
vn 0.322919 -0.702742 -0.633938
vn 0.405513 -0.449514 -0.795925
vn 0.448584 -0.154594 -0.880269
vn 0.454001 -0.000000 -0.891001
vn 0.448511 0.154504 -0.880322
vn 0.405513 0.449514 -0.795925
vn 0.323009 0.702719 -0.633917
vn 0.208199 0.888697 -0.408499
vn 0.071799 0.987389 -0.141098
vn 0.024899 -0.987365 -0.156494
vn 0.071702 -0.888719 -0.452810
vn 0.111302 -0.702713 -0.702713
vn 0.139699 -0.449496 -0.882291
vn 0.154503 -0.154603 -0.975821
vn 0.156497 -0.000000 -0.987678
vn 0.154501 0.154701 -0.975806
vn 0.139699 0.449496 -0.882291
vn 0.111203 0.702721 -0.702721
vn 0.071798 0.888673 -0.452886
vn 0.024799 0.987367 -0.156495
vn -0.000000 -0.987678 -0.156497
vn -0.000000 -0.891042 -0.453921
vn -0.000000 -0.707107 -0.707107
vn -0.000000 -0.454080 -0.890961
vn -0.000000 -0.156399 -0.987694
vn -0.000000 -0.000000 -1.000000
vn -0.000000 0.156399 -0.987694
vn -0.000000 0.454001 -0.891001
vn -0.000000 0.707107 -0.707107
vn -0.000000 0.891001 -0.454001
vn -0.000000 0.987678 -0.156497
vn -0.024899 -0.987365 -0.156494
vn -0.071702 -0.888719 -0.452810
vn -0.111302 -0.702713 -0.702713
vn -0.139699 -0.449496 -0.882291
vn -0.154506 -0.154506 -0.975836
vn -0.156399 -0.000000 -0.987694
vn -0.154503 0.154603 -0.975821
vn -0.139699 0.449496 -0.882291
vn -0.111203 0.702721 -0.702721
vn -0.071804 0.888652 -0.452926
vn -0.024799 0.987367 -0.156495
vn -0.071899 -0.987381 -0.141097
vn -0.208095 -0.888679 -0.408590
vn -0.323009 -0.702719 -0.633917
vn -0.405480 -0.449478 -0.795962
vn -0.448624 -0.154608 -0.880246
vn -0.454001 -0.000000 -0.891001
vn -0.448591 0.154497 -0.880282
vn -0.405480 0.449478 -0.795962
vn -0.323007 0.702814 -0.633813
vn -0.208191 0.888661 -0.408582
vn -0.071700 0.987396 -0.141099
vn -0.111900 -0.987399 -0.111900
vn -0.324092 -0.888779 -0.324092
vn -0.503088 -0.702784 -0.502988
vn -0.631696 -0.449497 -0.631596
vn -0.698616 -0.154504 -0.698616
vn -0.707107 -0.000000 -0.707107
vn -0.698605 0.154601 -0.698605
vn -0.631696 0.449497 -0.631596
vn -0.503088 0.702784 -0.502988
vn -0.324300 0.888700 -0.324100
vn -0.112097 0.987377 -0.111897
vn -0.141195 -0.987368 -0.071898
vn -0.408499 -0.888697 -0.208199
vn -0.633977 -0.702675 -0.322988
vn -0.795925 -0.449514 -0.405513
vn -0.880269 -0.154594 -0.448584
vn -0.890961 -0.000000 -0.454080
vn -0.880308 0.154601 -0.448504
vn -0.795925 0.449514 -0.405513
vn -0.633917 0.702719 -0.323009
vn -0.408490 0.888678 -0.208295
vn -0.141097 0.987381 -0.071899
vn -0.156300 -0.987401 -0.024700
vn -0.452813 -0.888726 -0.071602
vn -0.702664 -0.702764 -0.111294
vn -0.882279 -0.449489 -0.139797
vn -0.975806 -0.154601 -0.154601
vn -0.987709 -0.000000 -0.156301
vn -0.975806 0.154601 -0.154601
vn -0.882279 0.449489 -0.139797
vn -0.702713 0.702713 -0.111302
vn -0.452893 0.888685 -0.071599
vn -0.156300 0.987401 -0.024700
vn -0.156497 -0.987678 -0.000000
vn -0.453921 -0.891042 -0.000000
vn -0.707107 -0.707107 -0.000000
vn -0.891001 -0.454001 -0.000000
vn -0.987694 -0.156399 -0.000000
vn -1.000000 -0.000000 -0.000000
vn -0.987694 0.156399 -0.000000
vn -0.891001 0.454001 -0.000000
vn -0.707107 0.707107 -0.000000
vn -0.454001 0.891001 -0.000000
vn -0.156497 0.987678 -0.000000
vn -0.156397 -0.987383 0.024800
vn -0.452813 -0.888726 0.071602
vn -0.702713 -0.702713 0.111302
vn -0.882291 -0.449496 0.139699
vn -0.975821 -0.154503 0.154603
vn -0.987709 -0.000000 0.156301
vn -0.975806 0.154601 0.154601
vn -0.882291 0.449496 0.139699
vn -0.702713 0.702713 0.111302
vn -0.452893 0.888685 0.071599
vn -0.156397 0.987383 0.024800
vn -0.141098 -0.987389 0.071799
vn -0.408499 -0.888697 0.208199
vn -0.633917 -0.702719 0.323009
vn -0.795925 -0.449514 0.405513
vn -0.880269 -0.154594 0.448584
vn -0.890961 -0.000000 0.454080
vn -0.880308 0.154601 0.448504
vn -0.795925 0.449514 0.405513
vn -0.633917 0.702719 0.323009
vn -0.408490 0.888678 0.208295
vn -0.140999 0.987395 0.071900
vn -0.111997 -0.987377 0.111997
vn -0.324211 -0.888729 0.324111
vn -0.503098 -0.702698 0.503098
vn -0.631696 -0.449497 0.631596
vn -0.698616 -0.154504 0.698616
vn -0.707207 -0.000000 0.707007
vn -0.698605 0.154601 0.698605
vn -0.631667 0.449577 0.631567
vn -0.503098 0.702698 0.503098
vn -0.324211 0.888729 0.324111
vn -0.111997 0.987377 0.111997
vn -0.071999 -0.987388 0.140998
vn -0.208104 -0.888715 0.408507
vn -0.322986 -0.702770 0.633873
vn -0.405480 -0.449478 0.795962
vn -0.448584 -0.154594 0.880269
vn -0.454001 -0.000000 0.891001
vn -0.448584 0.154594 0.880269
vn -0.405480 0.449478 0.795962
vn -0.322986 0.702770 0.633873
vn -0.208199 0.888697 0.408499
vn -0.071701 0.987410 0.141001
vn -0.024799 -0.987367 0.156495
vn -0.071698 -0.888679 0.452889
vn -0.111302 -0.702713 0.702713
vn -0.139699 -0.449496 0.882291
vn -0.154506 -0.154506 0.975836
vn -0.156399 -0.000000 0.987694
vn -0.154506 0.154506 0.975836
vn -0.139699 0.449496 0.882291
vn -0.111302 0.702713 0.702713
vn -0.071698 0.888679 0.452889
vn -0.024799 0.987367 0.156495
vn -0.000000 1.000000 -0.000000
vn -0.000000 -1.000000 -0.000000
vn -0.000000 -0.987694 0.156399
vn 0.024800 -0.987383 0.156397
vn 0.139797 -0.449489 0.882279
vn 0.154601 0.154601 0.975806
vn 0.139803 0.449609 0.882217
vn 0.111294 0.702664 0.702764
vn 0.071702 0.888719 0.452810
vn 0.024900 0.987380 0.156397
vn 0.071900 -0.987395 0.140999
vn 0.208199 -0.888697 0.408499
vn 0.405494 0.449594 0.795889
vn 0.322988 0.702675 0.633977
vn 0.071899 0.987381 0.141097
vn 0.324200 -0.888700 0.324200
vn 0.631636 -0.449525 0.631636
vn 0.698605 -0.154601 0.698605
vn 0.631607 0.449605 0.631607
vn 0.324121 0.888758 0.324121
vn 0.112097 0.987377 0.111897
vn 0.880308 -0.154601 0.448504
vn 0.880308 0.154601 0.448504
vn 0.795889 0.449594 0.405494
vn 0.633977 0.702675 0.322988
vn 0.141097 0.987381 0.071899
vn 0.975821 -0.154503 0.154603
vn 0.987678 -0.000000 0.156497
vn 0.975821 0.154503 0.154603
vn 0.882217 0.449609 0.139803
vn 0.702764 0.702664 0.111294
vn 0.452810 0.888719 0.071702
vn 0.156399 -0.987694 -0.000000
vn 0.454001 -0.891001 -0.000000
vn 0.987678 -0.156497 -0.000000
vn 0.987678 0.156497 -0.000000
vn 0.156397 -0.987383 -0.024800
vn 0.452690 -0.888781 -0.071698
vn 0.975821 -0.154503 -0.154603
vn 0.987678 -0.000000 -0.156497
vn 0.975806 0.154601 -0.154601
vn 0.882217 0.449609 -0.139803
vn 0.702764 0.702664 -0.111294
vn 0.452690 0.888781 -0.071698
vn 0.156300 0.987401 -0.024700
vn 0.795925 -0.449514 -0.405513
vn 0.891042 -0.000000 -0.453921
vn 0.795893 0.449496 -0.405596
vn 0.634001 0.702601 -0.323101
vn 0.408499 0.888697 -0.208199
vn 0.141097 0.987381 -0.071899
vn 0.324111 -0.888729 -0.324211
vn 0.631696 -0.449497 -0.631596
vn 0.631667 0.449577 -0.631567
vn 0.324211 0.888729 -0.324111
vn 0.111999 0.987388 -0.111899
vn 0.071900 -0.987395 -0.140999
vn 0.208191 -0.888661 -0.408582
vn 0.323009 -0.702719 -0.633917
vn 0.448584 0.154594 -0.880269
vn 0.405494 0.449594 -0.795889
vn 0.322988 0.702675 -0.633977
vn 0.208095 0.888679 -0.408590
vn 0.071899 0.987381 -0.141097
vn 0.024700 -0.987385 -0.156398
vn 0.154506 -0.154506 -0.975836
vn 0.156399 -0.000000 -0.987694
vn 0.154601 0.154601 -0.975806
vn 0.111302 0.702713 -0.702713
vn 0.071702 0.888719 -0.452810
vn 0.024599 0.987372 -0.156496
vn -0.000000 -0.987694 -0.156399
vn -0.000000 -0.891001 -0.454001
vn -0.000000 -0.454001 -0.891001
vn -0.000000 0.454080 -0.890961
vn -0.000000 0.707057 -0.707157
vn -0.000000 0.891042 -0.453921
vn -0.024800 -0.987383 -0.156397
vn -0.154503 -0.154603 -0.975821
vn -0.154601 0.154601 -0.975806
vn -0.111302 0.702713 -0.702713
vn -0.071702 0.888719 -0.452810
vn -0.024600 0.987388 -0.156398
vn -0.071900 -0.987395 -0.140999
vn -0.208191 -0.888661 -0.408582
vn -0.322986 -0.702770 -0.633873
vn -0.405513 -0.449514 -0.795925
vn -0.448577 -0.154692 -0.880255
vn -0.454080 -0.000000 -0.890961
vn -0.448584 0.154594 -0.880269
vn -0.405513 0.449514 -0.795925
vn -0.322988 0.702675 -0.633977
vn -0.208095 0.888679 -0.408590
vn -0.071898 0.987368 -0.141195
vn -0.111997 -0.987377 -0.111997
vn -0.324111 -0.888729 -0.324211
vn -0.503014 -0.702819 -0.503014
vn -0.631596 -0.449497 -0.631696
vn -0.707007 -0.000000 -0.707207
vn -0.631596 0.449497 -0.631696
vn -0.324111 0.888729 -0.324211
vn -0.141097 -0.987381 -0.071899
vn -0.633917 -0.702719 -0.323009
vn -0.795962 -0.449478 -0.405480
vn -0.891062 -0.000000 -0.453881
vn -0.880269 0.154594 -0.448584
vn -0.795893 0.449496 -0.405596
vn -0.634001 0.702601 -0.323101
vn -0.408507 0.888715 -0.208104
vn -0.141096 0.987374 -0.071998
vn -0.156397 -0.987383 -0.024800
vn -0.452810 -0.888719 -0.071702
vn -0.702713 -0.702713 -0.111302
vn -0.882230 -0.449615 -0.139705
vn -0.975821 -0.154503 -0.154603
vn -0.987678 -0.000000 -0.156497
vn -0.975821 0.154503 -0.154603
vn -0.882252 0.449575 -0.139692
vn -0.702705 0.702705 -0.111401
vn -0.452810 0.888719 -0.071702
vn -0.156399 -0.987694 -0.000000
vn -0.454001 -0.891001 -0.000000
vn -0.707057 -0.707157 -0.000000
vn -0.987678 -0.156497 -0.000000
vn -0.987678 0.156497 -0.000000
vn -0.452810 -0.888719 0.071702
vn -0.987694 -0.000000 0.156399
vn -0.882252 0.449575 0.139692
vn -0.702705 0.702705 0.111401
vn -0.452810 0.888719 0.071702
vn -0.141097 -0.987381 0.071899
vn -0.633897 -0.702696 0.323098
vn -0.891001 -0.000000 0.454001
vn -0.880269 0.154594 0.448584
vn -0.795889 0.449594 0.405494
vn -0.633977 0.702675 0.322988
vn -0.408507 0.888715 0.208104
vn -0.141096 0.987374 0.071998
vn -0.111899 -0.987388 0.111999
vn -0.324200 -0.888700 0.324200
vn -0.631596 -0.449497 0.631696
vn -0.707107 -0.000000 0.707107
vn -0.698616 0.154504 0.698616
vn -0.631596 0.449497 0.631696
vn -0.503124 0.702733 0.503024
vn -0.324200 0.888700 0.324200
vn -0.111999 0.987388 0.111899
vn -0.071900 -0.987395 0.140999
vn -0.208199 -0.888697 0.408499
vn -0.323009 -0.702719 0.633917
vn -0.405513 -0.449514 0.795925
vn -0.448504 -0.154601 0.880308
vn -0.454080 -0.000000 0.890961
vn -0.448504 0.154601 0.880308
vn -0.405494 0.449594 0.795889
vn -0.322988 0.702675 0.633977
vn -0.208104 0.888715 0.408507
vn -0.071898 0.987368 0.141195
vn -0.024800 -0.987383 0.156397
vn -0.071702 -0.888719 0.452810
vn -0.139797 -0.449489 0.882279
vn -0.154601 -0.154601 0.975806
vn -0.154601 0.154601 0.975806
vn -0.139790 0.449569 0.882239
vn -0.111294 0.702664 0.702764
vn -0.071702 0.888719 0.452810
vn -0.024900 0.987380 0.156397
vn 0.139699 -0.449496 0.882291
vn 0.024800 0.987383 0.156397
vn 0.071998 -0.987374 0.141096
vn 0.208199 0.888697 0.408499
vn 0.111800 -0.987399 0.112000
vn 0.503024 -0.702733 0.503124
vn 0.631636 0.449525 0.631636
vn 0.324200 0.888700 0.324200
vn 0.111997 0.987377 0.111997
vn 0.141195 -0.987368 0.071898
vn 0.408499 -0.888697 0.208199
vn 0.633873 -0.702770 0.322986
vn 0.880322 -0.154504 0.448511
vn 0.633917 0.702719 0.323009
vn 0.408499 0.888697 0.208199
vn 0.156495 -0.987367 0.024799
vn 0.156495 -0.987367 -0.024799
vn 0.452886 -0.888673 -0.071798
vn 0.975821 -0.154603 -0.154503
vn 0.975836 0.154506 -0.154506
vn 0.882252 0.449575 -0.139692
vn 0.702713 0.702713 -0.111302
vn 0.452889 0.888679 -0.071698
vn 0.156398 0.987385 -0.024700
vn 0.140901 -0.987409 -0.071901
vn 0.633873 -0.702770 -0.322986
vn 0.633998 0.702697 -0.322899
vn 0.141096 0.987374 -0.071998
vn 0.112097 -0.987377 -0.111897
vn 0.324092 -0.888779 -0.324092
vn 0.503134 -0.702647 -0.503134
vn 0.631567 -0.449577 -0.631667
vn 0.698616 -0.154504 -0.698616
vn 0.631636 0.449525 -0.631636
vn 0.324092 0.888779 -0.324092
vn 0.071998 -0.987374 -0.141096
vn 0.208199 -0.888697 -0.408499
vn 0.405596 -0.449496 -0.795893
vn 0.448511 -0.154504 -0.880322
vn 0.208209 0.888639 -0.408618
vn 0.024500 -0.987390 -0.156398
vn 0.139692 -0.449575 -0.882252
vn 0.154601 -0.154601 -0.975806
vn 0.154503 0.154603 -0.975821
vn 0.024699 0.987370 -0.156495
vn -0.000000 -0.707157 -0.707057
vn -0.000000 -0.156497 -0.987678
vn -0.000000 0.987694 -0.156399
vn -0.024499 -0.987375 -0.156496
vn -0.071798 -0.888673 -0.452886
vn -0.139705 -0.449615 -0.882230
vn -0.154506 0.154506 -0.975836
vn -0.071998 -0.987374 -0.141096
vn -0.208199 -0.888697 -0.408499
vn -0.405596 -0.449496 -0.795893
vn -0.448591 -0.154497 -0.880282
vn -0.323009 0.702719 -0.633917
vn -0.208209 0.888639 -0.408618
vn -0.071900 0.987395 -0.140999
vn -0.112096 -0.987366 -0.111996
vn -0.324182 -0.888750 -0.324082
vn -0.503108 -0.702612 -0.503208
vn -0.631507 -0.449605 -0.631707
vn -0.502988 0.702784 -0.503088
vn -0.324092 0.888779 -0.324092
vn -0.111997 0.987377 -0.111997
vn -0.140804 -0.987430 -0.071802
vn -0.408490 -0.888678 -0.208295
vn -0.633893 -0.702792 -0.322897
vn -0.880322 -0.154504 -0.448511
vn -0.891001 -0.000000 -0.454001
vn -0.795962 0.449478 -0.405480
vn -0.633893 0.702792 -0.322897
vn -0.156592 -0.987352 -0.024799
vn -0.452896 -0.888692 -0.071499
vn -0.882291 -0.449496 -0.139699
vn -0.987694 -0.000000 -0.156399
vn -0.882291 0.449496 -0.139699
vn -0.452896 0.888692 -0.071499
vn -0.156397 0.987383 -0.024800
vn -0.156495 -0.987367 0.024799
vn -0.452816 -0.888732 0.071503
vn -0.975806 -0.154601 0.154601
vn -0.452816 0.888732 0.071503
vn -0.408490 -0.888678 0.208295
vn -0.633938 -0.702742 0.322919
vn -0.880322 -0.154504 0.448511
vn -0.880322 0.154504 0.448511
vn -0.633873 0.702770 0.322986
vn -0.141098 0.987389 0.071799
vn -0.111800 -0.987399 0.112000
vn -0.503024 -0.702733 0.503124
vn -0.698605 -0.154601 0.698605
vn -0.503024 0.702733 0.503124
vn -0.208295 -0.888678 0.408490
vn -0.405513 0.449514 0.795925
vn -0.323009 0.702719 0.633917
vn -0.071900 0.987395 0.140999
vn -0.000000 0.987694 0.156399
vn 0.071698 -0.888679 0.452889
vn 0.139699 0.449496 0.882291
vn 0.024500 0.987390 0.156398
vn 0.448511 -0.154504 0.880322
vn 0.448511 0.154504 0.880322
vn 0.071999 0.987388 0.140998
vn 0.111900 -0.987399 0.111900
vn 0.698616 0.154504 0.698616
vn 0.631696 0.449497 0.631596
vn 0.882279 -0.449489 0.139797
vn 0.882279 0.449489 0.139797
vn 0.156399 0.987694 -0.000000
vn 0.452889 -0.888679 -0.071698
vn 0.882279 -0.449489 -0.139797
vn 0.975821 0.154503 -0.154603
vn 0.882279 0.449489 -0.139797
vn 0.156397 0.987383 -0.024800
vn 0.408507 -0.888715 -0.208104
vn 0.795889 0.449594 -0.405494
vn 0.408507 0.888715 -0.208104
vn 0.324200 -0.888700 -0.324200
vn 0.503098 -0.702698 -0.503098
vn 0.631607 -0.449605 -0.631607
vn 0.707057 -0.000000 -0.707157
vn 0.698616 0.154504 -0.698616
vn 0.631607 0.449605 -0.631607
vn 0.503098 0.702698 -0.503098
vn 0.324200 0.888700 -0.324200
vn 0.323098 -0.702696 -0.633897
vn 0.322986 0.702770 -0.633873
vn 0.208104 0.888715 -0.408507
vn 0.071900 0.987395 -0.140999
vn 0.024800 -0.987383 -0.156397
vn 0.154603 -0.154503 -0.975821
vn 0.154603 0.154503 -0.975821
vn 0.024900 0.987380 -0.156397
vn -0.071698 -0.888679 -0.452889
vn -0.154603 -0.154503 -0.975821
vn -0.154603 0.154503 -0.975821
vn -0.139705 0.449615 -0.882230
vn -0.071698 0.888679 -0.452889
vn -0.024800 0.987383 -0.156397
vn -0.208208 -0.888733 -0.408415
vn -0.448511 -0.154504 -0.880322
vn -0.448511 0.154504 -0.880322
vn -0.208104 0.888715 -0.408507
vn -0.071899 0.987381 -0.141097
vn -0.111801 -0.987410 -0.111901
vn -0.324200 -0.888700 -0.324200
vn -0.503098 -0.702698 -0.503098
vn -0.631636 -0.449525 -0.631636
vn -0.698616 0.154504 -0.698616
vn -0.631607 0.449605 -0.631607
vn -0.503098 0.702698 -0.503098
vn -0.324200 0.888700 -0.324200
vn -0.111900 0.987399 -0.111900
vn -0.140999 -0.987395 -0.071900
vn -0.795889 -0.449594 -0.405494
vn -0.880308 -0.154601 -0.448504
vn -0.795889 0.449594 -0.405494
vn -0.408499 0.888697 -0.208199
vn -0.140999 0.987395 -0.071900
vn -0.975821 -0.154603 -0.154503
vn -0.975821 0.154603 -0.154503
vn -0.156399 0.987694 -0.000000
vn -0.975821 -0.154603 0.154503
vn -0.975836 0.154506 0.154506
vn -0.140999 -0.987395 0.071900
vn -0.408499 0.888697 0.208199
vn -0.111900 -0.987399 0.111900
vn -0.631636 -0.449525 0.631636
vn -0.631636 0.449525 0.631636
vn -0.111900 0.987399 0.111900
vn -0.071899 -0.987381 0.141097
vn -0.448511 -0.154504 0.880322
vn -0.448511 0.154504 0.880322
vn -0.071998 0.987374 0.141096
vn -0.024600 0.987388 0.156398
vn -0.000000 -0.993708 0.112001
vn -0.000000 -0.943879 0.330293
vn -0.000000 -0.846732 0.532020
vn -0.000000 -0.532020 0.846732
vn -0.000000 -0.330293 0.943879
vn -0.000000 -0.112001 0.993708
vn -0.000000 0.112001 0.993708
vn -0.000000 0.330293 0.943879
vn -0.000000 0.532020 0.846732
vn -0.000000 0.846732 0.532020
vn -0.000000 0.943879 0.330293
vn -0.000000 0.993708 0.112001
vn 0.013200 -0.993620 0.112002
vn 0.039199 -0.943170 0.329990
vn 0.063001 -0.845019 0.531012
vn 0.083604 -0.704631 0.704631
vn 0.099897 -0.529387 0.842479
vn 0.111204 -0.328212 0.938035
vn 0.116998 -0.111199 0.986887
vn 0.117804 -0.000000 0.993037
vn 0.116998 0.111199 0.986887
vn 0.111303 0.328209 0.938025
vn 0.099897 0.529387 0.842479
vn 0.083604 0.704631 0.704631
vn 0.063001 0.845019 0.531012
vn 0.039199 0.943170 0.329990
vn 0.013300 0.993630 0.111903
vn 0.039198 -0.993562 0.106296
vn 0.115402 -0.942615 0.313305
vn 0.185498 -0.843791 0.503595
vn 0.245906 -0.702817 0.667516
vn 0.293686 -0.527374 0.797261
vn 0.326691 -0.326691 0.886875
vn 0.343506 -0.110602 0.932615
vn 0.345594 -0.000000 0.938384
vn 0.343506 0.110602 0.932615
vn 0.326691 0.326691 0.886875
vn 0.293686 0.527374 0.797261
vn 0.245890 0.702770 0.667572
vn 0.185498 0.843791 0.503595
vn 0.115402 0.942615 0.313305
vn 0.039099 0.993565 0.106296
vn 0.063102 -0.993437 0.095404
vn 0.185705 -0.941627 0.280808
vn 0.298005 -0.841514 0.450608
vn 0.394218 -0.699532 0.596027
vn 0.469879 -0.523877 0.710469
vn 0.521891 -0.323994 0.789086
vn 0.548331 -0.109606 0.829047
vn 0.551674 -0.000000 0.834060
vn 0.548331 0.109606 0.829047
vn 0.521891 0.323994 0.789086
vn 0.469913 0.523914 0.710419
vn 0.394218 0.699532 0.596027
vn 0.298005 0.841514 0.450608
vn 0.185705 0.941627 0.280808
vn 0.063102 0.993437 0.095404
vn 0.083800 -0.993298 0.079600
vn 0.246504 -0.940417 0.234204
vn 0.394785 -0.838768 0.374985
vn 0.520904 -0.695506 0.494904
vn 0.619408 -0.519607 0.588508
vn 0.686712 -0.320806 0.652311
vn 0.720710 -0.108401 0.684709
vn 0.725024 -0.000000 0.688723
vn 0.720710 0.108401 0.684709
vn 0.686712 0.320806 0.652311
vn 0.619408 0.519607 0.588508
vn 0.520904 0.695506 0.494904
vn 0.394700 0.838801 0.375000
vn 0.246504 0.940417 0.234204
vn 0.083800 0.993298 0.079600
vn 0.100404 -0.993142 0.059903
vn 0.294803 -0.939210 0.176002
vn 0.471200 -0.836000 0.281200
vn 0.620241 -0.691546 0.370224
vn 0.735786 -0.515490 0.439192
vn 0.814205 -0.317602 0.486003
vn 0.853705 -0.107201 0.509603
vn 0.858647 -0.000000 0.512568
vn 0.853705 0.107201 0.509603
vn 0.814205 0.317602 0.486003
vn 0.735786 0.515490 0.439192
vn 0.620279 0.691477 0.370288
vn 0.471200 0.836000 0.281200
vn 0.294803 0.939210 0.176002
vn 0.100305 0.993152 0.059903
vn 0.111903 -0.993023 0.037201
vn 0.328285 -0.938258 0.109095
vn 0.523826 -0.833842 0.174109
vn 0.688300 -0.688400 0.228800
vn 0.815016 -0.512210 0.270905
vn 0.900568 -0.315189 0.299389
vn 0.943558 -0.106295 0.313686
vn 0.948923 -0.000000 0.315508
vn 0.943558 0.106295 0.313686
vn 0.900568 0.315189 0.299389
vn 0.815016 0.512210 0.270905
vn 0.688300 0.688400 0.228800
vn 0.523899 0.833798 0.174100
vn 0.328285 0.938258 0.109095
vn 0.111903 0.993023 0.037201
vn 0.117795 -0.992958 0.012599
vn 0.345408 -0.937723 0.037001
vn 0.550710 -0.832616 0.058901
vn 0.722805 -0.686704 0.077400
vn 0.855067 -0.510380 0.091497
vn 0.944092 -0.313797 0.101099
vn 0.988742 -0.105804 0.105804
vn 0.994323 -0.000000 0.106402
vn 0.988742 0.105804 0.105804
vn 0.944092 0.313797 0.101099
vn 0.855067 0.510380 0.091497
vn 0.722805 0.686704 0.077400
vn 0.550710 0.832616 0.058901
vn 0.345408 0.937723 0.037001
vn 0.117696 0.992970 0.012600
vn 0.117804 -0.993037 -0.000000
vn 0.345594 -0.938384 -0.000000
vn 0.551674 -0.834060 -0.000000
vn 0.724974 -0.688776 -0.000000
vn 0.858647 -0.512568 -0.000000
vn 0.948923 -0.315508 -0.000000
vn 0.994323 -0.106402 -0.000000
vn 0.994323 0.106402 -0.000000
vn 0.948923 0.315508 -0.000000
vn 0.858647 0.512568 -0.000000
vn 0.725024 0.688723 -0.000000
vn 0.551674 0.834060 -0.000000
vn 0.345594 0.938384 -0.000000
vn 0.117804 0.993037 -0.000000
vn 0.117795 -0.992958 -0.012599
vn 0.345408 -0.937723 -0.037001
vn 0.550710 -0.832616 -0.058901
vn 0.722805 -0.686704 -0.077400
vn 0.855067 -0.510380 -0.091497
vn 0.944092 -0.313797 -0.101099
vn 0.988742 -0.105804 -0.105804
vn 0.994323 -0.000000 -0.106402
vn 0.988742 0.105804 -0.105804
vn 0.944092 0.313797 -0.101099
vn 0.855067 0.510380 -0.091497
vn 0.722805 0.686704 -0.077400
vn 0.550710 0.832616 -0.058901
vn 0.345408 0.937723 -0.037001
vn 0.117696 0.992970 -0.012600
vn 0.111903 -0.993023 -0.037201
vn 0.328285 -0.938258 -0.109095
vn 0.523826 -0.833842 -0.174109
vn 0.688300 -0.688400 -0.228800
vn 0.815016 -0.512210 -0.270905
vn 0.900568 -0.315189 -0.299389
vn 0.943558 -0.106295 -0.313686
vn 0.948923 -0.000000 -0.315508
vn 0.943558 0.106295 -0.313686
vn 0.900568 0.315189 -0.299389
vn 0.815016 0.512210 -0.270905
vn 0.688300 0.688400 -0.228800
vn 0.523826 0.833842 -0.174109
vn 0.328285 0.938258 -0.109095
vn 0.111903 0.993023 -0.037201
vn 0.100404 -0.993142 -0.059903
vn 0.294808 -0.939226 -0.175905
vn 0.471200 -0.836000 -0.281200
vn 0.620302 -0.691503 -0.370201
vn 0.735786 -0.515490 -0.439192
vn 0.814205 -0.317602 -0.486003
vn 0.853705 -0.107201 -0.509603
vn 0.858647 -0.000000 -0.512568
vn 0.853705 0.107201 -0.509603
vn 0.814205 0.317602 -0.486003
vn 0.735786 0.515490 -0.439192
vn 0.620241 0.691546 -0.370224
vn 0.471200 0.836000 -0.281200
vn 0.294803 0.939210 -0.176002
vn 0.100404 0.993142 -0.059903
vn 0.083800 -0.993298 -0.079600
vn 0.246504 -0.940417 -0.234204
vn 0.394785 -0.838768 -0.374985
vn 0.520904 -0.695506 -0.494904
vn 0.619408 -0.519607 -0.588508
vn 0.686712 -0.320806 -0.652311
vn 0.720710 -0.108401 -0.684709
vn 0.724974 -0.000000 -0.688776
vn 0.720710 0.108401 -0.684709
vn 0.686712 0.320806 -0.652311
vn 0.619408 0.519607 -0.588508
vn 0.520904 0.695506 -0.494904
vn 0.394785 0.838768 -0.374985
vn 0.246504 0.940417 -0.234204
vn 0.083800 0.993298 -0.079600
vn 0.063202 -0.993430 -0.095403
vn 0.185705 -0.941627 -0.280808
vn 0.298005 -0.841514 -0.450608
vn 0.394218 -0.699532 -0.596027
vn 0.469879 -0.523877 -0.710469
vn 0.521891 -0.323994 -0.789086
vn 0.548331 -0.109606 -0.829047
vn 0.551674 -0.000000 -0.834060
vn 0.548331 0.109606 -0.829047
vn 0.521874 0.324084 -0.789061
vn 0.469913 0.523914 -0.710419
vn 0.394218 0.699532 -0.596027
vn 0.298005 0.841514 -0.450608
vn 0.185705 0.941627 -0.280808
vn 0.063102 0.993437 -0.095404
vn 0.039198 -0.993562 -0.106296
vn 0.115402 -0.942615 -0.313305
vn 0.185498 -0.843791 -0.503595
vn 0.245906 -0.702817 -0.667516
vn 0.293686 -0.527374 -0.797261
vn 0.326691 -0.326691 -0.886875
vn 0.343506 -0.110602 -0.932615
vn 0.345594 -0.000000 -0.938384
vn 0.343506 0.110602 -0.932615
vn 0.326691 0.326691 -0.886875
vn 0.293686 0.527374 -0.797261
vn 0.245890 0.702770 -0.667572
vn 0.185498 0.843791 -0.503595
vn 0.115402 0.942615 -0.313305
vn 0.039099 0.993565 -0.106296
vn 0.013300 -0.993630 -0.111903
vn 0.039099 -0.943174 -0.329991
vn 0.063001 -0.845019 -0.531012
vn 0.083604 -0.704631 -0.704631
vn 0.099897 -0.529387 -0.842479
vn 0.111303 -0.328209 -0.938025
vn 0.116998 -0.111199 -0.986887
vn 0.117804 -0.000000 -0.993037
vn 0.116998 0.111199 -0.986887
vn 0.111201 0.328302 -0.938005
vn 0.099897 0.529387 -0.842479
vn 0.083604 0.704631 -0.704631
vn 0.063001 0.845019 -0.531012
vn 0.039099 0.943174 -0.329991
vn 0.013300 0.993630 -0.111903
vn -0.000000 -0.993708 -0.112001
vn -0.000000 -0.943879 -0.330293
vn -0.000000 -0.846732 -0.532020
vn -0.000000 -0.532020 -0.846732
vn -0.000000 -0.330293 -0.943879
vn -0.000000 -0.112001 -0.993708
vn -0.000000 0.112001 -0.993708
vn -0.000000 0.330293 -0.943879
vn -0.000000 0.532020 -0.846732
vn -0.000000 0.846732 -0.532020
vn -0.000000 0.943879 -0.330293
vn -0.000000 0.993708 -0.112001
vn -0.013300 -0.993619 -0.112002
vn -0.039098 -0.943143 -0.330080
vn -0.063001 -0.845019 -0.531012
vn -0.083598 -0.704682 -0.704582
vn -0.099897 -0.529387 -0.842479
vn -0.111303 -0.328209 -0.938025
vn -0.116998 -0.111199 -0.986887
vn -0.117804 -0.000000 -0.993037
vn -0.116998 0.111199 -0.986887
vn -0.111201 0.328302 -0.938005
vn -0.099897 0.529387 -0.842479
vn -0.083604 0.704631 -0.704631
vn -0.063001 0.845019 -0.531012
vn -0.039099 0.943174 -0.329991
vn -0.013300 0.993630 -0.111903
vn -0.039198 -0.993562 -0.106296
vn -0.115402 -0.942615 -0.313305
vn -0.185498 -0.843791 -0.503595
vn -0.245890 -0.702770 -0.667572
vn -0.293686 -0.527374 -0.797261
vn -0.326691 -0.326691 -0.886875
vn -0.343506 -0.110602 -0.932615
vn -0.345594 -0.000000 -0.938384
vn -0.343506 0.110602 -0.932615
vn -0.326691 0.326691 -0.886875
vn -0.293686 0.527374 -0.797261
vn -0.245890 0.702770 -0.667572
vn -0.185498 0.843791 -0.503595
vn -0.115402 0.942615 -0.313305
vn -0.039099 0.993565 -0.106296
vn -0.063202 -0.993430 -0.095403
vn -0.185710 -0.941653 -0.280716
vn -0.298005 -0.841514 -0.450608
vn -0.394218 -0.699532 -0.596027
vn -0.469879 -0.523877 -0.710469
vn -0.521891 -0.323994 -0.789086
vn -0.548331 -0.109606 -0.829047
vn -0.551674 -0.000000 -0.834060
vn -0.548331 0.109606 -0.829047
vn -0.521874 0.324084 -0.789061
vn -0.469913 0.523914 -0.710419
vn -0.394194 0.699490 -0.596091
vn -0.298005 0.841514 -0.450608
vn -0.185710 0.941653 -0.280716
vn -0.063102 0.993437 -0.095404
vn -0.083800 -0.993298 -0.079600
vn -0.246504 -0.940417 -0.234204
vn -0.394818 -0.838738 -0.375017
vn -0.520904 -0.695506 -0.494904
vn -0.619507 -0.519605 -0.588406
vn -0.686712 -0.320806 -0.652311
vn -0.720710 -0.108401 -0.684709
vn -0.725024 -0.000000 -0.688723
vn -0.720710 0.108401 -0.684709
vn -0.686712 0.320806 -0.652311
vn -0.619408 0.519607 -0.588508
vn -0.520904 0.695506 -0.494904
vn -0.394785 0.838768 -0.374985
vn -0.246504 0.940417 -0.234204
vn -0.083800 0.993298 -0.079600
vn -0.100305 -0.993152 -0.059903
vn -0.294803 -0.939210 -0.176002
vn -0.471200 -0.836000 -0.281200
vn -0.620241 -0.691546 -0.370224
vn -0.735786 -0.515490 -0.439192
vn -0.814205 -0.317602 -0.486003
vn -0.853705 -0.107201 -0.509603
vn -0.858647 -0.000000 -0.512568
vn -0.853705 0.107201 -0.509603
vn -0.814205 0.317602 -0.486003
vn -0.735786 0.515490 -0.439192
vn -0.620302 0.691503 -0.370201
vn -0.471200 0.836000 -0.281200
vn -0.294803 0.939210 -0.176002
vn -0.100404 0.993142 -0.059903
vn -0.111903 -0.993023 -0.037201
vn -0.328285 -0.938258 -0.109095
vn -0.523826 -0.833842 -0.174109
vn -0.688300 -0.688400 -0.228800
vn -0.815016 -0.512210 -0.270905
vn -0.900568 -0.315189 -0.299389
vn -0.943558 -0.106295 -0.313686
vn -0.948953 -0.000000 -0.315418
vn -0.943558 0.106295 -0.313686
vn -0.900568 0.315189 -0.299389
vn -0.815016 0.512210 -0.270905
vn -0.688300 0.688400 -0.228800
vn -0.523899 0.833798 -0.174100
vn -0.328285 0.938258 -0.109095
vn -0.111903 0.993023 -0.037201
vn -0.117795 -0.992958 -0.012599
vn -0.345408 -0.937723 -0.037001
vn -0.550710 -0.832616 -0.058901
vn -0.722810 -0.686710 -0.077301
vn -0.855067 -0.510380 -0.091497
vn -0.944102 -0.313801 -0.101000
vn -0.988742 -0.105804 -0.105804
vn -0.994323 -0.000000 -0.106402
vn -0.988742 0.105804 -0.105804
vn -0.944092 0.313797 -0.101099
vn -0.855067 0.510380 -0.091497
vn -0.722810 0.686710 -0.077301
vn -0.550710 0.832616 -0.058901
vn -0.345408 0.937723 -0.037001
vn -0.117696 0.992970 -0.012600
vn -0.117804 -0.993037 -0.000000
vn -0.345594 -0.938384 -0.000000
vn -0.551674 -0.834060 -0.000000
vn -0.725024 -0.688723 -0.000000
vn -0.858647 -0.512568 -0.000000
vn -0.948923 -0.315508 -0.000000
vn -0.994323 -0.106402 -0.000000
vn -0.994323 0.106402 -0.000000
vn -0.948923 0.315508 -0.000000
vn -0.858647 0.512568 -0.000000
vn -0.725024 0.688723 -0.000000
vn -0.551674 0.834060 -0.000000
vn -0.345594 0.938384 -0.000000
vn -0.117804 0.993037 -0.000000
vn -0.117795 -0.992958 0.012599
vn -0.345408 -0.937723 0.037001
vn -0.550710 -0.832616 0.058901
vn -0.722805 -0.686704 0.077400
vn -0.855067 -0.510380 0.091497
vn -0.944102 -0.313801 0.101000
vn -0.988742 -0.105804 0.105804
vn -0.994323 -0.000000 0.106402
vn -0.988742 0.105804 0.105804
vn -0.944092 0.313797 0.101099
vn -0.855067 0.510380 0.091497
vn -0.722810 0.686710 0.077301
vn -0.550710 0.832616 0.058901
vn -0.345408 0.937723 0.037001
vn -0.117696 0.992970 0.012600
vn -0.111903 -0.993023 0.037201
vn -0.328285 -0.938258 0.109095
vn -0.523826 -0.833842 0.174109
vn -0.688300 -0.688400 0.228800
vn -0.815016 -0.512210 0.270905
vn -0.900568 -0.315189 0.299389
vn -0.943558 -0.106295 0.313686
vn -0.948953 -0.000000 0.315418
vn -0.943558 0.106295 0.313686
vn -0.900568 0.315189 0.299389
vn -0.815016 0.512210 0.270905
vn -0.688300 0.688400 0.228800
vn -0.523826 0.833842 0.174109
vn -0.328285 0.938258 0.109095
vn -0.111903 0.993023 0.037201
vn -0.100404 -0.993142 0.059903
vn -0.294803 -0.939210 0.176002
vn -0.471200 -0.836000 0.281200
vn -0.620302 -0.691503 0.370201
vn -0.735786 -0.515490 0.439192
vn -0.814205 -0.317602 0.486003
vn -0.853705 -0.107201 0.509603
vn -0.858647 -0.000000 0.512568
vn -0.853705 0.107201 0.509603
vn -0.814205 0.317602 0.486003
vn -0.735786 0.515490 0.439192
vn -0.620302 0.691503 0.370201
vn -0.471200 0.836000 0.281200
vn -0.294803 0.939210 0.176002
vn -0.100305 0.993152 0.059903
vn -0.083800 -0.993298 0.079600
vn -0.246504 -0.940417 0.234204
vn -0.394785 -0.838768 0.374985
vn -0.520904 -0.695506 0.494904
vn -0.619408 -0.519607 0.588508
vn -0.686667 -0.320785 0.652369
vn -0.720710 -0.108401 0.684709
vn -0.725024 -0.000000 0.688723
vn -0.720710 0.108401 0.684709
vn -0.686712 0.320806 0.652311
vn -0.619408 0.519607 0.588508
vn -0.520904 0.695506 0.494904
vn -0.394785 0.838768 0.374985
vn -0.246504 0.940417 0.234204
vn -0.083800 0.993298 0.079600
vn -0.063102 -0.993437 0.095404
vn -0.185710 -0.941653 0.280716
vn -0.298005 -0.841514 0.450608
vn -0.394218 -0.699532 0.596027
vn -0.469879 -0.523877 0.710469
vn -0.521891 -0.323994 0.789086
vn -0.548331 -0.109606 0.829047
vn -0.551674 -0.000000 0.834060
vn -0.548331 0.109606 0.829047
vn -0.521891 0.323994 0.789086
vn -0.469913 0.523914 0.710419
vn -0.394194 0.699490 0.596091
vn -0.298005 0.841514 0.450608
vn -0.185710 0.941653 0.280716
vn -0.063102 0.993437 0.095404
vn -0.039198 -0.993562 0.106296
vn -0.115402 -0.942615 0.313305
vn -0.185498 -0.843791 0.503595
vn -0.245890 -0.702770 0.667572
vn -0.293686 -0.527374 0.797261
vn -0.326691 -0.326691 0.886875
vn -0.343506 -0.110602 0.932615
vn -0.345594 -0.000000 0.938384
vn -0.343506 0.110602 0.932615
vn -0.326691 0.326691 0.886875
vn -0.293686 0.527374 0.797261
vn -0.245890 0.702770 0.667572
vn -0.185498 0.843791 0.503595
vn -0.115402 0.942615 0.313305
vn -0.039099 0.993565 0.106296
vn -0.013200 -0.993620 0.112002
vn -0.039199 -0.943170 0.329990
vn -0.063001 -0.845019 0.531012
vn -0.083598 -0.704682 0.704582
vn -0.099897 -0.529387 0.842479
vn -0.111303 -0.328209 0.938025
vn -0.116998 -0.111199 0.986887
vn -0.117804 -0.000000 0.993037
vn -0.116998 0.111199 0.986887
vn -0.111303 0.328209 0.938025
vn -0.099897 0.529387 0.842479
vn -0.083604 0.704631 0.704631
vn -0.063001 0.845019 0.531012
vn -0.039199 0.943170 0.329990
vn -0.013300 0.993630 0.111903
vn 0.012600 -0.993628 0.112003
vn 0.037202 -0.943242 0.330015
vn 0.059800 -0.845197 0.531098
vn 0.079397 -0.704874 0.704874
vn 0.095001 -0.529605 0.842908
vn 0.105799 -0.328398 0.938595
vn 0.111304 -0.111304 0.987534
vn 0.112001 -0.000000 0.993708
vn 0.111304 0.111304 0.987534
vn 0.105799 0.328398 0.938595
vn 0.095001 0.529605 0.842908
vn 0.079397 0.704874 0.704874
vn 0.059800 0.845197 0.531098
vn 0.037202 0.943242 0.330015
vn 0.012600 0.993639 0.111904
vn 0.037201 -0.993638 0.106304
vn 0.109703 -0.943227 0.313509
vn 0.176506 -0.845228 0.504416
vn 0.234299 -0.704896 0.669496
vn 0.280207 -0.529614 0.800621
vn 0.312006 -0.328406 0.891517
vn 0.328209 -0.111303 0.938025
vn 0.330293 -0.000000 0.943879
vn 0.328209 0.111303 0.938025
vn 0.312006 0.328406 0.891517
vn 0.280207 0.529614 0.800621
vn 0.234299 0.704896 0.669496
vn 0.176506 0.845228 0.504416
vn 0.109703 0.943227 0.313509
vn 0.037201 0.993638 0.106304
vn 0.059902 -0.993635 0.095403
vn 0.176707 -0.943237 0.281211
vn 0.284308 -0.845223 0.452512
vn 0.377393 -0.704888 0.600589
vn 0.451309 -0.529611 0.718215
vn 0.502492 -0.328395 0.799787
vn 0.528691 -0.111298 0.841486
vn 0.532020 -0.000000 0.846732
vn 0.528691 0.111298 0.841486
vn 0.502492 0.328395 0.799787
vn 0.451309 0.529611 0.718215
vn 0.377393 0.704888 0.600589
vn 0.284308 0.845223 0.452512
vn 0.176707 0.943237 0.281211
vn 0.059902 0.993635 0.095403
vn 0.079603 -0.993635 0.079703
vn 0.234813 -0.943253 0.234813
vn 0.377904 -0.845209 0.377904
vn 0.501578 -0.704869 0.501578
vn 0.599801 -0.529601 0.599801
vn 0.667891 -0.328396 0.667891
vn 0.702713 -0.111302 0.702713
vn 0.702713 0.111302 0.702713
vn 0.667891 0.328396 0.667891
vn 0.599801 0.529601 0.599801
vn 0.501578 0.704869 0.501578
vn 0.377904 0.845209 0.377904
vn 0.234908 0.943231 0.234808
vn 0.079603 0.993635 0.079703
vn 0.095403 -0.993635 0.059902
vn 0.281211 -0.943237 0.176707
vn 0.452512 -0.845223 0.284308
vn 0.600589 -0.704888 0.377393
vn 0.718215 -0.529611 0.451309
vn 0.799787 -0.328395 0.502492
vn 0.841486 -0.111298 0.528691
vn 0.846732 -0.000000 0.532020
vn 0.841486 0.111298 0.528691
vn 0.799787 0.328395 0.502492
vn 0.718215 0.529611 0.451309
vn 0.600589 0.704888 0.377393
vn 0.452512 0.845223 0.284308
vn 0.281211 0.943237 0.176707
vn 0.095403 0.993635 0.059902
vn 0.106304 -0.993638 0.037201
vn 0.313509 -0.943227 0.109703
vn 0.504416 -0.845228 0.176506
vn 0.669496 -0.704896 0.234299
vn 0.800643 -0.529628 0.280115
vn 0.891517 -0.328406 0.312006
vn 0.938025 -0.111303 0.328209
vn 0.943879 -0.000000 0.330293
vn 0.938025 0.111303 0.328209
vn 0.891517 0.328406 0.312006
vn 0.800643 0.529628 0.280115
vn 0.669496 0.704896 0.234299
vn 0.504491 0.845185 0.176497
vn 0.313509 0.943227 0.109703
vn 0.106403 0.993627 0.037201
vn 0.112003 -0.993628 0.012600
vn 0.330015 -0.943242 0.037202
vn 0.531098 -0.845197 0.059800
vn 0.704874 -0.704874 0.079397
vn 0.842908 -0.529605 0.095001
vn 0.938595 -0.328398 0.105799
vn 0.987534 -0.111304 0.111304
vn 0.993708 -0.000000 0.112001
vn 0.987534 0.111304 0.111304
vn 0.938595 0.328398 0.105799
vn 0.842908 0.529605 0.095001
vn 0.704874 0.704874 0.079397
vn 0.531098 0.845197 0.059800
vn 0.330015 0.943242 0.037202
vn 0.111904 0.993639 0.012600
vn 0.112001 -0.993708 -0.000000
vn 0.330293 -0.943879 -0.000000
vn 0.532020 -0.846732 -0.000000
vn 0.846732 -0.532020 -0.000000
vn 0.943879 -0.330293 -0.000000
vn 0.993708 -0.112001 -0.000000
vn 0.993708 0.112001 -0.000000
vn 0.943879 0.330293 -0.000000
vn 0.846732 0.532020 -0.000000
vn 0.532020 0.846732 -0.000000
vn 0.330293 0.943879 -0.000000
vn 0.112001 0.993708 -0.000000
vn 0.112003 -0.993628 -0.012600
vn 0.330104 -0.943211 -0.037200
vn 0.531098 -0.845197 -0.059800
vn 0.704874 -0.704874 -0.079397
vn 0.842908 -0.529605 -0.095001
vn 0.938595 -0.328398 -0.105799
vn 0.987534 -0.111304 -0.111304
vn 0.993708 -0.000000 -0.112001
vn 0.987534 0.111304 -0.111304
vn 0.938595 0.328398 -0.105799
vn 0.842908 0.529605 -0.095001
vn 0.704874 0.704874 -0.079397
vn 0.531098 0.845197 -0.059800
vn 0.330104 0.943211 -0.037200
vn 0.111904 0.993639 -0.012600
vn 0.106304 -0.993638 -0.037201
vn 0.313509 -0.943227 -0.109703
vn 0.504491 -0.845185 -0.176497
vn 0.669496 -0.704896 -0.234299
vn 0.800643 -0.529628 -0.280115
vn 0.891517 -0.328406 -0.312006
vn 0.938025 -0.111303 -0.328209
vn 0.943879 -0.000000 -0.330293
vn 0.938025 0.111303 -0.328209
vn 0.891517 0.328406 -0.312006
vn 0.800621 0.529614 -0.280207
vn 0.669496 0.704896 -0.234299
vn 0.504491 0.845185 -0.176497
vn 0.313509 0.943227 -0.109703
vn 0.106304 0.993638 -0.037201
vn 0.095403 -0.993629 -0.060002
vn 0.281211 -0.943237 -0.176707
vn 0.452512 -0.845223 -0.284308
vn 0.600589 -0.704888 -0.377393
vn 0.718215 -0.529611 -0.451309
vn 0.799787 -0.328395 -0.502492
vn 0.841486 -0.111298 -0.528691
vn 0.846732 -0.000000 -0.532020
vn 0.841486 0.111298 -0.528691
vn 0.799787 0.328395 -0.502492
vn 0.718215 0.529611 -0.451309
vn 0.600589 0.704888 -0.377393
vn 0.452512 0.845223 -0.284308
vn 0.281211 0.943237 -0.176707
vn 0.095403 0.993629 -0.060002
vn 0.079603 -0.993635 -0.079703
vn 0.234808 -0.943231 -0.234908
vn 0.377904 -0.845209 -0.377904
vn 0.501578 -0.704869 -0.501578
vn 0.599801 -0.529601 -0.599801
vn 0.667891 -0.328396 -0.667891
vn 0.702713 -0.111302 -0.702713
vn 0.702713 0.111302 -0.702713
vn 0.667891 0.328396 -0.667891
vn 0.599801 0.529601 -0.599801
vn 0.501578 0.704869 -0.501578
vn 0.377904 0.845209 -0.377904
vn 0.234813 0.943253 -0.234813
vn 0.079603 0.993635 -0.079703
vn 0.060002 -0.993629 -0.095403
vn 0.176707 -0.943237 -0.281211
vn 0.284308 -0.845223 -0.452512
vn 0.377393 -0.704888 -0.600589
vn 0.451309 -0.529611 -0.718215
vn 0.502492 -0.328395 -0.799787
vn 0.528691 -0.111298 -0.841486
vn 0.532020 -0.000000 -0.846732
vn 0.528691 0.111298 -0.841486
vn 0.502515 0.328510 -0.799725
vn 0.451309 0.529611 -0.718215
vn 0.377420 0.704837 -0.600632
vn 0.284308 0.845223 -0.452512
vn 0.176707 0.943237 -0.281211
vn 0.059902 0.993635 -0.095403
vn 0.037201 -0.993638 -0.106304
vn 0.109703 -0.943227 -0.313509
vn 0.176506 -0.845228 -0.504416
vn 0.234299 -0.704896 -0.669496
vn 0.280207 -0.529614 -0.800621
vn 0.312006 -0.328406 -0.891517
vn 0.328209 -0.111303 -0.938025
vn 0.330293 -0.000000 -0.943879
vn 0.328209 0.111303 -0.938025
vn 0.312006 0.328406 -0.891517
vn 0.280207 0.529614 -0.800621
vn 0.234299 0.704896 -0.669496
vn 0.176506 0.845228 -0.504416
vn 0.109703 0.943227 -0.313509
vn 0.037201 0.993638 -0.106304
vn 0.012600 -0.993628 -0.112003
vn 0.037200 -0.943211 -0.330104
vn 0.059800 -0.845197 -0.531098
vn 0.079397 -0.704874 -0.704874
vn 0.095001 -0.529605 -0.842908
vn 0.105799 -0.328398 -0.938595
vn 0.111304 -0.111304 -0.987534
vn 0.112001 -0.000000 -0.993708
vn 0.111304 0.111304 -0.987534
vn 0.105697 0.328491 -0.938574
vn 0.095001 0.529605 -0.842908
vn 0.079397 0.704874 -0.704874
vn 0.059899 0.845192 -0.531095
vn 0.037202 0.943242 -0.330015
vn 0.012600 0.993639 -0.111904
vn -0.012600 -0.993628 -0.112003
vn -0.037200 -0.943211 -0.330104
vn -0.059800 -0.845197 -0.531098
vn -0.079397 -0.704874 -0.704874
vn -0.095001 -0.529605 -0.842908
vn -0.105799 -0.328398 -0.938595
vn -0.111304 -0.111304 -0.987534
vn -0.112001 -0.000000 -0.993708
vn -0.111304 0.111304 -0.987534
vn -0.105701 0.328402 -0.938605
vn -0.095001 0.529605 -0.842908
vn -0.079397 0.704874 -0.704874
vn -0.059899 0.845192 -0.531095
vn -0.037200 0.943211 -0.330104
vn -0.012600 0.993639 -0.111904
vn -0.037201 -0.993638 -0.106304
vn -0.109703 -0.943227 -0.313509
vn -0.176506 -0.845228 -0.504416
vn -0.234299 -0.704896 -0.669496
vn -0.280207 -0.529614 -0.800621
vn -0.312006 -0.328406 -0.891517
vn -0.328209 -0.111303 -0.938025
vn -0.330293 -0.000000 -0.943879
vn -0.328209 0.111303 -0.938025
vn -0.312006 0.328406 -0.891517
vn -0.280207 0.529614 -0.800621
vn -0.234299 0.704896 -0.669496
vn -0.176506 0.845228 -0.504416
vn -0.109703 0.943227 -0.313509
vn -0.037201 0.993638 -0.106304
vn -0.060002 -0.993629 -0.095403
vn -0.176707 -0.943237 -0.281211
vn -0.284308 -0.845223 -0.452512
vn -0.377393 -0.704888 -0.600589
vn -0.451309 -0.529611 -0.718215
vn -0.502492 -0.328395 -0.799787
vn -0.528691 -0.111298 -0.841486
vn -0.532020 -0.000000 -0.846732
vn -0.528691 0.111298 -0.841486
vn -0.502515 0.328510 -0.799725
vn -0.451309 0.529611 -0.718215
vn -0.377393 0.704888 -0.600589
vn -0.284308 0.845223 -0.452512
vn -0.176804 0.943220 -0.281206
vn -0.059902 0.993635 -0.095403
vn -0.079603 -0.993635 -0.079703
vn -0.234902 -0.943208 -0.234902
vn -0.377904 -0.845209 -0.377904
vn -0.501578 -0.704869 -0.501578
vn -0.599801 -0.529601 -0.599801
vn -0.667891 -0.328396 -0.667891
vn -0.702713 -0.111302 -0.702713
vn -0.702713 0.111302 -0.702713
vn -0.667891 0.328396 -0.667891
vn -0.599801 0.529601 -0.599801
vn -0.501578 0.704869 -0.501578
vn -0.377904 0.845209 -0.377904
vn -0.234908 0.943231 -0.234808
vn -0.079603 0.993643 -0.079603
vn -0.095403 -0.993629 -0.060002
vn -0.281211 -0.943237 -0.176707
vn -0.452512 -0.845223 -0.284308
vn -0.600589 -0.704888 -0.377393
vn -0.718215 -0.529611 -0.451309
vn -0.799787 -0.328395 -0.502492
vn -0.841486 -0.111298 -0.528691
vn -0.846732 -0.000000 -0.532020
vn -0.841486 0.111298 -0.528691
vn -0.799787 0.328395 -0.502492
vn -0.718215 0.529611 -0.451309
vn -0.600589 0.704888 -0.377393
vn -0.452512 0.845223 -0.284308
vn -0.281211 0.943237 -0.176707
vn -0.095403 0.993629 -0.060002
vn -0.106304 -0.993638 -0.037201
vn -0.313509 -0.943227 -0.109703
vn -0.504416 -0.845228 -0.176506
vn -0.669496 -0.704896 -0.234299
vn -0.800643 -0.529628 -0.280115
vn -0.891517 -0.328406 -0.312006
vn -0.938025 -0.111303 -0.328209
vn -0.943879 -0.000000 -0.330293
vn -0.938025 0.111303 -0.328209
vn -0.891517 0.328406 -0.312006
vn -0.800621 0.529614 -0.280207
vn -0.669496 0.704896 -0.234299
vn -0.504491 0.845185 -0.176497
vn -0.313509 0.943227 -0.109703
vn -0.106403 0.993627 -0.037201
vn -0.112003 -0.993628 -0.012600
vn -0.330104 -0.943211 -0.037200
vn -0.531098 -0.845197 -0.059800
vn -0.704874 -0.704874 -0.079397
vn -0.842908 -0.529605 -0.095001
vn -0.938595 -0.328398 -0.105799
vn -0.987534 -0.111304 -0.111304
vn -0.993708 -0.000000 -0.112001
vn -0.987534 0.111304 -0.111304
vn -0.938595 0.328398 -0.105799
vn -0.842908 0.529605 -0.095001
vn -0.704874 0.704874 -0.079397
vn -0.531098 0.845197 -0.059800
vn -0.330104 0.943211 -0.037200
vn -0.111904 0.993639 -0.012600
vn -0.112001 -0.993708 -0.000000
vn -0.330293 -0.943879 -0.000000
vn -0.532020 -0.846732 -0.000000
vn -0.846732 -0.532020 -0.000000
vn -0.943879 -0.330293 -0.000000
vn -0.993708 -0.112001 -0.000000
vn -0.993708 0.112001 -0.000000
vn -0.943879 0.330293 -0.000000
vn -0.846732 0.532020 -0.000000
vn -0.532020 0.846732 -0.000000
vn -0.330293 0.943879 -0.000000
vn -0.112001 0.993708 -0.000000
vn -0.112003 -0.993628 0.012600
vn -0.330015 -0.943242 0.037202
vn -0.531098 -0.845197 0.059800
vn -0.704874 -0.704874 0.079397
vn -0.842908 -0.529605 0.095001
vn -0.938595 -0.328398 0.105799
vn -0.987534 -0.111304 0.111304
vn -0.993708 -0.000000 0.112001
vn -0.987534 0.111304 0.111304
vn -0.938595 0.328398 0.105799
vn -0.842908 0.529605 0.095001
vn -0.704874 0.704874 0.079397
vn -0.531098 0.845197 0.059800
vn -0.330015 0.943242 0.037202
vn -0.111904 0.993639 0.012600
vn -0.106304 -0.993638 0.037201
vn -0.313509 -0.943227 0.109703
vn -0.504416 -0.845228 0.176506
vn -0.669496 -0.704896 0.234299
vn -0.800643 -0.529628 0.280115
vn -0.891517 -0.328406 0.312006
vn -0.938025 -0.111303 0.328209
vn -0.943879 -0.000000 0.330293
vn -0.938025 0.111303 0.328209
vn -0.891517 0.328406 0.312006
vn -0.800621 0.529614 0.280207
vn -0.669496 0.704896 0.234299
vn -0.504491 0.845185 0.176497
vn -0.313509 0.943227 0.109703
vn -0.106403 0.993627 0.037201
vn -0.095403 -0.993635 0.059902
vn -0.281211 -0.943237 0.176707
vn -0.452512 -0.845223 0.284308
vn -0.600589 -0.704888 0.377393
vn -0.718215 -0.529611 0.451309
vn -0.799787 -0.328395 0.502492
vn -0.841486 -0.111298 0.528691
vn -0.846732 -0.000000 0.532020
vn -0.841486 0.111298 0.528691
vn -0.799787 0.328395 0.502492
vn -0.718215 0.529611 0.451309
vn -0.600589 0.704888 0.377393
vn -0.452512 0.845223 0.284308
vn -0.281211 0.943237 0.176707
vn -0.095403 0.993635 0.059902
vn -0.079603 -0.993635 0.079703
vn -0.234902 -0.943208 0.234902
vn -0.377904 -0.845209 0.377904
vn -0.501578 -0.704869 0.501578
vn -0.599801 -0.529601 0.599801
vn -0.667891 -0.328396 0.667891
vn -0.702713 -0.111302 0.702713
vn -0.702713 0.111302 0.702713
vn -0.667891 0.328396 0.667891
vn -0.599801 0.529601 0.599801
vn -0.501578 0.704869 0.501578
vn -0.377904 0.845209 0.377904
vn -0.234902 0.943208 0.234902
vn -0.079603 0.993635 0.079703
vn -0.059902 -0.993635 0.095403
vn -0.176707 -0.943237 0.281211
vn -0.284308 -0.845223 0.452512
vn -0.377393 -0.704888 0.600589
vn -0.451309 -0.529611 0.718215
vn -0.502492 -0.328395 0.799787
vn -0.528691 -0.111298 0.841486
vn -0.532020 -0.000000 0.846732
vn -0.528691 0.111298 0.841486
vn -0.502492 0.328395 0.799787
vn -0.451309 0.529611 0.718215
vn -0.377393 0.704888 0.600589
vn -0.284308 0.845223 0.452512
vn -0.176707 0.943237 0.281211
vn -0.059902 0.993635 0.095403
vn -0.037201 -0.993638 0.106304
vn -0.109703 -0.943227 0.313509
vn -0.176506 -0.845228 0.504416
vn -0.234299 -0.704896 0.669496
vn -0.280207 -0.529614 0.800621
vn -0.312006 -0.328406 0.891517
vn -0.328209 -0.111303 0.938025
vn -0.330293 -0.000000 0.943879
vn -0.328209 0.111303 0.938025
vn -0.312006 0.328406 0.891517
vn -0.280207 0.529614 0.800621
vn -0.234299 0.704896 0.669496
vn -0.176506 0.845228 0.504416
vn -0.109703 0.943227 0.313509
vn -0.037201 0.993638 0.106304
vn -0.012600 -0.993628 0.112003
vn -0.037200 -0.943211 0.330104
vn -0.059800 -0.845197 0.531098
vn -0.079397 -0.704874 0.704874
vn -0.095001 -0.529605 0.842908
vn -0.105799 -0.328398 0.938595
vn -0.111304 -0.111304 0.987534
vn -0.112001 -0.000000 0.993708
vn -0.111304 0.111304 0.987534
vn -0.105799 0.328398 0.938595
vn -0.095001 0.529605 0.842908
vn -0.079397 0.704874 0.704874
vn -0.059800 0.845197 0.531098
vn -0.037200 0.943211 0.330104
vn -0.012600 0.993639 0.111904
s 0
usemtl wood
f 4//1 28//1 27//1 3//1
f 5//2 29//2 28//2 4//2
f 6//3 30//3 29//3 5//3
f 7//4 31//4 30//4 6//4
f 8//5 32//5 31//5 7//5
f 9//6 33//6 32//6 8//6
f 10//7 34//7 33//7 9//7
f 11//8 35//8 34//8 10//8
f 12//9 36//9 35//9 11//9
f 13//10 37//10 36//10 12//10
f 14//11 38//11 37//11 13//11
f 15//12 39//12 38//12 14//12
f 16//13 40//13 39//13 15//13
f 17//14 41//14 40//14 16//14
f 18//15 42//15 41//15 17//15
f 19//16 43//16 42//16 18//16
f 20//17 44//17 43//17 19//17
f 21//18 45//18 44//18 20//18
f 22//19 46//19 45//19 21//19
f 23//20 47//20 46//20 22//20
f 24//21 48//21 47//21 23//21
f 25//22 49//22 48//22 24//22
f 26//23 50//23 49//23 25//23
f 3//24 27//24 50//24 26//24
f 28//25 52//25 51//25 27//25
f 29//26 53//26 52//26 28//26
f 30//27 54//27 53//27 29//27
f 31//28 55//28 54//28 30//28
f 32//29 56//29 55//29 31//29
f 33//30 57//30 56//30 32//30
f 34//31 58//31 57//31 33//31
f 35//32 59//32 58//32 34//32
f 36//33 60//33 59//33 35//33
f 37//34 61//34 60//34 36//34
f 38//35 62//35 61//35 37//35
f 39//36 63//36 62//36 38//36
f 40//37 64//37 63//37 39//37
f 41//38 65//38 64//38 40//38
f 42//39 66//39 65//39 41//39
f 43//40 67//40 66//40 42//40
f 44//41 68//41 67//41 43//41
f 45//42 69//42 68//42 44//42
f 46//43 70//43 69//43 45//43
f 47//44 71//44 70//44 46//44
f 48//45 72//45 71//45 47//45
f 49//46 73//46 72//46 48//46
f 50//47 74//47 73//47 49//47
f 27//48 51//48 74//48 50//48
f 52//49 76//49 75//49 51//49
f 53//50 77//50 76//50 52//50
f 54//51 78//51 77//51 53//51
f 55//52 79//52 78//52 54//52
f 56//53 80//53 79//53 55//53
f 57//54 81//54 80//54 56//54
f 58//55 82//55 81//55 57//55
f 59//56 83//56 82//56 58//56
f 60//57 84//57 83//57 59//57
f 61//58 85//58 84//58 60//58
f 62//59 86//59 85//59 61//59
f 63//60 87//60 86//60 62//60
f 64//61 88//61 87//61 63//61
f 65//62 89//62 88//62 64//62
f 66//63 90//63 89//63 65//63
f 67//64 91//64 90//64 66//64
f 68//65 92//65 91//65 67//65
f 69//66 93//66 92//66 68//66
f 70//67 94//67 93//67 69//67
f 71//68 95//68 94//68 70//68
f 72//69 96//69 95//69 71//69
f 73//70 97//70 96//70 72//70
f 74//71 98//71 97//71 73//71
f 51//72 75//72 98//72 74//72
f 76//73 100//73 99//73 75//73
f 77//74 101//74 100//74 76//74
f 78//75 102//75 101//75 77//75
f 79//76 103//76 102//76 78//76
f 80//77 104//77 103//77 79//77
f 81//78 105//78 104//78 80//78
f 82//79 106//79 105//79 81//79
f 83//80 107//80 106//80 82//80
f 84//81 108//81 107//81 83//81
f 85//82 109//82 108//82 84//82
f 86//83 110//83 109//83 85//83
f 87//84 111//84 110//84 86//84
f 88//85 112//85 111//85 87//85
f 89//86 113//86 112//86 88//86
f 90//87 114//87 113//87 89//87
f 91//88 115//88 114//88 90//88
f 92//89 116//89 115//89 91//89
f 93//90 117//90 116//90 92//90
f 94//91 118//91 117//91 93//91
f 95//92 119//92 118//92 94//92
f 96//93 120//93 119//93 95//93
f 97//94 121//94 120//94 96//94
f 98//95 122//95 121//95 97//95
f 75//96 99//96 122//96 98//96
f 100//97 124//97 123//97 99//97
f 101//98 125//98 124//98 100//98
f 102//99 126//99 125//99 101//99
f 103//100 127//100 126//100 102//100
f 104//101 128//101 127//101 103//101
f 105//102 129//102 128//102 104//102
f 106//103 130//103 129//103 105//103
f 107//104 131//104 130//104 106//104
f 108//105 132//105 131//105 107//105
f 109//106 133//106 132//106 108//106
f 110//107 134//107 133//107 109//107
f 111//108 135//108 134//108 110//108
f 112//109 136//109 135//109 111//109
f 113//110 137//110 136//110 112//110
f 114//111 138//111 137//111 113//111
f 115//112 139//112 138//112 114//112
f 116//113 140//113 139//113 115//113
f 117//114 141//114 140//114 116//114
f 118//115 142//115 141//115 117//115
f 119//116 143//116 142//116 118//116
f 120//117 144//117 143//117 119//117
f 121//118 145//118 144//118 120//118
f 122//119 146//119 145//119 121//119
f 99//120 123//120 146//120 122//120
f 124//121 148//121 147//121 123//121
f 125//122 149//122 148//122 124//122
f 126//123 150//123 149//123 125//123
f 127//124 151//124 150//124 126//124
f 128//125 152//125 151//125 127//125
f 129//126 153//126 152//126 128//126
f 130//127 154//127 153//127 129//127
f 131//128 155//128 154//128 130//128
f 132//129 156//129 155//129 131//129
f 133//130 157//130 156//130 132//130
f 134//131 158//131 157//131 133//131
f 135//132 159//132 158//132 134//132
f 136//133 160//133 159//133 135//133
f 137//134 161//134 160//134 136//134
f 138//135 162//135 161//135 137//135
f 139//136 163//136 162//136 138//136
f 140//137 164//137 163//137 139//137
f 141//138 165//138 164//138 140//138
f 142//139 166//139 165//139 141//139
f 143//140 167//140 166//140 142//140
f 144//141 168//141 167//141 143//141
f 145//142 169//142 168//142 144//142
f 146//143 170//143 169//143 145//143
f 123//144 147//144 170//144 146//144
f 148//145 172//145 171//145 147//145
f 149//146 173//146 172//146 148//146
f 150//147 174//147 173//147 149//147
f 151//148 175//148 174//148 150//148
f 152//149 176//149 175//149 151//149
f 153//150 177//150 176//150 152//150
f 154//151 178//151 177//151 153//151
f 155//152 179//152 178//152 154//152
f 156//153 180//153 179//153 155//153
f 157//154 181//154 180//154 156//154
f 158//155 182//155 181//155 157//155
f 159//156 183//156 182//156 158//156
f 160//157 184//157 183//157 159//157
f 161//158 185//158 184//158 160//158
f 162//159 186//159 185//159 161//159
f 163//160 187//160 186//160 162//160
f 164//161 188//161 187//161 163//161
f 165//162 189//162 188//162 164//162
f 166//163 190//163 189//163 165//163
f 167//164 191//164 190//164 166//164
f 168//165 192//165 191//165 167//165
f 169//166 193//166 192//166 168//166
f 170//167 194//167 193//167 169//167
f 147//168 171//168 194//168 170//168
f 172//169 196//169 195//169 171//169
f 173//170 197//170 196//170 172//170
f 174//171 198//171 197//171 173//171
f 175//172 199//172 198//172 174//172
f 176//173 200//173 199//173 175//173
f 177//174 201//174 200//174 176//174
f 178//175 202//175 201//175 177//175
f 179//176 203//176 202//176 178//176
f 180//177 204//177 203//177 179//177
f 181//178 205//178 204//178 180//178
f 182//179 206//179 205//179 181//179
f 183//180 207//180 206//180 182//180
f 184//181 208//181 207//181 183//181
f 185//182 209//182 208//182 184//182
f 186//183 210//183 209//183 185//183
f 187//184 211//184 210//184 186//184
f 188//185 212//185 211//185 187//185
f 189//186 213//186 212//186 188//186
f 190//187 214//187 213//187 189//187
f 191//188 215//188 214//188 190//188
f 192//189 216//189 215//189 191//189
f 193//190 217//190 216//190 192//190
f 194//191 218//191 217//191 193//191
f 171//192 195//192 218//192 194//192
f 196//193 220//193 219//193 195//193
f 197//194 221//194 220//194 196//194
f 198//195 222//195 221//195 197//195
f 199//196 223//196 222//196 198//196
f 200//197 224//197 223//197 199//197
f 201//198 225//198 224//198 200//198
f 202//199 226//199 225//199 201//199
f 203//200 227//200 226//200 202//200
f 204//201 228//201 227//201 203//201
f 205//202 229//202 228//202 204//202
f 206//203 230//203 229//203 205//203
f 207//204 231//204 230//204 206//204
f 208//205 232//205 231//205 207//205
f 209//206 233//206 232//206 208//206
f 210//207 234//207 233//207 209//207
f 211//208 235//208 234//208 210//208
f 212//209 236//209 235//209 211//209
f 213//210 237//210 236//210 212//210
f 214//211 238//211 237//211 213//211
f 215//212 239//212 238//212 214//212
f 216//213 240//213 239//213 215//213
f 217//214 241//214 240//214 216//214
f 218//215 242//215 241//215 217//215
f 195//216 219//216 242//216 218//216
f 220//217 244//217 243//217 219//217
f 221//218 245//218 244//218 220//218
f 222//219 246//219 245//219 221//219
f 223//220 247//220 246//220 222//220
f 224//221 248//221 247//221 223//221
f 225//222 249//222 248//222 224//222
f 226//223 250//223 249//223 225//223
f 227//224 251//224 250//224 226//224
f 228//225 252//225 251//225 227//225
f 229//226 253//226 252//226 228//226
f 230//227 254//227 253//227 229//227
f 231//228 255//228 254//228 230//228
f 232//229 256//229 255//229 231//229
f 233//230 257//230 256//230 232//230
f 234//231 258//231 257//231 233//231
f 235//232 259//232 258//232 234//232
f 236//233 260//233 259//233 235//233
f 237//234 261//234 260//234 236//234
f 238//235 262//235 261//235 237//235
f 239//236 263//236 262//236 238//236
f 240//237 264//237 263//237 239//237
f 241//238 265//238 264//238 240//238
f 242//239 266//239 265//239 241//239
f 219//240 243//240 266//240 242//240
f 4//241 3//241 1//241
f 2//242 243//242 244//242
f 5//243 4//243 1//243
f 2//244 244//244 245//244
f 6//245 5//245 1//245
f 2//246 245//246 246//246
f 7//247 6//247 1//247
f 2//248 246//248 247//248
f 8//249 7//249 1//249
f 2//250 247//250 248//250
f 9//251 8//251 1//251
f 2//252 248//252 249//252
f 10//253 9//253 1//253
f 2//254 249//254 250//254
f 11//255 10//255 1//255
f 2//256 250//256 251//256
f 12//257 11//257 1//257
f 2//258 251//258 252//258
f 13//259 12//259 1//259
f 2//260 252//260 253//260
f 14//261 13//261 1//261
f 2//262 253//262 254//262
f 15//263 14//263 1//263
f 2//264 254//264 255//264
f 16//265 15//265 1//265
f 2//266 255//266 256//266
f 17//267 16//267 1//267
f 2//268 256//268 257//268
f 18//269 17//269 1//269
f 2//270 257//270 258//270
f 19//271 18//271 1//271
f 2//272 258//272 259//272
f 20//273 19//273 1//273
f 2//274 259//274 260//274
f 21//275 20//275 1//275
f 2//276 260//276 261//276
f 22//277 21//277 1//277
f 2//278 261//278 262//278
f 23//279 22//279 1//279
f 2//280 262//280 263//280
f 24//281 23//281 1//281
f 2//282 263//282 264//282
f 25//283 24//283 1//283
f 2//284 264//284 265//284
f 26//285 25//285 1//285
f 2//286 265//286 266//286
f 3//287 26//287 1//287
f 2//288 266//288 243//288
f 270//1 294//1 293//1 269//1
f 271//289 295//289 294//289 270//289
f 272//3 296//3 295//3 271//3
f 273//4 297//4 296//4 272//4
f 274//5 298//5 297//5 273//5
f 275//6 299//6 298//6 274//6
f 276//7 300//7 299//7 275//7
f 277//290 301//290 300//290 276//290
f 278//9 302//9 301//9 277//9
f 279//10 303//10 302//10 278//10
f 280//11 304//11 303//11 279//11
f 281//12 305//12 304//12 280//12
f 282//13 306//13 305//13 281//13
f 283//291 307//291 306//291 282//291
f 284//15 308//15 307//15 283//15
f 285//16 309//16 308//16 284//16
f 286//292 310//292 309//292 285//292
f 287//18 311//18 310//18 286//18
f 288//19 312//19 311//19 287//19
f 289//20 313//20 312//20 288//20
f 290//21 314//21 313//21 289//21
f 291//22 315//22 314//22 290//22
f 292//23 316//23 315//23 291//23
f 269//24 293//24 316//24 292//24
f 294//25 318//25 317//25 293//25
f 295//26 319//26 318//26 294//26
f 296//27 320//27 319//27 295//27
f 297//28 321//28 320//28 296//28
f 298//29 322//29 321//29 297//29
f 299//30 323//30 322//30 298//30
f 300//31 324//31 323//31 299//31
f 301//32 325//32 324//32 300//32
f 302//33 326//33 325//33 301//33
f 303//34 327//34 326//34 302//34
f 304//35 328//35 327//35 303//35
f 305//36 329//36 328//36 304//36
f 306//37 330//37 329//37 305//37
f 307//38 331//38 330//38 306//38
f 308//39 332//39 331//39 307//39
f 309//40 333//40 332//40 308//40
f 310//41 334//41 333//41 309//41
f 311//42 335//42 334//42 310//42
f 312//43 336//43 335//43 311//43
f 313//44 337//44 336//44 312//44
f 314//45 338//45 337//45 313//45
f 315//46 339//46 338//46 314//46
f 316//47 340//47 339//47 315//47
f 293//48 317//48 340//48 316//48
f 318//49 342//49 341//49 317//49
f 319//50 343//50 342//50 318//50
f 320//51 344//51 343//51 319//51
f 321//52 345//52 344//52 320//52
f 322//53 346//53 345//53 321//53
f 323//54 347//54 346//54 322//54
f 324//55 348//55 347//55 323//55
f 325//56 349//56 348//56 324//56
f 326//57 350//57 349//57 325//57
f 327//58 351//58 350//58 326//58
f 328//59 352//59 351//59 327//59
f 329//60 353//60 352//60 328//60
f 330//61 354//61 353//61 329//61
f 331//62 355//62 354//62 330//62
f 332//63 356//63 355//63 331//63
f 333//64 357//64 356//64 332//64
f 334//65 358//65 357//65 333//65
f 335//66 359//66 358//66 334//66
f 336//67 360//67 359//67 335//67
f 337//68 361//68 360//68 336//68
f 338//69 362//69 361//69 337//69
f 339//70 363//70 362//70 338//70
f 340//71 364//71 363//71 339//71
f 317//72 341//72 364//72 340//72
f 342//73 366//73 365//73 341//73
f 343//74 367//74 366//74 342//74
f 344//75 368//75 367//75 343//75
f 345//76 369//76 368//76 344//76
f 346//77 370//77 369//77 345//77
f 347//78 371//78 370//78 346//78
f 348//79 372//79 371//79 347//79
f 349//80 373//80 372//80 348//80
f 350//81 374//81 373//81 349//81
f 351//82 375//82 374//82 350//82
f 352//83 376//83 375//83 351//83
f 353//293 377//293 376//293 352//293
f 354//294 378//294 377//294 353//294
f 355//86 379//86 378//86 354//86
f 356//87 380//87 379//87 355//87
f 357//88 381//88 380//88 356//88
f 358//89 382//89 381//89 357//89
f 359//90 383//90 382//90 358//90
f 360//91 384//91 383//91 359//91
f 361//92 385//92 384//92 360//92
f 362//93 386//93 385//93 361//93
f 363//94 387//94 386//94 362//94
f 364//95 388//95 387//95 363//95
f 341//96 365//96 388//96 364//96
f 366//97 390//97 389//97 365//97
f 367//98 391//98 390//98 366//98
f 368//99 392//99 391//99 367//99
f 369//100 393//100 392//100 368//100
f 370//101 394//101 393//101 369//101
f 371//102 395//102 394//102 370//102
f 372//103 396//103 395//103 371//103
f 373//104 397//104 396//104 372//104
f 374//105 398//105 397//105 373//105
f 375//106 399//106 398//106 374//106
f 376//107 400//107 399//107 375//107
f 377//108 401//108 400//108 376//108
f 378//109 402//109 401//109 377//109
f 379//110 403//110 402//110 378//110
f 380//111 404//111 403//111 379//111
f 381//112 405//112 404//112 380//112
f 382//113 406//113 405//113 381//113
f 383//114 407//114 406//114 382//114
f 384//115 408//115 407//115 383//115
f 385//116 409//116 408//116 384//116
f 386//117 410//117 409//117 385//117
f 387//118 411//118 410//118 386//118
f 388//119 412//119 411//119 387//119
f 365//120 389//120 412//120 388//120
f 390//121 414//121 413//121 389//121
f 391//122 415//122 414//122 390//122
f 392//123 416//123 415//123 391//123
f 393//124 417//124 416//124 392//124
f 394//125 418//125 417//125 393//125
f 395//126 419//126 418//126 394//126
f 396//127 420//127 419//127 395//127
f 397//128 421//128 420//128 396//128
f 398//129 422//129 421//129 397//129
f 399//130 423//130 422//130 398//130
f 400//131 424//131 423//131 399//131
f 401//132 425//132 424//132 400//132
f 402//133 426//133 425//133 401//133
f 403//134 427//134 426//134 402//134
f 404//135 428//135 427//135 403//135
f 405//136 429//136 428//136 404//136
f 406//137 430//137 429//137 405//137
f 407//138 431//138 430//138 406//138
f 408//139 432//139 431//139 407//139
f 409//140 433//140 432//140 408//140
f 410//141 434//141 433//141 409//141
f 411//142 435//142 434//142 410//142
f 412//143 436//143 435//143 411//143
f 389//144 413//144 436//144 412//144
f 414//145 438//145 437//145 413//145
f 415//146 439//146 438//146 414//146
f 416//147 440//147 439//147 415//147
f 417//148 441//148 440//148 416//148
f 418//149 442//149 441//149 417//149
f 419//150 443//150 442//150 418//150
f 420//151 444//151 443//151 419//151
f 421//152 445//152 444//152 420//152
f 422//153 446//153 445//153 421//153
f 423//154 447//154 446//154 422//154
f 424//155 448//155 447//155 423//155
f 425//295 449//295 448//295 424//295
f 426//296 450//296 449//296 425//296
f 427//158 451//158 450//158 426//158
f 428//159 452//159 451//159 427//159
f 429//160 453//160 452//160 428//160
f 430//161 454//161 453//161 429//161
f 431//162 455//162 454//162 430//162
f 432//163 456//163 455//163 431//163
f 433//164 457//164 456//164 432//164
f 434//165 458//165 457//165 433//165
f 435//166 459//166 458//166 434//166
f 436//167 460//167 459//167 435//167
f 413//168 437//168 460//168 436//168
f 438//169 462//169 461//169 437//169
f 439//170 463//170 462//170 438//170
f 440//171 464//171 463//171 439//171
f 441//172 465//172 464//172 440//172
f 442//173 466//173 465//173 441//173
f 443//174 467//174 466//174 442//174
f 444//175 468//175 467//175 443//175
f 445//176 469//176 468//176 444//176
f 446//177 470//177 469//177 445//177
f 447//178 471//178 470//178 446//178
f 448//179 472//179 471//179 447//179
f 449//180 473//180 472//180 448//180
f 450//181 474//181 473//181 449//181
f 451//182 475//182 474//182 450//182
f 452//183 476//183 475//183 451//183
f 453//184 477//184 476//184 452//184
f 454//185 478//185 477//185 453//185
f 455//186 479//186 478//186 454//186
f 456//187 480//187 479//187 455//187
f 457//188 481//188 480//188 456//188
f 458//189 482//189 481//189 457//189
f 459//190 483//190 482//190 458//190
f 460//191 484//191 483//191 459//191
f 437//192 461//192 484//192 460//192
f 462//193 486//193 485//193 461//193
f 463//194 487//194 486//194 462//194
f 464//195 488//195 487//195 463//195
f 465//196 489//196 488//196 464//196
f 466//197 490//197 489//197 465//197
f 467//198 491//198 490//198 466//198
f 468//199 492//199 491//199 467//199
f 469//200 493//200 492//200 468//200
f 470//201 494//201 493//201 469//201
f 471//202 495//202 494//202 470//202
f 472//203 496//203 495//203 471//203
f 473//204 497//204 496//204 472//204
f 474//205 498//205 497//205 473//205
f 475//206 499//206 498//206 474//206
f 476//207 500//207 499//207 475//207
f 477//208 501//208 500//208 476//208
f 478//209 502//209 501//209 477//209
f 479//210 503//210 502//210 478//210
f 480//211 504//211 503//211 479//211
f 481//212 505//212 504//212 480//212
f 482//213 506//213 505//213 481//213
f 483//214 507//214 506//214 482//214
f 484//215 508//215 507//215 483//215
f 461//216 485//216 508//216 484//216
f 486//217 510//217 509//217 485//217
f 487//297 511//297 510//297 486//297
f 488//219 512//219 511//219 487//219
f 489//220 513//220 512//220 488//220
f 490//298 514//298 513//298 489//298
f 491//222 515//222 514//222 490//222
f 492//223 516//223 515//223 491//223
f 493//224 517//224 516//224 492//224
f 494//225 518//225 517//225 493//225
f 495//226 519//226 518//226 494//226
f 496//299 520//299 519//299 495//299
f 497//228 521//228 520//228 496//228
f 498//229 522//229 521//229 497//229
f 499//300 523//300 522//300 498//300
f 500//231 524//231 523//231 499//231
f 501//232 525//232 524//232 500//232
f 502//233 526//233 525//233 501//233
f 503//234 527//234 526//234 502//234
f 504//235 528//235 527//235 503//235
f 505//301 529//301 528//301 504//301
f 506//237 530//237 529//237 505//237
f 507//238 531//238 530//238 506//238
f 508//239 532//239 531//239 507//239
f 485//240 509//240 532//240 508//240
f 270//241 269//241 267//241
f 268//242 509//242 510//242
f 271//243 270//243 267//243
f 268//244 510//244 511//244
f 272//245 271//245 267//245
f 268//246 511//246 512//246
f 273//247 272//247 267//247
f 268//302 512//302 513//302
f 274//249 273//249 267//249
f 268//250 513//250 514//250
f 275//251 274//251 267//251
f 268//252 514//252 515//252
f 276//253 275//253 267//253
f 268//254 515//254 516//254
f 277//255 276//255 267//255
f 268//256 516//256 517//256
f 278//257 277//257 267//257
f 268//258 517//258 518//258
f 279//303 278//303 267//303
f 268//260 518//260 519//260
f 280//261 279//261 267//261
f 268//262 519//262 520//262
f 281//263 280//263 267//263
f 268//264 520//264 521//264
f 282//265 281//265 267//265
f 268//266 521//266 522//266
f 283//267 282//267 267//267
f 268//268 522//268 523//268
f 284//269 283//269 267//269
f 268//270 523//270 524//270
f 285//271 284//271 267//271
f 268//272 524//272 525//272
f 286//273 285//273 267//273
f 268//274 525//274 526//274
f 287//275 286//275 267//275
f 268//276 526//276 527//276
f 288//277 287//277 267//277
f 268//278 527//278 528//278
f 289//279 288//279 267//279
f 268//280 528//280 529//280
f 290//281 289//281 267//281
f 268//304 529//304 530//304
f 291//283 290//283 267//283
f 268//284 530//284 531//284
f 292//285 291//285 267//285
f 268//286 531//286 532//286
f 269//287 292//287 267//287
f 268//288 532//288 509//288
f 536//1 560//1 559//1 535//1
f 537//289 561//289 560//289 536//289
f 538//3 562//3 561//3 537//3
f 539//4 563//4 562//4 538//4
f 540//5 564//5 563//5 539//5
f 541//6 565//6 564//6 540//6
f 542//7 566//7 565//7 541//7
f 543//290 567//290 566//290 542//290
f 544//9 568//9 567//9 543//9
f 545//10 569//10 568//10 544//10
f 546//305 570//305 569//305 545//305
f 547//12 571//12 570//12 546//12
f 548//13 572//13 571//13 547//13
f 549//291 573//291 572//291 548//291
f 550//15 574//15 573//15 549//15
f 551//16 575//16 574//16 550//16
f 552//292 576//292 575//292 551//292
f 553//18 577//18 576//18 552//18
f 554//19 578//19 577//19 553//19
f 555//20 579//20 578//20 554//20
f 556//21 580//21 579//21 555//21
f 557//22 581//22 580//22 556//22
f 558//306 582//306 581//306 557//306
f 535//24 559//24 582//24 558//24
f 560//25 584//25 583//25 559//25
f 561//26 585//26 584//26 560//26
f 562//27 586//27 585//27 561//27
f 563//28 587//28 586//28 562//28
f 564//29 588//29 587//29 563//29
f 565//30 589//30 588//30 564//30
f 566//31 590//31 589//31 565//31
f 567//32 591//32 590//32 566//32
f 568//33 592//33 591//33 567//33
f 569//34 593//34 592//34 568//34
f 570//35 594//35 593//35 569//35
f 571//36 595//36 594//36 570//36
f 572//37 596//37 595//37 571//37
f 573//38 597//38 596//38 572//38
f 574//39 598//39 597//39 573//39
f 575//40 599//40 598//40 574//40
f 576//41 600//41 599//41 575//41
f 577//42 601//42 600//42 576//42
f 578//43 602//43 601//43 577//43
f 579//44 603//44 602//44 578//44
f 580//45 604//45 603//45 579//45
f 581//46 605//46 604//46 580//46
f 582//47 606//47 605//47 581//47
f 559//48 583//48 606//48 582//48
f 584//49 608//49 607//49 583//49
f 585//50 609//50 608//50 584//50
f 586//51 610//51 609//51 585//51
f 587//52 611//52 610//52 586//52
f 588//53 612//53 611//53 587//53
f 589//54 613//54 612//54 588//54
f 590//55 614//55 613//55 589//55
f 591//56 615//56 614//56 590//56
f 592//57 616//57 615//57 591//57
f 593//58 617//58 616//58 592//58
f 594//59 618//59 617//59 593//59
f 595//60 619//60 618//60 594//60
f 596//61 620//61 619//61 595//61
f 597//62 621//62 620//62 596//62
f 598//63 622//63 621//63 597//63
f 599//64 623//64 622//64 598//64
f 600//65 624//65 623//65 599//65
f 601//66 625//66 624//66 600//66
f 602//67 626//67 625//67 601//67
f 603//68 627//68 626//68 602//68
f 604//69 628//69 627//69 603//69
f 605//70 629//70 628//70 604//70
f 606//71 630//71 629//71 605//71
f 583//72 607//72 630//72 606//72
f 608//73 632//73 631//73 607//73
f 609//74 633//74 632//74 608//74
f 610//75 634//75 633//75 609//75
f 611//76 635//76 634//76 610//76
f 612//77 636//77 635//77 611//77
f 613//78 637//78 636//78 612//78
f 614//79 638//79 637//79 613//79
f 615//80 639//80 638//80 614//80
f 616//81 640//81 639//81 615//81
f 617//82 641//82 640//82 616//82
f 618//83 642//83 641//83 617//83
f 619//84 643//84 642//84 618//84
f 620//85 644//85 643//85 619//85
f 621//86 645//86 644//86 620//86
f 622//87 646//87 645//87 621//87
f 623//88 647//88 646//88 622//88
f 624//89 648//89 647//89 623//89
f 625//90 649//90 648//90 624//90
f 626//91 650//91 649//91 625//91
f 627//92 651//92 650//92 626//92
f 628//93 652//93 651//93 627//93
f 629//94 653//94 652//94 628//94
f 630//95 654//95 653//95 629//95
f 607//96 631//96 654//96 630//96
f 632//97 656//97 655//97 631//97
f 633//98 657//98 656//98 632//98
f 634//99 658//99 657//99 633//99
f 635//100 659//100 658//100 634//100
f 636//101 660//101 659//101 635//101
f 637//102 661//102 660//102 636//102
f 638//103 662//103 661//103 637//103
f 639//104 663//104 662//104 638//104
f 640//105 664//105 663//105 639//105
f 641//106 665//106 664//106 640//106
f 642//107 666//107 665//107 641//107
f 643//108 667//108 666//108 642//108
f 644//109 668//109 667//109 643//109
f 645//110 669//110 668//110 644//110
f 646//111 670//111 669//111 645//111
f 647//112 671//112 670//112 646//112
f 648//113 672//113 671//113 647//113
f 649//114 673//114 672//114 648//114
f 650//115 674//115 673//115 649//115
f 651//116 675//116 674//116 650//116
f 652//117 676//117 675//117 651//117
f 653//118 677//118 676//118 652//118
f 654//119 678//119 677//119 653//119
f 631//120 655//120 678//120 654//120
f 656//121 680//121 679//121 655//121
f 657//122 681//122 680//122 656//122
f 658//123 682//123 681//123 657//123
f 659//124 683//124 682//124 658//124
f 660//125 684//125 683//125 659//125
f 661//126 685//126 684//126 660//126
f 662//127 686//127 685//127 661//127
f 663//128 687//128 686//128 662//128
f 664//129 688//129 687//129 663//129
f 665//130 689//130 688//130 664//130
f 666//131 690//131 689//131 665//131
f 667//132 691//132 690//132 666//132
f 668//133 692//133 691//133 667//133
f 669//134 693//134 692//134 668//134
f 670//135 694//135 693//135 669//135
f 671//136 695//136 694//136 670//136
f 672//137 696//137 695//137 671//137
f 673//138 697//138 696//138 672//138
f 674//139 698//139 697//139 673//139
f 675//140 699//140 698//140 674//140
f 676//141 700//141 699//141 675//141
f 677//142 701//142 700//142 676//142
f 678//143 702//143 701//143 677//143
f 655//144 679//144 702//144 678//144
f 680//145 704//145 703//145 679//145
f 681//146 705//146 704//146 680//146
f 682//147 706//147 705//147 681//147
f 683//148 707//148 706//148 682//148
f 684//149 708//149 707//149 683//149
f 685//150 709//150 708//150 684//150
f 686//151 710//151 709//151 685//151
f 687//152 711//152 710//152 686//152
f 688//153 712//153 711//153 687//153
f 689//154 713//154 712//154 688//154
f 690//155 714//155 713//155 689//155
f 691//295 715//295 714//295 690//295
f 692//296 716//296 715//296 691//296
f 693//158 717//158 716//158 692//158
f 694//159 718//159 717//159 693//159
f 695//160 719//160 718//160 694//160
f 696//161 720//161 719//161 695//161
f 697//162 721//162 720//162 696//162
f 698//163 722//163 721//163 697//163
f 699//164 723//164 722//164 698//164
f 700//165 724//165 723//165 699//165
f 701//166 725//166 724//166 700//166
f 702//167 726//167 725//167 701//167
f 679//168 703//168 726//168 702//168
f 704//169 728//169 727//169 703//169
f 705//170 729//170 728//170 704//170
f 706//171 730//171 729//171 705//171
f 707//172 731//172 730//172 706//172
f 708//173 732//173 731//173 707//173
f 709//174 733//174 732//174 708//174
f 710//175 734//175 733//175 709//175
f 711//176 735//176 734//176 710//176
f 712//177 736//177 735//177 711//177
f 713//178 737//178 736//178 712//178
f 714//179 738//179 737//179 713//179
f 715//180 739//180 738//180 714//180
f 716//181 740//181 739//181 715//181
f 717//182 741//182 740//182 716//182
f 718//183 742//183 741//183 717//183
f 719//184 743//184 742//184 718//184
f 720//185 744//185 743//185 719//185
f 721//186 745//186 744//186 720//186
f 722//187 746//187 745//187 721//187
f 723//188 747//188 746//188 722//188
f 724//189 748//189 747//189 723//189
f 725//190 749//190 748//190 724//190
f 726//191 750//191 749//191 725//191
f 703//192 727//192 750//192 726//192
f 728//193 752//193 751//193 727//193
f 729//194 753//194 752//194 728//194
f 730//195 754//195 753//195 729//195
f 731//196 755//196 754//196 730//196
f 732//197 756//197 755//197 731//197
f 733//198 757//198 756//198 732//198
f 734//199 758//199 757//199 733//199
f 735//200 759//200 758//200 734//200
f 736//201 760//201 759//201 735//201
f 737//202 761//202 760//202 736//202
f 738//203 762//203 761//203 737//203
f 739//204 763//204 762//204 738//204
f 740//205 764//205 763//205 739//205
f 741//206 765//206 764//206 740//206
f 742//207 766//207 765//207 741//207
f 743//208 767//208 766//208 742//208
f 744//209 768//209 767//209 743//209
f 745//210 769//210 768//210 744//210
f 746//211 770//211 769//211 745//211
f 747//212 771//212 770//212 746//212
f 748//213 772//213 771//213 747//213
f 749//214 773//214 772//214 748//214
f 750//215 774//215 773//215 749//215
f 727//216 751//216 774//216 750//216
f 752//217 776//217 775//217 751//217
f 753//297 777//297 776//297 752//297
f 754//219 778//219 777//219 753//219
f 755//220 779//220 778//220 754//220
f 756//221 780//221 779//221 755//221
f 757//222 781//222 780//222 756//222
f 758//223 782//223 781//223 757//223
f 759//224 783//224 782//224 758//224
f 760//225 784//225 783//225 759//225
f 761//226 785//226 784//226 760//226
f 762//299 786//299 785//299 761//299
f 763//228 787//228 786//228 762//228
f 764//229 788//229 787//229 763//229
f 765//300 789//300 788//300 764//300
f 766//231 790//231 789//231 765//231
f 767//232 791//232 790//232 766//232
f 768//233 792//233 791//233 767//233
f 769//234 793//234 792//234 768//234
f 770//235 794//235 793//235 769//235
f 771//236 795//236 794//236 770//236
f 772//237 796//237 795//237 771//237
f 773//238 797//238 796//238 772//238
f 774//239 798//239 797//239 773//239
f 751//240 775//240 798//240 774//240
f 536//241 535//241 533//241
f 534//242 775//242 776//242
f 537//243 536//243 533//243
f 534//244 776//244 777//244
f 538//245 537//245 533//245
f 534//246 777//246 778//246
f 539//247 538//247 533//247
f 534//248 778//248 779//248
f 540//249 539//249 533//249
f 534//250 779//250 780//250
f 541//251 540//251 533//251
f 534//252 780//252 781//252
f 542//253 541//253 533//253
f 534//254 781//254 782//254
f 543//255 542//255 533//255
f 534//256 782//256 783//256
f 544//257 543//257 533//257
f 534//258 783//258 784//258
f 545//303 544//303 533//303
f 534//260 784//260 785//260
f 546//261 545//261 533//261
f 534//262 785//262 786//262
f 547//263 546//263 533//263
f 534//264 786//264 787//264
f 548//265 547//265 533//265
f 534//266 787//266 788//266
f 549//267 548//267 533//267
f 534//268 788//268 789//268
f 550//269 549//269 533//269
f 534//270 789//270 790//270
f 551//271 550//271 533//271
f 534//272 790//272 791//272
f 552//273 551//273 533//273
f 534//274 791//274 792//274
f 553//275 552//275 533//275
f 534//276 792//276 793//276
f 554//277 553//277 533//277
f 534//278 793//278 794//278
f 555//279 554//279 533//279
f 534//280 794//280 795//280
f 556//281 555//281 533//281
f 534//282 795//282 796//282
f 557//283 556//283 533//283
f 534//284 796//284 797//284
f 558//285 557//285 533//285
f 534//286 797//286 798//286
f 535//287 558//287 533//287
f 534//288 798//288 775//288
f 802//1 826//1 825//1 801//1
f 803//289 827//289 826//289 802//289
f 804//3 828//3 827//3 803//3
f 805//4 829//4 828//4 804//4
f 806//5 830//5 829//5 805//5
f 807//6 831//6 830//6 806//6
f 808//7 832//7 831//7 807//7
f 809//8 833//8 832//8 808//8
f 810//9 834//9 833//9 809//9
f 811//10 835//10 834//10 810//10
f 812//11 836//11 835//11 811//11
f 813//12 837//12 836//12 812//12
f 814//13 838//13 837//13 813//13
f 815//14 839//14 838//14 814//14
f 816//15 840//15 839//15 815//15
f 817//16 841//16 840//16 816//16
f 818//17 842//17 841//17 817//17
f 819//18 843//18 842//18 818//18
f 820//19 844//19 843//19 819//19
f 821//20 845//20 844//20 820//20
f 822//21 846//21 845//21 821//21
f 823//22 847//22 846//22 822//22
f 824//23 848//23 847//23 823//23
f 801//24 825//24 848//24 824//24
f 826//25 850//25 849//25 825//25
f 827//26 851//26 850//26 826//26
f 828//27 852//27 851//27 827//27
f 829//28 853//28 852//28 828//28
f 830//29 854//29 853//29 829//29
f 831//30 855//30 854//30 830//30
f 832//31 856//31 855//31 831//31
f 833//32 857//32 856//32 832//32
f 834//33 858//33 857//33 833//33
f 835//34 859//34 858//34 834//34
f 836//35 860//35 859//35 835//35
f 837//36 861//36 860//36 836//36
f 838//37 862//37 861//37 837//37
f 839//38 863//38 862//38 838//38
f 840//39 864//39 863//39 839//39
f 841//40 865//40 864//40 840//40
f 842//41 866//41 865//41 841//41
f 843//42 867//42 866//42 842//42
f 844//43 868//43 867//43 843//43
f 845//44 869//44 868//44 844//44
f 846//45 870//45 869//45 845//45
f 847//46 871//46 870//46 846//46
f 848//47 872//47 871//47 847//47
f 825//48 849//48 872//48 848//48
f 850//49 874//49 873//49 849//49
f 851//50 875//50 874//50 850//50
f 852//51 876//51 875//51 851//51
f 853//52 877//52 876//52 852//52
f 854//53 878//53 877//53 853//53
f 855//54 879//54 878//54 854//54
f 856//55 880//55 879//55 855//55
f 857//56 881//56 880//56 856//56
f 858//57 882//57 881//57 857//57
f 859//58 883//58 882//58 858//58
f 860//59 884//59 883//59 859//59
f 861//60 885//60 884//60 860//60
f 862//61 886//61 885//61 861//61
f 863//62 887//62 886//62 862//62
f 864//63 888//63 887//63 863//63
f 865//64 889//64 888//64 864//64
f 866//65 890//65 889//65 865//65
f 867//66 891//66 890//66 866//66
f 868//67 892//67 891//67 867//67
f 869//68 893//68 892//68 868//68
f 870//69 894//69 893//69 869//69
f 871//70 895//70 894//70 870//70
f 872//71 896//71 895//71 871//71
f 849//72 873//72 896//72 872//72
f 874//307 898//307 897//307 873//307
f 875//74 899//74 898//74 874//74
f 876//75 900//75 899//75 875//75
f 877//76 901//76 900//76 876//76
f 878//77 902//77 901//77 877//77
f 879//78 903//78 902//78 878//78
f 880//79 904//79 903//79 879//79
f 881//80 905//80 904//80 880//80
f 882//81 906//81 905//81 881//81
f 883//82 907//82 906//82 882//82
f 884//83 908//83 907//83 883//83
f 885//84 909//84 908//84 884//84
f 886//85 910//85 909//85 885//85
f 887//86 911//86 910//86 886//86
f 888//87 912//87 911//87 887//87
f 889//88 913//88 912//88 888//88
f 890//89 914//89 913//89 889//89
f 891//90 915//90 914//90 890//90
f 892//91 916//91 915//91 891//91
f 893//92 917//92 916//92 892//92
f 894//93 918//93 917//93 893//93
f 895//94 919//94 918//94 894//94
f 896//95 920//95 919//95 895//95
f 873//308 897//308 920//308 896//308
f 898//97 922//97 921//97 897//97
f 899//98 923//98 922//98 898//98
f 900//99 924//99 923//99 899//99
f 901//100 925//100 924//100 900//100
f 902//101 926//101 925//101 901//101
f 903//102 927//102 926//102 902//102
f 904//103 928//103 927//103 903//103
f 905//104 929//104 928//104 904//104
f 906//105 930//105 929//105 905//105
f 907//106 931//106 930//106 906//106
f 908//107 932//107 931//107 907//107
f 909//108 933//108 932//108 908//108
f 910//109 934//109 933//109 909//109
f 911//110 935//110 934//110 910//110
f 912//111 936//111 935//111 911//111
f 913//112 937//112 936//112 912//112
f 914//113 938//113 937//113 913//113
f 915//114 939//114 938//114 914//114
f 916//115 940//115 939//115 915//115
f 917//116 941//116 940//116 916//116
f 918//117 942//117 941//117 917//117
f 919//118 943//118 942//118 918//118
f 920//119 944//119 943//119 919//119
f 897//120 921//120 944//120 920//120
f 922//121 946//121 945//121 921//121
f 923//122 947//122 946//122 922//122
f 924//123 948//123 947//123 923//123
f 925//124 949//124 948//124 924//124
f 926//125 950//125 949//125 925//125
f 927//126 951//126 950//126 926//126
f 928//127 952//127 951//127 927//127
f 929//128 953//128 952//128 928//128
f 930//129 954//129 953//129 929//129
f 931//130 955//130 954//130 930//130
f 932//131 956//131 955//131 931//131
f 933//132 957//132 956//132 932//132
f 934//133 958//133 957//133 933//133
f 935//134 959//134 958//134 934//134
f 936//135 960//135 959//135 935//135
f 937//136 961//136 960//136 936//136
f 938//137 962//137 961//137 937//137
f 939//138 963//138 962//138 938//138
f 940//139 964//139 963//139 939//139
f 941//140 965//140 964//140 940//140
f 942//141 966//141 965//141 941//141
f 943//142 967//142 966//142 942//142
f 944//143 968//143 967//143 943//143
f 921//144 945//144 968//144 944//144
f 946//309 970//309 969//309 945//309
f 947//146 971//146 970//146 946//146
f 948//147 972//147 971//147 947//147
f 949//148 973//148 972//148 948//148
f 950//149 974//149 973//149 949//149
f 951//150 975//150 974//150 950//150
f 952//151 976//151 975//151 951//151
f 953//152 977//152 976//152 952//152
f 954//153 978//153 977//153 953//153
f 955//154 979//154 978//154 954//154
f 956//155 980//155 979//155 955//155
f 957//295 981//295 980//295 956//295
f 958//296 982//296 981//296 957//296
f 959//158 983//158 982//158 958//158
f 960//159 984//159 983//159 959//159
f 961//160 985//160 984//160 960//160
f 962//161 986//161 985//161 961//161
f 963//162 987//162 986//162 962//162
f 964//163 988//163 987//163 963//163
f 965//164 989//164 988//164 964//164
f 966//165 990//165 989//165 965//165
f 967//166 991//166 990//166 966//166
f 968//167 992//167 991//167 967//167
f 945//310 969//310 992//310 968//310
f 970//169 994//169 993//169 969//169
f 971//170 995//170 994//170 970//170
f 972//171 996//171 995//171 971//171
f 973//172 997//172 996//172 972//172
f 974//173 998//173 997//173 973//173
f 975//174 999//174 998//174 974//174
f 976//175 1000//175 999//175 975//175
f 977//176 1001//176 1000//176 976//176
f 978//177 1002//177 1001//177 977//177
f 979//178 1003//178 1002//178 978//178
f 980//179 1004//179 1003//179 979//179
f 981//180 1005//180 1004//180 980//180
f 982//181 1006//181 1005//181 981//181
f 983//182 1007//182 1006//182 982//182
f 984//183 1008//183 1007//183 983//183
f 985//184 1009//184 1008//184 984//184
f 986//185 1010//185 1009//185 985//185
f 987//186 1011//186 1010//186 986//186
f 988//187 1012//187 1011//187 987//187
f 989//188 1013//188 1012//188 988//188
f 990//189 1014//189 1013//189 989//189
f 991//190 1015//190 1014//190 990//190
f 992//191 1016//191 1015//191 991//191
f 969//192 993//192 1016//192 992//192
f 994//193 1018//193 1017//193 993//193
f 995//194 1019//194 1018//194 994//194
f 996//195 1020//195 1019//195 995//195
f 997//196 1021//196 1020//196 996//196
f 998//197 1022//197 1021//197 997//197
f 999//198 1023//198 1022//198 998//198
f 1000//199 1024//199 1023//199 999//199
f 1001//200 1025//200 1024//200 1000//200
f 1002//201 1026//201 1025//201 1001//201
f 1003//202 1027//202 1026//202 1002//202
f 1004//203 1028//203 1027//203 1003//203
f 1005//204 1029//204 1028//204 1004//204
f 1006//205 1030//205 1029//205 1005//205
f 1007//206 1031//206 1030//206 1006//206
f 1008//207 1032//207 1031//207 1007//207
f 1009//208 1033//208 1032//208 1008//208
f 1010//209 1034//209 1033//209 1009//209
f 1011//210 1035//210 1034//210 1010//210
f 1012//211 1036//211 1035//211 1011//211
f 1013//212 1037//212 1036//212 1012//212
f 1014//213 1038//213 1037//213 1013//213
f 1015//214 1039//214 1038//214 1014//214
f 1016//215 1040//215 1039//215 1015//215
f 993//216 1017//216 1040//216 1016//216
f 1018//217 1042//217 1041//217 1017//217
f 1019//218 1043//218 1042//218 1018//218
f 1020//219 1044//219 1043//219 1019//219
f 1021//220 1045//220 1044//220 1020//220
f 1022//298 1046//298 1045//298 1021//298
f 1023//222 1047//222 1046//222 1022//222
f 1024//223 1048//223 1047//223 1023//223
f 1025//311 1049//311 1048//311 1024//311
f 1026//225 1050//225 1049//225 1025//225
f 1027//226 1051//226 1050//226 1026//226
f 1028//227 1052//227 1051//227 1027//227
f 1029//228 1053//228 1052//228 1028//228
f 1030//229 1054//229 1053//229 1029//229
f 1031//300 1055//300 1054//300 1030//300
f 1032//231 1056//231 1055//231 1031//231
f 1033//232 1057//232 1056//232 1032//232
f 1034//312 1058//312 1057//312 1033//312
f 1035//234 1059//234 1058//234 1034//234
f 1036//235 1060//235 1059//235 1035//235
f 1037//301 1061//301 1060//301 1036//301
f 1038//237 1062//237 1061//237 1037//237
f 1039//238 1063//238 1062//238 1038//238
f 1040//239 1064//239 1063//239 1039//239
f 1017//240 1041//240 1064//240 1040//240
f 802//241 801//241 799//241
f 800//242 1041//242 1042//242
f 803//243 802//243 799//243
f 800//244 1042//244 1043//244
f 804//245 803//245 799//245
f 800//246 1043//246 1044//246
f 805//247 804//247 799//247
f 800//248 1044//248 1045//248
f 806//249 805//249 799//249
f 800//250 1045//250 1046//250
f 807//251 806//251 799//251
f 800//252 1046//252 1047//252
f 808//253 807//253 799//253
f 800//254 1047//254 1048//254
f 809//255 808//255 799//255
f 800//256 1048//256 1049//256
f 810//257 809//257 799//257
f 800//258 1049//258 1050//258
f 811//303 810//303 799//303
f 800//260 1050//260 1051//260
f 812//261 811//261 799//261
f 800//262 1051//262 1052//262
f 813//263 812//263 799//263
f 800//264 1052//264 1053//264
f 814//265 813//265 799//265
f 800//266 1053//266 1054//266
f 815//267 814//267 799//267
f 800//268 1054//268 1055//268
f 816//269 815//269 799//269
f 800//270 1055//270 1056//270
f 817//271 816//271 799//271
f 800//272 1056//272 1057//272
f 818//273 817//273 799//273
f 800//274 1057//274 1058//274
f 819//275 818//275 799//275
f 800//276 1058//276 1059//276
f 820//277 819//277 799//277
f 800//278 1059//278 1060//278
f 821//279 820//279 799//279
f 800//280 1060//280 1061//280
f 822//281 821//281 799//281
f 800//282 1061//282 1062//282
f 823//283 822//283 799//283
f 800//284 1062//284 1063//284
f 824//285 823//285 799//285
f 800//286 1063//286 1064//286
f 801//287 824//287 799//287
f 800//288 1064//288 1041//288
f 1068//1 1092//1 1091//1 1067//1
f 1069//289 1093//289 1092//289 1068//289
f 1070//3 1094//3 1093//3 1069//3
f 1071//4 1095//4 1094//4 1070//4
f 1072//313 1096//313 1095//313 1071//313
f 1073//6 1097//6 1096//6 1072//6
f 1074//7 1098//7 1097//7 1073//7
f 1075//8 1099//8 1098//8 1074//8
f 1076//9 1100//9 1099//9 1075//9
f 1077//10 1101//10 1100//10 1076//10
f 1078//305 1102//305 1101//305 1077//305
f 1079//12 1103//12 1102//12 1078//12
f 1080//13 1104//13 1103//13 1079//13
f 1081//291 1105//291 1104//291 1080//291
f 1082//15 1106//15 1105//15 1081//15
f 1083//16 1107//16 1106//16 1082//16
f 1084//17 1108//17 1107//17 1083//17
f 1085//18 1109//18 1108//18 1084//18
f 1086//19 1110//19 1109//19 1085//19
f 1087//314 1111//314 1110//314 1086//314
f 1088//21 1112//21 1111//21 1087//21
f 1089//22 1113//22 1112//22 1088//22
f 1090//306 1114//306 1113//306 1089//306
f 1067//24 1091//24 1114//24 1090//24
f 1092//25 1116//25 1115//25 1091//25
f 1093//26 1117//26 1116//26 1092//26
f 1094//27 1118//27 1117//27 1093//27
f 1095//28 1119//28 1118//28 1094//28
f 1096//29 1120//29 1119//29 1095//29
f 1097//30 1121//30 1120//30 1096//30
f 1098//31 1122//31 1121//31 1097//31
f 1099//32 1123//32 1122//32 1098//32
f 1100//33 1124//33 1123//33 1099//33
f 1101//34 1125//34 1124//34 1100//34
f 1102//35 1126//35 1125//35 1101//35
f 1103//36 1127//36 1126//36 1102//36
f 1104//37 1128//37 1127//37 1103//37
f 1105//38 1129//38 1128//38 1104//38
f 1106//39 1130//39 1129//39 1105//39
f 1107//40 1131//40 1130//40 1106//40
f 1108//41 1132//41 1131//41 1107//41
f 1109//42 1133//42 1132//42 1108//42
f 1110//43 1134//43 1133//43 1109//43
f 1111//44 1135//44 1134//44 1110//44
f 1112//45 1136//45 1135//45 1111//45
f 1113//46 1137//46 1136//46 1112//46
f 1114//47 1138//47 1137//47 1113//47
f 1091//48 1115//48 1138//48 1114//48
f 1116//49 1140//49 1139//49 1115//49
f 1117//50 1141//50 1140//50 1116//50
f 1118//51 1142//51 1141//51 1117//51
f 1119//52 1143//52 1142//52 1118//52
f 1120//53 1144//53 1143//53 1119//53
f 1121//54 1145//54 1144//54 1120//54
f 1122//55 1146//55 1145//55 1121//55
f 1123//56 1147//56 1146//56 1122//56
f 1124//57 1148//57 1147//57 1123//57
f 1125//58 1149//58 1148//58 1124//58
f 1126//59 1150//59 1149//59 1125//59
f 1127//60 1151//60 1150//60 1126//60
f 1128//61 1152//61 1151//61 1127//61
f 1129//62 1153//62 1152//62 1128//62
f 1130//63 1154//63 1153//63 1129//63
f 1131//64 1155//64 1154//64 1130//64
f 1132//65 1156//65 1155//65 1131//65
f 1133//66 1157//66 1156//66 1132//66
f 1134//67 1158//67 1157//67 1133//67
f 1135//68 1159//68 1158//68 1134//68
f 1136//69 1160//69 1159//69 1135//69
f 1137//70 1161//70 1160//70 1136//70
f 1138//71 1162//71 1161//71 1137//71
f 1115//72 1139//72 1162//72 1138//72
f 1140//307 1164//307 1163//307 1139//307
f 1141//74 1165//74 1164//74 1140//74
f 1142//75 1166//75 1165//75 1141//75
f 1143//76 1167//76 1166//76 1142//76
f 1144//77 1168//77 1167//77 1143//77
f 1145//78 1169//78 1168//78 1144//78
f 1146//79 1170//79 1169//79 1145//79
f 1147//80 1171//80 1170//80 1146//80
f 1148//81 1172//81 1171//81 1147//81
f 1149//82 1173//82 1172//82 1148//82
f 1150//83 1174//83 1173//83 1149//83
f 1151//84 1175//84 1174//84 1150//84
f 1152//85 1176//85 1175//85 1151//85
f 1153//86 1177//86 1176//86 1152//86
f 1154//87 1178//87 1177//87 1153//87
f 1155//88 1179//88 1178//88 1154//88
f 1156//89 1180//89 1179//89 1155//89
f 1157//90 1181//90 1180//90 1156//90
f 1158//91 1182//91 1181//91 1157//91
f 1159//92 1183//92 1182//92 1158//92
f 1160//93 1184//93 1183//93 1159//93
f 1161//94 1185//94 1184//94 1160//94
f 1162//95 1186//95 1185//95 1161//95
f 1139//308 1163//308 1186//308 1162//308
f 1164//97 1188//97 1187//97 1163//97
f 1165//98 1189//98 1188//98 1164//98
f 1166//99 1190//99 1189//99 1165//99
f 1167//100 1191//100 1190//100 1166//100
f 1168//101 1192//101 1191//101 1167//101
f 1169//102 1193//102 1192//102 1168//102
f 1170//103 1194//103 1193//103 1169//103
f 1171//104 1195//104 1194//104 1170//104
f 1172//105 1196//105 1195//105 1171//105
f 1173//106 1197//106 1196//106 1172//106
f 1174//107 1198//107 1197//107 1173//107
f 1175//108 1199//108 1198//108 1174//108
f 1176//109 1200//109 1199//109 1175//109
f 1177//110 1201//110 1200//110 1176//110
f 1178//111 1202//111 1201//111 1177//111
f 1179//112 1203//112 1202//112 1178//112
f 1180//113 1204//113 1203//113 1179//113
f 1181//114 1205//114 1204//114 1180//114
f 1182//115 1206//115 1205//115 1181//115
f 1183//116 1207//116 1206//116 1182//116
f 1184//117 1208//117 1207//117 1183//117
f 1185//118 1209//118 1208//118 1184//118
f 1186//119 1210//119 1209//119 1185//119
f 1163//120 1187//120 1210//120 1186//120
f 1188//121 1212//121 1211//121 1187//121
f 1189//122 1213//122 1212//122 1188//122
f 1190//123 1214//123 1213//123 1189//123
f 1191//124 1215//124 1214//124 1190//124
f 1192//125 1216//125 1215//125 1191//125
f 1193//126 1217//126 1216//126 1192//126
f 1194//127 1218//127 1217//127 1193//127
f 1195//128 1219//128 1218//128 1194//128
f 1196//129 1220//129 1219//129 1195//129
f 1197//130 1221//130 1220//130 1196//130
f 1198//131 1222//131 1221//131 1197//131
f 1199//132 1223//132 1222//132 1198//132
f 1200//133 1224//133 1223//133 1199//133
f 1201//134 1225//134 1224//134 1200//134
f 1202//135 1226//135 1225//135 1201//135
f 1203//136 1227//136 1226//136 1202//136
f 1204//137 1228//137 1227//137 1203//137
f 1205//138 1229//138 1228//138 1204//138
f 1206//139 1230//139 1229//139 1205//139
f 1207//140 1231//140 1230//140 1206//140
f 1208//141 1232//141 1231//141 1207//141
f 1209//142 1233//142 1232//142 1208//142
f 1210//143 1234//143 1233//143 1209//143
f 1187//144 1211//144 1234//144 1210//144
f 1212//309 1236//309 1235//309 1211//309
f 1213//146 1237//146 1236//146 1212//146
f 1214//147 1238//147 1237//147 1213//147
f 1215//148 1239//148 1238//148 1214//148
f 1216//149 1240//149 1239//149 1215//149
f 1217//150 1241//150 1240//150 1216//150
f 1218//151 1242//151 1241//151 1217//151
f 1219//152 1243//152 1242//152 1218//152
f 1220//153 1244//153 1243//153 1219//153
f 1221//154 1245//154 1244//154 1220//154
f 1222//155 1246//155 1245//155 1221//155
f 1223//295 1247//295 1246//295 1222//295
f 1224//296 1248//296 1247//296 1223//296
f 1225//158 1249//158 1248//158 1224//158
f 1226//159 1250//159 1249//159 1225//159
f 1227//160 1251//160 1250//160 1226//160
f 1228//161 1252//161 1251//161 1227//161
f 1229//162 1253//162 1252//162 1228//162
f 1230//163 1254//163 1253//163 1229//163
f 1231//164 1255//164 1254//164 1230//164
f 1232//165 1256//165 1255//165 1231//165
f 1233//166 1257//166 1256//166 1232//166
f 1234//167 1258//167 1257//167 1233//167
f 1211//310 1235//310 1258//310 1234//310
f 1236//169 1260//169 1259//169 1235//169
f 1237//170 1261//170 1260//170 1236//170
f 1238//171 1262//171 1261//171 1237//171
f 1239//172 1263//172 1262//172 1238//172
f 1240//173 1264//173 1263//173 1239//173
f 1241//174 1265//174 1264//174 1240//174
f 1242//175 1266//175 1265//175 1241//175
f 1243//176 1267//176 1266//176 1242//176
f 1244//177 1268//177 1267//177 1243//177
f 1245//178 1269//178 1268//178 1244//178
f 1246//179 1270//179 1269//179 1245//179
f 1247//180 1271//180 1270//180 1246//180
f 1248//181 1272//181 1271//181 1247//181
f 1249//182 1273//182 1272//182 1248//182
f 1250//183 1274//183 1273//183 1249//183
f 1251//184 1275//184 1274//184 1250//184
f 1252//185 1276//185 1275//185 1251//185
f 1253//186 1277//186 1276//186 1252//186
f 1254//187 1278//187 1277//187 1253//187
f 1255//188 1279//188 1278//188 1254//188
f 1256//189 1280//189 1279//189 1255//189
f 1257//190 1281//190 1280//190 1256//190
f 1258//191 1282//191 1281//191 1257//191
f 1235//192 1259//192 1282//192 1258//192
f 1260//193 1284//193 1283//193 1259//193
f 1261//194 1285//194 1284//194 1260//194
f 1262//195 1286//195 1285//195 1261//195
f 1263//196 1287//196 1286//196 1262//196
f 1264//197 1288//197 1287//197 1263//197
f 1265//198 1289//198 1288//198 1264//198
f 1266//199 1290//199 1289//199 1265//199
f 1267//200 1291//200 1290//200 1266//200
f 1268//201 1292//201 1291//201 1267//201
f 1269//202 1293//202 1292//202 1268//202
f 1270//203 1294//203 1293//203 1269//203
f 1271//204 1295//204 1294//204 1270//204
f 1272//205 1296//205 1295//205 1271//205
f 1273//206 1297//206 1296//206 1272//206
f 1274//207 1298//207 1297//207 1273//207
f 1275//208 1299//208 1298//208 1274//208
f 1276//209 1300//209 1299//209 1275//209
f 1277//210 1301//210 1300//210 1276//210
f 1278//211 1302//211 1301//211 1277//211
f 1279//212 1303//212 1302//212 1278//212
f 1280//213 1304//213 1303//213 1279//213
f 1281//214 1305//214 1304//214 1280//214
f 1282//215 1306//215 1305//215 1281//215
f 1259//216 1283//216 1306//216 1282//216
f 1284//217 1308//217 1307//217 1283//217
f 1285//297 1309//297 1308//297 1284//297
f 1286//219 1310//219 1309//219 1285//219
f 1287//220 1311//220 1310//220 1286//220
f 1288//298 1312//298 1311//298 1287//298
f 1289//222 1313//222 1312//222 1288//222
f 1290//223 1314//223 1313//223 1289//223
f 1291//224 1315//224 1314//224 1290//224
f 1292//225 1316//225 1315//225 1291//225
f 1293//226 1317//226 1316//226 1292//226
f 1294//299 1318//299 1317//299 1293//299
f 1295//228 1319//228 1318//228 1294//228
f 1296//229 1320//229 1319//229 1295//229
f 1297//300 1321//300 1320//300 1296//300
f 1298//231 1322//231 1321//231 1297//231
f 1299//232 1323//232 1322//232 1298//232
f 1300//233 1324//233 1323//233 1299//233
f 1301//234 1325//234 1324//234 1300//234
f 1302//235 1326//235 1325//235 1301//235
f 1303//301 1327//301 1326//301 1302//301
f 1304//237 1328//237 1327//237 1303//237
f 1305//238 1329//238 1328//238 1304//238
f 1306//239 1330//239 1329//239 1305//239
f 1283//240 1307//240 1330//240 1306//240
f 1068//241 1067//241 1065//241
f 1066//242 1307//242 1308//242
f 1069//243 1068//243 1065//243
f 1066//244 1308//244 1309//244
f 1070//245 1069//245 1065//245
f 1066//246 1309//246 1310//246
f 1071//247 1070//247 1065//247
f 1066//248 1310//248 1311//248
f 1072//249 1071//249 1065//249
f 1066//250 1311//250 1312//250
f 1073//251 1072//251 1065//251
f 1066//252 1312//252 1313//252
f 1074//253 1073//253 1065//253
f 1066//254 1313//254 1314//254
f 1075//255 1074//255 1065//255
f 1066//256 1314//256 1315//256
f 1076//257 1075//257 1065//257
f 1066//258 1315//258 1316//258
f 1077//303 1076//303 1065//303
f 1066//260 1316//260 1317//260
f 1078//261 1077//261 1065//261
f 1066//262 1317//262 1318//262
f 1079//263 1078//263 1065//263
f 1066//264 1318//264 1319//264
f 1080//265 1079//265 1065//265
f 1066//266 1319//266 1320//266
f 1081//267 1080//267 1065//267
f 1066//268 1320//268 1321//268
f 1082//269 1081//269 1065//269
f 1066//270 1321//270 1322//270
f 1083//271 1082//271 1065//271
f 1066//272 1322//272 1323//272
f 1084//273 1083//273 1065//273
f 1066//274 1323//274 1324//274
f 1085//275 1084//275 1065//275
f 1066//276 1324//276 1325//276
f 1086//277 1085//277 1065//277
f 1066//278 1325//278 1326//278
f 1087//279 1086//279 1065//279
f 1066//280 1326//280 1327//280
f 1088//281 1087//281 1065//281
f 1066//282 1327//282 1328//282
f 1089//283 1088//283 1065//283
f 1066//284 1328//284 1329//284
f 1090//285 1089//285 1065//285
f 1066//286 1329//286 1330//286
f 1067//287 1090//287 1065//287
f 1066//288 1330//288 1307//288
f 1334//1 1358//1 1357//1 1333//1
f 1335//289 1359//289 1358//289 1334//289
f 1336//3 1360//3 1359//3 1335//3
f 1337//4 1361//4 1360//4 1336//4
f 1338//313 1362//313 1361//313 1337//313
f 1339//6 1363//6 1362//6 1338//6
f 1340//7 1364//7 1363//7 1339//7
f 1341//8 1365//8 1364//8 1340//8
f 1342//9 1366//9 1365//9 1341//9
f 1343//10 1367//10 1366//10 1342//10
f 1344//305 1368//305 1367//305 1343//305
f 1345//12 1369//12 1368//12 1344//12
f 1346//13 1370//13 1369//13 1345//13
f 1347//291 1371//291 1370//291 1346//291
f 1348//15 1372//15 1371//15 1347//15
f 1349//16 1373//16 1372//16 1348//16
f 1350//17 1374//17 1373//17 1349//17
f 1351//18 1375//18 1374//18 1350//18
f 1352//19 1376//19 1375//19 1351//19
f 1353//314 1377//314 1376//314 1352//314
f 1354//21 1378//21 1377//21 1353//21
f 1355//22 1379//22 1378//22 1354//22
f 1356//306 1380//306 1379//306 1355//306
f 1333//24 1357//24 1380//24 1356//24
f 1358//25 1382//25 1381//25 1357//25
f 1359//26 1383//26 1382//26 1358//26
f 1360//27 1384//27 1383//27 1359//27
f 1361//28 1385//28 1384//28 1360//28
f 1362//29 1386//29 1385//29 1361//29
f 1363//30 1387//30 1386//30 1362//30
f 1364//31 1388//31 1387//31 1363//31
f 1365//32 1389//32 1388//32 1364//32
f 1366//33 1390//33 1389//33 1365//33
f 1367//34 1391//34 1390//34 1366//34
f 1368//35 1392//35 1391//35 1367//35
f 1369//36 1393//36 1392//36 1368//36
f 1370//37 1394//37 1393//37 1369//37
f 1371//38 1395//38 1394//38 1370//38
f 1372//39 1396//39 1395//39 1371//39
f 1373//40 1397//40 1396//40 1372//40
f 1374//41 1398//41 1397//41 1373//41
f 1375//42 1399//42 1398//42 1374//42
f 1376//43 1400//43 1399//43 1375//43
f 1377//44 1401//44 1400//44 1376//44
f 1378//45 1402//45 1401//45 1377//45
f 1379//46 1403//46 1402//46 1378//46
f 1380//47 1404//47 1403//47 1379//47
f 1357//48 1381//48 1404//48 1380//48
f 1382//49 1406//49 1405//49 1381//49
f 1383//50 1407//50 1406//50 1382//50
f 1384//51 1408//51 1407//51 1383//51
f 1385//52 1409//52 1408//52 1384//52
f 1386//53 1410//53 1409//53 1385//53
f 1387//54 1411//54 1410//54 1386//54
f 1388//55 1412//55 1411//55 1387//55
f 1389//56 1413//56 1412//56 1388//56
f 1390//57 1414//57 1413//57 1389//57
f 1391//58 1415//58 1414//58 1390//58
f 1392//59 1416//59 1415//59 1391//59
f 1393//60 1417//60 1416//60 1392//60
f 1394//61 1418//61 1417//61 1393//61
f 1395//62 1419//62 1418//62 1394//62
f 1396//63 1420//63 1419//63 1395//63
f 1397//64 1421//64 1420//64 1396//64
f 1398//65 1422//65 1421//65 1397//65
f 1399//66 1423//66 1422//66 1398//66
f 1400//67 1424//67 1423//67 1399//67
f 1401//68 1425//68 1424//68 1400//68
f 1402//69 1426//69 1425//69 1401//69
f 1403//70 1427//70 1426//70 1402//70
f 1404//71 1428//71 1427//71 1403//71
f 1381//72 1405//72 1428//72 1404//72
f 1406//307 1430//307 1429//307 1405//307
f 1407//74 1431//74 1430//74 1406//74
f 1408//75 1432//75 1431//75 1407//75
f 1409//76 1433//76 1432//76 1408//76
f 1410//77 1434//77 1433//77 1409//77
f 1411//78 1435//78 1434//78 1410//78
f 1412//79 1436//79 1435//79 1411//79
f 1413//80 1437//80 1436//80 1412//80
f 1414//81 1438//81 1437//81 1413//81
f 1415//82 1439//82 1438//82 1414//82
f 1416//83 1440//83 1439//83 1415//83
f 1417//84 1441//84 1440//84 1416//84
f 1418//85 1442//85 1441//85 1417//85
f 1419//86 1443//86 1442//86 1418//86
f 1420//87 1444//87 1443//87 1419//87
f 1421//88 1445//88 1444//88 1420//88
f 1422//89 1446//89 1445//89 1421//89
f 1423//90 1447//90 1446//90 1422//90
f 1424//91 1448//91 1447//91 1423//91
f 1425//92 1449//92 1448//92 1424//92
f 1426//93 1450//93 1449//93 1425//93
f 1427//94 1451//94 1450//94 1426//94
f 1428//95 1452//95 1451//95 1427//95
f 1405//308 1429//308 1452//308 1428//308
f 1430//97 1454//97 1453//97 1429//97
f 1431//98 1455//98 1454//98 1430//98
f 1432//99 1456//99 1455//99 1431//99
f 1433//100 1457//100 1456//100 1432//100
f 1434//101 1458//101 1457//101 1433//101
f 1435//102 1459//102 1458//102 1434//102
f 1436//103 1460//103 1459//103 1435//103
f 1437//104 1461//104 1460//104 1436//104
f 1438//105 1462//105 1461//105 1437//105
f 1439//106 1463//106 1462//106 1438//106
f 1440//107 1464//107 1463//107 1439//107
f 1441//108 1465//108 1464//108 1440//108
f 1442//109 1466//109 1465//109 1441//109
f 1443//110 1467//110 1466//110 1442//110
f 1444//111 1468//111 1467//111 1443//111
f 1445//112 1469//112 1468//112 1444//112
f 1446//113 1470//113 1469//113 1445//113
f 1447//114 1471//114 1470//114 1446//114
f 1448//115 1472//115 1471//115 1447//115
f 1449//116 1473//116 1472//116 1448//116
f 1450//117 1474//117 1473//117 1449//117
f 1451//118 1475//118 1474//118 1450//118
f 1452//119 1476//119 1475//119 1451//119
f 1429//120 1453//120 1476//120 1452//120
f 1454//121 1478//121 1477//121 1453//121
f 1455//122 1479//122 1478//122 1454//122
f 1456//123 1480//123 1479//123 1455//123
f 1457//124 1481//124 1480//124 1456//124
f 1458//125 1482//125 1481//125 1457//125
f 1459//126 1483//126 1482//126 1458//126
f 1460//127 1484//127 1483//127 1459//127
f 1461//128 1485//128 1484//128 1460//128
f 1462//129 1486//129 1485//129 1461//129
f 1463//130 1487//130 1486//130 1462//130
f 1464//131 1488//131 1487//131 1463//131
f 1465//132 1489//132 1488//132 1464//132
f 1466//133 1490//133 1489//133 1465//133
f 1467//134 1491//134 1490//134 1466//134
f 1468//135 1492//135 1491//135 1467//135
f 1469//136 1493//136 1492//136 1468//136
f 1470//137 1494//137 1493//137 1469//137
f 1471//138 1495//138 1494//138 1470//138
f 1472//139 1496//139 1495//139 1471//139
f 1473//140 1497//140 1496//140 1472//140
f 1474//141 1498//141 1497//141 1473//141
f 1475//142 1499//142 1498//142 1474//142
f 1476//143 1500//143 1499//143 1475//143
f 1453//144 1477//144 1500//144 1476//144
f 1478//309 1502//309 1501//309 1477//309
f 1479//146 1503//146 1502//146 1478//146
f 1480//147 1504//147 1503//147 1479//147
f 1481//148 1505//148 1504//148 1480//148
f 1482//149 1506//149 1505//149 1481//149
f 1483//150 1507//150 1506//150 1482//150
f 1484//151 1508//151 1507//151 1483//151
f 1485//152 1509//152 1508//152 1484//152
f 1486//153 1510//153 1509//153 1485//153
f 1487//154 1511//154 1510//154 1486//154
f 1488//155 1512//155 1511//155 1487//155
f 1489//295 1513//295 1512//295 1488//295
f 1490//296 1514//296 1513//296 1489//296
f 1491//158 1515//158 1514//158 1490//158
f 1492//159 1516//159 1515//159 1491//159
f 1493//160 1517//160 1516//160 1492//160
f 1494//161 1518//161 1517//161 1493//161
f 1495//162 1519//162 1518//162 1494//162
f 1496//163 1520//163 1519//163 1495//163
f 1497//164 1521//164 1520//164 1496//164
f 1498//165 1522//165 1521//165 1497//165
f 1499//166 1523//166 1522//166 1498//166
f 1500//167 1524//167 1523//167 1499//167
f 1477//310 1501//310 1524//310 1500//310
f 1502//169 1526//169 1525//169 1501//169
f 1503//170 1527//170 1526//170 1502//170
f 1504//171 1528//171 1527//171 1503//171
f 1505//172 1529//172 1528//172 1504//172
f 1506//173 1530//173 1529//173 1505//173
f 1507//174 1531//174 1530//174 1506//174
f 1508//175 1532//175 1531//175 1507//175
f 1509//176 1533//176 1532//176 1508//176
f 1510//177 1534//177 1533//177 1509//177
f 1511//178 1535//178 1534//178 1510//178
f 1512//179 1536//179 1535//179 1511//179
f 1513//180 1537//180 1536//180 1512//180
f 1514//181 1538//181 1537//181 1513//181
f 1515//182 1539//182 1538//182 1514//182
f 1516//183 1540//183 1539//183 1515//183
f 1517//184 1541//184 1540//184 1516//184
f 1518//185 1542//185 1541//185 1517//185
f 1519//186 1543//186 1542//186 1518//186
f 1520//187 1544//187 1543//187 1519//187
f 1521//188 1545//188 1544//188 1520//188
f 1522//189 1546//189 1545//189 1521//189
f 1523//190 1547//190 1546//190 1522//190
f 1524//191 1548//191 1547//191 1523//191
f 1501//192 1525//192 1548//192 1524//192
f 1526//193 1550//193 1549//193 1525//193
f 1527//194 1551//194 1550//194 1526//194
f 1528//195 1552//195 1551//195 1527//195
f 1529//196 1553//196 1552//196 1528//196
f 1530//197 1554//197 1553//197 1529//197
f 1531//198 1555//198 1554//198 1530//198
f 1532//199 1556//199 1555//199 1531//199
f 1533//200 1557//200 1556//200 1532//200
f 1534//201 1558//201 1557//201 1533//201
f 1535//202 1559//202 1558//202 1534//202
f 1536//203 1560//203 1559//203 1535//203
f 1537//204 1561//204 1560//204 1536//204
f 1538//205 1562//205 1561//205 1537//205
f 1539//206 1563//206 1562//206 1538//206
f 1540//207 1564//207 1563//207 1539//207
f 1541//208 1565//208 1564//208 1540//208
f 1542//209 1566//209 1565//209 1541//209
f 1543//210 1567//210 1566//210 1542//210
f 1544//211 1568//211 1567//211 1543//211
f 1545//212 1569//212 1568//212 1544//212
f 1546//213 1570//213 1569//213 1545//213
f 1547//214 1571//214 1570//214 1546//214
f 1548//215 1572//215 1571//215 1547//215
f 1525//216 1549//216 1572//216 1548//216
f 1550//217 1574//217 1573//217 1549//217
f 1551//297 1575//297 1574//297 1550//297
f 1552//219 1576//219 1575//219 1551//219
f 1553//220 1577//220 1576//220 1552//220
f 1554//298 1578//298 1577//298 1553//298
f 1555//222 1579//222 1578//222 1554//222
f 1556//223 1580//223 1579//223 1555//223
f 1557//311 1581//311 1580//311 1556//311
f 1558//225 1582//225 1581//225 1557//225
f 1559//226 1583//226 1582//226 1558//226
f 1560//299 1584//299 1583//299 1559//299
f 1561//228 1585//228 1584//228 1560//228
f 1562//229 1586//229 1585//229 1561//229
f 1563//300 1587//300 1586//300 1562//300
f 1564//231 1588//231 1587//231 1563//231
f 1565//232 1589//232 1588//232 1564//232
f 1566//312 1590//312 1589//312 1565//312
f 1567//234 1591//234 1590//234 1566//234
f 1568//235 1592//235 1591//235 1567//235
f 1569//301 1593//301 1592//301 1568//301
f 1570//237 1594//237 1593//237 1569//237
f 1571//238 1595//238 1594//238 1570//238
f 1572//239 1596//239 1595//239 1571//239
f 1549//240 1573//240 1596//240 1572//240
f 1334//241 1333//241 1331//241
f 1332//242 1573//242 1574//242
f 1335//243 1334//243 1331//243
f 1332//244 1574//244 1575//244
f 1336//245 1335//245 1331//245
f 1332//246 1575//246 1576//246
f 1337//247 1336//247 1331//247
f 1332//248 1576//248 1577//248
f 1338//249 1337//249 1331//249
f 1332//250 1577//250 1578//250
f 1339//251 1338//251 1331//251
f 1332//252 1578//252 1579//252
f 1340//253 1339//253 1331//253
f 1332//254 1579//254 1580//254
f 1341//255 1340//255 1331//255
f 1332//256 1580//256 1581//256
f 1342//315 1341//315 1331//315
f 1332//258 1581//258 1582//258
f 1343//303 1342//303 1331//303
f 1332//260 1582//260 1583//260
f 1344//261 1343//261 1331//261
f 1332//262 1583//262 1584//262
f 1345//263 1344//263 1331//263
f 1332//264 1584//264 1585//264
f 1346//265 1345//265 1331//265
f 1332//266 1585//266 1586//266
f 1347//267 1346//267 1331//267
f 1332//268 1586//268 1587//268
f 1348//269 1347//269 1331//269
f 1332//270 1587//270 1588//270
f 1349//316 1348//316 1331//316
f 1332//272 1588//272 1589//272
f 1350//273 1349//273 1331//273
f 1332//274 1589//274 1590//274
f 1351//275 1350//275 1331//275
f 1332//276 1590//276 1591//276
f 1352//277 1351//277 1331//277
f 1332//278 1591//278 1592//278
f 1353//279 1352//279 1331//279
f 1332//280 1592//280 1593//280
f 1354//281 1353//281 1331//281
f 1332//282 1593//282 1594//282
f 1355//283 1354//283 1331//283
f 1332//284 1594//284 1595//284
f 1356//285 1355//285 1331//285
f 1332//286 1595//286 1596//286
f 1333//287 1356//287 1331//287
f 1332//288 1596//288 1573//288
usemtl wood
f 1598//317 1602//317 1601//317 1597//317
f 1602//318 1626//318 1625//318 1601//318
f 1626//319 1650//319 1649//319 1625//319
f 1650//320 1674//320 1673//320 1649//320
f 1674//321 1698//321 1697//321 1673//321
f 1698//322 1722//322 1721//322 1697//322
f 1722//323 1746//323 1745//323 1721//323
f 1746//324 1770//324 1769//324 1745//324
f 1770//325 1794//325 1793//325 1769//325
f 1794//326 1818//326 1817//326 1793//326
f 1818//327 1842//327 1841//327 1817//327
f 1603//328 1602//328 1598//328
f 1603//329 1627//329 1626//329 1602//329
f 1627//330 1651//330 1650//330 1626//330
f 1651//331 1675//331 1674//331 1650//331
f 1675//332 1699//332 1698//332 1674//332
f 1699//333 1723//333 1722//333 1698//333
f 1723//334 1747//334 1746//334 1722//334
f 1747//335 1771//335 1770//335 1746//335
f 1771//336 1795//336 1794//336 1770//336
f 1795//337 1819//337 1818//337 1794//337
f 1819//338 1842//338 1818//338
f 1604//339 1603//339 1598//339
f 1604//340 1628//340 1627//340 1603//340
f 1628//341 1652//341 1651//341 1627//341
f 1652//342 1676//342 1675//342 1651//342
f 1676//343 1700//343 1699//343 1675//343
f 1700//344 1724//344 1723//344 1699//344
f 1724//345 1748//345 1747//345 1723//345
f 1748//346 1772//346 1771//346 1747//346
f 1772//347 1796//347 1795//347 1771//347
f 1796//348 1820//348 1819//348 1795//348
f 1820//349 1842//349 1819//349
f 1605//350 1604//350 1598//350
f 1605//351 1629//351 1628//351 1604//351
f 1629//352 1653//352 1652//352 1628//352
f 1653//353 1677//353 1676//353 1652//353
f 1677//354 1701//354 1700//354 1676//354
f 1701//355 1725//355 1724//355 1700//355
f 1725//356 1749//356 1748//356 1724//356
f 1749//357 1773//357 1772//357 1748//357
f 1773//358 1797//358 1796//358 1772//358
f 1797//359 1821//359 1820//359 1796//359
f 1821//360 1842//360 1820//360
f 1606//361 1605//361 1598//361
f 1606//362 1630//362 1629//362 1605//362
f 1630//363 1654//363 1653//363 1629//363
f 1654//364 1678//364 1677//364 1653//364
f 1678//365 1702//365 1701//365 1677//365
f 1702//366 1726//366 1725//366 1701//366
f 1726//367 1750//367 1749//367 1725//367
f 1750//368 1774//368 1773//368 1749//368
f 1774//369 1798//369 1797//369 1773//369
f 1798//370 1822//370 1821//370 1797//370
f 1822//371 1842//371 1821//371
f 1607//372 1606//372 1598//372
f 1607//373 1631//373 1630//373 1606//373
f 1631//374 1655//374 1654//374 1630//374
f 1655//375 1679//375 1678//375 1654//375
f 1679//376 1703//376 1702//376 1678//376
f 1703//377 1727//377 1726//377 1702//377
f 1727//378 1751//378 1750//378 1726//378
f 1751//379 1775//379 1774//379 1750//379
f 1775//380 1799//380 1798//380 1774//380
f 1799//381 1823//381 1822//381 1798//381
f 1823//382 1842//382 1822//382
f 1599//383 1608//383 1607//383 1598//383
f 1608//384 1632//384 1631//384 1607//384
f 1632//385 1656//385 1655//385 1631//385
f 1656//386 1680//386 1679//386 1655//386
f 1680//387 1704//387 1703//387 1679//387
f 1704//388 1728//388 1727//388 1703//388
f 1728//389 1752//389 1751//389 1727//389
f 1752//390 1776//390 1775//390 1751//390
f 1776//391 1800//391 1799//391 1775//391
f 1800//392 1824//392 1823//392 1799//392
f 1824//393 1843//393 1842//393 1823//393
f 1609//394 1608//394 1599//394
f 1609//395 1633//395 1632//395 1608//395
f 1633//396 1657//396 1656//396 1632//396
f 1657//397 1681//397 1680//397 1656//397
f 1681//398 1705//398 1704//398 1680//398
f 1705//399 1729//399 1728//399 1704//399
f 1729//400 1753//400 1752//400 1728//400
f 1753//401 1777//401 1776//401 1752//401
f 1777//402 1801//402 1800//402 1776//402
f 1801//403 1825//403 1824//403 1800//403
f 1825//404 1843//404 1824//404
f 1610//405 1609//405 1599//405
f 1610//406 1634//406 1633//406 1609//406
f 1634//407 1658//407 1657//407 1633//407
f 1658//408 1682//408 1681//408 1657//408
f 1682//409 1706//409 1705//409 1681//409
f 1706//410 1730//410 1729//410 1705//410
f 1730//411 1754//411 1753//411 1729//411
f 1754//412 1778//412 1777//412 1753//412
f 1778//413 1802//413 1801//413 1777//413
f 1802//414 1826//414 1825//414 1801//414
f 1826//415 1843//415 1825//415
f 1611//416 1610//416 1599//416
f 1611//417 1635//417 1634//417 1610//417
f 1635//418 1659//418 1658//418 1634//418
f 1659//419 1683//419 1682//419 1658//419
f 1683//420 1707//420 1706//420 1682//420
f 1707//421 1731//421 1730//421 1706//421
f 1731//422 1755//422 1754//422 1730//422
f 1755//423 1779//423 1778//423 1754//423
f 1779//424 1803//424 1802//424 1778//424
f 1803//425 1827//425 1826//425 1802//425
f 1827//426 1843//426 1826//426
f 1612//427 1611//427 1599//427
f 1612//428 1636//428 1635//428 1611//428
f 1636//429 1660//429 1659//429 1635//429
f 1660//430 1684//430 1683//430 1659//430
f 1684//431 1708//431 1707//431 1683//431
f 1708//432 1732//432 1731//432 1707//432
f 1732//433 1756//433 1755//433 1731//433
f 1756//434 1780//434 1779//434 1755//434
f 1780//435 1804//435 1803//435 1779//435
f 1804//436 1828//436 1827//436 1803//436
f 1828//437 1843//437 1827//437
f 1613//438 1612//438 1599//438
f 1613//439 1637//439 1636//439 1612//439
f 1637//440 1661//440 1660//440 1636//440
f 1661//441 1685//441 1684//441 1660//441
f 1685//442 1709//442 1708//442 1684//442
f 1709//443 1733//443 1732//443 1708//443
f 1733//444 1757//444 1756//444 1732//444
f 1757//445 1781//445 1780//445 1756//445
f 1781//446 1805//446 1804//446 1780//446
f 1805//447 1829//447 1828//447 1804//447
f 1829//448 1843//448 1828//448
f 1600//449 1614//449 1613//449 1599//449
f 1614//450 1638//450 1637//450 1613//450
f 1638//451 1662//451 1661//451 1637//451
f 1662//452 1686//452 1685//452 1661//452
f 1686//453 1710//453 1709//453 1685//453
f 1710//454 1734//454 1733//454 1709//454
f 1734//455 1758//455 1757//455 1733//455
f 1758//456 1782//456 1781//456 1757//456
f 1782//457 1806//457 1805//457 1781//457
f 1806//458 1830//458 1829//458 1805//458
f 1830//459 1844//459 1843//459 1829//459
f 1615//460 1614//460 1600//460
f 1615//461 1639//461 1638//461 1614//461
f 1639//462 1663//462 1662//462 1638//462
f 1663//463 1687//463 1686//463 1662//463
f 1687//464 1711//464 1710//464 1686//464
f 1711//465 1735//465 1734//465 1710//465
f 1735//466 1759//466 1758//466 1734//466
f 1759//467 1783//467 1782//467 1758//467
f 1783//468 1807//468 1806//468 1782//468
f 1807//469 1831//469 1830//469 1806//469
f 1831//470 1844//470 1830//470
f 1616//471 1615//471 1600//471
f 1616//472 1640//472 1639//472 1615//472
f 1640//473 1664//473 1663//473 1639//473
f 1664//474 1688//474 1687//474 1663//474
f 1688//475 1712//475 1711//475 1687//475
f 1712//476 1736//476 1735//476 1711//476
f 1736//477 1760//477 1759//477 1735//477
f 1760//478 1784//478 1783//478 1759//478
f 1784//479 1808//479 1807//479 1783//479
f 1808//480 1832//480 1831//480 1807//480
f 1832//481 1844//481 1831//481
f 1617//482 1616//482 1600//482
f 1617//483 1641//483 1640//483 1616//483
f 1641//484 1665//484 1664//484 1640//484
f 1665//485 1689//485 1688//485 1664//485
f 1689//486 1713//486 1712//486 1688//486
f 1713//487 1737//487 1736//487 1712//487
f 1737//488 1761//488 1760//488 1736//488
f 1761//489 1785//489 1784//489 1760//489
f 1785//490 1809//490 1808//490 1784//490
f 1809//491 1833//491 1832//491 1808//491
f 1833//492 1844//492 1832//492
f 1618//493 1617//493 1600//493
f 1618//494 1642//494 1641//494 1617//494
f 1642//495 1666//495 1665//495 1641//495
f 1666//496 1690//496 1689//496 1665//496
f 1690//497 1714//497 1713//497 1689//497
f 1714//498 1738//498 1737//498 1713//498
f 1738//499 1762//499 1761//499 1737//499
f 1762//500 1786//500 1785//500 1761//500
f 1786//501 1810//501 1809//501 1785//501
f 1810//502 1834//502 1833//502 1809//502
f 1834//503 1844//503 1833//503
f 1619//504 1618//504 1600//504
f 1619//505 1643//505 1642//505 1618//505
f 1643//506 1667//506 1666//506 1642//506
f 1667//507 1691//507 1690//507 1666//507
f 1691//508 1715//508 1714//508 1690//508
f 1715//509 1739//509 1738//509 1714//509
f 1739//510 1763//510 1762//510 1738//510
f 1763//511 1787//511 1786//511 1762//511
f 1787//512 1811//512 1810//512 1786//512
f 1811//513 1835//513 1834//513 1810//513
f 1835//514 1844//514 1834//514
f 1597//515 1620//515 1619//515 1600//515
f 1620//516 1644//516 1643//516 1619//516
f 1644//517 1668//517 1667//517 1643//517
f 1668//518 1692//518 1691//518 1667//518
f 1692//519 1716//519 1715//519 1691//519
f 1716//520 1740//520 1739//520 1715//520
f 1740//521 1764//521 1763//521 1739//521
f 1764//522 1788//522 1787//522 1763//522
f 1788//523 1812//523 1811//523 1787//523
f 1812//524 1836//524 1835//524 1811//524
f 1836//525 1841//525 1844//525 1835//525
f 1621//526 1620//526 1597//526
f 1621//527 1645//527 1644//527 1620//527
f 1645//528 1669//528 1668//528 1644//528
f 1669//529 1693//529 1692//529 1668//529
f 1693//530 1717//530 1716//530 1692//530
f 1717//531 1741//531 1740//531 1716//531
f 1741//532 1765//532 1764//532 1740//532
f 1765//533 1789//533 1788//533 1764//533
f 1789//534 1813//534 1812//534 1788//534
f 1813//535 1837//535 1836//535 1812//535
f 1837//536 1841//536 1836//536
f 1622//537 1621//537 1597//537
f 1622//538 1646//538 1645//538 1621//538
f 1646//539 1670//539 1669//539 1645//539
f 1670//540 1694//540 1693//540 1669//540
f 1694//541 1718//541 1717//541 1693//541
f 1718//542 1742//542 1741//542 1717//542
f 1742//543 1766//543 1765//543 1741//543
f 1766//544 1790//544 1789//544 1765//544
f 1790//545 1814//545 1813//545 1789//545
f 1814//546 1838//546 1837//546 1813//546
f 1838//547 1841//547 1837//547
f 1623//548 1622//548 1597//548
f 1623//549 1647//549 1646//549 1622//549
f 1647//550 1671//550 1670//550 1646//550
f 1671//551 1695//551 1694//551 1670//551
f 1695//552 1719//552 1718//552 1694//552
f 1719//553 1743//553 1742//553 1718//553
f 1743//554 1767//554 1766//554 1742//554
f 1767//555 1791//555 1790//555 1766//555
f 1791//556 1815//556 1814//556 1790//556
f 1815//557 1839//557 1838//557 1814//557
f 1839//558 1841//558 1838//558
f 1624//559 1623//559 1597//559
f 1624//560 1648//560 1647//560 1623//560
f 1648//561 1672//561 1671//561 1647//561
f 1672//562 1696//562 1695//562 1671//562
f 1696//563 1720//563 1719//563 1695//563
f 1720//564 1744//564 1743//564 1719//564
f 1744//565 1768//565 1767//565 1743//565
f 1768//566 1792//566 1791//566 1767//566
f 1792//567 1816//567 1815//567 1791//567
f 1816//568 1840//568 1839//568 1815//568
f 1840//569 1841//569 1839//569
f 1601//570 1624//570 1597//570
f 1601//571 1625//571 1648//571 1624//571
f 1625//572 1649//572 1672//572 1648//572
f 1649//573 1673//573 1696//573 1672//573
f 1673//574 1697//574 1720//574 1696//574
f 1697//575 1721//575 1744//575 1720//575
f 1721//576 1745//576 1768//576 1744//576
f 1745//577 1769//577 1792//577 1768//577
f 1769//578 1793//578 1816//578 1792//578
f 1793//579 1817//579 1840//579 1816//579
f 1817//580 1841//580 1840//580
f 1842//581 1843//581 1844//581 1841//581
f 1600//582 1599//582 1598//582 1597//582
f 1846//583 1850//583 1849//583 1845//583
f 1850//318 1874//318 1873//318 1849//318
f 1874//319 1898//319 1897//319 1873//319
f 1898//320 1922//320 1921//320 1897//320
f 1922//321 1946//321 1945//321 1921//321
f 1946//322 1970//322 1969//322 1945//322
f 1970//323 1994//323 1993//323 1969//323
f 1994//324 2018//324 2017//324 1993//324
f 2018//325 2042//325 2041//325 2017//325
f 2042//326 2066//326 2065//326 2041//326
f 2066//327 2090//327 2089//327 2065//327
f 1851//584 1850//584 1846//584
f 1851//329 1875//329 1874//329 1850//329
f 1875//330 1899//330 1898//330 1874//330
f 1899//585 1923//585 1922//585 1898//585
f 1923//332 1947//332 1946//332 1922//332
f 1947//333 1971//333 1970//333 1946//333
f 1971//586 1995//586 1994//586 1970//586
f 1995//587 2019//587 2018//587 1994//587
f 2019//588 2043//588 2042//588 2018//588
f 2043//589 2067//589 2066//589 2042//589
f 2067//590 2090//590 2066//590
f 1852//591 1851//591 1846//591
f 1852//592 1876//592 1875//592 1851//592
f 1876//341 1900//341 1899//341 1875//341
f 1900//342 1924//342 1923//342 1899//342
f 1924//343 1948//343 1947//343 1923//343
f 1948//344 1972//344 1971//344 1947//344
f 1972//345 1996//345 1995//345 1971//345
f 1996//593 2020//593 2019//593 1995//593
f 2020//594 2044//594 2043//594 2019//594
f 2044//348 2068//348 2067//348 2043//348
f 2068//595 2090//595 2067//595
f 1853//350 1852//350 1846//350
f 1853//596 1877//596 1876//596 1852//596
f 1877//352 1901//352 1900//352 1876//352
f 1901//597 1925//597 1924//597 1900//597
f 1925//598 1949//598 1948//598 1924//598
f 1949//355 1973//355 1972//355 1948//355
f 1973//356 1997//356 1996//356 1972//356
f 1997//599 2021//599 2020//599 1996//599
f 2021//358 2045//358 2044//358 2020//358
f 2045//600 2069//600 2068//600 2044//600
f 2069//601 2090//601 2068//601
f 1854//361 1853//361 1846//361
f 1854//362 1878//362 1877//362 1853//362
f 1878//363 1902//363 1901//363 1877//363
f 1902//364 1926//364 1925//364 1901//364
f 1926//602 1950//602 1949//602 1925//602
f 1950//366 1974//366 1973//366 1949//366
f 1974//603 1998//603 1997//603 1973//603
f 1998//604 2022//604 2021//604 1997//604
f 2022//605 2046//605 2045//605 2021//605
f 2046//370 2070//370 2069//370 2045//370
f 2070//606 2090//606 2069//606
f 1855//372 1854//372 1846//372
f 1855//373 1879//373 1878//373 1854//373
f 1879//374 1903//374 1902//374 1878//374
f 1903//375 1927//375 1926//375 1902//375
f 1927//607 1951//607 1950//607 1926//607
f 1951//608 1975//608 1974//608 1950//608
f 1975//609 1999//609 1998//609 1974//609
f 1999//610 2023//610 2022//610 1998//610
f 2023//611 2047//611 2046//611 2022//611
f 2047//612 2071//612 2070//612 2046//612
f 2071//382 2090//382 2070//382
f 1847//613 1856//613 1855//613 1846//613
f 1856//614 1880//614 1879//614 1855//614
f 1880//385 1904//385 1903//385 1879//385
f 1904//386 1928//386 1927//386 1903//386
f 1928//615 1952//615 1951//615 1927//615
f 1952//388 1976//388 1975//388 1951//388
f 1976//616 2000//616 1999//616 1975//616
f 2000//390 2024//390 2023//390 1999//390
f 2024//391 2048//391 2047//391 2023//391
f 2048//392 2072//392 2071//392 2047//392
f 2072//393 2091//393 2090//393 2071//393
f 1857//617 1856//617 1847//617
f 1857//618 1881//618 1880//618 1856//618
f 1881//396 1905//396 1904//396 1880//396
f 1905//397 1929//397 1928//397 1904//397
f 1929//619 1953//619 1952//619 1928//619
f 1953//620 1977//620 1976//620 1952//620
f 1977//621 2001//621 2000//621 1976//621
f 2001//622 2025//622 2024//622 2000//622
f 2025//623 2049//623 2048//623 2024//623
f 2049//624 2073//624 2072//624 2048//624
f 2073//625 2091//625 2072//625
f 1858//405 1857//405 1847//405
f 1858//406 1882//406 1881//406 1857//406
f 1882//407 1906//407 1905//407 1881//407
f 1906//626 1930//626 1929//626 1905//626
f 1930//409 1954//409 1953//409 1929//409
f 1954//627 1978//627 1977//627 1953//627
f 1978//411 2002//411 2001//411 1977//411
f 2002//628 2026//628 2025//628 2001//628
f 2026//629 2050//629 2049//629 2025//629
f 2050//630 2074//630 2073//630 2049//630
f 2074//631 2091//631 2073//631
f 1859//416 1858//416 1847//416
f 1859//632 1883//632 1882//632 1858//632
f 1883//418 1907//418 1906//418 1882//418
f 1907//633 1931//633 1930//633 1906//633
f 1931//420 1955//420 1954//420 1930//420
f 1955//421 1979//421 1978//421 1954//421
f 1979//422 2003//422 2002//422 1978//422
f 2003//634 2027//634 2026//634 2002//634
f 2027//424 2051//424 2050//424 2026//424
f 2051//635 2075//635 2074//635 2050//635
f 2075//636 2091//636 2074//636
f 1860//637 1859//637 1847//637
f 1860//638 1884//638 1883//638 1859//638
f 1884//639 1908//639 1907//639 1883//639
f 1908//430 1932//430 1931//430 1907//430
f 1932//431 1956//431 1955//431 1931//431
f 1956//432 1980//432 1979//432 1955//432
f 1980//640 2004//640 2003//640 1979//640
f 2004//641 2028//641 2027//641 2003//641
f 2028//642 2052//642 2051//642 2027//642
f 2052//643 2076//643 2075//643 2051//643
f 2076//644 2091//644 2075//644
f 1861//645 1860//645 1847//645
f 1861//439 1885//439 1884//439 1860//439
f 1885//440 1909//440 1908//440 1884//440
f 1909//441 1933//441 1932//441 1908//441
f 1933//646 1957//646 1956//646 1932//646
f 1957//647 1981//647 1980//647 1956//647
f 1981//648 2005//648 2004//648 1980//648
f 2005//445 2029//445 2028//445 2004//445
f 2029//649 2053//649 2052//649 2028//649
f 2053//650 2077//650 2076//650 2052//650
f 2077//651 2091//651 2076//651
f 1848//652 1862//652 1861//652 1847//652
f 1862//653 1886//653 1885//653 1861//653
f 1886//451 1910//451 1909//451 1885//451
f 1910//654 1934//654 1933//654 1909//654
f 1934//453 1958//453 1957//453 1933//453
f 1958//454 1982//454 1981//454 1957//454
f 1982//455 2006//455 2005//455 1981//455
f 2006//655 2030//655 2029//655 2005//655
f 2030//656 2054//656 2053//656 2029//656
f 2054//657 2078//657 2077//657 2053//657
f 2078//459 2092//459 2091//459 2077//459
f 1863//658 1862//658 1848//658
f 1863//461 1887//461 1886//461 1862//461
f 1887//462 1911//462 1910//462 1886//462
f 1911//463 1935//463 1934//463 1910//463
f 1935//659 1959//659 1958//659 1934//659
f 1959//465 1983//465 1982//465 1958//465
f 1983//660 2007//660 2006//660 1982//660
f 2007//467 2031//467 2030//467 2006//467
f 2031//661 2055//661 2054//661 2030//661
f 2055//662 2079//662 2078//662 2054//662
f 2079//663 2092//663 2078//663
f 1864//664 1863//664 1848//664
f 1864//665 1888//665 1887//665 1863//665
f 1888//666 1912//666 1911//666 1887//666
f 1912//667 1936//667 1935//667 1911//667
f 1936//668 1960//668 1959//668 1935//668
f 1960//669 1984//669 1983//669 1959//669
f 1984//670 2008//670 2007//670 1983//670
f 2008//671 2032//671 2031//671 2007//671
f 2032//672 2056//672 2055//672 2031//672
f 2056//673 2080//673 2079//673 2055//673
f 2080//674 2092//674 2079//674
f 1865//675 1864//675 1848//675
f 1865//676 1889//676 1888//676 1864//676
f 1889//677 1913//677 1912//677 1888//677
f 1913//678 1937//678 1936//678 1912//678
f 1937//486 1961//486 1960//486 1936//486
f 1961//679 1985//679 1984//679 1960//679
f 1985//488 2009//488 2008//488 1984//488
f 2009//680 2033//680 2032//680 2008//680
f 2033//490 2057//490 2056//490 2032//490
f 2057//681 2081//681 2080//681 2056//681
f 2081//492 2092//492 2080//492
f 1866//682 1865//682 1848//682
f 1866//494 1890//494 1889//494 1865//494
f 1890//683 1914//683 1913//683 1889//683
f 1914//684 1938//684 1937//684 1913//684
f 1938//497 1962//497 1961//497 1937//497
f 1962//685 1986//685 1985//685 1961//685
f 1986//686 2010//686 2009//686 1985//686
f 2010//687 2034//687 2033//687 2009//687
f 2034//688 2058//688 2057//688 2033//688
f 2058//689 2082//689 2081//689 2057//689
f 2082//690 2092//690 2081//690
f 1867//691 1866//691 1848//691
f 1867//692 1891//692 1890//692 1866//692
f 1891//693 1915//693 1914//693 1890//693
f 1915//694 1939//694 1938//694 1914//694
f 1939//695 1963//695 1962//695 1938//695
f 1963//696 1987//696 1986//696 1962//696
f 1987//697 2011//697 2010//697 1986//697
f 2011//698 2035//698 2034//698 2010//698
f 2035//699 2059//699 2058//699 2034//699
f 2059//700 2083//700 2082//700 2058//700
f 2083//514 2092//514 2082//514
f 1845//701 1868//701 1867//701 1848//701
f 1868//702 1892//702 1891//702 1867//702
f 1892//703 1916//703 1915//703 1891//703
f 1916//518 1940//518 1939//518 1915//518
f 1940//704 1964//704 1963//704 1939//704
f 1964//520 1988//520 1987//520 1963//520
f 1988//705 2012//705 2011//705 1987//705
f 2012//522 2036//522 2035//522 2011//522
f 2036//523 2060//523 2059//523 2035//523
f 2060//524 2084//524 2083//524 2059//524
f 2084//525 2089//525 2092//525 2083//525
f 1869//526 1868//526 1845//526
f 1869//706 1893//706 1892//706 1868//706
f 1893//528 1917//528 1916//528 1892//528
f 1917//529 1941//529 1940//529 1916//529
f 1941//530 1965//530 1964//530 1940//530
f 1965//707 1989//707 1988//707 1964//707
f 1989//532 2013//532 2012//532 1988//532
f 2013//708 2037//708 2036//708 2012//708
f 2037//709 2061//709 2060//709 2036//709
f 2061//710 2085//710 2084//710 2060//710
f 2085//536 2089//536 2084//536
f 1870//711 1869//711 1845//711
f 1870//538 1894//538 1893//538 1869//538
f 1894//712 1918//712 1917//712 1893//712
f 1918//540 1942//540 1941//540 1917//540
f 1942//541 1966//541 1965//541 1941//541
f 1966//713 1990//713 1989//713 1965//713
f 1990//714 2014//714 2013//714 1989//714
f 2014//715 2038//715 2037//715 2013//715
f 2038//716 2062//716 2061//716 2037//716
f 2062//717 2086//717 2085//717 2061//717
f 2086//718 2089//718 2085//718
f 1871//719 1870//719 1845//719
f 1871//720 1895//720 1894//720 1870//720
f 1895//550 1919//550 1918//550 1894//550
f 1919//721 1943//721 1942//721 1918//721
f 1943//552 1967//552 1966//552 1942//552
f 1967//722 1991//722 1990//722 1966//722
f 1991//723 2015//723 2014//723 1990//723
f 2015//724 2039//724 2038//724 2014//724
f 2039//725 2063//725 2062//725 2038//725
f 2063//726 2087//726 2086//726 2062//726
f 2087//727 2089//727 2086//727
f 1872//728 1871//728 1845//728
f 1872//729 1896//729 1895//729 1871//729
f 1896//730 1920//730 1919//730 1895//730
f 1920//731 1944//731 1943//731 1919//731
f 1944//732 1968//732 1967//732 1943//732
f 1968//733 1992//733 1991//733 1967//733
f 1992//734 2016//734 2015//734 1991//734
f 2016//735 2040//735 2039//735 2015//735
f 2040//736 2064//736 2063//736 2039//736
f 2064//737 2088//737 2087//737 2063//737
f 2088//738 2089//738 2087//738
f 1849//739 1872//739 1845//739
f 1849//740 1873//740 1896//740 1872//740
f 1873//572 1897//572 1920//572 1896//572
f 1897//741 1921//741 1944//741 1920//741
f 1921//742 1945//742 1968//742 1944//742
f 1945//575 1969//575 1992//575 1968//575
f 1969//743 1993//743 2016//743 1992//743
f 1993//744 2017//744 2040//744 2016//744
f 2017//745 2041//745 2064//745 2040//745
f 2041//746 2065//746 2088//746 2064//746
f 2065//747 2089//747 2088//747
f 2090//581 2091//581 2092//581 2089//581
f 1848//582 1847//582 1846//582 1845//582
f 2094//317 2098//317 2097//317 2093//317
f 2098//318 2122//318 2121//318 2097//318
f 2122//319 2146//319 2145//319 2121//319
f 2146//320 2170//320 2169//320 2145//320
f 2170//321 2194//321 2193//321 2169//321
f 2194//322 2218//322 2217//322 2193//322
f 2218//323 2242//323 2241//323 2217//323
f 2242//324 2266//324 2265//324 2241//324
f 2266//325 2290//325 2289//325 2265//325
f 2290//326 2314//326 2313//326 2289//326
f 2314//327 2338//327 2337//327 2313//327
f 2099//584 2098//584 2094//584
f 2099//329 2123//329 2122//329 2098//329
f 2123//330 2147//330 2146//330 2122//330
f 2147//748 2171//748 2170//748 2146//748
f 2171//332 2195//332 2194//332 2170//332
f 2195//333 2219//333 2218//333 2194//333
f 2219//586 2243//586 2242//586 2218//586
f 2243//335 2267//335 2266//335 2242//335
f 2267//336 2291//336 2290//336 2266//336
f 2291//589 2315//589 2314//589 2290//589
f 2315//749 2338//749 2314//749
f 2100//750 2099//750 2094//750
f 2100//592 2124//592 2123//592 2099//592
f 2124//341 2148//341 2147//341 2123//341
f 2148//342 2172//342 2171//342 2147//342
f 2172//343 2196//343 2195//343 2171//343
f 2196//344 2220//344 2219//344 2195//344
f 2220//345 2244//345 2243//345 2219//345
f 2244//346 2268//346 2267//346 2243//346
f 2268//347 2292//347 2291//347 2267//347
f 2292//751 2316//751 2315//751 2291//751
f 2316//595 2338//595 2315//595
f 2101//752 2100//752 2094//752
f 2101//596 2125//596 2124//596 2100//596
f 2125//753 2149//753 2148//753 2124//753
f 2149//597 2173//597 2172//597 2148//597
f 2173//598 2197//598 2196//598 2172//598
f 2197//355 2221//355 2220//355 2196//355
f 2221//356 2245//356 2244//356 2220//356
f 2245//754 2269//754 2268//754 2244//754
f 2269//358 2293//358 2292//358 2268//358
f 2293//755 2317//755 2316//755 2292//755
f 2317//756 2338//756 2316//756
f 2102//757 2101//757 2094//757
f 2102//758 2126//758 2125//758 2101//758
f 2126//759 2150//759 2149//759 2125//759
f 2150//364 2174//364 2173//364 2149//364
f 2174//760 2198//760 2197//760 2173//760
f 2198//366 2222//366 2221//366 2197//366
f 2222//367 2246//367 2245//367 2221//367
f 2246//368 2270//368 2269//368 2245//368
f 2270//761 2294//761 2293//761 2269//761
f 2294//762 2318//762 2317//762 2293//762
f 2318//606 2338//606 2317//606
f 2103//763 2102//763 2094//763
f 2103//373 2127//373 2126//373 2102//373
f 2127//374 2151//374 2150//374 2126//374
f 2151//375 2175//375 2174//375 2150//375
f 2175//376 2199//376 2198//376 2174//376
f 2199//377 2223//377 2222//377 2198//377
f 2223//378 2247//378 2246//378 2222//378
f 2247//379 2271//379 2270//379 2246//379
f 2271//380 2295//380 2294//380 2270//380
f 2295//612 2319//612 2318//612 2294//612
f 2319//382 2338//382 2318//382
f 2095//613 2104//613 2103//613 2094//613
f 2104//614 2128//614 2127//614 2103//614
f 2128//385 2152//385 2151//385 2127//385
f 2152//386 2176//386 2175//386 2151//386
f 2176//387 2200//387 2199//387 2175//387
f 2200//388 2224//388 2223//388 2199//388
f 2224//616 2248//616 2247//616 2223//616
f 2248//390 2272//390 2271//390 2247//390
f 2272//391 2296//391 2295//391 2271//391
f 2296//392 2320//392 2319//392 2295//392
f 2320//393 2339//393 2338//393 2319//393
f 2105//764 2104//764 2095//764
f 2105//765 2129//765 2128//765 2104//765
f 2129//396 2153//396 2152//396 2128//396
f 2153//397 2177//397 2176//397 2152//397
f 2177//766 2201//766 2200//766 2176//766
f 2201//399 2225//399 2224//399 2200//399
f 2225//767 2249//767 2248//767 2224//767
f 2249//768 2273//768 2272//768 2248//768
f 2273//769 2297//769 2296//769 2272//769
f 2297//770 2321//770 2320//770 2296//770
f 2321//771 2339//771 2320//771
f 2106//772 2105//772 2095//772
f 2106//406 2130//406 2129//406 2105//406
f 2130//773 2154//773 2153//773 2129//773
f 2154//626 2178//626 2177//626 2153//626
f 2178//409 2202//409 2201//409 2177//409
f 2202//410 2226//410 2225//410 2201//410
f 2226//411 2250//411 2249//411 2225//411
f 2250//412 2274//412 2273//412 2249//412
f 2274//774 2298//774 2297//774 2273//774
f 2298//630 2322//630 2321//630 2297//630
f 2322//775 2339//775 2321//775
f 2107//776 2106//776 2095//776
f 2107//777 2131//777 2130//777 2106//777
f 2131//778 2155//778 2154//778 2130//778
f 2155//779 2179//779 2178//779 2154//779
f 2179//780 2203//780 2202//780 2178//780
f 2203//421 2227//421 2226//421 2202//421
f 2227//422 2251//422 2250//422 2226//422
f 2251//781 2275//781 2274//781 2250//781
f 2275//424 2299//424 2298//424 2274//424
f 2299//782 2323//782 2322//782 2298//782
f 2323//426 2339//426 2322//426
f 2108//783 2107//783 2095//783
f 2108//784 2132//784 2131//784 2107//784
f 2132//639 2156//639 2155//639 2131//639
f 2156//785 2180//785 2179//785 2155//785
f 2180//786 2204//786 2203//786 2179//786
f 2204//432 2228//432 2227//432 2203//432
f 2228//640 2252//640 2251//640 2227//640
f 2252//434 2276//434 2275//434 2251//434
f 2276//435 2300//435 2299//435 2275//435
f 2300//787 2324//787 2323//787 2299//787
f 2324//644 2339//644 2323//644
f 2109//788 2108//788 2095//788
f 2109//439 2133//439 2132//439 2108//439
f 2133//440 2157//440 2156//440 2132//440
f 2157//789 2181//789 2180//789 2156//789
f 2181//790 2205//790 2204//790 2180//790
f 2205//647 2229//647 2228//647 2204//647
f 2229//791 2253//791 2252//791 2228//791
f 2253//445 2277//445 2276//445 2252//445
f 2277//649 2301//649 2300//649 2276//649
f 2301//650 2325//650 2324//650 2300//650
f 2325//792 2339//792 2324//792
f 2096//652 2110//652 2109//652 2095//652
f 2110//653 2134//653 2133//653 2109//653
f 2134//793 2158//793 2157//793 2133//793
f 2158//654 2182//654 2181//654 2157//654
f 2182//794 2206//794 2205//794 2181//794
f 2206//454 2230//454 2229//454 2205//454
f 2230//455 2254//455 2253//455 2229//455
f 2254//456 2278//456 2277//456 2253//456
f 2278//457 2302//457 2301//457 2277//457
f 2302//458 2326//458 2325//458 2301//458
f 2326//795 2340//795 2339//795 2325//795
f 2111//796 2110//796 2096//796
f 2111//797 2135//797 2134//797 2110//797
f 2135//462 2159//462 2158//462 2134//462
f 2159//798 2183//798 2182//798 2158//798
f 2183//464 2207//464 2206//464 2182//464
f 2207//465 2231//465 2230//465 2206//465
f 2231//799 2255//799 2254//799 2230//799
f 2255//467 2279//467 2278//467 2254//467
f 2279//661 2303//661 2302//661 2278//661
f 2303//662 2327//662 2326//662 2302//662
f 2327//470 2340//470 2326//470
f 2112//800 2111//800 2096//800
f 2112//801 2136//801 2135//801 2111//801
f 2136//473 2160//473 2159//473 2135//473
f 2160//802 2184//802 2183//802 2159//802
f 2184//803 2208//803 2207//803 2183//803
f 2208//476 2232//476 2231//476 2207//476
f 2232//670 2256//670 2255//670 2231//670
f 2256//671 2280//671 2279//671 2255//671
f 2280//804 2304//804 2303//804 2279//804
f 2304//805 2328//805 2327//805 2303//805
f 2328//806 2340//806 2327//806
f 2113//807 2112//807 2096//807
f 2113//808 2137//808 2136//808 2112//808
f 2137//809 2161//809 2160//809 2136//809
f 2161//810 2185//810 2184//810 2160//810
f 2185//486 2209//486 2208//486 2184//486
f 2209//487 2233//487 2232//487 2208//487
f 2233//488 2257//488 2256//488 2232//488
f 2257//680 2281//680 2280//680 2256//680
f 2281//811 2305//811 2304//811 2280//811
f 2305//812 2329//812 2328//812 2304//812
f 2329//813 2340//813 2328//813
f 2114//814 2113//814 2096//814
f 2114//815 2138//815 2137//815 2113//815
f 2138//816 2162//816 2161//816 2137//816
f 2162//496 2186//496 2185//496 2161//496
f 2186//817 2210//817 2209//817 2185//817
f 2210//818 2234//818 2233//818 2209//818
f 2234//499 2258//499 2257//499 2233//499
f 2258//819 2282//819 2281//819 2257//819
f 2282//820 2306//820 2305//820 2281//820
f 2306//502 2330//502 2329//502 2305//502
f 2330//503 2340//503 2329//503
f 2115//821 2114//821 2096//821
f 2115//822 2139//822 2138//822 2114//822
f 2139//506 2163//506 2162//506 2138//506
f 2163//823 2187//823 2186//823 2162//823
f 2187//508 2211//508 2210//508 2186//508
f 2211//824 2235//824 2234//824 2210//824
f 2235//697 2259//697 2258//697 2234//697
f 2259//825 2283//825 2282//825 2258//825
f 2283//512 2307//512 2306//512 2282//512
f 2307//826 2331//826 2330//826 2306//826
f 2331//827 2340//827 2330//827
f 2093//701 2116//701 2115//701 2096//701
f 2116//702 2140//702 2139//702 2115//702
f 2140//517 2164//517 2163//517 2139//517
f 2164//518 2188//518 2187//518 2163//518
f 2188//519 2212//519 2211//519 2187//519
f 2212//520 2236//520 2235//520 2211//520
f 2236//705 2260//705 2259//705 2235//705
f 2260//522 2284//522 2283//522 2259//522
f 2284//523 2308//523 2307//523 2283//523
f 2308//524 2332//524 2331//524 2307//524
f 2332//525 2337//525 2340//525 2331//525
f 2117//828 2116//828 2093//828
f 2117//829 2141//829 2140//829 2116//829
f 2141//528 2165//528 2164//528 2140//528
f 2165//529 2189//529 2188//529 2164//529
f 2189//830 2213//830 2212//830 2188//830
f 2213//707 2237//707 2236//707 2212//707
f 2237//532 2261//532 2260//532 2236//532
f 2261//533 2285//533 2284//533 2260//533
f 2285//534 2309//534 2308//534 2284//534
f 2309//831 2333//831 2332//831 2308//831
f 2333//536 2337//536 2332//536
f 2118//537 2117//537 2093//537
f 2118//832 2142//832 2141//832 2117//832
f 2142//833 2166//833 2165//833 2141//833
f 2166//540 2190//540 2189//540 2165//540
f 2190//834 2214//834 2213//834 2189//834
f 2214//713 2238//713 2237//713 2213//713
f 2238//835 2262//835 2261//835 2237//835
f 2262//544 2286//544 2285//544 2261//544
f 2286//836 2310//836 2309//836 2285//836
f 2310//546 2334//546 2333//546 2309//546
f 2334//837 2337//837 2333//837
f 2119//838 2118//838 2093//838
f 2119//549 2143//549 2142//549 2118//549
f 2143//839 2167//839 2166//839 2142//839
f 2167//721 2191//721 2190//721 2166//721
f 2191//840 2215//840 2214//840 2190//840
f 2215//722 2239//722 2238//722 2214//722
f 2239//554 2263//554 2262//554 2238//554
f 2263//724 2287//724 2286//724 2262//724
f 2287//841 2311//841 2310//841 2286//841
f 2311//557 2335//557 2334//557 2310//557
f 2335//558 2337//558 2334//558
f 2120//559 2119//559 2093//559
f 2120//842 2144//842 2143//842 2119//842
f 2144//730 2168//730 2167//730 2143//730
f 2168//731 2192//731 2191//731 2167//731
f 2192//563 2216//563 2215//563 2191//563
f 2216//564 2240//564 2239//564 2215//564
f 2240//565 2264//565 2263//565 2239//565
f 2264//843 2288//843 2287//843 2263//843
f 2288//844 2312//844 2311//844 2287//844
f 2312//568 2336//568 2335//568 2311//568
f 2336//845 2337//845 2335//845
f 2097//570 2120//570 2093//570
f 2097//571 2121//571 2144//571 2120//571
f 2121//572 2145//572 2168//572 2144//572
f 2145//741 2169//741 2192//741 2168//741
f 2169//574 2193//574 2216//574 2192//574
f 2193//575 2217//575 2240//575 2216//575
f 2217//576 2241//576 2264//576 2240//576
f 2241//577 2265//577 2288//577 2264//577
f 2265//578 2289//578 2312//578 2288//578
f 2289//579 2313//579 2336//579 2312//579
f 2313//580 2337//580 2336//580
f 2338//581 2339//581 2340//581 2337//581
f 2096//582 2095//582 2094//582 2093//582
f 2343//322 2344//322 2342//322 2341//322
f 2345//388 2346//388 2344//388 2343//388
f 2347//454 2348//454 2346//454 2345//454
f 2341//520 2342//520 2348//520 2347//520
f 2344//581 2346//581 2348//581 2342//581
f 2345//582 2343//582 2341//582 2347//582
f 2351//322 2352//322 2350//322 2349//322
f 2353//388 2354//388 2352//388 2351//388
f 2355//454 2356//454 2354//454 2353//454
f 2349//520 2350//520 2356//520 2355//520
f 2352//581 2354//581 2356//581 2350//581
f 2353//582 2351//582 2349//582 2355//582
f 2359//322 2360//322 2358//322 2357//322
f 2361//388 2362//388 2360//388 2359//388
f 2363//454 2364//454 2362//454 2361//454
f 2357//520 2358//520 2364//520 2363//520
f 2360//581 2362//581 2364//581 2358//581
f 2361//582 2359//582 2357//582 2363//582
f 2382//583 2386//583 2385//583 2381//583
f 2386//318 2410//318 2409//318 2385//318
f 2410//319 2434//319 2433//319 2409//319
f 2434//320 2458//320 2457//320 2433//320
f 2458//321 2482//321 2481//321 2457//321
f 2482//322 2506//322 2505//322 2481//322
f 2506//323 2530//323 2529//323 2505//323
f 2530//324 2554//324 2553//324 2529//324
f 2554//325 2578//325 2577//325 2553//325
f 2578//326 2602//326 2601//326 2577//326
f 2602//846 2626//846 2625//846 2601//846
f 2387//584 2386//584 2382//584
f 2387//847 2411//847 2410//847 2386//847
f 2411//330 2435//330 2434//330 2410//330
f 2435//748 2459//748 2458//748 2434//748
f 2459//332 2483//332 2482//332 2458//332
f 2483//333 2507//333 2506//333 2482//333
f 2507//334 2531//334 2530//334 2506//334
f 2531//848 2555//848 2554//848 2530//848
f 2555//336 2579//336 2578//336 2554//336
f 2579//337 2603//337 2602//337 2578//337
f 2603//849 2626//849 2602//849
f 2388//591 2387//591 2382//591
f 2388//592 2412//592 2411//592 2387//592
f 2412//341 2436//341 2435//341 2411//341
f 2436//342 2460//342 2459//342 2435//342
f 2460//850 2484//850 2483//850 2459//850
f 2484//344 2508//344 2507//344 2483//344
f 2508//851 2532//851 2531//851 2507//851
f 2532//346 2556//346 2555//346 2531//346
f 2556//347 2580//347 2579//347 2555//347
f 2580//348 2604//348 2603//348 2579//348
f 2604//852 2626//852 2603//852
f 2389//853 2388//853 2382//853
f 2389//596 2413//596 2412//596 2388//596
f 2413//352 2437//352 2436//352 2412//352
f 2437//597 2461//597 2460//597 2436//597
f 2461//354 2485//354 2484//354 2460//354
f 2485//355 2509//355 2508//355 2484//355
f 2509//854 2533//854 2532//854 2508//854
f 2533//855 2557//855 2556//855 2532//855
f 2557//358 2581//358 2580//358 2556//358
f 2581//755 2605//755 2604//755 2580//755
f 2605//601 2626//601 2604//601
f 2390//361 2389//361 2382//361
f 2390//362 2414//362 2413//362 2389//362
f 2414//363 2438//363 2437//363 2413//363
f 2438//364 2462//364 2461//364 2437//364
f 2462//602 2486//602 2485//602 2461//602
f 2486//366 2510//366 2509//366 2485//366
f 2510//603 2534//603 2533//603 2509//603
f 2534//368 2558//368 2557//368 2533//368
f 2558//761 2582//761 2581//761 2557//761
f 2582//370 2606//370 2605//370 2581//370
f 2606//606 2626//606 2605//606
f 2391//372 2390//372 2382//372
f 2391//373 2415//373 2414//373 2390//373
f 2415//374 2439//374 2438//374 2414//374
f 2439//856 2463//856 2462//856 2438//856
f 2463//607 2487//607 2486//607 2462//607
f 2487//608 2511//608 2510//608 2486//608
f 2511//609 2535//609 2534//609 2510//609
f 2535//857 2559//857 2558//857 2534//857
f 2559//380 2583//380 2582//380 2558//380
f 2583//612 2607//612 2606//612 2582//612
f 2607//382 2626//382 2606//382
f 2383//613 2392//613 2391//613 2382//613
f 2392//614 2416//614 2415//614 2391//614
f 2416//385 2440//385 2439//385 2415//385
f 2440//386 2464//386 2463//386 2439//386
f 2464//615 2488//615 2487//615 2463//615
f 2488//388 2512//388 2511//388 2487//388
f 2512//616 2536//616 2535//616 2511//616
f 2536//390 2560//390 2559//390 2535//390
f 2560//391 2584//391 2583//391 2559//391
f 2584//392 2608//392 2607//392 2583//392
f 2608//858 2627//858 2626//858 2607//858
f 2393//617 2392//617 2383//617
f 2393//859 2417//859 2416//859 2392//859
f 2417//396 2441//396 2440//396 2416//396
f 2441//860 2465//860 2464//860 2440//860
f 2465//619 2489//619 2488//619 2464//619
f 2489//620 2513//620 2512//620 2488//620
f 2513//861 2537//861 2536//861 2512//861
f 2537//862 2561//862 2560//862 2536//862
f 2561//769 2585//769 2584//769 2560//769
f 2585//770 2609//770 2608//770 2584//770
f 2609//863 2627//863 2608//863
f 2394//405 2393//405 2383//405
f 2394//864 2418//864 2417//864 2393//864
f 2418//407 2442//407 2441//407 2417//407
f 2442//626 2466//626 2465//626 2441//626
f 2466//409 2490//409 2489//409 2465//409
f 2490//410 2514//410 2513//410 2489//410
f 2514//411 2538//411 2537//411 2513//411
f 2538//865 2562//865 2561//865 2537//865
f 2562//413 2586//413 2585//413 2561//413
f 2586//866 2610//866 2609//866 2585//866
f 2610//415 2627//415 2609//415
f 2395//416 2394//416 2383//416
f 2395//867 2419//867 2418//867 2394//867
f 2419//868 2443//868 2442//868 2418//868
f 2443//869 2467//869 2466//869 2442//869
f 2467//780 2491//780 2490//780 2466//780
f 2491//870 2515//870 2514//870 2490//870
f 2515//871 2539//871 2538//871 2514//871
f 2539//872 2563//872 2562//872 2538//872
f 2563//873 2587//873 2586//873 2562//873
f 2587//874 2611//874 2610//874 2586//874
f 2611//426 2627//426 2610//426
f 2396//637 2395//637 2383//637
f 2396//784 2420//784 2419//784 2395//784
f 2420//875 2444//875 2443//875 2419//875
f 2444//430 2468//430 2467//430 2443//430
f 2468//786 2492//786 2491//786 2467//786
f 2492//432 2516//432 2515//432 2491//432
f 2516//433 2540//433 2539//433 2515//433
f 2540//434 2564//434 2563//434 2539//434
f 2564//876 2588//876 2587//876 2563//876
f 2588//877 2612//877 2611//877 2587//877
f 2612//878 2627//878 2611//878
f 2397//879 2396//879 2383//879
f 2397//439 2421//439 2420//439 2396//439
f 2421//440 2445//440 2444//440 2420//440
f 2445//441 2469//441 2468//441 2444//441
f 2469//880 2493//880 2492//880 2468//880
f 2493//647 2517//647 2516//647 2492//647
f 2517//881 2541//881 2540//881 2516//881
f 2541//445 2565//445 2564//445 2540//445
f 2565//649 2589//649 2588//649 2564//649
f 2589//650 2613//650 2612//650 2588//650
f 2613//882 2627//882 2612//882
f 2384//652 2398//652 2397//652 2383//652
f 2398//653 2422//653 2421//653 2397//653
f 2422//451 2446//451 2445//451 2421//451
f 2446//654 2470//654 2469//654 2445//654
f 2470//453 2494//453 2493//453 2469//453
f 2494//454 2518//454 2517//454 2493//454
f 2518//455 2542//455 2541//455 2517//455
f 2542//456 2566//456 2565//456 2541//456
f 2566//457 2590//457 2589//457 2565//457
f 2590//458 2614//458 2613//458 2589//458
f 2614//795 2628//795 2627//795 2613//795
f 2399//658 2398//658 2384//658
f 2399//883 2423//883 2422//883 2398//883
f 2423//462 2447//462 2446//462 2422//462
f 2447//798 2471//798 2470//798 2446//798
f 2471//884 2495//884 2494//884 2470//884
f 2495//465 2519//465 2518//465 2494//465
f 2519//885 2543//885 2542//885 2518//885
f 2543//886 2567//886 2566//886 2542//886
f 2567//661 2591//661 2590//661 2566//661
f 2591//887 2615//887 2614//887 2590//887
f 2615//888 2628//888 2614//888
f 2400//471 2399//471 2384//471
f 2400//889 2424//889 2423//889 2399//889
f 2424//473 2448//473 2447//473 2423//473
f 2448//667 2472//667 2471//667 2447//667
f 2472//890 2496//890 2495//890 2471//890
f 2496//476 2520//476 2519//476 2495//476
f 2520//891 2544//891 2543//891 2519//891
f 2544//671 2568//671 2567//671 2543//671
f 2568//804 2592//804 2591//804 2567//804
f 2592//892 2616//892 2615//892 2591//892
f 2616//893 2628//893 2615//893
f 2401//894 2400//894 2384//894
f 2401//895 2425//895 2424//895 2400//895
f 2425//896 2449//896 2448//896 2424//896
f 2449//897 2473//897 2472//897 2448//897
f 2473//486 2497//486 2496//486 2472//486
f 2497//487 2521//487 2520//487 2496//487
f 2521//898 2545//898 2544//898 2520//898
f 2545//899 2569//899 2568//899 2544//899
f 2569//900 2593//900 2592//900 2568//900
f 2593//901 2617//901 2616//901 2592//901
f 2617//902 2628//902 2616//902
f 2402//903 2401//903 2384//903
f 2402//494 2426//494 2425//494 2401//494
f 2426//683 2450//683 2449//683 2425//683
f 2450//904 2474//904 2473//904 2449//904
f 2474//905 2498//905 2497//905 2473//905
f 2498//818 2522//818 2521//818 2497//818
f 2522//499 2546//499 2545//499 2521//499
f 2546//906 2570//906 2569//906 2545//906
f 2570//501 2594//501 2593//501 2569//501
f 2594//907 2618//907 2617//907 2593//907
f 2618//908 2628//908 2617//908
f 2403//691 2402//691 2384//691
f 2403//692 2427//692 2426//692 2402//692
f 2427//693 2451//693 2450//693 2426//693
f 2451//823 2475//823 2474//823 2450//823
f 2475//909 2499//909 2498//909 2474//909
f 2499//824 2523//824 2522//824 2498//824
f 2523//910 2547//910 2546//910 2522//910
f 2547//825 2571//825 2570//825 2546//825
f 2571//512 2595//512 2594//512 2570//512
f 2595//700 2619//700 2618//700 2594//700
f 2619//827 2628//827 2618//827
f 2381//701 2404//701 2403//701 2384//701
f 2404//702 2428//702 2427//702 2403//702
f 2428//517 2452//517 2451//517 2427//517
f 2452//518 2476//518 2475//518 2451//518
f 2476//519 2500//519 2499//519 2475//519
f 2500//520 2524//520 2523//520 2499//520
f 2524//521 2548//521 2547//521 2523//521
f 2548//522 2572//522 2571//522 2547//522
f 2572//523 2596//523 2595//523 2571//523
f 2596//524 2620//524 2619//524 2595//524
f 2620//911 2625//911 2628//911 2619//911
f 2405//526 2404//526 2381//526
f 2405//706 2429//706 2428//706 2404//706
f 2429//528 2453//528 2452//528 2428//528
f 2453//529 2477//529 2476//529 2452//529
f 2477//912 2501//912 2500//912 2476//912
f 2501//707 2525//707 2524//707 2500//707
f 2525//913 2549//913 2548//913 2524//913
f 2549//533 2573//533 2572//533 2548//533
f 2573//534 2597//534 2596//534 2572//534
f 2597//710 2621//710 2620//710 2596//710
f 2621//536 2625//536 2620//536
f 2406//914 2405//914 2381//914
f 2406//538 2430//538 2429//538 2405//538
f 2430//539 2454//539 2453//539 2429//539
f 2454//540 2478//540 2477//540 2453//540
f 2478//834 2502//834 2501//834 2477//834
f 2502//713 2526//713 2525//713 2501//713
f 2526//835 2550//835 2549//835 2525//835
f 2550//544 2574//544 2573//544 2549//544
f 2574//545 2598//545 2597//545 2573//545
f 2598//915 2622//915 2621//915 2597//915
f 2622//547 2625//547 2621//547
f 2407//916 2406//916 2381//916
f 2407//549 2431//549 2430//549 2406//549
f 2431//550 2455//550 2454//550 2430//550
f 2455//917 2479//917 2478//917 2454//917
f 2479//552 2503//552 2502//552 2478//552
f 2503//722 2527//722 2526//722 2502//722
f 2527//723 2551//723 2550//723 2526//723
f 2551//918 2575//918 2574//918 2550//918
f 2575//556 2599//556 2598//556 2574//556
f 2599//557 2623//557 2622//557 2598//557
f 2623//919 2625//919 2622//919
f 2408//920 2407//920 2381//920
f 2408//729 2432//729 2431//729 2407//729
f 2432//730 2456//730 2455//730 2431//730
f 2456//731 2480//731 2479//731 2455//731
f 2480//921 2504//921 2503//921 2479//921
f 2504//564 2528//564 2527//564 2503//564
f 2528//922 2552//922 2551//922 2527//922
f 2552//843 2576//843 2575//843 2551//843
f 2576//844 2600//844 2599//844 2575//844
f 2600//737 2624//737 2623//737 2599//737
f 2624//923 2625//923 2623//923
f 2385//739 2408//739 2381//739
f 2385//571 2409//571 2432//571 2408//571
f 2409//572 2433//572 2456//572 2432//572
f 2433//573 2457//573 2480//573 2456//573
f 2457//742 2481//742 2504//742 2480//742
f 2481//575 2505//575 2528//575 2504//575
f 2505//743 2529//743 2552//743 2528//743
f 2529//577 2553//577 2576//577 2552//577
f 2553//578 2577//578 2600//578 2576//578
f 2577//579 2601//579 2624//579 2600//579
f 2601//924 2625//924 2624//924
f 2626//581 2627//581 2628//581 2625//581
f 2384//582 2383//582 2382//582 2381//582
usemtl wood
f 2367//322 2368//322 2366//322 2365//322
f 2369//388 2370//388 2368//388 2367//388
f 2371//454 2372//454 2370//454 2369//454
f 2365//520 2366//520 2372//520 2371//520
f 2368//581 2370//581 2372//581 2366//581
f 2369//582 2367//582 2365//582 2371//582
f 2375//322 2376//322 2374//322 2373//322
f 2377//388 2378//388 2376//388 2375//388
f 2379//454 2380//454 2378//454 2377//454
f 2373//520 2374//520 2380//520 2379//520
f 2376//581 2378//581 2380//581 2374//581
f 2377//582 2375//582 2373//582 2379//582
usemtl wood
f 2630//925 2654//925 2653//925 2629//925
f 2654//926 2706//926 2705//926 2653//926
f 2706//927 2758//927 2757//927 2705//927
f 2758//319 2810//319 2809//319 2757//319
f 2810//928 2862//928 2861//928 2809//928
f 2862//929 2914//929 2913//929 2861//929
f 2914//930 2966//930 2965//930 2913//930
f 2966//322 3018//322 3017//322 2965//322
f 3018//931 3070//931 3069//931 3017//931
f 3070//932 3122//932 3121//932 3069//932
f 3122//933 3174//933 3173//933 3121//933
f 3174//325 3226//325 3225//325 3173//325
f 3226//934 3278//934 3277//934 3225//934
f 3278//935 3330//935 3329//935 3277//935
f 3330//936 3382//936 3381//936 3329//936
f 2631//925 2655//925 2654//925 2630//925
f 2655//926 2707//926 2706//926 2654//926
f 2707//927 2759//927 2758//927 2706//927
f 2759//319 2811//319 2810//319 2758//319
f 2811//928 2863//928 2862//928 2810//928
f 2863//929 2915//929 2914//929 2862//929
f 2915//930 2967//930 2966//930 2914//930
f 3406//322 3416//322 3415//322 3405//322
f 3019//931 3071//931 3070//931 3018//931
f 3071//932 3123//932 3122//932 3070//932
f 3123//933 3175//933 3174//933 3122//933
f 3175//325 3227//325 3226//325 3174//325
f 3227//934 3279//934 3278//934 3226//934
f 3279//935 3331//935 3330//935 3278//935
f 3331//936 3383//936 3382//936 3330//936
f 2632//925 2656//925 2655//925 2631//925
f 2656//926 2708//926 2707//926 2655//926
f 2708//927 2760//927 2759//927 2707//927
f 2760//319 2812//319 2811//319 2759//319
f 2812//928 2864//928 2863//928 2811//928
f 2864//929 2916//929 2915//929 2863//929
f 2916//930 2968//930 2967//930 2915//930
f 3407//322 3417//322 3416//322 3406//322
f 3020//931 3072//931 3071//931 3019//931
f 3072//932 3124//932 3123//932 3071//932
f 3124//933 3176//933 3175//933 3123//933
f 3176//325 3228//325 3227//325 3175//325
f 3228//934 3280//934 3279//934 3227//934
f 3280//935 3332//935 3331//935 3279//935
f 3332//936 3384//936 3383//936 3331//936
f 2633//925 2657//925 2656//925 2632//925
f 2657//926 2709//926 2708//926 2656//926
f 2709//927 2761//927 2760//927 2708//927
f 2761//319 2813//319 2812//319 2760//319
f 2813//928 2865//928 2864//928 2812//928
f 2865//929 2917//929 2916//929 2864//929
f 2917//930 2969//930 2968//930 2916//930
f 3408//322 3418//322 3417//322 3407//322
f 3021//931 3073//931 3072//931 3020//931
f 3073//932 3125//932 3124//932 3072//932
f 3125//933 3177//933 3176//933 3124//933
f 3177//325 3229//325 3228//325 3176//325
f 3229//934 3281//934 3280//934 3228//934
f 3281//935 3333//935 3332//935 3280//935
f 3333//936 3385//936 3384//936 3332//936
f 2634//925 2658//925 2657//925 2633//925
f 2658//926 2710//926 2709//926 2657//926
f 2710//927 2762//927 2761//927 2709//927
f 2762//319 2814//319 2813//319 2761//319
f 2814//928 2866//928 2865//928 2813//928
f 2866//929 2918//929 2917//929 2865//929
f 2918//930 2970//930 2969//930 2917//930
f 3409//322 3419//322 3418//322 3408//322
f 3022//931 3074//931 3073//931 3021//931
f 3074//932 3126//932 3125//932 3073//932
f 3126//933 3178//933 3177//933 3125//933
f 3178//325 3230//325 3229//325 3177//325
f 3230//934 3282//934 3281//934 3229//934
f 3282//935 3334//935 3333//935 3281//935
f 3334//936 3386//936 3385//936 3333//936
f 2635//925 2659//925 2658//925 2634//925
f 2659//926 2711//926 2710//926 2658//926
f 2711//927 2763//927 2762//927 2710//927
f 2763//319 2815//319 2814//319 2762//319
f 2815//928 2867//928 2866//928 2814//928
f 2867//929 2919//929 2918//929 2866//929
f 2919//930 2971//930 2970//930 2918//930
f 3410//322 3420//322 3419//322 3409//322
f 3023//931 3075//931 3074//931 3022//931
f 3075//932 3127//932 3126//932 3074//932
f 3127//933 3179//933 3178//933 3126//933
f 3179//325 3231//325 3230//325 3178//325
f 3231//934 3283//934 3282//934 3230//934
f 3283//935 3335//935 3334//935 3282//935
f 3335//936 3387//936 3386//936 3334//936
f 2636//925 2660//925 2659//925 2635//925
f 2660//926 2712//926 2711//926 2659//926
f 2712//927 2764//927 2763//927 2711//927
f 2764//319 2816//319 2815//319 2763//319
f 2816//928 2868//928 2867//928 2815//928
f 2868//929 2920//929 2919//929 2867//929
f 2920//930 2972//930 2971//930 2919//930
f 3411//322 3421//322 3420//322 3410//322
f 3024//931 3076//931 3075//931 3023//931
f 3076//932 3128//932 3127//932 3075//932
f 3128//933 3180//933 3179//933 3127//933
f 3180//325 3232//325 3231//325 3179//325
f 3232//934 3284//934 3283//934 3231//934
f 3284//935 3336//935 3335//935 3283//935
f 3336//936 3388//936 3387//936 3335//936
f 2637//925 2661//925 2660//925 2636//925
f 2661//926 2713//926 2712//926 2660//926
f 2713//927 2765//927 2764//927 2712//927
f 2765//319 2817//319 2816//319 2764//319
f 2817//928 2869//928 2868//928 2816//928
f 2869//929 2921//929 2920//929 2868//929
f 2921//930 2973//930 2972//930 2920//930
f 3412//322 3422//322 3421//322 3411//322
f 3025//931 3077//931 3076//931 3024//931
f 3077//932 3129//932 3128//932 3076//932
f 3129//933 3181//933 3180//933 3128//933
f 3181//325 3233//325 3232//325 3180//325
f 3233//934 3285//934 3284//934 3232//934
f 3285//935 3337//935 3336//935 3284//935
f 3337//936 3389//936 3388//936 3336//936
f 2638//925 2662//925 2661//925 2637//925
f 2662//926 2714//926 2713//926 2661//926
f 2714//927 2766//927 2765//927 2713//927
f 2766//319 2818//319 2817//319 2765//319
f 2818//928 2870//928 2869//928 2817//928
f 2870//929 2922//929 2921//929 2869//929
f 2922//930 2974//930 2973//930 2921//930
f 3413//322 3423//322 3422//322 3412//322
f 3026//931 3078//931 3077//931 3025//931
f 3078//932 3130//932 3129//932 3077//932
f 3130//933 3182//933 3181//933 3129//933
f 3182//325 3234//325 3233//325 3181//325
f 3234//934 3286//934 3285//934 3233//934
f 3286//935 3338//935 3337//935 3285//935
f 3338//936 3390//936 3389//936 3337//936
f 2639//925 2663//925 2662//925 2638//925
f 2663//926 2715//926 2714//926 2662//926
f 2715//927 2767//927 2766//927 2714//927
f 2767//319 2819//319 2818//319 2766//319
f 2819//928 2871//928 2870//928 2818//928
f 2871//929 2923//929 2922//929 2870//929
f 2923//930 2975//930 2974//930 2922//930
f 3414//322 3424//322 3423//322 3413//322
f 3027//931 3079//931 3078//931 3026//931
f 3079//932 3131//932 3130//932 3078//932
f 3131//933 3183//933 3182//933 3130//933
f 3183//325 3235//325 3234//325 3182//325
f 3235//934 3287//934 3286//934 3234//934
f 3287//935 3339//935 3338//935 3286//935
f 3339//936 3391//936 3390//936 3338//936
f 2640//925 2664//925 2663//925 2639//925
f 2664//926 2716//926 2715//926 2663//926
f 2716//927 2768//927 2767//927 2715//927
f 2768//319 2820//319 2819//319 2767//319
f 2820//928 2872//928 2871//928 2819//928
f 2872//929 2924//929 2923//929 2871//929
f 2924//930 2976//930 2975//930 2923//930
f 2976//322 3028//322 3027//322 2975//322
f 3028//931 3080//931 3079//931 3027//931
f 3080//932 3132//932 3131//932 3079//932
f 3132//933 3184//933 3183//933 3131//933
f 3184//325 3236//325 3235//325 3183//325
f 3236//934 3288//934 3287//934 3235//934
f 3288//935 3340//935 3339//935 3287//935
f 3340//936 3392//936 3391//936 3339//936
f 2665//937 2664//937 2640//937
f 2665//938 2717//938 2716//938 2664//938
f 2717//939 2769//939 2768//939 2716//939
f 2769//940 2821//940 2820//940 2768//940
f 2821//941 2873//941 2872//941 2820//941
f 2873//942 2925//942 2924//942 2872//942
f 2925//943 2977//943 2976//943 2924//943
f 2977//944 3029//944 3028//944 2976//944
f 3029//945 3081//945 3080//945 3028//945
f 3081//946 3133//946 3132//946 3080//946
f 3133//947 3185//947 3184//947 3132//947
f 3185//948 3237//948 3236//948 3184//948
f 3237//949 3289//949 3288//949 3236//949
f 3289//950 3341//950 3340//950 3288//950
f 3341//951 3392//951 3340//951
f 2666//952 2665//952 2640//952
f 2666//953 2718//953 2717//953 2665//953
f 2718//954 2770//954 2769//954 2717//954
f 2770//955 2822//955 2821//955 2769//955
f 2822//956 2874//956 2873//956 2821//956
f 2874//957 2926//957 2925//957 2873//957
f 2926//958 2978//958 2977//958 2925//958
f 2978//959 3030//959 3029//959 2977//959
f 3030//960 3082//960 3081//960 3029//960
f 3082//961 3134//961 3133//961 3081//961
f 3134//962 3186//962 3185//962 3133//962
f 3186//963 3238//963 3237//963 3185//963
f 3238//964 3290//964 3289//964 3237//964
f 3290//965 3342//965 3341//965 3289//965
f 3342//966 3392//966 3341//966
f 2667//967 2666//967 2640//967
f 2667//968 2719//968 2718//968 2666//968
f 2719//969 2771//969 2770//969 2718//969
f 2771//970 2823//970 2822//970 2770//970
f 2823//971 2875//971 2874//971 2822//971
f 2875//972 2927//972 2926//972 2874//972
f 2927//973 2979//973 2978//973 2926//973
f 2979//974 3031//974 3030//974 2978//974
f 3031//975 3083//975 3082//975 3030//975
f 3083//976 3135//976 3134//976 3082//976
f 3135//977 3187//977 3186//977 3134//977
f 3187//978 3239//978 3238//978 3186//978
f 3239//979 3291//979 3290//979 3238//979
f 3291//980 3343//980 3342//980 3290//980
f 3343//981 3392//981 3342//981
f 2668//982 2667//982 2640//982
f 2668//983 2720//983 2719//983 2667//983
f 2720//984 2772//984 2771//984 2719//984
f 2772//985 2824//985 2823//985 2771//985
f 2824//986 2876//986 2875//986 2823//986
f 2876//987 2928//987 2927//987 2875//987
f 2928//988 2980//988 2979//988 2927//988
f 2980//989 3032//989 3031//989 2979//989
f 3032//990 3084//990 3083//990 3031//990
f 3084//991 3136//991 3135//991 3083//991
f 3136//992 3188//992 3187//992 3135//992
f 3188//993 3240//993 3239//993 3187//993
f 3240//994 3292//994 3291//994 3239//994
f 3292//995 3344//995 3343//995 3291//995
f 3344//996 3392//996 3343//996
f 2669//997 2668//997 2640//997
f 2669//998 2721//998 2720//998 2668//998
f 2721//999 2773//999 2772//999 2720//999
f 2773//1000 2825//1000 2824//1000 2772//1000
f 2825//1001 2877//1001 2876//1001 2824//1001
f 2877//1002 2929//1002 2928//1002 2876//1002
f 2929//1003 2981//1003 2980//1003 2928//1003
f 2981//1004 3033//1004 3032//1004 2980//1004
f 3033//1005 3085//1005 3084//1005 3032//1005
f 3085//1006 3137//1006 3136//1006 3084//1006
f 3137//1007 3189//1007 3188//1007 3136//1007
f 3189//1008 3241//1008 3240//1008 3188//1008
f 3241//1009 3293//1009 3292//1009 3240//1009
f 3293//1010 3345//1010 3344//1010 3292//1010
f 3345//1011 3392//1011 3344//1011
f 2670//1012 2669//1012 2640//1012
f 2670//1013 2722//1013 2721//1013 2669//1013
f 2722//1014 2774//1014 2773//1014 2721//1014
f 2774//1015 2826//1015 2825//1015 2773//1015
f 2826//1016 2878//1016 2877//1016 2825//1016
f 2878//1017 2930//1017 2929//1017 2877//1017
f 2930//1018 2982//1018 2981//1018 2929//1018
f 2982//1019 3034//1019 3033//1019 2981//1019
f 3034//1020 3086//1020 3085//1020 3033//1020
f 3086//1021 3138//1021 3137//1021 3085//1021
f 3138//1022 3190//1022 3189//1022 3137//1022
f 3190//1023 3242//1023 3241//1023 3189//1023
f 3242//1024 3294//1024 3293//1024 3241//1024
f 3294//1025 3346//1025 3345//1025 3293//1025
f 3346//1026 3392//1026 3345//1026
f 2671//1027 2670//1027 2640//1027
f 2671//1028 2723//1028 2722//1028 2670//1028
f 2723//1029 2775//1029 2774//1029 2722//1029
f 2775//1030 2827//1030 2826//1030 2774//1030
f 2827//1031 2879//1031 2878//1031 2826//1031
f 2879//1032 2931//1032 2930//1032 2878//1032
f 2931//1033 2983//1033 2982//1033 2930//1033
f 2983//1034 3035//1034 3034//1034 2982//1034
f 3035//1035 3087//1035 3086//1035 3034//1035
f 3087//1036 3139//1036 3138//1036 3086//1036
f 3139//1037 3191//1037 3190//1037 3138//1037
f 3191//1038 3243//1038 3242//1038 3190//1038
f 3243//1039 3295//1039 3294//1039 3242//1039
f 3295//1040 3347//1040 3346//1040 3294//1040
f 3347//1041 3392//1041 3346//1041
f 2641//1042 2672//1042 2671//1042 2640//1042
f 2672//1043 2724//1043 2723//1043 2671//1043
f 2724//1044 2776//1044 2775//1044 2723//1044
f 2776//1045 2828//1045 2827//1045 2775//1045
f 2828//1046 2880//1046 2879//1046 2827//1046
f 2880//1047 2932//1047 2931//1047 2879//1047
f 2932//1048 2984//1048 2983//1048 2931//1048
f 2984//388 3036//388 3035//388 2983//388
f 3036//1049 3088//1049 3087//1049 3035//1049
f 3088//1050 3140//1050 3139//1050 3087//1050
f 3140//1051 3192//1051 3191//1051 3139//1051
f 3192//1052 3244//1052 3243//1052 3191//1052
f 3244//1053 3296//1053 3295//1053 3243//1053
f 3296//1054 3348//1054 3347//1054 3295//1054
f 3348//1055 3393//1055 3392//1055 3347//1055
f 2673//1056 2672//1056 2641//1056
f 2673//1057 2725//1057 2724//1057 2672//1057
f 2725//1058 2777//1058 2776//1058 2724//1058
f 2777//1059 2829//1059 2828//1059 2776//1059
f 2829//1060 2881//1060 2880//1060 2828//1060
f 2881//1061 2933//1061 2932//1061 2880//1061
f 2933//1062 2985//1062 2984//1062 2932//1062
f 2985//1063 3037//1063 3036//1063 2984//1063
f 3037//1064 3089//1064 3088//1064 3036//1064
f 3089//1065 3141//1065 3140//1065 3088//1065
f 3141//1066 3193//1066 3192//1066 3140//1066
f 3193//1067 3245//1067 3244//1067 3192//1067
f 3245//1068 3297//1068 3296//1068 3244//1068
f 3297//1069 3349//1069 3348//1069 3296//1069
f 3349//1070 3393//1070 3348//1070
f 2674//1071 2673//1071 2641//1071
f 2674//1072 2726//1072 2725//1072 2673//1072
f 2726//1073 2778//1073 2777//1073 2725//1073
f 2778//1074 2830//1074 2829//1074 2777//1074
f 2830//1075 2882//1075 2881//1075 2829//1075
f 2882//1076 2934//1076 2933//1076 2881//1076
f 2934//1077 2986//1077 2985//1077 2933//1077
f 2986//1078 3038//1078 3037//1078 2985//1078
f 3038//1079 3090//1079 3089//1079 3037//1079
f 3090//1080 3142//1080 3141//1080 3089//1080
f 3142//1081 3194//1081 3193//1081 3141//1081
f 3194//1082 3246//1082 3245//1082 3193//1082
f 3246//1083 3298//1083 3297//1083 3245//1083
f 3298//1084 3350//1084 3349//1084 3297//1084
f 3350//1085 3393//1085 3349//1085
f 2675//1086 2674//1086 2641//1086
f 2675//1087 2727//1087 2726//1087 2674//1087
f 2727//1088 2779//1088 2778//1088 2726//1088
f 2779//1089 2831//1089 2830//1089 2778//1089
f 2831//1090 2883//1090 2882//1090 2830//1090
f 2883//1091 2935//1091 2934//1091 2882//1091
f 2935//1092 2987//1092 2986//1092 2934//1092
f 2987//1093 3039//1093 3038//1093 2986//1093
f 3039//1094 3091//1094 3090//1094 3038//1094
f 3091//1095 3143//1095 3142//1095 3090//1095
f 3143//1096 3195//1096 3194//1096 3142//1096
f 3195//1097 3247//1097 3246//1097 3194//1097
f 3247//1098 3299//1098 3298//1098 3246//1098
f 3299//1099 3351//1099 3350//1099 3298//1099
f 3351//1100 3393//1100 3350//1100
f 2676//1101 2675//1101 2641//1101
f 2676//1102 2728//1102 2727//1102 2675//1102
f 2728//1103 2780//1103 2779//1103 2727//1103
f 2780//1104 2832//1104 2831//1104 2779//1104
f 2832//1105 2884//1105 2883//1105 2831//1105
f 2884//1106 2936//1106 2935//1106 2883//1106
f 2936//1107 2988//1107 2987//1107 2935//1107
f 2988//1108 3040//1108 3039//1108 2987//1108
f 3040//1109 3092//1109 3091//1109 3039//1109
f 3092//1110 3144//1110 3143//1110 3091//1110
f 3144//1111 3196//1111 3195//1111 3143//1111
f 3196//1112 3248//1112 3247//1112 3195//1112
f 3248//1113 3300//1113 3299//1113 3247//1113
f 3300//1114 3352//1114 3351//1114 3299//1114
f 3352//1115 3393//1115 3351//1115
f 2677//1116 2676//1116 2641//1116
f 2677//1117 2729//1117 2728//1117 2676//1117
f 2729//1118 2781//1118 2780//1118 2728//1118
f 2781//1119 2833//1119 2832//1119 2780//1119
f 2833//1120 2885//1120 2884//1120 2832//1120
f 2885//1121 2937//1121 2936//1121 2884//1121
f 2937//1122 2989//1122 2988//1122 2936//1122
f 2989//1123 3041//1123 3040//1123 2988//1123
f 3041//1124 3093//1124 3092//1124 3040//1124
f 3093//1125 3145//1125 3144//1125 3092//1125
f 3145//1126 3197//1126 3196//1126 3144//1126
f 3197//1127 3249//1127 3248//1127 3196//1127
f 3249//1128 3301//1128 3300//1128 3248//1128
f 3301//1129 3353//1129 3352//1129 3300//1129
f 3353//1130 3393//1130 3352//1130
f 2678//1131 2677//1131 2641//1131
f 2678//1132 2730//1132 2729//1132 2677//1132
f 2730//1133 2782//1133 2781//1133 2729//1133
f 2782//1134 2834//1134 2833//1134 2781//1134
f 2834//1135 2886//1135 2885//1135 2833//1135
f 2886//1136 2938//1136 2937//1136 2885//1136
f 2938//1137 2990//1137 2989//1137 2937//1137
f 2990//1138 3042//1138 3041//1138 2989//1138
f 3042//1139 3094//1139 3093//1139 3041//1139
f 3094//1140 3146//1140 3145//1140 3093//1140
f 3146//1141 3198//1141 3197//1141 3145//1141
f 3198//1142 3250//1142 3249//1142 3197//1142
f 3250//1143 3302//1143 3301//1143 3249//1143
f 3302//1144 3354//1144 3353//1144 3301//1144
f 3354//1145 3393//1145 3353//1145
f 2679//1146 2678//1146 2641//1146
f 2679//1147 2731//1147 2730//1147 2678//1147
f 2731//1148 2783//1148 2782//1148 2730//1148
f 2783//1149 2835//1149 2834//1149 2782//1149
f 2835//1150 2887//1150 2886//1150 2834//1150
f 2887//1151 2939//1151 2938//1151 2886//1151
f 2939//1152 2991//1152 2990//1152 2938//1152
f 2991//1153 3043//1153 3042//1153 2990//1153
f 3043//1154 3095//1154 3094//1154 3042//1154
f 3095//1155 3147//1155 3146//1155 3094//1155
f 3147//1156 3199//1156 3198//1156 3146//1156
f 3199//1157 3251//1157 3250//1157 3198//1157
f 3251//1158 3303//1158 3302//1158 3250//1158
f 3303//1159 3355//1159 3354//1159 3302//1159
f 3355//1160 3393//1160 3354//1160
f 2642//1161 2680//1161 2679//1161 2641//1161
f 2680//1162 2732//1162 2731//1162 2679//1162
f 2732//1163 2784//1163 2783//1163 2731//1163
f 2784//451 2836//451 2835//451 2783//451
f 2836//1164 2888//1164 2887//1164 2835//1164
f 2888//1165 2940//1165 2939//1165 2887//1165
f 2940//1166 2992//1166 2991//1166 2939//1166
f 2992//454 3044//454 3043//454 2991//454
f 3044//1167 3096//1167 3095//1167 3043//1167
f 3096//1168 3148//1168 3147//1168 3095//1168
f 3148//1169 3200//1169 3199//1169 3147//1169
f 3200//457 3252//457 3251//457 3199//457
f 3252//1170 3304//1170 3303//1170 3251//1170
f 3304//1171 3356//1171 3355//1171 3303//1171
f 3356//1172 3394//1172 3393//1172 3355//1172
f 2643//1161 2681//1161 2680//1161 2642//1161
f 2681//1162 2733//1162 2732//1162 2680//1162
f 2733//1163 2785//1163 2784//1163 2732//1163
f 2785//451 2837//451 2836//451 2784//451
f 2837//1164 2889//1164 2888//1164 2836//1164
f 2889//1165 2941//1165 2940//1165 2888//1165
f 2941//1166 2993//1166 2992//1166 2940//1166
f 2993//454 3045//454 3044//454 2992//454
f 3045//1167 3097//1167 3096//1167 3044//1167
f 3097//1168 3149//1168 3148//1168 3096//1168
f 3149//1169 3201//1169 3200//1169 3148//1169
f 3201//457 3253//457 3252//457 3200//457
f 3253//1170 3305//1170 3304//1170 3252//1170
f 3305//1171 3357//1171 3356//1171 3304//1171
f 3357//1172 3395//1172 3394//1172 3356//1172
f 2644//1161 2682//1161 2681//1161 2643//1161
f 2682//1162 2734//1162 2733//1162 2681//1162
f 2734//1163 2786//1163 2785//1163 2733//1163
f 2786//451 2838//451 2837//451 2785//451
f 2838//1164 2890//1164 2889//1164 2837//1164
f 2890//1165 2942//1165 2941//1165 2889//1165
f 2942//1166 2994//1166 2993//1166 2941//1166
f 2994//454 3046//454 3045//454 2993//454
f 3046//1167 3098//1167 3097//1167 3045//1167
f 3098//1168 3150//1168 3149//1168 3097//1168
f 3150//1169 3202//1169 3201//1169 3149//1169
f 3202//457 3254//457 3253//457 3201//457
f 3254//1170 3306//1170 3305//1170 3253//1170
f 3306//1171 3358//1171 3357//1171 3305//1171
f 3358//1172 3396//1172 3395//1172 3357//1172
f 2645//1161 2683//1161 2682//1161 2644//1161
f 2683//1162 2735//1162 2734//1162 2682//1162
f 2735//1163 2787//1163 2786//1163 2734//1163
f 2787//451 2839//451 2838//451 2786//451
f 2839//1164 2891//1164 2890//1164 2838//1164
f 2891//1165 2943//1165 2942//1165 2890//1165
f 2943//1166 2995//1166 2994//1166 2942//1166
f 2995//454 3047//454 3046//454 2994//454
f 3047//1167 3099//1167 3098//1167 3046//1167
f 3099//1168 3151//1168 3150//1168 3098//1168
f 3151//1169 3203//1169 3202//1169 3150//1169
f 3203//457 3255//457 3254//457 3202//457
f 3255//1170 3307//1170 3306//1170 3254//1170
f 3307//1171 3359//1171 3358//1171 3306//1171
f 3359//1172 3397//1172 3396//1172 3358//1172
f 2646//1161 2684//1161 2683//1161 2645//1161
f 2684//1162 2736//1162 2735//1162 2683//1162
f 2736//1163 2788//1163 2787//1163 2735//1163
f 2788//451 2840//451 2839//451 2787//451
f 2840//1164 2892//1164 2891//1164 2839//1164
f 2892//1165 2944//1165 2943//1165 2891//1165
f 2944//1166 2996//1166 2995//1166 2943//1166
f 2996//454 3048//454 3047//454 2995//454
f 3048//1167 3100//1167 3099//1167 3047//1167
f 3100//1168 3152//1168 3151//1168 3099//1168
f 3152//1169 3204//1169 3203//1169 3151//1169
f 3204//457 3256//457 3255//457 3203//457
f 3256//1170 3308//1170 3307//1170 3255//1170
f 3308//1171 3360//1171 3359//1171 3307//1171
f 3360//1172 3398//1172 3397//1172 3359//1172
f 2647//1161 2685//1161 2684//1161 2646//1161
f 2685//1162 2737//1162 2736//1162 2684//1162
f 2737//1163 2789//1163 2788//1163 2736//1163
f 2789//451 2841//451 2840//451 2788//451
f 2841//1164 2893//1164 2892//1164 2840//1164
f 2893//1165 2945//1165 2944//1165 2892//1165
f 2945//1166 2997//1166 2996//1166 2944//1166
f 2997//454 3049//454 3048//454 2996//454
f 3049//1167 3101//1167 3100//1167 3048//1167
f 3101//1168 3153//1168 3152//1168 3100//1168
f 3153//1169 3205//1169 3204//1169 3152//1169
f 3205//457 3257//457 3256//457 3204//457
f 3257//1170 3309//1170 3308//1170 3256//1170
f 3309//1171 3361//1171 3360//1171 3308//1171
f 3361//1172 3399//1172 3398//1172 3360//1172
f 2648//1161 2686//1161 2685//1161 2647//1161
f 2686//1162 2738//1162 2737//1162 2685//1162
f 2738//1163 2790//1163 2789//1163 2737//1163
f 2790//451 2842//451 2841//451 2789//451
f 2842//1164 2894//1164 2893//1164 2841//1164
f 2894//1165 2946//1165 2945//1165 2893//1165
f 2946//1166 2998//1166 2997//1166 2945//1166
f 2998//454 3050//454 3049//454 2997//454
f 3050//1167 3102//1167 3101//1167 3049//1167
f 3102//1168 3154//1168 3153//1168 3101//1168
f 3154//1169 3206//1169 3205//1169 3153//1169
f 3206//457 3258//457 3257//457 3205//457
f 3258//1170 3310//1170 3309//1170 3257//1170
f 3310//1171 3362//1171 3361//1171 3309//1171
f 3362//1172 3400//1172 3399//1172 3361//1172
f 2649//1161 2687//1161 2686//1161 2648//1161
f 2687//1162 2739//1162 2738//1162 2686//1162
f 2739//1163 2791//1163 2790//1163 2738//1163
f 2791//451 2843//451 2842//451 2790//451
f 2843//1164 2895//1164 2894//1164 2842//1164
f 2895//1165 2947//1165 2946//1165 2894//1165
f 2947//1166 2999//1166 2998//1166 2946//1166
f 2999//454 3051//454 3050//454 2998//454
f 3051//1167 3103//1167 3102//1167 3050//1167
f 3103//1168 3155//1168 3154//1168 3102//1168
f 3155//1169 3207//1169 3206//1169 3154//1169
f 3207//457 3259//457 3258//457 3206//457
f 3259//1170 3311//1170 3310//1170 3258//1170
f 3311//1171 3363//1171 3362//1171 3310//1171
f 3363//1172 3401//1172 3400//1172 3362//1172
f 2650//1161 2688//1161 2687//1161 2649//1161
f 2688//1162 2740//1162 2739//1162 2687//1162
f 2740//1163 2792//1163 2791//1163 2739//1163
f 2792//451 2844//451 2843//451 2791//451
f 2844//1164 2896//1164 2895//1164 2843//1164
f 2896//1165 2948//1165 2947//1165 2895//1165
f 2948//1166 3000//1166 2999//1166 2947//1166
f 3000//454 3052//454 3051//454 2999//454
f 3052//1167 3104//1167 3103//1167 3051//1167
f 3104//1168 3156//1168 3155//1168 3103//1168
f 3156//1169 3208//1169 3207//1169 3155//1169
f 3208//457 3260//457 3259//457 3207//457
f 3260//1170 3312//1170 3311//1170 3259//1170
f 3312//1171 3364//1171 3363//1171 3311//1171
f 3364//1172 3402//1172 3401//1172 3363//1172
f 2651//1161 2689//1161 2688//1161 2650//1161
f 2689//1162 2741//1162 2740//1162 2688//1162
f 2741//1163 2793//1163 2792//1163 2740//1163
f 2793//451 2845//451 2844//451 2792//451
f 2845//1164 2897//1164 2896//1164 2844//1164
f 2897//1165 2949//1165 2948//1165 2896//1165
f 2949//1166 3001//1166 3000//1166 2948//1166
f 3001//454 3053//454 3052//454 3000//454
f 3053//1167 3105//1167 3104//1167 3052//1167
f 3105//1168 3157//1168 3156//1168 3104//1168
f 3157//1169 3209//1169 3208//1169 3156//1169
f 3209//457 3261//457 3260//457 3208//457
f 3261//1170 3313//1170 3312//1170 3260//1170
f 3313//1171 3365//1171 3364//1171 3312//1171
f 3365//1172 3403//1172 3402//1172 3364//1172
f 2652//1161 2690//1161 2689//1161 2651//1161
f 2690//1162 2742//1162 2741//1162 2689//1162
f 2742//1163 2794//1163 2793//1163 2741//1163
f 2794//451 2846//451 2845//451 2793//451
f 2846//1164 2898//1164 2897//1164 2845//1164
f 2898//1165 2950//1165 2949//1165 2897//1165
f 2950//1166 3002//1166 3001//1166 2949//1166
f 3002//454 3054//454 3053//454 3001//454
f 3054//1167 3106//1167 3105//1167 3053//1167
f 3106//1168 3158//1168 3157//1168 3105//1168
f 3158//1169 3210//1169 3209//1169 3157//1169
f 3210//457 3262//457 3261//457 3209//457
f 3262//1170 3314//1170 3313//1170 3261//1170
f 3314//1171 3366//1171 3365//1171 3313//1171
f 3366//1172 3404//1172 3403//1172 3365//1172
f 2691//1173 2690//1173 2652//1173
f 2691//1174 2743//1174 2742//1174 2690//1174
f 2743//1175 2795//1175 2794//1175 2742//1175
f 2795//1176 2847//1176 2846//1176 2794//1176
f 2847//1177 2899//1177 2898//1177 2846//1177
f 2899//1178 2951//1178 2950//1178 2898//1178
f 2951//1179 3003//1179 3002//1179 2950//1179
f 3003//1180 3055//1180 3054//1180 3002//1180
f 3055//1181 3107//1181 3106//1181 3054//1181
f 3107//1182 3159//1182 3158//1182 3106//1182
f 3159//1183 3211//1183 3210//1183 3158//1183
f 3211//1184 3263//1184 3262//1184 3210//1184
f 3263//1185 3315//1185 3314//1185 3262//1185
f 3315//1186 3367//1186 3366//1186 3314//1186
f 3367//1187 3404//1187 3366//1187
f 2692//1188 2691//1188 2652//1188
f 2692//1189 2744//1189 2743//1189 2691//1189
f 2744//1190 2796//1190 2795//1190 2743//1190
f 2796//1191 2848//1191 2847//1191 2795//1191
f 2848//1192 2900//1192 2899//1192 2847//1192
f 2900//1193 2952//1193 2951//1193 2899//1193
f 2952//1194 3004//1194 3003//1194 2951//1194
f 3004//1195 3056//1195 3055//1195 3003//1195
f 3056//1196 3108//1196 3107//1196 3055//1196
f 3108//1197 3160//1197 3159//1197 3107//1197
f 3160//1198 3212//1198 3211//1198 3159//1198
f 3212//1199 3264//1199 3263//1199 3211//1199
f 3264//1200 3316//1200 3315//1200 3263//1200
f 3316//1201 3368//1201 3367//1201 3315//1201
f 3368//1202 3404//1202 3367//1202
f 2693//1203 2692//1203 2652//1203
f 2693//1204 2745//1204 2744//1204 2692//1204
f 2745//1205 2797//1205 2796//1205 2744//1205
f 2797//1206 2849//1206 2848//1206 2796//1206
f 2849//1207 2901//1207 2900//1207 2848//1207
f 2901//1208 2953//1208 2952//1208 2900//1208
f 2953//1209 3005//1209 3004//1209 2952//1209
f 3005//1210 3057//1210 3056//1210 3004//1210
f 3057//1211 3109//1211 3108//1211 3056//1211
f 3109//1212 3161//1212 3160//1212 3108//1212
f 3161//1213 3213//1213 3212//1213 3160//1213
f 3213//1214 3265//1214 3264//1214 3212//1214
f 3265//1215 3317//1215 3316//1215 3264//1215
f 3317//1216 3369//1216 3368//1216 3316//1216
f 3369//1217 3404//1217 3368//1217
f 2694//1218 2693//1218 2652//1218
f 2694//1219 2746//1219 2745//1219 2693//1219
f 2746//1220 2798//1220 2797//1220 2745//1220
f 2798//1221 2850//1221 2849//1221 2797//1221
f 2850//1222 2902//1222 2901//1222 2849//1222
f 2902//1223 2954//1223 2953//1223 2901//1223
f 2954//1224 3006//1224 3005//1224 2953//1224
f 3006//1225 3058//1225 3057//1225 3005//1225
f 3058//1226 3110//1226 3109//1226 3057//1226
f 3110//1227 3162//1227 3161//1227 3109//1227
f 3162//1228 3214//1228 3213//1228 3161//1228
f 3214//1229 3266//1229 3265//1229 3213//1229
f 3266//1230 3318//1230 3317//1230 3265//1230
f 3318//1231 3370//1231 3369//1231 3317//1231
f 3370//1232 3404//1232 3369//1232
f 2695//1233 2694//1233 2652//1233
f 2695//1234 2747//1234 2746//1234 2694//1234
f 2747//1235 2799//1235 2798//1235 2746//1235
f 2799//1236 2851//1236 2850//1236 2798//1236
f 2851//1237 2903//1237 2902//1237 2850//1237
f 2903//1238 2955//1238 2954//1238 2902//1238
f 2955//1239 3007//1239 3006//1239 2954//1239
f 3007//1240 3059//1240 3058//1240 3006//1240
f 3059//1241 3111//1241 3110//1241 3058//1241
f 3111//1242 3163//1242 3162//1242 3110//1242
f 3163//1243 3215//1243 3214//1243 3162//1243
f 3215//1244 3267//1244 3266//1244 3214//1244
f 3267//1245 3319//1245 3318//1245 3266//1245
f 3319//1246 3371//1246 3370//1246 3318//1246
f 3371//1247 3404//1247 3370//1247
f 2696//1248 2695//1248 2652//1248
f 2696//1249 2748//1249 2747//1249 2695//1249
f 2748//1250 2800//1250 2799//1250 2747//1250
f 2800//1251 2852//1251 2851//1251 2799//1251
f 2852//1252 2904//1252 2903//1252 2851//1252
f 2904//1253 2956//1253 2955//1253 2903//1253
f 2956//1254 3008//1254 3007//1254 2955//1254
f 3008//1255 3060//1255 3059//1255 3007//1255
f 3060//1256 3112//1256 3111//1256 3059//1256
f 3112//1257 3164//1257 3163//1257 3111//1257
f 3164//1258 3216//1258 3215//1258 3163//1258
f 3216//1259 3268//1259 3267//1259 3215//1259
f 3268//1260 3320//1260 3319//1260 3267//1260
f 3320//1261 3372//1261 3371//1261 3319//1261
f 3372//1262 3404//1262 3371//1262
f 2697//1263 2696//1263 2652//1263
f 2697//1264 2749//1264 2748//1264 2696//1264
f 2749//1265 2801//1265 2800//1265 2748//1265
f 2801//1266 2853//1266 2852//1266 2800//1266
f 2853//1267 2905//1267 2904//1267 2852//1267
f 2905//1268 2957//1268 2956//1268 2904//1268
f 2957//1269 3009//1269 3008//1269 2956//1269
f 3009//1270 3061//1270 3060//1270 3008//1270
f 3061//1271 3113//1271 3112//1271 3060//1271
f 3113//1272 3165//1272 3164//1272 3112//1272
f 3165//1273 3217//1273 3216//1273 3164//1273
f 3217//1274 3269//1274 3268//1274 3216//1274
f 3269//1275 3321//1275 3320//1275 3268//1275
f 3321//1276 3373//1276 3372//1276 3320//1276
f 3373//1277 3404//1277 3372//1277
f 2629//1278 2698//1278 2697//1278 2652//1278
f 2698//1279 2750//1279 2749//1279 2697//1279
f 2750//1280 2802//1280 2801//1280 2749//1280
f 2802//1281 2854//1281 2853//1281 2801//1281
f 2854//1282 2906//1282 2905//1282 2853//1282
f 2906//1283 2958//1283 2957//1283 2905//1283
f 2958//1284 3010//1284 3009//1284 2957//1284
f 3010//520 3062//520 3061//520 3009//520
f 3062//1285 3114//1285 3113//1285 3061//1285
f 3114//1286 3166//1286 3165//1286 3113//1286
f 3166//1287 3218//1287 3217//1287 3165//1287
f 3218//1288 3270//1288 3269//1288 3217//1288
f 3270//1289 3322//1289 3321//1289 3269//1289
f 3322//1290 3374//1290 3373//1290 3321//1290
f 3374//1291 3381//1291 3404//1291 3373//1291
f 2699//1292 2698//1292 2629//1292
f 2699//1293 2751//1293 2750//1293 2698//1293
f 2751//1294 2803//1294 2802//1294 2750//1294
f 2803//1295 2855//1295 2854//1295 2802//1295
f 2855//1296 2907//1296 2906//1296 2854//1296
f 2907//1297 2959//1297 2958//1297 2906//1297
f 2959//1298 3011//1298 3010//1298 2958//1298
f 3011//1299 3063//1299 3062//1299 3010//1299
f 3063//1300 3115//1300 3114//1300 3062//1300
f 3115//1301 3167//1301 3166//1301 3114//1301
f 3167//1302 3219//1302 3218//1302 3166//1302
f 3219//1303 3271//1303 3270//1303 3218//1303
f 3271//1304 3323//1304 3322//1304 3270//1304
f 3323//1305 3375//1305 3374//1305 3322//1305
f 3375//1306 3381//1306 3374//1306
f 2700//1307 2699//1307 2629//1307
f 2700//1308 2752//1308 2751//1308 2699//1308
f 2752//1309 2804//1309 2803//1309 2751//1309
f 2804//1310 2856//1310 2855//1310 2803//1310
f 2856//1311 2908//1311 2907//1311 2855//1311
f 2908//1312 2960//1312 2959//1312 2907//1312
f 2960//1313 3012//1313 3011//1313 2959//1313
f 3012//1314 3064//1314 3063//1314 3011//1314
f 3064//1315 3116//1315 3115//1315 3063//1315
f 3116//1316 3168//1316 3167//1316 3115//1316
f 3168//1317 3220//1317 3219//1317 3167//1317
f 3220//1318 3272//1318 3271//1318 3219//1318
f 3272//1319 3324//1319 3323//1319 3271//1319
f 3324//1320 3376//1320 3375//1320 3323//1320
f 3376//1321 3381//1321 3375//1321
f 2701//1322 2700//1322 2629//1322
f 2701//1323 2753//1323 2752//1323 2700//1323
f 2753//1324 2805//1324 2804//1324 2752//1324
f 2805//1325 2857//1325 2856//1325 2804//1325
f 2857//1326 2909//1326 2908//1326 2856//1326
f 2909//1327 2961//1327 2960//1327 2908//1327
f 2961//1328 3013//1328 3012//1328 2960//1328
f 3013//1329 3065//1329 3064//1329 3012//1329
f 3065//1330 3117//1330 3116//1330 3064//1330
f 3117//1331 3169//1331 3168//1331 3116//1331
f 3169//1332 3221//1332 3220//1332 3168//1332
f 3221//1333 3273//1333 3272//1333 3220//1333
f 3273//1334 3325//1334 3324//1334 3272//1334
f 3325//1335 3377//1335 3376//1335 3324//1335
f 3377//1336 3381//1336 3376//1336
f 2702//1337 2701//1337 2629//1337
f 2702//1338 2754//1338 2753//1338 2701//1338
f 2754//1339 2806//1339 2805//1339 2753//1339
f 2806//1340 2858//1340 2857//1340 2805//1340
f 2858//1341 2910//1341 2909//1341 2857//1341
f 2910//1342 2962//1342 2961//1342 2909//1342
f 2962//1343 3014//1343 3013//1343 2961//1343
f 3014//1344 3066//1344 3065//1344 3013//1344
f 3066//1345 3118//1345 3117//1345 3065//1345
f 3118//1346 3170//1346 3169//1346 3117//1346
f 3170//1347 3222//1347 3221//1347 3169//1347
f 3222//1348 3274//1348 3273//1348 3221//1348
f 3274//1349 3326//1349 3325//1349 3273//1349
f 3326//1350 3378//1350 3377//1350 3325//1350
f 3378//1351 3381//1351 3377//1351
f 2703//1352 2702//1352 2629//1352
f 2703//1353 2755//1353 2754//1353 2702//1353
f 2755//1354 2807//1354 2806//1354 2754//1354
f 2807//1355 2859//1355 2858//1355 2806//1355
f 2859//1356 2911//1356 2910//1356 2858//1356
f 2911//1357 2963//1357 2962//1357 2910//1357
f 2963//1358 3015//1358 3014//1358 2962//1358
f 3015//1359 3067//1359 3066//1359 3014//1359
f 3067//1360 3119//1360 3118//1360 3066//1360
f 3119//1361 3171//1361 3170//1361 3118//1361
f 3171//1362 3223//1362 3222//1362 3170//1362
f 3223//1363 3275//1363 3274//1363 3222//1363
f 3275//1364 3327//1364 3326//1364 3274//1364
f 3327//1365 3379//1365 3378//1365 3326//1365
f 3379//1366 3381//1366 3378//1366
f 2704//1367 2703//1367 2629//1367
f 2704//1368 2756//1368 2755//1368 2703//1368
f 2756//1369 2808//1369 2807//1369 2755//1369
f 2808//1370 2860//1370 2859//1370 2807//1370
f 2860//1371 2912//1371 2911//1371 2859//1371
f 2912//1372 2964//1372 2963//1372 2911//1372
f 2964//1373 3016//1373 3015//1373 2963//1373
f 3016//1374 3068//1374 3067//1374 3015//1374
f 3068//1375 3120//1375 3119//1375 3067//1375
f 3120//1376 3172//1376 3171//1376 3119//1376
f 3172//1377 3224//1377 3223//1377 3171//1377
f 3224//1378 3276//1378 3275//1378 3223//1378
f 3276//1379 3328//1379 3327//1379 3275//1379
f 3328//1380 3380//1380 3379//1380 3327//1380
f 3380//1381 3381//1381 3379//1381
f 2653//1382 2704//1382 2629//1382
f 2653//1383 2705//1383 2756//1383 2704//1383
f 2705//1384 2757//1384 2808//1384 2756//1384
f 2757//1385 2809//1385 2860//1385 2808//1385
f 2809//1386 2861//1386 2912//1386 2860//1386
f 2861//1387 2913//1387 2964//1387 2912//1387
f 2913//1388 2965//1388 3016//1388 2964//1388
f 2965//1389 3017//1389 3068//1389 3016//1389
f 3017//1390 3069//1390 3120//1390 3068//1390
f 3069//1391 3121//1391 3172//1391 3120//1391
f 3121//1392 3173//1392 3224//1392 3172//1392
f 3173//1393 3225//1393 3276//1393 3224//1393
f 3225//1394 3277//1394 3328//1394 3276//1394
f 3277//1395 3329//1395 3380//1395 3328//1395
f 3329//1396 3381//1396 3380//1396
f 3382//581 3403//581 3404//581 3381//581
f 3383//581 3402//581 3403//581 3382//581
f 3384//581 3401//581 3402//581 3383//581
f 3385//581 3400//581 3401//581 3384//581
f 3386//581 3399//581 3400//581 3385//581
f 3387//581 3398//581 3399//581 3386//581
f 3388//581 3397//581 3398//581 3387//581
f 3389//581 3396//581 3397//581 3388//581
f 3390//581 3395//581 3396//581 3389//581
f 3391//581 3394//581 3395//581 3390//581
f 3392//581 3393//581 3394//581 3391//581
f 2652//582 2651//582 2630//582 2629//582
f 2651//582 2650//582 2631//582 2630//582
f 2650//582 2649//582 2632//582 2631//582
f 2649//582 2648//582 2633//582 2632//582
f 2648//582 2647//582 2634//582 2633//582
f 2647//582 2646//582 2635//582 2634//582
f 2646//582 2645//582 2636//582 2635//582
f 2645//582 2644//582 2637//582 2636//582
f 2644//582 2643//582 2638//582 2637//582
f 2643//582 2642//582 2639//582 2638//582
f 2642//582 2641//582 2640//582 2639//582
f 2967//581 3406//581 3405//581 2966//581
f 3018//582 3415//582 3416//582 3019//582
f 2966//388 3405//388 3415//388 3018//388
f 2968//581 3407//581 3406//581 2967//581
f 3019//582 3416//582 3417//582 3020//582
f 2969//581 3408//581 3407//581 2968//581
f 3020//582 3417//582 3418//582 3021//582
f 2970//581 3409//581 3408//581 2969//581
f 3021//582 3418//582 3419//582 3022//582
f 2971//581 3410//581 3409//581 2970//581
f 3022//582 3419//582 3420//582 3023//582
f 2972//581 3411//581 3410//581 2971//581
f 3023//582 3420//582 3421//582 3024//582
f 2973//581 3412//581 3411//581 2972//581
f 3024//582 3421//582 3422//582 3025//582
f 2974//581 3413//581 3412//581 2973//581
f 3025//582 3422//582 3423//582 3026//582
f 2975//581 3414//581 3413//581 2974//581
f 3027//520 3424//520 3414//520 2975//520
f 3026//582 3423//582 3424//582 3027//582
f 3426//925 3450//925 3449//925 3425//925
f 3450//926 3502//926 3501//926 3449//926
f 3502//927 3554//927 3553//927 3501//927
f 3554//319 3606//319 3605//319 3553//319
f 3606//928 3658//928 3657//928 3605//928
f 3658//929 3710//929 3709//929 3657//929
f 3710//930 3762//930 3761//930 3709//930
f 3762//322 3814//322 3813//322 3761//322
f 3814//931 3866//931 3865//931 3813//931
f 3866//932 3918//932 3917//932 3865//932
f 3918//933 3970//933 3969//933 3917//933
f 3970//325 4022//325 4021//325 3969//325
f 4022//934 4074//934 4073//934 4021//934
f 4074//935 4126//935 4125//935 4073//935
f 4126//936 4178//936 4177//936 4125//936
f 3427//925 3451//925 3450//925 3426//925
f 3451//926 3503//926 3502//926 3450//926
f 3503//927 3555//927 3554//927 3502//927
f 3555//319 3607//319 3606//319 3554//319
f 3607//928 3659//928 3658//928 3606//928
f 3659//929 3711//929 3710//929 3658//929
f 3711//930 3763//930 3762//930 3710//930
f 4202//322 4212//322 4211//322 4201//322
f 3815//931 3867//931 3866//931 3814//931
f 3867//932 3919//932 3918//932 3866//932
f 3919//933 3971//933 3970//933 3918//933
f 3971//325 4023//325 4022//325 3970//325
f 4023//934 4075//934 4074//934 4022//934
f 4075//935 4127//935 4126//935 4074//935
f 4127//936 4179//936 4178//936 4126//936
f 3428//925 3452//925 3451//925 3427//925
f 3452//926 3504//926 3503//926 3451//926
f 3504//927 3556//927 3555//927 3503//927
f 3556//319 3608//319 3607//319 3555//319
f 3608//928 3660//928 3659//928 3607//928
f 3660//929 3712//929 3711//929 3659//929
f 3712//930 3764//930 3763//930 3711//930
f 4203//322 4213//322 4212//322 4202//322
f 3816//931 3868//931 3867//931 3815//931
f 3868//932 3920//932 3919//932 3867//932
f 3920//933 3972//933 3971//933 3919//933
f 3972//325 4024//325 4023//325 3971//325
f 4024//934 4076//934 4075//934 4023//934
f 4076//935 4128//935 4127//935 4075//935
f 4128//936 4180//936 4179//936 4127//936
f 3429//925 3453//925 3452//925 3428//925
f 3453//926 3505//926 3504//926 3452//926
f 3505//927 3557//927 3556//927 3504//927
f 3557//319 3609//319 3608//319 3556//319
f 3609//928 3661//928 3660//928 3608//928
f 3661//929 3713//929 3712//929 3660//929
f 3713//930 3765//930 3764//930 3712//930
f 4204//322 4214//322 4213//322 4203//322
f 3817//931 3869//931 3868//931 3816//931
f 3869//932 3921//932 3920//932 3868//932
f 3921//933 3973//933 3972//933 3920//933
f 3973//325 4025//325 4024//325 3972//325
f 4025//934 4077//934 4076//934 4024//934
f 4077//935 4129//935 4128//935 4076//935
f 4129//936 4181//936 4180//936 4128//936
f 3430//925 3454//925 3453//925 3429//925
f 3454//926 3506//926 3505//926 3453//926
f 3506//927 3558//927 3557//927 3505//927
f 3558//319 3610//319 3609//319 3557//319
f 3610//928 3662//928 3661//928 3609//928
f 3662//929 3714//929 3713//929 3661//929
f 3714//930 3766//930 3765//930 3713//930
f 4205//322 4215//322 4214//322 4204//322
f 3818//931 3870//931 3869//931 3817//931
f 3870//932 3922//932 3921//932 3869//932
f 3922//933 3974//933 3973//933 3921//933
f 3974//325 4026//325 4025//325 3973//325
f 4026//934 4078//934 4077//934 4025//934
f 4078//935 4130//935 4129//935 4077//935
f 4130//936 4182//936 4181//936 4129//936
f 3431//925 3455//925 3454//925 3430//925
f 3455//926 3507//926 3506//926 3454//926
f 3507//927 3559//927 3558//927 3506//927
f 3559//319 3611//319 3610//319 3558//319
f 3611//928 3663//928 3662//928 3610//928
f 3663//929 3715//929 3714//929 3662//929
f 3715//930 3767//930 3766//930 3714//930
f 4206//322 4216//322 4215//322 4205//322
f 3819//931 3871//931 3870//931 3818//931
f 3871//932 3923//932 3922//932 3870//932
f 3923//933 3975//933 3974//933 3922//933
f 3975//325 4027//325 4026//325 3974//325
f 4027//934 4079//934 4078//934 4026//934
f 4079//935 4131//935 4130//935 4078//935
f 4131//936 4183//936 4182//936 4130//936
f 3432//925 3456//925 3455//925 3431//925
f 3456//926 3508//926 3507//926 3455//926
f 3508//927 3560//927 3559//927 3507//927
f 3560//319 3612//319 3611//319 3559//319
f 3612//928 3664//928 3663//928 3611//928
f 3664//929 3716//929 3715//929 3663//929
f 3716//930 3768//930 3767//930 3715//930
f 4207//322 4217//322 4216//322 4206//322
f 3820//931 3872//931 3871//931 3819//931
f 3872//932 3924//932 3923//932 3871//932
f 3924//933 3976//933 3975//933 3923//933
f 3976//325 4028//325 4027//325 3975//325
f 4028//934 4080//934 4079//934 4027//934
f 4080//935 4132//935 4131//935 4079//935
f 4132//936 4184//936 4183//936 4131//936
f 3433//925 3457//925 3456//925 3432//925
f 3457//926 3509//926 3508//926 3456//926
f 3509//927 3561//927 3560//927 3508//927
f 3561//319 3613//319 3612//319 3560//319
f 3613//928 3665//928 3664//928 3612//928
f 3665//929 3717//929 3716//929 3664//929
f 3717//930 3769//930 3768//930 3716//930
f 4208//322 4218//322 4217//322 4207//322
f 3821//931 3873//931 3872//931 3820//931
f 3873//932 3925//932 3924//932 3872//932
f 3925//933 3977//933 3976//933 3924//933
f 3977//325 4029//325 4028//325 3976//325
f 4029//934 4081//934 4080//934 4028//934
f 4081//935 4133//935 4132//935 4080//935
f 4133//936 4185//936 4184//936 4132//936
f 3434//925 3458//925 3457//925 3433//925
f 3458//926 3510//926 3509//926 3457//926
f 3510//927 3562//927 3561//927 3509//927
f 3562//319 3614//319 3613//319 3561//319
f 3614//928 3666//928 3665//928 3613//928
f 3666//929 3718//929 3717//929 3665//929
f 3718//930 3770//930 3769//930 3717//930
f 4209//322 4219//322 4218//322 4208//322
f 3822//931 3874//931 3873//931 3821//931
f 3874//932 3926//932 3925//932 3873//932
f 3926//933 3978//933 3977//933 3925//933
f 3978//325 4030//325 4029//325 3977//325
f 4030//934 4082//934 4081//934 4029//934
f 4082//935 4134//935 4133//935 4081//935
f 4134//936 4186//936 4185//936 4133//936
f 3435//925 3459//925 3458//925 3434//925
f 3459//926 3511//926 3510//926 3458//926
f 3511//927 3563//927 3562//927 3510//927
f 3563//319 3615//319 3614//319 3562//319
f 3615//928 3667//928 3666//928 3614//928
f 3667//929 3719//929 3718//929 3666//929
f 3719//930 3771//930 3770//930 3718//930
f 4210//322 4220//322 4219//322 4209//322
f 3823//931 3875//931 3874//931 3822//931
f 3875//932 3927//932 3926//932 3874//932
f 3927//933 3979//933 3978//933 3926//933
f 3979//325 4031//325 4030//325 3978//325
f 4031//934 4083//934 4082//934 4030//934
f 4083//935 4135//935 4134//935 4082//935
f 4135//936 4187//936 4186//936 4134//936
f 3436//925 3460//925 3459//925 3435//925
f 3460//926 3512//926 3511//926 3459//926
f 3512//927 3564//927 3563//927 3511//927
f 3564//319 3616//319 3615//319 3563//319
f 3616//928 3668//928 3667//928 3615//928
f 3668//929 3720//929 3719//929 3667//929
f 3720//930 3772//930 3771//930 3719//930
f 3772//322 3824//322 3823//322 3771//322
f 3824//931 3876//931 3875//931 3823//931
f 3876//932 3928//932 3927//932 3875//932
f 3928//933 3980//933 3979//933 3927//933
f 3980//325 4032//325 4031//325 3979//325
f 4032//934 4084//934 4083//934 4031//934
f 4084//935 4136//935 4135//935 4083//935
f 4136//936 4188//936 4187//936 4135//936
f 3461//1397 3460//1397 3436//1397
f 3461//1398 3513//1398 3512//1398 3460//1398
f 3513//1399 3565//1399 3564//1399 3512//1399
f 3565//1400 3617//1400 3616//1400 3564//1400
f 3617//1401 3669//1401 3668//1401 3616//1401
f 3669//1402 3721//1402 3720//1402 3668//1402
f 3721//1403 3773//1403 3772//1403 3720//1403
f 3773//1404 3825//1404 3824//1404 3772//1404
f 3825//1405 3877//1405 3876//1405 3824//1405
f 3877//1406 3929//1406 3928//1406 3876//1406
f 3929//1407 3981//1407 3980//1407 3928//1407
f 3981//1408 4033//1408 4032//1408 3980//1408
f 4033//1409 4085//1409 4084//1409 4032//1409
f 4085//1410 4137//1410 4136//1410 4084//1410
f 4137//1411 4188//1411 4136//1411
f 3462//1412 3461//1412 3436//1412
f 3462//1413 3514//1413 3513//1413 3461//1413
f 3514//1414 3566//1414 3565//1414 3513//1414
f 3566//1415 3618//1415 3617//1415 3565//1415
f 3618//1416 3670//1416 3669//1416 3617//1416
f 3670//1417 3722//1417 3721//1417 3669//1417
f 3722//1418 3774//1418 3773//1418 3721//1418
f 3774//1419 3826//1419 3825//1419 3773//1419
f 3826//1420 3878//1420 3877//1420 3825//1420
f 3878//1421 3930//1421 3929//1421 3877//1421
f 3930//1422 3982//1422 3981//1422 3929//1422
f 3982//1423 4034//1423 4033//1423 3981//1423
f 4034//1424 4086//1424 4085//1424 4033//1424
f 4086//1425 4138//1425 4137//1425 4085//1425
f 4138//1426 4188//1426 4137//1426
f 3463//1427 3462//1427 3436//1427
f 3463//1428 3515//1428 3514//1428 3462//1428
f 3515//1429 3567//1429 3566//1429 3514//1429
f 3567//1430 3619//1430 3618//1430 3566//1430
f 3619//1431 3671//1431 3670//1431 3618//1431
f 3671//1432 3723//1432 3722//1432 3670//1432
f 3723//1433 3775//1433 3774//1433 3722//1433
f 3775//1434 3827//1434 3826//1434 3774//1434
f 3827//1435 3879//1435 3878//1435 3826//1435
f 3879//1436 3931//1436 3930//1436 3878//1436
f 3931//1437 3983//1437 3982//1437 3930//1437
f 3983//1438 4035//1438 4034//1438 3982//1438
f 4035//1439 4087//1439 4086//1439 4034//1439
f 4087//1440 4139//1440 4138//1440 4086//1440
f 4139//1441 4188//1441 4138//1441
f 3464//1442 3463//1442 3436//1442
f 3464//1443 3516//1443 3515//1443 3463//1443
f 3516//1444 3568//1444 3567//1444 3515//1444
f 3568//1445 3620//1445 3619//1445 3567//1445
f 3620//1446 3672//1446 3671//1446 3619//1446
f 3672//1447 3724//1447 3723//1447 3671//1447
f 3724//1448 3776//1448 3775//1448 3723//1448
f 3776//355 3828//355 3827//355 3775//355
f 3828//1449 3880//1449 3879//1449 3827//1449
f 3880//1450 3932//1450 3931//1450 3879//1450
f 3932//1451 3984//1451 3983//1451 3931//1451
f 3984//1452 4036//1452 4035//1452 3983//1452
f 4036//1453 4088//1453 4087//1453 4035//1453
f 4088//1454 4140//1454 4139//1454 4087//1454
f 4140//1455 4188//1455 4139//1455
f 3465//1456 3464//1456 3436//1456
f 3465//1457 3517//1457 3516//1457 3464//1457
f 3517//1458 3569//1458 3568//1458 3516//1458
f 3569//1459 3621//1459 3620//1459 3568//1459
f 3621//1460 3673//1460 3672//1460 3620//1460
f 3673//1461 3725//1461 3724//1461 3672//1461
f 3725//1462 3777//1462 3776//1462 3724//1462
f 3777//1463 3829//1463 3828//1463 3776//1463
f 3829//1464 3881//1464 3880//1464 3828//1464
f 3881//1465 3933//1465 3932//1465 3880//1465
f 3933//1466 3985//1466 3984//1466 3932//1466
f 3985//1467 4037//1467 4036//1467 3984//1467
f 4037//1468 4089//1468 4088//1468 4036//1468
f 4089//1469 4141//1469 4140//1469 4088//1469
f 4141//1470 4188//1470 4140//1470
f 3466//1471 3465//1471 3436//1471
f 3466//1472 3518//1472 3517//1472 3465//1472
f 3518//1473 3570//1473 3569//1473 3517//1473
f 3570//1474 3622//1474 3621//1474 3569//1474
f 3622//1475 3674//1475 3673//1475 3621//1475
f 3674//1476 3726//1476 3725//1476 3673//1476
f 3726//1477 3778//1477 3777//1477 3725//1477
f 3778//1478 3830//1478 3829//1478 3777//1478
f 3830//1479 3882//1479 3881//1479 3829//1479
f 3882//1480 3934//1480 3933//1480 3881//1480
f 3934//1481 3986//1481 3985//1481 3933//1481
f 3986//1482 4038//1482 4037//1482 3985//1482
f 4038//1483 4090//1483 4089//1483 4037//1483
f 4090//1484 4142//1484 4141//1484 4089//1484
f 4142//1485 4188//1485 4141//1485
f 3467//1486 3466//1486 3436//1486
f 3467//1487 3519//1487 3518//1487 3466//1487
f 3519//1488 3571//1488 3570//1488 3518//1488
f 3571//1489 3623//1489 3622//1489 3570//1489
f 3623//1490 3675//1490 3674//1490 3622//1490
f 3675//1491 3727//1491 3726//1491 3674//1491
f 3727//1492 3779//1492 3778//1492 3726//1492
f 3779//1493 3831//1493 3830//1493 3778//1493
f 3831//1494 3883//1494 3882//1494 3830//1494
f 3883//1495 3935//1495 3934//1495 3882//1495
f 3935//1496 3987//1496 3986//1496 3934//1496
f 3987//1497 4039//1497 4038//1497 3986//1497
f 4039//1498 4091//1498 4090//1498 4038//1498
f 4091//1499 4143//1499 4142//1499 4090//1499
f 4143//1500 4188//1500 4142//1500
f 3437//1501 3468//1501 3467//1501 3436//1501
f 3468//1502 3520//1502 3519//1502 3467//1502
f 3520//1503 3572//1503 3571//1503 3519//1503
f 3572//385 3624//385 3623//385 3571//385
f 3624//1504 3676//1504 3675//1504 3623//1504
f 3676//1505 3728//1505 3727//1505 3675//1505
f 3728//1506 3780//1506 3779//1506 3727//1506
f 3780//388 3832//388 3831//388 3779//388
f 3832//1507 3884//1507 3883//1507 3831//1507
f 3884//1508 3936//1508 3935//1508 3883//1508
f 3936//1509 3988//1509 3987//1509 3935//1509
f 3988//391 4040//391 4039//391 3987//391
f 4040//1510 4092//1510 4091//1510 4039//1510
f 4092//1511 4144//1511 4143//1511 4091//1511
f 4144//1512 4189//1512 4188//1512 4143//1512
f 3469//1513 3468//1513 3437//1513
f 3469//1514 3521//1514 3520//1514 3468//1514
f 3521//1515 3573//1515 3572//1515 3520//1515
f 3573//1516 3625//1516 3624//1516 3572//1516
f 3625//1517 3677//1517 3676//1517 3624//1517
f 3677//1518 3729//1518 3728//1518 3676//1518
f 3729//1519 3781//1519 3780//1519 3728//1519
f 3781//1520 3833//1520 3832//1520 3780//1520
f 3833//1521 3885//1521 3884//1521 3832//1521
f 3885//1522 3937//1522 3936//1522 3884//1522
f 3937//1523 3989//1523 3988//1523 3936//1523
f 3989//1524 4041//1524 4040//1524 3988//1524
f 4041//1525 4093//1525 4092//1525 4040//1525
f 4093//1526 4145//1526 4144//1526 4092//1526
f 4145//1527 4189//1527 4144//1527
f 3470//1528 3469//1528 3437//1528
f 3470//1529 3522//1529 3521//1529 3469//1529
f 3522//1530 3574//1530 3573//1530 3521//1530
f 3574//1531 3626//1531 3625//1531 3573//1531
f 3626//1532 3678//1532 3677//1532 3625//1532
f 3678//1533 3730//1533 3729//1533 3677//1533
f 3730//1534 3782//1534 3781//1534 3729//1534
f 3782//1535 3834//1535 3833//1535 3781//1535
f 3834//1536 3886//1536 3885//1536 3833//1536
f 3886//1537 3938//1537 3937//1537 3885//1537
f 3938//1538 3990//1538 3989//1538 3937//1538
f 3990//1539 4042//1539 4041//1539 3989//1539
f 4042//1540 4094//1540 4093//1540 4041//1540
f 4094//1541 4146//1541 4145//1541 4093//1541
f 4146//1542 4189//1542 4145//1542
f 3471//1543 3470//1543 3437//1543
f 3471//1544 3523//1544 3522//1544 3470//1544
f 3523//1545 3575//1545 3574//1545 3522//1545
f 3575//1546 3627//1546 3626//1546 3574//1546
f 3627//1547 3679//1547 3678//1547 3626//1547
f 3679//1548 3731//1548 3730//1548 3678//1548
f 3731//1549 3783//1549 3782//1549 3730//1549
f 3783//1550 3835//1550 3834//1550 3782//1550
f 3835//1551 3887//1551 3886//1551 3834//1551
f 3887//1552 3939//1552 3938//1552 3886//1552
f 3939//1553 3991//1553 3990//1553 3938//1553
f 3991//1554 4043//1554 4042//1554 3990//1554
f 4043//1555 4095//1555 4094//1555 4042//1555
f 4095//1556 4147//1556 4146//1556 4094//1556
f 4147//1557 4189//1557 4146//1557
f 3472//1558 3471//1558 3437//1558
f 3472//1559 3524//1559 3523//1559 3471//1559
f 3524//1560 3576//1560 3575//1560 3523//1560
f 3576//1561 3628//1561 3627//1561 3575//1561
f 3628//1562 3680//1562 3679//1562 3627//1562
f 3680//1563 3732//1563 3731//1563 3679//1563
f 3732//1564 3784//1564 3783//1564 3731//1564
f 3784//421 3836//421 3835//421 3783//421
f 3836//1565 3888//1565 3887//1565 3835//1565
f 3888//1566 3940//1566 3939//1566 3887//1566
f 3940//1567 3992//1567 3991//1567 3939//1567
f 3992//1568 4044//1568 4043//1568 3991//1568
f 4044//1569 4096//1569 4095//1569 4043//1569
f 4096//1570 4148//1570 4147//1570 4095//1570
f 4148//1571 4189//1571 4147//1571
f 3473//1572 3472//1572 3437//1572
f 3473//1573 3525//1573 3524//1573 3472//1573
f 3525//1574 3577//1574 3576//1574 3524//1574
f 3577//1575 3629//1575 3628//1575 3576//1575
f 3629//1576 3681//1576 3680//1576 3628//1576
f 3681//1577 3733//1577 3732//1577 3680//1577
f 3733//1578 3785//1578 3784//1578 3732//1578
f 3785//1579 3837//1579 3836//1579 3784//1579
f 3837//1580 3889//1580 3888//1580 3836//1580
f 3889//1581 3941//1581 3940//1581 3888//1581
f 3941//1582 3993//1582 3992//1582 3940//1582
f 3993//1583 4045//1583 4044//1583 3992//1583
f 4045//1584 4097//1584 4096//1584 4044//1584
f 4097//1585 4149//1585 4148//1585 4096//1585
f 4149//1586 4189//1586 4148//1586
f 3474//1587 3473//1587 3437//1587
f 3474//1588 3526//1588 3525//1588 3473//1588
f 3526//1589 3578//1589 3577//1589 3525//1589
f 3578//1590 3630//1590 3629//1590 3577//1590
f 3630//1591 3682//1591 3681//1591 3629//1591
f 3682//1592 3734//1592 3733//1592 3681//1592
f 3734//1593 3786//1593 3785//1593 3733//1593
f 3786//1594 3838//1594 3837//1594 3785//1594
f 3838//1595 3890//1595 3889//1595 3837//1595
f 3890//1596 3942//1596 3941//1596 3889//1596
f 3942//1597 3994//1597 3993//1597 3941//1597
f 3994//1598 4046//1598 4045//1598 3993//1598
f 4046//1599 4098//1599 4097//1599 4045//1599
f 4098//1600 4150//1600 4149//1600 4097//1600
f 4150//1601 4189//1601 4149//1601
f 3475//1602 3474//1602 3437//1602
f 3475//1603 3527//1603 3526//1603 3474//1603
f 3527//1604 3579//1604 3578//1604 3526//1604
f 3579//1605 3631//1605 3630//1605 3578//1605
f 3631//1606 3683//1606 3682//1606 3630//1606
f 3683//1607 3735//1607 3734//1607 3682//1607
f 3735//1608 3787//1608 3786//1608 3734//1608
f 3787//1609 3839//1609 3838//1609 3786//1609
f 3839//1610 3891//1610 3890//1610 3838//1610
f 3891//1611 3943//1611 3942//1611 3890//1611
f 3943//1612 3995//1612 3994//1612 3942//1612
f 3995//1613 4047//1613 4046//1613 3994//1613
f 4047//1614 4099//1614 4098//1614 4046//1614
f 4099//1615 4151//1615 4150//1615 4098//1615
f 4151//1616 4189//1616 4150//1616
f 3438//1161 3476//1161 3475//1161 3437//1161
f 3476//1162 3528//1162 3527//1162 3475//1162
f 3528//1163 3580//1163 3579//1163 3527//1163
f 3580//451 3632//451 3631//451 3579//451
f 3632//1164 3684//1164 3683//1164 3631//1164
f 3684//1165 3736//1165 3735//1165 3683//1165
f 3736//1166 3788//1166 3787//1166 3735//1166
f 3788//454 3840//454 3839//454 3787//454
f 3840//1167 3892//1167 3891//1167 3839//1167
f 3892//1168 3944//1168 3943//1168 3891//1168
f 3944//1169 3996//1169 3995//1169 3943//1169
f 3996//457 4048//457 4047//457 3995//457
f 4048//1170 4100//1170 4099//1170 4047//1170
f 4100//1171 4152//1171 4151//1171 4099//1171
f 4152//1172 4190//1172 4189//1172 4151//1172
f 3439//1161 3477//1161 3476//1161 3438//1161
f 3477//1162 3529//1162 3528//1162 3476//1162
f 3529//1163 3581//1163 3580//1163 3528//1163
f 3581//451 3633//451 3632//451 3580//451
f 3633//1164 3685//1164 3684//1164 3632//1164
f 3685//1165 3737//1165 3736//1165 3684//1165
f 3737//1166 3789//1166 3788//1166 3736//1166
f 3789//454 3841//454 3840//454 3788//454
f 3841//1167 3893//1167 3892//1167 3840//1167
f 3893//1168 3945//1168 3944//1168 3892//1168
f 3945//1169 3997//1169 3996//1169 3944//1169
f 3997//457 4049//457 4048//457 3996//457
f 4049//1170 4101//1170 4100//1170 4048//1170
f 4101//1171 4153//1171 4152//1171 4100//1171
f 4153//1172 4191//1172 4190//1172 4152//1172
f 3440//1161 3478//1161 3477//1161 3439//1161
f 3478//1162 3530//1162 3529//1162 3477//1162
f 3530//1163 3582//1163 3581//1163 3529//1163
f 3582//451 3634//451 3633//451 3581//451
f 3634//1164 3686//1164 3685//1164 3633//1164
f 3686//1165 3738//1165 3737//1165 3685//1165
f 3738//1166 3790//1166 3789//1166 3737//1166
f 3790//454 3842//454 3841//454 3789//454
f 3842//1167 3894//1167 3893//1167 3841//1167
f 3894//1168 3946//1168 3945//1168 3893//1168
f 3946//1169 3998//1169 3997//1169 3945//1169
f 3998//457 4050//457 4049//457 3997//457
f 4050//1170 4102//1170 4101//1170 4049//1170
f 4102//1171 4154//1171 4153//1171 4101//1171
f 4154//1172 4192//1172 4191//1172 4153//1172
f 3441//1161 3479//1161 3478//1161 3440//1161
f 3479//1162 3531//1162 3530//1162 3478//1162
f 3531//1163 3583//1163 3582//1163 3530//1163
f 3583//451 3635//451 3634//451 3582//451
f 3635//1164 3687//1164 3686//1164 3634//1164
f 3687//1165 3739//1165 3738//1165 3686//1165
f 3739//1166 3791//1166 3790//1166 3738//1166
f 3791//454 3843//454 3842//454 3790//454
f 3843//1167 3895//1167 3894//1167 3842//1167
f 3895//1168 3947//1168 3946//1168 3894//1168
f 3947//1169 3999//1169 3998//1169 3946//1169
f 3999//457 4051//457 4050//457 3998//457
f 4051//1170 4103//1170 4102//1170 4050//1170
f 4103//1171 4155//1171 4154//1171 4102//1171
f 4155//1172 4193//1172 4192//1172 4154//1172
f 3442//1161 3480//1161 3479//1161 3441//1161
f 3480//1162 3532//1162 3531//1162 3479//1162
f 3532//1163 3584//1163 3583//1163 3531//1163
f 3584//451 3636//451 3635//451 3583//451
f 3636//1164 3688//1164 3687//1164 3635//1164
f 3688//1165 3740//1165 3739//1165 3687//1165
f 3740//1166 3792//1166 3791//1166 3739//1166
f 3792//454 3844//454 3843//454 3791//454
f 3844//1167 3896//1167 3895//1167 3843//1167
f 3896//1168 3948//1168 3947//1168 3895//1168
f 3948//1169 4000//1169 3999//1169 3947//1169
f 4000//457 4052//457 4051//457 3999//457
f 4052//1170 4104//1170 4103//1170 4051//1170
f 4104//1171 4156//1171 4155//1171 4103//1171
f 4156//1172 4194//1172 4193//1172 4155//1172
f 3443//1161 3481//1161 3480//1161 3442//1161
f 3481//1162 3533//1162 3532//1162 3480//1162
f 3533//1163 3585//1163 3584//1163 3532//1163
f 3585//451 3637//451 3636//451 3584//451
f 3637//1164 3689//1164 3688//1164 3636//1164
f 3689//1165 3741//1165 3740//1165 3688//1165
f 3741//1166 3793//1166 3792//1166 3740//1166
f 3793//454 3845//454 3844//454 3792//454
f 3845//1167 3897//1167 3896//1167 3844//1167
f 3897//1168 3949//1168 3948//1168 3896//1168
f 3949//1169 4001//1169 4000//1169 3948//1169
f 4001//457 4053//457 4052//457 4000//457
f 4053//1170 4105//1170 4104//1170 4052//1170
f 4105//1171 4157//1171 4156//1171 4104//1171
f 4157//1172 4195//1172 4194//1172 4156//1172
f 3444//1161 3482//1161 3481//1161 3443//1161
f 3482//1162 3534//1162 3533//1162 3481//1162
f 3534//1163 3586//1163 3585//1163 3533//1163
f 3586//451 3638//451 3637//451 3585//451
f 3638//1164 3690//1164 3689//1164 3637//1164
f 3690//1165 3742//1165 3741//1165 3689//1165
f 3742//1166 3794//1166 3793//1166 3741//1166
f 3794//454 3846//454 3845//454 3793//454
f 3846//1167 3898//1167 3897//1167 3845//1167
f 3898//1168 3950//1168 3949//1168 3897//1168
f 3950//1169 4002//1169 4001//1169 3949//1169
f 4002//457 4054//457 4053//457 4001//457
f 4054//1170 4106//1170 4105//1170 4053//1170
f 4106//1171 4158//1171 4157//1171 4105//1171
f 4158//1172 4196//1172 4195//1172 4157//1172
f 3445//1161 3483//1161 3482//1161 3444//1161
f 3483//1162 3535//1162 3534//1162 3482//1162
f 3535//1163 3587//1163 3586//1163 3534//1163
f 3587//451 3639//451 3638//451 3586//451
f 3639//1164 3691//1164 3690//1164 3638//1164
f 3691//1165 3743//1165 3742//1165 3690//1165
f 3743//1166 3795//1166 3794//1166 3742//1166
f 3795//454 3847//454 3846//454 3794//454
f 3847//1167 3899//1167 3898//1167 3846//1167
f 3899//1168 3951//1168 3950//1168 3898//1168
f 3951//1169 4003//1169 4002//1169 3950//1169
f 4003//457 4055//457 4054//457 4002//457
f 4055//1170 4107//1170 4106//1170 4054//1170
f 4107//1171 4159//1171 4158//1171 4106//1171
f 4159//1172 4197//1172 4196//1172 4158//1172
f 3446//1161 3484//1161 3483//1161 3445//1161
f 3484//1162 3536//1162 3535//1162 3483//1162
f 3536//1163 3588//1163 3587//1163 3535//1163
f 3588//451 3640//451 3639//451 3587//451
f 3640//1164 3692//1164 3691//1164 3639//1164
f 3692//1165 3744//1165 3743//1165 3691//1165
f 3744//1166 3796//1166 3795//1166 3743//1166
f 3796//454 3848//454 3847//454 3795//454
f 3848//1167 3900//1167 3899//1167 3847//1167
f 3900//1168 3952//1168 3951//1168 3899//1168
f 3952//1169 4004//1169 4003//1169 3951//1169
f 4004//457 4056//457 4055//457 4003//457
f 4056//1170 4108//1170 4107//1170 4055//1170
f 4108//1171 4160//1171 4159//1171 4107//1171
f 4160//1172 4198//1172 4197//1172 4159//1172
f 3447//1161 3485//1161 3484//1161 3446//1161
f 3485//1162 3537//1162 3536//1162 3484//1162
f 3537//1163 3589//1163 3588//1163 3536//1163
f 3589//451 3641//451 3640//451 3588//451
f 3641//1164 3693//1164 3692//1164 3640//1164
f 3693//1165 3745//1165 3744//1165 3692//1165
f 3745//1166 3797//1166 3796//1166 3744//1166
f 3797//454 3849//454 3848//454 3796//454
f 3849//1167 3901//1167 3900//1167 3848//1167
f 3901//1168 3953//1168 3952//1168 3900//1168
f 3953//1169 4005//1169 4004//1169 3952//1169
f 4005//457 4057//457 4056//457 4004//457
f 4057//1170 4109//1170 4108//1170 4056//1170
f 4109//1171 4161//1171 4160//1171 4108//1171
f 4161//1172 4199//1172 4198//1172 4160//1172
f 3448//1161 3486//1161 3485//1161 3447//1161
f 3486//1162 3538//1162 3537//1162 3485//1162
f 3538//1163 3590//1163 3589//1163 3537//1163
f 3590//451 3642//451 3641//451 3589//451
f 3642//1164 3694//1164 3693//1164 3641//1164
f 3694//1165 3746//1165 3745//1165 3693//1165
f 3746//1166 3798//1166 3797//1166 3745//1166
f 3798//454 3850//454 3849//454 3797//454
f 3850//1167 3902//1167 3901//1167 3849//1167
f 3902//1168 3954//1168 3953//1168 3901//1168
f 3954//1169 4006//1169 4005//1169 3953//1169
f 4006//457 4058//457 4057//457 4005//457
f 4058//1170 4110//1170 4109//1170 4057//1170
f 4110//1171 4162//1171 4161//1171 4109//1171
f 4162//1172 4200//1172 4199//1172 4161//1172
f 3487//1617 3486//1617 3448//1617
f 3487//1618 3539//1618 3538//1618 3486//1618
f 3539//1619 3591//1619 3590//1619 3538//1619
f 3591//1620 3643//1620 3642//1620 3590//1620
f 3643//1621 3695//1621 3694//1621 3642//1621
f 3695//1622 3747//1622 3746//1622 3694//1622
f 3747//1623 3799//1623 3798//1623 3746//1623
f 3799//1624 3851//1624 3850//1624 3798//1624
f 3851//1625 3903//1625 3902//1625 3850//1625
f 3903//1626 3955//1626 3954//1626 3902//1626
f 3955//1627 4007//1627 4006//1627 3954//1627
f 4007//1628 4059//1628 4058//1628 4006//1628
f 4059//1629 4111//1629 4110//1629 4058//1629
f 4111//1630 4163//1630 4162//1630 4110//1630
f 4163//1631 4200//1631 4162//1631
f 3488//1632 3487//1632 3448//1632
f 3488//1633 3540//1633 3539//1633 3487//1633
f 3540//1634 3592//1634 3591//1634 3539//1634
f 3592//1635 3644//1635 3643//1635 3591//1635
f 3644//1636 3696//1636 3695//1636 3643//1636
f 3696//1637 3748//1637 3747//1637 3695//1637
f 3748//1638 3800//1638 3799//1638 3747//1638
f 3800//1639 3852//1639 3851//1639 3799//1639
f 3852//1640 3904//1640 3903//1640 3851//1640
f 3904//1641 3956//1641 3955//1641 3903//1641
f 3956//1642 4008//1642 4007//1642 3955//1642
f 4008//1643 4060//1643 4059//1643 4007//1643
f 4060//1644 4112//1644 4111//1644 4059//1644
f 4112//1645 4164//1645 4163//1645 4111//1645
f 4164//1646 4200//1646 4163//1646
f 3489//1647 3488//1647 3448//1647
f 3489//1648 3541//1648 3540//1648 3488//1648
f 3541//1649 3593//1649 3592//1649 3540//1649
f 3593//1650 3645//1650 3644//1650 3592//1650
f 3645//1651 3697//1651 3696//1651 3644//1651
f 3697//1652 3749//1652 3748//1652 3696//1652
f 3749//1653 3801//1653 3800//1653 3748//1653
f 3801//1654 3853//1654 3852//1654 3800//1654
f 3853//1655 3905//1655 3904//1655 3852//1655
f 3905//1656 3957//1656 3956//1656 3904//1656
f 3957//1657 4009//1657 4008//1657 3956//1657
f 4009//1658 4061//1658 4060//1658 4008//1658
f 4061//1659 4113//1659 4112//1659 4060//1659
f 4113//1660 4165//1660 4164//1660 4112//1660
f 4165//1661 4200//1661 4164//1661
f 3490//1662 3489//1662 3448//1662
f 3490//1663 3542//1663 3541//1663 3489//1663
f 3542//1664 3594//1664 3593//1664 3541//1664
f 3594//1665 3646//1665 3645//1665 3593//1665
f 3646//1666 3698//1666 3697//1666 3645//1666
f 3698//1667 3750//1667 3749//1667 3697//1667
f 3750//1668 3802//1668 3801//1668 3749//1668
f 3802//487 3854//487 3853//487 3801//487
f 3854//1669 3906//1669 3905//1669 3853//1669
f 3906//1670 3958//1670 3957//1670 3905//1670
f 3958//1671 4010//1671 4009//1671 3957//1671
f 4010//1672 4062//1672 4061//1672 4009//1672
f 4062//1673 4114//1673 4113//1673 4061//1673
f 4114//1674 4166//1674 4165//1674 4113//1674
f 4166//1675 4200//1675 4165//1675
f 3491//1676 3490//1676 3448//1676
f 3491//1677 3543//1677 3542//1677 3490//1677
f 3543//1678 3595//1678 3594//1678 3542//1678
f 3595//1679 3647//1679 3646//1679 3594//1679
f 3647//1680 3699//1680 3698//1680 3646//1680
f 3699//1681 3751//1681 3750//1681 3698//1681
f 3751//1682 3803//1682 3802//1682 3750//1682
f 3803//1683 3855//1683 3854//1683 3802//1683
f 3855//1684 3907//1684 3906//1684 3854//1684
f 3907//1685 3959//1685 3958//1685 3906//1685
f 3959//1686 4011//1686 4010//1686 3958//1686
f 4011//1687 4063//1687 4062//1687 4010//1687
f 4063//1688 4115//1688 4114//1688 4062//1688
f 4115//1689 4167//1689 4166//1689 4114//1689
f 4167//1690 4200//1690 4166//1690
f 3492//1691 3491//1691 3448//1691
f 3492//1692 3544//1692 3543//1692 3491//1692
f 3544//1693 3596//1693 3595//1693 3543//1693
f 3596//1694 3648//1694 3647//1694 3595//1694
f 3648//1695 3700//1695 3699//1695 3647//1695
f 3700//1696 3752//1696 3751//1696 3699//1696
f 3752//1697 3804//1697 3803//1697 3751//1697
f 3804//1698 3856//1698 3855//1698 3803//1698
f 3856//1699 3908//1699 3907//1699 3855//1699
f 3908//1700 3960//1700 3959//1700 3907//1700
f 3960//1701 4012//1701 4011//1701 3959//1701
f 4012//1702 4064//1702 4063//1702 4011//1702
f 4064//1703 4116//1703 4115//1703 4063//1703
f 4116//1704 4168//1704 4167//1704 4115//1704
f 4168//1705 4200//1705 4167//1705
f 3493//1706 3492//1706 3448//1706
f 3493//1707 3545//1707 3544//1707 3492//1707
f 3545//1708 3597//1708 3596//1708 3544//1708
f 3597//1709 3649//1709 3648//1709 3596//1709
f 3649//1710 3701//1710 3700//1710 3648//1710
f 3701//1711 3753//1711 3752//1711 3700//1711
f 3753//1712 3805//1712 3804//1712 3752//1712
f 3805//1713 3857//1713 3856//1713 3804//1713
f 3857//1714 3909//1714 3908//1714 3856//1714
f 3909//1715 3961//1715 3960//1715 3908//1715
f 3961//1716 4013//1716 4012//1716 3960//1716
f 4013//1717 4065//1717 4064//1717 4012//1717
f 4065//1718 4117//1718 4116//1718 4064//1718
f 4117//1719 4169//1719 4168//1719 4116//1719
f 4169//1720 4200//1720 4168//1720
f 3425//1721 3494//1721 3493//1721 3448//1721
f 3494//1722 3546//1722 3545//1722 3493//1722
f 3546//1723 3598//1723 3597//1723 3545//1723
f 3598//517 3650//517 3649//517 3597//517
f 3650//1724 3702//1724 3701//1724 3649//1724
f 3702//1725 3754//1725 3753//1725 3701//1725
f 3754//1726 3806//1726 3805//1726 3753//1726
f 3806//520 3858//520 3857//520 3805//520
f 3858//1727 3910//1727 3909//1727 3857//1727
f 3910//1728 3962//1728 3961//1728 3909//1728
f 3962//1729 4014//1729 4013//1729 3961//1729
f 4014//523 4066//523 4065//523 4013//523
f 4066//1730 4118//1730 4117//1730 4065//1730
f 4118//1731 4170//1731 4169//1731 4117//1731
f 4170//1732 4177//1732 4200//1732 4169//1732
f 3495//1733 3494//1733 3425//1733
f 3495//1734 3547//1734 3546//1734 3494//1734
f 3547//1735 3599//1735 3598//1735 3546//1735
f 3599//1736 3651//1736 3650//1736 3598//1736
f 3651//1737 3703//1737 3702//1737 3650//1737
f 3703//1738 3755//1738 3754//1738 3702//1738
f 3755//1739 3807//1739 3806//1739 3754//1739
f 3807//1740 3859//1740 3858//1740 3806//1740
f 3859//1741 3911//1741 3910//1741 3858//1741
f 3911//1742 3963//1742 3962//1742 3910//1742
f 3963//1743 4015//1743 4014//1743 3962//1743
f 4015//1744 4067//1744 4066//1744 4014//1744
f 4067//1745 4119//1745 4118//1745 4066//1745
f 4119//1746 4171//1746 4170//1746 4118//1746
f 4171//1747 4177//1747 4170//1747
f 3496//1748 3495//1748 3425//1748
f 3496//1749 3548//1749 3547//1749 3495//1749
f 3548//1750 3600//1750 3599//1750 3547//1750
f 3600//1751 3652//1751 3651//1751 3599//1751
f 3652//1752 3704//1752 3703//1752 3651//1752
f 3704//1753 3756//1753 3755//1753 3703//1753
f 3756//1754 3808//1754 3807//1754 3755//1754
f 3808//1755 3860//1755 3859//1755 3807//1755
f 3860//1756 3912//1756 3911//1756 3859//1756
f 3912//1757 3964//1757 3963//1757 3911//1757
f 3964//1758 4016//1758 4015//1758 3963//1758
f 4016//1759 4068//1759 4067//1759 4015//1759
f 4068//1760 4120//1760 4119//1760 4067//1760
f 4120//1761 4172//1761 4171//1761 4119//1761
f 4172//1762 4177//1762 4171//1762
f 3497//1763 3496//1763 3425//1763
f 3497//1764 3549//1764 3548//1764 3496//1764
f 3549//1765 3601//1765 3600//1765 3548//1765
f 3601//1766 3653//1766 3652//1766 3600//1766
f 3653//1767 3705//1767 3704//1767 3652//1767
f 3705//1768 3757//1768 3756//1768 3704//1768
f 3757//1769 3809//1769 3808//1769 3756//1769
f 3809//1770 3861//1770 3860//1770 3808//1770
f 3861//1771 3913//1771 3912//1771 3860//1771
f 3913//1772 3965//1772 3964//1772 3912//1772
f 3965//1773 4017//1773 4016//1773 3964//1773
f 4017//1774 4069//1774 4068//1774 4016//1774
f 4069//1775 4121//1775 4120//1775 4068//1775
f 4121//1776 4173//1776 4172//1776 4120//1776
f 4173//1777 4177//1777 4172//1777
f 3498//1778 3497//1778 3425//1778
f 3498//1779 3550//1779 3549//1779 3497//1779
f 3550//1780 3602//1780 3601//1780 3549//1780
f 3602//1781 3654//1781 3653//1781 3601//1781
f 3654//1782 3706//1782 3705//1782 3653//1782
f 3706//1783 3758//1783 3757//1783 3705//1783
f 3758//1784 3810//1784 3809//1784 3757//1784
f 3810//722 3862//722 3861//722 3809//722
f 3862//1785 3914//1785 3913//1785 3861//1785
f 3914//1786 3966//1786 3965//1786 3913//1786
f 3966//1787 4018//1787 4017//1787 3965//1787
f 4018//1788 4070//1788 4069//1788 4017//1788
f 4070//1789 4122//1789 4121//1789 4069//1789
f 4122//1790 4174//1790 4173//1790 4121//1790
f 4174//1791 4177//1791 4173//1791
f 3499//1792 3498//1792 3425//1792
f 3499//1793 3551//1793 3550//1793 3498//1793
f 3551//1794 3603//1794 3602//1794 3550//1794
f 3603//1795 3655//1795 3654//1795 3602//1795
f 3655//1796 3707//1796 3706//1796 3654//1796
f 3707//1797 3759//1797 3758//1797 3706//1797
f 3759//1798 3811//1798 3810//1798 3758//1798
f 3811//1799 3863//1799 3862//1799 3810//1799
f 3863//1800 3915//1800 3914//1800 3862//1800
f 3915//1801 3967//1801 3966//1801 3914//1801
f 3967//1802 4019//1802 4018//1802 3966//1802
f 4019//1803 4071//1803 4070//1803 4018//1803
f 4071//1804 4123//1804 4122//1804 4070//1804
f 4123//1805 4175//1805 4174//1805 4122//1805
f 4175//1806 4177//1806 4174//1806
f 3500//1807 3499//1807 3425//1807
f 3500//1808 3552//1808 3551//1808 3499//1808
f 3552//1809 3604//1809 3603//1809 3551//1809
f 3604//1810 3656//1810 3655//1810 3603//1810
f 3656//1811 3708//1811 3707//1811 3655//1811
f 3708//1812 3760//1812 3759//1812 3707//1812
f 3760//1813 3812//1813 3811//1813 3759//1813
f 3812//1814 3864//1814 3863//1814 3811//1814
f 3864//1815 3916//1815 3915//1815 3863//1815
f 3916//1816 3968//1816 3967//1816 3915//1816
f 3968//1817 4020//1817 4019//1817 3967//1817
f 4020//1818 4072//1818 4071//1818 4019//1818
f 4072//1819 4124//1819 4123//1819 4071//1819
f 4124//1820 4176//1820 4175//1820 4123//1820
f 4176//1821 4177//1821 4175//1821
f 3449//1822 3500//1822 3425//1822
f 3449//1823 3501//1823 3552//1823 3500//1823
f 3501//1824 3553//1824 3604//1824 3552//1824
f 3553//1825 3605//1825 3656//1825 3604//1825
f 3605//1826 3657//1826 3708//1826 3656//1826
f 3657//1827 3709//1827 3760//1827 3708//1827
f 3709//1828 3761//1828 3812//1828 3760//1828
f 3761//1829 3813//1829 3864//1829 3812//1829
f 3813//1830 3865//1830 3916//1830 3864//1830
f 3865//1831 3917//1831 3968//1831 3916//1831
f 3917//1832 3969//1832 4020//1832 3968//1832
f 3969//1833 4021//1833 4072//1833 4020//1833
f 4021//1834 4073//1834 4124//1834 4072//1834
f 4073//1835 4125//1835 4176//1835 4124//1835
f 4125//1836 4177//1836 4176//1836
f 4178//581 4199//581 4200//581 4177//581
f 4179//581 4198//581 4199//581 4178//581
f 4180//581 4197//581 4198//581 4179//581
f 4181//581 4196//581 4197//581 4180//581
f 4182//581 4195//581 4196//581 4181//581
f 4183//581 4194//581 4195//581 4182//581
f 4184//581 4193//581 4194//581 4183//581
f 4185//581 4192//581 4193//581 4184//581
f 4186//581 4191//581 4192//581 4185//581
f 4187//581 4190//581 4191//581 4186//581
f 4188//581 4189//581 4190//581 4187//581
f 3448//582 3447//582 3426//582 3425//582
f 3447//582 3446//582 3427//582 3426//582
f 3446//582 3445//582 3428//582 3427//582
f 3445//582 3444//582 3429//582 3428//582
f 3444//582 3443//582 3430//582 3429//582
f 3443//582 3442//582 3431//582 3430//582
f 3442//582 3441//582 3432//582 3431//582
f 3441//582 3440//582 3433//582 3432//582
f 3440//582 3439//582 3434//582 3433//582
f 3439//582 3438//582 3435//582 3434//582
f 3438//582 3437//582 3436//582 3435//582
f 3763//581 4202//581 4201//581 3762//581
f 3814//582 4211//582 4212//582 3815//582
f 3762//388 4201//388 4211//388 3814//388
f 3764//581 4203//581 4202//581 3763//581
f 3815//582 4212//582 4213//582 3816//582
f 3765//581 4204//581 4203//581 3764//581
f 3816//582 4213//582 4214//582 3817//582
f 3766//581 4205//581 4204//581 3765//581
f 3817//582 4214//582 4215//582 3818//582
f 3767//581 4206//581 4205//581 3766//581
f 3818//582 4215//582 4216//582 3819//582
f 3768//581 4207//581 4206//581 3767//581
f 3819//582 4216//582 4217//582 3820//582
f 3769//581 4208//581 4207//581 3768//581
f 3820//582 4217//582 4218//582 3821//582
f 3770//581 4209//581 4208//581 3769//581
f 3821//582 4218//582 4219//582 3822//582
f 3771//581 4210//581 4209//581 3770//581
f 3823//520 4220//520 4210//520 3771//520
f 3822//582 4219//582 4220//582 3823//582
